AscendC: [_ZN7AscendC5bcnt0Em] -> 0xffff94914c00
AscendC: [_ZN7AscendC5bcnt1Em] -> 0xffff94914c28
AscendC: [_ZN7AscendC18broadcast_ub_to_ccEPN7float165Fp16TES2_m] -> (nil)
AscendC: [_ZN7AscendC18broadcast_ub_to_ccEPN7float165Fp16TES2_hhhh] -> 0xffff949527e0
AscendC: [_ZN7AscendC18broadcast_ub_to_ccEPN7float165Fp16TES2_hhhhb] -> (nil)
AscendC: [_ZN7AscendC18broadcast_ub_to_ccEPfS0_m] -> (nil)
AscendC: [_ZN7AscendC18broadcast_ub_to_ccEPfS0_hhhh] -> 0xffff94952640
AscendC: [_ZN7AscendC18broadcast_ub_to_ccEPfS0_hhhhb] -> (nil)
AscendC: [_ZN7AscendC18broadcast_ub_to_ccEPfPN7float165Fp16TEm] -> (nil)
AscendC: [_ZN7AscendC18broadcast_ub_to_ccEPfPN7float165Fp16TEhhhh] -> 0xffff94952980
AscendC: [_ZN7AscendC18broadcast_ub_to_ccEPfPN7float165Fp16TEhhhhb] -> (nil)
AscendC: [_ZN7AscendC18broadcast_ub_to_ccEPiS0_m] -> (nil)
AscendC: [_ZN7AscendC18broadcast_ub_to_ccEPiS0_hhhh] -> 0xffff949524a0
AscendC: [_ZN7AscendC18broadcast_ub_to_ccEPiS0_hhhhb] -> (nil)
AscendC: [_ZN7AscendC3clzEm] -> 0xffff94914c50
AscendC: [_ZN7AscendC7col2imgEPN7float165Fp16TES2_mm] -> (nil)
AscendC: [_ZN7AscendC7col2imgEPN7float165Fp16TES2_shhshhhhhhhb] -> (nil)
AscendC: [_ZN7AscendC7col2imgEPfS0_mm] -> (nil)
AscendC: [_ZN7AscendC7col2imgEPfS0_shhshhhhhhhb] -> (nil)
AscendC: [_ZN7AscendC17compress_ub_to_gmEPhS0_S0_l] -> (nil)
AscendC: [_ZN7AscendC17compress_ub_to_gmEPhS0_S0_tbhh] -> (nil)
AscendC: [_ZN7AscendC17compress_ub_to_gmEPN7float165Fp16TES2_S2_l] -> (nil)
AscendC: [_ZN7AscendC17compress_ub_to_gmEPN7float165Fp16TES2_S2_tbhh] -> (nil)
AscendC: [_ZN7AscendC13conv_f322f16oEf] -> 0xffff949184f8
AscendC: [_ZN7AscendC13conv_f322s32aEf] -> 0xffff94918b88
AscendC: [_ZN7AscendC13conv_f322s32cEf] -> 0xffff94918f58
AscendC: [_ZN7AscendC13conv_f322s32fEf] -> 0xffff94919310
AscendC: [_ZN7AscendC13conv_f322s32rEf] -> 0xffff949196c8
AscendC: [_ZN7AscendC15copy_cbuf_to_btEmPvm] -> (nil)
AscendC: [_ZN7AscendC15copy_cbuf_to_btEmPvttttt] -> 0xffff94901aa0
AscendC: [_ZN7AscendC17copy_cbuf_to_fbufEPvS0_m] -> (nil)
AscendC: [_ZN7AscendC17copy_cbuf_to_fbufEPvS0_tttt] -> 0xffff948ff160
AscendC: [_ZN7AscendC15copy_cbuf_to_gmEPvS0_m] -> (nil)
AscendC: [_ZN7AscendC15copy_cbuf_to_gmEPvS0_htttt] -> 0xffff949018b8
AscendC: [_ZN7AscendC21copy_cbuf_to_gm_alignEPN7float165Fp16TES2_htjjj] -> (nil)
AscendC: [_ZN7AscendC21copy_cbuf_to_gm_alignEPfS0_htjjj] -> (nil)
AscendC: [_ZN7AscendC21copy_cbuf_to_gm_alignEPsS0_htjjj] -> (nil)
AscendC: [_ZN7AscendC21copy_cbuf_to_gm_alignEPiS0_htjjj] -> (nil)
AscendC: [_ZN7AscendC21copy_cbuf_to_gm_alignEPaS0_htjjj] -> (nil)
AscendC: [_ZN7AscendC21copy_cbuf_to_gm_alignEPtS0_htjjj] -> (nil)
AscendC: [_ZN7AscendC21copy_cbuf_to_gm_alignEPjS0_htjjj] -> (nil)
AscendC: [_ZN7AscendC21copy_cbuf_to_gm_alignEPhS0_htjjj] -> (nil)
AscendC: [_ZN7AscendC17copy_cbuf_to_ubufEPvS0_m] -> (nil)
AscendC: [_ZN7AscendC17copy_cbuf_to_ubufEPvS0_htttt] -> 0xffff94900d38
AscendC: [_ZN7AscendC25copy_depthwise_cc_to_ubufEPN7float165Fp16TES2_m10ConvRelu_t] -> (nil)
AscendC: [_ZN7AscendC25copy_depthwise_cc_to_ubufEPN7float165Fp16TES2_htttt10ConvRelu_t] -> 0xffff94901c98
AscendC: [_ZN7AscendC25copy_depthwise_cc_to_ubufEPfPN7float165Fp16TEm10ConvRelu_t] -> (nil)
AscendC: [_ZN7AscendC25copy_depthwise_cc_to_ubufEPfPN7float165Fp16TEhtttt10ConvRelu_t] -> 0xffff94901e98
AscendC: [_ZN7AscendC25copy_depthwise_cc_to_ubufEPN7float165Fp16TEPfm10ConvRelu_t] -> (nil)
AscendC: [_ZN7AscendC25copy_depthwise_cc_to_ubufEPN7float165Fp16TEPfhtttt10ConvRelu_t] -> 0xffff949020a8
AscendC: [_ZN7AscendC25copy_depthwise_cc_to_ubufEPfS0_m10ConvRelu_t] -> (nil)
AscendC: [_ZN7AscendC25copy_depthwise_cc_to_ubufEPfS0_htttt10ConvRelu_t] -> 0xffff949022b8
AscendC: [_ZN7AscendC15copy_gm_to_cbufEPvS0_m5pad_t] -> (nil)
AscendC: [_ZN7AscendC15copy_gm_to_cbufEPvS0_htttt5pad_t] -> 0xffff94900f20
AscendC: [_ZN7AscendC31copy_gm_to_cbuf_multi_nd2nz_b16EPN7float165Fp16TES2_mm] -> (nil)
AscendC: [_ZN7AscendC31copy_gm_to_cbuf_multi_nd2nz_b16EPN7float165Fp16TES2_htttttttt] -> 0xffff948fc018
AscendC: [_ZN7AscendC31copy_gm_to_cbuf_multi_nd2nz_b16EPN8bfloat165Bf16TES2_mm] -> (nil)
AscendC: [_ZN7AscendC31copy_gm_to_cbuf_multi_nd2nz_b16EPN8bfloat165Bf16TES2_htttttttt] -> 0xffff948fc9d0
AscendC: [_ZN7AscendC31copy_gm_to_cbuf_multi_nd2nz_b16EPsS0_mm] -> (nil)
AscendC: [_ZN7AscendC31copy_gm_to_cbuf_multi_nd2nz_b16EPsS0_htttttttt] -> 0xffff948fc350
AscendC: [_ZN7AscendC31copy_gm_to_cbuf_multi_nd2nz_b16EPtS0_mm] -> (nil)
AscendC: [_ZN7AscendC31copy_gm_to_cbuf_multi_nd2nz_b16EPtS0_htttttttt] -> 0xffff948fc690
AscendC: [_ZN7AscendC32copy_gm_to_cbuf_multi_nd2nz_b32sEPfS0_mm] -> (nil)
AscendC: [_ZN7AscendC32copy_gm_to_cbuf_multi_nd2nz_b32sEPfS0_htttttttt] -> 0xffff948fcd10
AscendC: [_ZN7AscendC32copy_gm_to_cbuf_multi_nd2nz_b32sEPiS0_mm] -> (nil)
AscendC: [_ZN7AscendC32copy_gm_to_cbuf_multi_nd2nz_b32sEPiS0_htttttttt] -> 0xffff948fd050
AscendC: [_ZN7AscendC32copy_gm_to_cbuf_multi_nd2nz_b32sEPjS0_mm] -> (nil)
AscendC: [_ZN7AscendC32copy_gm_to_cbuf_multi_nd2nz_b32sEPjS0_htttttttt] -> 0xffff948fd390
AscendC: [_ZN7AscendC30copy_gm_to_cbuf_multi_nd2nz_b8EPaS0_mm] -> (nil)
AscendC: [_ZN7AscendC30copy_gm_to_cbuf_multi_nd2nz_b8EPaS0_htttttttt] -> 0xffff948fd6d0
AscendC: [_ZN7AscendC30copy_gm_to_cbuf_multi_nd2nz_b8EPhS0_mm] -> (nil)
AscendC: [_ZN7AscendC30copy_gm_to_cbuf_multi_nd2nz_b8EPhS0_htttttttt] -> 0xffff948fda10
AscendC: [_ZN7AscendC15copy_gm_to_ubufEPvS0_m] -> (nil)
AscendC: [_ZN7AscendC15copy_gm_to_ubufEPvS0_htttt] -> 0xffff94901110
AscendC: [_ZN7AscendC25copy_gm_to_ubuf_align_b16EPvS0_mm] -> (nil)
AscendC: [_ZN7AscendC25copy_gm_to_ubuf_align_b16EPvS0_htjhhjj] -> 0xffff948ff9e0
AscendC: [_ZN7AscendC25copy_gm_to_ubuf_align_b32EPvS0_mm] -> (nil)
AscendC: [_ZN7AscendC25copy_gm_to_ubuf_align_b32EPvS0_htjhhjj] -> 0xffff948ffa40
AscendC: [_ZN7AscendC24copy_gm_to_ubuf_align_b8EPvS0_mm] -> (nil)
AscendC: [_ZN7AscendC24copy_gm_to_ubuf_align_b8EPvS0_htjhhjj] -> 0xffff948ff980
AscendC: [_ZN7AscendC21copy_gm_to_ubuf_alignEPaS0_htjhhjj] -> (nil)
AscendC: [_ZN7AscendC21copy_gm_to_ubuf_alignEPhS0_htjhhjj] -> (nil)
AscendC: [_ZN7AscendC21copy_gm_to_ubuf_alignEPsS0_htjhhjj] -> (nil)
AscendC: [_ZN7AscendC21copy_gm_to_ubuf_alignEPtS0_htjhhjj] -> (nil)
AscendC: [_ZN7AscendC21copy_gm_to_ubuf_alignEPN7float165Fp16TES2_htjhhjj] -> (nil)
AscendC: [_ZN7AscendC21copy_gm_to_ubuf_alignEPiS0_htjhhjj] -> (nil)
AscendC: [_ZN7AscendC21copy_gm_to_ubuf_alignEPjS0_htjhhjj] -> (nil)
AscendC: [_ZN7AscendC21copy_gm_to_ubuf_alignEPfS0_htjhhjj] -> (nil)
AscendC: [_ZN7AscendC23copy_gm_to_ubuf_pad_b16EPvS0_mm] -> (nil)
AscendC: [_ZN7AscendC23copy_gm_to_ubuf_pad_b16EPvS0_htttthh] -> (nil)
AscendC: [_ZN7AscendC23copy_gm_to_ubuf_pad_b32EPvS0_mm] -> (nil)
AscendC: [_ZN7AscendC23copy_gm_to_ubuf_pad_b32EPvS0_htttthh] -> (nil)
AscendC: [_ZN7AscendC22copy_gm_to_ubuf_pad_b8EPvS0_mm] -> (nil)
AscendC: [_ZN7AscendC22copy_gm_to_ubuf_pad_b8EPvS0_htttthh] -> (nil)
AscendC: [_ZN7AscendC22copy_matrix_cbuf_to_ccEPN7float165Fp16TES2_m] -> (nil)
AscendC: [_ZN7AscendC22copy_matrix_cbuf_to_ccEPN7float165Fp16TES2_tttt] -> 0xffff94906140
AscendC: [_ZN7AscendC22copy_matrix_cbuf_to_ccEPN7float165Fp16TEPfm] -> (nil)
AscendC: [_ZN7AscendC22copy_matrix_cbuf_to_ccEPN7float165Fp16TEPftttt] -> 0xffff94906338
AscendC: [_ZN7AscendC22copy_matrix_cbuf_to_ccEPN8bfloat165Bf16TES2_m] -> (nil)
AscendC: [_ZN7AscendC22copy_matrix_cbuf_to_ccEPN8bfloat165Bf16TES2_tttt] -> 0xffff94905d48
AscendC: [_ZN7AscendC22copy_matrix_cbuf_to_ccEPN8bfloat165Bf16TEPfm] -> (nil)
AscendC: [_ZN7AscendC22copy_matrix_cbuf_to_ccEPN8bfloat165Bf16TEPftttt] -> 0xffff94905f40
AscendC: [_ZN7AscendC22copy_matrix_cbuf_to_ccEPfS0_m] -> (nil)
AscendC: [_ZN7AscendC22copy_matrix_cbuf_to_ccEPfS0_tttt] -> 0xffff94906538
AscendC: [_ZN7AscendC22copy_matrix_cbuf_to_ccEPiS0_m] -> (nil)
AscendC: [_ZN7AscendC22copy_matrix_cbuf_to_ccEPiS0_tttt] -> 0xffff94906730
AscendC: [_ZN7AscendC22copy_matrix_cbuf_to_ccEPjS0_m] -> (nil)
AscendC: [_ZN7AscendC22copy_matrix_cbuf_to_ccEPjS0_tttt] -> 0xffff94906928
AscendC: [_ZN7AscendC22copy_matrix_cc_to_cbufEPN7float165Fp16TEPfmm] -> (nil)
AscendC: [_ZN7AscendC22copy_matrix_cc_to_cbufEPN7float165Fp16TEPfhttjthh11QuantMode_thbbb] -> (nil)
AscendC: [_ZN7AscendC22copy_matrix_cc_to_cbufEPN7float165Fp16TEPfhttjthh11QuantMode_thbb14QuantMode_posthbhhb] -> (nil)
AscendC: [_ZN7AscendC22copy_matrix_cc_to_cbufEPN7float165Fp16TEPfhttjth11QuantMode_thbb] -> 0xffff94948e98
AscendC: [_ZN7AscendC22copy_matrix_cc_to_cbufEPN8bfloat165Bf16TEPfhttjth11QuantMode_thbb] -> 0xffff94948898
AscendC: [_ZN7AscendC22copy_matrix_cc_to_cbufEPN8bfloat165Bf16TEPfhttjthh11QuantMode_thbbb] -> (nil)
AscendC: [_ZN7AscendC22copy_matrix_cc_to_cbufEPfS0_mm] -> (nil)
AscendC: [_ZN7AscendC22copy_matrix_cc_to_cbufEPaPfmm] -> (nil)
AscendC: [_ZN7AscendC22copy_matrix_cc_to_cbufEPaPfhttjthh11QuantMode_thbbb] -> (nil)
AscendC: [_ZN7AscendC22copy_matrix_cc_to_cbufEPaPfhttjthh11QuantMode_thbb14QuantMode_posthbhhb] -> (nil)
AscendC: [_ZN7AscendC22copy_matrix_cc_to_cbufEPaPfhttjth11QuantMode_thbb] -> 0xffff949494b8
AscendC: [_ZN7AscendC22copy_matrix_cc_to_cbufEPhPfmm] -> (nil)
AscendC: [_ZN7AscendC22copy_matrix_cc_to_cbufEPhPfhttjthh11QuantMode_thbbb] -> (nil)
AscendC: [_ZN7AscendC22copy_matrix_cc_to_cbufEPhPfhttjthh11QuantMode_thbb14QuantMode_posthbhhb] -> (nil)
AscendC: [_ZN7AscendC22copy_matrix_cc_to_cbufEPfS0_httjthh11QuantMode_thbbb] -> (nil)
AscendC: [_ZN7AscendC22copy_matrix_cc_to_cbufEPfS0_httjthh11QuantMode_thbb14QuantMode_posthbhhb] -> (nil)
AscendC: [_ZN7AscendC22copy_matrix_cc_to_cbufEPiS0_mm] -> (nil)
AscendC: [_ZN7AscendC22copy_matrix_cc_to_cbufEPN7float165Fp16TEPimm] -> (nil)
AscendC: [_ZN7AscendC22copy_matrix_cc_to_cbufEPN7float165Fp16TEPihttjthh11QuantMode_thbbb] -> (nil)
AscendC: [_ZN7AscendC22copy_matrix_cc_to_cbufEPN7float165Fp16TEPihttjthh11QuantMode_thbb14QuantMode_posthbhhb] -> (nil)
AscendC: [_ZN7AscendC22copy_matrix_cc_to_cbufEPN7float165Fp16TEPihttjth11QuantMode_thbb] -> 0xffff949491a8
AscendC: [_ZN7AscendC22copy_matrix_cc_to_cbufEPsPimm] -> (nil)
AscendC: [_ZN7AscendC22copy_matrix_cc_to_cbufEPsPihttjth11QuantMode_thbb] -> (nil)
AscendC: [_ZN7AscendC22copy_matrix_cc_to_cbufEPaPimm] -> (nil)
AscendC: [_ZN7AscendC22copy_matrix_cc_to_cbufEPaPihttjthh11QuantMode_thbbb] -> (nil)
AscendC: [_ZN7AscendC22copy_matrix_cc_to_cbufEPaPihttjthh11QuantMode_thbb14QuantMode_posthbhhb] -> (nil)
AscendC: [_ZN7AscendC22copy_matrix_cc_to_cbufEPaPihttjth11QuantMode_thbb] -> 0xffff949497c8
AscendC: [_ZN7AscendC22copy_matrix_cc_to_cbufEPhPimm] -> (nil)
AscendC: [_ZN7AscendC22copy_matrix_cc_to_cbufEPhPihttjthh11QuantMode_thbbb] -> (nil)
AscendC: [_ZN7AscendC22copy_matrix_cc_to_cbufEPhPihttjthh11QuantMode_thbb14QuantMode_posthbhhb] -> (nil)
AscendC: [_ZN7AscendC22copy_matrix_cc_to_cbufEPhPihttjth11QuantMode_thbb] -> 0xffff94949de8
AscendC: [_ZN7AscendC22copy_matrix_cc_to_cbufEPiS0_httjthh11QuantMode_thbbb] -> (nil)
AscendC: [_ZN7AscendC22copy_matrix_cc_to_cbufEPiS0_httjthh11QuantMode_thbb14QuantMode_posthbhhb] -> (nil)
AscendC: [_ZN7AscendC25copy_matrix_cc_to_cbuf_b4EPvPfmm] -> (nil)
AscendC: [_ZN7AscendC25copy_matrix_cc_to_cbuf_b4EPvPfhttjth11QuantMode_thbb] -> (nil)
AscendC: [_ZN7AscendC25copy_matrix_cc_to_cbuf_b4EPvPimm] -> (nil)
AscendC: [_ZN7AscendC25copy_matrix_cc_to_cbuf_b4EPvPihttjth11QuantMode_thbb] -> (nil)
AscendC: [_ZN7AscendC27copy_matrix_cc_to_cbuf_bf16EPtPfmm] -> (nil)
AscendC: [_ZN7AscendC27copy_matrix_cc_to_cbuf_bf16EPtPfhttjthh11QuantMode_thbbb] -> (nil)
AscendC: [_ZN7AscendC27copy_matrix_cc_to_cbuf_bf16EPtPfhttjthh11QuantMode_thbb14QuantMode_posthbhhb] -> (nil)
AscendC: [_ZN7AscendC27copy_matrix_cc_to_cbuf_bf16EPtPfhttjth11QuantMode_thbb] -> (nil)
AscendC: [_ZN7AscendC25copy_matrix_cc_to_cbuf_s4EPvPfmm] -> (nil)
AscendC: [_ZN7AscendC25copy_matrix_cc_to_cbuf_s4EPvPfhttjthh11QuantMode_thbbb] -> (nil)
AscendC: [_ZN7AscendC25copy_matrix_cc_to_cbuf_s4EPvPfhttjthh11QuantMode_thbb14QuantMode_posthbhhb] -> (nil)
AscendC: [_ZN7AscendC25copy_matrix_cc_to_cbuf_s4EPvPimm] -> (nil)
AscendC: [_ZN7AscendC25copy_matrix_cc_to_cbuf_s4EPvPihttjthh11QuantMode_thbbb] -> (nil)
AscendC: [_ZN7AscendC25copy_matrix_cc_to_cbuf_s4EPvPihttjthh11QuantMode_thbb14QuantMode_posthbhhb] -> (nil)
AscendC: [_ZN7AscendC20copy_matrix_cc_to_gmEPN7float165Fp16TEPfmm] -> (nil)
AscendC: [_ZN7AscendC20copy_matrix_cc_to_gmEPN7float165Fp16TEPfhttjthh11QuantMode_thbbb] -> (nil)
AscendC: [_ZN7AscendC20copy_matrix_cc_to_gmEPN7float165Fp16TEPfhttjthh11QuantMode_thbb14QuantMode_posthbhhb] -> (nil)
AscendC: [_ZN7AscendC20copy_matrix_cc_to_gmEPN7float165Fp16TEPfhttjth11QuantMode_thbb] -> 0xffff94949028
AscendC: [_ZN7AscendC20copy_matrix_cc_to_gmEPfS0_mm] -> (nil)
AscendC: [_ZN7AscendC20copy_matrix_cc_to_gmEPaPfmm] -> (nil)
AscendC: [_ZN7AscendC20copy_matrix_cc_to_gmEPaPfhttjthh11QuantMode_thbbb] -> (nil)
AscendC: [_ZN7AscendC20copy_matrix_cc_to_gmEPaPfhttjthh11QuantMode_thbb14QuantMode_posthbhhb] -> (nil)
AscendC: [_ZN7AscendC20copy_matrix_cc_to_gmEPaPfhttjth11QuantMode_thbb] -> 0xffff94949648
AscendC: [_ZN7AscendC20copy_matrix_cc_to_gmEPhPfmm] -> (nil)
AscendC: [_ZN7AscendC20copy_matrix_cc_to_gmEPhPfhttjthh11QuantMode_thbbb] -> (nil)
AscendC: [_ZN7AscendC20copy_matrix_cc_to_gmEPhPfhttjthh11QuantMode_thbb14QuantMode_posthbhhb] -> (nil)
AscendC: [_ZN7AscendC20copy_matrix_cc_to_gmEPhPfhttjth11QuantMode_thbb] -> 0xffff94949c68
AscendC: [_ZN7AscendC20copy_matrix_cc_to_gmEPfS0_httjthh11QuantMode_thbbb] -> (nil)
AscendC: [_ZN7AscendC20copy_matrix_cc_to_gmEPfS0_httjthh11QuantMode_thbb14QuantMode_posthbhhb] -> (nil)
AscendC: [_ZN7AscendC20copy_matrix_cc_to_gmEPfS0_httjth11QuantMode_thbb] -> 0xffff94948ba8
AscendC: [_ZN7AscendC20copy_matrix_cc_to_gmEPiS0_mm] -> (nil)
AscendC: [_ZN7AscendC20copy_matrix_cc_to_gmEPN7float165Fp16TEPimm] -> (nil)
AscendC: [_ZN7AscendC20copy_matrix_cc_to_gmEPN7float165Fp16TEPihttjthh11QuantMode_thbbb] -> (nil)
AscendC: [_ZN7AscendC20copy_matrix_cc_to_gmEPN7float165Fp16TEPihttjthh11QuantMode_thbb14QuantMode_posthbhhb] -> (nil)
AscendC: [_ZN7AscendC20copy_matrix_cc_to_gmEPN7float165Fp16TEPihttjth11QuantMode_thbb] -> 0xffff94949338
AscendC: [_ZN7AscendC20copy_matrix_cc_to_gmEPsPimm] -> (nil)
AscendC: [_ZN7AscendC20copy_matrix_cc_to_gmEPsPihttjth11QuantMode_thbb] -> (nil)
AscendC: [_ZN7AscendC20copy_matrix_cc_to_gmEPaPimm] -> (nil)
AscendC: [_ZN7AscendC20copy_matrix_cc_to_gmEPaPihttjthh11QuantMode_thbbb] -> (nil)
AscendC: [_ZN7AscendC20copy_matrix_cc_to_gmEPaPihttjthh11QuantMode_thbb14QuantMode_posthbhhb] -> (nil)
AscendC: [_ZN7AscendC20copy_matrix_cc_to_gmEPaPihttjth11QuantMode_thbb] -> 0xffff94949958
AscendC: [_ZN7AscendC20copy_matrix_cc_to_gmEPhPimm] -> (nil)
AscendC: [_ZN7AscendC20copy_matrix_cc_to_gmEPhPihttjthh11QuantMode_thbbb] -> (nil)
AscendC: [_ZN7AscendC20copy_matrix_cc_to_gmEPhPihttjthh11QuantMode_thbb14QuantMode_posthbhhb] -> (nil)
AscendC: [_ZN7AscendC20copy_matrix_cc_to_gmEPhPihttjth11QuantMode_thbb] -> 0xffff94949f78
AscendC: [_ZN7AscendC20copy_matrix_cc_to_gmEPiS0_httjthh11QuantMode_thbbb] -> (nil)
AscendC: [_ZN7AscendC20copy_matrix_cc_to_gmEPiS0_httjthh11QuantMode_thbb14QuantMode_posthbhhb] -> (nil)
AscendC: [_ZN7AscendC20copy_matrix_cc_to_gmEPiS0_httjth11QuantMode_thbb] -> 0xffff94948d20
AscendC: [_ZN7AscendC20copy_matrix_cc_to_gmEPN8bfloat165Bf16TEPfhttjth11QuantMode_thbb] -> 0xffff94948a28
AscendC: [_ZN7AscendC20copy_matrix_cc_to_gmEPN8bfloat165Bf16TEPfhttjthh11QuantMode_thbbb] -> (nil)
AscendC: [_ZN7AscendC23copy_matrix_cc_to_gm_b4EPvPfmm] -> (nil)
AscendC: [_ZN7AscendC23copy_matrix_cc_to_gm_b4EPvPfhttjth11QuantMode_thbb] -> (nil)
AscendC: [_ZN7AscendC23copy_matrix_cc_to_gm_b4EPvPimm] -> (nil)
AscendC: [_ZN7AscendC23copy_matrix_cc_to_gm_b4EPvPihttjth11QuantMode_thbb] -> (nil)
AscendC: [_ZN7AscendC25copy_matrix_cc_to_gm_bf16EPtPfmm] -> (nil)
AscendC: [_ZN7AscendC25copy_matrix_cc_to_gm_bf16EPtPfhttjthh11QuantMode_thbbb] -> (nil)
AscendC: [_ZN7AscendC25copy_matrix_cc_to_gm_bf16EPtPfhttjthh11QuantMode_thbb14QuantMode_posthbhhb] -> (nil)
AscendC: [_ZN7AscendC25copy_matrix_cc_to_gm_bf16EPtPfhttjth11QuantMode_thbb] -> (nil)
AscendC: [_ZN7AscendC23copy_matrix_cc_to_gm_s4EPvPfmm] -> (nil)
AscendC: [_ZN7AscendC23copy_matrix_cc_to_gm_s4EPvPfhttjthh11QuantMode_thbbb] -> (nil)
AscendC: [_ZN7AscendC23copy_matrix_cc_to_gm_s4EPvPfhttjthh11QuantMode_thbb14QuantMode_posthbhhb] -> (nil)
AscendC: [_ZN7AscendC23copy_matrix_cc_to_gm_s4EPvPimm] -> (nil)
AscendC: [_ZN7AscendC23copy_matrix_cc_to_gm_s4EPvPihttjthh11QuantMode_thbbb] -> (nil)
AscendC: [_ZN7AscendC23copy_matrix_cc_to_gm_s4EPvPihttjthh11QuantMode_thbb14QuantMode_posthbhhb] -> (nil)
AscendC: [_ZN7AscendC20copy_matrix_cc_to_ubEPN7float165Fp16TEPfmm] -> (nil)
AscendC: [_ZN7AscendC20copy_matrix_cc_to_ubEPN7float165Fp16TEPfhttjthh11QuantMode_thbbb] -> (nil)
AscendC: [_ZN7AscendC20copy_matrix_cc_to_ubEPN8bfloat165Bf16TEPfhttjthh11QuantMode_thbbb] -> (nil)
AscendC: [_ZN7AscendC20copy_matrix_cc_to_ubEPN7float165Fp16TEPfhttjthh11QuantMode_thbb14QuantMode_posthbhhb] -> (nil)
AscendC: [_ZN7AscendC20copy_matrix_cc_to_ubEPaPfmm] -> (nil)
AscendC: [_ZN7AscendC20copy_matrix_cc_to_ubEPaPfhttjthh11QuantMode_thbbb] -> (nil)
AscendC: [_ZN7AscendC20copy_matrix_cc_to_ubEPaPfhttjthh11QuantMode_thbb14QuantMode_posthbhhb] -> (nil)
AscendC: [_ZN7AscendC20copy_matrix_cc_to_ubEPhPfmm] -> (nil)
AscendC: [_ZN7AscendC20copy_matrix_cc_to_ubEPhPfhttjthh11QuantMode_thbbb] -> (nil)
AscendC: [_ZN7AscendC20copy_matrix_cc_to_ubEPhPfhttjthh11QuantMode_thbb14QuantMode_posthbhhb] -> (nil)
AscendC: [_ZN7AscendC20copy_matrix_cc_to_ubEPfS0_mm] -> (nil)
AscendC: [_ZN7AscendC20copy_matrix_cc_to_ubEPfS0_httjthh11QuantMode_thbbb] -> (nil)
AscendC: [_ZN7AscendC20copy_matrix_cc_to_ubEPfS0_httjthh11QuantMode_thbb14QuantMode_posthbhhb] -> (nil)
AscendC: [_ZN7AscendC20copy_matrix_cc_to_ubEPN7float165Fp16TEPimm] -> (nil)
AscendC: [_ZN7AscendC20copy_matrix_cc_to_ubEPN7float165Fp16TEPihttjthh11QuantMode_thbbb] -> (nil)
AscendC: [_ZN7AscendC20copy_matrix_cc_to_ubEPN7float165Fp16TEPihttjthh11QuantMode_thbb14QuantMode_posthbhhb] -> (nil)
AscendC: [_ZN7AscendC20copy_matrix_cc_to_ubEPaPimm] -> (nil)
AscendC: [_ZN7AscendC20copy_matrix_cc_to_ubEPaPihttjthh11QuantMode_thbbb] -> (nil)
AscendC: [_ZN7AscendC20copy_matrix_cc_to_ubEPaPihttjthh11QuantMode_thbb14QuantMode_posthbhhb] -> (nil)
AscendC: [_ZN7AscendC20copy_matrix_cc_to_ubEPhPimm] -> (nil)
AscendC: [_ZN7AscendC20copy_matrix_cc_to_ubEPhPihttjthh11QuantMode_thbbb] -> (nil)
AscendC: [_ZN7AscendC20copy_matrix_cc_to_ubEPhPihttjthh11QuantMode_thbb14QuantMode_posthbhhb] -> (nil)
AscendC: [_ZN7AscendC20copy_matrix_cc_to_ubEPiS0_mm] -> (nil)
AscendC: [_ZN7AscendC20copy_matrix_cc_to_ubEPiS0_httjthh11QuantMode_thbbb] -> (nil)
AscendC: [_ZN7AscendC20copy_matrix_cc_to_ubEPiS0_httjthh11QuantMode_thbb14QuantMode_posthbhhb] -> (nil)
AscendC: [_ZN7AscendC25copy_matrix_cc_to_ub_bf16EPtPfmm] -> (nil)
AscendC: [_ZN7AscendC25copy_matrix_cc_to_ub_bf16EPtPfhttjthh11QuantMode_thbbb] -> (nil)
AscendC: [_ZN7AscendC25copy_matrix_cc_to_ub_bf16EPtPfhttjthh11QuantMode_thbb14QuantMode_posthbhhb] -> (nil)
AscendC: [_ZN7AscendC23copy_matrix_cc_to_ub_s4EPvPfmm] -> (nil)
AscendC: [_ZN7AscendC23copy_matrix_cc_to_ub_s4EPvPfhttjthh11QuantMode_thbbb] -> (nil)
AscendC: [_ZN7AscendC23copy_matrix_cc_to_ub_s4EPvPfhttjthh11QuantMode_thbb14QuantMode_posthbhhb] -> (nil)
AscendC: [_ZN7AscendC23copy_matrix_cc_to_ub_s4EPvPimm] -> (nil)
AscendC: [_ZN7AscendC23copy_matrix_cc_to_ub_s4EPvPihttjthh11QuantMode_thbbb] -> (nil)
AscendC: [_ZN7AscendC23copy_matrix_cc_to_ub_s4EPvPihttjthh11QuantMode_thbb14QuantMode_posthbhhb] -> (nil)
AscendC: [_ZN7AscendC22copy_matrix_cc_to_ubufEPN7float165Fp16TES2_m10ConvRelu_t] -> (nil)
AscendC: [_ZN7AscendC22copy_matrix_cc_to_ubufEPN7float165Fp16TES2_htttt10ConvRelu_t] -> 0xffff949024b8
AscendC: [_ZN7AscendC22copy_matrix_cc_to_ubufEPN7float165Fp16TEPfm10ConvRelu_t] -> (nil)
AscendC: [_ZN7AscendC22copy_matrix_cc_to_ubufEPN7float165Fp16TEPfhtttt10ConvRelu_t] -> 0xffff949026b8
AscendC: [_ZN7AscendC22copy_matrix_cc_to_ubufEPfS0_m10ConvRelu_t] -> (nil)
AscendC: [_ZN7AscendC22copy_matrix_cc_to_ubufEPfS0_htttt10ConvRelu_t] -> 0xffff949028c0
AscendC: [_ZN7AscendC22copy_matrix_cc_to_ubufEPN7float165Fp16TEPim10ConvRelu_t] -> (nil)
AscendC: [_ZN7AscendC22copy_matrix_cc_to_ubufEPN7float165Fp16TEPihtttt10ConvRelu_t] -> 0xffff94902ac0
AscendC: [_ZN7AscendC22copy_matrix_cc_to_ubufEPsPim10ConvRelu_t] -> (nil)
AscendC: [_ZN7AscendC22copy_matrix_cc_to_ubufEPsPihtttt10ConvRelu_t] -> 0xffff94902cc8
AscendC: [_ZN7AscendC22copy_matrix_cc_to_ubufEPiS0_m10ConvRelu_t] -> (nil)
AscendC: [_ZN7AscendC22copy_matrix_cc_to_ubufEPiS0_htttt10ConvRelu_t] -> 0xffff94902ed0
AscendC: [_ZN7AscendC22copy_matrix_cc_to_ubufEPaPim10ConvRelu_t] -> (nil)
AscendC: [_ZN7AscendC22copy_matrix_cc_to_ubufEPaPihtttt10ConvRelu_t] -> 0xffff949030d0
AscendC: [_ZN7AscendC22copy_matrix_cc_to_ubufEPjS0_m10ConvRelu_t] -> (nil)
AscendC: [_ZN7AscendC22copy_matrix_cc_to_ubufEPjS0_htttt10ConvRelu_t] -> 0xffff949032d8
AscendC: [_ZN7AscendC22copy_matrix_cc_to_ubufEPhPim10ConvRelu_t] -> (nil)
AscendC: [_ZN7AscendC22copy_matrix_cc_to_ubufEPhPihtttt10ConvRelu_t] -> 0xffff949034d8
AscendC: [_ZN7AscendC22copy_matrix_ubuf_to_ccEPN7float165Fp16TES2_m10ConvRelu_t] -> (nil)
AscendC: [_ZN7AscendC22copy_matrix_ubuf_to_ccEPN7float165Fp16TES2_htttt10ConvRelu_t] -> 0xffff949036e0
AscendC: [_ZN7AscendC22copy_matrix_ubuf_to_ccEPfS0_m10ConvRelu_t] -> (nil)
AscendC: [_ZN7AscendC22copy_matrix_ubuf_to_ccEPfS0_htttt10ConvRelu_t] -> 0xffff949038e0
AscendC: [_ZN7AscendC22copy_matrix_ubuf_to_ccEPfPN7float165Fp16TEm10ConvRelu_t] -> (nil)
AscendC: [_ZN7AscendC22copy_matrix_ubuf_to_ccEPfPN7float165Fp16TEhtttt10ConvRelu_t] -> 0xffff94903ae0
AscendC: [_ZN7AscendC22copy_matrix_ubuf_to_ccEPiS0_m10ConvRelu_t] -> (nil)
AscendC: [_ZN7AscendC22copy_matrix_ubuf_to_ccEPiS0_htttt10ConvRelu_t] -> 0xffff94903ce8
AscendC: [_ZN7AscendC22copy_matrix_ubuf_to_ccEPjS0_m10ConvRelu_t] -> (nil)
AscendC: [_ZN7AscendC22copy_matrix_ubuf_to_ccEPjS0_htttt10ConvRelu_t] -> 0xffff94903ee8
AscendC: [_ZN7AscendC28copy_small_matrix_cc_to_ubufEPN7float165Fp16TEPim10ConvRelu_t] -> (nil)
AscendC: [_ZN7AscendC28copy_small_matrix_cc_to_ubufEPN7float165Fp16TEPihtttt10ConvRelu_t] -> (nil)
AscendC: [_ZN7AscendC28copy_small_matrix_cc_to_ubufEPsPim10ConvRelu_t] -> (nil)
AscendC: [_ZN7AscendC28copy_small_matrix_cc_to_ubufEPsPihtttt10ConvRelu_t] -> (nil)
AscendC: [_ZN7AscendC28copy_small_matrix_cc_to_ubufEPiS0_m10ConvRelu_t] -> (nil)
AscendC: [_ZN7AscendC28copy_small_matrix_cc_to_ubufEPiS0_htttt10ConvRelu_t] -> (nil)
AscendC: [_ZN7AscendC28copy_small_matrix_cc_to_ubufEPaPim10ConvRelu_t] -> (nil)
AscendC: [_ZN7AscendC28copy_small_matrix_cc_to_ubufEPaPihtttt10ConvRelu_t] -> (nil)
AscendC: [_ZN7AscendC28copy_small_matrix_cc_to_ubufEPjS0_m10ConvRelu_t] -> (nil)
AscendC: [_ZN7AscendC28copy_small_matrix_cc_to_ubufEPjS0_htttt10ConvRelu_t] -> (nil)
AscendC: [_ZN7AscendC28copy_small_matrix_cc_to_ubufEPhPim10ConvRelu_t] -> (nil)
AscendC: [_ZN7AscendC28copy_small_matrix_cc_to_ubufEPhPihtttt10ConvRelu_t] -> (nil)
AscendC: [_ZN7AscendC28copy_small_matrix_ubuf_to_ccEPiS0_m10ConvRelu_t] -> (nil)
AscendC: [_ZN7AscendC28copy_small_matrix_ubuf_to_ccEPiS0_htttt10ConvRelu_t] -> (nil)
AscendC: [_ZN7AscendC28copy_small_matrix_ubuf_to_ccEPjS0_m10ConvRelu_t] -> (nil)
AscendC: [_ZN7AscendC28copy_small_matrix_ubuf_to_ccEPjS0_htttt10ConvRelu_t] -> (nil)
AscendC: [_ZN7AscendC17copy_ubuf_to_cbufEPvS0_m] -> (nil)
AscendC: [_ZN7AscendC17copy_ubuf_to_cbufEPvS0_htttt] -> 0xffff949012f8
AscendC: [_ZN7AscendC17copy_ubuf_to_fbufEPvS0_m] -> (nil)
AscendC: [_ZN7AscendC17copy_ubuf_to_fbufEPvS0_9CvtMode_ttttt] -> (nil)
AscendC: [_ZN7AscendC15copy_ubuf_to_gmEPvS0_m] -> (nil)
AscendC: [_ZN7AscendC15copy_ubuf_to_gmEPvS0_m4bm_t] -> (nil)
AscendC: [_ZN7AscendC15copy_ubuf_to_gmEPvS0_htttt4bm_t] -> (nil)
AscendC: [_ZN7AscendC15copy_ubuf_to_gmEPvS0_htttt] -> 0xffff949014e0
AscendC: [_ZN7AscendC25copy_ubuf_to_gm_align_b16EPvS0_mm] -> (nil)
AscendC: [_ZN7AscendC25copy_ubuf_to_gm_align_b16EPvS0_htjhhjj] -> 0xffff948ffb00
AscendC: [_ZN7AscendC25copy_ubuf_to_gm_align_b32EPvS0_mm] -> (nil)
AscendC: [_ZN7AscendC25copy_ubuf_to_gm_align_b32EPvS0_htjhhjj] -> 0xffff948ffb60
AscendC: [_ZN7AscendC24copy_ubuf_to_gm_align_b8EPvS0_mm] -> (nil)
AscendC: [_ZN7AscendC24copy_ubuf_to_gm_align_b8EPvS0_htjhhjj] -> 0xffff948ffaa0
AscendC: [_ZN7AscendC21copy_ubuf_to_gm_alignEPaS0_htjjj] -> (nil)
AscendC: [_ZN7AscendC21copy_ubuf_to_gm_alignEPhS0_htjjj] -> (nil)
AscendC: [_ZN7AscendC21copy_ubuf_to_gm_alignEPsS0_htjjj] -> (nil)
AscendC: [_ZN7AscendC21copy_ubuf_to_gm_alignEPtS0_htjjj] -> (nil)
AscendC: [_ZN7AscendC21copy_ubuf_to_gm_alignEPN7float165Fp16TES2_htjjj] -> (nil)
AscendC: [_ZN7AscendC21copy_ubuf_to_gm_alignEPiS0_htjjj] -> (nil)
AscendC: [_ZN7AscendC21copy_ubuf_to_gm_alignEPjS0_htjjj] -> (nil)
AscendC: [_ZN7AscendC21copy_ubuf_to_gm_alignEPfS0_htjjj] -> (nil)
AscendC: [_ZN7AscendC23copy_ubuf_to_gm_pad_b16EPvS0_mm] -> (nil)
AscendC: [_ZN7AscendC23copy_ubuf_to_gm_pad_b16EPvS0_htttthh] -> (nil)
AscendC: [_ZN7AscendC23copy_ubuf_to_gm_pad_b32EPvS0_mm] -> (nil)
AscendC: [_ZN7AscendC23copy_ubuf_to_gm_pad_b32EPvS0_htttthh] -> (nil)
AscendC: [_ZN7AscendC22copy_ubuf_to_gm_pad_b8EPvS0_mm] -> (nil)
AscendC: [_ZN7AscendC22copy_ubuf_to_gm_pad_b8EPvS0_htttthh] -> (nil)
AscendC: [_ZN7AscendC17copy_ubuf_to_ubufEPvS0_m] -> (nil)
AscendC: [_ZN7AscendC17copy_ubuf_to_ubufEPvS0_htttt] -> 0xffff949016d0
AscendC: [_ZN7AscendC22copy_vector_cc_to_ubufEPN7float165Fp16TES2_m10ConvRelu_t] -> (nil)
AscendC: [_ZN7AscendC22copy_vector_cc_to_ubufEPN7float165Fp16TES2_htttt10ConvRelu_t] -> 0xffff949040e8
AscendC: [_ZN7AscendC22copy_vector_cc_to_ubufEPN7float165Fp16TEPfm10ConvRelu_t] -> (nil)
AscendC: [_ZN7AscendC22copy_vector_cc_to_ubufEPN7float165Fp16TEPfhtttt10ConvRelu_t] -> 0xffff949042e8
AscendC: [_ZN7AscendC22copy_vector_cc_to_ubufEPfS0_m10ConvRelu_t] -> (nil)
AscendC: [_ZN7AscendC22copy_vector_cc_to_ubufEPfS0_htttt10ConvRelu_t] -> 0xffff949044f8
AscendC: [_ZN7AscendC22copy_vector_cc_to_ubufEPN7float165Fp16TEPim10ConvRelu_t] -> (nil)
AscendC: [_ZN7AscendC22copy_vector_cc_to_ubufEPN7float165Fp16TEPihtttt10ConvRelu_t] -> 0xffff949046f8
AscendC: [_ZN7AscendC22copy_vector_cc_to_ubufEPsPim10ConvRelu_t] -> (nil)
AscendC: [_ZN7AscendC22copy_vector_cc_to_ubufEPsPihtttt10ConvRelu_t] -> 0xffff94904908
AscendC: [_ZN7AscendC22copy_vector_cc_to_ubufEPiS0_m10ConvRelu_t] -> (nil)
AscendC: [_ZN7AscendC22copy_vector_cc_to_ubufEPiS0_htttt10ConvRelu_t] -> 0xffff94904b18
AscendC: [_ZN7AscendC22copy_vector_cc_to_ubufEPaPim10ConvRelu_t] -> (nil)
AscendC: [_ZN7AscendC22copy_vector_cc_to_ubufEPaPihtttt10ConvRelu_t] -> 0xffff94904d18
AscendC: [_ZN7AscendC22copy_vector_cc_to_ubufEPjS0_m10ConvRelu_t] -> (nil)
AscendC: [_ZN7AscendC22copy_vector_cc_to_ubufEPjS0_htttt10ConvRelu_t] -> 0xffff94904f28
AscendC: [_ZN7AscendC22copy_vector_cc_to_ubufEPhPim10ConvRelu_t] -> (nil)
AscendC: [_ZN7AscendC22copy_vector_cc_to_ubufEPhPihtttt10ConvRelu_t] -> 0xffff94905128
AscendC: [_ZN7AscendC22copy_vector_ubuf_to_ccEPN7float165Fp16TES2_m10ConvRelu_t] -> (nil)
AscendC: [_ZN7AscendC22copy_vector_ubuf_to_ccEPN7float165Fp16TES2_htttt10ConvRelu_t] -> 0xffff94905338
AscendC: [_ZN7AscendC22copy_vector_ubuf_to_ccEPfS0_m10ConvRelu_t] -> (nil)
AscendC: [_ZN7AscendC22copy_vector_ubuf_to_ccEPfS0_htttt10ConvRelu_t] -> 0xffff94905538
AscendC: [_ZN7AscendC22copy_vector_ubuf_to_ccEPfPN7float165Fp16TEm10ConvRelu_t] -> (nil)
AscendC: [_ZN7AscendC22copy_vector_ubuf_to_ccEPfPN7float165Fp16TEhtttt10ConvRelu_t] -> 0xffff94905738
AscendC: [_ZN7AscendC22copy_vector_ubuf_to_ccEPiS0_m10ConvRelu_t] -> (nil)
AscendC: [_ZN7AscendC22copy_vector_ubuf_to_ccEPiS0_htttt10ConvRelu_t] -> 0xffff94905948
AscendC: [_ZN7AscendC22copy_vector_ubuf_to_ccEPjS0_m10ConvRelu_t] -> (nil)
AscendC: [_ZN7AscendC22copy_vector_ubuf_to_ccEPjS0_htttt10ConvRelu_t] -> 0xffff94905b48
AscendC: [_ZN7AscendC16create_ca_matrixEPvlN7float165Fp16TE] -> (nil)
AscendC: [_ZN7AscendC16create_ca_matrixEPN7float165Fp16TElS1_] -> 0xffff94959e30
AscendC: [_ZN7AscendC16create_ca_matrixEPslN7float165Fp16TE] -> 0xffff9495a3b8
AscendC: [_ZN7AscendC16create_ca_matrixEPtlN7float165Fp16TE] -> 0xffff9495a940
AscendC: [_ZN7AscendC16create_ca_matrixEPN7float165Fp16TElj] -> (nil)
AscendC: [_ZN7AscendC16create_ca_matrixEPflj] -> 0xffff9495b850
AscendC: [_ZN7AscendC16create_ca_matrixEPflN7float165Fp16TE] -> (nil)
AscendC: [_ZN7AscendC16create_ca_matrixEPslj] -> (nil)
AscendC: [_ZN7AscendC16create_ca_matrixEPilj] -> 0xffff9495aec0
AscendC: [_ZN7AscendC16create_ca_matrixEPilN7float165Fp16TE] -> (nil)
AscendC: [_ZN7AscendC16create_ca_matrixEPtlj] -> (nil)
AscendC: [_ZN7AscendC16create_ca_matrixEPjlj] -> 0xffff9495b388
AscendC: [_ZN7AscendC16create_ca_matrixEPjlN7float165Fp16TE] -> (nil)
AscendC: [_ZN7AscendC21create_ca_matrix_bf16EPN8bfloat165Bf16TElS1_] -> 0xffff9495bd18
AscendC: [_ZN7AscendC16create_cb_matrixEPvlN7float165Fp16TE] -> (nil)
AscendC: [_ZN7AscendC16create_cb_matrixEPN7float165Fp16TElS1_] -> 0xffff9495a008
AscendC: [_ZN7AscendC16create_cb_matrixEPslN7float165Fp16TE] -> 0xffff9495a590
AscendC: [_ZN7AscendC16create_cb_matrixEPtlN7float165Fp16TE] -> 0xffff9495ab18
AscendC: [_ZN7AscendC16create_cb_matrixEPN7float165Fp16TElj] -> (nil)
AscendC: [_ZN7AscendC16create_cb_matrixEPflj] -> 0xffff9495b9e8
AscendC: [_ZN7AscendC16create_cb_matrixEPflN7float165Fp16TE] -> (nil)
AscendC: [_ZN7AscendC16create_cb_matrixEPslj] -> (nil)
AscendC: [_ZN7AscendC16create_cb_matrixEPilj] -> 0xffff9495b058
AscendC: [_ZN7AscendC16create_cb_matrixEPilN7float165Fp16TE] -> (nil)
AscendC: [_ZN7AscendC16create_cb_matrixEPtlj] -> (nil)
AscendC: [_ZN7AscendC16create_cb_matrixEPjlj] -> 0xffff9495b520
AscendC: [_ZN7AscendC16create_cb_matrixEPjlN7float165Fp16TE] -> (nil)
AscendC: [_ZN7AscendC21create_cb_matrix_bf16EPN8bfloat165Bf16TElS1_] -> 0xffff9495bef0
AscendC: [_ZN7AscendC18create_cbuf_matrixEPvlN7float165Fp16TE] -> (nil)
AscendC: [_ZN7AscendC18create_cbuf_matrixEPN7float165Fp16TElS1_] -> 0xffff9495a1e0
AscendC: [_ZN7AscendC18create_cbuf_matrixEPslN7float165Fp16TE] -> 0xffff9495a768
AscendC: [_ZN7AscendC18create_cbuf_matrixEPtlN7float165Fp16TE] -> 0xffff9495acf0
AscendC: [_ZN7AscendC18create_cbuf_matrixEPN7float165Fp16TElj] -> (nil)
AscendC: [_ZN7AscendC18create_cbuf_matrixEPflj] -> 0xffff9495bb80
AscendC: [_ZN7AscendC18create_cbuf_matrixEPflN7float165Fp16TE] -> (nil)
AscendC: [_ZN7AscendC18create_cbuf_matrixEPslj] -> (nil)
AscendC: [_ZN7AscendC18create_cbuf_matrixEPilj] -> 0xffff9495b1f0
AscendC: [_ZN7AscendC18create_cbuf_matrixEPilN7float165Fp16TE] -> (nil)
AscendC: [_ZN7AscendC18create_cbuf_matrixEPtlj] -> (nil)
AscendC: [_ZN7AscendC18create_cbuf_matrixEPjlj] -> 0xffff9495b6b8
AscendC: [_ZN7AscendC18create_cbuf_matrixEPjlN7float165Fp16TE] -> (nil)
AscendC: [_ZN7AscendC23create_cbuf_matrix_bf16EPN8bfloat165Bf16TElS1_] -> 0xffff9495c0c8
AscendC: [_ZN7AscendC10dc_preloadEPms] -> 0xffff94916f28
AscendC: [_ZN7AscendC10dc_preloadEPml] -> (nil)
AscendC: [_ZN7AscendC4dcciEPvm] -> 0xffff949487c8
AscendC: [_ZN7AscendC4dcciEPvmm] -> 0xffff949486f8
AscendC: [_ZN7AscendC21decompress_gm_to_cbufEPhS0_l] -> (nil)
AscendC: [_ZN7AscendC21decompress_gm_to_cbufEPhS0_tbhh] -> (nil)
AscendC: [_ZN7AscendC21decompress_gm_to_cbufEPN7float165Fp16TES2_l] -> (nil)
AscendC: [_ZN7AscendC21decompress_gm_to_cbufEPN7float165Fp16TES2_tbhh] -> (nil)
AscendC: [_ZN7AscendC19decompress_gm_to_ubEPhS0_l] -> (nil)
AscendC: [_ZN7AscendC19decompress_gm_to_ubEPhS0_tbhh] -> (nil)
AscendC: [_ZN7AscendC19decompress_gm_to_ubEPN7float165Fp16TES2_l] -> (nil)
AscendC: [_ZN7AscendC19decompress_gm_to_ubEPN7float165Fp16TES2_tbhh] -> (nil)
AscendC: [_ZN7AscendC14depthwise_convEPN7float165Fp16TES2_S2_mb] -> (nil)
AscendC: [_ZN7AscendC14depthwise_convEPN7float165Fp16TES2_S2_tthhhhb] -> (nil)
AscendC: [_ZN7AscendC14depthwise_convEPfPN7float165Fp16TES3_mb] -> (nil)
AscendC: [_ZN7AscendC14depthwise_convEPfPN7float165Fp16TES3_tthhhhb] -> (nil)
AscendC: [_ZN7AscendC14depthwise_convEPiPaS1_mb] -> (nil)
AscendC: [_ZN7AscendC14depthwise_convEPiPaS1_ttahhhb] -> (nil)
AscendC: [_ZN7AscendC14depthwise_convEPiPhS1_mb] -> (nil)
AscendC: [_ZN7AscendC14depthwise_convEPiPhS1_tthhhhb] -> (nil)
AscendC: [_ZN7AscendC14depthwise_convEPiPhPamb] -> (nil)
AscendC: [_ZN7AscendC14depthwise_convEPiPhPatthhhhb] -> (nil)
AscendC: [_ZN7AscendC17depthwise_conv_v2EPN7float165Fp16TES2_S2_m] -> (nil)
AscendC: [_ZN7AscendC17depthwise_conv_v2EPN7float165Fp16TES2_S2_tthhhthbbh] -> (nil)
AscendC: [_ZN7AscendC17depthwise_conv_v2EPfPN7float165Fp16TES3_m] -> (nil)
AscendC: [_ZN7AscendC17depthwise_conv_v2EPfPN7float165Fp16TES3_tthhhthbbh] -> (nil)
AscendC: [_ZN7AscendC17depthwise_conv_v2EPiPaS1_m] -> (nil)
AscendC: [_ZN7AscendC17depthwise_conv_v2EPiPaS1_tthhhthbbh] -> (nil)
AscendC: [_ZN7AscendC17depthwise_conv_v2EPiPhS1_m] -> (nil)
AscendC: [_ZN7AscendC17depthwise_conv_v2EPiPhS1_tthhhthbbh] -> (nil)
AscendC: [_ZN7AscendC17depthwise_conv_v2EPiPhPam] -> (nil)
AscendC: [_ZN7AscendC17depthwise_conv_v2EPiPhPatthhhthbbh] -> (nil)
AscendC: [_ZN7AscendC3dsbE9mem_dsb_t] -> 0xffff94916170
AscendC: [_ZN7AscendC22fake_overflow_status_1Ev] -> (nil)
AscendC: [_ZN7AscendC22fake_overflow_status_2Ev] -> (nil)
AscendC: [_ZN7AscendC20ffts_cross_core_syncE6pipe_tm] -> 0xffff9491abd8
AscendC: [_ZN7AscendC5fifr1EPsS0_mm] -> (nil)
AscendC: [_ZN7AscendC5fifr1EPsS0_mm4bm_t] -> (nil)
AscendC: [_ZN7AscendC5fifr1EPsS0_8w_size_thhhaaaaaaaaaahh4bm_t] -> (nil)
AscendC: [_ZN7AscendC5fifr1EPsS0_8w_size_thhhaaaaaaaaaahh] -> (nil)
AscendC: [_ZN7AscendC5fifr1EPsPamm] -> (nil)
AscendC: [_ZN7AscendC5fifr1EPsPamm4bm_t] -> (nil)
AscendC: [_ZN7AscendC5fifr1EPsPa8w_size_thhhaaaaaaaaaahh4bm_t] -> (nil)
AscendC: [_ZN7AscendC5fifr1EPsPa8w_size_thhhaaaaaaaaaahh] -> (nil)
AscendC: [_ZN7AscendC5fifr1EPsPtmm] -> (nil)
AscendC: [_ZN7AscendC5fifr1EPsPtmm4bm_t] -> (nil)
AscendC: [_ZN7AscendC5fifr1EPsPt8w_size_thhhaaaaaaaaaahh4bm_t] -> (nil)
AscendC: [_ZN7AscendC5fifr1EPsPt8w_size_thhhaaaaaaaaaahh] -> (nil)
AscendC: [_ZN7AscendC5fifr1EPsPhmm] -> (nil)
AscendC: [_ZN7AscendC5fifr1EPsPhmm4bm_t] -> (nil)
AscendC: [_ZN7AscendC5fifr1EPsPh8w_size_thhhaaaaaaaaaahh4bm_t] -> (nil)
AscendC: [_ZN7AscendC5fifr1EPsPh8w_size_thhhaaaaaaaaaahh] -> (nil)
AscendC: [_ZN7AscendC26fix_depthwisein_cc_to_cbufEPaPimm] -> (nil)
AscendC: [_ZN7AscendC26fix_depthwisein_cc_to_cbufEPaPi11unit_flag_thtttt13ConvReluFix_tb6Relu_tbS4_6Pool_t5Req_t10DualMode_ttt] -> (nil)
AscendC: [_ZN7AscendC26fix_depthwisein_cc_to_cbufEPhPimm] -> (nil)
AscendC: [_ZN7AscendC26fix_depthwisein_cc_to_cbufEPhPi11unit_flag_thtttt13ConvReluFix_tb6Relu_tbS4_6Pool_t5Req_t10DualMode_ttt] -> (nil)
AscendC: [_ZN7AscendC26fix_depthwisein_cc_to_ubufEPaPimm] -> (nil)
AscendC: [_ZN7AscendC26fix_depthwisein_cc_to_ubufEPaPi11unit_flag_thtttt13ConvReluFix_tb6Relu_tbS4_6Pool_t5Req_t10DualMode_ttt] -> (nil)
AscendC: [_ZN7AscendC26fix_depthwisein_cc_to_ubufEPhPimm] -> (nil)
AscendC: [_ZN7AscendC26fix_depthwisein_cc_to_ubufEPhPi11unit_flag_thtttt13ConvReluFix_tb6Relu_tbS4_6Pool_t5Req_t10DualMode_ttt] -> (nil)
AscendC: [_ZN7AscendC27fix_depthwiseout_cc_to_cbufEPaPimm] -> (nil)
AscendC: [_ZN7AscendC27fix_depthwiseout_cc_to_cbufEPaPi11unit_flag_thtttt13ConvReluFix_tb6Relu_tbS4_6Pool_t5Req_t10DualMode_ttt] -> (nil)
AscendC: [_ZN7AscendC27fix_depthwiseout_cc_to_cbufEPhPimm] -> (nil)
AscendC: [_ZN7AscendC27fix_depthwiseout_cc_to_cbufEPhPi11unit_flag_thtttt13ConvReluFix_tb6Relu_tbS4_6Pool_t5Req_t10DualMode_ttt] -> (nil)
AscendC: [_ZN7AscendC21fix_matrix_cc_to_cbufEPN7float165Fp16TES2_mm] -> (nil)
AscendC: [_ZN7AscendC21fix_matrix_cc_to_cbufEPaPN7float165Fp16TEmm] -> (nil)
AscendC: [_ZN7AscendC21fix_matrix_cc_to_cbufEPaPN7float165Fp16TE11unit_flag_thtttt13ConvReluFix_tb6Relu_tbS6_6Pool_t5Req_t10DualMode_ttt] -> (nil)
AscendC: [_ZN7AscendC21fix_matrix_cc_to_cbufEPhPN7float165Fp16TEmm] -> (nil)
AscendC: [_ZN7AscendC21fix_matrix_cc_to_cbufEPhPN7float165Fp16TE11unit_flag_thtttt13ConvReluFix_tb6Relu_tbS6_6Pool_t5Req_t10DualMode_ttt] -> (nil)
AscendC: [_ZN7AscendC21fix_matrix_cc_to_cbufEPN7float165Fp16TES2_11unit_flag_thtttt13ConvReluFix_tb6Relu_tbS5_6Pool_t5Req_t10DualMode_ttt] -> (nil)
AscendC: [_ZN7AscendC21fix_matrix_cc_to_cbufEPiS0_mm] -> (nil)
AscendC: [_ZN7AscendC21fix_matrix_cc_to_cbufEPN7float165Fp16TEPimm] -> (nil)
AscendC: [_ZN7AscendC21fix_matrix_cc_to_cbufEPN7float165Fp16TEPi11unit_flag_thtttt13ConvReluFix_tb6Relu_tbS6_6Pool_t5Req_t10DualMode_ttt] -> (nil)
AscendC: [_ZN7AscendC21fix_matrix_cc_to_cbufEPsPimm] -> (nil)
AscendC: [_ZN7AscendC21fix_matrix_cc_to_cbufEPsPi11unit_flag_thtttt13ConvReluFix_tb6Relu_tbS4_6Pool_t5Req_t10DualMode_ttt] -> (nil)
AscendC: [_ZN7AscendC21fix_matrix_cc_to_cbufEPaPimm] -> (nil)
AscendC: [_ZN7AscendC21fix_matrix_cc_to_cbufEPaPi11unit_flag_thtttt13ConvReluFix_tb6Relu_tbS4_6Pool_t5Req_t10DualMode_ttt] -> (nil)
AscendC: [_ZN7AscendC21fix_matrix_cc_to_cbufEPhPimm] -> (nil)
AscendC: [_ZN7AscendC21fix_matrix_cc_to_cbufEPhPi11unit_flag_thtttt13ConvReluFix_tb6Relu_tbS4_6Pool_t5Req_t10DualMode_ttt] -> (nil)
AscendC: [_ZN7AscendC21fix_matrix_cc_to_cbufEPiS0_11unit_flag_thtttt13ConvReluFix_tb6Relu_tbS3_6Pool_t5Req_t10DualMode_ttt] -> (nil)
AscendC: [_ZN7AscendC21fix_matrix_cc_to_ubufEPN7float165Fp16TES2_mm] -> (nil)
AscendC: [_ZN7AscendC21fix_matrix_cc_to_ubufEPN7float165Fp16TES2_11unit_flag_thtttt13ConvReluFix_tb6Relu_tbS5_6Pool_t5Req_t10DualMode_ttt] -> (nil)
AscendC: [_ZN7AscendC21fix_matrix_cc_to_ubufEPN7float165Fp16TEPimm] -> (nil)
AscendC: [_ZN7AscendC21fix_matrix_cc_to_ubufEPN7float165Fp16TEPi11unit_flag_thtttt13ConvReluFix_tb6Relu_tbS6_6Pool_t5Req_t10DualMode_ttt] -> (nil)
AscendC: [_ZN7AscendC21fix_matrix_cc_to_ubufEPsPimm] -> (nil)
AscendC: [_ZN7AscendC21fix_matrix_cc_to_ubufEPsPi11unit_flag_thtttt13ConvReluFix_tb6Relu_tbS4_6Pool_t5Req_t10DualMode_ttt] -> (nil)
AscendC: [_ZN7AscendC21fix_matrix_cc_to_ubufEPiS0_mm] -> (nil)
AscendC: [_ZN7AscendC21fix_matrix_cc_to_ubufEPiS0_11unit_flag_thtttt13ConvReluFix_tb6Relu_tbS3_6Pool_t5Req_t10DualMode_ttt] -> (nil)
AscendC: [_ZN7AscendC21fix_matrix_cc_to_ubufEPaPimm] -> (nil)
AscendC: [_ZN7AscendC21fix_matrix_cc_to_ubufEPaPi11unit_flag_thtttt13ConvReluFix_tb6Relu_tbS4_6Pool_t5Req_t10DualMode_ttt] -> (nil)
AscendC: [_ZN7AscendC21fix_matrix_cc_to_ubufEPhPimm] -> (nil)
AscendC: [_ZN7AscendC21fix_matrix_cc_to_ubufEPhPi11unit_flag_thtttt13ConvReluFix_tb6Relu_tbS4_6Pool_t5Req_t10DualMode_ttt] -> (nil)
AscendC: [_ZN7AscendC23fix_winograd_cc_to_cbufEPiS0_mm] -> (nil)
AscendC: [_ZN7AscendC23fix_winograd_cc_to_cbufEPN7float165Fp16TEPimm] -> (nil)
AscendC: [_ZN7AscendC23fix_winograd_cc_to_cbufEPN7float165Fp16TEPi11unit_flag_thtttt13ConvReluFix_tb6Relu_tbS6_6Pool_t5Req_t10DualMode_ttt] -> (nil)
AscendC: [_ZN7AscendC23fix_winograd_cc_to_cbufEPsPimm] -> (nil)
AscendC: [_ZN7AscendC23fix_winograd_cc_to_cbufEPsPi11unit_flag_thtttt13ConvReluFix_tb6Relu_tbS4_6Pool_t5Req_t10DualMode_ttt] -> (nil)
AscendC: [_ZN7AscendC23fix_winograd_cc_to_cbufEPaPimm] -> (nil)
AscendC: [_ZN7AscendC23fix_winograd_cc_to_cbufEPaPi11unit_flag_thtttt13ConvReluFix_tb6Relu_tbS4_6Pool_t5Req_t10DualMode_ttt] -> (nil)
AscendC: [_ZN7AscendC23fix_winograd_cc_to_cbufEPhPimm] -> (nil)
AscendC: [_ZN7AscendC23fix_winograd_cc_to_cbufEPhPi11unit_flag_thtttt13ConvReluFix_tb6Relu_tbS4_6Pool_t5Req_t10DualMode_ttt] -> (nil)
AscendC: [_ZN7AscendC23fix_winograd_cc_to_cbufEPiS0_11unit_flag_thtttt13ConvReluFix_tb6Relu_tbS3_6Pool_t5Req_t10DualMode_ttt] -> (nil)
AscendC: [_ZN7AscendC23fix_winograd_cc_to_ubufEPiS0_mm] -> (nil)
AscendC: [_ZN7AscendC23fix_winograd_cc_to_ubufEPN7float165Fp16TEPimm] -> (nil)
AscendC: [_ZN7AscendC23fix_winograd_cc_to_ubufEPN7float165Fp16TEPi11unit_flag_thtttt13ConvReluFix_tb6Relu_tbS6_6Pool_t5Req_t10DualMode_ttt] -> (nil)
AscendC: [_ZN7AscendC23fix_winograd_cc_to_ubufEPsPimm] -> (nil)
AscendC: [_ZN7AscendC23fix_winograd_cc_to_ubufEPsPi11unit_flag_thtttt13ConvReluFix_tb6Relu_tbS4_6Pool_t5Req_t10DualMode_ttt] -> (nil)
AscendC: [_ZN7AscendC23fix_winograd_cc_to_ubufEPaPimm] -> (nil)
AscendC: [_ZN7AscendC23fix_winograd_cc_to_ubufEPaPi11unit_flag_thtttt13ConvReluFix_tb6Relu_tbS4_6Pool_t5Req_t10DualMode_ttt] -> (nil)
AscendC: [_ZN7AscendC23fix_winograd_cc_to_ubufEPhPimm] -> (nil)
AscendC: [_ZN7AscendC23fix_winograd_cc_to_ubufEPhPi11unit_flag_thtttt13ConvReluFix_tb6Relu_tbS4_6Pool_t5Req_t10DualMode_ttt] -> (nil)
AscendC: [_ZN7AscendC23fix_winograd_cc_to_ubufEPiS0_11unit_flag_thtttt13ConvReluFix_tb6Relu_tbS3_6Pool_t5Req_t10DualMode_ttt] -> (nil)
AscendC: [_ZN7AscendC4fmaxEPhS0_m] -> (nil)
AscendC: [_ZN7AscendC4fmaxEPhS0_8w_size_thhhaaaaa] -> (nil)
AscendC: [_ZN7AscendC4fminEPhS0_m] -> (nil)
AscendC: [_ZN7AscendC4fminEPhS0_8w_size_thhhaaaaa] -> (nil)
AscendC: [_ZN7AscendC11get_acc_valEv] -> 0xffff94915898
AscendC: [_ZN7AscendC6get_arEv] -> 0xffff94915738
AscendC: [_ZN7AscendC12get_arch_verEv] -> 0xffff94916c68
AscendC: [_ZN7AscendC13get_block_idxEv] -> 0xffff949167e0
AscendC: [_ZN7AscendC13get_block_numEv] -> 0xffff94916818
AscendC: [_ZN7AscendC11get_cmpmaskEPv] -> 0xffff94915cb8
AscendC: [_ZN7AscendC8get_condEv] -> 0xffff94914cc8
AscendC: [_ZN7AscendC18get_condition_flagEv] -> 0xffff94914e28
AscendC: [_ZN7AscendC10get_coreidEv] -> (nil)
AscendC: [_ZN7AscendC8get_ctrlEv] -> 0xffff94914f88
AscendC: [_ZN7AscendC18get_data_main_baseEv] -> (nil)
AscendC: [_ZN7AscendC13get_data_sizeEv] -> (nil)
AscendC: [_ZN7AscendC16get_data_ub_baseEv] -> (nil)
AscendC: [_ZN7AscendC18get_ffts_base_addrEv] -> (nil)
AscendC: [_ZN7AscendC7get_fpcEv] -> (nil)
AscendC: [_ZN7AscendC17get_icache_prl_stEv] -> 0xffff94917188
AscendC: [_ZN7AscendC7get_immEm] -> (nil)
AscendC: [_ZN7AscendC7get_immEmm] -> (nil)
AscendC: [_ZN7AscendC7get_immEmmm] -> (nil)
AscendC: [_ZN7AscendC7get_immEmmmm] -> (nil)
AscendC: [_ZN7AscendC9get_k_numEv] -> (nil)
AscendC: [_ZN7AscendC14get_l2_in_mainEv] -> (nil)
AscendC: [_ZN7AscendC17get_l2_vaddr_baseEv] -> (nil)
AscendC: [_ZN7AscendC9get_lpcntEv] -> (nil)
AscendC: [_ZN7AscendC15get_max_min_cntEv] -> 0xffff94915b58
AscendC: [_ZN7AscendC19get_overflow_statusEv] -> (nil)
AscendC: [_ZN7AscendC13get_para_baseEv] -> (nil)
AscendC: [_ZN7AscendC6get_pcEv] -> 0xffff94916dc8
AscendC: [_ZN7AscendC14get_rpn_cor_irEv] -> (nil)
AscendC: [_ZN7AscendC12get_rsvd_cntEv] -> 0xffff949155d8
AscendC: [_ZN7AscendC19get_safety_crc_dataEv] -> (nil)
AscendC: [_ZN7AscendC17get_safety_crc_enEv] -> (nil)
AscendC: [_ZN7AscendC16get_smmu_tag_verEv] -> (nil)
AscendC: [_ZN7AscendC17get_st_atomic_cfgEv] -> 0xffff949159f8
AscendC: [_ZN7AscendC18get_stack_phy_baseEv] -> (nil)
AscendC: [_ZN7AscendC10get_statusEv] -> (nil)
AscendC: [_ZN7AscendC15get_subblockdimEv] -> (nil)
AscendC: [_ZN7AscendC14get_subblockidEv] -> (nil)
AscendC: [_ZN7AscendC11get_sys_cntEv] -> (nil)
AscendC: [_ZN7AscendC15get_sys_va_baseEv] -> (nil)
AscendC: [_ZN7AscendC14get_thread_dimEv] -> (nil)
AscendC: [_ZN7AscendC13get_thread_idEv] -> (nil)
AscendC: [_ZN7AscendC6get_vlEv] -> (nil)
AscendC: [_ZN7AscendC11get_vms4_srEv] -> 0xffff94915478
AscendC: [_ZN7AscendC15hebcd_out_to_ubEPvS0_S0_m] -> (nil)
AscendC: [_ZN7AscendC15hebcd_out_to_ubEPvS0_S0_hhbbhttht] -> (nil)
AscendC: [_ZN7AscendC15hebce_l1_to_outEPvS0_S0_m] -> (nil)
AscendC: [_ZN7AscendC15hebce_l1_to_outEPvS0_S0_bbhhbbhttht] -> (nil)
AscendC: [_ZN7AscendC15hebce_ub_to_outEPvS0_S0_m] -> (nil)
AscendC: [_ZN7AscendC15hebce_ub_to_outEPvS0_S0_bbhhbbhttht] -> (nil)
AscendC: [_ZN7AscendC9hset_flagE6pipe_tS0_7event_t5mem_tb] -> 0xffff94917e48
AscendC: [_ZN7AscendC9hset_flagE6pipe_tS0_m5mem_tb] -> (nil)
AscendC: [_ZN7AscendC10hwait_flagE6pipe_tS0_7event_t5mem_tb] -> 0xffff94917bf8
AscendC: [_ZN7AscendC10hwait_flagE6pipe_tS0_m5mem_tb] -> (nil)
AscendC: [_ZN7AscendC18img2col_cbuf_to_caEPN7float165Fp16TES2_mm7csize_t] -> (nil)
AscendC: [_ZN7AscendC18img2col_cbuf_to_caEPN7float165Fp16TES2_hhssthhhhhhhhh7csize_t] -> 0xffff9495cfc0
AscendC: [_ZN7AscendC18img2col_cbuf_to_caEPaS0_mm7csize_t] -> (nil)
AscendC: [_ZN7AscendC18img2col_cbuf_to_caEPaS0_hhssthhhhhhhhh7csize_t] -> 0xffff9495c930
AscendC: [_ZN7AscendC18img2col_cbuf_to_caEPhS0_mm7csize_t] -> (nil)
AscendC: [_ZN7AscendC18img2col_cbuf_to_caEPhS0_hhssthhhhhhhhh7csize_t] -> 0xffff9495c2a0
AscendC: [_ZN7AscendC18img2col_cbuf_to_cbEPN7float165Fp16TES2_mm7csize_t] -> (nil)
AscendC: [_ZN7AscendC18img2col_cbuf_to_cbEPN7float165Fp16TES2_hhssthhhhhhhhh7csize_t] -> 0xffff9495d240
AscendC: [_ZN7AscendC18img2col_cbuf_to_cbEPaS0_mm7csize_t] -> (nil)
AscendC: [_ZN7AscendC18img2col_cbuf_to_cbEPaS0_hhssthhhhhhhhh7csize_t] -> 0xffff9495cb60
AscendC: [_ZN7AscendC18img2col_cbuf_to_cbEPhS0_mm7csize_t] -> (nil)
AscendC: [_ZN7AscendC18img2col_cbuf_to_cbEPhS0_hhssthhhhhhhhh7csize_t] -> 0xffff9495c4d0
AscendC: [_ZN7AscendC18img2col_cbuf_to_ubEPN7float165Fp16TES2_mm7csize_t] -> (nil)
AscendC: [_ZN7AscendC18img2col_cbuf_to_ubEPN7float165Fp16TES2_hhssthhhhhhhhh7csize_t] -> 0xffff9495d4c0
AscendC: [_ZN7AscendC18img2col_cbuf_to_ubEPaS0_mm7csize_t] -> (nil)
AscendC: [_ZN7AscendC18img2col_cbuf_to_ubEPaS0_hhssthhhhhhhhh7csize_t] -> 0xffff9495cd90
AscendC: [_ZN7AscendC18img2col_cbuf_to_ubEPhS0_mm7csize_t] -> (nil)
AscendC: [_ZN7AscendC18img2col_cbuf_to_ubEPhS0_hhssthhhhhhhhh7csize_t] -> 0xffff9495c700
AscendC: [_ZN7AscendC20img2colv2_cbuf_to_caEPN7float165Fp16TES2_mm] -> (nil)
AscendC: [_ZN7AscendC20img2colv2_cbuf_to_caEPN7float165Fp16TES2_mm4bm_t] -> (nil)
AscendC: [_ZN7AscendC20img2colv2_cbuf_to_caEPN7float165Fp16TES2_tttthhhhhhbt] -> (nil)
AscendC: [_ZN7AscendC20img2colv2_cbuf_to_caEPN7float165Fp16TES2_tttthhhhhhbt4bm_t] -> (nil)
AscendC: [_ZN7AscendC20img2colv2_cbuf_to_caEPN7float165Fp16TES2_tttthhhhhhbbbbt] -> 0xffff9495dc90
AscendC: [_ZN7AscendC20img2colv2_cbuf_to_caEPN8bfloat165Bf16TES2_mm] -> (nil)
AscendC: [_ZN7AscendC20img2colv2_cbuf_to_caEPN8bfloat165Bf16TES2_mm4bm_t] -> (nil)
AscendC: [_ZN7AscendC20img2colv2_cbuf_to_caEPN8bfloat165Bf16TES2_tttthhhhhhbt] -> (nil)
AscendC: [_ZN7AscendC20img2colv2_cbuf_to_caEPN8bfloat165Bf16TES2_tttthhhhhhbt4bm_t] -> (nil)
AscendC: [_ZN7AscendC20img2colv2_cbuf_to_caEPN8bfloat165Bf16TES2_tttthhhhhhbbbbt] -> 0xffff9495d740
AscendC: [_ZN7AscendC20img2colv2_cbuf_to_caEPfS0_mm] -> (nil)
AscendC: [_ZN7AscendC20img2colv2_cbuf_to_caEPfS0_mm4bm_t] -> (nil)
AscendC: [_ZN7AscendC20img2colv2_cbuf_to_caEPfS0_tttthhhhhhbt] -> (nil)
AscendC: [_ZN7AscendC20img2colv2_cbuf_to_caEPfS0_tttthhhhhhbt4bm_t] -> (nil)
AscendC: [_ZN7AscendC20img2colv2_cbuf_to_caEPfS0_tttthhhhhhbbbbt] -> 0xffff9495e1e0
AscendC: [_ZN7AscendC20img2colv2_cbuf_to_caEPiS0_mm] -> (nil)
AscendC: [_ZN7AscendC20img2colv2_cbuf_to_caEPiS0_mm4bm_t] -> (nil)
AscendC: [_ZN7AscendC20img2colv2_cbuf_to_caEPiS0_tttthhhhhhbt] -> (nil)
AscendC: [_ZN7AscendC20img2colv2_cbuf_to_caEPiS0_tttthhhhhhbt4bm_t] -> (nil)
AscendC: [_ZN7AscendC20img2colv2_cbuf_to_caEPiS0_tttthhhhhhbbbbt] -> 0xffff9495eaa0
AscendC: [_ZN7AscendC20img2colv2_cbuf_to_caEPaS0_mm] -> (nil)
AscendC: [_ZN7AscendC20img2colv2_cbuf_to_caEPaS0_mm4bm_t] -> (nil)
AscendC: [_ZN7AscendC20img2colv2_cbuf_to_caEPaS0_tttthhhhhhbt] -> (nil)
AscendC: [_ZN7AscendC20img2colv2_cbuf_to_caEPaS0_tttthhhhhhbt4bm_t] -> (nil)
AscendC: [_ZN7AscendC20img2colv2_cbuf_to_caEPaS0_tttthhhhhhbbbbt] -> 0xffff9495f130
AscendC: [_ZN7AscendC20img2colv2_cbuf_to_caEPjS0_mm] -> (nil)
AscendC: [_ZN7AscendC20img2colv2_cbuf_to_caEPjS0_mm4bm_t] -> (nil)
AscendC: [_ZN7AscendC20img2colv2_cbuf_to_caEPjS0_tttthhhhhhbt] -> (nil)
AscendC: [_ZN7AscendC20img2colv2_cbuf_to_caEPjS0_tttthhhhhhbt4bm_t] -> (nil)
AscendC: [_ZN7AscendC20img2colv2_cbuf_to_caEPjS0_tttthhhhhhbbbbt] -> 0xffff9495e640
AscendC: [_ZN7AscendC20img2colv2_cbuf_to_caEPhS0_mm] -> (nil)
AscendC: [_ZN7AscendC20img2colv2_cbuf_to_caEPhS0_mm4bm_t] -> (nil)
AscendC: [_ZN7AscendC20img2colv2_cbuf_to_caEPhS0_tttthhhhhhbt] -> (nil)
AscendC: [_ZN7AscendC20img2colv2_cbuf_to_caEPhS0_tttthhhhhhbt4bm_t] -> (nil)
AscendC: [_ZN7AscendC20img2colv2_cbuf_to_caEPhS0_tttthhhhhhbbbbt] -> 0xffff9495ef00
AscendC: [_ZN7AscendC23img2colv2_cbuf_to_ca_s4EPvS0_mm] -> (nil)
AscendC: [_ZN7AscendC23img2colv2_cbuf_to_ca_s4EPvS0_mm4bm_t] -> (nil)
AscendC: [_ZN7AscendC23img2colv2_cbuf_to_ca_s4EPvS0_tttthhhhhhbt] -> (nil)
AscendC: [_ZN7AscendC23img2colv2_cbuf_to_ca_s4EPvS0_tttthhhhhhbt4bm_t] -> (nil)
AscendC: [_ZN7AscendC23img2colv2_cbuf_to_ca_s4EPvS0_tttthhhhhhbbbbt] -> 0xffff9495fb20
AscendC: [_ZN7AscendC20img2colv2_cbuf_to_cbEPN7float165Fp16TES2_mm] -> (nil)
AscendC: [_ZN7AscendC20img2colv2_cbuf_to_cbEPN7float165Fp16TES2_mm4bm_t] -> (nil)
AscendC: [_ZN7AscendC20img2colv2_cbuf_to_cbEPN7float165Fp16TES2_tttthhhhhhbt] -> (nil)
AscendC: [_ZN7AscendC20img2colv2_cbuf_to_cbEPN7float165Fp16TES2_tttthhhhhhbt4bm_t] -> (nil)
AscendC: [_ZN7AscendC20img2colv2_cbuf_to_cbEPN7float165Fp16TES2_tttthhhhhhbbbbt] -> 0xffff9495df38
AscendC: [_ZN7AscendC20img2colv2_cbuf_to_cbEPN8bfloat165Bf16TES2_mm] -> (nil)
AscendC: [_ZN7AscendC20img2colv2_cbuf_to_cbEPN8bfloat165Bf16TES2_mm4bm_t] -> (nil)
AscendC: [_ZN7AscendC20img2colv2_cbuf_to_cbEPN8bfloat165Bf16TES2_tttthhhhhhbt] -> (nil)
AscendC: [_ZN7AscendC20img2colv2_cbuf_to_cbEPN8bfloat165Bf16TES2_tttthhhhhhbt4bm_t] -> (nil)
AscendC: [_ZN7AscendC20img2colv2_cbuf_to_cbEPN8bfloat165Bf16TES2_tttthhhhhhbbbbt] -> 0xffff9495d9e8
AscendC: [_ZN7AscendC20img2colv2_cbuf_to_cbEPfS0_mm] -> (nil)
AscendC: [_ZN7AscendC20img2colv2_cbuf_to_cbEPfS0_mm4bm_t] -> (nil)
AscendC: [_ZN7AscendC20img2colv2_cbuf_to_cbEPfS0_tttthhhhhhbt] -> (nil)
AscendC: [_ZN7AscendC20img2colv2_cbuf_to_cbEPfS0_tttthhhhhhbt4bm_t] -> (nil)
AscendC: [_ZN7AscendC20img2colv2_cbuf_to_cbEPfS0_tttthhhhhhbbbbt] -> 0xffff9495e410
AscendC: [_ZN7AscendC20img2colv2_cbuf_to_cbEPiS0_mm] -> (nil)
AscendC: [_ZN7AscendC20img2colv2_cbuf_to_cbEPiS0_mm4bm_t] -> (nil)
AscendC: [_ZN7AscendC20img2colv2_cbuf_to_cbEPiS0_tttthhhhhhbt] -> (nil)
AscendC: [_ZN7AscendC20img2colv2_cbuf_to_cbEPiS0_tttthhhhhhbt4bm_t] -> (nil)
AscendC: [_ZN7AscendC20img2colv2_cbuf_to_cbEPiS0_tttthhhhhhbbbbt] -> 0xffff9495ecd0
AscendC: [_ZN7AscendC20img2colv2_cbuf_to_cbEPaS0_mm] -> (nil)
AscendC: [_ZN7AscendC20img2colv2_cbuf_to_cbEPaS0_mm4bm_t] -> (nil)
AscendC: [_ZN7AscendC20img2colv2_cbuf_to_cbEPaS0_tttthhhhhhbt] -> (nil)
AscendC: [_ZN7AscendC20img2colv2_cbuf_to_cbEPaS0_tttthhhhhhbt4bm_t] -> (nil)
AscendC: [_ZN7AscendC20img2colv2_cbuf_to_cbEPaS0_tttthhhhhhbbbbt] -> (nil)
AscendC: [_ZN7AscendC20img2colv2_cbuf_to_cbEPjS0_mm] -> (nil)
AscendC: [_ZN7AscendC20img2colv2_cbuf_to_cbEPjS0_mm4bm_t] -> (nil)
AscendC: [_ZN7AscendC20img2colv2_cbuf_to_cbEPjS0_tttthhhhhhbt] -> (nil)
AscendC: [_ZN7AscendC20img2colv2_cbuf_to_cbEPjS0_tttthhhhhhbt4bm_t] -> (nil)
AscendC: [_ZN7AscendC20img2colv2_cbuf_to_cbEPjS0_tttthhhhhhbbbbt] -> 0xffff9495e870
AscendC: [_ZN7AscendC20img2colv2_cbuf_to_cbEPhS0_mm] -> (nil)
AscendC: [_ZN7AscendC20img2colv2_cbuf_to_cbEPhS0_mm4bm_t] -> (nil)
AscendC: [_ZN7AscendC20img2colv2_cbuf_to_cbEPhS0_tttthhhhhhbt] -> (nil)
AscendC: [_ZN7AscendC20img2colv2_cbuf_to_cbEPhS0_tttthhhhhhbt4bm_t] -> (nil)
AscendC: [_ZN7AscendC20img2colv2_cbuf_to_cbEPhS0_tttthhhhhhbbbbt] -> (nil)
AscendC: [_ZN7AscendC23img2colv2_cbuf_to_cb_s4EPvS0_mm] -> (nil)
AscendC: [_ZN7AscendC23img2colv2_cbuf_to_cb_s4EPvS0_mm4bm_t] -> (nil)
AscendC: [_ZN7AscendC23img2colv2_cbuf_to_cb_s4EPvS0_tttthhhhhhbt] -> (nil)
AscendC: [_ZN7AscendC23img2colv2_cbuf_to_cb_s4EPvS0_tttthhhhhhbt4bm_t] -> (nil)
AscendC: [_ZN7AscendC23img2colv2_cbuf_to_cb_s4EPvS0_tttthhhhhhbbbbt] -> (nil)
AscendC: [_ZN7AscendC20img2colv2_cbuf_to_ubEPN7float165Fp16TES2_mm] -> (nil)
AscendC: [_ZN7AscendC20img2colv2_cbuf_to_ubEPN7float165Fp16TES2_mm4bm_t] -> (nil)
AscendC: [_ZN7AscendC20img2colv2_cbuf_to_ubEPN7float165Fp16TES2_tttthhhhhhbt] -> (nil)
AscendC: [_ZN7AscendC20img2colv2_cbuf_to_ubEPN7float165Fp16TES2_tttthhhhhhbt4bm_t] -> (nil)
AscendC: [_ZN7AscendC20img2colv2_cbuf_to_ubEPN7float165Fp16TES2_tttthhhhhhbbbbt] -> (nil)
AscendC: [_ZN7AscendC20img2colv2_cbuf_to_ubEPfS0_mm] -> (nil)
AscendC: [_ZN7AscendC20img2colv2_cbuf_to_ubEPfS0_mm4bm_t] -> (nil)
AscendC: [_ZN7AscendC20img2colv2_cbuf_to_ubEPfS0_tttthhhhhhbt] -> (nil)
AscendC: [_ZN7AscendC20img2colv2_cbuf_to_ubEPfS0_tttthhhhhhbt4bm_t] -> (nil)
AscendC: [_ZN7AscendC20img2colv2_cbuf_to_ubEPfS0_tttthhhhhhbbbbt] -> (nil)
AscendC: [_ZN7AscendC20img2colv2_cbuf_to_ubEPiS0_mm] -> (nil)
AscendC: [_ZN7AscendC20img2colv2_cbuf_to_ubEPiS0_mm4bm_t] -> (nil)
AscendC: [_ZN7AscendC20img2colv2_cbuf_to_ubEPiS0_tttthhhhhhbt] -> (nil)
AscendC: [_ZN7AscendC20img2colv2_cbuf_to_ubEPiS0_tttthhhhhhbt4bm_t] -> (nil)
AscendC: [_ZN7AscendC20img2colv2_cbuf_to_ubEPiS0_tttthhhhhhbbbbt] -> (nil)
AscendC: [_ZN7AscendC20img2colv2_cbuf_to_ubEPaS0_mm] -> (nil)
AscendC: [_ZN7AscendC20img2colv2_cbuf_to_ubEPaS0_mm4bm_t] -> (nil)
AscendC: [_ZN7AscendC20img2colv2_cbuf_to_ubEPaS0_tttthhhhhhbt] -> (nil)
AscendC: [_ZN7AscendC20img2colv2_cbuf_to_ubEPaS0_tttthhhhhhbt4bm_t] -> (nil)
AscendC: [_ZN7AscendC20img2colv2_cbuf_to_ubEPaS0_tttthhhhhhbbbbt] -> (nil)
AscendC: [_ZN7AscendC20img2colv2_cbuf_to_ubEPjS0_mm] -> (nil)
AscendC: [_ZN7AscendC20img2colv2_cbuf_to_ubEPjS0_mm4bm_t] -> (nil)
AscendC: [_ZN7AscendC20img2colv2_cbuf_to_ubEPjS0_tttthhhhhhbt] -> (nil)
AscendC: [_ZN7AscendC20img2colv2_cbuf_to_ubEPjS0_tttthhhhhhbt4bm_t] -> (nil)
AscendC: [_ZN7AscendC20img2colv2_cbuf_to_ubEPjS0_tttthhhhhhbbbbt] -> (nil)
AscendC: [_ZN7AscendC20img2colv2_cbuf_to_ubEPhS0_mm] -> (nil)
AscendC: [_ZN7AscendC20img2colv2_cbuf_to_ubEPhS0_mm4bm_t] -> (nil)
AscendC: [_ZN7AscendC20img2colv2_cbuf_to_ubEPhS0_tttthhhhhhbt] -> (nil)
AscendC: [_ZN7AscendC20img2colv2_cbuf_to_ubEPhS0_tttthhhhhhbt4bm_t] -> (nil)
AscendC: [_ZN7AscendC20img2colv2_cbuf_to_ubEPhS0_tttthhhhhhbbbbt] -> (nil)
AscendC: [_ZN7AscendC23img2colv2_cbuf_to_ub_s4EPvS0_mm] -> (nil)
AscendC: [_ZN7AscendC23img2colv2_cbuf_to_ub_s4EPvS0_mm4bm_t] -> (nil)
AscendC: [_ZN7AscendC23img2colv2_cbuf_to_ub_s4EPvS0_tttthhhhhhbt] -> (nil)
AscendC: [_ZN7AscendC23img2colv2_cbuf_to_ub_s4EPvS0_tttthhhhhhbt4bm_t] -> (nil)
AscendC: [_ZN7AscendC23img2colv2_cbuf_to_ub_s4EPvS0_tttthhhhhhbbbbt] -> (nil)
AscendC: [_ZN7AscendC10insert_immEmhhb] -> (nil)
AscendC: [_ZN7AscendC10insert_regEmmhh] -> (nil)
AscendC: [_ZN7AscendC6ld_devEPts] -> (nil)
AscendC: [_ZN7AscendC6ld_devEPjs] -> (nil)
AscendC: [_ZN7AscendC6ld_devEPms] -> (nil)
AscendC: [_ZN7AscendC6ld_devEPhs] -> (nil)
AscendC: [_ZN7AscendC4ldvaE10ub_addr8_tmb] -> (nil)
AscendC: [_ZN7AscendC15load_cbuf_to_caEPN8bfloat165Bf16TES2_mb] -> (nil)
AscendC: [_ZN7AscendC15load_cbuf_to_caEPN8bfloat165Bf16TES2_mb15addr_cal_mode_t] -> (nil)
AscendC: [_ZN7AscendC15load_cbuf_to_caEPN8bfloat165Bf16TES2_thtthb15addr_cal_mode_t] -> 0xffff94958598
AscendC: [_ZN7AscendC15load_cbuf_to_caEPN8bfloat165Bf16TES2_thtthbb15addr_cal_mode_t] -> (nil)
AscendC: [_ZN7AscendC15load_cbuf_to_caEPN8bfloat165Bf16TES2_ththb] -> (nil)
AscendC: [_ZN7AscendC15load_cbuf_to_caEPN8bfloat165Bf16TES2_thttb15addr_cal_mode_t] -> (nil)
AscendC: [_ZN7AscendC15load_cbuf_to_caEPN8bfloat165Bf16TES2_mmb] -> (nil)
AscendC: [_ZN7AscendC15load_cbuf_to_caEPN8bfloat165Bf16TES2_tthhttb] -> (nil)
AscendC: [_ZN7AscendC15load_cbuf_to_caEPN7float165Fp16TES2_mb] -> (nil)
AscendC: [_ZN7AscendC15load_cbuf_to_caEPN7float165Fp16TES2_mb15addr_cal_mode_t] -> (nil)
AscendC: [_ZN7AscendC15load_cbuf_to_caEPN7float165Fp16TES2_thtthb15addr_cal_mode_t] -> 0xffff94956578
AscendC: [_ZN7AscendC15load_cbuf_to_caEPN7float165Fp16TES2_thtthbb15addr_cal_mode_t] -> (nil)
AscendC: [_ZN7AscendC15load_cbuf_to_caEPN7float165Fp16TES2_ththb] -> (nil)
AscendC: [_ZN7AscendC15load_cbuf_to_caEPN7float165Fp16TES2_thttb15addr_cal_mode_t] -> (nil)
AscendC: [_ZN7AscendC15load_cbuf_to_caEPfS0_mb15addr_cal_mode_t] -> (nil)
AscendC: [_ZN7AscendC15load_cbuf_to_caEPfS0_thtthb15addr_cal_mode_t] -> 0xffff94957d90
AscendC: [_ZN7AscendC15load_cbuf_to_caEPfS0_thtthbb15addr_cal_mode_t] -> (nil)
AscendC: [_ZN7AscendC15load_cbuf_to_caEPfS0_thttb15addr_cal_mode_t] -> (nil)
AscendC: [_ZN7AscendC15load_cbuf_to_caEPiS0_mb15addr_cal_mode_t] -> (nil)
AscendC: [_ZN7AscendC15load_cbuf_to_caEPiS0_thtthb15addr_cal_mode_t] -> 0xffff94957588
AscendC: [_ZN7AscendC15load_cbuf_to_caEPiS0_thtthbb15addr_cal_mode_t] -> (nil)
AscendC: [_ZN7AscendC15load_cbuf_to_caEPiS0_thttb15addr_cal_mode_t] -> (nil)
AscendC: [_ZN7AscendC15load_cbuf_to_caEPaS0_mb] -> (nil)
AscendC: [_ZN7AscendC15load_cbuf_to_caEPaS0_mb15addr_cal_mode_t] -> (nil)
AscendC: [_ZN7AscendC15load_cbuf_to_caEPaS0_thtthb15addr_cal_mode_t] -> 0xffff94954d60
AscendC: [_ZN7AscendC15load_cbuf_to_caEPaS0_thtthbb15addr_cal_mode_t] -> (nil)
AscendC: [_ZN7AscendC15load_cbuf_to_caEPaS0_ththb] -> (nil)
AscendC: [_ZN7AscendC15load_cbuf_to_caEPaS0_thttb15addr_cal_mode_t] -> (nil)
AscendC: [_ZN7AscendC15load_cbuf_to_caEPjS0_mb15addr_cal_mode_t] -> (nil)
AscendC: [_ZN7AscendC15load_cbuf_to_caEPjS0_thtthb15addr_cal_mode_t] -> 0xffff94956d80
AscendC: [_ZN7AscendC15load_cbuf_to_caEPjS0_thtthbb15addr_cal_mode_t] -> (nil)
AscendC: [_ZN7AscendC15load_cbuf_to_caEPjS0_thttb15addr_cal_mode_t] -> (nil)
AscendC: [_ZN7AscendC15load_cbuf_to_caEPhS0_mb] -> (nil)
AscendC: [_ZN7AscendC15load_cbuf_to_caEPhS0_mb15addr_cal_mode_t] -> (nil)
AscendC: [_ZN7AscendC15load_cbuf_to_caEPhS0_thtthb15addr_cal_mode_t] -> 0xffff94954558
AscendC: [_ZN7AscendC15load_cbuf_to_caEPhS0_thtthbb15addr_cal_mode_t] -> (nil)
AscendC: [_ZN7AscendC15load_cbuf_to_caEPhS0_ththb] -> (nil)
AscendC: [_ZN7AscendC15load_cbuf_to_caEPhS0_thttb15addr_cal_mode_t] -> (nil)
AscendC: [_ZN7AscendC15load_cbuf_to_caEPN7float165Fp16TES2_ththb15addr_cal_mode_t] -> (nil)
AscendC: [_ZN7AscendC15load_cbuf_to_caEPaS0_ththb15addr_cal_mode_t] -> (nil)
AscendC: [_ZN7AscendC15load_cbuf_to_caEPhS0_ththb15addr_cal_mode_t] -> (nil)
AscendC: [_ZN7AscendC18load_cbuf_to_ca_s4EPvS0_mb15addr_cal_mode_t] -> (nil)
AscendC: [_ZN7AscendC18load_cbuf_to_ca_s4EPvS0_thtthb15addr_cal_mode_t] -> 0xffff94959b20
AscendC: [_ZN7AscendC18load_cbuf_to_ca_s4EPvS0_thtthbb15addr_cal_mode_t] -> (nil)
AscendC: [_ZN7AscendC25load_cbuf_to_ca_transposeEPN7float165Fp16TES2_mm] -> (nil)
AscendC: [_ZN7AscendC25load_cbuf_to_ca_transposeEPN7float165Fp16TES2_thttbt] -> 0xffff94954248
AscendC: [_ZN7AscendC25load_cbuf_to_ca_transposeEPfS0_mm] -> (nil)
AscendC: [_ZN7AscendC25load_cbuf_to_ca_transposeEPfS0_thttbt] -> 0xffff94953c28
AscendC: [_ZN7AscendC25load_cbuf_to_ca_transposeEPiS0_mm] -> (nil)
AscendC: [_ZN7AscendC25load_cbuf_to_ca_transposeEPiS0_thttbt] -> 0xffff94953918
AscendC: [_ZN7AscendC25load_cbuf_to_ca_transposeEPaS0_mm] -> (nil)
AscendC: [_ZN7AscendC25load_cbuf_to_ca_transposeEPaS0_thttbt] -> 0xffff949532f8
AscendC: [_ZN7AscendC25load_cbuf_to_ca_transposeEPjS0_mm] -> (nil)
AscendC: [_ZN7AscendC25load_cbuf_to_ca_transposeEPjS0_thttbt] -> 0xffff94953608
AscendC: [_ZN7AscendC25load_cbuf_to_ca_transposeEPhS0_mm] -> (nil)
AscendC: [_ZN7AscendC25load_cbuf_to_ca_transposeEPhS0_thttbt] -> 0xffff94952fe8
AscendC: [_ZN7AscendC24load_cbuf_to_ca_winogradEPN7float165Fp16TES2_mm] -> (nil)
AscendC: [_ZN7AscendC24load_cbuf_to_ca_winogradEPN7float165Fp16TES2_ttthhhhtttt] -> (nil)
AscendC: [_ZN7AscendC24load_cbuf_to_ca_winogradEPaS0_mm] -> (nil)
AscendC: [_ZN7AscendC24load_cbuf_to_ca_winogradEPaS0_ttthhhhtttt] -> (nil)
AscendC: [_ZN7AscendC24load_cbuf_to_ca_winogradEPhS0_mm] -> (nil)
AscendC: [_ZN7AscendC24load_cbuf_to_ca_winogradEPhS0_ttthhhhtttt] -> (nil)
AscendC: [_ZN7AscendC27load_cbuf_to_ca_winograd_v2EPsS0_mm] -> (nil)
AscendC: [_ZN7AscendC27load_cbuf_to_ca_winograd_v2EPsS0_ttthhtttt] -> (nil)
AscendC: [_ZN7AscendC27load_cbuf_to_ca_winograd_v2EPsS0_ttthhttttb] -> (nil)
AscendC: [_ZN7AscendC27load_cbuf_to_ca_winograd_v2EPaS0_mm] -> (nil)
AscendC: [_ZN7AscendC27load_cbuf_to_ca_winograd_v2EPaS0_ttthhtttt] -> (nil)
AscendC: [_ZN7AscendC27load_cbuf_to_ca_winograd_v2EPaS0_ttthhttttb] -> (nil)
AscendC: [_ZN7AscendC27load_cbuf_to_ca_winograd_v2EPhS0_mm] -> (nil)
AscendC: [_ZN7AscendC27load_cbuf_to_ca_winograd_v2EPhS0_ttthhttttb] -> (nil)
AscendC: [_ZN7AscendC15load_cbuf_to_cbEPN8bfloat165Bf16TES2_mb] -> (nil)
AscendC: [_ZN7AscendC15load_cbuf_to_cbEPN8bfloat165Bf16TES2_mb15addr_cal_mode_t] -> (nil)
AscendC: [_ZN7AscendC15load_cbuf_to_cbEPN8bfloat165Bf16TES2_thtthb15addr_cal_mode_t] -> 0xffff94958738
AscendC: [_ZN7AscendC15load_cbuf_to_cbEPN8bfloat165Bf16TES2_thtthbb15addr_cal_mode_t] -> (nil)
AscendC: [_ZN7AscendC15load_cbuf_to_cbEPN8bfloat165Bf16TES2_ththb] -> (nil)
AscendC: [_ZN7AscendC15load_cbuf_to_cbEPN8bfloat165Bf16TES2_thttb15addr_cal_mode_t] -> (nil)
AscendC: [_ZN7AscendC15load_cbuf_to_cbEPN8bfloat165Bf16TES2_mmb] -> (nil)
AscendC: [_ZN7AscendC15load_cbuf_to_cbEPN8bfloat165Bf16TES2_tthhttb] -> (nil)
AscendC: [_ZN7AscendC15load_cbuf_to_cbEPN7float165Fp16TES2_mb] -> (nil)
AscendC: [_ZN7AscendC15load_cbuf_to_cbEPN7float165Fp16TES2_mb15addr_cal_mode_t] -> (nil)
AscendC: [_ZN7AscendC15load_cbuf_to_cbEPN7float165Fp16TES2_thtthb15addr_cal_mode_t] -> 0xffff94956718
AscendC: [_ZN7AscendC15load_cbuf_to_cbEPN7float165Fp16TES2_thtthbb15addr_cal_mode_t] -> (nil)
AscendC: [_ZN7AscendC15load_cbuf_to_cbEPN7float165Fp16TES2_ththb] -> (nil)
AscendC: [_ZN7AscendC15load_cbuf_to_cbEPN7float165Fp16TES2_thttb15addr_cal_mode_t] -> (nil)
AscendC: [_ZN7AscendC15load_cbuf_to_cbEPfS0_mb15addr_cal_mode_t] -> (nil)
AscendC: [_ZN7AscendC15load_cbuf_to_cbEPfS0_thtthb15addr_cal_mode_t] -> 0xffff94957f30
AscendC: [_ZN7AscendC15load_cbuf_to_cbEPfS0_thtthbb15addr_cal_mode_t] -> (nil)
AscendC: [_ZN7AscendC15load_cbuf_to_cbEPfS0_thttb15addr_cal_mode_t] -> (nil)
AscendC: [_ZN7AscendC15load_cbuf_to_cbEPiS0_mb15addr_cal_mode_t] -> (nil)
AscendC: [_ZN7AscendC15load_cbuf_to_cbEPiS0_thtthb15addr_cal_mode_t] -> 0xffff94957728
AscendC: [_ZN7AscendC15load_cbuf_to_cbEPiS0_thtthbb15addr_cal_mode_t] -> (nil)
AscendC: [_ZN7AscendC15load_cbuf_to_cbEPiS0_thttb15addr_cal_mode_t] -> (nil)
AscendC: [_ZN7AscendC15load_cbuf_to_cbEPaS0_mb] -> (nil)
AscendC: [_ZN7AscendC15load_cbuf_to_cbEPaS0_mb15addr_cal_mode_t] -> (nil)
AscendC: [_ZN7AscendC15load_cbuf_to_cbEPaS0_thtthb15addr_cal_mode_t] -> 0xffff94954f00
AscendC: [_ZN7AscendC15load_cbuf_to_cbEPaS0_thtthbb15addr_cal_mode_t] -> (nil)
AscendC: [_ZN7AscendC15load_cbuf_to_cbEPaS0_ththb] -> (nil)
AscendC: [_ZN7AscendC15load_cbuf_to_cbEPaS0_thttb15addr_cal_mode_t] -> (nil)
AscendC: [_ZN7AscendC15load_cbuf_to_cbEPjS0_mb15addr_cal_mode_t] -> (nil)
AscendC: [_ZN7AscendC15load_cbuf_to_cbEPjS0_thtthb15addr_cal_mode_t] -> 0xffff94956f20
AscendC: [_ZN7AscendC15load_cbuf_to_cbEPjS0_thtthbb15addr_cal_mode_t] -> (nil)
AscendC: [_ZN7AscendC15load_cbuf_to_cbEPjS0_thttb15addr_cal_mode_t] -> (nil)
AscendC: [_ZN7AscendC15load_cbuf_to_cbEPhS0_mb] -> (nil)
AscendC: [_ZN7AscendC15load_cbuf_to_cbEPhS0_mb15addr_cal_mode_t] -> (nil)
AscendC: [_ZN7AscendC15load_cbuf_to_cbEPhS0_thtthb15addr_cal_mode_t] -> 0xffff949546f8
AscendC: [_ZN7AscendC15load_cbuf_to_cbEPhS0_thtthbb15addr_cal_mode_t] -> (nil)
AscendC: [_ZN7AscendC15load_cbuf_to_cbEPhS0_ththb] -> (nil)
AscendC: [_ZN7AscendC15load_cbuf_to_cbEPhS0_thttb15addr_cal_mode_t] -> (nil)
AscendC: [_ZN7AscendC15load_cbuf_to_cbEPN7float165Fp16TES2_ththb15addr_cal_mode_t] -> (nil)
AscendC: [_ZN7AscendC15load_cbuf_to_cbEPaS0_ththb15addr_cal_mode_t] -> (nil)
AscendC: [_ZN7AscendC15load_cbuf_to_cbEPhS0_ththb15addr_cal_mode_t] -> (nil)
AscendC: [_ZN7AscendC18load_cbuf_to_cb_b2EPvS0_m] -> (nil)
AscendC: [_ZN7AscendC18load_cbuf_to_cb_b2EPN7float165Fp16TES2_m] -> (nil)
AscendC: [_ZN7AscendC18load_cbuf_to_cb_b2EPN7float165Fp16TES2_hh] -> (nil)
AscendC: [_ZN7AscendC18load_cbuf_to_cb_b2EPN7float165Fp16TES2_h] -> (nil)
AscendC: [_ZN7AscendC18load_cbuf_to_cb_b2EPaS0_m] -> (nil)
AscendC: [_ZN7AscendC18load_cbuf_to_cb_b2EPaS0_hh] -> (nil)
AscendC: [_ZN7AscendC18load_cbuf_to_cb_b2EPaS0_h] -> (nil)
AscendC: [_ZN7AscendC18load_cbuf_to_cb_b2EPhS0_m] -> (nil)
AscendC: [_ZN7AscendC18load_cbuf_to_cb_b2EPhS0_hh] -> (nil)
AscendC: [_ZN7AscendC18load_cbuf_to_cb_b2EPhS0_h] -> (nil)
AscendC: [_ZN7AscendC18load_cbuf_to_cb_s4EPvS0_mb15addr_cal_mode_t] -> (nil)
AscendC: [_ZN7AscendC18load_cbuf_to_cb_s4EPvS0_thtthb15addr_cal_mode_t] -> 0xffff94959ca8
AscendC: [_ZN7AscendC18load_cbuf_to_cb_s4EPvS0_thtthbb15addr_cal_mode_t] -> (nil)
AscendC: [_ZN7AscendC18load_cbuf_to_cb_spEPaS0_m] -> (nil)
AscendC: [_ZN7AscendC18load_cbuf_to_cb_spEPaS0_th] -> 0xffff94950ba0
AscendC: [_ZN7AscendC25load_cbuf_to_cb_transposeEPN7float165Fp16TES2_mm] -> (nil)
AscendC: [_ZN7AscendC25load_cbuf_to_cb_transposeEPN7float165Fp16TES2_thttbt] -> 0xffff949543d0
AscendC: [_ZN7AscendC25load_cbuf_to_cb_transposeEPfS0_mm] -> (nil)
AscendC: [_ZN7AscendC25load_cbuf_to_cb_transposeEPfS0_thttbt] -> 0xffff94953db0
AscendC: [_ZN7AscendC25load_cbuf_to_cb_transposeEPiS0_mm] -> (nil)
AscendC: [_ZN7AscendC25load_cbuf_to_cb_transposeEPiS0_thttbt] -> 0xffff94953aa0
AscendC: [_ZN7AscendC25load_cbuf_to_cb_transposeEPaS0_mm] -> (nil)
AscendC: [_ZN7AscendC25load_cbuf_to_cb_transposeEPaS0_thttbt] -> 0xffff94953480
AscendC: [_ZN7AscendC25load_cbuf_to_cb_transposeEPjS0_mm] -> (nil)
AscendC: [_ZN7AscendC25load_cbuf_to_cb_transposeEPjS0_thttbt] -> 0xffff94953790
AscendC: [_ZN7AscendC25load_cbuf_to_cb_transposeEPhS0_mm] -> (nil)
AscendC: [_ZN7AscendC25load_cbuf_to_cb_transposeEPhS0_thttbt] -> 0xffff94953170
AscendC: [_ZN7AscendC28load_cbuf_to_cb_transpose_s4EPvS0_mm] -> (nil)
AscendC: [_ZN7AscendC28load_cbuf_to_cb_transpose_s4EPvS0_thttbt] -> 0xffff94951f08
AscendC: [_ZN7AscendC24load_cbuf_to_cb_winogradEPN7float165Fp16TES2_m] -> (nil)
AscendC: [_ZN7AscendC24load_cbuf_to_cb_winogradEPN7float165Fp16TES2_hthhhbbh] -> (nil)
AscendC: [_ZN7AscendC24load_cbuf_to_cb_winogradEPaS0_m] -> (nil)
AscendC: [_ZN7AscendC24load_cbuf_to_cb_winogradEPaS0_hthhhbbh] -> (nil)
AscendC: [_ZN7AscendC27load_cbuf_to_cb_winograd_v2EPaS0_m] -> (nil)
AscendC: [_ZN7AscendC27load_cbuf_to_cb_winograd_v2EPaS0_tttb] -> (nil)
AscendC: [_ZN7AscendC30load_decompress_header_from_gmEPvm] -> (nil)
AscendC: [_ZN7AscendC30load_decompress_header_from_gmEPvth] -> (nil)
AscendC: [_ZN7AscendC13load_gm_to_caEPN7float165Fp16TES2_m] -> (nil)
AscendC: [_ZN7AscendC13load_gm_to_caEPN7float165Fp16TES2_m15addr_cal_mode_t] -> (nil)
AscendC: [_ZN7AscendC13load_gm_to_caEPN7float165Fp16TES2_thtth15addr_cal_mode_t] -> 0xffff949568b8
AscendC: [_ZN7AscendC13load_gm_to_caEPN7float165Fp16TES2_thtthb15addr_cal_mode_t] -> (nil)
AscendC: [_ZN7AscendC13load_gm_to_caEPN7float165Fp16TES2_thth] -> (nil)
AscendC: [_ZN7AscendC13load_gm_to_caEPN8bfloat165Bf16TES2_m] -> (nil)
AscendC: [_ZN7AscendC13load_gm_to_caEPN8bfloat165Bf16TES2_m15addr_cal_mode_t] -> (nil)
AscendC: [_ZN7AscendC13load_gm_to_caEPN8bfloat165Bf16TES2_thtth15addr_cal_mode_t] -> 0xffff949588d8
AscendC: [_ZN7AscendC13load_gm_to_caEPN8bfloat165Bf16TES2_thtthb15addr_cal_mode_t] -> (nil)
AscendC: [_ZN7AscendC13load_gm_to_caEPN8bfloat165Bf16TES2_thth] -> (nil)
AscendC: [_ZN7AscendC13load_gm_to_caEPfS0_m15addr_cal_mode_t] -> (nil)
AscendC: [_ZN7AscendC13load_gm_to_caEPfS0_thtth15addr_cal_mode_t] -> 0xffff949580d0
AscendC: [_ZN7AscendC13load_gm_to_caEPfS0_thtthb15addr_cal_mode_t] -> (nil)
AscendC: [_ZN7AscendC13load_gm_to_caEPiS0_m15addr_cal_mode_t] -> (nil)
AscendC: [_ZN7AscendC13load_gm_to_caEPiS0_thtth15addr_cal_mode_t] -> 0xffff949578c8
AscendC: [_ZN7AscendC13load_gm_to_caEPiS0_thtthb15addr_cal_mode_t] -> (nil)
AscendC: [_ZN7AscendC13load_gm_to_caEPaS0_m] -> (nil)
AscendC: [_ZN7AscendC13load_gm_to_caEPaS0_m15addr_cal_mode_t] -> (nil)
AscendC: [_ZN7AscendC13load_gm_to_caEPaS0_thtth15addr_cal_mode_t] -> 0xffff949550a0
AscendC: [_ZN7AscendC13load_gm_to_caEPaS0_thtthb15addr_cal_mode_t] -> (nil)
AscendC: [_ZN7AscendC13load_gm_to_caEPaS0_thth] -> (nil)
AscendC: [_ZN7AscendC13load_gm_to_caEPjS0_m15addr_cal_mode_t] -> (nil)
AscendC: [_ZN7AscendC13load_gm_to_caEPjS0_thtth15addr_cal_mode_t] -> 0xffff949570c0
AscendC: [_ZN7AscendC13load_gm_to_caEPjS0_thtthb15addr_cal_mode_t] -> (nil)
AscendC: [_ZN7AscendC13load_gm_to_caEPhS0_m] -> (nil)
AscendC: [_ZN7AscendC13load_gm_to_caEPhS0_m15addr_cal_mode_t] -> (nil)
AscendC: [_ZN7AscendC13load_gm_to_caEPhS0_thtth15addr_cal_mode_t] -> 0xffff94954898
AscendC: [_ZN7AscendC13load_gm_to_caEPhS0_thtthb15addr_cal_mode_t] -> (nil)
AscendC: [_ZN7AscendC13load_gm_to_caEPhS0_thth] -> (nil)
AscendC: [_ZN7AscendC13load_gm_to_caEPN7float165Fp16TES2_thth15addr_cal_mode_t] -> (nil)
AscendC: [_ZN7AscendC13load_gm_to_caEPaS0_thth15addr_cal_mode_t] -> (nil)
AscendC: [_ZN7AscendC13load_gm_to_caEPhS0_thth15addr_cal_mode_t] -> (nil)
AscendC: [_ZN7AscendC16load_gm_to_ca_s4EPvS0_m15addr_cal_mode_t] -> (nil)
AscendC: [_ZN7AscendC16load_gm_to_ca_s4EPvS0_thtth15addr_cal_mode_t] -> (nil)
AscendC: [_ZN7AscendC16load_gm_to_ca_s4EPvS0_thtthb15addr_cal_mode_t] -> (nil)
AscendC: [_ZN7AscendC19load_gm_to_ca_unzipEPN7float165Fp16TES2_] -> (nil)
AscendC: [_ZN7AscendC19load_gm_to_ca_unzipEPvS0_] -> (nil)
AscendC: [_ZN7AscendC13load_gm_to_cbEPN7float165Fp16TES2_m] -> (nil)
AscendC: [_ZN7AscendC13load_gm_to_cbEPN7float165Fp16TES2_m15addr_cal_mode_t] -> (nil)
AscendC: [_ZN7AscendC13load_gm_to_cbEPN7float165Fp16TES2_thtth15addr_cal_mode_t] -> 0xffff94956a50
AscendC: [_ZN7AscendC13load_gm_to_cbEPN7float165Fp16TES2_thtthb15addr_cal_mode_t] -> (nil)
AscendC: [_ZN7AscendC13load_gm_to_cbEPN7float165Fp16TES2_thth] -> (nil)
AscendC: [_ZN7AscendC13load_gm_to_cbEPN8bfloat165Bf16TES2_m] -> (nil)
AscendC: [_ZN7AscendC13load_gm_to_cbEPN8bfloat165Bf16TES2_m15addr_cal_mode_t] -> (nil)
AscendC: [_ZN7AscendC13load_gm_to_cbEPN8bfloat165Bf16TES2_thtth15addr_cal_mode_t] -> 0xffff94958a70
AscendC: [_ZN7AscendC13load_gm_to_cbEPN8bfloat165Bf16TES2_thtthb15addr_cal_mode_t] -> (nil)
AscendC: [_ZN7AscendC13load_gm_to_cbEPN8bfloat165Bf16TES2_thth] -> (nil)
AscendC: [_ZN7AscendC13load_gm_to_cbEPfS0_m15addr_cal_mode_t] -> (nil)
AscendC: [_ZN7AscendC13load_gm_to_cbEPfS0_thtth15addr_cal_mode_t] -> 0xffff94958268
AscendC: [_ZN7AscendC13load_gm_to_cbEPfS0_thtthb15addr_cal_mode_t] -> (nil)
AscendC: [_ZN7AscendC13load_gm_to_cbEPiS0_m15addr_cal_mode_t] -> (nil)
AscendC: [_ZN7AscendC13load_gm_to_cbEPiS0_thtth15addr_cal_mode_t] -> 0xffff94957a60
AscendC: [_ZN7AscendC13load_gm_to_cbEPiS0_thtthb15addr_cal_mode_t] -> (nil)
AscendC: [_ZN7AscendC13load_gm_to_cbEPaS0_m] -> (nil)
AscendC: [_ZN7AscendC13load_gm_to_cbEPaS0_m15addr_cal_mode_t] -> (nil)
AscendC: [_ZN7AscendC13load_gm_to_cbEPaS0_thtth15addr_cal_mode_t] -> 0xffff94955238
AscendC: [_ZN7AscendC13load_gm_to_cbEPaS0_thtthb15addr_cal_mode_t] -> (nil)
AscendC: [_ZN7AscendC13load_gm_to_cbEPaS0_thth] -> (nil)
AscendC: [_ZN7AscendC13load_gm_to_cbEPjS0_m15addr_cal_mode_t] -> (nil)
AscendC: [_ZN7AscendC13load_gm_to_cbEPjS0_thtth15addr_cal_mode_t] -> 0xffff94957258
AscendC: [_ZN7AscendC13load_gm_to_cbEPjS0_thtthb15addr_cal_mode_t] -> (nil)
AscendC: [_ZN7AscendC13load_gm_to_cbEPhS0_m] -> (nil)
AscendC: [_ZN7AscendC13load_gm_to_cbEPhS0_m15addr_cal_mode_t] -> (nil)
AscendC: [_ZN7AscendC13load_gm_to_cbEPhS0_thtth15addr_cal_mode_t] -> 0xffff94954a30
AscendC: [_ZN7AscendC13load_gm_to_cbEPhS0_thtthb15addr_cal_mode_t] -> (nil)
AscendC: [_ZN7AscendC13load_gm_to_cbEPhS0_thth] -> (nil)
AscendC: [_ZN7AscendC13load_gm_to_cbEPN7float165Fp16TES2_thth15addr_cal_mode_t] -> (nil)
AscendC: [_ZN7AscendC13load_gm_to_cbEPaS0_thth15addr_cal_mode_t] -> (nil)
AscendC: [_ZN7AscendC13load_gm_to_cbEPhS0_thth15addr_cal_mode_t] -> (nil)
AscendC: [_ZN7AscendC16load_gm_to_cb_s4EPvS0_m15addr_cal_mode_t] -> (nil)
AscendC: [_ZN7AscendC16load_gm_to_cb_s4EPvS0_thtth15addr_cal_mode_t] -> (nil)
AscendC: [_ZN7AscendC16load_gm_to_cb_s4EPvS0_thtthb15addr_cal_mode_t] -> (nil)
AscendC: [_ZN7AscendC19load_gm_to_cb_unzipEPN7float165Fp16TES2_] -> (nil)
AscendC: [_ZN7AscendC19load_gm_to_cb_unzipEPvS0_] -> (nil)
AscendC: [_ZN7AscendC15load_gm_to_cbufEPN7float165Fp16TES2_m] -> (nil)
AscendC: [_ZN7AscendC15load_gm_to_cbufEPN7float165Fp16TES2_m15addr_cal_mode_t] -> (nil)
AscendC: [_ZN7AscendC15load_gm_to_cbufEPN7float165Fp16TES2_thtth15addr_cal_mode_t] -> 0xffff94956be8
AscendC: [_ZN7AscendC15load_gm_to_cbufEPN7float165Fp16TES2_thtthb15addr_cal_mode_t] -> (nil)
AscendC: [_ZN7AscendC15load_gm_to_cbufEPN7float165Fp16TES2_thth] -> (nil)
AscendC: [_ZN7AscendC15load_gm_to_cbufEPN8bfloat165Bf16TES2_m] -> (nil)
AscendC: [_ZN7AscendC15load_gm_to_cbufEPN8bfloat165Bf16TES2_m15addr_cal_mode_t] -> (nil)
AscendC: [_ZN7AscendC15load_gm_to_cbufEPN8bfloat165Bf16TES2_thtth15addr_cal_mode_t] -> 0xffff94958c08
AscendC: [_ZN7AscendC15load_gm_to_cbufEPN8bfloat165Bf16TES2_thtthb15addr_cal_mode_t] -> (nil)
AscendC: [_ZN7AscendC15load_gm_to_cbufEPN8bfloat165Bf16TES2_thth] -> (nil)
AscendC: [_ZN7AscendC15load_gm_to_cbufEPfS0_m15addr_cal_mode_t] -> (nil)
AscendC: [_ZN7AscendC15load_gm_to_cbufEPfS0_thtth15addr_cal_mode_t] -> 0xffff94958400
AscendC: [_ZN7AscendC15load_gm_to_cbufEPfS0_thtthb15addr_cal_mode_t] -> (nil)
AscendC: [_ZN7AscendC15load_gm_to_cbufEPiS0_m15addr_cal_mode_t] -> (nil)
AscendC: [_ZN7AscendC15load_gm_to_cbufEPiS0_thtth15addr_cal_mode_t] -> 0xffff94957bf8
AscendC: [_ZN7AscendC15load_gm_to_cbufEPiS0_thtthb15addr_cal_mode_t] -> (nil)
AscendC: [_ZN7AscendC15load_gm_to_cbufEPaS0_m] -> (nil)
AscendC: [_ZN7AscendC15load_gm_to_cbufEPaS0_m15addr_cal_mode_t] -> (nil)
AscendC: [_ZN7AscendC15load_gm_to_cbufEPaS0_thtth15addr_cal_mode_t] -> 0xffff949553d0
AscendC: [_ZN7AscendC15load_gm_to_cbufEPaS0_thtthb15addr_cal_mode_t] -> (nil)
AscendC: [_ZN7AscendC15load_gm_to_cbufEPaS0_thth] -> (nil)
AscendC: [_ZN7AscendC15load_gm_to_cbufEPjS0_m15addr_cal_mode_t] -> (nil)
AscendC: [_ZN7AscendC15load_gm_to_cbufEPjS0_thtth15addr_cal_mode_t] -> 0xffff949573f0
AscendC: [_ZN7AscendC15load_gm_to_cbufEPjS0_thtthb15addr_cal_mode_t] -> (nil)
AscendC: [_ZN7AscendC15load_gm_to_cbufEPhS0_m] -> (nil)
AscendC: [_ZN7AscendC15load_gm_to_cbufEPhS0_m15addr_cal_mode_t] -> (nil)
AscendC: [_ZN7AscendC15load_gm_to_cbufEPhS0_thtth15addr_cal_mode_t] -> 0xffff94954bc8
AscendC: [_ZN7AscendC15load_gm_to_cbufEPhS0_thtthb15addr_cal_mode_t] -> (nil)
AscendC: [_ZN7AscendC15load_gm_to_cbufEPhS0_thth] -> (nil)
AscendC: [_ZN7AscendC15load_gm_to_cbufEPN7float165Fp16TES2_thth15addr_cal_mode_t] -> (nil)
AscendC: [_ZN7AscendC15load_gm_to_cbufEPaS0_thth15addr_cal_mode_t] -> (nil)
AscendC: [_ZN7AscendC15load_gm_to_cbufEPhS0_thth15addr_cal_mode_t] -> (nil)
AscendC: [_ZN7AscendC18load_gm_to_cbuf_s4EPvS0_m15addr_cal_mode_t] -> (nil)
AscendC: [_ZN7AscendC18load_gm_to_cbuf_s4EPvS0_thtth15addr_cal_mode_t] -> (nil)
AscendC: [_ZN7AscendC18load_gm_to_cbuf_s4EPvS0_thtthb15addr_cal_mode_t] -> (nil)
AscendC: [_ZN7AscendC21load_gm_to_cbuf_unzipEPN7float165Fp16TES2_] -> (nil)
AscendC: [_ZN7AscendC21load_gm_to_cbuf_unzipEPvS0_] -> (nil)
AscendC: [_ZN7AscendC18load_image_to_cbufEPN7float165Fp16TEmm] -> (nil)
AscendC: [_ZN7AscendC18load_image_to_cbufEPN7float165Fp16TEttttthhtth] -> 0xffff9495ff90
AscendC: [_ZN7AscendC18load_image_to_cbufEPsmm] -> (nil)
AscendC: [_ZN7AscendC18load_image_to_cbufEPsttttthhtth] -> 0xffff94960458
AscendC: [_ZN7AscendC18load_image_to_cbufEPamm] -> (nil)
AscendC: [_ZN7AscendC18load_image_to_cbufEPattttthhtth] -> 0xffff94960128
AscendC: [_ZN7AscendC18load_image_to_cbufEPhmm] -> (nil)
AscendC: [_ZN7AscendC18load_image_to_cbufEPhttttthhtth] -> 0xffff949602c0
AscendC: [_ZN7AscendC26load_smask_table_from_cbufEtPvm] -> (nil)
AscendC: [_ZN7AscendC24load_smask_table_from_gmEtPvm] -> (nil)
AscendC: [_ZN7AscendC24load_smask_table_from_ubEtPvm] -> (nil)
AscendC: [_ZN7AscendC24load_unzip_index_from_gmEPvm] -> (nil)
AscendC: [_ZN7AscendC24load_unzip_index_from_gmEPvjh] -> (nil)
AscendC: [_ZN7AscendC3madEPN7float165Fp16TES2_S2_m] -> (nil)
AscendC: [_ZN7AscendC3madEPN7float165Fp16TES2_S2_tttb] -> 0xffff9495f940
AscendC: [_ZN7AscendC3madEPN7float165Fp16TES2_S2_ttthhbbbbb] -> (nil)
AscendC: [_ZN7AscendC3madEPN7float165Fp16TES2_S2_ttthbbb] -> 0xffff9495fa20
AscendC: [_ZN7AscendC3madEPfPN7float165Fp16TES3_m] -> (nil)
AscendC: [_ZN7AscendC3madEPfPN7float165Fp16TES3_tttb] -> 0xffff949591a8
AscendC: [_ZN7AscendC3madEPfPN7float165Fp16TES3_ttthhbbbbb] -> (nil)
AscendC: [_ZN7AscendC3madEPfPN7float165Fp16TES3_ttthbbb] -> 0xffff949592f0
AscendC: [_ZN7AscendC3madEPfPN7float165Fp16TES3_ttthhhbbbb] -> (nil)
AscendC: [_ZN7AscendC3madEPfPN8bfloat165Bf16TES3_m] -> (nil)
AscendC: [_ZN7AscendC3madEPfPN8bfloat165Bf16TES3_ttthbbb] -> 0xffff94959860
AscendC: [_ZN7AscendC3madEPfPN8bfloat165Bf16TES3_ttthhhbbbb] -> (nil)
AscendC: [_ZN7AscendC3madEPfS0_S0_m] -> (nil)
AscendC: [_ZN7AscendC3madEPfS0_S0_ttthbbb] -> 0xffff949595b0
AscendC: [_ZN7AscendC3madEPfS0_S0_ttthhhbbbb] -> (nil)
AscendC: [_ZN7AscendC3madEPiPsPam] -> (nil)
AscendC: [_ZN7AscendC3madEPiPsPattth11unit_flag_tbb] -> (nil)
AscendC: [_ZN7AscendC3madEPiPaS1_m] -> (nil)
AscendC: [_ZN7AscendC3madEPiPaS1_tttb] -> 0xffff94958da0
AscendC: [_ZN7AscendC3madEPiPaS1_ttthhbbbbb] -> (nil)
AscendC: [_ZN7AscendC3madEPiPaS1_ttthbbb] -> 0xffff94958ee8
AscendC: [_ZN7AscendC3madEPiPaS1_ttthhhbbbb] -> (nil)
AscendC: [_ZN7AscendC3madEPjPhS1_m] -> (nil)
AscendC: [_ZN7AscendC3madEPjPhS1_tttb] -> 0xffff9495f360
AscendC: [_ZN7AscendC3madEPjPhS1_ttthhbbbbb] -> (nil)
AscendC: [_ZN7AscendC3madEPjPhS1_ttthbbb] -> 0xffff9495f448
AscendC: [_ZN7AscendC3madEPiPhS1_m] -> (nil)
AscendC: [_ZN7AscendC3madEPiPhS1_tttb] -> 0xffff9495f550
AscendC: [_ZN7AscendC3madEPiPhS1_ttthhbbbbb] -> (nil)
AscendC: [_ZN7AscendC3madEPiPhS1_ttthbbb] -> 0xffff9495f638
AscendC: [_ZN7AscendC3madEPiPhS1_ttthhhbbbb] -> (nil)
AscendC: [_ZN7AscendC3madEPiPhPam] -> (nil)
AscendC: [_ZN7AscendC3madEPiPhPatttb] -> 0xffff9495f740
AscendC: [_ZN7AscendC3madEPiPhPattthhbbbbb] -> (nil)
AscendC: [_ZN7AscendC3madEPiPhPattthbbb] -> 0xffff9495f830
AscendC: [_ZN7AscendC3madEPN7float165Fp16TES2_S2_mm] -> (nil)
AscendC: [_ZN7AscendC3madEPN7float165Fp16TES2_S2_mtttb] -> (nil)
AscendC: [_ZN7AscendC3madEPN7float165Fp16TES2_S2_mttthbbb] -> (nil)
AscendC: [_ZN7AscendC3madEPfPN7float165Fp16TES3_mm] -> (nil)
AscendC: [_ZN7AscendC3madEPfPN7float165Fp16TES3_mtttb] -> (nil)
AscendC: [_ZN7AscendC3madEPfPN7float165Fp16TES3_mttthbbb] -> 0xffff94959450
AscendC: [_ZN7AscendC3madEPfPN8bfloat165Bf16TES3_mm] -> (nil)
AscendC: [_ZN7AscendC3madEPfPN8bfloat165Bf16TES3_mttthbbb] -> 0xffff949599c0
AscendC: [_ZN7AscendC3madEPfS0_S0_mm] -> (nil)
AscendC: [_ZN7AscendC3madEPfS0_S0_mttthbbb] -> 0xffff94959708
AscendC: [_ZN7AscendC3madEPiPsPamm] -> (nil)
AscendC: [_ZN7AscendC3madEPiPsPamttth11unit_flag_tbb] -> (nil)
AscendC: [_ZN7AscendC3madEPiPaS1_mm] -> (nil)
AscendC: [_ZN7AscendC3madEPiPaS1_mtttb] -> (nil)
AscendC: [_ZN7AscendC3madEPiPaS1_mttthbbb] -> 0xffff94959048
AscendC: [_ZN7AscendC3madEPjPhS1_mm] -> (nil)
AscendC: [_ZN7AscendC3madEPjPhS1_mtttb] -> (nil)
AscendC: [_ZN7AscendC3madEPjPhS1_mttthbbb] -> (nil)
AscendC: [_ZN7AscendC3madEPiPhS1_mm] -> (nil)
AscendC: [_ZN7AscendC3madEPiPhS1_mtttb] -> (nil)
AscendC: [_ZN7AscendC3madEPiPhS1_mttthbbb] -> (nil)
AscendC: [_ZN7AscendC3madEPiPhPamm] -> (nil)
AscendC: [_ZN7AscendC3madEPiPhPamtttb] -> (nil)
AscendC: [_ZN7AscendC3madEPiPhPamttthbbb] -> (nil)
AscendC: [_ZN7AscendC8mad_b8u2EPiPaPvm] -> (nil)
AscendC: [_ZN7AscendC8mad_b8u2EPiPaPvtttb] -> (nil)
AscendC: [_ZN7AscendC8mad_b8u2EPiPaPvttthhbbbbb] -> (nil)
AscendC: [_ZN7AscendC8mad_b8u2EPiPhPvm] -> (nil)
AscendC: [_ZN7AscendC8mad_b8u2EPiPhPvtttb] -> (nil)
AscendC: [_ZN7AscendC8mad_b8u2EPiPhPvttthhbbbbb] -> (nil)
AscendC: [_ZN7AscendC12mad_bf162f32EPfPtS1_m] -> (nil)
AscendC: [_ZN7AscendC12mad_bf162f32EPfPtS1_ttthbbb] -> (nil)
AscendC: [_ZN7AscendC12mad_bf162f32EPfPtS1_ttthhhbbbb] -> (nil)
AscendC: [_ZN7AscendC9mad_f16u2EPN7float165Fp16TES2_Pvm] -> (nil)
AscendC: [_ZN7AscendC9mad_f16u2EPN7float165Fp16TES2_Pvtttb] -> (nil)
AscendC: [_ZN7AscendC9mad_f16u2EPN7float165Fp16TES2_Pvttthhbbbbb] -> (nil)
AscendC: [_ZN7AscendC6mad_s4EPiPvS1_m] -> (nil)
AscendC: [_ZN7AscendC6mad_s4EPiPvS1_tttb] -> (nil)
AscendC: [_ZN7AscendC6mad_s4EPiPvS1_ttthhbbbbb] -> (nil)
AscendC: [_ZN7AscendC6mad_s4EPiPvS1_ttthbbb] -> 0xffff949505e0
AscendC: [_ZN7AscendC6mad_s4EPiPvS1_ttthhhbbbb] -> (nil)
AscendC: [_ZN7AscendC6mad_spEPiPaS1_m] -> (nil)
AscendC: [_ZN7AscendC6mad_spEPiPaS1_ttthbb] -> 0xffff94950a60
AscendC: [_ZN7AscendC12mad_tf322f32EPfS0_S0_m] -> (nil)
AscendC: [_ZN7AscendC12mad_tf322f32EPfS0_S0_ttthbbb] -> (nil)
AscendC: [_ZN7AscendC12mad_tf322f32EPfS0_S0_ttthhhbbbb] -> (nil)
AscendC: [_ZN7AscendC8mov_vsprE6VSPR_tm] -> (nil)
AscendC: [_ZN7AscendC13mte4_mte5_offEv] -> (nil)
AscendC: [_ZN7AscendC12mte4_mte5_onEv] -> (nil)
AscendC: [_ZN7AscendC7mvf_dciEv] -> (nil)
AscendC: [_ZN7AscendC21mvf_gm_to_ub_b128_u16EPvS0_S0_m] -> (nil)
AscendC: [_ZN7AscendC21mvf_gm_to_ub_b128_u16EPvS0_S0_thh] -> (nil)
AscendC: [_ZN7AscendC21mvf_gm_to_ub_b128_u32EPvS0_S0_m] -> (nil)
AscendC: [_ZN7AscendC21mvf_gm_to_ub_b128_u32EPvS0_S0_thh] -> (nil)
AscendC: [_ZN7AscendC21mvf_gm_to_ub_b256_u16EPvS0_S0_m] -> (nil)
AscendC: [_ZN7AscendC21mvf_gm_to_ub_b256_u16EPvS0_S0_thh] -> (nil)
AscendC: [_ZN7AscendC21mvf_gm_to_ub_b256_u32EPvS0_S0_m] -> (nil)
AscendC: [_ZN7AscendC21mvf_gm_to_ub_b256_u32EPvS0_S0_thh] -> (nil)
AscendC: [_ZN7AscendC20mvf_gm_to_ub_b32_u16EPvS0_S0_m] -> (nil)
AscendC: [_ZN7AscendC20mvf_gm_to_ub_b32_u16EPvS0_S0_thh] -> (nil)
AscendC: [_ZN7AscendC20mvf_gm_to_ub_b32_u32EPvS0_S0_m] -> (nil)
AscendC: [_ZN7AscendC20mvf_gm_to_ub_b32_u32EPvS0_S0_thh] -> (nil)
AscendC: [_ZN7AscendC21mvf_gm_to_ub_b512_u16EPvS0_S0_m] -> (nil)
AscendC: [_ZN7AscendC21mvf_gm_to_ub_b512_u16EPvS0_S0_thh] -> (nil)
AscendC: [_ZN7AscendC21mvf_gm_to_ub_b512_u32EPvS0_S0_m] -> (nil)
AscendC: [_ZN7AscendC21mvf_gm_to_ub_b512_u32EPvS0_S0_thh] -> (nil)
AscendC: [_ZN7AscendC20mvf_gm_to_ub_b64_u16EPvS0_S0_m] -> (nil)
AscendC: [_ZN7AscendC20mvf_gm_to_ub_b64_u16EPvS0_S0_thh] -> (nil)
AscendC: [_ZN7AscendC20mvf_gm_to_ub_b64_u32EPvS0_S0_m] -> (nil)
AscendC: [_ZN7AscendC20mvf_gm_to_ub_b64_u32EPvS0_S0_thh] -> (nil)
AscendC: [_ZN7AscendC12pc_trace_offEv] -> (nil)
AscendC: [_ZN7AscendC11pc_trace_onEv] -> (nil)
AscendC: [_ZN7AscendC12pipe_barrierE6pipe_t] -> 0xffff94916300
AscendC: [_ZN7AscendC7preloadEPKv] -> 0xffff949170c8
AscendC: [_ZN7AscendC7preloadEPKvl] -> 0xffff94916ff8
AscendC: [_ZN7AscendC12release_pbidEm] -> (nil)
AscendC: [_ZN7AscendC7rpn_corEPN7float165Fp16TES2_m] -> (nil)
AscendC: [_ZN7AscendC7rpn_corEPN7float165Fp16TES2_htt] -> (nil)
AscendC: [_ZN7AscendC12rpn_cor_diagEPN7float165Fp16TES2_] -> (nil)
AscendC: [_ZN7AscendC13rpn_cor_diag2EPN7float165Fp16TES2_] -> (nil)
AscendC: [_ZN7AscendC8sbitset0Eml] -> 0xffff94914b90
AscendC: [_ZN7AscendC8sbitset1Eml] -> 0xffff94914b80
AscendC: [_ZN7AscendC12scatter_vabsE7vtype_t10ub_addr8_tS1_m] -> (nil)
AscendC: [_ZN7AscendC12scatter_vabsE7vtype_t10ub_addr8_tS1_htt] -> (nil)
AscendC: [_ZN7AscendC16scatter_vabs_f16E10ub_addr8_tS0_m] -> (nil)
AscendC: [_ZN7AscendC16scatter_vabs_f16E10ub_addr8_tS0_htt] -> (nil)
AscendC: [_ZN7AscendC16scatter_vabs_f32E10ub_addr8_tS0_m] -> (nil)
AscendC: [_ZN7AscendC16scatter_vabs_f32E10ub_addr8_tS0_htt] -> (nil)
AscendC: [_ZN7AscendC16scatter_vabs_s16E10ub_addr8_tS0_m] -> (nil)
AscendC: [_ZN7AscendC16scatter_vabs_s16E10ub_addr8_tS0_htt] -> (nil)
AscendC: [_ZN7AscendC12scatter_vaddE7vtype_t10ub_addr8_tS1_S1_m] -> (nil)
AscendC: [_ZN7AscendC12scatter_vaddE7vtype_t10ub_addr8_tS1_S1_httt] -> (nil)
AscendC: [_ZN7AscendC16scatter_vadd_f16E10ub_addr8_tS0_S0_m] -> (nil)
AscendC: [_ZN7AscendC16scatter_vadd_f16E10ub_addr8_tS0_S0_httt] -> (nil)
AscendC: [_ZN7AscendC16scatter_vadd_f32E10ub_addr8_tS0_S0_m] -> (nil)
AscendC: [_ZN7AscendC16scatter_vadd_f32E10ub_addr8_tS0_S0_httt] -> (nil)
AscendC: [_ZN7AscendC16scatter_vadd_s16E10ub_addr8_tS0_S0_m] -> (nil)
AscendC: [_ZN7AscendC16scatter_vadd_s16E10ub_addr8_tS0_S0_httt] -> (nil)
AscendC: [_ZN7AscendC16scatter_vadd_s32E10ub_addr8_tS0_S0_m] -> (nil)
AscendC: [_ZN7AscendC16scatter_vadd_s32E10ub_addr8_tS0_S0_httt] -> (nil)
AscendC: [_ZN7AscendC13scatter_vaddsE7vtype_t10ub_addr8_tS1_N7float165Fp16TEm] -> (nil)
AscendC: [_ZN7AscendC13scatter_vaddsE7vtype_t10ub_addr8_tS1_N7float165Fp16TEhtt] -> (nil)
AscendC: [_ZN7AscendC13scatter_vaddsE7vtype_t10ub_addr8_tS1_fm] -> (nil)
AscendC: [_ZN7AscendC13scatter_vaddsE7vtype_t10ub_addr8_tS1_fhtt] -> (nil)
AscendC: [_ZN7AscendC17scatter_vadds_f16E10ub_addr8_tS0_N7float165Fp16TEm] -> (nil)
AscendC: [_ZN7AscendC17scatter_vadds_f16E10ub_addr8_tS0_N7float165Fp16TEhtt] -> (nil)
AscendC: [_ZN7AscendC17scatter_vadds_f32E10ub_addr8_tS0_fm] -> (nil)
AscendC: [_ZN7AscendC17scatter_vadds_f32E10ub_addr8_tS0_fhtt] -> (nil)
AscendC: [_ZN7AscendC17scatter_vadds_s16E10ub_addr8_tS0_sm] -> (nil)
AscendC: [_ZN7AscendC17scatter_vadds_s16E10ub_addr8_tS0_shtt] -> (nil)
AscendC: [_ZN7AscendC17scatter_vadds_s32E10ub_addr8_tS0_im] -> (nil)
AscendC: [_ZN7AscendC17scatter_vadds_s32E10ub_addr8_tS0_ihtt] -> (nil)
AscendC: [_ZN7AscendC13scatter_vaxpyE7vtype_t10ub_addr8_tS1_N7float165Fp16TEmb] -> (nil)
AscendC: [_ZN7AscendC13scatter_vaxpyE7vtype_t10ub_addr8_tS1_N7float165Fp16TEhttb] -> (nil)
AscendC: [_ZN7AscendC13scatter_vaxpyE7vtype_t10ub_addr8_tS1_fmb] -> (nil)
AscendC: [_ZN7AscendC13scatter_vaxpyE7vtype_t10ub_addr8_tS1_fhttb] -> (nil)
AscendC: [_ZN7AscendC17scatter_vaxpy_f16E10ub_addr8_tS0_N7float165Fp16TEmb] -> (nil)
AscendC: [_ZN7AscendC17scatter_vaxpy_f16E10ub_addr8_tS0_N7float165Fp16TEhttb] -> (nil)
AscendC: [_ZN7AscendC17scatter_vaxpy_f32E10ub_addr8_tS0_fmb] -> (nil)
AscendC: [_ZN7AscendC17scatter_vaxpy_f32E10ub_addr8_tS0_fhttb] -> (nil)
AscendC: [_ZN7AscendC18scatter_vaxpy_fmixE10ub_addr8_tS0_N7float165Fp16TEmb] -> (nil)
AscendC: [_ZN7AscendC18scatter_vaxpy_fmixE10ub_addr8_tS0_N7float165Fp16TEhttb] -> (nil)
AscendC: [_ZN7AscendC15scatter_vcmp_eqE7vtype_t10ub_addr8_tS1_m] -> (nil)
AscendC: [_ZN7AscendC19scatter_vcmp_eq_f16E10ub_addr8_tS0_m] -> (nil)
AscendC: [_ZN7AscendC19scatter_vcmp_eq_f32E10ub_addr8_tS0_m] -> (nil)
AscendC: [_ZN7AscendC19scatter_vcmp_eq_s16E10ub_addr8_tS0_m] -> (nil)
AscendC: [_ZN7AscendC15scatter_vcmp_geE7vtype_t10ub_addr8_tS1_m] -> (nil)
AscendC: [_ZN7AscendC19scatter_vcmp_ge_f16E10ub_addr8_tS0_m] -> (nil)
AscendC: [_ZN7AscendC19scatter_vcmp_ge_f32E10ub_addr8_tS0_m] -> (nil)
AscendC: [_ZN7AscendC19scatter_vcmp_ge_s16E10ub_addr8_tS0_m] -> (nil)
AscendC: [_ZN7AscendC15scatter_vcmp_gtE7vtype_t10ub_addr8_tS1_m] -> (nil)
AscendC: [_ZN7AscendC19scatter_vcmp_gt_f16E10ub_addr8_tS0_m] -> (nil)
AscendC: [_ZN7AscendC19scatter_vcmp_gt_f32E10ub_addr8_tS0_m] -> (nil)
AscendC: [_ZN7AscendC19scatter_vcmp_gt_s16E10ub_addr8_tS0_m] -> (nil)
AscendC: [_ZN7AscendC15scatter_vcmp_leE7vtype_t10ub_addr8_tS1_m] -> (nil)
AscendC: [_ZN7AscendC19scatter_vcmp_le_f16E10ub_addr8_tS0_m] -> (nil)
AscendC: [_ZN7AscendC19scatter_vcmp_le_f32E10ub_addr8_tS0_m] -> (nil)
AscendC: [_ZN7AscendC19scatter_vcmp_le_s16E10ub_addr8_tS0_m] -> (nil)
AscendC: [_ZN7AscendC15scatter_vcmp_ltE7vtype_t10ub_addr8_tS1_m] -> (nil)
AscendC: [_ZN7AscendC19scatter_vcmp_lt_f16E10ub_addr8_tS0_m] -> (nil)
AscendC: [_ZN7AscendC19scatter_vcmp_lt_f32E10ub_addr8_tS0_m] -> (nil)
AscendC: [_ZN7AscendC19scatter_vcmp_lt_s16E10ub_addr8_tS0_m] -> (nil)
AscendC: [_ZN7AscendC15scatter_vcmp_neE7vtype_t10ub_addr8_tS1_m] -> (nil)
AscendC: [_ZN7AscendC19scatter_vcmp_ne_f16E10ub_addr8_tS0_m] -> (nil)
AscendC: [_ZN7AscendC19scatter_vcmp_ne_f32E10ub_addr8_tS0_m] -> (nil)
AscendC: [_ZN7AscendC19scatter_vcmp_ne_s16E10ub_addr8_tS0_m] -> (nil)
AscendC: [_ZN7AscendC19scatter_vconcat_f16EPN7float165Fp16TE10ub_addr8_tm] -> (nil)
AscendC: [_ZN7AscendC19scatter_vconcat_f16EPN7float165Fp16TE10ub_addr8_thh] -> (nil)
AscendC: [_ZN7AscendC19scatter_vconcat_f32EPf10ub_addr8_tm] -> (nil)
AscendC: [_ZN7AscendC19scatter_vconcat_f32EPf10ub_addr8_thh] -> (nil)
AscendC: [_ZN7AscendC17scatter_vconv_deqE10ub_addr8_tS0_mb] -> (nil)
AscendC: [_ZN7AscendC17scatter_vconv_deqE10ub_addr8_tS0_httb] -> (nil)
AscendC: [_ZN7AscendC21scatter_vconv_f162f32E10ub_addr8_tS0_mb] -> (nil)
AscendC: [_ZN7AscendC21scatter_vconv_f162f32E10ub_addr8_tS0_httb] -> (nil)
AscendC: [_ZN7AscendC22scatter_vconv_f162s32aE10ub_addr8_tS0_mb] -> (nil)
AscendC: [_ZN7AscendC22scatter_vconv_f162s32aE10ub_addr8_tS0_httb] -> (nil)
AscendC: [_ZN7AscendC22scatter_vconv_f162s32cE10ub_addr8_tS0_mb] -> (nil)
AscendC: [_ZN7AscendC22scatter_vconv_f162s32cE10ub_addr8_tS0_httb] -> (nil)
AscendC: [_ZN7AscendC22scatter_vconv_f162s32fE10ub_addr8_tS0_mb] -> (nil)
AscendC: [_ZN7AscendC22scatter_vconv_f162s32fE10ub_addr8_tS0_httb] -> (nil)
AscendC: [_ZN7AscendC22scatter_vconv_f162s32rE10ub_addr8_tS0_mb] -> (nil)
AscendC: [_ZN7AscendC22scatter_vconv_f162s32rE10ub_addr8_tS0_httb] -> (nil)
AscendC: [_ZN7AscendC22scatter_vconv_f162s32zE10ub_addr8_tS0_mb] -> (nil)
AscendC: [_ZN7AscendC22scatter_vconv_f162s32zE10ub_addr8_tS0_httb] -> (nil)
AscendC: [_ZN7AscendC20scatter_vconv_f162s8E10ub_addr8_tS0_mb] -> (nil)
AscendC: [_ZN7AscendC20scatter_vconv_f162s8E10ub_addr8_tS0_httb] -> (nil)
AscendC: [_ZN7AscendC21scatter_vconv_f162s8aE10ub_addr8_tS0_mb] -> (nil)
AscendC: [_ZN7AscendC21scatter_vconv_f162s8aE10ub_addr8_tS0_httb] -> (nil)
AscendC: [_ZN7AscendC21scatter_vconv_f162s8cE10ub_addr8_tS0_mb] -> (nil)
AscendC: [_ZN7AscendC21scatter_vconv_f162s8cE10ub_addr8_tS0_httb] -> (nil)
AscendC: [_ZN7AscendC21scatter_vconv_f162s8fE10ub_addr8_tS0_mb] -> (nil)
AscendC: [_ZN7AscendC21scatter_vconv_f162s8fE10ub_addr8_tS0_httb] -> (nil)
AscendC: [_ZN7AscendC21scatter_vconv_f162s8zE10ub_addr8_tS0_mb] -> (nil)
AscendC: [_ZN7AscendC21scatter_vconv_f162s8zE10ub_addr8_tS0_httb] -> (nil)
AscendC: [_ZN7AscendC20scatter_vconv_f162u8E10ub_addr8_tS0_mb] -> (nil)
AscendC: [_ZN7AscendC20scatter_vconv_f162u8E10ub_addr8_tS0_httb] -> (nil)
AscendC: [_ZN7AscendC21scatter_vconv_f162u8aE10ub_addr8_tS0_mb] -> (nil)
AscendC: [_ZN7AscendC21scatter_vconv_f162u8aE10ub_addr8_tS0_httb] -> (nil)
AscendC: [_ZN7AscendC21scatter_vconv_f162u8cE10ub_addr8_tS0_mb] -> (nil)
AscendC: [_ZN7AscendC21scatter_vconv_f162u8cE10ub_addr8_tS0_httb] -> (nil)
AscendC: [_ZN7AscendC21scatter_vconv_f162u8fE10ub_addr8_tS0_mb] -> (nil)
AscendC: [_ZN7AscendC21scatter_vconv_f162u8fE10ub_addr8_tS0_httb] -> (nil)
AscendC: [_ZN7AscendC21scatter_vconv_f162u8zE10ub_addr8_tS0_mb] -> (nil)
AscendC: [_ZN7AscendC21scatter_vconv_f162u8zE10ub_addr8_tS0_httb] -> (nil)
AscendC: [_ZN7AscendC21scatter_vconv_f322f16E10ub_addr8_tS0_mb] -> (nil)
AscendC: [_ZN7AscendC21scatter_vconv_f322f16E10ub_addr8_tS0_httb] -> (nil)
AscendC: [_ZN7AscendC22scatter_vconv_f322f16oE10ub_addr8_tS0_mb] -> (nil)
AscendC: [_ZN7AscendC22scatter_vconv_f322f16oE10ub_addr8_tS0_httb] -> (nil)
AscendC: [_ZN7AscendC22scatter_vconv_f322s32aE10ub_addr8_tS0_mb] -> (nil)
AscendC: [_ZN7AscendC22scatter_vconv_f322s32aE10ub_addr8_tS0_httb] -> (nil)
AscendC: [_ZN7AscendC22scatter_vconv_f322s32cE10ub_addr8_tS0_mb] -> (nil)
AscendC: [_ZN7AscendC22scatter_vconv_f322s32cE10ub_addr8_tS0_httb] -> (nil)
AscendC: [_ZN7AscendC22scatter_vconv_f322s32fE10ub_addr8_tS0_mb] -> (nil)
AscendC: [_ZN7AscendC22scatter_vconv_f322s32fE10ub_addr8_tS0_httb] -> (nil)
AscendC: [_ZN7AscendC22scatter_vconv_f322s32rE10ub_addr8_tS0_mb] -> (nil)
AscendC: [_ZN7AscendC22scatter_vconv_f322s32rE10ub_addr8_tS0_httb] -> (nil)
AscendC: [_ZN7AscendC22scatter_vconv_f322s32zE10ub_addr8_tS0_mb] -> (nil)
AscendC: [_ZN7AscendC22scatter_vconv_f322s32zE10ub_addr8_tS0_httb] -> (nil)
AscendC: [_ZN7AscendC21scatter_vconv_s322f32E10ub_addr8_tS0_mb] -> (nil)
AscendC: [_ZN7AscendC21scatter_vconv_s322f32E10ub_addr8_tS0_httb] -> (nil)
AscendC: [_ZN7AscendC20scatter_vconv_s82f16E10ub_addr8_tS0_mb] -> (nil)
AscendC: [_ZN7AscendC20scatter_vconv_s82f16E10ub_addr8_tS0_httb] -> (nil)
AscendC: [_ZN7AscendC20scatter_vconv_u82f16E10ub_addr8_tS0_mb] -> (nil)
AscendC: [_ZN7AscendC20scatter_vconv_u82f16E10ub_addr8_tS0_httb] -> (nil)
AscendC: [_ZN7AscendC21scatter_vcshuffle_b16E10ub_addr8_tS0_m] -> (nil)
AscendC: [_ZN7AscendC21scatter_vcshuffle_b16E10ub_addr8_tS0_htth] -> (nil)
AscendC: [_ZN7AscendC21scatter_vcshuffle_b32E10ub_addr8_tS0_m] -> (nil)
AscendC: [_ZN7AscendC21scatter_vcshuffle_b32E10ub_addr8_tS0_htth] -> (nil)
AscendC: [_ZN7AscendC20scatter_vcshuffle_b8E10ub_addr8_tS0_m] -> (nil)
AscendC: [_ZN7AscendC20scatter_vcshuffle_b8E10ub_addr8_tS0_htth] -> (nil)
AscendC: [_ZN7AscendC12scatter_vdivE7vtype_t10ub_addr8_tS1_S1_m] -> (nil)
AscendC: [_ZN7AscendC12scatter_vdivE7vtype_t10ub_addr8_tS1_S1_httt] -> (nil)
AscendC: [_ZN7AscendC16scatter_vdiv_f16E10ub_addr8_tS0_S0_m] -> (nil)
AscendC: [_ZN7AscendC16scatter_vdiv_f16E10ub_addr8_tS0_S0_httt] -> (nil)
AscendC: [_ZN7AscendC16scatter_vdiv_f32E10ub_addr8_tS0_S0_m] -> (nil)
AscendC: [_ZN7AscendC16scatter_vdiv_f32E10ub_addr8_tS0_S0_httt] -> (nil)
AscendC: [_ZN7AscendC18scatter_vector_movE7vtype_t10ub_addr8_tS1_m] -> (nil)
AscendC: [_ZN7AscendC18scatter_vector_movE7vtype_t10ub_addr8_tS1_htt] -> (nil)
AscendC: [_ZN7AscendC22scatter_vector_mov_f16E10ub_addr8_tS0_m] -> (nil)
AscendC: [_ZN7AscendC22scatter_vector_mov_f16E10ub_addr8_tS0_htt] -> (nil)
AscendC: [_ZN7AscendC22scatter_vector_mov_s16E10ub_addr8_tS0_m] -> (nil)
AscendC: [_ZN7AscendC22scatter_vector_mov_s16E10ub_addr8_tS0_htt] -> (nil)
AscendC: [_ZN7AscendC22scatter_vector_mov_u16E10ub_addr8_tS0_m] -> (nil)
AscendC: [_ZN7AscendC22scatter_vector_mov_u16E10ub_addr8_tS0_htt] -> (nil)
AscendC: [_ZN7AscendC12scatter_vexpE7vtype_t10ub_addr8_tS1_m] -> (nil)
AscendC: [_ZN7AscendC12scatter_vexpE7vtype_t10ub_addr8_tS1_htt] -> (nil)
AscendC: [_ZN7AscendC16scatter_vexp_f16E10ub_addr8_tS0_m] -> (nil)
AscendC: [_ZN7AscendC16scatter_vexp_f16E10ub_addr8_tS0_htt] -> (nil)
AscendC: [_ZN7AscendC16scatter_vexp_f32E10ub_addr8_tS0_m] -> (nil)
AscendC: [_ZN7AscendC16scatter_vexp_f32E10ub_addr8_tS0_htt] -> (nil)
AscendC: [_ZN7AscendC20scatter_vextract_f16E10ub_addr8_tPN7float165Fp16TEm] -> (nil)
AscendC: [_ZN7AscendC20scatter_vextract_f16E10ub_addr8_tPN7float165Fp16TEhh] -> (nil)
AscendC: [_ZN7AscendC20scatter_vextract_f32E10ub_addr8_tPfm] -> (nil)
AscendC: [_ZN7AscendC20scatter_vextract_f32E10ub_addr8_tPfhh] -> (nil)
AscendC: [_ZN7AscendC11scatter_vlnE7vtype_t10ub_addr8_tS1_m] -> (nil)
AscendC: [_ZN7AscendC11scatter_vlnE7vtype_t10ub_addr8_tS1_htt] -> (nil)
AscendC: [_ZN7AscendC15scatter_vln_f16E10ub_addr8_tS0_m] -> (nil)
AscendC: [_ZN7AscendC15scatter_vln_f16E10ub_addr8_tS0_htt] -> (nil)
AscendC: [_ZN7AscendC15scatter_vln_f32E10ub_addr8_tS0_m] -> (nil)
AscendC: [_ZN7AscendC15scatter_vln_f32E10ub_addr8_tS0_htt] -> (nil)
AscendC: [_ZN7AscendC13scatter_vmaddE7vtype_t10ub_addr8_tS1_S1_m] -> (nil)
AscendC: [_ZN7AscendC13scatter_vmaddE7vtype_t10ub_addr8_tS1_S1_httt] -> (nil)
AscendC: [_ZN7AscendC17scatter_vmadd_f16E10ub_addr8_tS0_S0_m] -> (nil)
AscendC: [_ZN7AscendC17scatter_vmadd_f16E10ub_addr8_tS0_S0_httt] -> (nil)
AscendC: [_ZN7AscendC17scatter_vmadd_f32E10ub_addr8_tS0_S0_m] -> (nil)
AscendC: [_ZN7AscendC17scatter_vmadd_f32E10ub_addr8_tS0_S0_httt] -> (nil)
AscendC: [_ZN7AscendC17scatter_vmaddreluE7vtype_t10ub_addr8_tS1_S1_m] -> (nil)
AscendC: [_ZN7AscendC17scatter_vmaddreluE7vtype_t10ub_addr8_tS1_S1_httt] -> (nil)
AscendC: [_ZN7AscendC21scatter_vmaddrelu_f16E10ub_addr8_tS0_S0_m] -> (nil)
AscendC: [_ZN7AscendC21scatter_vmaddrelu_f16E10ub_addr8_tS0_S0_httt] -> (nil)
AscendC: [_ZN7AscendC21scatter_vmaddrelu_f32E10ub_addr8_tS0_S0_m] -> (nil)
AscendC: [_ZN7AscendC21scatter_vmaddrelu_f32E10ub_addr8_tS0_S0_httt] -> (nil)
AscendC: [_ZN7AscendC12scatter_vmaxE7vtype_t10ub_addr8_tS1_S1_m] -> (nil)
AscendC: [_ZN7AscendC12scatter_vmaxE7vtype_t10ub_addr8_tS1_S1_httt] -> (nil)
AscendC: [_ZN7AscendC16scatter_vmax_f16E10ub_addr8_tS0_S0_m] -> (nil)
AscendC: [_ZN7AscendC16scatter_vmax_f16E10ub_addr8_tS0_S0_httt] -> (nil)
AscendC: [_ZN7AscendC16scatter_vmax_f32E10ub_addr8_tS0_S0_m] -> (nil)
AscendC: [_ZN7AscendC16scatter_vmax_f32E10ub_addr8_tS0_S0_httt] -> (nil)
AscendC: [_ZN7AscendC16scatter_vmax_s16E10ub_addr8_tS0_S0_m] -> (nil)
AscendC: [_ZN7AscendC16scatter_vmax_s16E10ub_addr8_tS0_S0_httt] -> (nil)
AscendC: [_ZN7AscendC16scatter_vmax_s32E10ub_addr8_tS0_S0_m] -> (nil)
AscendC: [_ZN7AscendC16scatter_vmax_s32E10ub_addr8_tS0_S0_httt] -> (nil)
AscendC: [_ZN7AscendC17scatter_vmaxs_f16E10ub_addr8_tS0_N7float165Fp16TEm] -> (nil)
AscendC: [_ZN7AscendC17scatter_vmaxs_f16E10ub_addr8_tS0_N7float165Fp16TEhtt] -> (nil)
AscendC: [_ZN7AscendC17scatter_vmaxs_f32E10ub_addr8_tS0_fm] -> (nil)
AscendC: [_ZN7AscendC17scatter_vmaxs_f32E10ub_addr8_tS0_fhtt] -> (nil)
AscendC: [_ZN7AscendC17scatter_vmaxs_s16E10ub_addr8_tS0_sm] -> (nil)
AscendC: [_ZN7AscendC17scatter_vmaxs_s16E10ub_addr8_tS0_shtt] -> (nil)
AscendC: [_ZN7AscendC17scatter_vmaxs_s32E10ub_addr8_tS0_im] -> (nil)
AscendC: [_ZN7AscendC17scatter_vmaxs_s32E10ub_addr8_tS0_ihtt] -> (nil)
AscendC: [_ZN7AscendC12scatter_vminE7vtype_t10ub_addr8_tS1_S1_m] -> (nil)
AscendC: [_ZN7AscendC12scatter_vminE7vtype_t10ub_addr8_tS1_S1_httt] -> (nil)
AscendC: [_ZN7AscendC16scatter_vmin_f16E10ub_addr8_tS0_S0_m] -> (nil)
AscendC: [_ZN7AscendC16scatter_vmin_f16E10ub_addr8_tS0_S0_httt] -> (nil)
AscendC: [_ZN7AscendC16scatter_vmin_f32E10ub_addr8_tS0_S0_m] -> (nil)
AscendC: [_ZN7AscendC16scatter_vmin_f32E10ub_addr8_tS0_S0_httt] -> (nil)
AscendC: [_ZN7AscendC16scatter_vmin_s16E10ub_addr8_tS0_S0_m] -> (nil)
AscendC: [_ZN7AscendC16scatter_vmin_s16E10ub_addr8_tS0_S0_httt] -> (nil)
AscendC: [_ZN7AscendC16scatter_vmin_s32E10ub_addr8_tS0_S0_m] -> (nil)
AscendC: [_ZN7AscendC16scatter_vmin_s32E10ub_addr8_tS0_S0_httt] -> (nil)
AscendC: [_ZN7AscendC17scatter_vmins_f16E10ub_addr8_tS0_N7float165Fp16TEm] -> (nil)
AscendC: [_ZN7AscendC17scatter_vmins_f16E10ub_addr8_tS0_N7float165Fp16TEhtt] -> (nil)
AscendC: [_ZN7AscendC17scatter_vmins_f32E10ub_addr8_tS0_fm] -> (nil)
AscendC: [_ZN7AscendC17scatter_vmins_f32E10ub_addr8_tS0_fhtt] -> (nil)
AscendC: [_ZN7AscendC17scatter_vmins_s16E10ub_addr8_tS0_sm] -> (nil)
AscendC: [_ZN7AscendC17scatter_vmins_s16E10ub_addr8_tS0_shtt] -> (nil)
AscendC: [_ZN7AscendC17scatter_vmins_s32E10ub_addr8_tS0_im] -> (nil)
AscendC: [_ZN7AscendC17scatter_vmins_s32E10ub_addr8_tS0_ihtt] -> (nil)
AscendC: [_ZN7AscendC12scatter_vmlaE7vtype_t10ub_addr8_tS1_S1_m] -> (nil)
AscendC: [_ZN7AscendC12scatter_vmlaE7vtype_t10ub_addr8_tS1_S1_httt] -> (nil)
AscendC: [_ZN7AscendC16scatter_vmla_f16E10ub_addr8_tS0_S0_m] -> (nil)
AscendC: [_ZN7AscendC16scatter_vmla_f16E10ub_addr8_tS0_S0_httt] -> (nil)
AscendC: [_ZN7AscendC16scatter_vmla_f32E10ub_addr8_tS0_S0_m] -> (nil)
AscendC: [_ZN7AscendC16scatter_vmla_f32E10ub_addr8_tS0_S0_httt] -> (nil)
AscendC: [_ZN7AscendC17scatter_vmla_fmixE10ub_addr8_tS0_S0_m] -> (nil)
AscendC: [_ZN7AscendC17scatter_vmla_fmixE10ub_addr8_tS0_S0_httt] -> (nil)
AscendC: [_ZN7AscendC12scatter_vmulE7vtype_t10ub_addr8_tS1_S1_m] -> (nil)
AscendC: [_ZN7AscendC12scatter_vmulE7vtype_t10ub_addr8_tS1_S1_httt] -> (nil)
AscendC: [_ZN7AscendC16scatter_vmul_f16E10ub_addr8_tS0_S0_m] -> (nil)
AscendC: [_ZN7AscendC16scatter_vmul_f16E10ub_addr8_tS0_S0_httt] -> (nil)
AscendC: [_ZN7AscendC16scatter_vmul_f32E10ub_addr8_tS0_S0_m] -> (nil)
AscendC: [_ZN7AscendC16scatter_vmul_f32E10ub_addr8_tS0_S0_httt] -> (nil)
AscendC: [_ZN7AscendC16scatter_vmul_s16E10ub_addr8_tS0_S0_m] -> (nil)
AscendC: [_ZN7AscendC16scatter_vmul_s16E10ub_addr8_tS0_S0_httt] -> (nil)
AscendC: [_ZN7AscendC16scatter_vmul_s32E10ub_addr8_tS0_S0_m] -> (nil)
AscendC: [_ZN7AscendC16scatter_vmul_s32E10ub_addr8_tS0_S0_httt] -> (nil)
AscendC: [_ZN7AscendC23scatter_vmulconv_f162s8E10ub_addr8_tS0_S0_mb] -> (nil)
AscendC: [_ZN7AscendC23scatter_vmulconv_f162s8E10ub_addr8_tS0_S0_htttb] -> (nil)
AscendC: [_ZN7AscendC23scatter_vmulconv_f162u8E10ub_addr8_tS0_S0_mb] -> (nil)
AscendC: [_ZN7AscendC23scatter_vmulconv_f162u8E10ub_addr8_tS0_S0_htttb] -> (nil)
AscendC: [_ZN7AscendC13scatter_vmulsE7vtype_t10ub_addr8_tS1_N7float165Fp16TEm] -> (nil)
AscendC: [_ZN7AscendC13scatter_vmulsE7vtype_t10ub_addr8_tS1_N7float165Fp16TEhtt] -> (nil)
AscendC: [_ZN7AscendC13scatter_vmulsE7vtype_t10ub_addr8_tS1_fm] -> (nil)
AscendC: [_ZN7AscendC13scatter_vmulsE7vtype_t10ub_addr8_tS1_fhtt] -> (nil)
AscendC: [_ZN7AscendC17scatter_vmuls_f16E10ub_addr8_tS0_N7float165Fp16TEm] -> (nil)
AscendC: [_ZN7AscendC17scatter_vmuls_f16E10ub_addr8_tS0_N7float165Fp16TEhtt] -> (nil)
AscendC: [_ZN7AscendC17scatter_vmuls_f32E10ub_addr8_tS0_fm] -> (nil)
AscendC: [_ZN7AscendC17scatter_vmuls_f32E10ub_addr8_tS0_fhtt] -> (nil)
AscendC: [_ZN7AscendC17scatter_vmuls_s16E10ub_addr8_tS0_sm] -> (nil)
AscendC: [_ZN7AscendC17scatter_vmuls_s16E10ub_addr8_tS0_shtt] -> (nil)
AscendC: [_ZN7AscendC17scatter_vmuls_s32E10ub_addr8_tS0_im] -> (nil)
AscendC: [_ZN7AscendC17scatter_vmuls_s32E10ub_addr8_tS0_ihtt] -> (nil)
AscendC: [_ZN7AscendC21scatter_vnchwconv_b16E10ub_addr8_tPsm] -> (nil)
AscendC: [_ZN7AscendC21scatter_vnchwconv_b16E10ub_addr8_tPshtt] -> (nil)
AscendC: [_ZN7AscendC21scatter_vnchwconv_b16E10ub_addr8_tPtm] -> (nil)
AscendC: [_ZN7AscendC21scatter_vnchwconv_b16E10ub_addr8_tPthtt] -> (nil)
AscendC: [_ZN7AscendC21scatter_vnchwconv_b16EPs10ub_addr8_tm] -> (nil)
AscendC: [_ZN7AscendC21scatter_vnchwconv_b16EPs10ub_addr8_thtt] -> (nil)
AscendC: [_ZN7AscendC21scatter_vnchwconv_b16EPt10ub_addr8_tm] -> (nil)
AscendC: [_ZN7AscendC21scatter_vnchwconv_b16EPt10ub_addr8_thtt] -> (nil)
AscendC: [_ZN7AscendC21scatter_vnchwconv_b16E10ub_addr8_tS0_m] -> (nil)
AscendC: [_ZN7AscendC21scatter_vnchwconv_b16E10ub_addr8_tS0_htt] -> 0xffff949a2cb8
AscendC: [_ZN7AscendC21scatter_vnchwconv_b32E10ub_addr8_tPim] -> (nil)
AscendC: [_ZN7AscendC21scatter_vnchwconv_b32E10ub_addr8_tPihtt] -> (nil)
AscendC: [_ZN7AscendC21scatter_vnchwconv_b32E10ub_addr8_tPjm] -> (nil)
AscendC: [_ZN7AscendC21scatter_vnchwconv_b32E10ub_addr8_tPjhtt] -> (nil)
AscendC: [_ZN7AscendC21scatter_vnchwconv_b32EPi10ub_addr8_tm] -> (nil)
AscendC: [_ZN7AscendC21scatter_vnchwconv_b32EPi10ub_addr8_thtt] -> (nil)
AscendC: [_ZN7AscendC21scatter_vnchwconv_b32EPj10ub_addr8_tm] -> (nil)
AscendC: [_ZN7AscendC21scatter_vnchwconv_b32EPj10ub_addr8_thtt] -> (nil)
AscendC: [_ZN7AscendC21scatter_vnchwconv_b32E10ub_addr8_tS0_m] -> (nil)
AscendC: [_ZN7AscendC21scatter_vnchwconv_b32E10ub_addr8_tS0_htt] -> 0xffff949a2ca8
AscendC: [_ZN7AscendC20scatter_vnchwconv_b8E10ub_addr8_tPambb] -> (nil)
AscendC: [_ZN7AscendC20scatter_vnchwconv_b8E10ub_addr8_tPahttbb] -> (nil)
AscendC: [_ZN7AscendC20scatter_vnchwconv_b8E10ub_addr8_tPhmbb] -> (nil)
AscendC: [_ZN7AscendC20scatter_vnchwconv_b8E10ub_addr8_tPhhttbb] -> (nil)
AscendC: [_ZN7AscendC20scatter_vnchwconv_b8EPa10ub_addr8_tmbb] -> (nil)
AscendC: [_ZN7AscendC20scatter_vnchwconv_b8EPa10ub_addr8_thttbb] -> (nil)
AscendC: [_ZN7AscendC20scatter_vnchwconv_b8EPh10ub_addr8_tmbb] -> (nil)
AscendC: [_ZN7AscendC20scatter_vnchwconv_b8EPh10ub_addr8_thttbb] -> (nil)
AscendC: [_ZN7AscendC20scatter_vnchwconv_b8E10ub_addr8_tS0_mbb] -> (nil)
AscendC: [_ZN7AscendC20scatter_vnchwconv_b8E10ub_addr8_tS0_httbb] -> 0xffff949a2cc8
AscendC: [_ZN7AscendC12scatter_vrecE7vtype_t10ub_addr8_tS1_m] -> (nil)
AscendC: [_ZN7AscendC12scatter_vrecE7vtype_t10ub_addr8_tS1_htt] -> (nil)
AscendC: [_ZN7AscendC16scatter_vrec_f16E10ub_addr8_tS0_m] -> (nil)
AscendC: [_ZN7AscendC16scatter_vrec_f16E10ub_addr8_tS0_htt] -> (nil)
AscendC: [_ZN7AscendC16scatter_vrec_f32E10ub_addr8_tS0_m] -> (nil)
AscendC: [_ZN7AscendC16scatter_vrec_f32E10ub_addr8_tS0_htt] -> (nil)
AscendC: [_ZN7AscendC13scatter_vreluE7vtype_t10ub_addr8_tS1_m] -> (nil)
AscendC: [_ZN7AscendC13scatter_vreluE7vtype_t10ub_addr8_tS1_htt] -> (nil)
AscendC: [_ZN7AscendC17scatter_vrelu_f16E10ub_addr8_tS0_m] -> (nil)
AscendC: [_ZN7AscendC17scatter_vrelu_f16E10ub_addr8_tS0_htt] -> (nil)
AscendC: [_ZN7AscendC17scatter_vrelu_f32E10ub_addr8_tS0_m] -> (nil)
AscendC: [_ZN7AscendC17scatter_vrelu_f32E10ub_addr8_tS0_htt] -> (nil)
AscendC: [_ZN7AscendC17scatter_vrelu_s32E10ub_addr8_tS0_m] -> (nil)
AscendC: [_ZN7AscendC17scatter_vrelu_s32E10ub_addr8_tS0_htt] -> (nil)
AscendC: [_ZN7AscendC14scatter_vrsqrtE7vtype_t10ub_addr8_tS1_m] -> (nil)
AscendC: [_ZN7AscendC14scatter_vrsqrtE7vtype_t10ub_addr8_tS1_htt] -> (nil)
AscendC: [_ZN7AscendC18scatter_vrsqrt_f16E10ub_addr8_tS0_m] -> (nil)
AscendC: [_ZN7AscendC18scatter_vrsqrt_f16E10ub_addr8_tS0_htt] -> (nil)
AscendC: [_ZN7AscendC18scatter_vrsqrt_f32E10ub_addr8_tS0_m] -> (nil)
AscendC: [_ZN7AscendC18scatter_vrsqrt_f32E10ub_addr8_tS0_htt] -> (nil)
AscendC: [_ZN7AscendC16scatter_vscmergeEPt10ub_addr8_tm] -> (nil)
AscendC: [_ZN7AscendC16scatter_vscmergeEPt10ub_addr8_tth] -> (nil)
AscendC: [_ZN7AscendC16scatter_vscmergeEPh10ub_addr8_tm] -> (nil)
AscendC: [_ZN7AscendC16scatter_vscmergeEPh10ub_addr8_tth] -> (nil)
AscendC: [_ZN7AscendC16scatter_vscmergeEPN7float165Fp16TE10ub_addr8_tm] -> (nil)
AscendC: [_ZN7AscendC16scatter_vscmergeEPN7float165Fp16TE10ub_addr8_tth] -> (nil)
AscendC: [_ZN7AscendC20scatter_vscmerge_b16EPt10ub_addr8_tm] -> (nil)
AscendC: [_ZN7AscendC20scatter_vscmerge_b16EPt10ub_addr8_tth] -> (nil)
AscendC: [_ZN7AscendC19scatter_vscmerge_b8EPh10ub_addr8_tm] -> (nil)
AscendC: [_ZN7AscendC19scatter_vscmerge_b8EPh10ub_addr8_tth] -> (nil)
AscendC: [_ZN7AscendC20scatter_vscmerge_f16EPN7float165Fp16TE10ub_addr8_tm] -> (nil)
AscendC: [_ZN7AscendC20scatter_vscmerge_f16EPN7float165Fp16TE10ub_addr8_tth] -> (nil)
AscendC: [_ZN7AscendC16scatter_vscsplitE10ub_addr8_tPtm] -> (nil)
AscendC: [_ZN7AscendC16scatter_vscsplitE10ub_addr8_tPtth] -> (nil)
AscendC: [_ZN7AscendC16scatter_vscsplitE10ub_addr8_tPhm] -> (nil)
AscendC: [_ZN7AscendC16scatter_vscsplitE10ub_addr8_tPhth] -> (nil)
AscendC: [_ZN7AscendC16scatter_vscsplitE10ub_addr8_tPN7float165Fp16TEm] -> (nil)
AscendC: [_ZN7AscendC16scatter_vscsplitE10ub_addr8_tPN7float165Fp16TEth] -> (nil)
AscendC: [_ZN7AscendC20scatter_vscsplit_b16E10ub_addr8_tPtm] -> (nil)
AscendC: [_ZN7AscendC20scatter_vscsplit_b16E10ub_addr8_tPtth] -> (nil)
AscendC: [_ZN7AscendC20scatter_vscsplit_b16E10ub_addr8_tPsm] -> (nil)
AscendC: [_ZN7AscendC20scatter_vscsplit_b16E10ub_addr8_tPsth] -> (nil)
AscendC: [_ZN7AscendC19scatter_vscsplit_b8E10ub_addr8_tPhm] -> (nil)
AscendC: [_ZN7AscendC19scatter_vscsplit_b8E10ub_addr8_tPhth] -> (nil)
AscendC: [_ZN7AscendC19scatter_vscsplit_b8E10ub_addr8_tPam] -> (nil)
AscendC: [_ZN7AscendC19scatter_vscsplit_b8E10ub_addr8_tPath] -> (nil)
AscendC: [_ZN7AscendC20scatter_vscsplit_f16E10ub_addr8_tPN7float165Fp16TEm] -> (nil)
AscendC: [_ZN7AscendC20scatter_vscsplit_f16E10ub_addr8_tPN7float165Fp16TEth] -> (nil)
AscendC: [_ZN7AscendC12scatter_vselE7vtype_t10ub_addr8_tS1_S1_m] -> (nil)
AscendC: [_ZN7AscendC12scatter_vselE7vtype_t10ub_addr8_tS1_S1_httt] -> (nil)
AscendC: [_ZN7AscendC16scatter_vsel_f16E10ub_addr8_tS0_S0_m] -> (nil)
AscendC: [_ZN7AscendC16scatter_vsel_f16E10ub_addr8_tS0_S0_httth] -> (nil)
AscendC: [_ZN7AscendC16scatter_vsel_f32E10ub_addr8_tS0_S0_m] -> (nil)
AscendC: [_ZN7AscendC16scatter_vsel_f32E10ub_addr8_tS0_S0_httth] -> (nil)
AscendC: [_ZN7AscendC13scatter_vsqrtE7vtype_t10ub_addr8_tS1_m] -> (nil)
AscendC: [_ZN7AscendC13scatter_vsqrtE7vtype_t10ub_addr8_tS1_htt] -> (nil)
AscendC: [_ZN7AscendC17scatter_vsqrt_f16E10ub_addr8_tS0_m] -> (nil)
AscendC: [_ZN7AscendC17scatter_vsqrt_f16E10ub_addr8_tS0_htt] -> (nil)
AscendC: [_ZN7AscendC17scatter_vsqrt_f32E10ub_addr8_tS0_m] -> (nil)
AscendC: [_ZN7AscendC17scatter_vsqrt_f32E10ub_addr8_tS0_htt] -> (nil)
AscendC: [_ZN7AscendC12scatter_vsubE7vtype_t10ub_addr8_tS1_S1_m] -> (nil)
AscendC: [_ZN7AscendC12scatter_vsubE7vtype_t10ub_addr8_tS1_S1_httt] -> (nil)
AscendC: [_ZN7AscendC16scatter_vsub_f16E10ub_addr8_tS0_S0_m] -> (nil)
AscendC: [_ZN7AscendC16scatter_vsub_f16E10ub_addr8_tS0_S0_httt] -> (nil)
AscendC: [_ZN7AscendC16scatter_vsub_f32E10ub_addr8_tS0_S0_m] -> (nil)
AscendC: [_ZN7AscendC16scatter_vsub_f32E10ub_addr8_tS0_S0_httt] -> (nil)
AscendC: [_ZN7AscendC16scatter_vsub_s16E10ub_addr8_tS0_S0_m] -> (nil)
AscendC: [_ZN7AscendC16scatter_vsub_s16E10ub_addr8_tS0_S0_httt] -> (nil)
AscendC: [_ZN7AscendC16scatter_vsub_s32E10ub_addr8_tS0_S0_m] -> (nil)
AscendC: [_ZN7AscendC16scatter_vsub_s32E10ub_addr8_tS0_S0_httt] -> (nil)
AscendC: [_ZN7AscendC14set_aipp_spr_0Em] -> 0xffff9490fe48
AscendC: [_ZN7AscendC14set_aipp_spr_1Em] -> 0xffff9490ffd8
AscendC: [_ZN7AscendC15set_aipp_spr_10Em] -> (nil)
AscendC: [_ZN7AscendC15set_aipp_spr_11Em] -> (nil)
AscendC: [_ZN7AscendC15set_aipp_spr_12Em] -> (nil)
AscendC: [_ZN7AscendC15set_aipp_spr_13Em] -> (nil)
AscendC: [_ZN7AscendC15set_aipp_spr_14Em] -> (nil)
AscendC: [_ZN7AscendC15set_aipp_spr_15Em] -> (nil)
AscendC: [_ZN7AscendC15set_aipp_spr_16Em] -> (nil)
AscendC: [_ZN7AscendC15set_aipp_spr_17Em] -> (nil)
AscendC: [_ZN7AscendC15set_aipp_spr_18Em] -> (nil)
AscendC: [_ZN7AscendC15set_aipp_spr_19Em] -> (nil)
AscendC: [_ZN7AscendC14set_aipp_spr_2Em] -> 0xffff94910170
AscendC: [_ZN7AscendC15set_aipp_spr_20Em] -> (nil)
AscendC: [_ZN7AscendC15set_aipp_spr_21Em] -> (nil)
AscendC: [_ZN7AscendC15set_aipp_spr_22Em] -> (nil)
AscendC: [_ZN7AscendC15set_aipp_spr_23Em] -> (nil)
AscendC: [_ZN7AscendC15set_aipp_spr_24Em] -> (nil)
AscendC: [_ZN7AscendC15set_aipp_spr_25Em] -> (nil)
AscendC: [_ZN7AscendC15set_aipp_spr_26Em] -> (nil)
AscendC: [_ZN7AscendC15set_aipp_spr_27Em] -> (nil)
AscendC: [_ZN7AscendC15set_aipp_spr_28Em] -> (nil)
AscendC: [_ZN7AscendC15set_aipp_spr_29Em] -> (nil)
AscendC: [_ZN7AscendC14set_aipp_spr_3Em] -> 0xffff94910308
AscendC: [_ZN7AscendC15set_aipp_spr_30Em] -> (nil)
AscendC: [_ZN7AscendC15set_aipp_spr_31Em] -> (nil)
AscendC: [_ZN7AscendC14set_aipp_spr_4Em] -> 0xffff949104a0
AscendC: [_ZN7AscendC14set_aipp_spr_5Em] -> 0xffff94910638
AscendC: [_ZN7AscendC14set_aipp_spr_6Em] -> 0xffff949107d0
AscendC: [_ZN7AscendC14set_aipp_spr_7Em] -> 0xffff94910968
AscendC: [_ZN7AscendC14set_aipp_spr_8Em] -> 0xffff94910b00
AscendC: [_ZN7AscendC14set_aipp_spr_9Em] -> 0xffff94910c98
AscendC: [_ZN7AscendC14set_atomic_addEv] -> 0xffff948fbea0
AscendC: [_ZN7AscendC15set_atomic_bf16Ev] -> 0xffff94912008
AscendC: [_ZN7AscendC14set_atomic_f16Ev] -> 0xffff94911cf8
AscendC: [_ZN7AscendC14set_atomic_f32Ev] -> 0xffff94911b70
AscendC: [_ZN7AscendC14set_atomic_maxEv] -> 0xffff948fbec0
AscendC: [_ZN7AscendC14set_atomic_minEv] -> 0xffff948fbee8
AscendC: [_ZN7AscendC15set_atomic_noneEv] -> 0xffff949119e8
AscendC: [_ZN7AscendC14set_atomic_s16Ev] -> 0xffff94911e80
AscendC: [_ZN7AscendC14set_atomic_s32Ev] -> 0xffff94912318
AscendC: [_ZN7AscendC13set_atomic_s8Ev] -> 0xffff94912190
AscendC: [_ZN7AscendC18set_cache_normreadEv] -> (nil)
AscendC: [_ZN7AscendC22set_cache_notwritebackEv] -> (nil)
AscendC: [_ZN7AscendC17set_cache_readinvEv] -> (nil)
AscendC: [_ZN7AscendC18set_cache_readlastEv] -> (nil)
AscendC: [_ZN7AscendC16set_channel_paraEm] -> (nil)
AscendC: [_ZN7AscendC11set_cmpmaskEPv] -> 0xffff94915e70
AscendC: [_ZN7AscendC8set_condEm] -> 0xffff94919ad8
AscendC: [_ZN7AscendC18set_condition_flagEm] -> 0xffff94919e70
AscendC: [_ZN7AscendC8set_ctrlEm] -> 0xffff94915208
AscendC: [_ZN7AscendC14set_data_exp_0Em] -> 0xffff94917190
AscendC: [_ZN7AscendC14set_data_exp_1Em] -> 0xffff949172c0
AscendC: [_ZN7AscendC14set_data_exp_2Em] -> 0xffff949173f0
AscendC: [_ZN7AscendC14set_data_exp_3Em] -> 0xffff94917520
AscendC: [_ZN7AscendC12set_deqscaleEN7float165Fp16TE] -> 0xffff949136e0
AscendC: [_ZN7AscendC12set_deqscaleEm] -> 0xffff94913860
AscendC: [_ZN7AscendC18set_elt_antiq_paraEm] -> (nil)
AscendC: [_ZN7AscendC16set_elt_src_paraEm] -> (nil)
AscendC: [_ZN7AscendC12set_fcol2imgEm] -> (nil)
AscendC: [_ZN7AscendC18set_ffts_base_addrEm] -> 0xffff94914768
AscendC: [_ZN7AscendC17set_fix_clip_reluEm] -> (nil)
AscendC: [_ZN7AscendC13set_fixp_addrEm] -> (nil)
AscendC: [_ZN7AscendC8set_flagE6pipe_tS0_7event_t] -> 0xffff949179c8
AscendC: [_ZN7AscendC8set_flagE6pipe_t7event_t] -> (nil)
AscendC: [_ZN7AscendC8set_flagE6pipe_tS0_m] -> 0xffff94918098
AscendC: [_ZN7AscendC8set_flagE6pipe_tm] -> (nil)
AscendC: [_ZN7AscendC11set_fmatrixEm] -> 0xffff949135b0
AscendC: [_ZN7AscendC13set_fmatrix_bEm] -> 0xffff94913c58
AscendC: [_ZN7AscendC18set_fmatrix_dual_0Em] -> (nil)
AscendC: [_ZN7AscendC18set_fmatrix_dual_1Em] -> (nil)
AscendC: [_ZN7AscendC7set_fpcEm] -> 0xffff94913eb8
AscendC: [_ZN7AscendC9set_fpdeqEm] -> (nil)
AscendC: [_ZN7AscendC16set_l0_set_valueEN7float165Fp16TE] -> (nil)
AscendC: [_ZN7AscendC16set_l0_set_valueEj] -> (nil)
AscendC: [_ZN7AscendC10set_l0a_2dEPvl] -> (nil)
AscendC: [_ZN7AscendC10set_l0a_2dEPN7float165Fp16TEl] -> (nil)
AscendC: [_ZN7AscendC10set_l0a_2dEPfl] -> (nil)
AscendC: [_ZN7AscendC10set_l0a_2dEPsl] -> (nil)
AscendC: [_ZN7AscendC10set_l0a_2dEPil] -> (nil)
AscendC: [_ZN7AscendC10set_l0a_2dEPtl] -> (nil)
AscendC: [_ZN7AscendC10set_l0a_2dEPjl] -> (nil)
AscendC: [_ZN7AscendC10set_l0b_2dEPvl] -> (nil)
AscendC: [_ZN7AscendC10set_l0b_2dEPN7float165Fp16TEl] -> (nil)
AscendC: [_ZN7AscendC10set_l0b_2dEPfl] -> (nil)
AscendC: [_ZN7AscendC10set_l0b_2dEPsl] -> (nil)
AscendC: [_ZN7AscendC10set_l0b_2dEPil] -> (nil)
AscendC: [_ZN7AscendC10set_l0b_2dEPtl] -> (nil)
AscendC: [_ZN7AscendC10set_l0b_2dEPjl] -> (nil)
AscendC: [_ZN7AscendC9set_l1_2dEPvl] -> (nil)
AscendC: [_ZN7AscendC9set_l1_2dEPN7float165Fp16TEl] -> (nil)
AscendC: [_ZN7AscendC9set_l1_2dEPfl] -> (nil)
AscendC: [_ZN7AscendC9set_l1_2dEPsl] -> (nil)
AscendC: [_ZN7AscendC9set_l1_2dEPil] -> (nil)
AscendC: [_ZN7AscendC9set_l1_2dEPtl] -> (nil)
AscendC: [_ZN7AscendC9set_l1_2dEPjl] -> (nil)
AscendC: [_ZN7AscendC14set_l1_3d_sizeEm] -> 0xffff94916040
AscendC: [_ZN7AscendC11set_l3d_rptEm] -> 0xffff94951310
AscendC: [_ZN7AscendC14set_loop3_paraEm] -> (nil)
AscendC: [_ZN7AscendC15set_low_pre_tblEm] -> (nil)
AscendC: [_ZN7AscendC9set_lpcntEm] -> (nil)
AscendC: [_ZN7AscendC15set_lrelu_alphaEm] -> (nil)
AscendC: [_ZN7AscendC15set_lrelu_alphaEN7float165Fp16TE] -> 0xffff94913ad0
AscendC: [_ZN7AscendC15set_lrelu_alphaEf] -> 0xffff94913990
AscendC: [_ZN7AscendC14set_mask_countEv] -> 0xffff94914940
AscendC: [_ZN7AscendC13set_mask_normEv] -> 0xffff94914a60
AscendC: [_ZN7AscendC15set_mov_pad_valEm] -> 0xffff948fded0
AscendC: [_ZN7AscendC11set_nd_paraEm] -> 0xffff94913fe8
AscendC: [_ZN7AscendC11set_paddingEm] -> 0xffff94951148
AscendC: [_ZN7AscendC11set_paddingEN7float165Fp16TE] -> 0xffff94951440
AscendC: [_ZN7AscendC11set_paddingEs] -> 0xffff94950f80
AscendC: [_ZN7AscendC11set_paddingEt] -> 0xffff94950db8
AscendC: [_ZN7AscendC16set_pcie_rd_ctrlEm] -> (nil)
AscendC: [_ZN7AscendC16set_pcie_wr_ctrlEm] -> (nil)
AscendC: [_ZN7AscendC11set_pnt_coeEm] -> (nil)
AscendC: [_ZN7AscendC14set_quant_postEm] -> (nil)
AscendC: [_ZN7AscendC13set_quant_preEm] -> 0xffff94913d88
AscendC: [_ZN7AscendC19set_rawheader_to_gmEPvm] -> (nil)
AscendC: [_ZN7AscendC19set_rawheader_to_gmEPvtbh] -> (nil)
AscendC: [_ZN7AscendC14set_relu_alphaEm] -> (nil)
AscendC: [_ZN7AscendC12set_reqscaleEm] -> (nil)
AscendC: [_ZN7AscendC14set_rpn_cor_irEm] -> (nil)
AscendC: [_ZN7AscendC14set_rpn_offsetEN7float165Fp16TE] -> (nil)
AscendC: [_ZN7AscendC17set_safety_crc_enEm] -> (nil)
AscendC: [_ZN7AscendC19set_safety_crc_excpEm] -> (nil)
AscendC: [_ZN7AscendC15set_smask_indexEm] -> (nil)
AscendC: [_ZN7AscendC17set_st_atomic_cfgEm] -> (nil)
AscendC: [_ZN7AscendC17set_st_atomic_cfgE13atomic_type_t11atomic_op_t] -> 0xffff9491a208
AscendC: [_ZN7AscendC13set_va_reg_sbE10ub_addr8_tPm] -> 0xffff949a2220
AscendC: [_ZN7AscendC15set_vector_maskEmm] -> 0xffff94914788
AscendC: [_ZN7AscendC19set_vector_mask_dupEm] -> (nil)
AscendC: [_ZN7AscendC9set_vpipeEm] -> (nil)
AscendC: [_ZN7AscendC7set_vspEm] -> (nil)
AscendC: [_ZN7AscendC4sff0Em] -> 0xffff94914ba0
AscendC: [_ZN7AscendC4sff1Em] -> 0xffff94914bd0
AscendC: [_ZN7AscendC7sflbitsEl] -> 0xffff94914c80
AscendC: [_ZN7AscendC6st_devEtPts] -> (nil)
AscendC: [_ZN7AscendC6st_devEjPjs] -> (nil)
AscendC: [_ZN7AscendC6st_devEmPms] -> (nil)
AscendC: [_ZN7AscendC6st_devEhPhs] -> (nil)
AscendC: [_ZN7AscendC21store_l1_to_out_imageEPN7float165Fp16TES2_mm] -> (nil)
AscendC: [_ZN7AscendC21store_l1_to_out_imageEPN7float165Fp16TES2_thththbhm] -> (nil)
AscendC: [_ZN7AscendC21store_l1_to_out_imageEPsS0_mm] -> (nil)
AscendC: [_ZN7AscendC21store_l1_to_out_imageEPsS0_thththbhm] -> (nil)
AscendC: [_ZN7AscendC4trapEm] -> 0xffff94916238
AscendC: [_ZN7AscendC6plt_b8ERj7Literal] -> (nil)
AscendC: [_ZN7AscendC7plt_b16ERj7Literal] -> (nil)
AscendC: [_ZN7AscendC7plt_b32ERj7Literal] -> (nil)
AscendC: [_ZN7AscendC7pltm_b8Etj] -> (nil)
AscendC: [_ZN7AscendC8pltm_b16Etj] -> (nil)
AscendC: [_ZN7AscendC8pltm_b32Etj] -> (nil)
AscendC: [_ZN7AscendC7vag_b32Et] -> (nil)
AscendC: [_ZN7AscendC7vag_b32Ett] -> (nil)
AscendC: [_ZN7AscendC7vag_b32Ettt] -> (nil)
AscendC: [_ZN7AscendC7vag_b32Etttt] -> (nil)
AscendC: [_ZN7AscendC7vag_b16Et] -> (nil)
AscendC: [_ZN7AscendC7vag_b16Ett] -> (nil)
AscendC: [_ZN7AscendC7vag_b16Ettt] -> (nil)
AscendC: [_ZN7AscendC7vag_b16Etttt] -> (nil)
AscendC: [_ZN7AscendC4trapEv] -> (nil)
AscendC: [_ZN7AscendC7mem_barE7Literal] -> (nil)
AscendC: [_ZN7AscendC4vaddERA64_iPiS2_h7Literal] -> (nil)
AscendC: [_ZN7AscendC4vaddERA64_jPjS2_h7Literal] -> (nil)
AscendC: [_ZN7AscendC4vaddERA128_sPsS2_h7Literal] -> (nil)
AscendC: [_ZN7AscendC4vaddERA128_tPtS2_h7Literal] -> (nil)
AscendC: [_ZN7AscendC4vaddERA256_aPaS2_h7Literal] -> (nil)
AscendC: [_ZN7AscendC4vaddERA256_hPhS2_h7Literal] -> (nil)
AscendC: [_ZN7AscendC4vaddERA64_fPfS2_h7Literal] -> (nil)
AscendC: [_ZN7AscendC4vaddERA128_N7float165Fp16TEPS1_S4_h7Literal] -> (nil)
AscendC: [_ZN7AscendC4vabsERA64_fPfh7Literal] -> (nil)
AscendC: [_ZN7AscendC4vabsERA128_N7float165Fp16TEPS1_h7Literal] -> (nil)
AscendC: [_ZN7AscendC4vabsERA256_aPah7Literal] -> (nil)
AscendC: [_ZN7AscendC4vabsERA128_sPsh7Literal] -> (nil)
AscendC: [_ZN7AscendC4vabsERA64_iPih7Literal] -> (nil)
AscendC: [_ZN7AscendC4vrecERA64_fPfh7Literal] -> (nil)
AscendC: [_ZN7AscendC4vrecERA128_N7float165Fp16TEPS1_h7Literal] -> (nil)
AscendC: [_ZN7AscendC6vrsqrtERA64_fPfh7Literal] -> (nil)
AscendC: [_ZN7AscendC6vrsqrtERA128_N7float165Fp16TEPS1_h7Literal] -> (nil)
AscendC: [_ZN7AscendC5vreluERA64_fPfh7Literal] -> (nil)
AscendC: [_ZN7AscendC5vreluERA128_N7float165Fp16TEPS1_h7Literal] -> (nil)
AscendC: [_ZN7AscendC5vreluERA64_iPih7Literal] -> (nil)
AscendC: [_ZN7AscendC5vsqrtERA64_fPfh7Literal] -> (nil)
AscendC: [_ZN7AscendC5vsqrtERA128_N7float165Fp16TEPS1_h7Literal] -> (nil)
AscendC: [_ZN7AscendC3vlnERA64_fPfh7Literal] -> (nil)
AscendC: [_ZN7AscendC3vlnERA128_N7float165Fp16TEPS1_h7Literal] -> (nil)
AscendC: [_ZN7AscendC4vexpERA64_fPfh7Literal] -> (nil)
AscendC: [_ZN7AscendC4vexpERA128_N7float165Fp16TEPS1_h7Literal] -> (nil)
AscendC: [_ZN7AscendC4vnotERA256_hPhh7Literal] -> (nil)
AscendC: [_ZN7AscendC4vnotERA256_aPah7Literal] -> (nil)
AscendC: [_ZN7AscendC4vnotERA128_tPth7Literal] -> (nil)
AscendC: [_ZN7AscendC4vnotERA128_sPsh7Literal] -> (nil)
AscendC: [_ZN7AscendC4vnotERA128_N7float165Fp16TEPS1_h7Literal] -> (nil)
AscendC: [_ZN7AscendC4vnotERA64_iPih7Literal] -> (nil)
AscendC: [_ZN7AscendC4vnotERA64_jPjh7Literal] -> (nil)
AscendC: [_ZN7AscendC4vnotERA64_fPfh7Literal] -> (nil)
AscendC: [_ZN7AscendC4pldsERhPji7Literal] -> (nil)
AscendC: [_ZN7AscendC4pldsERhRPji7LiteralS3_] -> (nil)
AscendC: [_ZN7AscendC8movp_b16Ev] -> (nil)
AscendC: [_ZN7AscendC8movp_b32Ev] -> (nil)
AscendC: [_ZN7AscendC4pstsEhPji7Literal] -> (nil)
AscendC: [_ZN7AscendC5ppackERhh7Literal] -> (nil)
AscendC: [_ZN7AscendC7punpackERhh7Literal] -> (nil)
AscendC: [_ZN7AscendC6vintlvERA256_hS1_PhS2_] -> (nil)
AscendC: [_ZN7AscendC6vintlvERA256_aS1_PaS2_] -> (nil)
AscendC: [_ZN7AscendC6vintlvERA128_N7float165Fp16TES3_PS1_S4_] -> (nil)
AscendC: [_ZN7AscendC6vintlvERA128_sS1_PsS2_] -> (nil)
AscendC: [_ZN7AscendC6vintlvERA128_tS1_PtS2_] -> (nil)
AscendC: [_ZN7AscendC6vintlvERA64_fS1_PfS2_] -> (nil)
AscendC: [_ZN7AscendC6vintlvERA64_iS1_PiS2_] -> (nil)
AscendC: [_ZN7AscendC6vintlvERA64_jS1_PjS2_] -> (nil)
AscendC: [_ZN7AscendC7vdintlvERA256_hS1_PhS2_] -> (nil)
AscendC: [_ZN7AscendC7vdintlvERA256_aS1_PaS2_] -> (nil)
AscendC: [_ZN7AscendC7vdintlvERA128_N7float165Fp16TES3_PS1_S4_] -> (nil)
AscendC: [_ZN7AscendC7vdintlvERA128_sS1_PsS2_] -> (nil)
AscendC: [_ZN7AscendC7vdintlvERA128_tS1_PtS2_] -> (nil)
AscendC: [_ZN7AscendC7vdintlvERA64_fS1_PfS2_] -> (nil)
AscendC: [_ZN7AscendC7vdintlvERA64_iS1_PiS2_] -> (nil)
AscendC: [_ZN7AscendC7vdintlvERA64_jS1_PjS2_] -> (nil)
AscendC: [_ZN7AscendC9pintlv_b8ERhS0_hh] -> (nil)
AscendC: [_ZN7AscendC10pintlv_b16ERhS0_hh] -> (nil)
AscendC: [_ZN7AscendC10pintlv_b32ERhS0_hh] -> (nil)
AscendC: [_ZN7AscendC10pdintlv_b8ERhS0_hh] -> (nil)
AscendC: [_ZN7AscendC11pdintlv_b16ERhS0_hh] -> (nil)
AscendC: [_ZN7AscendC11pdintlv_b32ERhS0_hh] -> (nil)
AscendC: [_ZN7AscendC5vsstbEPaS0_ih] -> (nil)
AscendC: [_ZN7AscendC5vsstbEPhS0_ih] -> (nil)
AscendC: [_ZN7AscendC5vsstbEPsS0_ih] -> (nil)
AscendC: [_ZN7AscendC5vsstbEPtS0_ih] -> (nil)
AscendC: [_ZN7AscendC5vsstbEPiS0_ih] -> (nil)
AscendC: [_ZN7AscendC5vsstbEPjS0_ih] -> (nil)
AscendC: [_ZN7AscendC5vsstbEPN8bfloat165Bf16TES2_ih] -> (nil)
AscendC: [_ZN7AscendC5vsstbEPN7float165Fp16TES2_ih] -> (nil)
AscendC: [_ZN7AscendC5vsstbEPfS0_ih] -> (nil)
AscendC: [_ZN7AscendC5vsstbEPaRS0_ih7Literal] -> (nil)
AscendC: [_ZN7AscendC5vsstbEPhRS0_ih7Literal] -> (nil)
AscendC: [_ZN7AscendC5vsstbEPsRS0_ih7Literal] -> (nil)
AscendC: [_ZN7AscendC5vsstbEPtRS0_ih7Literal] -> (nil)
AscendC: [_ZN7AscendC5vsstbEPiRS0_ih7Literal] -> (nil)
AscendC: [_ZN7AscendC5vsstbEPjRS0_ih7Literal] -> (nil)
AscendC: [_ZN7AscendC5vsstbEPN8bfloat165Bf16TERS2_ih7Literal] -> (nil)
AscendC: [_ZN7AscendC5vsstbEPN7float165Fp16TERS2_ih7Literal] -> (nil)
AscendC: [_ZN7AscendC5vsstbEPfRS0_ih7Literal] -> (nil)
AscendC: [_ZN7AscendC5vsldbERA256_aPaih] -> (nil)
AscendC: [_ZN7AscendC5vsldbERA256_hPhih] -> (nil)
AscendC: [_ZN7AscendC5vsldbERA128_sPsih] -> (nil)
AscendC: [_ZN7AscendC5vsldbERA128_tPtih] -> (nil)
AscendC: [_ZN7AscendC5vsldbERA64_iPiih] -> (nil)
AscendC: [_ZN7AscendC5vsldbERA64_jPjih] -> (nil)
AscendC: [_ZN7AscendC5vsldbERA32_lPlih] -> (nil)
AscendC: [_ZN7AscendC5vsldbERA128_N8bfloat165Bf16TEPS1_ih] -> (nil)
AscendC: [_ZN7AscendC5vsldbERA128_N7float165Fp16TEPS1_ih] -> (nil)
AscendC: [_ZN7AscendC5vsldbERA64_fPfih] -> (nil)
AscendC: [_ZN7AscendC5vsldbERA256_aRPaih7Literal] -> (nil)
AscendC: [_ZN7AscendC5vsldbERA256_hRPhih7Literal] -> (nil)
AscendC: [_ZN7AscendC5vsldbERA128_sRPsih7Literal] -> (nil)
AscendC: [_ZN7AscendC5vsldbERA128_tRPtih7Literal] -> (nil)
AscendC: [_ZN7AscendC5vsldbERA64_iRPiih7Literal] -> (nil)
AscendC: [_ZN7AscendC5vsldbERA64_jRPjih7Literal] -> (nil)
AscendC: [_ZN7AscendC5vsldbERA32_lRPlih7Literal] -> (nil)
AscendC: [_ZN7AscendC5vsldbERA128_N8bfloat165Bf16TERPS1_ih7Literal] -> (nil)
AscendC: [_ZN7AscendC5vsldbERA128_N7float165Fp16TERPS1_ih7Literal] -> (nil)
AscendC: [_ZN7AscendC5vsldbERA64_fRPfih7Literal] -> (nil)
AscendC: [_ZN7AscendC3vstEPaS0_i7Literalh] -> (nil)
AscendC: [_ZN7AscendC3vstEPhS0_i7Literalh] -> (nil)
AscendC: [_ZN7AscendC3vstEPsS0_i7Literalh] -> (nil)
AscendC: [_ZN7AscendC3vstEPtS0_i7Literalh] -> (nil)
AscendC: [_ZN7AscendC3vstEPiS0_i7Literalh] -> (nil)
AscendC: [_ZN7AscendC3vstEPjS0_i7Literalh] -> (nil)
AscendC: [_ZN7AscendC3vstEPmS0_i7Literalh] -> (nil)
AscendC: [_ZN7AscendC3vstEPlS0_i7Literalh] -> (nil)
AscendC: [_ZN7AscendC3vstEPN8bfloat165Bf16TES2_i7Literalh] -> (nil)
AscendC: [_ZN7AscendC3vstEPN7float165Fp16TES2_i7Literalh] -> (nil)
AscendC: [_ZN7AscendC3vstEPfS0_i7Literalh] -> (nil)
AscendC: [_ZN7AscendC3vstEPaS0_S0_i7Literalh] -> (nil)
AscendC: [_ZN7AscendC3vstEPhS0_S0_i7Literalh] -> (nil)
AscendC: [_ZN7AscendC3vstEPsS0_S0_i7Literalh] -> (nil)
AscendC: [_ZN7AscendC3vstEPtS0_S0_i7Literalh] -> (nil)
AscendC: [_ZN7AscendC3vstEPN8bfloat165Bf16TES2_S2_i7Literalh] -> (nil)
AscendC: [_ZN7AscendC3vstEPN7float165Fp16TES2_S2_i7Literalh] -> (nil)
AscendC: [_ZN7AscendC4vstsEPaS0_i7Literalh] -> (nil)
AscendC: [_ZN7AscendC4vstsEPhS0_i7Literalh] -> (nil)
AscendC: [_ZN7AscendC4vstsEPsS0_i7Literalh] -> (nil)
AscendC: [_ZN7AscendC4vstsEPtS0_i7Literalh] -> (nil)
AscendC: [_ZN7AscendC4vstsEPiS0_i7Literalh] -> (nil)
AscendC: [_ZN7AscendC4vstsEPjS0_i7Literalh] -> (nil)
AscendC: [_ZN7AscendC4vstsEPmS0_i7Literalh] -> (nil)
AscendC: [_ZN7AscendC4vstsEPlS0_i7Literalh] -> (nil)
AscendC: [_ZN7AscendC4vstsEPN8bfloat165Bf16TES2_i7Literalh] -> (nil)
AscendC: [_ZN7AscendC4vstsEPN7float165Fp16TES2_i7Literalh] -> (nil)
AscendC: [_ZN7AscendC4vstsEPfS0_i7Literalh] -> (nil)
AscendC: [_ZN7AscendC5vstuiERA32_ajPN7float165Fp16TERS4_] -> (nil)
AscendC: [_ZN7AscendC5vstuiERA32_ajPN7float165Fp16TERS4_7Literal] -> (nil)
AscendC: [_ZN7AscendC5vstuiERA32_ajPfRS2_] -> (nil)
AscendC: [_ZN7AscendC5vstuiERA32_ajPfRS2_7Literal] -> (nil)
AscendC: [_ZN7AscendC5vstusERA32_ajPN7float165Fp16TERS4_] -> (nil)
AscendC: [_ZN7AscendC5vstusERA32_ajPN7float165Fp16TERS4_7Literal] -> (nil)
AscendC: [_ZN7AscendC5vstusERA32_ajPfRS2_] -> (nil)
AscendC: [_ZN7AscendC5vstusERA32_ajPfRS2_7Literal] -> (nil)
AscendC: [_ZN7AscendC5vstaiEPaPN7float165Fp16TEi] -> (nil)
AscendC: [_ZN7AscendC5vstaiEPaRPN7float165Fp16TEi7Literal] -> (nil)
AscendC: [_ZN7AscendC5vstaiEPaPfi] -> (nil)
AscendC: [_ZN7AscendC5vstaiEPaRPfi7Literal] -> (nil)
AscendC: [_ZN7AscendC5vstasEPaPN7float165Fp16TEi] -> (nil)
AscendC: [_ZN7AscendC5vstasEPaRPN7float165Fp16TEi7Literal] -> (nil)
AscendC: [_ZN7AscendC5vstasEPaPfi] -> (nil)
AscendC: [_ZN7AscendC5vstasEPaRPfi7Literal] -> (nil)
AscendC: [_ZN7AscendC3vorERA256_hPhS2_h7Literal] -> (nil)
AscendC: [_ZN7AscendC3vorERA256_aPaS2_h7Literal] -> (nil)
AscendC: [_ZN7AscendC3vorERA128_tPtS2_h7Literal] -> (nil)
AscendC: [_ZN7AscendC3vorERA128_sPsS2_h7Literal] -> (nil)
AscendC: [_ZN7AscendC3vorERA64_iPiS2_h7Literal] -> (nil)
AscendC: [_ZN7AscendC3vorERA64_jPjS2_h7Literal] -> (nil)
AscendC: [_ZN7AscendC3vorERA64_fPfS2_h7Literal] -> (nil)
AscendC: [_ZN7AscendC3vorERA128_N7float165Fp16TEPS1_S4_h7Literal] -> (nil)
AscendC: [_ZN7AscendC4vandERA256_hPhS2_h7Literal] -> (nil)
AscendC: [_ZN7AscendC4vandERA256_aPaS2_h7Literal] -> (nil)
AscendC: [_ZN7AscendC4vandERA128_tPtS2_h7Literal] -> (nil)
AscendC: [_ZN7AscendC4vandERA128_sPsS2_h7Literal] -> (nil)
AscendC: [_ZN7AscendC4vandERA64_iPiS2_h7Literal] -> (nil)
AscendC: [_ZN7AscendC4vandERA64_jPjS2_h7Literal] -> (nil)
AscendC: [_ZN7AscendC4vandERA64_fPfS2_h7Literal] -> (nil)
AscendC: [_ZN7AscendC4vandERA128_N7float165Fp16TEPS1_S4_h7Literal] -> (nil)
AscendC: [_ZN7AscendC4vmaxERA256_hPhS2_h7Literal] -> (nil)
AscendC: [_ZN7AscendC4vmaxERA256_aPaS2_h7Literal] -> (nil)
AscendC: [_ZN7AscendC4vmaxERA128_tPtS2_h7Literal] -> (nil)
AscendC: [_ZN7AscendC4vmaxERA128_sPsS2_h7Literal] -> (nil)
AscendC: [_ZN7AscendC4vmaxERA64_iPiS2_h7Literal] -> (nil)
AscendC: [_ZN7AscendC4vmaxERA64_jPjS2_h7Literal] -> (nil)
AscendC: [_ZN7AscendC4vmaxERA64_fPfS2_h7Literal] -> (nil)
AscendC: [_ZN7AscendC4vmaxERA128_N7float165Fp16TEPS1_S4_h7Literal] -> (nil)
AscendC: [_ZN7AscendC4vminERA256_hPhS2_h7Literal] -> (nil)
AscendC: [_ZN7AscendC4vminERA256_aPaS2_h7Literal] -> (nil)
AscendC: [_ZN7AscendC4vminERA128_tPtS2_h7Literal] -> (nil)
AscendC: [_ZN7AscendC4vminERA128_sPsS2_h7Literal] -> (nil)
AscendC: [_ZN7AscendC4vminERA64_iPiS2_h7Literal] -> (nil)
AscendC: [_ZN7AscendC4vminERA64_jPjS2_h7Literal] -> (nil)
AscendC: [_ZN7AscendC4vminERA64_fPfS2_h7Literal] -> (nil)
AscendC: [_ZN7AscendC4vminERA128_N7float165Fp16TEPS1_S4_h7Literal] -> (nil)
AscendC: [_ZN7AscendC4vsubERA256_hPhS2_h7Literal] -> (nil)
AscendC: [_ZN7AscendC4vsubERA256_aPaS2_h7Literal] -> (nil)
AscendC: [_ZN7AscendC4vsubERA128_tPtS2_h7Literal] -> (nil)
AscendC: [_ZN7AscendC4vsubERA128_sPsS2_h7Literal] -> (nil)
AscendC: [_ZN7AscendC4vsubERA64_iPiS2_h7Literal] -> (nil)
AscendC: [_ZN7AscendC4vsubERA64_jPjS2_h7Literal] -> (nil)
AscendC: [_ZN7AscendC4vsubERA64_fPfS2_h7Literal] -> (nil)
AscendC: [_ZN7AscendC4vsubERA128_N7float165Fp16TEPS1_S4_h7Literal] -> (nil)
AscendC: [_ZN7AscendC4vmulERA256_hPhS2_h7Literal] -> (nil)
AscendC: [_ZN7AscendC4vmulERA256_aPaS2_h7Literal] -> (nil)
AscendC: [_ZN7AscendC4vmulERA128_tPtS2_h7Literal] -> (nil)
AscendC: [_ZN7AscendC4vmulERA128_sPsS2_h7Literal] -> (nil)
AscendC: [_ZN7AscendC4vmulERA64_iPiS2_h7Literal] -> (nil)
AscendC: [_ZN7AscendC4vmulERA64_jPjS2_h7Literal] -> (nil)
AscendC: [_ZN7AscendC4vmulERA64_fPfS2_h7Literal] -> (nil)
AscendC: [_ZN7AscendC4vmulERA128_N7float165Fp16TEPS1_S4_h7Literal] -> (nil)
AscendC: [_ZN7AscendC4vdivERA256_hPhS2_h7Literal] -> (nil)
AscendC: [_ZN7AscendC4vdivERA256_aPaS2_h7Literal] -> (nil)
AscendC: [_ZN7AscendC4vdivERA128_tPtS2_h7Literal] -> (nil)
AscendC: [_ZN7AscendC4vdivERA128_sPsS2_h7Literal] -> (nil)
AscendC: [_ZN7AscendC4vdivERA64_iPiS2_h7Literal] -> (nil)
AscendC: [_ZN7AscendC4vdivERA64_jPjS2_h7Literal] -> (nil)
AscendC: [_ZN7AscendC4vdivERA64_fPfS2_h7Literal] -> (nil)
AscendC: [_ZN7AscendC4vdivERA128_N7float165Fp16TEPS1_S4_h7Literal] -> (nil)
AscendC: [_ZN7AscendC7vcmp_eqERhPN7float165Fp16TES3_h] -> (nil)
AscendC: [_ZN7AscendC7vcmp_neERhPN7float165Fp16TES3_h] -> (nil)
AscendC: [_ZN7AscendC7vcmp_gtERhPN7float165Fp16TES3_h] -> (nil)
AscendC: [_ZN7AscendC7vcmp_geERhPN7float165Fp16TES3_h] -> (nil)
AscendC: [_ZN7AscendC7vcmp_ltERhPN7float165Fp16TES3_h] -> (nil)
AscendC: [_ZN7AscendC7vcmp_leERhPN7float165Fp16TES3_h] -> (nil)
AscendC: [_ZN7AscendC7vcmp_eqERhPfS1_h] -> (nil)
AscendC: [_ZN7AscendC7vcmp_neERhPfS1_h] -> (nil)
AscendC: [_ZN7AscendC7vcmp_gtERhPfS1_h] -> (nil)
AscendC: [_ZN7AscendC7vcmp_geERhPfS1_h] -> (nil)
AscendC: [_ZN7AscendC7vcmp_ltERhPfS1_h] -> (nil)
AscendC: [_ZN7AscendC7vcmp_leERhPfS1_h] -> (nil)
AscendC: [_ZN7AscendC4vselERA128_N7float165Fp16TEPS1_S4_h] -> (nil)
AscendC: [_ZN7AscendC4vselERA64_fPfS2_h] -> (nil)
AscendC: [_ZN7AscendC3vbrERA128_N7float165Fp16TES1_] -> (nil)
AscendC: [_ZN7AscendC3vbrERA128_tt] -> (nil)
AscendC: [_ZN7AscendC3vbrERA128_ss] -> (nil)
AscendC: [_ZN7AscendC3vbrERA64_ff] -> (nil)
AscendC: [_ZN7AscendC3vbrERA64_jj] -> (nil)
AscendC: [_ZN7AscendC3vbrERA64_ii] -> (nil)
AscendC: [_ZN7AscendC6sprclrE7Literal] -> (nil)
AscendC: [_ZN7AscendC4pmovERhhh] -> (nil)
AscendC: [_ZN7AscendC4vsqzERA128_N7float165Fp16TEPS1_h7Literal] -> (nil)
AscendC: [_ZN7AscendC4vsqzERA128_tPth7Literal] -> (nil)
AscendC: [_ZN7AscendC4vsqzERA128_sPsh7Literal] -> (nil)
AscendC: [_ZN7AscendC4vsqzERA64_fPfh7Literal] -> (nil)
AscendC: [_ZN7AscendC4vsqzERA64_jPjh7Literal] -> (nil)
AscendC: [_ZN7AscendC4vsqzERA64_iPih7Literal] -> (nil)
AscendC: [_ZN7AscendC5vsturERA32_aPN7float165Fp16TES4_7Literal] -> (nil)
AscendC: [_ZN7AscendC5vsturERA32_aPtS2_7Literal] -> (nil)
AscendC: [_ZN7AscendC5vsturERA32_aPsS2_7Literal] -> (nil)
AscendC: [_ZN7AscendC5vsturERA32_aPfS2_7Literal] -> (nil)
AscendC: [_ZN7AscendC5vsturERA32_aPjS2_7Literal] -> (nil)
AscendC: [_ZN7AscendC5vsturERA32_aPiS2_7Literal] -> (nil)
AscendC: [_ZN7AscendC5vstarEPaPN7float165Fp16TE] -> (nil)
AscendC: [_ZN7AscendC5vstarEPaPs] -> (nil)
AscendC: [_ZN7AscendC5vstarEPaPt] -> (nil)
AscendC: [_ZN7AscendC5vstarEPaPf] -> (nil)
AscendC: [_ZN7AscendC5vstarEPaPi] -> (nil)
AscendC: [_ZN7AscendC5vstarEPaPj] -> (nil)
AscendC: [_ZN7AscendC6pge_b8E7Literal] -> (nil)
AscendC: [_ZN7AscendC7pge_b16E7Literal] -> (nil)
AscendC: [_ZN7AscendC7pge_b32E7Literal] -> (nil)
AscendC: [_ZN7AscendC7pset_b8E7Literal] -> (nil)
AscendC: [_ZN7AscendC8pset_b16E7Literal] -> (nil)
AscendC: [_ZN7AscendC8pset_b32E7Literal] -> (nil)
AscendC: [_ZN7AscendC5vldasERA32_aPh] -> (nil)
AscendC: [_ZN7AscendC5vldasERA32_aPN7float165Fp16TE] -> (nil)
AscendC: [_ZN7AscendC5vldasERA32_aPt] -> (nil)
AscendC: [_ZN7AscendC5vldasERA32_aPs] -> (nil)
AscendC: [_ZN7AscendC5vldasERA32_aPf] -> (nil)
AscendC: [_ZN7AscendC5vldasERA32_aPj] -> (nil)
AscendC: [_ZN7AscendC5vldasERA32_aPi] -> (nil)
AscendC: [_ZN7AscendC5vldusERA256_hRA32_aRPhj7Literal] -> (nil)
AscendC: [_ZN7AscendC5vldusERA128_N7float165Fp16TERA32_aRPS1_j7Literal] -> (nil)
AscendC: [_ZN7AscendC5vldusERA128_tRA32_aRPtj7Literal] -> (nil)
AscendC: [_ZN7AscendC5vldusERA128_sRA32_aRPsj7Literal] -> (nil)
AscendC: [_ZN7AscendC5vldusERA64_fRA32_aRPfj7Literal] -> (nil)
AscendC: [_ZN7AscendC5vldusERA64_jRA32_aRPjj7Literal] -> (nil)
AscendC: [_ZN7AscendC5vldusERA64_iRA32_aRPij7Literal] -> (nil)
AscendC: [_ZN7AscendC4vdupERA256_hhh7Literal] -> (nil)
AscendC: [_ZN7AscendC4vdupERA256_aah7Literal] -> (nil)
AscendC: [_ZN7AscendC4vdupERA128_tth7Literal] -> (nil)
AscendC: [_ZN7AscendC4vdupERA128_ssh7Literal] -> (nil)
AscendC: [_ZN7AscendC4vdupERA64_iih7Literal] -> (nil)
AscendC: [_ZN7AscendC4vdupERA64_jjh7Literal] -> (nil)
AscendC: [_ZN7AscendC4vdupERA64_ffh7Literal] -> (nil)
AscendC: [_ZN7AscendC4vdupERA128_N7float165Fp16TES1_h7Literal] -> (nil)
AscendC: [_ZN7AscendC3vldERA256_aPai7Literal] -> (nil)
AscendC: [_ZN7AscendC3vldERA256_hPhi7Literal] -> (nil)
AscendC: [_ZN7AscendC3vldERA128_sPsi7Literal] -> (nil)
AscendC: [_ZN7AscendC3vldERA128_tPti7Literal] -> (nil)
AscendC: [_ZN7AscendC3vldERA64_iPii7Literal] -> (nil)
AscendC: [_ZN7AscendC3vldERA64_jPji7Literal] -> (nil)
AscendC: [_ZN7AscendC3vldERA32_lPli7Literal] -> (nil)
AscendC: [_ZN7AscendC3vldERA32_mPmi7Literal] -> (nil)
AscendC: [_ZN7AscendC3vldERA128_N8bfloat165Bf16TEPS1_i7Literal] -> (nil)
AscendC: [_ZN7AscendC3vldERA128_N7float165Fp16TEPS1_i7Literal] -> (nil)
AscendC: [_ZN7AscendC3vldERA64_fPfi7Literal] -> (nil)
AscendC: [_ZN7AscendC3vldERA256_aPa7Literal] -> (nil)
AscendC: [_ZN7AscendC3vldERA256_hPh7Literal] -> (nil)
AscendC: [_ZN7AscendC3vldERA128_sPs7Literal] -> (nil)
AscendC: [_ZN7AscendC3vldERA128_tPt7Literal] -> (nil)
AscendC: [_ZN7AscendC3vldERA64_iPi7Literal] -> (nil)
AscendC: [_ZN7AscendC3vldERA64_jPj7Literal] -> (nil)
AscendC: [_ZN7AscendC3vldERA32_lPl7Literal] -> (nil)
AscendC: [_ZN7AscendC3vldERA32_mPm7Literal] -> (nil)
AscendC: [_ZN7AscendC3vldERA128_N8bfloat165Bf16TEPS1_7Literal] -> (nil)
AscendC: [_ZN7AscendC3vldERA128_N7float165Fp16TEPS1_7Literal] -> (nil)
AscendC: [_ZN7AscendC3vldERA64_fPf7Literal] -> (nil)
AscendC: [_ZN7AscendC3vldERA256_aS1_Pai7Literal] -> (nil)
AscendC: [_ZN7AscendC3vldERA256_hS1_Phi7Literal] -> (nil)
AscendC: [_ZN7AscendC3vldERA128_sS1_Psi7Literal] -> (nil)
AscendC: [_ZN7AscendC3vldERA128_tS1_Pti7Literal] -> (nil)
AscendC: [_ZN7AscendC3vldERA64_iS1_Pii7Literal] -> (nil)
AscendC: [_ZN7AscendC3vldERA64_jS1_Pji7Literal] -> (nil)
AscendC: [_ZN7AscendC3vldERA32_mS1_Pmi7Literal] -> (nil)
AscendC: [_ZN7AscendC3vldERA32_lS1_Pli7Literal] -> (nil)
AscendC: [_ZN7AscendC3vldERA128_N8bfloat165Bf16TES3_PS1_i7Literal] -> (nil)
AscendC: [_ZN7AscendC3vldERA128_N7float165Fp16TES3_PS1_i7Literal] -> (nil)
AscendC: [_ZN7AscendC3vldERA64_fS1_Pfi7Literal] -> (nil)
AscendC: [_ZN7AscendC3vldERA256_aS1_Pa7Literal] -> (nil)
AscendC: [_ZN7AscendC3vldERA256_hS1_Ph7Literal] -> (nil)
AscendC: [_ZN7AscendC3vldERA128_sS1_Ps7Literal] -> (nil)
AscendC: [_ZN7AscendC3vldERA128_tS1_Pt7Literal] -> (nil)
AscendC: [_ZN7AscendC3vldERA64_iS1_Pi7Literal] -> (nil)
AscendC: [_ZN7AscendC3vldERA64_jS1_Pj7Literal] -> (nil)
AscendC: [_ZN7AscendC3vldERA32_mS1_Pm7Literal] -> (nil)
AscendC: [_ZN7AscendC3vldERA32_lS1_Pl7Literal] -> (nil)
AscendC: [_ZN7AscendC3vldERA128_N8bfloat165Bf16TES3_PS1_7Literal] -> (nil)
AscendC: [_ZN7AscendC3vldERA128_N7float165Fp16TES3_PS1_7Literal] -> (nil)
AscendC: [_ZN7AscendC3vldERA64_fS1_Pf7Literal] -> (nil)
AscendC: [_ZN7AscendC4vldsERA256_aPai7Literal] -> (nil)
AscendC: [_ZN7AscendC4vldsERA256_hPhi7Literal] -> (nil)
AscendC: [_ZN7AscendC4vldsERA128_sPsi7Literal] -> (nil)
AscendC: [_ZN7AscendC4vldsERA128_tPti7Literal] -> (nil)
AscendC: [_ZN7AscendC4vldsERA64_iPii7Literal] -> (nil)
AscendC: [_ZN7AscendC4vldsERA64_jPji7Literal] -> (nil)
AscendC: [_ZN7AscendC4vldsERA32_mPmi7Literal] -> (nil)
AscendC: [_ZN7AscendC4vldsERA32_lPli7Literal] -> (nil)
AscendC: [_ZN7AscendC4vldsERA128_N8bfloat165Bf16TEPS1_i7Literal] -> (nil)
AscendC: [_ZN7AscendC4vldsERA128_N7float165Fp16TEPS1_i7Literal] -> (nil)
AscendC: [_ZN7AscendC4vldsERA64_fPfi7Literal] -> (nil)
AscendC: [_ZN7AscendC5vaddsERA64_iPiih7Literal] -> (nil)
AscendC: [_ZN7AscendC5vaddsERA64_jPjjh7Literal] -> (nil)
AscendC: [_ZN7AscendC5vaddsERA128_sPssh7Literal] -> (nil)
AscendC: [_ZN7AscendC5vaddsERA128_tPtth7Literal] -> (nil)
AscendC: [_ZN7AscendC5vaddsERA256_aPaah7Literal] -> (nil)
AscendC: [_ZN7AscendC5vaddsERA256_hPhhh7Literal] -> (nil)
AscendC: [_ZN7AscendC5vaddsERA64_fPffh7Literal] -> (nil)
AscendC: [_ZN7AscendC5vaddsERA128_N7float165Fp16TEPS1_S1_h7Literal] -> (nil)
AscendC: [_ZN7AscendC5vmulsERA64_iPiih7Literal] -> (nil)
AscendC: [_ZN7AscendC5vmulsERA64_jPjjh7Literal] -> (nil)
AscendC: [_ZN7AscendC5vmulsERA128_sPssh7Literal] -> (nil)
AscendC: [_ZN7AscendC5vmulsERA128_tPtth7Literal] -> (nil)
AscendC: [_ZN7AscendC5vmulsERA256_aPaah7Literal] -> (nil)
AscendC: [_ZN7AscendC5vmulsERA256_hPhhh7Literal] -> (nil)
AscendC: [_ZN7AscendC5vmulsERA64_fPffh7Literal] -> (nil)
AscendC: [_ZN7AscendC5vmulsERA128_N7float165Fp16TEPS1_S1_h7Literal] -> (nil)
AscendC: [_ZN7AscendC5vmaxsERA64_iPiih7Literal] -> (nil)
AscendC: [_ZN7AscendC5vmaxsERA64_jPjjh7Literal] -> (nil)
AscendC: [_ZN7AscendC5vmaxsERA128_sPssh7Literal] -> (nil)
AscendC: [_ZN7AscendC5vmaxsERA128_tPtth7Literal] -> (nil)
AscendC: [_ZN7AscendC5vmaxsERA256_aPaah7Literal] -> (nil)
AscendC: [_ZN7AscendC5vmaxsERA256_hPhhh7Literal] -> (nil)
AscendC: [_ZN7AscendC5vmaxsERA64_fPffh7Literal] -> (nil)
AscendC: [_ZN7AscendC5vmaxsERA128_N7float165Fp16TEPS1_S1_h7Literal] -> (nil)
AscendC: [_ZN7AscendC5vminsERA64_iPiih7Literal] -> (nil)
AscendC: [_ZN7AscendC5vminsERA64_jPjjh7Literal] -> (nil)
AscendC: [_ZN7AscendC5vminsERA128_sPssh7Literal] -> (nil)
AscendC: [_ZN7AscendC5vminsERA128_tPtth7Literal] -> (nil)
AscendC: [_ZN7AscendC5vminsERA256_aPaah7Literal] -> (nil)
AscendC: [_ZN7AscendC5vminsERA256_hPhhh7Literal] -> (nil)
AscendC: [_ZN7AscendC5vminsERA64_fPffh7Literal] -> (nil)
AscendC: [_ZN7AscendC5vminsERA128_N7float165Fp16TEPS1_S1_h7Literal] -> (nil)
AscendC: [_ZN7AscendC5vshlsERA64_iPish7Literal] -> (nil)
AscendC: [_ZN7AscendC5vshlsERA64_jPjsh7Literal] -> (nil)
AscendC: [_ZN7AscendC5vshlsERA128_sPssh7Literal] -> (nil)
AscendC: [_ZN7AscendC5vshlsERA128_tPtsh7Literal] -> (nil)
AscendC: [_ZN7AscendC5vshlsERA256_aPash7Literal] -> (nil)
AscendC: [_ZN7AscendC5vshlsERA256_hPhsh7Literal] -> (nil)
AscendC: [_ZN7AscendC5vshrsERA64_iPish7Literal] -> (nil)
AscendC: [_ZN7AscendC5vshrsERA64_jPjsh7Literal] -> (nil)
AscendC: [_ZN7AscendC5vshrsERA128_sPssh7Literal] -> (nil)
AscendC: [_ZN7AscendC5vshrsERA128_tPtsh7Literal] -> (nil)
AscendC: [_ZN7AscendC5vshrsERA256_aPash7Literal] -> (nil)
AscendC: [_ZN7AscendC5vshrsERA256_hPhsh7Literal] -> (nil)
AscendC: [_ZN7AscendC6vlreluERA64_fPffh7Literal] -> (nil)
AscendC: [_ZN7AscendC6vlreluERA128_N7float165Fp16TEPS1_S1_h7Literal] -> (nil)
AscendC: [_ZN7AscendC10use_pipe_vEv] -> (nil)
AscendC: [_ZN7AscendC11use_pipe_v2Ev] -> (nil)
AscendC: [_ZN7AscendC8v4dtransEPtS0_m] -> (nil)
AscendC: [_ZN7AscendC8v4dtransEPtS0_ttb] -> (nil)
AscendC: [_ZN7AscendC8v4dtransEPjS0_m] -> (nil)
AscendC: [_ZN7AscendC8v4dtransEPjS0_ttb] -> (nil)
AscendC: [_ZN7AscendC8v4dtransEPhS0_m] -> (nil)
AscendC: [_ZN7AscendC8v4dtransEPhS0_ttb] -> (nil)
AscendC: [_ZN7AscendC5vaaddEPN7float165Fp16TES2_S2_m] -> (nil)
AscendC: [_ZN7AscendC5vaaddEPN7float165Fp16TES2_S2_hhhhhhh] -> (nil)
AscendC: [_ZN7AscendC5vaaddEPN7float165Fp16TES2_S2_hhhhhhhbb] -> (nil)
AscendC: [_ZN7AscendC5vaaddEPfS0_S0_m] -> (nil)
AscendC: [_ZN7AscendC5vaaddEPfS0_S0_hhhhhhh] -> (nil)
AscendC: [_ZN7AscendC5vaaddEPfS0_S0_hhhhhhhbb] -> (nil)
AscendC: [_ZN7AscendC4vabsEPN7float165Fp16TES2_m] -> (nil)
AscendC: [_ZN7AscendC4vabsEPN7float165Fp16TES2_htthh] -> 0xffff949a6a18
AscendC: [_ZN7AscendC4vabsEPN7float165Fp16TES2_htthhbb] -> 0xffff949a6cb0
AscendC: [_ZN7AscendC4vabsEPN7float165Fp16TES2_htttt] -> (nil)
AscendC: [_ZN7AscendC4vabsEPfS0_m] -> (nil)
AscendC: [_ZN7AscendC4vabsEPfS0_htthh] -> 0xffff949a6f58
AscendC: [_ZN7AscendC4vabsEPfS0_htthhbb] -> 0xffff949a71f0
AscendC: [_ZN7AscendC4vabsEPfS0_htttt] -> (nil)
AscendC: [_ZN7AscendC4vabsEPsS0_m] -> (nil)
AscendC: [_ZN7AscendC4vabsEPsS0_htthh] -> 0xffff949a7498
AscendC: [_ZN7AscendC4vabsEPsS0_htthhbb] -> 0xffff949a7730
AscendC: [_ZN7AscendC4vabsEPsS0_htttt] -> 0xffff949a9958
AscendC: [_ZN7AscendC4vaddEPN7float165Fp16TES2_S2_m] -> (nil)
AscendC: [_ZN7AscendC4vaddEPN7float165Fp16TES2_S2_hhhhhhh] -> 0xffff94973da0
AscendC: [_ZN7AscendC4vaddEPN7float165Fp16TES2_S2_hhhhhhhbb] -> (nil)
AscendC: [_ZN7AscendC4vaddEPfS0_S0_hhhhhhh] -> 0xffff94972690
AscendC: [_ZN7AscendC4vaddEPfS0_S0_hhhhhhhbb] -> (nil)
AscendC: [_ZN7AscendC4vaddEPsS0_S0_m] -> (nil)
AscendC: [_ZN7AscendC4vaddEPsS0_S0_hhhhhhh] -> 0xffff949766a0
AscendC: [_ZN7AscendC4vaddEPsS0_S0_hhhhhhhbb] -> (nil)
AscendC: [_ZN7AscendC4vaddEPiS0_S0_m] -> (nil)
AscendC: [_ZN7AscendC4vaddEPiS0_S0_hhhhhhh] -> 0xffff949754b0
AscendC: [_ZN7AscendC4vaddEPiS0_S0_hhhhhhhbb] -> (nil)
AscendC: [_ZN7AscendC11vadddeqreluEPN7float165Fp16TEPiS3_m] -> (nil)
AscendC: [_ZN7AscendC11vadddeqreluEPN7float165Fp16TEPiS3_hhhhhhh] -> (nil)
AscendC: [_ZN7AscendC11vadddeqreluEPN7float165Fp16TEPiS3_hhhhhhhbb] -> (nil)
AscendC: [_ZN7AscendC8vaddreluEPN7float165Fp16TES2_S2_m] -> (nil)
AscendC: [_ZN7AscendC8vaddreluEPN7float165Fp16TES2_S2_hhhhhhhbb] -> (nil)
AscendC: [_ZN7AscendC8vaddreluEPN7float165Fp16TES2_S2_hhhhhhh] -> 0xffff94974f90
AscendC: [_ZN7AscendC8vaddreluEPfS0_S0_m] -> (nil)
AscendC: [_ZN7AscendC8vaddreluEPfS0_S0_hhhhhhhbb] -> (nil)
AscendC: [_ZN7AscendC8vaddreluEPfS0_S0_hhhhhhh] -> 0xffff94973880
AscendC: [_ZN7AscendC8vaddreluEPsS0_S0_m] -> (nil)
AscendC: [_ZN7AscendC8vaddreluEPsS0_S0_hhhhhhhbb] -> (nil)
AscendC: [_ZN7AscendC8vaddreluEPsS0_S0_hhhhhhh] -> 0xffff94977370
AscendC: [_ZN7AscendC19vaddreluconv_f162s8EPaPN7float165Fp16TES3_mb] -> (nil)
AscendC: [_ZN7AscendC19vaddreluconv_f162s8EPaPN7float165Fp16TES3_hhhhhhhbbb] -> (nil)
AscendC: [_ZN7AscendC19vaddreluconv_f162s8EPaPN7float165Fp16TES3_hhhhhhhb] -> 0xffff949b96a0
AscendC: [_ZN7AscendC20vaddreluconv_f322f16EPN7float165Fp16TEPfS3_mb] -> (nil)
AscendC: [_ZN7AscendC20vaddreluconv_f322f16EPN7float165Fp16TEPfS3_hhhhhhhbbb] -> (nil)
AscendC: [_ZN7AscendC20vaddreluconv_f322f16EPN7float165Fp16TEPfS3_hhhhhhhb] -> 0xffff949b9e80
AscendC: [_ZN7AscendC19vaddreluconv_s162s8EPaPsS1_mb] -> (nil)
AscendC: [_ZN7AscendC19vaddreluconv_s162s8EPaPsS1_hhhhhhhbbb] -> (nil)
AscendC: [_ZN7AscendC19vaddreluconv_s162s8EPaPsS1_hhhhhhhb] -> 0xffff949b9a90
AscendC: [_ZN7AscendC23vaddreluconv_vdeqs162b8EPaPsS1_mb] -> (nil)
AscendC: [_ZN7AscendC23vaddreluconv_vdeqs162b8EPhPsS1_mb] -> (nil)
AscendC: [_ZN7AscendC23vaddreluconv_vdeqs162b8EPhPsS1_hhhhhhhbbb] -> (nil)
AscendC: [_ZN7AscendC23vaddreluconv_vdeqs162b8EPhPsS1_hhhhhhhb] -> (nil)
AscendC: [_ZN7AscendC23vaddreluconv_vdeqs162b8EPaPsS1_hhhhhhhbbb] -> (nil)
AscendC: [_ZN7AscendC23vaddreluconv_vdeqs162b8EPaPsS1_hhhhhhhb] -> (nil)
AscendC: [_ZN7AscendC5vaddsEPN7float165Fp16TES2_S1_m] -> (nil)
AscendC: [_ZN7AscendC5vaddsEPN7float165Fp16TES2_S1_htthh] -> (nil)
AscendC: [_ZN7AscendC5vaddsEPN7float165Fp16TES2_S1_htthhbb] -> (nil)
AscendC: [_ZN7AscendC5vaddsEPN7float165Fp16TES2_S1_htttt] -> 0xffff9497c088
AscendC: [_ZN7AscendC5vaddsEPfS0_fm] -> (nil)
AscendC: [_ZN7AscendC5vaddsEPfS0_fhtthh] -> (nil)
AscendC: [_ZN7AscendC5vaddsEPfS0_fhtthhbb] -> (nil)
AscendC: [_ZN7AscendC5vaddsEPfS0_fhtttt] -> 0xffff9497d208
AscendC: [_ZN7AscendC5vaddsEPsS0_sm] -> (nil)
AscendC: [_ZN7AscendC5vaddsEPsS0_shtthh] -> (nil)
AscendC: [_ZN7AscendC5vaddsEPsS0_shtthhbb] -> (nil)
AscendC: [_ZN7AscendC5vaddsEPsS0_shtttt] -> 0xffff9497e258
AscendC: [_ZN7AscendC5vaddsEPiS0_im] -> (nil)
AscendC: [_ZN7AscendC5vaddsEPiS0_ihtthh] -> (nil)
AscendC: [_ZN7AscendC5vaddsEPiS0_ihtthhbb] -> (nil)
AscendC: [_ZN7AscendC5vaddsEPiS0_ihtttt] -> 0xffff9497efa8
AscendC: [_ZN7AscendC4vandEPsS0_S0_m] -> (nil)
AscendC: [_ZN7AscendC4vandEPsS0_S0_hhhhhhh] -> 0xffff94976180
AscendC: [_ZN7AscendC4vandEPsS0_S0_hhhhhhhbb] -> (nil)
AscendC: [_ZN7AscendC4vandEPtS0_S0_m] -> (nil)
AscendC: [_ZN7AscendC4vandEPtS0_S0_hhhhhhh] -> 0xffff94977890
AscendC: [_ZN7AscendC4vandEPtS0_S0_hhhhhhhbb] -> (nil)
AscendC: [_ZN7AscendC5vaxpyEPN7float165Fp16TES2_S1_m] -> (nil)
AscendC: [_ZN7AscendC5vaxpyEPN7float165Fp16TES2_S1_htthh] -> 0xffff9499ff78
AscendC: [_ZN7AscendC5vaxpyEPN7float165Fp16TES2_S1_htthhbb] -> (nil)
AscendC: [_ZN7AscendC5vaxpyEPN7float165Fp16TES2_S1_htttt] -> (nil)
AscendC: [_ZN7AscendC5vaxpyEPfS0_fm] -> (nil)
AscendC: [_ZN7AscendC5vaxpyEPfS0_fhtthh] -> 0xffff9499fc48
AscendC: [_ZN7AscendC5vaxpyEPfS0_fhtthhbb] -> (nil)
AscendC: [_ZN7AscendC5vaxpyEPfS0_fhtttt] -> (nil)
AscendC: [_ZN7AscendC5vaxpyEPfPN7float165Fp16TES2_m] -> (nil)
AscendC: [_ZN7AscendC5vaxpyEPfPN7float165Fp16TES2_htthh] -> 0xffff9499f8d8
AscendC: [_ZN7AscendC5vaxpyEPfPN7float165Fp16TES2_htthhbb] -> (nil)
AscendC: [_ZN7AscendC5vaxpyEPfPN7float165Fp16TES2_htttt] -> (nil)
AscendC: [_ZN7AscendC3vbiEPN7float165Fp16TEPtS2_m] -> (nil)
AscendC: [_ZN7AscendC3vbiEPN7float165Fp16TEPtS2_hbtth] -> (nil)
AscendC: [_ZN7AscendC8vbitsortEPN7float165Fp16TES2_m] -> 0xffff9496d1c0
AscendC: [_ZN7AscendC8vbitsortEPN7float165Fp16TES2_htthh] -> (nil)
AscendC: [_ZN7AscendC8vbitsortEPN7float165Fp16TES2_htthhbb] -> (nil)
AscendC: [_ZN7AscendC8vbitsortEPfS0_m] -> 0xffff9496d668
AscendC: [_ZN7AscendC8vbitsortEPfS0_htthh] -> (nil)
AscendC: [_ZN7AscendC8vbitsortEPfS0_htthhbb] -> (nil)
AscendC: [_ZN7AscendC8vbitsortEPN7float165Fp16TES2_Pjm] -> 0xffff9496d7f0
AscendC: [_ZN7AscendC8vbitsortEPN7float165Fp16TES2_Pjhhhhhhhbb] -> (nil)
AscendC: [_ZN7AscendC8vbitsortEPfS0_Pjm] -> 0xffff9496d980
AscendC: [_ZN7AscendC8vbitsortEPfS0_Pjhhhhhhhbb] -> (nil)
AscendC: [_ZN7AscendC8vbitsortEPN7float165Fp16TES2_Pjhhhhhhh] -> (nil)
AscendC: [_ZN7AscendC8vbitsortEPfS0_Pjhhhhhhh] -> (nil)
AscendC: [_ZN7AscendC5vbrcbEPtS0_m] -> (nil)
AscendC: [_ZN7AscendC5vbrcbEPtS0_tth] -> 0xffff94984878
AscendC: [_ZN7AscendC5vbrcbEPjS0_m] -> (nil)
AscendC: [_ZN7AscendC5vbrcbEPjS0_tth] -> 0xffff94984ad0
AscendC: [_ZN7AscendC5vcaddEPN7float165Fp16TES2_m] -> (nil)
AscendC: [_ZN7AscendC5vcaddEPN7float165Fp16TES2_httt] -> 0xffff9499c640
AscendC: [_ZN7AscendC5vcaddEPN7float165Fp16TES2_htttbb] -> 0xffff9499ca38
AscendC: [_ZN7AscendC5vcaddEPN7float165Fp16TES2_mb] -> (nil)
AscendC: [_ZN7AscendC5vcaddEPN7float165Fp16TES2_htttb] -> 0xffff9499ce50
AscendC: [_ZN7AscendC5vcaddEPfS0_m] -> (nil)
AscendC: [_ZN7AscendC5vcaddEPfS0_httt] -> 0xffff9499cfa0
AscendC: [_ZN7AscendC5vcaddEPfS0_htttbb] -> 0xffff9499d0e8
AscendC: [_ZN7AscendC5vcaddEPfS0_mb] -> (nil)
AscendC: [_ZN7AscendC5vcaddEPfS0_htttb] -> 0xffff9499d500
AscendC: [_ZN7AscendC5vcaddERA128_N7float165Fp16TEPS1_h7Literal] -> (nil)
AscendC: [_ZN7AscendC5vcaddERA64_fPfh7Literal] -> (nil)
AscendC: [_ZN7AscendC5vcmaxERA128_N7float165Fp16TEPS1_h7Literal] -> (nil)
AscendC: [_ZN7AscendC5vcmaxERA64_fPfh7Literal] -> (nil)
AscendC: [_ZN7AscendC5vcminERA128_N7float165Fp16TEPS1_h7Literal] -> (nil)
AscendC: [_ZN7AscendC5vcminERA64_fPfh7Literal] -> (nil)
AscendC: [_ZN7AscendC12vcbd_s162s32EPiPsm] -> (nil)
AscendC: [_ZN7AscendC12vcbd_s162s32EPiPshtthhbb] -> (nil)
AscendC: [_ZN7AscendC12vcbd_s162u32EPjPsm] -> (nil)
AscendC: [_ZN7AscendC12vcbd_s162u32EPjPshtthhbb] -> (nil)
AscendC: [_ZN7AscendC11vcbd_s162u8EPhPsm] -> (nil)
AscendC: [_ZN7AscendC11vcbd_s162u8EPhPshtthhbb] -> (nil)
AscendC: [_ZN7AscendC12vcbd_s322s16EPsPim] -> (nil)
AscendC: [_ZN7AscendC12vcbd_s322s16EPsPihtthhbb] -> (nil)
AscendC: [_ZN7AscendC12vcbd_s322u16EPtPim] -> (nil)
AscendC: [_ZN7AscendC12vcbd_s322u16EPtPihtthhbb] -> (nil)
AscendC: [_ZN7AscendC11vcbd_s322u8EPhPim] -> (nil)
AscendC: [_ZN7AscendC11vcbd_s322u8EPhPihtthhbb] -> (nil)
AscendC: [_ZN7AscendC12vcbd_u162s32EPiPtm] -> (nil)
AscendC: [_ZN7AscendC12vcbd_u162s32EPiPthtthhbb] -> (nil)
AscendC: [_ZN7AscendC12vcbd_u162u32EPjPtm] -> (nil)
AscendC: [_ZN7AscendC12vcbd_u162u32EPjPthtthhbb] -> (nil)
AscendC: [_ZN7AscendC11vcbd_u162u8EPhPtm] -> (nil)
AscendC: [_ZN7AscendC11vcbd_u162u8EPhPthtthhbb] -> (nil)
AscendC: [_ZN7AscendC12vcbd_u322s16EPsPjm] -> (nil)
AscendC: [_ZN7AscendC12vcbd_u322s16EPsPjhtthhbb] -> (nil)
AscendC: [_ZN7AscendC12vcbd_u322u16EPtPjm] -> (nil)
AscendC: [_ZN7AscendC12vcbd_u322u16EPtPjhtthhbb] -> (nil)
AscendC: [_ZN7AscendC11vcbd_u322u8EPhPjm] -> (nil)
AscendC: [_ZN7AscendC11vcbd_u322u8EPhPjhtthhbb] -> (nil)
AscendC: [_ZN7AscendC11vcbd_u82s16EPsPhm] -> (nil)
AscendC: [_ZN7AscendC11vcbd_u82s16EPsPhhtthhbb] -> (nil)
AscendC: [_ZN7AscendC11vcbd_u82s32EPiPhm] -> (nil)
AscendC: [_ZN7AscendC11vcbd_u82s32EPiPhhtthhbb] -> (nil)
AscendC: [_ZN7AscendC11vcbd_u82u16EPtPhm] -> (nil)
AscendC: [_ZN7AscendC11vcbd_u82u16EPtPhhtthhbb] -> (nil)
AscendC: [_ZN7AscendC11vcbd_u82u32EPjPhm] -> (nil)
AscendC: [_ZN7AscendC11vcbd_u82u32EPjPhhtthhbb] -> (nil)
AscendC: [_ZN7AscendC6vcgaddEPN7float165Fp16TES2_m] -> (nil)
AscendC: [_ZN7AscendC6vcgaddEPN7float165Fp16TES2_httt] -> 0xffff9499c020
AscendC: [_ZN7AscendC6vcgaddEPN7float165Fp16TES2_htttbb] -> (nil)
AscendC: [_ZN7AscendC6vcgaddEPfS0_m] -> (nil)
AscendC: [_ZN7AscendC6vcgaddEPfS0_httt] -> 0xffff9499b900
AscendC: [_ZN7AscendC6vcgaddEPfS0_htttbb] -> (nil)
AscendC: [_ZN7AscendC6vcgaddERA128_N7float165Fp16TEPS1_h7Literal] -> (nil)
AscendC: [_ZN7AscendC6vcgaddERA64_fPfh7Literal] -> (nil)
AscendC: [_ZN7AscendC6vcgmaxERA128_N7float165Fp16TEPS1_h7Literal] -> (nil)
AscendC: [_ZN7AscendC6vcgmaxERA64_fPfh7Literal] -> (nil)
AscendC: [_ZN7AscendC6vcgminERA128_N7float165Fp16TEPS1_h7Literal] -> (nil)
AscendC: [_ZN7AscendC6vcgminERA64_fPfh7Literal] -> (nil)
AscendC: [_ZN7AscendC6vcpaddERA128_N7float165Fp16TEPS1_h7Literal] -> (nil)
AscendC: [_ZN7AscendC6vcpaddERA64_fPfh7Literal] -> (nil)
AscendC: [_ZN7AscendC6vcgmaxEPN7float165Fp16TES2_m] -> (nil)
AscendC: [_ZN7AscendC6vcgmaxEPN7float165Fp16TES2_httt] -> 0xffff9499bc90
AscendC: [_ZN7AscendC6vcgmaxEPN7float165Fp16TES2_htttbb] -> (nil)
AscendC: [_ZN7AscendC6vcgmaxEPfS0_m] -> (nil)
AscendC: [_ZN7AscendC6vcgmaxEPfS0_httt] -> 0xffff9499b570
AscendC: [_ZN7AscendC6vcgmaxEPfS0_htttbb] -> (nil)
AscendC: [_ZN7AscendC6vcgminEPN7float165Fp16TES2_m] -> (nil)
AscendC: [_ZN7AscendC6vcgminEPN7float165Fp16TES2_httt] -> 0xffff9499be58
AscendC: [_ZN7AscendC6vcgminEPN7float165Fp16TES2_htttbb] -> (nil)
AscendC: [_ZN7AscendC6vcgminEPfS0_m] -> (nil)
AscendC: [_ZN7AscendC6vcgminEPfS0_httt] -> 0xffff9499b738
AscendC: [_ZN7AscendC6vcgminEPfS0_htttbb] -> (nil)
AscendC: [_ZN7AscendC3vciEPN7float165Fp16TES1_m] -> (nil)
AscendC: [_ZN7AscendC3vciEPN7float165Fp16TES1_hthbb] -> (nil)
AscendC: [_ZN7AscendC3vciEPffm] -> (nil)
AscendC: [_ZN7AscendC3vciEPffhthbb] -> (nil)
AscendC: [_ZN7AscendC3vciEPssm] -> (nil)
AscendC: [_ZN7AscendC3vciEPsshthbb] -> (nil)
AscendC: [_ZN7AscendC3vciEPiim] -> (nil)
AscendC: [_ZN7AscendC3vciEPiihthbb] -> (nil)
AscendC: [_ZN7AscendC5vcmaxEPN7float165Fp16TES2_m] -> (nil)
AscendC: [_ZN7AscendC5vcmaxEPN7float165Fp16TES2_httt] -> 0xffff9499c3b0
AscendC: [_ZN7AscendC5vcmaxEPN7float165Fp16TES2_htttbb] -> 0xffff9499c788
AscendC: [_ZN7AscendC5vcmaxEPN7float165Fp16TES2_mb] -> (nil)
AscendC: [_ZN7AscendC5vcmaxEPN7float165Fp16TES2_htttbbb] -> 0xffff9499cb90
AscendC: [_ZN7AscendC5vcmaxEPN7float165Fp16TES2_m7Order_t] -> (nil)
AscendC: [_ZN7AscendC5vcmaxEPN7float165Fp16TES2_httt7Order_t] -> 0xffff9499d650
AscendC: [_ZN7AscendC5vcmaxEPfS0_mb] -> (nil)
AscendC: [_ZN7AscendC5vcmaxEPfS0_htttbbb] -> 0xffff9499d240
AscendC: [_ZN7AscendC5vcmaxEPfS0_m7Order_t] -> (nil)
AscendC: [_ZN7AscendC5vcmaxEPfS0_httt7Order_t] -> 0xffff9499d8d0
AscendC: [_ZN7AscendC5vcmaxEPtS0_mb] -> (nil)
AscendC: [_ZN7AscendC5vcmaxEPtS0_htttbbb] -> (nil)
AscendC: [_ZN7AscendC5vcminEPN7float165Fp16TES2_m] -> (nil)
AscendC: [_ZN7AscendC5vcminEPN7float165Fp16TES2_httt] -> 0xffff9499c4f8
AscendC: [_ZN7AscendC5vcminEPN7float165Fp16TES2_htttbb] -> 0xffff9499c8e0
AscendC: [_ZN7AscendC5vcminEPN7float165Fp16TES2_mb] -> (nil)
AscendC: [_ZN7AscendC5vcminEPN7float165Fp16TES2_htttbbb] -> 0xffff9499ccf0
AscendC: [_ZN7AscendC5vcminEPN7float165Fp16TES2_m7Order_t] -> (nil)
AscendC: [_ZN7AscendC5vcminEPN7float165Fp16TES2_httt7Order_t] -> 0xffff9499d790
AscendC: [_ZN7AscendC5vcminEPfS0_mb] -> (nil)
AscendC: [_ZN7AscendC5vcminEPfS0_htttbbb] -> 0xffff9499d3a0
AscendC: [_ZN7AscendC5vcminEPfS0_m7Order_t] -> (nil)
AscendC: [_ZN7AscendC5vcminEPfS0_httt7Order_t] -> 0xffff9499da10
AscendC: [_ZN7AscendC5vcminEPtS0_mb] -> (nil)
AscendC: [_ZN7AscendC5vcminEPtS0_htttbbb] -> (nil)
AscendC: [_ZN7AscendC7vcmp_eqEPN7float165Fp16TES2_m] -> (nil)
AscendC: [_ZN7AscendC7vcmp_eqEPN7float165Fp16TES2_hhhhhhh] -> 0xffff9498c380
AscendC: [_ZN7AscendC7vcmp_eqEPN7float165Fp16TES2_hhhhhhhbb] -> (nil)
AscendC: [_ZN7AscendC7vcmp_eqEPfS0_m] -> (nil)
AscendC: [_ZN7AscendC7vcmp_eqEPfS0_hhhhhhh] -> 0xffff9498c5c0
AscendC: [_ZN7AscendC7vcmp_eqEPfS0_hhhhhhhbb] -> (nil)
AscendC: [_ZN7AscendC7vcmp_eqEPtS0_m] -> (nil)
AscendC: [_ZN7AscendC7vcmp_eqEPtS0_hhhhhhh] -> (nil)
AscendC: [_ZN7AscendC7vcmp_eqEPtS0_hhhhhhhbb] -> (nil)
AscendC: [_ZN7AscendC7vcmp_geEPN7float165Fp16TES2_m] -> (nil)
AscendC: [_ZN7AscendC7vcmp_geEPN7float165Fp16TES2_hhhhhhh] -> 0xffff9498c800
AscendC: [_ZN7AscendC7vcmp_geEPN7float165Fp16TES2_hhhhhhhbb] -> (nil)
AscendC: [_ZN7AscendC7vcmp_geEPfS0_m] -> (nil)
AscendC: [_ZN7AscendC7vcmp_geEPfS0_hhhhhhh] -> 0xffff9498ca40
AscendC: [_ZN7AscendC7vcmp_geEPfS0_hhhhhhhbb] -> (nil)
AscendC: [_ZN7AscendC7vcmp_geEPtS0_m] -> (nil)
AscendC: [_ZN7AscendC7vcmp_geEPtS0_hhhhhhh] -> (nil)
AscendC: [_ZN7AscendC7vcmp_geEPtS0_hhhhhhhbb] -> (nil)
AscendC: [_ZN7AscendC7vcmp_gtEPN7float165Fp16TES2_m] -> (nil)
AscendC: [_ZN7AscendC7vcmp_gtEPN7float165Fp16TES2_hhhhhhh] -> 0xffff9498cc80
AscendC: [_ZN7AscendC7vcmp_gtEPN7float165Fp16TES2_hhhhhhhbb] -> (nil)
AscendC: [_ZN7AscendC7vcmp_gtEPfS0_m] -> (nil)
AscendC: [_ZN7AscendC7vcmp_gtEPfS0_hhhhhhh] -> 0xffff9498cec0
AscendC: [_ZN7AscendC7vcmp_gtEPfS0_hhhhhhhbb] -> (nil)
AscendC: [_ZN7AscendC7vcmp_gtEPtS0_m] -> (nil)
AscendC: [_ZN7AscendC7vcmp_gtEPtS0_hhhhhhh] -> (nil)
AscendC: [_ZN7AscendC7vcmp_gtEPtS0_hhhhhhhbb] -> (nil)
AscendC: [_ZN7AscendC7vcmp_leEPN7float165Fp16TES2_m] -> (nil)
AscendC: [_ZN7AscendC7vcmp_leEPN7float165Fp16TES2_hhhhhhh] -> 0xffff9498d100
AscendC: [_ZN7AscendC7vcmp_leEPN7float165Fp16TES2_hhhhhhhbb] -> (nil)
AscendC: [_ZN7AscendC7vcmp_leEPfS0_m] -> (nil)
AscendC: [_ZN7AscendC7vcmp_leEPfS0_hhhhhhh] -> 0xffff9498d340
AscendC: [_ZN7AscendC7vcmp_leEPfS0_hhhhhhhbb] -> (nil)
AscendC: [_ZN7AscendC7vcmp_leEPtS0_m] -> (nil)
AscendC: [_ZN7AscendC7vcmp_leEPtS0_hhhhhhh] -> (nil)
AscendC: [_ZN7AscendC7vcmp_leEPtS0_hhhhhhhbb] -> (nil)
AscendC: [_ZN7AscendC7vcmp_ltEPN7float165Fp16TES2_m] -> (nil)
AscendC: [_ZN7AscendC7vcmp_ltEPN7float165Fp16TES2_hhhhhhh] -> 0xffff9498d580
AscendC: [_ZN7AscendC7vcmp_ltEPN7float165Fp16TES2_hhhhhhhbb] -> (nil)
AscendC: [_ZN7AscendC7vcmp_ltEPfS0_m] -> (nil)
AscendC: [_ZN7AscendC7vcmp_ltEPfS0_hhhhhhh] -> 0xffff9498d7c0
AscendC: [_ZN7AscendC7vcmp_ltEPfS0_hhhhhhhbb] -> (nil)
AscendC: [_ZN7AscendC7vcmp_ltEPtS0_m] -> (nil)
AscendC: [_ZN7AscendC7vcmp_ltEPtS0_hhhhhhh] -> (nil)
AscendC: [_ZN7AscendC7vcmp_ltEPtS0_hhhhhhhbb] -> (nil)
AscendC: [_ZN7AscendC7vcmp_neEPN7float165Fp16TES2_m] -> (nil)
AscendC: [_ZN7AscendC7vcmp_neEPN7float165Fp16TES2_hhhhhhh] -> 0xffff9498da00
AscendC: [_ZN7AscendC7vcmp_neEPN7float165Fp16TES2_hhhhhhhbb] -> (nil)
AscendC: [_ZN7AscendC7vcmp_neEPfS0_m] -> (nil)
AscendC: [_ZN7AscendC7vcmp_neEPfS0_hhhhhhh] -> 0xffff9498dc40
AscendC: [_ZN7AscendC7vcmp_neEPfS0_hhhhhhhbb] -> (nil)
AscendC: [_ZN7AscendC7vcmp_neEPtS0_m] -> (nil)
AscendC: [_ZN7AscendC7vcmp_neEPtS0_hhhhhhh] -> (nil)
AscendC: [_ZN7AscendC7vcmp_neEPtS0_hhhhhhhbb] -> (nil)
AscendC: [_ZN7AscendC8vcmpv_eqEPhPN7float165Fp16TES3_m] -> (nil)
AscendC: [_ZN7AscendC8vcmpv_eqEPhPN7float165Fp16TES3_hhhhhhh] -> 0xffff94985fc0
AscendC: [_ZN7AscendC8vcmpv_eqEPhPfS1_m] -> (nil)
AscendC: [_ZN7AscendC8vcmpv_eqEPhPfS1_hhhhhhh] -> 0xffff94986210
AscendC: [_ZN7AscendC8vcmpv_eqEPhPiS1_m] -> (nil)
AscendC: [_ZN7AscendC8vcmpv_eqEPhPiS1_hhhhhhh] -> 0xffff94987b80
AscendC: [_ZN7AscendC8vcmpv_geEPhPN7float165Fp16TES3_m] -> (nil)
AscendC: [_ZN7AscendC8vcmpv_geEPhPN7float165Fp16TES3_hhhhhhh] -> 0xffff94986460
AscendC: [_ZN7AscendC8vcmpv_geEPhPfS1_m] -> (nil)
AscendC: [_ZN7AscendC8vcmpv_geEPhPfS1_hhhhhhh] -> 0xffff949866b0
AscendC: [_ZN7AscendC8vcmpv_gtEPhPN7float165Fp16TES3_m] -> (nil)
AscendC: [_ZN7AscendC8vcmpv_gtEPhPN7float165Fp16TES3_hhhhhhh] -> 0xffff94986900
AscendC: [_ZN7AscendC8vcmpv_gtEPhPfS1_m] -> (nil)
AscendC: [_ZN7AscendC8vcmpv_gtEPhPfS1_hhhhhhh] -> 0xffff94986b50
AscendC: [_ZN7AscendC8vcmpv_leEPhPN7float165Fp16TES3_m] -> (nil)
AscendC: [_ZN7AscendC8vcmpv_leEPhPN7float165Fp16TES3_hhhhhhh] -> 0xffff94986da0
AscendC: [_ZN7AscendC8vcmpv_leEPhPfS1_m] -> (nil)
AscendC: [_ZN7AscendC8vcmpv_leEPhPfS1_hhhhhhh] -> 0xffff94986ff0
AscendC: [_ZN7AscendC8vcmpv_ltEPhPN7float165Fp16TES3_m] -> (nil)
AscendC: [_ZN7AscendC8vcmpv_ltEPhPN7float165Fp16TES3_hhhhhhh] -> 0xffff94987240
AscendC: [_ZN7AscendC8vcmpv_ltEPhPfS1_m] -> (nil)
AscendC: [_ZN7AscendC8vcmpv_ltEPhPfS1_hhhhhhh] -> 0xffff94987490
AscendC: [_ZN7AscendC8vcmpv_neEPhPN7float165Fp16TES3_m] -> (nil)
AscendC: [_ZN7AscendC8vcmpv_neEPhPN7float165Fp16TES3_hhhhhhh] -> 0xffff949876e0
AscendC: [_ZN7AscendC8vcmpv_neEPhPfS1_m] -> (nil)
AscendC: [_ZN7AscendC8vcmpv_neEPhPfS1_hhhhhhh] -> 0xffff94987930
AscendC: [_ZN7AscendC9vcmpvs_eqEPhPN7float165Fp16TES2_m] -> (nil)
AscendC: [_ZN7AscendC9vcmpvs_eqEPhPN7float165Fp16TES2_htthh] -> (nil)
AscendC: [_ZN7AscendC9vcmpvs_eqEPhPN7float165Fp16TES2_htttt] -> 0xffff94988420
AscendC: [_ZN7AscendC9vcmpvs_eqEPhPffm] -> (nil)
AscendC: [_ZN7AscendC9vcmpvs_eqEPhPffhtthh] -> (nil)
AscendC: [_ZN7AscendC9vcmpvs_eqEPhPffhtttt] -> 0xffff949893d8
AscendC: [_ZN7AscendC9vcmpvs_eqEPhPiim] -> (nil)
AscendC: [_ZN7AscendC9vcmpvs_eqEPhPiihtttt] -> 0xffff94987dd0
AscendC: [_ZN7AscendC9vcmpvs_geEPhPN7float165Fp16TES2_m] -> (nil)
AscendC: [_ZN7AscendC9vcmpvs_geEPhPN7float165Fp16TES2_htthh] -> (nil)
AscendC: [_ZN7AscendC9vcmpvs_geEPhPN7float165Fp16TES2_htttt] -> 0xffff94988690
AscendC: [_ZN7AscendC9vcmpvs_geEPhPffm] -> (nil)
AscendC: [_ZN7AscendC9vcmpvs_geEPhPffhtthh] -> (nil)
AscendC: [_ZN7AscendC9vcmpvs_geEPhPffhtttt] -> 0xffff94989680
AscendC: [_ZN7AscendC9vcmpvs_gtEPhPN7float165Fp16TES2_m] -> (nil)
AscendC: [_ZN7AscendC9vcmpvs_gtEPhPN7float165Fp16TES2_htthh] -> (nil)
AscendC: [_ZN7AscendC9vcmpvs_gtEPhPN7float165Fp16TES2_htttt] -> 0xffff94988938
AscendC: [_ZN7AscendC9vcmpvs_gtEPhPffm] -> (nil)
AscendC: [_ZN7AscendC9vcmpvs_gtEPhPffhtthh] -> (nil)
AscendC: [_ZN7AscendC9vcmpvs_gtEPhPffhtttt] -> 0xffff94989928
AscendC: [_ZN7AscendC9vcmpvs_leEPhPN7float165Fp16TES2_m] -> (nil)
AscendC: [_ZN7AscendC9vcmpvs_leEPhPN7float165Fp16TES2_htthh] -> (nil)
AscendC: [_ZN7AscendC9vcmpvs_leEPhPN7float165Fp16TES2_htttt] -> 0xffff94988be0
AscendC: [_ZN7AscendC9vcmpvs_leEPhPffm] -> (nil)
AscendC: [_ZN7AscendC9vcmpvs_leEPhPffhtthh] -> (nil)
AscendC: [_ZN7AscendC9vcmpvs_leEPhPffhtttt] -> 0xffff94989bd0
AscendC: [_ZN7AscendC9vcmpvs_ltEPhPN7float165Fp16TES2_m] -> (nil)
AscendC: [_ZN7AscendC9vcmpvs_ltEPhPN7float165Fp16TES2_htthh] -> (nil)
AscendC: [_ZN7AscendC9vcmpvs_ltEPhPN7float165Fp16TES2_htttt] -> 0xffff94988e88
AscendC: [_ZN7AscendC9vcmpvs_ltEPhPffm] -> (nil)
AscendC: [_ZN7AscendC9vcmpvs_ltEPhPffhtthh] -> (nil)
AscendC: [_ZN7AscendC9vcmpvs_ltEPhPffhtttt] -> 0xffff94989e78
AscendC: [_ZN7AscendC9vcmpvs_neEPhPN7float165Fp16TES2_m] -> (nil)
AscendC: [_ZN7AscendC9vcmpvs_neEPhPN7float165Fp16TES2_htthh] -> (nil)
AscendC: [_ZN7AscendC9vcmpvs_neEPhPN7float165Fp16TES2_htttt] -> 0xffff94989130
AscendC: [_ZN7AscendC9vcmpvs_neEPhPffm] -> (nil)
AscendC: [_ZN7AscendC9vcmpvs_neEPhPffhtthh] -> (nil)
AscendC: [_ZN7AscendC9vcmpvs_neEPhPffhtttt] -> 0xffff9498a120
AscendC: [_ZN7AscendC7vconcatEPN7float165Fp16TES2_m] -> (nil)
AscendC: [_ZN7AscendC7vconcatEPN7float165Fp16TES2_hh] -> 0xffff9496cea0
AscendC: [_ZN7AscendC7vconcatEPN7float165Fp16TES2_htthh] -> (nil)
AscendC: [_ZN7AscendC7vconcatEPN7float165Fp16TES2_htthhbb] -> (nil)
AscendC: [_ZN7AscendC7vconcatEPfS0_m] -> (nil)
AscendC: [_ZN7AscendC7vconcatEPfS0_hh] -> 0xffff9496d348
AscendC: [_ZN7AscendC7vconcatEPfS0_htthh] -> (nil)
AscendC: [_ZN7AscendC7vconcatEPfS0_htthhbb] -> (nil)
AscendC: [_ZN7AscendC14vconv_bf162f32EPfPN8bfloat165Bf16TEhtttt] -> 0xffff949b5cc8
AscendC: [_ZN7AscendC14vconv_bf162f32EPfPN8bfloat165Bf16TEm] -> (nil)
AscendC: [_ZN7AscendC15vconv_bf162s32aEPiPN8bfloat165Bf16TEhtttt] -> 0xffff949b5ec0
AscendC: [_ZN7AscendC15vconv_bf162s32aEPiPN8bfloat165Bf16TEm] -> (nil)
AscendC: [_ZN7AscendC15vconv_bf162s32cEPiPN8bfloat165Bf16TEhtttt] -> 0xffff949b60b8
AscendC: [_ZN7AscendC15vconv_bf162s32cEPiPN8bfloat165Bf16TEm] -> (nil)
AscendC: [_ZN7AscendC15vconv_bf162s32fEPiPN8bfloat165Bf16TEhtttt] -> 0xffff949b62b0
AscendC: [_ZN7AscendC15vconv_bf162s32fEPiPN8bfloat165Bf16TEm] -> (nil)
AscendC: [_ZN7AscendC15vconv_bf162s32rEPiPN8bfloat165Bf16TEhtttt] -> 0xffff949b64a8
AscendC: [_ZN7AscendC15vconv_bf162s32rEPiPN8bfloat165Bf16TEm] -> (nil)
AscendC: [_ZN7AscendC15vconv_bf162s32zEPiPN8bfloat165Bf16TEhtttt] -> 0xffff949b66a0
AscendC: [_ZN7AscendC15vconv_bf162s32zEPiPN8bfloat165Bf16TEm] -> (nil)
AscendC: [_ZN7AscendC9vconv_deqEPN7float165Fp16TEPim] -> (nil)
AscendC: [_ZN7AscendC9vconv_deqEPN7float165Fp16TEPihtthh] -> 0xffff949aacc8
AscendC: [_ZN7AscendC9vconv_deqEPN7float165Fp16TEPihtthhbb] -> (nil)
AscendC: [_ZN7AscendC15vconv_deqs162b8EPaPsmb] -> (nil)
AscendC: [_ZN7AscendC15vconv_deqs162b8EPaPshtthhbbb] -> (nil)
AscendC: [_ZN7AscendC15vconv_deqs162b8EPhPsmb] -> (nil)
AscendC: [_ZN7AscendC15vconv_deqs162b8EPhPshtthhbbb] -> (nil)
AscendC: [_ZN7AscendC16vconv_deqs162b8hEPaPshtthh] -> 0xffff949af158
AscendC: [_ZN7AscendC16vconv_deqs162b8hEPaPsm] -> (nil)
AscendC: [_ZN7AscendC16vconv_deqs162b8hEPhPshtthh] -> 0xffff949af350
AscendC: [_ZN7AscendC16vconv_deqs162b8hEPhPsm] -> (nil)
AscendC: [_ZN7AscendC16vconv_deqs162b8lEPaPshtthh] -> 0xffff949af548
AscendC: [_ZN7AscendC16vconv_deqs162b8lEPaPsm] -> (nil)
AscendC: [_ZN7AscendC16vconv_deqs162b8lEPhPshtthh] -> 0xffff949af740
AscendC: [_ZN7AscendC16vconv_deqs162b8lEPhPsm] -> (nil)
AscendC: [_ZN7AscendC13vconv_f162f32EPfPN7float165Fp16TEm] -> (nil)
AscendC: [_ZN7AscendC13vconv_f162f32EPfPN7float165Fp16TEhtthh] -> 0xffff949aaec0
AscendC: [_ZN7AscendC13vconv_f162f32EPfPN7float165Fp16TEhtthhbb] -> (nil)
AscendC: [_ZN7AscendC13vconv_f162f32EPfPN7float165Fp16TEhtttt] -> (nil)
AscendC: [_ZN7AscendC14vconv_f162s16aEPsPN7float165Fp16TEhtttt] -> 0xffff949b6898
AscendC: [_ZN7AscendC14vconv_f162s16aEPsPN7float165Fp16TEm] -> (nil)
AscendC: [_ZN7AscendC14vconv_f162s16cEPsPN7float165Fp16TEhtttt] -> 0xffff949b6a88
AscendC: [_ZN7AscendC14vconv_f162s16cEPsPN7float165Fp16TEm] -> (nil)
AscendC: [_ZN7AscendC14vconv_f162s16fEPsPN7float165Fp16TEhtttt] -> 0xffff949b6c78
AscendC: [_ZN7AscendC14vconv_f162s16fEPsPN7float165Fp16TEm] -> (nil)
AscendC: [_ZN7AscendC14vconv_f162s16rEPsPN7float165Fp16TEm] -> (nil)
AscendC: [_ZN7AscendC14vconv_f162s16rEPsPN7float165Fp16TEhtthhbb] -> (nil)
AscendC: [_ZN7AscendC14vconv_f162s16rEPsPN7float165Fp16TEhtttt] -> 0xffff949b6e68
AscendC: [_ZN7AscendC14vconv_f162s16zEPsPN7float165Fp16TEhtttt] -> 0xffff949b7058
AscendC: [_ZN7AscendC14vconv_f162s16zEPsPN7float165Fp16TEm] -> (nil)
AscendC: [_ZN7AscendC14vconv_f162s32aEPiPN7float165Fp16TEm] -> (nil)
AscendC: [_ZN7AscendC14vconv_f162s32aEPiPN7float165Fp16TEhtthh] -> 0xffff949ab0b8
AscendC: [_ZN7AscendC14vconv_f162s32aEPiPN7float165Fp16TEhtthhbb] -> (nil)
AscendC: [_ZN7AscendC14vconv_f162s32aEPiPN7float165Fp16TEhtttt] -> (nil)
AscendC: [_ZN7AscendC14vconv_f162s32cEPiPN7float165Fp16TEm] -> (nil)
AscendC: [_ZN7AscendC14vconv_f162s32cEPiPN7float165Fp16TEhtthh] -> 0xffff949ab2b0
AscendC: [_ZN7AscendC14vconv_f162s32cEPiPN7float165Fp16TEhtthhbb] -> (nil)
AscendC: [_ZN7AscendC14vconv_f162s32cEPiPN7float165Fp16TEhtttt] -> (nil)
AscendC: [_ZN7AscendC14vconv_f162s32fEPiPN7float165Fp16TEm] -> (nil)
AscendC: [_ZN7AscendC14vconv_f162s32fEPiPN7float165Fp16TEhtthh] -> 0xffff949ab4a8
AscendC: [_ZN7AscendC14vconv_f162s32fEPiPN7float165Fp16TEhtthhbb] -> (nil)
AscendC: [_ZN7AscendC14vconv_f162s32fEPiPN7float165Fp16TEhtttt] -> (nil)
AscendC: [_ZN7AscendC14vconv_f162s32rEPiPN7float165Fp16TEm] -> (nil)
AscendC: [_ZN7AscendC14vconv_f162s32rEPiPN7float165Fp16TEhtthh] -> 0xffff949ab6a0
AscendC: [_ZN7AscendC14vconv_f162s32rEPiPN7float165Fp16TEhtthhbb] -> (nil)
AscendC: [_ZN7AscendC14vconv_f162s32rEPiPN7float165Fp16TEhtttt] -> (nil)
AscendC: [_ZN7AscendC14vconv_f162s32zEPiPN7float165Fp16TEm] -> (nil)
AscendC: [_ZN7AscendC14vconv_f162s32zEPiPN7float165Fp16TEhtthh] -> 0xffff949ab898
AscendC: [_ZN7AscendC14vconv_f162s32zEPiPN7float165Fp16TEhtthhbb] -> (nil)
AscendC: [_ZN7AscendC14vconv_f162s32zEPiPN7float165Fp16TEhtttt] -> (nil)
AscendC: [_ZN7AscendC12vconv_f162s4EPvPN7float165Fp16TEm] -> (nil)
AscendC: [_ZN7AscendC12vconv_f162s4EPvPN7float165Fp16TEhtthhbb] -> (nil)
AscendC: [_ZN7AscendC12vconv_f162s4EPvPN7float165Fp16TEhtttt] -> 0xffff949b8b90
AscendC: [_ZN7AscendC13vconv_f162s4aEPvPN7float165Fp16TEhtttt] -> 0xffff949b8d68
AscendC: [_ZN7AscendC13vconv_f162s4aEPvPN7float165Fp16TEm] -> (nil)
AscendC: [_ZN7AscendC13vconv_f162s4cEPvPN7float165Fp16TEhtttt] -> 0xffff949b8f40
AscendC: [_ZN7AscendC13vconv_f162s4cEPvPN7float165Fp16TEm] -> (nil)
AscendC: [_ZN7AscendC13vconv_f162s4fEPvPN7float165Fp16TEhtttt] -> 0xffff949b9118
AscendC: [_ZN7AscendC13vconv_f162s4fEPvPN7float165Fp16TEm] -> (nil)
AscendC: [_ZN7AscendC13vconv_f162s4rEPvPN7float165Fp16TEhtttt] -> 0xffff949b92f0
AscendC: [_ZN7AscendC13vconv_f162s4rEPvPN7float165Fp16TEm] -> (nil)
AscendC: [_ZN7AscendC13vconv_f162s4zEPvPN7float165Fp16TEhtttt] -> 0xffff949b94c8
AscendC: [_ZN7AscendC13vconv_f162s4zEPvPN7float165Fp16TEm] -> (nil)
AscendC: [_ZN7AscendC12vconv_f162s8EPaPN7float165Fp16TEm] -> (nil)
AscendC: [_ZN7AscendC12vconv_f162s8EPaPN7float165Fp16TEhtthh] -> 0xffff949aba90
AscendC: [_ZN7AscendC12vconv_f162s8EPaPN7float165Fp16TEhtthhbb] -> (nil)
AscendC: [_ZN7AscendC12vconv_f162s8EPaPN7float165Fp16TEhtttt] -> (nil)
AscendC: [_ZN7AscendC13vconv_f162s8aEPaPN7float165Fp16TEm] -> (nil)
AscendC: [_ZN7AscendC13vconv_f162s8aEPaPN7float165Fp16TEhtthh] -> 0xffff949abc88
AscendC: [_ZN7AscendC13vconv_f162s8aEPaPN7float165Fp16TEhtthhbb] -> (nil)
AscendC: [_ZN7AscendC13vconv_f162s8aEPaPN7float165Fp16TEhtttt] -> (nil)
AscendC: [_ZN7AscendC13vconv_f162s8cEPaPN7float165Fp16TEm] -> (nil)
AscendC: [_ZN7AscendC13vconv_f162s8cEPaPN7float165Fp16TEhtthh] -> 0xffff949abe80
AscendC: [_ZN7AscendC13vconv_f162s8cEPaPN7float165Fp16TEhtthhbb] -> (nil)
AscendC: [_ZN7AscendC13vconv_f162s8cEPaPN7float165Fp16TEhtttt] -> (nil)
AscendC: [_ZN7AscendC13vconv_f162s8fEPaPN7float165Fp16TEm] -> (nil)
AscendC: [_ZN7AscendC13vconv_f162s8fEPaPN7float165Fp16TEhtthh] -> 0xffff949ac078
AscendC: [_ZN7AscendC13vconv_f162s8fEPaPN7float165Fp16TEhtthhbb] -> (nil)
AscendC: [_ZN7AscendC13vconv_f162s8fEPaPN7float165Fp16TEhtttt] -> (nil)
AscendC: [_ZN7AscendC13vconv_f162s8rEPaPN7float165Fp16TEhtttt] -> 0xffff949b0118
AscendC: [_ZN7AscendC13vconv_f162s8rEPaPN7float165Fp16TEm] -> (nil)
AscendC: [_ZN7AscendC13vconv_f162s8zEPaPN7float165Fp16TEm] -> (nil)
AscendC: [_ZN7AscendC13vconv_f162s8zEPaPN7float165Fp16TEhtthh] -> 0xffff949ac270
AscendC: [_ZN7AscendC13vconv_f162s8zEPaPN7float165Fp16TEhtthhbb] -> (nil)
AscendC: [_ZN7AscendC13vconv_f162s8zEPaPN7float165Fp16TEhtttt] -> (nil)
AscendC: [_ZN7AscendC12vconv_f162u8EPhPN7float165Fp16TEm] -> (nil)
AscendC: [_ZN7AscendC12vconv_f162u8EPhPN7float165Fp16TEhtthh] -> 0xffff949ac468
AscendC: [_ZN7AscendC12vconv_f162u8EPhPN7float165Fp16TEhtthhbb] -> (nil)
AscendC: [_ZN7AscendC12vconv_f162u8EPhPN7float165Fp16TEhtttt] -> (nil)
AscendC: [_ZN7AscendC13vconv_f162u8aEPhPN7float165Fp16TEm] -> (nil)
AscendC: [_ZN7AscendC13vconv_f162u8aEPhPN7float165Fp16TEhtthh] -> 0xffff949ac660
AscendC: [_ZN7AscendC13vconv_f162u8aEPhPN7float165Fp16TEhtthhbb] -> (nil)
AscendC: [_ZN7AscendC13vconv_f162u8aEPhPN7float165Fp16TEhtttt] -> (nil)
AscendC: [_ZN7AscendC13vconv_f162u8cEPhPN7float165Fp16TEm] -> (nil)
AscendC: [_ZN7AscendC13vconv_f162u8cEPhPN7float165Fp16TEhtthh] -> 0xffff949ac858
AscendC: [_ZN7AscendC13vconv_f162u8cEPhPN7float165Fp16TEhtthhbb] -> (nil)
AscendC: [_ZN7AscendC13vconv_f162u8cEPhPN7float165Fp16TEhtttt] -> (nil)
AscendC: [_ZN7AscendC13vconv_f162u8fEPhPN7float165Fp16TEm] -> (nil)
AscendC: [_ZN7AscendC13vconv_f162u8fEPhPN7float165Fp16TEhtthh] -> 0xffff949aca50
AscendC: [_ZN7AscendC13vconv_f162u8fEPhPN7float165Fp16TEhtthhbb] -> (nil)
AscendC: [_ZN7AscendC13vconv_f162u8fEPhPN7float165Fp16TEhtttt] -> (nil)
AscendC: [_ZN7AscendC13vconv_f162u8rEPhPN7float165Fp16TEhtttt] -> 0xffff949b0310
AscendC: [_ZN7AscendC13vconv_f162u8rEPhPN7float165Fp16TEm] -> (nil)
AscendC: [_ZN7AscendC13vconv_f162u8zEPhPN7float165Fp16TEm] -> (nil)
AscendC: [_ZN7AscendC13vconv_f162u8zEPhPN7float165Fp16TEhtthh] -> 0xffff949acc48
AscendC: [_ZN7AscendC13vconv_f162u8zEPhPN7float165Fp16TEhtthhbb] -> (nil)
AscendC: [_ZN7AscendC13vconv_f162u8zEPhPN7float165Fp16TEhtttt] -> (nil)
AscendC: [_ZN7AscendC15vconv_f322bf16aEPN8bfloat165Bf16TEPfhtttt] -> 0xffff949b4918
AscendC: [_ZN7AscendC15vconv_f322bf16aEPN8bfloat165Bf16TEPfm] -> (nil)
AscendC: [_ZN7AscendC15vconv_f322bf16cEPN8bfloat165Bf16TEPfhtttt] -> 0xffff949b4b10
AscendC: [_ZN7AscendC15vconv_f322bf16cEPN8bfloat165Bf16TEPfm] -> (nil)
AscendC: [_ZN7AscendC15vconv_f322bf16fEPN8bfloat165Bf16TEPfhtttt] -> 0xffff949b4d08
AscendC: [_ZN7AscendC15vconv_f322bf16fEPN8bfloat165Bf16TEPfm] -> (nil)
AscendC: [_ZN7AscendC15vconv_f322bf16rEPN8bfloat165Bf16TEPfhtttt] -> 0xffff949b4f00
AscendC: [_ZN7AscendC15vconv_f322bf16rEPN8bfloat165Bf16TEPfm] -> (nil)
AscendC: [_ZN7AscendC15vconv_f322bf16zEPN8bfloat165Bf16TEPfhtttt] -> 0xffff949b50f8
AscendC: [_ZN7AscendC15vconv_f322bf16zEPN8bfloat165Bf16TEPfm] -> (nil)
AscendC: [_ZN7AscendC13vconv_f322f16EPN7float165Fp16TEPfm] -> (nil)
AscendC: [_ZN7AscendC13vconv_f322f16EPN7float165Fp16TEPfhtthh] -> 0xffff949ace40
AscendC: [_ZN7AscendC13vconv_f322f16EPN7float165Fp16TEPfhtthhbb] -> (nil)
AscendC: [_ZN7AscendC13vconv_f322f16EPN7float165Fp16TEPfhtttt] -> (nil)
AscendC: [_ZN7AscendC14vconv_f322f16aEPN7float165Fp16TEPfhtttt] -> 0xffff949b0508
AscendC: [_ZN7AscendC14vconv_f322f16aEPN7float165Fp16TEPfm] -> (nil)
AscendC: [_ZN7AscendC14vconv_f322f16cEPN7float165Fp16TEPfhtttt] -> 0xffff949b0700
AscendC: [_ZN7AscendC14vconv_f322f16cEPN7float165Fp16TEPfm] -> (nil)
AscendC: [_ZN7AscendC14vconv_f322f16fEPN7float165Fp16TEPfhtttt] -> 0xffff949b08f8
AscendC: [_ZN7AscendC14vconv_f322f16fEPN7float165Fp16TEPfm] -> (nil)
AscendC: [_ZN7AscendC14vconv_f322f16oEPN7float165Fp16TEPfm] -> (nil)
AscendC: [_ZN7AscendC14vconv_f322f16oEPN7float165Fp16TEPfhtthh] -> 0xffff949ad038
AscendC: [_ZN7AscendC14vconv_f322f16oEPN7float165Fp16TEPfhtthhbb] -> (nil)
AscendC: [_ZN7AscendC14vconv_f322f16oEPN7float165Fp16TEPfhtttt] -> (nil)
AscendC: [_ZN7AscendC14vconv_f322f16rEPN7float165Fp16TEPfhtttt] -> 0xffff949b0af0
AscendC: [_ZN7AscendC14vconv_f322f16rEPN7float165Fp16TEPfm] -> (nil)
AscendC: [_ZN7AscendC14vconv_f322f16zEPN7float165Fp16TEPfhtttt] -> 0xffff949b0ce8
AscendC: [_ZN7AscendC14vconv_f322f16zEPN7float165Fp16TEPfm] -> (nil)
AscendC: [_ZN7AscendC14vconv_f322f32aEPfS0_htttt] -> 0xffff949b3f90
AscendC: [_ZN7AscendC14vconv_f322f32aEPfS0_m] -> (nil)
AscendC: [_ZN7AscendC14vconv_f322f32cEPfS0_htttt] -> 0xffff949b4178
AscendC: [_ZN7AscendC14vconv_f322f32cEPfS0_m] -> (nil)
AscendC: [_ZN7AscendC14vconv_f322f32fEPfS0_htttt] -> 0xffff949b4360
AscendC: [_ZN7AscendC14vconv_f322f32fEPfS0_m] -> (nil)
AscendC: [_ZN7AscendC14vconv_f322f32rEPfS0_htttt] -> 0xffff949b4548
AscendC: [_ZN7AscendC14vconv_f322f32rEPfS0_m] -> (nil)
AscendC: [_ZN7AscendC14vconv_f322f32zEPfS0_htttt] -> 0xffff949b4730
AscendC: [_ZN7AscendC14vconv_f322f32zEPfS0_m] -> (nil)
AscendC: [_ZN7AscendC14vconv_f322s16aEPsPfhtttt] -> 0xffff949b0ee0
AscendC: [_ZN7AscendC14vconv_f322s16aEPsPfm] -> (nil)
AscendC: [_ZN7AscendC14vconv_f322s16cEPsPfhtttt] -> 0xffff949b10d8
AscendC: [_ZN7AscendC14vconv_f322s16cEPsPfm] -> (nil)
AscendC: [_ZN7AscendC14vconv_f322s16fEPsPfhtttt] -> 0xffff949b12d0
AscendC: [_ZN7AscendC14vconv_f322s16fEPsPfm] -> (nil)
AscendC: [_ZN7AscendC14vconv_f322s16rEPsPfm] -> (nil)
AscendC: [_ZN7AscendC14vconv_f322s16rEPsPfhtthh] -> 0xffff949ad230
AscendC: [_ZN7AscendC14vconv_f322s16rEPsPfhtthhbb] -> (nil)
AscendC: [_ZN7AscendC14vconv_f322s16rEPsPfhtttt] -> 0xffff949b14c8
AscendC: [_ZN7AscendC14vconv_f322s16zEPsPfm] -> (nil)
AscendC: [_ZN7AscendC14vconv_f322s16zEPsPfhtthh] -> 0xffff949ad428
AscendC: [_ZN7AscendC14vconv_f322s16zEPsPfhtthhbb] -> (nil)
AscendC: [_ZN7AscendC14vconv_f322s16zEPsPfhtttt] -> 0xffff949b16c0
AscendC: [_ZN7AscendC14vconv_f322s32aEPiPfm] -> (nil)
AscendC: [_ZN7AscendC14vconv_f322s32aEPiPfhtthh] -> 0xffff949ad620
AscendC: [_ZN7AscendC14vconv_f322s32aEPiPfhtthhbb] -> (nil)
AscendC: [_ZN7AscendC14vconv_f322s32aEPiPfhtttt] -> 0xffff949b18b8
AscendC: [_ZN7AscendC14vconv_f322s32cEPiPfm] -> (nil)
AscendC: [_ZN7AscendC14vconv_f322s32cEPiPfhtthh] -> 0xffff949ad810
AscendC: [_ZN7AscendC14vconv_f322s32cEPiPfhtthhbb] -> (nil)
AscendC: [_ZN7AscendC14vconv_f322s32cEPiPfhtttt] -> 0xffff949b1aa8
AscendC: [_ZN7AscendC14vconv_f322s32fEPiPfm] -> (nil)
AscendC: [_ZN7AscendC14vconv_f322s32fEPiPfhtthh] -> 0xffff949ada00
AscendC: [_ZN7AscendC14vconv_f322s32fEPiPfhtthhbb] -> (nil)
AscendC: [_ZN7AscendC14vconv_f322s32fEPiPfhtttt] -> 0xffff949b1c98
AscendC: [_ZN7AscendC14vconv_f322s32rEPiPfm] -> (nil)
AscendC: [_ZN7AscendC14vconv_f322s32rEPiPfhtthh] -> 0xffff949adbf0
AscendC: [_ZN7AscendC14vconv_f322s32rEPiPfhtthhbb] -> (nil)
AscendC: [_ZN7AscendC14vconv_f322s32rEPiPfhtttt] -> 0xffff949b1e88
AscendC: [_ZN7AscendC14vconv_f322s32zEPiPfm] -> (nil)
AscendC: [_ZN7AscendC14vconv_f322s32zEPiPfhtthh] -> 0xffff949adde0
AscendC: [_ZN7AscendC14vconv_f322s32zEPiPfhtthhbb] -> (nil)
AscendC: [_ZN7AscendC14vconv_f322s32zEPiPfhtttt] -> 0xffff949b2078
AscendC: [_ZN7AscendC14vconv_f322s64aEPlPfhtttt] -> 0xffff949b52f0
AscendC: [_ZN7AscendC14vconv_f322s64aEPlPfm] -> (nil)
AscendC: [_ZN7AscendC14vconv_f322s64cEPlPfhtttt] -> 0xffff949b54e8
AscendC: [_ZN7AscendC14vconv_f322s64cEPlPfm] -> (nil)
AscendC: [_ZN7AscendC14vconv_f322s64fEPlPfhtttt] -> 0xffff949b56e0
AscendC: [_ZN7AscendC14vconv_f322s64fEPlPfm] -> (nil)
AscendC: [_ZN7AscendC14vconv_f322s64rEPlPfhtttt] -> 0xffff949b58d8
AscendC: [_ZN7AscendC14vconv_f322s64rEPlPfm] -> (nil)
AscendC: [_ZN7AscendC14vconv_f322s64zEPlPfhtttt] -> 0xffff949b5ad0
AscendC: [_ZN7AscendC14vconv_f322s64zEPlPfm] -> (nil)
AscendC: [_ZN7AscendC13vconv_s162f16EPN7float165Fp16TEPsm] -> (nil)
AscendC: [_ZN7AscendC13vconv_s162f16EPN7float165Fp16TEPshtthhbb] -> (nil)
AscendC: [_ZN7AscendC13vconv_s162f16EPN7float165Fp16TEPshtttt] -> 0xffff949b2268
AscendC: [_ZN7AscendC14vconv_s162f16aEPN7float165Fp16TEPshtttt] -> 0xffff949b2458
AscendC: [_ZN7AscendC14vconv_s162f16aEPN7float165Fp16TEPsm] -> (nil)
AscendC: [_ZN7AscendC14vconv_s162f16cEPN7float165Fp16TEPshtttt] -> 0xffff949b2648
AscendC: [_ZN7AscendC14vconv_s162f16cEPN7float165Fp16TEPsm] -> (nil)
AscendC: [_ZN7AscendC14vconv_s162f16fEPN7float165Fp16TEPshtttt] -> 0xffff949b2838
AscendC: [_ZN7AscendC14vconv_s162f16fEPN7float165Fp16TEPsm] -> (nil)
AscendC: [_ZN7AscendC14vconv_s162f16rEPN7float165Fp16TEPshtttt] -> 0xffff949b2a28
AscendC: [_ZN7AscendC14vconv_s162f16rEPN7float165Fp16TEPsm] -> (nil)
AscendC: [_ZN7AscendC14vconv_s162f16zEPN7float165Fp16TEPshtttt] -> 0xffff949b2c18
AscendC: [_ZN7AscendC14vconv_s162f16zEPN7float165Fp16TEPsm] -> (nil)
AscendC: [_ZN7AscendC13vconv_s162f32EPfPsm] -> (nil)
AscendC: [_ZN7AscendC13vconv_s162f32EPfPshtthhbb] -> (nil)
AscendC: [_ZN7AscendC13vconv_s162f32EPfPshtttt] -> 0xffff949b2e08
AscendC: [_ZN7AscendC13vconv_s322f32EPfPim] -> (nil)
AscendC: [_ZN7AscendC13vconv_s322f32EPfPihtthh] -> 0xffff949ae1c8
AscendC: [_ZN7AscendC13vconv_s322f32EPfPihtthhbb] -> (nil)
AscendC: [_ZN7AscendC13vconv_s322f32EPfPihtttt] -> 0xffff949b3000
AscendC: [_ZN7AscendC14vconv_s322f32aEPfPihtttt] -> 0xffff949b31f0
AscendC: [_ZN7AscendC14vconv_s322f32aEPfPim] -> (nil)
AscendC: [_ZN7AscendC14vconv_s322f32cEPfPihtttt] -> 0xffff949b33e0
AscendC: [_ZN7AscendC14vconv_s322f32cEPfPim] -> (nil)
AscendC: [_ZN7AscendC14vconv_s322f32fEPfPihtttt] -> 0xffff949b35d0
AscendC: [_ZN7AscendC14vconv_s322f32fEPfPim] -> (nil)
AscendC: [_ZN7AscendC14vconv_s322f32rEPfPihtttt] -> 0xffff949b37c0
AscendC: [_ZN7AscendC14vconv_s322f32rEPfPim] -> (nil)
AscendC: [_ZN7AscendC14vconv_s322f32zEPfPihtttt] -> 0xffff949b39b0
AscendC: [_ZN7AscendC14vconv_s322f32zEPfPim] -> (nil)
AscendC: [_ZN7AscendC13vconv_s322s16EPsPihtttt] -> 0xffff949b7248
AscendC: [_ZN7AscendC13vconv_s322s16EPsPim] -> (nil)
AscendC: [_ZN7AscendC13vconv_s322s64EPlPihtttt] -> 0xffff949b7440
AscendC: [_ZN7AscendC13vconv_s322s64EPlPim] -> (nil)
AscendC: [_ZN7AscendC12vconv_s42f16EPN7float165Fp16TEPvhtthh] -> 0xffff949b89b8
AscendC: [_ZN7AscendC12vconv_s42f16EPN7float165Fp16TEPvm] -> (nil)
AscendC: [_ZN7AscendC14vconv_s642f32aEPfPlhtttt] -> 0xffff949b7638
AscendC: [_ZN7AscendC14vconv_s642f32aEPfPlm] -> (nil)
AscendC: [_ZN7AscendC14vconv_s642f32cEPfPlhtttt] -> 0xffff949b7830
AscendC: [_ZN7AscendC14vconv_s642f32cEPfPlm] -> (nil)
AscendC: [_ZN7AscendC14vconv_s642f32fEPfPlhtttt] -> 0xffff949b7a28
AscendC: [_ZN7AscendC14vconv_s642f32fEPfPlm] -> (nil)
AscendC: [_ZN7AscendC14vconv_s642f32rEPfPlhtttt] -> 0xffff949b7c20
AscendC: [_ZN7AscendC14vconv_s642f32rEPfPlm] -> (nil)
AscendC: [_ZN7AscendC14vconv_s642f32zEPfPlhtttt] -> 0xffff949b7e18
AscendC: [_ZN7AscendC14vconv_s642f32zEPfPlm] -> (nil)
AscendC: [_ZN7AscendC13vconv_s642s32EPiPlhtttt] -> 0xffff949b8010
AscendC: [_ZN7AscendC13vconv_s642s32EPiPlm] -> (nil)
AscendC: [_ZN7AscendC12vconv_s82f16EPN7float165Fp16TEPam] -> (nil)
AscendC: [_ZN7AscendC12vconv_s82f16EPN7float165Fp16TEPahtthh] -> 0xffff949aed68
AscendC: [_ZN7AscendC12vconv_s82f16EPN7float165Fp16TEPahtthhbb] -> (nil)
AscendC: [_ZN7AscendC12vconv_s82f16EPN7float165Fp16TEPahtttt] -> 0xffff949b3ba0
AscendC: [_ZN7AscendC12vconv_u82f16EPN7float165Fp16TEPhm] -> (nil)
AscendC: [_ZN7AscendC12vconv_u82f16EPN7float165Fp16TEPhhtthh] -> 0xffff949aef60
AscendC: [_ZN7AscendC12vconv_u82f16EPN7float165Fp16TEPhhtthhbb] -> (nil)
AscendC: [_ZN7AscendC12vconv_u82f16EPN7float165Fp16TEPhhtttt] -> 0xffff949b3d98
AscendC: [_ZN7AscendC16vconv_vdeqs162b8EPaPsmb] -> (nil)
AscendC: [_ZN7AscendC16vconv_vdeqs162b8EPaPshtthhbbb] -> (nil)
AscendC: [_ZN7AscendC16vconv_vdeqs162b8EPhPsmb] -> (nil)
AscendC: [_ZN7AscendC16vconv_vdeqs162b8EPhPshtthhbbb] -> (nil)
AscendC: [_ZN7AscendC17vconv_vdeqs162b8hEPaPshtthh] -> 0xffff949af938
AscendC: [_ZN7AscendC17vconv_vdeqs162b8hEPaPsm] -> (nil)
AscendC: [_ZN7AscendC17vconv_vdeqs162b8hEPhPshtthh] -> 0xffff949afb30
AscendC: [_ZN7AscendC17vconv_vdeqs162b8hEPhPsm] -> (nil)
AscendC: [_ZN7AscendC17vconv_vdeqs162b8lEPaPshtthh] -> 0xffff949afd28
AscendC: [_ZN7AscendC17vconv_vdeqs162b8lEPaPsm] -> (nil)
AscendC: [_ZN7AscendC17vconv_vdeqs162b8lEPhPshtthh] -> 0xffff949aff20
AscendC: [_ZN7AscendC17vconv_vdeqs162b8lEPhPsm] -> (nil)
AscendC: [_ZN7AscendC4vcvtERA128_N7float165Fp16TEPhh7Literal] -> (nil)
AscendC: [_ZN7AscendC4vcvtERA128_N7float165Fp16TEPah7Literal] -> (nil)
AscendC: [_ZN7AscendC4vcvtERA64_fPN7float165Fp16TEh7Literal] -> (nil)
AscendC: [_ZN7AscendC4vcvtERA64_iPN7float165Fp16TEh7LiteralS5_] -> (nil)
AscendC: [_ZN7AscendC4vcvtERA64_fPN8bfloat165Bf16TEh7Literal] -> (nil)
AscendC: [_ZN7AscendC4vcvtERA64_iPN8bfloat165Bf16TEh7LiteralS5_S5_] -> (nil)
AscendC: [_ZN7AscendC4vcvtERA64_fPsh7Literal] -> (nil)
AscendC: [_ZN7AscendC4vcvtERA32_lPfh7LiteralS3_S3_] -> (nil)
AscendC: [_ZN7AscendC4vcvtERA32_lPih7Literal] -> (nil)
AscendC: [_ZN7AscendC4vcvtERA256_hPN7float165Fp16TEh7LiteralS5_S5_] -> (nil)
AscendC: [_ZN7AscendC4vcvtERA256_aPN7float165Fp16TEh7LiteralS5_S5_] -> (nil)
AscendC: [_ZN7AscendC4vcvtERA128_N7float165Fp16TEPfh7LiteralS5_S5_] -> (nil)
AscendC: [_ZN7AscendC4vcvtERA128_N8bfloat165Bf16TEPfh7LiteralS5_S5_] -> (nil)
AscendC: [_ZN7AscendC4vcvtERA128_sPfh7LiteralS3_S3_] -> (nil)
AscendC: [_ZN7AscendC4vcvtERA128_sPih7LiteralS3_] -> (nil)
AscendC: [_ZN7AscendC4vcvtERA64_iPlh7LiteralS3_] -> (nil)
AscendC: [_ZN7AscendC4vcvtERA64_fPlh7LiteralS3_] -> (nil)
AscendC: [_ZN7AscendC4vcvtERA128_sPN7float165Fp16TEh7LiteralS5_] -> (nil)
AscendC: [_ZN7AscendC4vcvtERA128_N7float165Fp16TEPsh7Literal] -> (nil)
AscendC: [_ZN7AscendC4vcvtERA64_iPfh7LiteralS3_] -> (nil)
AscendC: [_ZN7AscendC4vcvtERA64_fPih7Literal] -> (nil)
AscendC: [_ZN7AscendC4vtrcERA64_fPf7Literalh] -> (nil)
AscendC: [_ZN7AscendC5vcopyEPsS0_m] -> (nil)
AscendC: [_ZN7AscendC5vcopyEPsS0_htttt] -> 0xffff948fff50
AscendC: [_ZN7AscendC5vcopyEPiS0_m] -> (nil)
AscendC: [_ZN7AscendC5vcopyEPiS0_htttt] -> 0xffff948ffbc0
AscendC: [_ZN7AscendC5vcopyEPtS0_m] -> (nil)
AscendC: [_ZN7AscendC5vcopyEPtS0_htttt] -> 0xffff948ffd88
AscendC: [_ZN7AscendC5vcopyEPjS0_m] -> (nil)
AscendC: [_ZN7AscendC5vcopyEPjS0_htttt] -> 0xffff94900118
AscendC: [_ZN7AscendC6vcpaddEPN7float165Fp16TES2_m] -> (nil)
AscendC: [_ZN7AscendC6vcpaddEPN7float165Fp16TES2_httt] -> 0xffff9499c1e8
AscendC: [_ZN7AscendC6vcpaddEPN7float165Fp16TES2_htttbb] -> (nil)
AscendC: [_ZN7AscendC6vcpaddEPfS0_m] -> (nil)
AscendC: [_ZN7AscendC6vcpaddEPfS0_httt] -> 0xffff9499bac8
AscendC: [_ZN7AscendC6vcpaddEPfS0_htttbb] -> (nil)
AscendC: [_ZN7AscendC4vdivEPN7float165Fp16TES2_S2_m] -> (nil)
AscendC: [_ZN7AscendC4vdivEPN7float165Fp16TES2_S2_hhhhhhh] -> 0xffff94974550
AscendC: [_ZN7AscendC4vdivEPN7float165Fp16TES2_S2_hhhhhhhbb] -> (nil)
AscendC: [_ZN7AscendC4vdivEPfS0_S0_m] -> (nil)
AscendC: [_ZN7AscendC4vdivEPfS0_S0_hhhhhhh] -> 0xffff94972e40
AscendC: [_ZN7AscendC4vdivEPfS0_S0_hhhhhhhbb] -> (nil)
AscendC: [_ZN7AscendC3vdpEPsS0_S0_m] -> (nil)
AscendC: [_ZN7AscendC3vdpEPsS0_S0_thttbbb] -> (nil)
AscendC: [_ZN7AscendC10vector_dupEPN7float165Fp16TES1_m] -> (nil)
AscendC: [_ZN7AscendC10vector_dupEPN7float165Fp16TES1_htthh] -> 0xffff9498e9a0
AscendC: [_ZN7AscendC10vector_dupEPN7float165Fp16TES1_htthhbb] -> (nil)
AscendC: [_ZN7AscendC10vector_dupEPN7float165Fp16TES1_htttt] -> (nil)
AscendC: [_ZN7AscendC10vector_dupEPffm] -> (nil)
AscendC: [_ZN7AscendC10vector_dupEPffhtthh] -> 0xffff9498f5e0
AscendC: [_ZN7AscendC10vector_dupEPffhtthhbb] -> (nil)
AscendC: [_ZN7AscendC10vector_dupEPffhtttt] -> (nil)
AscendC: [_ZN7AscendC10vector_dupEPssm] -> (nil)
AscendC: [_ZN7AscendC10vector_dupEPsshtthh] -> 0xffff9498f370
AscendC: [_ZN7AscendC10vector_dupEPsshtthhbb] -> (nil)
AscendC: [_ZN7AscendC10vector_dupEPsshtttt] -> (nil)
AscendC: [_ZN7AscendC10vector_dupEPiim] -> (nil)
AscendC: [_ZN7AscendC10vector_dupEPiihtthh] -> 0xffff9498ee90
AscendC: [_ZN7AscendC10vector_dupEPiihtthhbb] -> (nil)
AscendC: [_ZN7AscendC10vector_dupEPiihtttt] -> (nil)
AscendC: [_ZN7AscendC10vector_dupEPttm] -> (nil)
AscendC: [_ZN7AscendC10vector_dupEPtthtthh] -> 0xffff9498ec20
AscendC: [_ZN7AscendC10vector_dupEPtthtthhbb] -> (nil)
AscendC: [_ZN7AscendC10vector_dupEPtthtttt] -> (nil)
AscendC: [_ZN7AscendC10vector_dupEPjjm] -> (nil)
AscendC: [_ZN7AscendC10vector_dupEPjjhtthh] -> 0xffff9498f100
AscendC: [_ZN7AscendC10vector_dupEPjjhtthhbb] -> (nil)
AscendC: [_ZN7AscendC10vector_dupEPjjhtttt] -> (nil)
AscendC: [_ZN7AscendC10vector_dupEPN8bfloat165Bf16TES1_m] -> (nil)
AscendC: [_ZN7AscendC10vector_dupEPN8bfloat165Bf16TES1_htthh] -> 0xffff9498f850
AscendC: [_ZN7AscendC4vexpEPN7float165Fp16TES2_m] -> (nil)
AscendC: [_ZN7AscendC4vexpEPN7float165Fp16TES2_htthh] -> 0xffff949a5518
AscendC: [_ZN7AscendC4vexpEPN7float165Fp16TES2_htthhbb] -> 0xffff949a57b0
AscendC: [_ZN7AscendC4vexpEPN7float165Fp16TES2_htttt] -> (nil)
AscendC: [_ZN7AscendC4vexpEPfS0_m] -> (nil)
AscendC: [_ZN7AscendC4vexpEPfS0_htthh] -> 0xffff949a5a58
AscendC: [_ZN7AscendC4vexpEPfS0_htthhbb] -> 0xffff949a5cf0
AscendC: [_ZN7AscendC4vexpEPfS0_htttt] -> (nil)
AscendC: [_ZN7AscendC8vextractEPN7float165Fp16TES2_m] -> (nil)
AscendC: [_ZN7AscendC8vextractEPN7float165Fp16TES2_hh] -> 0xffff9496d030
AscendC: [_ZN7AscendC8vextractEPN7float165Fp16TES2_htthh] -> (nil)
AscendC: [_ZN7AscendC8vextractEPN7float165Fp16TES2_htthhbb] -> (nil)
AscendC: [_ZN7AscendC8vextractEPfS0_m] -> (nil)
AscendC: [_ZN7AscendC8vextractEPfS0_hh] -> 0xffff9496d4d8
AscendC: [_ZN7AscendC8vextractEPfS0_htthh] -> (nil)
AscendC: [_ZN7AscendC8vextractEPfS0_htthhbb] -> (nil)
AscendC: [_ZN7AscendC7vgatherEPtPjm] -> (nil)
AscendC: [_ZN7AscendC7vgatherEPtPjjb] -> (nil)
AscendC: [_ZN7AscendC7vgatherEPtPjjth] -> 0xffff94996010
AscendC: [_ZN7AscendC7vgatherEPjS0_m] -> (nil)
AscendC: [_ZN7AscendC7vgatherEPjS0_jb] -> (nil)
AscendC: [_ZN7AscendC7vgatherEPjS0_jth] -> 0xffff94996260
AscendC: [_ZN7AscendC8vgatherbEPtPjm] -> (nil)
AscendC: [_ZN7AscendC8vgatherbEPtPjjthh] -> 0xffff94995b68
AscendC: [_ZN7AscendC8vgatherbEPjS0_m] -> (nil)
AscendC: [_ZN7AscendC8vgatherbEPjS0_jthh] -> 0xffff94995db8
AscendC: [_ZN7AscendC4viouEPN7float165Fp16TES2_S2_m] -> (nil)
AscendC: [_ZN7AscendC4viouEPN7float165Fp16TES2_S2_hhhhhhh] -> (nil)
AscendC: [_ZN7AscendC4viouEPN7float165Fp16TES2_S2_hhhhhhhbb] -> (nil)
AscendC: [_ZN7AscendC4viouEPfS0_S0_m] -> (nil)
AscendC: [_ZN7AscendC4viouEPfS0_S0_hhhhhhh] -> (nil)
AscendC: [_ZN7AscendC4viouEPfS0_S0_hhhhhhhbb] -> (nil)
AscendC: [_ZN7AscendC10vld_va_regE10ub_addr8_tPm7vpart_t] -> 0xffff949a22c0
AscendC: [_ZN7AscendC3vlnEPN7float165Fp16TES2_m] -> (nil)
AscendC: [_ZN7AscendC3vlnEPN7float165Fp16TES2_htthh] -> 0xffff949a5f98
AscendC: [_ZN7AscendC3vlnEPN7float165Fp16TES2_htthhbb] -> 0xffff949a6230
AscendC: [_ZN7AscendC3vlnEPN7float165Fp16TES2_htttt] -> (nil)
AscendC: [_ZN7AscendC3vlnEPfS0_m] -> (nil)
AscendC: [_ZN7AscendC3vlnEPfS0_htthh] -> 0xffff949a64d8
AscendC: [_ZN7AscendC3vlnEPfS0_htthhbb] -> 0xffff949a6770
AscendC: [_ZN7AscendC3vlnEPfS0_htttt] -> (nil)
AscendC: [_ZN7AscendC6vlreluEPN7float165Fp16TES2_S1_m] -> (nil)
AscendC: [_ZN7AscendC6vlreluEPN7float165Fp16TES2_S1_htthhbb] -> (nil)
AscendC: [_ZN7AscendC6vlreluEPN7float165Fp16TES2_S1_htttt] -> 0xffff9497ce98
AscendC: [_ZN7AscendC6vlreluEPfS0_fm] -> (nil)
AscendC: [_ZN7AscendC6vlreluEPfS0_fhtthhbb] -> (nil)
AscendC: [_ZN7AscendC6vlreluEPfS0_fhtttt] -> 0xffff9497df28
AscendC: [_ZN7AscendC5vmaddEPN7float165Fp16TES2_S2_m] -> (nil)
AscendC: [_ZN7AscendC5vmaddEPN7float165Fp16TES2_S2_hhhhhhh] -> 0xffff94974d00
AscendC: [_ZN7AscendC5vmaddEPN7float165Fp16TES2_S2_hhhhhhhbb] -> (nil)
AscendC: [_ZN7AscendC5vmaddEPfS0_S0_m] -> (nil)
AscendC: [_ZN7AscendC5vmaddEPfS0_S0_hhhhhhh] -> 0xffff949735f0
AscendC: [_ZN7AscendC5vmaddEPfS0_S0_hhhhhhhbb] -> (nil)
AscendC: [_ZN7AscendC9vmaddreluEPN7float165Fp16TES2_S2_m] -> (nil)
AscendC: [_ZN7AscendC9vmaddreluEPN7float165Fp16TES2_S2_hhhhhhh] -> 0xffff94972368
AscendC: [_ZN7AscendC9vmaddreluEPN7float165Fp16TES2_S2_hhhhhhhbb] -> (nil)
AscendC: [_ZN7AscendC9vmaddreluEPfS0_S0_m] -> (nil)
AscendC: [_ZN7AscendC9vmaddreluEPfS0_S0_hhhhhhh] -> 0xffff94971d18
AscendC: [_ZN7AscendC9vmaddreluEPfS0_S0_hhhhhhhbb] -> (nil)
AscendC: [_ZN7AscendC4vmaxEPN7float165Fp16TES2_S2_m] -> (nil)
AscendC: [_ZN7AscendC4vmaxEPN7float165Fp16TES2_S2_hhhhhhh] -> 0xffff949747e0
AscendC: [_ZN7AscendC4vmaxEPN7float165Fp16TES2_S2_hhhhhhhbb] -> (nil)
AscendC: [_ZN7AscendC4vmaxEPfS0_S0_m] -> (nil)
AscendC: [_ZN7AscendC4vmaxEPfS0_S0_hhhhhhh] -> 0xffff949730d0
AscendC: [_ZN7AscendC4vmaxEPfS0_S0_hhhhhhhbb] -> (nil)
AscendC: [_ZN7AscendC4vmaxEPsS0_S0_m] -> (nil)
AscendC: [_ZN7AscendC4vmaxEPsS0_S0_hhhhhhh] -> 0xffff94976e50
AscendC: [_ZN7AscendC4vmaxEPsS0_S0_hhhhhhhbb] -> (nil)
AscendC: [_ZN7AscendC4vmaxEPiS0_S0_m] -> (nil)
AscendC: [_ZN7AscendC4vmaxEPiS0_S0_hhhhhhh] -> 0xffff94975c60
AscendC: [_ZN7AscendC4vmaxEPiS0_S0_hhhhhhhbb] -> (nil)
AscendC: [_ZN7AscendC5vmaxsEPN7float165Fp16TES2_S1_m] -> (nil)
AscendC: [_ZN7AscendC5vmaxsEPN7float165Fp16TES2_S1_htthhbb] -> 0xffff9497c768
AscendC: [_ZN7AscendC5vmaxsEPN7float165Fp16TES2_S1_htttt] -> (nil)
AscendC: [_ZN7AscendC5vmaxsEPfS0_fm] -> (nil)
AscendC: [_ZN7AscendC5vmaxsEPfS0_fhtthhbb] -> 0xffff9497d868
AscendC: [_ZN7AscendC5vmaxsEPfS0_fhtttt] -> (nil)
AscendC: [_ZN7AscendC5vmaxsEPsS0_sm] -> (nil)
AscendC: [_ZN7AscendC5vmaxsEPsS0_shtthhbb] -> 0xffff9497e8d8
AscendC: [_ZN7AscendC5vmaxsEPsS0_shtttt] -> (nil)
AscendC: [_ZN7AscendC5vmaxsEPiS0_im] -> (nil)
AscendC: [_ZN7AscendC5vmaxsEPiS0_ihtthhbb] -> 0xffff9497f628
AscendC: [_ZN7AscendC5vmaxsEPiS0_ihtttt] -> (nil)
AscendC: [_ZN7AscendC8vmergechEPhS0_m] -> (nil)
AscendC: [_ZN7AscendC8vmergechEPhS0_htthh] -> (nil)
AscendC: [_ZN7AscendC8vmergechEPhS0_htthhbb] -> (nil)
AscendC: [_ZN7AscendC8vmergechEPN7float165Fp16TES2_m] -> (nil)
AscendC: [_ZN7AscendC8vmergechEPN7float165Fp16TES2_htthh] -> (nil)
AscendC: [_ZN7AscendC8vmergechEPN7float165Fp16TES2_htthhbb] -> (nil)
AscendC: [_ZN7AscendC4vminEPN7float165Fp16TES2_S2_m] -> (nil)
AscendC: [_ZN7AscendC4vminEPN7float165Fp16TES2_S2_hhhhhhh] -> 0xffff94974a70
AscendC: [_ZN7AscendC4vminEPN7float165Fp16TES2_S2_hhhhhhhbb] -> (nil)
AscendC: [_ZN7AscendC4vminEPfS0_S0_m] -> (nil)
AscendC: [_ZN7AscendC4vminEPfS0_S0_hhhhhhh] -> 0xffff94973360
AscendC: [_ZN7AscendC4vminEPfS0_S0_hhhhhhhbb] -> (nil)
AscendC: [_ZN7AscendC4vminEPsS0_S0_m] -> (nil)
AscendC: [_ZN7AscendC4vminEPsS0_S0_hhhhhhh] -> 0xffff949770e0
AscendC: [_ZN7AscendC4vminEPsS0_S0_hhhhhhhbb] -> (nil)
AscendC: [_ZN7AscendC4vminEPiS0_S0_m] -> (nil)
AscendC: [_ZN7AscendC4vminEPiS0_S0_hhhhhhh] -> 0xffff94975ef0
AscendC: [_ZN7AscendC4vminEPiS0_S0_hhhhhhhbb] -> (nil)
AscendC: [_ZN7AscendC5vminsEPN7float165Fp16TES2_S1_m] -> (nil)
AscendC: [_ZN7AscendC5vminsEPN7float165Fp16TES2_S1_htthhbb] -> 0xffff9497cb00
AscendC: [_ZN7AscendC5vminsEPN7float165Fp16TES2_S1_htttt] -> (nil)
AscendC: [_ZN7AscendC5vminsEPfS0_fm] -> (nil)
AscendC: [_ZN7AscendC5vminsEPfS0_fhtthhbb] -> 0xffff9497dbc8
AscendC: [_ZN7AscendC5vminsEPfS0_fhtttt] -> (nil)
AscendC: [_ZN7AscendC5vminsEPsS0_sm] -> (nil)
AscendC: [_ZN7AscendC5vminsEPsS0_shtthhbb] -> 0xffff9497ec40
AscendC: [_ZN7AscendC5vminsEPsS0_shtttt] -> (nil)
AscendC: [_ZN7AscendC5vminsEPiS0_im] -> (nil)
AscendC: [_ZN7AscendC5vminsEPiS0_ihtthhbb] -> 0xffff9497f990
AscendC: [_ZN7AscendC5vminsEPiS0_ihtttt] -> (nil)
AscendC: [_ZN7AscendC4vmlaEPN7float165Fp16TES2_S2_m] -> (nil)
AscendC: [_ZN7AscendC4vmlaEPN7float165Fp16TES2_S2_hhhhhhh] -> 0xffff94972040
AscendC: [_ZN7AscendC4vmlaEPN7float165Fp16TES2_S2_hhhhhhhbb] -> (nil)
AscendC: [_ZN7AscendC4vmlaEPfS0_S0_m] -> (nil)
AscendC: [_ZN7AscendC4vmlaEPfS0_S0_hhhhhhh] -> 0xffff949719f0
AscendC: [_ZN7AscendC4vmlaEPfS0_S0_hhhhhhhbb] -> (nil)
AscendC: [_ZN7AscendC4vmlaEPfPN7float165Fp16TES3_m] -> (nil)
AscendC: [_ZN7AscendC4vmlaEPfPN7float165Fp16TES3_hhhhhhh] -> 0xffff949716d0
AscendC: [_ZN7AscendC4vmlaEPfPN7float165Fp16TES3_hhhhhhhbb] -> (nil)
AscendC: [_ZN7AscendC9vmrgsort4EPN7float165Fp16TEPS2_m] -> 0xffff9496db10
AscendC: [_ZN7AscendC9vmrgsort4EPfPS0_m] -> 0xffff9496dc10
AscendC: [_ZN7AscendC9vmrgsort4EPN7float165Fp16TEPS2_mm] -> 0xffff9496dd10
AscendC: [_ZN7AscendC9vmrgsort4EPfPS0_mm] -> 0xffff9496de18
AscendC: [_ZN7AscendC4vmulEPN7float165Fp16TES2_S2_m] -> (nil)
AscendC: [_ZN7AscendC4vmulEPN7float165Fp16TES2_S2_hhhhhhh] -> 0xffff949742c0
AscendC: [_ZN7AscendC4vmulEPN7float165Fp16TES2_S2_hhhhhhhbb] -> (nil)
AscendC: [_ZN7AscendC4vmulEPfS0_S0_m] -> (nil)
AscendC: [_ZN7AscendC4vmulEPfS0_S0_hhhhhhh] -> 0xffff94972bb0
AscendC: [_ZN7AscendC4vmulEPfS0_S0_hhhhhhhbb] -> (nil)
AscendC: [_ZN7AscendC4vmulEPsS0_S0_m] -> (nil)
AscendC: [_ZN7AscendC4vmulEPsS0_S0_hhhhhhh] -> 0xffff94976bc0
AscendC: [_ZN7AscendC4vmulEPsS0_S0_hhhhhhhbb] -> (nil)
AscendC: [_ZN7AscendC4vmulEPiS0_S0_m] -> (nil)
AscendC: [_ZN7AscendC4vmulEPiS0_S0_hhhhhhh] -> 0xffff949759d0
AscendC: [_ZN7AscendC4vmulEPiS0_S0_hhhhhhhbb] -> (nil)
AscendC: [_ZN7AscendC15vmulconv_f162s8EPaPN7float165Fp16TES3_m] -> (nil)
AscendC: [_ZN7AscendC15vmulconv_f162s8EPaPN7float165Fp16TES3_hhhhhhh] -> 0xffff94999060
AscendC: [_ZN7AscendC15vmulconv_f162s8EPaPN7float165Fp16TES3_hhhhhhhbb] -> (nil)
AscendC: [_ZN7AscendC15vmulconv_f162u8EPhPN7float165Fp16TES3_m] -> (nil)
AscendC: [_ZN7AscendC15vmulconv_f162u8EPhPN7float165Fp16TES3_hhhhhhh] -> 0xffff94999310
AscendC: [_ZN7AscendC15vmulconv_f162u8EPhPN7float165Fp16TES3_hhhhhhhbb] -> (nil)
AscendC: [_ZN7AscendC5vmulsEPN7float165Fp16TES2_S1_m] -> (nil)
AscendC: [_ZN7AscendC5vmulsEPN7float165Fp16TES2_S1_htthh] -> (nil)
AscendC: [_ZN7AscendC5vmulsEPN7float165Fp16TES2_S1_htthhbb] -> (nil)
AscendC: [_ZN7AscendC5vmulsEPN7float165Fp16TES2_S1_htttt] -> 0xffff9497c3f8
AscendC: [_ZN7AscendC5vmulsEPfS0_fm] -> (nil)
AscendC: [_ZN7AscendC5vmulsEPfS0_fhtthh] -> (nil)
AscendC: [_ZN7AscendC5vmulsEPfS0_fhtthhbb] -> (nil)
AscendC: [_ZN7AscendC5vmulsEPfS0_fhtttt] -> 0xffff9497d538
AscendC: [_ZN7AscendC5vmulsEPsS0_sm] -> (nil)
AscendC: [_ZN7AscendC5vmulsEPsS0_shtthh] -> (nil)
AscendC: [_ZN7AscendC5vmulsEPsS0_shtthhbb] -> (nil)
AscendC: [_ZN7AscendC5vmulsEPsS0_shtttt] -> 0xffff9497e598
AscendC: [_ZN7AscendC5vmulsEPiS0_im] -> (nil)
AscendC: [_ZN7AscendC5vmulsEPiS0_ihtthh] -> (nil)
AscendC: [_ZN7AscendC5vmulsEPiS0_ihtthhbb] -> (nil)
AscendC: [_ZN7AscendC5vmulsEPiS0_ihtttt] -> 0xffff9497f2e8
AscendC: [_ZN7AscendC4vnotEPsS0_m] -> (nil)
AscendC: [_ZN7AscendC4vnotEPsS0_htthh] -> 0xffff949a8ed8
AscendC: [_ZN7AscendC4vnotEPsS0_htthhbb] -> 0xffff949a9170
AscendC: [_ZN7AscendC4vnotEPsS0_htttt] -> (nil)
AscendC: [_ZN7AscendC4vnotEPtS0_m] -> (nil)
AscendC: [_ZN7AscendC4vnotEPtS0_htthh] -> 0xffff949a9418
AscendC: [_ZN7AscendC4vnotEPtS0_htthhbb] -> 0xffff949a96b0
AscendC: [_ZN7AscendC4vnotEPtS0_htttt] -> (nil)
AscendC: [_ZN7AscendC3vorEPsS0_S0_m] -> (nil)
AscendC: [_ZN7AscendC3vorEPsS0_S0_hhhhhhh] -> 0xffff94976410
AscendC: [_ZN7AscendC3vorEPsS0_S0_hhhhhhhbb] -> (nil)
AscendC: [_ZN7AscendC3vorEPtS0_S0_m] -> (nil)
AscendC: [_ZN7AscendC3vorEPtS0_S0_hhhhhhh] -> 0xffff94977b20
AscendC: [_ZN7AscendC3vorEPtS0_S0_hhhhhhhbb] -> (nil)
AscendC: [_ZN7AscendC8vpaddingEPtS0_m] -> (nil)
AscendC: [_ZN7AscendC8vpaddingEPtS0_htthhbbhb] -> (nil)
AscendC: [_ZN7AscendC8vpaddingEPjS0_m] -> (nil)
AscendC: [_ZN7AscendC8vpaddingEPjS0_htthhbbhb] -> (nil)
AscendC: [_ZN7AscendC4vrecEPN7float165Fp16TES2_m] -> (nil)
AscendC: [_ZN7AscendC4vrecEPN7float165Fp16TES2_htthh] -> 0xffff949a4a98
AscendC: [_ZN7AscendC4vrecEPN7float165Fp16TES2_htthhbb] -> 0xffff949a4d30
AscendC: [_ZN7AscendC4vrecEPN7float165Fp16TES2_htttt] -> (nil)
AscendC: [_ZN7AscendC4vrecEPfS0_m] -> (nil)
AscendC: [_ZN7AscendC4vrecEPfS0_htthh] -> 0xffff949a4fd8
AscendC: [_ZN7AscendC4vrecEPfS0_htthhbb] -> 0xffff949a5270
AscendC: [_ZN7AscendC4vrecEPfS0_htttt] -> (nil)
AscendC: [_ZN7AscendC7vreduceEPtS0_S0_m] -> (nil)
AscendC: [_ZN7AscendC7vreduceEPtS0_S0_hhhhhhh] -> (nil)
AscendC: [_ZN7AscendC7vreduceEPtS0_S0_hhhhh] -> (nil)
AscendC: [_ZN7AscendC7vreduceEPjS0_S0_m] -> (nil)
AscendC: [_ZN7AscendC7vreduceEPjS0_S0_hhhhhhh] -> (nil)
AscendC: [_ZN7AscendC7vreduceEPjS0_S0_hhhhh] -> (nil)
AscendC: [_ZN7AscendC9vreducev2EPtS0_S0_m] -> (nil)
AscendC: [_ZN7AscendC9vreducev2EPtS0_S0_thhth] -> 0xffff94997c70
AscendC: [_ZN7AscendC9vreducev2EPjS0_S0_m] -> (nil)
AscendC: [_ZN7AscendC9vreducev2EPjS0_S0_thhth] -> 0xffff94997e60
AscendC: [_ZN7AscendC5vreluEPN7float165Fp16TES2_m] -> (nil)
AscendC: [_ZN7AscendC5vreluEPN7float165Fp16TES2_htthh] -> 0xffff949a3ad8
AscendC: [_ZN7AscendC5vreluEPN7float165Fp16TES2_htthhbb] -> 0xffff949a3d70
AscendC: [_ZN7AscendC5vreluEPN7float165Fp16TES2_htttt] -> (nil)
AscendC: [_ZN7AscendC5vreluEPfS0_m] -> (nil)
AscendC: [_ZN7AscendC5vreluEPfS0_htthh] -> 0xffff949a4018
AscendC: [_ZN7AscendC5vreluEPfS0_htthhbb] -> 0xffff949a42b0
AscendC: [_ZN7AscendC5vreluEPfS0_htttt] -> (nil)
AscendC: [_ZN7AscendC5vreluEPiS0_m] -> (nil)
AscendC: [_ZN7AscendC5vreluEPiS0_htthh] -> 0xffff949a4558
AscendC: [_ZN7AscendC5vreluEPiS0_htthhbb] -> 0xffff949a47f0
AscendC: [_ZN7AscendC5vreluEPiS0_htttt] -> (nil)
AscendC: [_ZN7AscendC5vrpacEPN7float165Fp16TES2_m] -> (nil)
AscendC: [_ZN7AscendC5vrpacEPN7float165Fp16TES2_htthh] -> (nil)
AscendC: [_ZN7AscendC5vrpacEPN7float165Fp16TES2_htthhbb] -> (nil)
AscendC: [_ZN7AscendC5vrpacEPfS0_m] -> (nil)
AscendC: [_ZN7AscendC5vrpacEPfS0_htthh] -> (nil)
AscendC: [_ZN7AscendC5vrpacEPfS0_htthhbb] -> (nil)
AscendC: [_ZN7AscendC6vrsqrtEPN7float165Fp16TES2_m] -> (nil)
AscendC: [_ZN7AscendC6vrsqrtEPN7float165Fp16TES2_htthh] -> 0xffff949a8458
AscendC: [_ZN7AscendC6vrsqrtEPN7float165Fp16TES2_htthhbb] -> 0xffff949a86f0
AscendC: [_ZN7AscendC6vrsqrtEPN7float165Fp16TES2_htttt] -> (nil)
AscendC: [_ZN7AscendC6vrsqrtEPfS0_m] -> (nil)
AscendC: [_ZN7AscendC6vrsqrtEPfS0_htthh] -> 0xffff949a8998
AscendC: [_ZN7AscendC6vrsqrtEPfS0_htthhbb] -> 0xffff949a8c30
AscendC: [_ZN7AscendC6vrsqrtEPfS0_htttt] -> (nil)
AscendC: [_ZN7AscendC8vscatterEPjPtm] -> (nil)
AscendC: [_ZN7AscendC8vscatterEPjPtjb] -> (nil)
AscendC: [_ZN7AscendC8vscatterEPjS0_m] -> (nil)
AscendC: [_ZN7AscendC8vscatterEPjS0_jb] -> (nil)
AscendC: [_ZN7AscendC4vselEPN7float165Fp16TES2_S2_m] -> (nil)
AscendC: [_ZN7AscendC4vselEPN7float165Fp16TES2_Pvm] -> (nil)
AscendC: [_ZN7AscendC4vselEPN7float165Fp16TES2_Pvhhhhhhh] -> 0xffff9498b7a8
AscendC: [_ZN7AscendC4vselEPN7float165Fp16TES2_Pvhhhhhhhhbb] -> 0xffff9498b548
AscendC: [_ZN7AscendC4vselEPN7float165Fp16TES2_Pvhhhhhhhh] -> 0xffff9498b7e0
AscendC: [_ZN7AscendC4vselEPN7float165Fp16TES2_S2_hhhhhhh] -> 0xffff9498b200
AscendC: [_ZN7AscendC4vselEPN7float165Fp16TES2_S2_hhhhhhhhbb] -> 0xffff9498afa8
AscendC: [_ZN7AscendC4vselEPN7float165Fp16TES2_S2_hhhhhhhh] -> 0xffff9498b238
AscendC: [_ZN7AscendC4vselEPfS0_S0_m] -> (nil)
AscendC: [_ZN7AscendC4vselEPfS0_Pvm] -> (nil)
AscendC: [_ZN7AscendC4vselEPfS0_Pvhhhhhhh] -> 0xffff9498ba80
AscendC: [_ZN7AscendC4vselEPfS0_Pvhhhhhhhhbb] -> 0xffff9498b820
AscendC: [_ZN7AscendC4vselEPfS0_Pvhhhhhhhh] -> 0xffff9498bab8
AscendC: [_ZN7AscendC4vselEPfS0_S0_hhhhhhh] -> 0xffff9498b4d0
AscendC: [_ZN7AscendC4vselEPfS0_S0_hhhhhhhhbb] -> 0xffff9498b278
AscendC: [_ZN7AscendC4vselEPfS0_S0_hhhhhhhh] -> 0xffff9498b508
AscendC: [_ZN7AscendC4vshlEPsS0_jm] -> (nil)
AscendC: [_ZN7AscendC4vshlEPsS0_jhtthh] -> (nil)
AscendC: [_ZN7AscendC4vshlEPsS0_jhtthhbb] -> (nil)
AscendC: [_ZN7AscendC4vshlEPsS0_jhtttt] -> 0xffff94980a18
AscendC: [_ZN7AscendC4vshlEPiS0_jm] -> (nil)
AscendC: [_ZN7AscendC4vshlEPiS0_jhtthh] -> (nil)
AscendC: [_ZN7AscendC4vshlEPiS0_jhtthhbb] -> (nil)
AscendC: [_ZN7AscendC4vshlEPiS0_jhtttt] -> 0xffff94980d58
AscendC: [_ZN7AscendC4vshlEPtS0_jm] -> (nil)
AscendC: [_ZN7AscendC4vshlEPtS0_jhtthh] -> (nil)
AscendC: [_ZN7AscendC4vshlEPtS0_jhtthhbb] -> (nil)
AscendC: [_ZN7AscendC4vshlEPtS0_jhtttt] -> 0xffff94980398
AscendC: [_ZN7AscendC4vshlEPjS0_jm] -> (nil)
AscendC: [_ZN7AscendC4vshlEPjS0_jhtthh] -> (nil)
AscendC: [_ZN7AscendC4vshlEPjS0_jhtthhbb] -> (nil)
AscendC: [_ZN7AscendC4vshlEPjS0_jhtttt] -> 0xffff949806d8
AscendC: [_ZN7AscendC4vshrEPsS0_imb] -> (nil)
AscendC: [_ZN7AscendC4vshrEPsS0_ihtthhbbb] -> (nil)
AscendC: [_ZN7AscendC4vshrEPsS0_ihttttb] -> 0xffff9497fcf8
AscendC: [_ZN7AscendC4vshrEPiS0_imb] -> (nil)
AscendC: [_ZN7AscendC4vshrEPiS0_ihtthhbbb] -> (nil)
AscendC: [_ZN7AscendC4vshrEPiS0_ihttttb] -> 0xffff94980048
AscendC: [_ZN7AscendC4vshrEPtS0_jmb] -> (nil)
AscendC: [_ZN7AscendC4vshrEPtS0_jhtthhbbb] -> (nil)
AscendC: [_ZN7AscendC4vshrEPtS0_jhttttb] -> 0xffff94981098
AscendC: [_ZN7AscendC4vshrEPjS0_jmb] -> (nil)
AscendC: [_ZN7AscendC4vshrEPjS0_jhtthhbbb] -> (nil)
AscendC: [_ZN7AscendC4vshrEPjS0_jhttttb] -> 0xffff949813e8
AscendC: [_ZN7AscendC5vsortEPN7float165Fp16TES2_m] -> (nil)
AscendC: [_ZN7AscendC5vsortEPN7float165Fp16TES2_h] -> (nil)
AscendC: [_ZN7AscendC5vsortEPfS0_m] -> (nil)
AscendC: [_ZN7AscendC5vsortEPfS0_h] -> (nil)
AscendC: [_ZN7AscendC5vsqrtEPN7float165Fp16TES2_m] -> (nil)
AscendC: [_ZN7AscendC5vsqrtEPN7float165Fp16TES2_htthh] -> 0xffff949a79d8
AscendC: [_ZN7AscendC5vsqrtEPN7float165Fp16TES2_htthhbb] -> 0xffff949a7c70
AscendC: [_ZN7AscendC5vsqrtEPN7float165Fp16TES2_htttt] -> (nil)
AscendC: [_ZN7AscendC5vsqrtEPfS0_m] -> (nil)
AscendC: [_ZN7AscendC5vsqrtEPfS0_htthh] -> 0xffff949a7f18
AscendC: [_ZN7AscendC5vsqrtEPfS0_htthhbb] -> 0xffff949a81b0
AscendC: [_ZN7AscendC5vsqrtEPfS0_htttt] -> (nil)
AscendC: [_ZN7AscendC4vsubEPN7float165Fp16TES2_S2_m] -> (nil)
AscendC: [_ZN7AscendC4vsubEPN7float165Fp16TES2_S2_hhhhhhh] -> 0xffff94974030
AscendC: [_ZN7AscendC4vsubEPN7float165Fp16TES2_S2_hhhhhhhbb] -> (nil)
AscendC: [_ZN7AscendC4vsubEPfS0_S0_m] -> (nil)
AscendC: [_ZN7AscendC4vsubEPfS0_S0_hhhhhhh] -> 0xffff94972920
AscendC: [_ZN7AscendC4vsubEPfS0_S0_hhhhhhhbb] -> (nil)
AscendC: [_ZN7AscendC4vsubEPsS0_S0_m] -> (nil)
AscendC: [_ZN7AscendC4vsubEPsS0_S0_hhhhhhh] -> 0xffff94976930
AscendC: [_ZN7AscendC4vsubEPsS0_S0_hhhhhhhbb] -> (nil)
AscendC: [_ZN7AscendC4vsubEPiS0_S0_m] -> (nil)
AscendC: [_ZN7AscendC4vsubEPiS0_S0_hhhhhhh] -> 0xffff94975740
AscendC: [_ZN7AscendC4vsubEPiS0_S0_hhhhhhhbb] -> (nil)
AscendC: [_ZN7AscendC8vsubreluEPN7float165Fp16TES2_S2_m] -> (nil)
AscendC: [_ZN7AscendC8vsubreluEPN7float165Fp16TES2_S2_hhhhhhhbb] -> (nil)
AscendC: [_ZN7AscendC8vsubreluEPN7float165Fp16TES2_S2_hhhhhhh] -> 0xffff94975220
AscendC: [_ZN7AscendC8vsubreluEPfS0_S0_m] -> (nil)
AscendC: [_ZN7AscendC8vsubreluEPfS0_S0_hhhhhhhbb] -> (nil)
AscendC: [_ZN7AscendC8vsubreluEPfS0_S0_hhhhhhh] -> 0xffff94973b10
AscendC: [_ZN7AscendC8vsubreluEPsS0_S0_m] -> (nil)
AscendC: [_ZN7AscendC8vsubreluEPsS0_S0_hhhhhhhbb] -> (nil)
AscendC: [_ZN7AscendC8vsubreluEPsS0_S0_hhhhhhh] -> 0xffff94977600
AscendC: [_ZN7AscendC19vsubreluconv_f162s8EPaPN7float165Fp16TES3_mb] -> (nil)
AscendC: [_ZN7AscendC19vsubreluconv_f162s8EPaPN7float165Fp16TES3_hhhhhhhbbb] -> (nil)
AscendC: [_ZN7AscendC19vsubreluconv_f162s8EPaPN7float165Fp16TES3_hhhhhhhb] -> 0xffff949b9898
AscendC: [_ZN7AscendC20vsubreluconv_f322f16EPN7float165Fp16TEPfS3_mb] -> (nil)
AscendC: [_ZN7AscendC20vsubreluconv_f322f16EPN7float165Fp16TEPfS3_hhhhhhhbbb] -> (nil)
AscendC: [_ZN7AscendC20vsubreluconv_f322f16EPN7float165Fp16TEPfS3_hhhhhhhb] -> 0xffff949ba078
AscendC: [_ZN7AscendC19vsubreluconv_s162s8EPaPsS1_mb] -> (nil)
AscendC: [_ZN7AscendC19vsubreluconv_s162s8EPaPsS1_hhhhhhhbbb] -> (nil)
AscendC: [_ZN7AscendC19vsubreluconv_s162s8EPaPsS1_hhhhhhhb] -> 0xffff949b9c88
AscendC: [_ZN7AscendC23vsubreluconv_vdeqs162b8EPaPsS1_mb] -> (nil)
AscendC: [_ZN7AscendC23vsubreluconv_vdeqs162b8EPhPsS1_mb] -> (nil)
AscendC: [_ZN7AscendC23vsubreluconv_vdeqs162b8EPhPsS1_hhhhhhhbbb] -> (nil)
AscendC: [_ZN7AscendC23vsubreluconv_vdeqs162b8EPhPsS1_hhhhhhhb] -> (nil)
AscendC: [_ZN7AscendC23vsubreluconv_vdeqs162b8EPaPsS1_hhhhhhhbbb] -> (nil)
AscendC: [_ZN7AscendC23vsubreluconv_vdeqs162b8EPaPsS1_hhhhhhhb] -> (nil)
AscendC: [_ZN7AscendC10vtransposeEPsS0_] -> (nil)
AscendC: [_ZN7AscendC10vtransposeEPtS0_] -> 0xffff949a2080
AscendC: [_ZN7AscendC9wait_flagE6pipe_tS0_7event_t] -> 0xffff94917798
AscendC: [_ZN7AscendC9wait_flagE6pipe_t7event_t] -> (nil)
AscendC: [_ZN7AscendC9wait_flagE6pipe_tS0_m] -> 0xffff949182c8
AscendC: [_ZN7AscendC9wait_flagE6pipe_tm] -> (nil)
AscendC: [_ZN7AscendC13wait_flag_devEl] -> 0xffff9491a5a8
AscendC: [_ZN7AscendC13winograd_convEPiPsPam] -> (nil)
AscendC: [_ZN7AscendC13winograd_convEPiPsPattthhhb] -> (nil)
AscendC: [_ZN7AscendC13winograd_convEPiPaS1_m] -> (nil)
AscendC: [_ZN7AscendC13winograd_convEPiPaS1_ttthhhb] -> (nil)
AscendC: [_ZN7AscendC13get_workspaceEi] -> 0xffff94916778
AscendC: [_ZN7AscendC13set_core_typeEi] -> 0xffff94916850
AscendC: [_ZN7AscendC15get_process_numEv] -> 0xffff94916ae8
AscendC: [_ZN7AscendC13set_block_dimEi] -> 0xffff94916b98
AscendC: [_ZN7AscendC18AscendCKernelBeginEPKciPm] -> (nil)
AscendC: [_ZN7AscendC16AscendCKernelEndEPKciPm] -> (nil)
AscendC: [_ZN7AscendC17AscendCBlockBeginEiPKciPKm] -> (nil)
AscendC: [_ZN7AscendC15AscendCBlockEndEiPKciPKm] -> (nil)
AscendC: [_ZN7AscendC16AscendCQueCreateEhhh] -> (nil)
AscendC: [_ZN7AscendC14AscendCBufInitEhhhmm] -> (nil)
AscendC: [_ZN7AscendC15AscendCBufAllocEhhmm] -> (nil)
AscendC: [_ZN7AscendC14AscendCBufFreeEhhmm] -> (nil)
AscendC: [_ZN7AscendC15AscendCBufEnqueEhhhm] -> (nil)
AscendC: [_ZN7AscendC15AscendCBufDequeEhhhm] -> (nil)
AscendC: [_ZN7AscendC17AscendCBufAbsAddrEhmm] -> (nil)
AscendC: [_ZN7AscendC13AscendCBufGetEhhmm] -> (nil)
AscendC: [_ZN7AscendC19AscendCTBufPoolInitEhmmm] -> (nil)
AscendC: [_ZN7AscendC27AscendCUpdateTbufPoolStatusEmb] -> (nil)
AscendC: [_ZN7AscendC26AscendCRecordPoolHierarchyEmm] -> (nil)
AscendC: [_ZN7AscendC25AscendCTBufPoolResetCheckEhmmm] -> (nil)
AscendC: [_ZN7AscendC12batch_offsetEmm] -> (nil)
AscendC: [_ZN7AscendC12wait_and_setEPvS0_mm] -> (nil)
AscendC: [_ZN7AscendC9wait_syncEPvS0_S0_] -> (nil)
AscendC: [_ZN7AscendC11set_tensoraEPvS0_] -> (nil)
AscendC: [_ZN7AscendC11set_tensorbEPv] -> (nil)
AscendC: [_ZN7AscendC11get_tensorcEPv] -> (nil)
AscendC: [_ZN7AscendC13__ib_set_stubEiib] -> 0xffff94913c40
AscendC: [_ZN7AscendC14__ib_wait_stubEiib] -> 0xffff94913c48
AscendC: [_ZN7AscendC15__sync_all_stubEib] -> 0xffff94913c50
cceprint: [_ZN8cceprint5bcnt0Em] -> 0xffff957a83f0
cceprint: [_ZN8cceprint5bcnt1Em] -> 0xffff957a843c
cceprint: [_ZN8cceprint18broadcast_ub_to_ccEPN7float165Fp16TES2_m] -> 0xffff957a8488
cceprint: [_ZN8cceprint18broadcast_ub_to_ccEPN7float165Fp16TES2_hhhh] -> 0xffff957a8590
cceprint: [_ZN8cceprint18broadcast_ub_to_ccEPN7float165Fp16TES2_hhhhb] -> 0xffff957a8770
cceprint: [_ZN8cceprint18broadcast_ub_to_ccEPfS0_m] -> 0xffff957a898c
cceprint: [_ZN8cceprint18broadcast_ub_to_ccEPfS0_hhhh] -> 0xffff957a8a94
cceprint: [_ZN8cceprint18broadcast_ub_to_ccEPfS0_hhhhb] -> 0xffff957a8c74
cceprint: [_ZN8cceprint18broadcast_ub_to_ccEPfPN7float165Fp16TEm] -> 0xffff957a8e90
cceprint: [_ZN8cceprint18broadcast_ub_to_ccEPfPN7float165Fp16TEhhhh] -> 0xffff957a8f98
cceprint: [_ZN8cceprint18broadcast_ub_to_ccEPfPN7float165Fp16TEhhhhb] -> 0xffff957a9178
cceprint: [_ZN8cceprint18broadcast_ub_to_ccEPiS0_m] -> 0xffff957a9394
cceprint: [_ZN8cceprint18broadcast_ub_to_ccEPiS0_hhhh] -> 0xffff957a949c
cceprint: [_ZN8cceprint18broadcast_ub_to_ccEPiS0_hhhhb] -> 0xffff957a967c
cceprint: [_ZN8cceprint3clzEm] -> 0xffff957a9898
cceprint: [_ZN8cceprint7col2imgEPN7float165Fp16TES2_mm] -> 0xffff957a98e4
cceprint: [_ZN8cceprint7col2imgEPN7float165Fp16TES2_shhshhhhhhhb] -> 0xffff957a9a34
cceprint: [_ZN8cceprint7col2imgEPfS0_mm] -> 0xffff957a9e18
cceprint: [_ZN8cceprint7col2imgEPfS0_shhshhhhhhhb] -> 0xffff957a9f68
cceprint: [_ZN8cceprint17compress_ub_to_gmEPhS0_S0_l] -> 0xffff957aa34c
cceprint: [_ZN8cceprint17compress_ub_to_gmEPhS0_S0_tbhh] -> 0xffff957aa530
cceprint: [_ZN8cceprint17compress_ub_to_gmEPN7float165Fp16TES2_S2_l] -> 0xffff957aa7e0
cceprint: [_ZN8cceprint17compress_ub_to_gmEPN7float165Fp16TES2_S2_tbhh] -> 0xffff957aa9c4
cceprint: [_ZN8cceprint13conv_f322f16oEf] -> 0xffff957aac74
cceprint: [_ZN8cceprint13conv_f322s32aEf] -> 0xffff957aad14
cceprint: [_ZN8cceprint13conv_f322s32cEf] -> 0xffff957aad60
cceprint: [_ZN8cceprint13conv_f322s32fEf] -> 0xffff957aadac
cceprint: [_ZN8cceprint13conv_f322s32rEf] -> 0xffff957aadf8
cceprint: [_ZN8cceprint15copy_cbuf_to_btEmPvm] -> 0xffff957aae44
cceprint: [_ZN8cceprint15copy_cbuf_to_btEmPvttttt] -> 0xffff957aaf58
cceprint: [_ZN8cceprint17copy_cbuf_to_fbufEPvS0_m] -> 0xffff957ab150
cceprint: [_ZN8cceprint17copy_cbuf_to_fbufEPvS0_tttt] -> 0xffff957ab258
cceprint: [_ZN8cceprint15copy_cbuf_to_gmEPvS0_m] -> 0xffff957ab408
cceprint: [_ZN8cceprint15copy_cbuf_to_gmEPvS0_htttt] -> 0xffff957ab588
cceprint: [_ZN8cceprint21copy_cbuf_to_gm_alignEPN7float165Fp16TES2_htjjj] -> 0xffff957ab7f8
cceprint: [_ZN8cceprint21copy_cbuf_to_gm_alignEPfS0_htjjj] -> 0xffff957aba68
cceprint: [_ZN8cceprint21copy_cbuf_to_gm_alignEPsS0_htjjj] -> 0xffff957abcd8
cceprint: [_ZN8cceprint21copy_cbuf_to_gm_alignEPiS0_htjjj] -> 0xffff957abf48
cceprint: [_ZN8cceprint21copy_cbuf_to_gm_alignEPaS0_htjjj] -> 0xffff957ac1b8
cceprint: [_ZN8cceprint21copy_cbuf_to_gm_alignEPtS0_htjjj] -> 0xffff957ac428
cceprint: [_ZN8cceprint21copy_cbuf_to_gm_alignEPjS0_htjjj] -> 0xffff957ac698
cceprint: [_ZN8cceprint21copy_cbuf_to_gm_alignEPhS0_htjjj] -> 0xffff957ac908
cceprint: [_ZN8cceprint17copy_cbuf_to_ubufEPvS0_m] -> 0xffff957acb78
cceprint: [_ZN8cceprint17copy_cbuf_to_ubufEPvS0_htttt] -> 0xffff957acc80
cceprint: [_ZN8cceprint25copy_depthwise_cc_to_ubufEPN7float165Fp16TES2_m10ConvRelu_t] -> 0xffff957ace78
cceprint: [_ZN8cceprint25copy_depthwise_cc_to_ubufEPN7float165Fp16TES2_htttt10ConvRelu_t] -> 0xffff957acfc8
cceprint: [_ZN8cceprint25copy_depthwise_cc_to_ubufEPfPN7float165Fp16TEm10ConvRelu_t] -> 0xffff957ad208
cceprint: [_ZN8cceprint25copy_depthwise_cc_to_ubufEPfPN7float165Fp16TEhtttt10ConvRelu_t] -> 0xffff957ad358
cceprint: [_ZN8cceprint25copy_depthwise_cc_to_ubufEPN7float165Fp16TEPfm10ConvRelu_t] -> 0xffff957ad598
cceprint: [_ZN8cceprint25copy_depthwise_cc_to_ubufEPN7float165Fp16TEPfhtttt10ConvRelu_t] -> 0xffff957ad6e8
cceprint: [_ZN8cceprint25copy_depthwise_cc_to_ubufEPfS0_m10ConvRelu_t] -> 0xffff957ad928
cceprint: [_ZN8cceprint25copy_depthwise_cc_to_ubufEPfS0_htttt10ConvRelu_t] -> 0xffff957ada78
cceprint: [_ZN8cceprint15copy_gm_to_cbufEPvS0_m5pad_t] -> 0xffff957adcb8
cceprint: [_ZN8cceprint15copy_gm_to_cbufEPvS0_htttt5pad_t] -> 0xffff957ade80
cceprint: [_ZN8cceprint31copy_gm_to_cbuf_multi_nd2nz_b16EPN7float165Fp16TES2_mm] -> 0xffff957ae138
cceprint: [_ZN8cceprint31copy_gm_to_cbuf_multi_nd2nz_b16EPN7float165Fp16TES2_htttttttt] -> 0xffff957ae300
cceprint: [_ZN8cceprint31copy_gm_to_cbuf_multi_nd2nz_b16EPN8bfloat165Bf16TES2_mm] -> 0xffff957ae654
cceprint: [_ZN8cceprint31copy_gm_to_cbuf_multi_nd2nz_b16EPN8bfloat165Bf16TES2_htttttttt] -> 0xffff957ae81c
cceprint: [_ZN8cceprint31copy_gm_to_cbuf_multi_nd2nz_b16EPsS0_mm] -> 0xffff957aeb70
cceprint: [_ZN8cceprint31copy_gm_to_cbuf_multi_nd2nz_b16EPsS0_htttttttt] -> 0xffff957aed38
cceprint: [_ZN8cceprint31copy_gm_to_cbuf_multi_nd2nz_b16EPtS0_mm] -> 0xffff957af08c
cceprint: [_ZN8cceprint31copy_gm_to_cbuf_multi_nd2nz_b16EPtS0_htttttttt] -> 0xffff957af254
cceprint: [_ZN8cceprint32copy_gm_to_cbuf_multi_nd2nz_b32sEPfS0_mm] -> 0xffff957af5a8
cceprint: [_ZN8cceprint32copy_gm_to_cbuf_multi_nd2nz_b32sEPfS0_htttttttt] -> 0xffff957af770
cceprint: [_ZN8cceprint32copy_gm_to_cbuf_multi_nd2nz_b32sEPiS0_mm] -> 0xffff957afac4
cceprint: [_ZN8cceprint32copy_gm_to_cbuf_multi_nd2nz_b32sEPiS0_htttttttt] -> 0xffff957afc8c
cceprint: [_ZN8cceprint32copy_gm_to_cbuf_multi_nd2nz_b32sEPjS0_mm] -> 0xffff957affe0
cceprint: [_ZN8cceprint32copy_gm_to_cbuf_multi_nd2nz_b32sEPjS0_htttttttt] -> 0xffff957b01a8
cceprint: [_ZN8cceprint30copy_gm_to_cbuf_multi_nd2nz_b8EPaS0_mm] -> 0xffff957b04fc
cceprint: [_ZN8cceprint30copy_gm_to_cbuf_multi_nd2nz_b8EPaS0_htttttttt] -> 0xffff957b06c4
cceprint: [_ZN8cceprint30copy_gm_to_cbuf_multi_nd2nz_b8EPhS0_mm] -> 0xffff957b0a18
cceprint: [_ZN8cceprint30copy_gm_to_cbuf_multi_nd2nz_b8EPhS0_htttttttt] -> 0xffff957b0be0
cceprint: [_ZN8cceprint15copy_gm_to_ubufEPvS0_m] -> 0xffff957b0f34
cceprint: [_ZN8cceprint15copy_gm_to_ubufEPvS0_htttt] -> 0xffff957b10b4
cceprint: [_ZN8cceprint25copy_gm_to_ubuf_align_b16EPvS0_mm] -> 0xffff957b1324
cceprint: [_ZN8cceprint25copy_gm_to_ubuf_align_b16EPvS0_htjhhjj] -> 0xffff957b14ec
cceprint: [_ZN8cceprint25copy_gm_to_ubuf_align_b32EPvS0_mm] -> 0xffff957b17e8
cceprint: [_ZN8cceprint25copy_gm_to_ubuf_align_b32EPvS0_htjhhjj] -> 0xffff957b19b0
cceprint: [_ZN8cceprint24copy_gm_to_ubuf_align_b8EPvS0_mm] -> 0xffff957b1cac
cceprint: [_ZN8cceprint24copy_gm_to_ubuf_align_b8EPvS0_htjhhjj] -> 0xffff957b1e74
cceprint: [_ZN8cceprint21copy_gm_to_ubuf_alignEPaS0_htjhhjj] -> 0xffff957b2170
cceprint: [_ZN8cceprint21copy_gm_to_ubuf_alignEPhS0_htjhhjj] -> 0xffff957b246c
cceprint: [_ZN8cceprint21copy_gm_to_ubuf_alignEPsS0_htjhhjj] -> 0xffff957b2768
cceprint: [_ZN8cceprint21copy_gm_to_ubuf_alignEPtS0_htjhhjj] -> 0xffff957b2a64
cceprint: [_ZN8cceprint21copy_gm_to_ubuf_alignEPN7float165Fp16TES2_htjhhjj] -> 0xffff957b2d60
cceprint: [_ZN8cceprint21copy_gm_to_ubuf_alignEPiS0_htjhhjj] -> 0xffff957b305c
cceprint: [_ZN8cceprint21copy_gm_to_ubuf_alignEPjS0_htjhhjj] -> 0xffff957b3358
cceprint: [_ZN8cceprint21copy_gm_to_ubuf_alignEPfS0_htjhhjj] -> 0xffff957b3654
cceprint: [_ZN8cceprint23copy_gm_to_ubuf_pad_b16EPvS0_mm] -> 0xffff957b3950
cceprint: [_ZN8cceprint23copy_gm_to_ubuf_pad_b16EPvS0_htttthh] -> 0xffff957b3b18
cceprint: [_ZN8cceprint23copy_gm_to_ubuf_pad_b32EPvS0_mm] -> 0xffff957b3e14
cceprint: [_ZN8cceprint23copy_gm_to_ubuf_pad_b32EPvS0_htttthh] -> 0xffff957b3fdc
cceprint: [_ZN8cceprint22copy_gm_to_ubuf_pad_b8EPvS0_mm] -> 0xffff957b42d8
cceprint: [_ZN8cceprint22copy_gm_to_ubuf_pad_b8EPvS0_htttthh] -> 0xffff957b44a0
cceprint: [_ZN8cceprint22copy_matrix_cbuf_to_ccEPN7float165Fp16TES2_m] -> 0xffff957b479c
cceprint: [_ZN8cceprint22copy_matrix_cbuf_to_ccEPN7float165Fp16TES2_tttt] -> 0xffff957b48a4
cceprint: [_ZN8cceprint22copy_matrix_cbuf_to_ccEPN7float165Fp16TEPfm] -> 0xffff957b4a54
cceprint: [_ZN8cceprint22copy_matrix_cbuf_to_ccEPN7float165Fp16TEPftttt] -> 0xffff957b4b5c
cceprint: [_ZN8cceprint22copy_matrix_cbuf_to_ccEPN8bfloat165Bf16TES2_m] -> 0xffff957b4d0c
cceprint: [_ZN8cceprint22copy_matrix_cbuf_to_ccEPN8bfloat165Bf16TES2_tttt] -> 0xffff957b4e14
cceprint: [_ZN8cceprint22copy_matrix_cbuf_to_ccEPN8bfloat165Bf16TEPfm] -> 0xffff957b4fc4
cceprint: [_ZN8cceprint22copy_matrix_cbuf_to_ccEPN8bfloat165Bf16TEPftttt] -> 0xffff957b50cc
cceprint: [_ZN8cceprint22copy_matrix_cbuf_to_ccEPfS0_m] -> 0xffff957b527c
cceprint: [_ZN8cceprint22copy_matrix_cbuf_to_ccEPfS0_tttt] -> 0xffff957b5384
cceprint: [_ZN8cceprint22copy_matrix_cbuf_to_ccEPiS0_m] -> 0xffff957b5534
cceprint: [_ZN8cceprint22copy_matrix_cbuf_to_ccEPiS0_tttt] -> 0xffff957b563c
cceprint: [_ZN8cceprint22copy_matrix_cbuf_to_ccEPjS0_m] -> 0xffff957b57ec
cceprint: [_ZN8cceprint22copy_matrix_cbuf_to_ccEPjS0_tttt] -> 0xffff957b58f4
cceprint: [_ZN8cceprint22copy_matrix_cc_to_cbufEPN7float165Fp16TEPfmm] -> 0xffff957b5aa4
cceprint: [_ZN8cceprint22copy_matrix_cc_to_cbufEPN7float165Fp16TEPfhttjthh11QuantMode_thbbb] -> 0xffff957b5bf4
cceprint: [_ZN8cceprint22copy_matrix_cc_to_cbufEPN7float165Fp16TEPfhttjthh11QuantMode_thbb14QuantMode_posthbhhb] -> 0xffff957b5fa8
cceprint: [_ZN8cceprint22copy_matrix_cc_to_cbufEPN7float165Fp16TEPfhttjth11QuantMode_thbb] -> 0xffff957b64a4
cceprint: [_ZN8cceprint22copy_matrix_cc_to_cbufEPN8bfloat165Bf16TEPfhttjth11QuantMode_thbb] -> 0xffff957b67dc
cceprint: [_ZN8cceprint22copy_matrix_cc_to_cbufEPN8bfloat165Bf16TEPfhttjthh11QuantMode_thbbb] -> 0xffff957b6b14
cceprint: [_ZN8cceprint22copy_matrix_cc_to_cbufEPfS0_mm] -> 0xffff957b6ec8
cceprint: [_ZN8cceprint22copy_matrix_cc_to_cbufEPaPfmm] -> 0xffff957b7018
cceprint: [_ZN8cceprint22copy_matrix_cc_to_cbufEPaPfhttjthh11QuantMode_thbbb] -> 0xffff957b7168
cceprint: [_ZN8cceprint22copy_matrix_cc_to_cbufEPaPfhttjthh11QuantMode_thbb14QuantMode_posthbhhb] -> 0xffff957b751c
cceprint: [_ZN8cceprint22copy_matrix_cc_to_cbufEPaPfhttjth11QuantMode_thbb] -> 0xffff957b7a18
cceprint: [_ZN8cceprint22copy_matrix_cc_to_cbufEPhPfmm] -> 0xffff957b7d50
cceprint: [_ZN8cceprint22copy_matrix_cc_to_cbufEPhPfhttjthh11QuantMode_thbbb] -> 0xffff957b7ea0
cceprint: [_ZN8cceprint22copy_matrix_cc_to_cbufEPhPfhttjthh11QuantMode_thbb14QuantMode_posthbhhb] -> 0xffff957b8254
cceprint: [_ZN8cceprint22copy_matrix_cc_to_cbufEPfS0_httjthh11QuantMode_thbbb] -> 0xffff957b8750
cceprint: [_ZN8cceprint22copy_matrix_cc_to_cbufEPfS0_httjthh11QuantMode_thbb14QuantMode_posthbhhb] -> 0xffff957b8b04
cceprint: [_ZN8cceprint22copy_matrix_cc_to_cbufEPiS0_mm] -> 0xffff957b9000
cceprint: [_ZN8cceprint22copy_matrix_cc_to_cbufEPN7float165Fp16TEPimm] -> 0xffff957b9150
cceprint: [_ZN8cceprint22copy_matrix_cc_to_cbufEPN7float165Fp16TEPihttjthh11QuantMode_thbbb] -> 0xffff957b92a0
cceprint: [_ZN8cceprint22copy_matrix_cc_to_cbufEPN7float165Fp16TEPihttjthh11QuantMode_thbb14QuantMode_posthbhhb] -> 0xffff957b9654
cceprint: [_ZN8cceprint22copy_matrix_cc_to_cbufEPN7float165Fp16TEPihttjth11QuantMode_thbb] -> 0xffff957b9b50
cceprint: [_ZN8cceprint22copy_matrix_cc_to_cbufEPsPimm] -> 0xffff957b9e88
cceprint: [_ZN8cceprint22copy_matrix_cc_to_cbufEPsPihttjth11QuantMode_thbb] -> 0xffff957b9fd8
cceprint: [_ZN8cceprint22copy_matrix_cc_to_cbufEPaPimm] -> 0xffff957ba310
cceprint: [_ZN8cceprint22copy_matrix_cc_to_cbufEPaPihttjthh11QuantMode_thbbb] -> 0xffff957ba460
cceprint: [_ZN8cceprint22copy_matrix_cc_to_cbufEPaPihttjthh11QuantMode_thbb14QuantMode_posthbhhb] -> 0xffff957ba814
cceprint: [_ZN8cceprint22copy_matrix_cc_to_cbufEPaPihttjth11QuantMode_thbb] -> 0xffff957bad10
cceprint: [_ZN8cceprint22copy_matrix_cc_to_cbufEPhPimm] -> 0xffff957bb048
cceprint: [_ZN8cceprint22copy_matrix_cc_to_cbufEPhPihttjthh11QuantMode_thbbb] -> 0xffff957bb198
cceprint: [_ZN8cceprint22copy_matrix_cc_to_cbufEPhPihttjthh11QuantMode_thbb14QuantMode_posthbhhb] -> 0xffff957bb54c
cceprint: [_ZN8cceprint22copy_matrix_cc_to_cbufEPhPihttjth11QuantMode_thbb] -> 0xffff957bba48
cceprint: [_ZN8cceprint22copy_matrix_cc_to_cbufEPiS0_httjthh11QuantMode_thbbb] -> 0xffff957bbd80
cceprint: [_ZN8cceprint22copy_matrix_cc_to_cbufEPiS0_httjthh11QuantMode_thbb14QuantMode_posthbhhb] -> 0xffff957bc134
cceprint: [_ZN8cceprint25copy_matrix_cc_to_cbuf_b4EPvPfmm] -> 0xffff957bc630
cceprint: [_ZN8cceprint25copy_matrix_cc_to_cbuf_b4EPvPfhttjth11QuantMode_thbb] -> 0xffff957bc780
cceprint: [_ZN8cceprint25copy_matrix_cc_to_cbuf_b4EPvPimm] -> 0xffff957bcab8
cceprint: [_ZN8cceprint25copy_matrix_cc_to_cbuf_b4EPvPihttjth11QuantMode_thbb] -> 0xffff957bcc08
cceprint: [_ZN8cceprint27copy_matrix_cc_to_cbuf_bf16EPtPfmm] -> 0xffff957bcf40
cceprint: [_ZN8cceprint27copy_matrix_cc_to_cbuf_bf16EPtPfhttjthh11QuantMode_thbbb] -> 0xffff957bd090
cceprint: [_ZN8cceprint27copy_matrix_cc_to_cbuf_bf16EPtPfhttjthh11QuantMode_thbb14QuantMode_posthbhhb] -> 0xffff957bd444
cceprint: [_ZN8cceprint27copy_matrix_cc_to_cbuf_bf16EPtPfhttjth11QuantMode_thbb] -> 0xffff957bd940
cceprint: [_ZN8cceprint25copy_matrix_cc_to_cbuf_s4EPvPfmm] -> 0xffff957bdc78
cceprint: [_ZN8cceprint25copy_matrix_cc_to_cbuf_s4EPvPfhttjthh11QuantMode_thbbb] -> 0xffff957bddc8
cceprint: [_ZN8cceprint25copy_matrix_cc_to_cbuf_s4EPvPfhttjthh11QuantMode_thbb14QuantMode_posthbhhb] -> 0xffff957be17c
cceprint: [_ZN8cceprint25copy_matrix_cc_to_cbuf_s4EPvPimm] -> 0xffff957be678
cceprint: [_ZN8cceprint25copy_matrix_cc_to_cbuf_s4EPvPihttjthh11QuantMode_thbbb] -> 0xffff957be7c8
cceprint: [_ZN8cceprint25copy_matrix_cc_to_cbuf_s4EPvPihttjthh11QuantMode_thbb14QuantMode_posthbhhb] -> 0xffff957beb7c
cceprint: [_ZN8cceprint20copy_matrix_cc_to_gmEPN7float165Fp16TEPfmm] -> 0xffff957bf078
cceprint: [_ZN8cceprint20copy_matrix_cc_to_gmEPN7float165Fp16TEPfhttjthh11QuantMode_thbbb] -> 0xffff957bf240
cceprint: [_ZN8cceprint20copy_matrix_cc_to_gmEPN7float165Fp16TEPfhttjthh11QuantMode_thbb14QuantMode_posthbhhb] -> 0xffff957bf66c
cceprint: [_ZN8cceprint20copy_matrix_cc_to_gmEPN7float165Fp16TEPfhttjth11QuantMode_thbb] -> 0xffff957bfbe0
cceprint: [_ZN8cceprint20copy_matrix_cc_to_gmEPfS0_mm] -> 0xffff957bff90
cceprint: [_ZN8cceprint20copy_matrix_cc_to_gmEPaPfmm] -> 0xffff957c0158
cceprint: [_ZN8cceprint20copy_matrix_cc_to_gmEPaPfhttjthh11QuantMode_thbbb] -> 0xffff957c0320
cceprint: [_ZN8cceprint20copy_matrix_cc_to_gmEPaPfhttjthh11QuantMode_thbb14QuantMode_posthbhhb] -> 0xffff957c074c
cceprint: [_ZN8cceprint20copy_matrix_cc_to_gmEPaPfhttjth11QuantMode_thbb] -> 0xffff957c0cc0
cceprint: [_ZN8cceprint20copy_matrix_cc_to_gmEPhPfmm] -> 0xffff957c1070
cceprint: [_ZN8cceprint20copy_matrix_cc_to_gmEPhPfhttjthh11QuantMode_thbbb] -> 0xffff957c1238
cceprint: [_ZN8cceprint20copy_matrix_cc_to_gmEPhPfhttjthh11QuantMode_thbb14QuantMode_posthbhhb] -> 0xffff957c1664
cceprint: [_ZN8cceprint20copy_matrix_cc_to_gmEPhPfhttjth11QuantMode_thbb] -> 0xffff957c1bd8
cceprint: [_ZN8cceprint20copy_matrix_cc_to_gmEPfS0_httjthh11QuantMode_thbbb] -> 0xffff957c1f88
cceprint: [_ZN8cceprint20copy_matrix_cc_to_gmEPfS0_httjthh11QuantMode_thbb14QuantMode_posthbhhb] -> 0xffff957c23b4
cceprint: [_ZN8cceprint20copy_matrix_cc_to_gmEPfS0_httjth11QuantMode_thbb] -> 0xffff957c2928
cceprint: [_ZN8cceprint20copy_matrix_cc_to_gmEPiS0_mm] -> 0xffff957c2cd8
cceprint: [_ZN8cceprint20copy_matrix_cc_to_gmEPN7float165Fp16TEPimm] -> 0xffff957c2ea0
cceprint: [_ZN8cceprint20copy_matrix_cc_to_gmEPN7float165Fp16TEPihttjthh11QuantMode_thbbb] -> 0xffff957c3068
cceprint: [_ZN8cceprint20copy_matrix_cc_to_gmEPN7float165Fp16TEPihttjthh11QuantMode_thbb14QuantMode_posthbhhb] -> 0xffff957c3494
cceprint: [_ZN8cceprint20copy_matrix_cc_to_gmEPN7float165Fp16TEPihttjth11QuantMode_thbb] -> 0xffff957c3a08
cceprint: [_ZN8cceprint20copy_matrix_cc_to_gmEPsPimm] -> 0xffff957c3db8
cceprint: [_ZN8cceprint20copy_matrix_cc_to_gmEPsPihttjth11QuantMode_thbb] -> 0xffff957c3f80
cceprint: [_ZN8cceprint20copy_matrix_cc_to_gmEPaPimm] -> 0xffff957c4330
cceprint: [_ZN8cceprint20copy_matrix_cc_to_gmEPaPihttjthh11QuantMode_thbbb] -> 0xffff957c44f8
cceprint: [_ZN8cceprint20copy_matrix_cc_to_gmEPaPihttjthh11QuantMode_thbb14QuantMode_posthbhhb] -> 0xffff957c4924
cceprint: [_ZN8cceprint20copy_matrix_cc_to_gmEPaPihttjth11QuantMode_thbb] -> 0xffff957c4e98
cceprint: [_ZN8cceprint20copy_matrix_cc_to_gmEPhPimm] -> 0xffff957c5248
cceprint: [_ZN8cceprint20copy_matrix_cc_to_gmEPhPihttjthh11QuantMode_thbbb] -> 0xffff957c5410
cceprint: [_ZN8cceprint20copy_matrix_cc_to_gmEPhPihttjthh11QuantMode_thbb14QuantMode_posthbhhb] -> 0xffff957c583c
cceprint: [_ZN8cceprint20copy_matrix_cc_to_gmEPhPihttjth11QuantMode_thbb] -> 0xffff957c5db0
cceprint: [_ZN8cceprint20copy_matrix_cc_to_gmEPiS0_httjthh11QuantMode_thbbb] -> 0xffff957c6160
cceprint: [_ZN8cceprint20copy_matrix_cc_to_gmEPiS0_httjthh11QuantMode_thbb14QuantMode_posthbhhb] -> 0xffff957c658c
cceprint: [_ZN8cceprint20copy_matrix_cc_to_gmEPiS0_httjth11QuantMode_thbb] -> 0xffff957c6b00
cceprint: [_ZN8cceprint20copy_matrix_cc_to_gmEPN8bfloat165Bf16TEPfhttjth11QuantMode_thbb] -> 0xffff957c6eb0
cceprint: [_ZN8cceprint20copy_matrix_cc_to_gmEPN8bfloat165Bf16TEPfhttjthh11QuantMode_thbbb] -> 0xffff957c7260
cceprint: [_ZN8cceprint23copy_matrix_cc_to_gm_b4EPvPfmm] -> 0xffff957c768c
cceprint: [_ZN8cceprint23copy_matrix_cc_to_gm_b4EPvPfhttjth11QuantMode_thbb] -> 0xffff957c7854
cceprint: [_ZN8cceprint23copy_matrix_cc_to_gm_b4EPvPimm] -> 0xffff957c7c04
cceprint: [_ZN8cceprint23copy_matrix_cc_to_gm_b4EPvPihttjth11QuantMode_thbb] -> 0xffff957c7dcc
cceprint: [_ZN8cceprint25copy_matrix_cc_to_gm_bf16EPtPfmm] -> 0xffff957c817c
cceprint: [_ZN8cceprint25copy_matrix_cc_to_gm_bf16EPtPfhttjthh11QuantMode_thbbb] -> 0xffff957c8344
cceprint: [_ZN8cceprint25copy_matrix_cc_to_gm_bf16EPtPfhttjthh11QuantMode_thbb14QuantMode_posthbhhb] -> 0xffff957c8770
cceprint: [_ZN8cceprint25copy_matrix_cc_to_gm_bf16EPtPfhttjth11QuantMode_thbb] -> 0xffff957c8ce4
cceprint: [_ZN8cceprint23copy_matrix_cc_to_gm_s4EPvPfmm] -> 0xffff957c9094
cceprint: [_ZN8cceprint23copy_matrix_cc_to_gm_s4EPvPfhttjthh11QuantMode_thbbb] -> 0xffff957c925c
cceprint: [_ZN8cceprint23copy_matrix_cc_to_gm_s4EPvPfhttjthh11QuantMode_thbb14QuantMode_posthbhhb] -> 0xffff957c9688
cceprint: [_ZN8cceprint23copy_matrix_cc_to_gm_s4EPvPimm] -> 0xffff957c9bfc
cceprint: [_ZN8cceprint23copy_matrix_cc_to_gm_s4EPvPihttjthh11QuantMode_thbbb] -> 0xffff957c9dc4
cceprint: [_ZN8cceprint23copy_matrix_cc_to_gm_s4EPvPihttjthh11QuantMode_thbb14QuantMode_posthbhhb] -> 0xffff957ca1f0
cceprint: [_ZN8cceprint20copy_matrix_cc_to_ubEPN7float165Fp16TEPfmm] -> 0xffff957ca764
cceprint: [_ZN8cceprint20copy_matrix_cc_to_ubEPN7float165Fp16TEPfhttjthh11QuantMode_thbbb] -> 0xffff957ca8b4
cceprint: [_ZN8cceprint20copy_matrix_cc_to_ubEPN8bfloat165Bf16TEPfhttjthh11QuantMode_thbbb] -> 0xffff957cac68
cceprint: [_ZN8cceprint20copy_matrix_cc_to_ubEPN7float165Fp16TEPfhttjthh11QuantMode_thbb14QuantMode_posthbhhb] -> 0xffff957cb01c
cceprint: [_ZN8cceprint20copy_matrix_cc_to_ubEPaPfmm] -> 0xffff957cb518
cceprint: [_ZN8cceprint20copy_matrix_cc_to_ubEPaPfhttjthh11QuantMode_thbbb] -> 0xffff957cb668
cceprint: [_ZN8cceprint20copy_matrix_cc_to_ubEPaPfhttjthh11QuantMode_thbb14QuantMode_posthbhhb] -> 0xffff957cba1c
cceprint: [_ZN8cceprint20copy_matrix_cc_to_ubEPhPfmm] -> 0xffff957cbf18
cceprint: [_ZN8cceprint20copy_matrix_cc_to_ubEPhPfhttjthh11QuantMode_thbbb] -> 0xffff957cc068
cceprint: [_ZN8cceprint20copy_matrix_cc_to_ubEPhPfhttjthh11QuantMode_thbb14QuantMode_posthbhhb] -> 0xffff957cc41c
cceprint: [_ZN8cceprint20copy_matrix_cc_to_ubEPfS0_mm] -> 0xffff957cc918
cceprint: [_ZN8cceprint20copy_matrix_cc_to_ubEPfS0_httjthh11QuantMode_thbbb] -> 0xffff957cca68
cceprint: [_ZN8cceprint20copy_matrix_cc_to_ubEPfS0_httjthh11QuantMode_thbb14QuantMode_posthbhhb] -> 0xffff957cce1c
cceprint: [_ZN8cceprint20copy_matrix_cc_to_ubEPN7float165Fp16TEPimm] -> 0xffff957cd318
cceprint: [_ZN8cceprint20copy_matrix_cc_to_ubEPN7float165Fp16TEPihttjthh11QuantMode_thbbb] -> 0xffff957cd468
cceprint: [_ZN8cceprint20copy_matrix_cc_to_ubEPN7float165Fp16TEPihttjthh11QuantMode_thbb14QuantMode_posthbhhb] -> 0xffff957cd81c
cceprint: [_ZN8cceprint20copy_matrix_cc_to_ubEPaPimm] -> 0xffff957cdd18
cceprint: [_ZN8cceprint20copy_matrix_cc_to_ubEPaPihttjthh11QuantMode_thbbb] -> 0xffff957cde68
cceprint: [_ZN8cceprint20copy_matrix_cc_to_ubEPaPihttjthh11QuantMode_thbb14QuantMode_posthbhhb] -> 0xffff957ce21c
cceprint: [_ZN8cceprint20copy_matrix_cc_to_ubEPhPimm] -> 0xffff957ce718
cceprint: [_ZN8cceprint20copy_matrix_cc_to_ubEPhPihttjthh11QuantMode_thbbb] -> 0xffff957ce868
cceprint: [_ZN8cceprint20copy_matrix_cc_to_ubEPhPihttjthh11QuantMode_thbb14QuantMode_posthbhhb] -> 0xffff957cec1c
cceprint: [_ZN8cceprint20copy_matrix_cc_to_ubEPiS0_mm] -> 0xffff957cf118
cceprint: [_ZN8cceprint20copy_matrix_cc_to_ubEPiS0_httjthh11QuantMode_thbbb] -> 0xffff957cf268
cceprint: [_ZN8cceprint20copy_matrix_cc_to_ubEPiS0_httjthh11QuantMode_thbb14QuantMode_posthbhhb] -> 0xffff957cf61c
cceprint: [_ZN8cceprint25copy_matrix_cc_to_ub_bf16EPtPfmm] -> 0xffff957cfb18
cceprint: [_ZN8cceprint25copy_matrix_cc_to_ub_bf16EPtPfhttjthh11QuantMode_thbbb] -> 0xffff957cfc68
cceprint: [_ZN8cceprint25copy_matrix_cc_to_ub_bf16EPtPfhttjthh11QuantMode_thbb14QuantMode_posthbhhb] -> 0xffff957d001c
cceprint: [_ZN8cceprint23copy_matrix_cc_to_ub_s4EPvPfmm] -> 0xffff957d0518
cceprint: [_ZN8cceprint23copy_matrix_cc_to_ub_s4EPvPfhttjthh11QuantMode_thbbb] -> 0xffff957d0668
cceprint: [_ZN8cceprint23copy_matrix_cc_to_ub_s4EPvPfhttjthh11QuantMode_thbb14QuantMode_posthbhhb] -> 0xffff957d0a1c
cceprint: [_ZN8cceprint23copy_matrix_cc_to_ub_s4EPvPimm] -> 0xffff957d0f18
cceprint: [_ZN8cceprint23copy_matrix_cc_to_ub_s4EPvPihttjthh11QuantMode_thbbb] -> 0xffff957d1068
cceprint: [_ZN8cceprint23copy_matrix_cc_to_ub_s4EPvPihttjthh11QuantMode_thbb14QuantMode_posthbhhb] -> 0xffff957d141c
cceprint: [_ZN8cceprint22copy_matrix_cc_to_ubufEPN7float165Fp16TES2_m10ConvRelu_t] -> 0xffff957d1918
cceprint: [_ZN8cceprint22copy_matrix_cc_to_ubufEPN7float165Fp16TES2_htttt10ConvRelu_t] -> 0xffff957d1a68
cceprint: [_ZN8cceprint22copy_matrix_cc_to_ubufEPN7float165Fp16TEPfm10ConvRelu_t] -> 0xffff957d1ca8
cceprint: [_ZN8cceprint22copy_matrix_cc_to_ubufEPN7float165Fp16TEPfhtttt10ConvRelu_t] -> 0xffff957d1df8
cceprint: [_ZN8cceprint22copy_matrix_cc_to_ubufEPfS0_m10ConvRelu_t] -> 0xffff957d2038
cceprint: [_ZN8cceprint22copy_matrix_cc_to_ubufEPfS0_htttt10ConvRelu_t] -> 0xffff957d2188
cceprint: [_ZN8cceprint22copy_matrix_cc_to_ubufEPN7float165Fp16TEPim10ConvRelu_t] -> 0xffff957d23c8
cceprint: [_ZN8cceprint22copy_matrix_cc_to_ubufEPN7float165Fp16TEPihtttt10ConvRelu_t] -> 0xffff957d2518
cceprint: [_ZN8cceprint22copy_matrix_cc_to_ubufEPsPim10ConvRelu_t] -> 0xffff957d2758
cceprint: [_ZN8cceprint22copy_matrix_cc_to_ubufEPsPihtttt10ConvRelu_t] -> 0xffff957d28a8
cceprint: [_ZN8cceprint22copy_matrix_cc_to_ubufEPiS0_m10ConvRelu_t] -> 0xffff957d2ae8
cceprint: [_ZN8cceprint22copy_matrix_cc_to_ubufEPiS0_htttt10ConvRelu_t] -> 0xffff957d2c38
cceprint: [_ZN8cceprint22copy_matrix_cc_to_ubufEPaPim10ConvRelu_t] -> 0xffff957d2e78
cceprint: [_ZN8cceprint22copy_matrix_cc_to_ubufEPaPihtttt10ConvRelu_t] -> 0xffff957d2fc8
cceprint: [_ZN8cceprint22copy_matrix_cc_to_ubufEPjS0_m10ConvRelu_t] -> 0xffff957d3208
cceprint: [_ZN8cceprint22copy_matrix_cc_to_ubufEPjS0_htttt10ConvRelu_t] -> 0xffff957d3358
cceprint: [_ZN8cceprint22copy_matrix_cc_to_ubufEPhPim10ConvRelu_t] -> 0xffff957d3598
cceprint: [_ZN8cceprint22copy_matrix_cc_to_ubufEPhPihtttt10ConvRelu_t] -> 0xffff957d36e8
cceprint: [_ZN8cceprint22copy_matrix_ubuf_to_ccEPN7float165Fp16TES2_m10ConvRelu_t] -> 0xffff957d3928
cceprint: [_ZN8cceprint22copy_matrix_ubuf_to_ccEPN7float165Fp16TES2_htttt10ConvRelu_t] -> 0xffff957d3a78
cceprint: [_ZN8cceprint22copy_matrix_ubuf_to_ccEPfS0_m10ConvRelu_t] -> 0xffff957d3cb8
cceprint: [_ZN8cceprint22copy_matrix_ubuf_to_ccEPfS0_htttt10ConvRelu_t] -> 0xffff957d3e08
cceprint: [_ZN8cceprint22copy_matrix_ubuf_to_ccEPfPN7float165Fp16TEm10ConvRelu_t] -> 0xffff957d4048
cceprint: [_ZN8cceprint22copy_matrix_ubuf_to_ccEPfPN7float165Fp16TEhtttt10ConvRelu_t] -> 0xffff957d4198
cceprint: [_ZN8cceprint22copy_matrix_ubuf_to_ccEPiS0_m10ConvRelu_t] -> 0xffff957d43d8
cceprint: [_ZN8cceprint22copy_matrix_ubuf_to_ccEPiS0_htttt10ConvRelu_t] -> 0xffff957d4528
cceprint: [_ZN8cceprint22copy_matrix_ubuf_to_ccEPjS0_m10ConvRelu_t] -> 0xffff957d4768
cceprint: [_ZN8cceprint22copy_matrix_ubuf_to_ccEPjS0_htttt10ConvRelu_t] -> 0xffff957d48b8
cceprint: [_ZN8cceprint28copy_small_matrix_cc_to_ubufEPN7float165Fp16TEPim10ConvRelu_t] -> 0xffff957d4af8
cceprint: [_ZN8cceprint28copy_small_matrix_cc_to_ubufEPN7float165Fp16TEPihtttt10ConvRelu_t] -> 0xffff957d4c48
cceprint: [_ZN8cceprint28copy_small_matrix_cc_to_ubufEPsPim10ConvRelu_t] -> 0xffff957d4e88
cceprint: [_ZN8cceprint28copy_small_matrix_cc_to_ubufEPsPihtttt10ConvRelu_t] -> 0xffff957d4fd8
cceprint: [_ZN8cceprint28copy_small_matrix_cc_to_ubufEPiS0_m10ConvRelu_t] -> 0xffff957d5218
cceprint: [_ZN8cceprint28copy_small_matrix_cc_to_ubufEPiS0_htttt10ConvRelu_t] -> 0xffff957d5368
cceprint: [_ZN8cceprint28copy_small_matrix_cc_to_ubufEPaPim10ConvRelu_t] -> 0xffff957d55a8
cceprint: [_ZN8cceprint28copy_small_matrix_cc_to_ubufEPaPihtttt10ConvRelu_t] -> 0xffff957d56f8
cceprint: [_ZN8cceprint28copy_small_matrix_cc_to_ubufEPjS0_m10ConvRelu_t] -> 0xffff957d5938
cceprint: [_ZN8cceprint28copy_small_matrix_cc_to_ubufEPjS0_htttt10ConvRelu_t] -> 0xffff957d5a88
cceprint: [_ZN8cceprint28copy_small_matrix_cc_to_ubufEPhPim10ConvRelu_t] -> 0xffff957d5cc8
cceprint: [_ZN8cceprint28copy_small_matrix_cc_to_ubufEPhPihtttt10ConvRelu_t] -> 0xffff957d5e18
cceprint: [_ZN8cceprint28copy_small_matrix_ubuf_to_ccEPiS0_m10ConvRelu_t] -> 0xffff957d6058
cceprint: [_ZN8cceprint28copy_small_matrix_ubuf_to_ccEPiS0_htttt10ConvRelu_t] -> 0xffff957d61a8
cceprint: [_ZN8cceprint28copy_small_matrix_ubuf_to_ccEPjS0_m10ConvRelu_t] -> 0xffff957d63e8
cceprint: [_ZN8cceprint28copy_small_matrix_ubuf_to_ccEPjS0_htttt10ConvRelu_t] -> 0xffff957d6538
cceprint: [_ZN8cceprint17copy_ubuf_to_cbufEPvS0_m] -> 0xffff957d6778
cceprint: [_ZN8cceprint17copy_ubuf_to_cbufEPvS0_htttt] -> 0xffff957d6880
cceprint: [_ZN8cceprint17copy_ubuf_to_fbufEPvS0_m] -> 0xffff957d6a78
cceprint: [_ZN8cceprint17copy_ubuf_to_fbufEPvS0_9CvtMode_ttttt] -> 0xffff957d6b80
cceprint: [_ZN8cceprint15copy_ubuf_to_gmEPvS0_m] -> 0xffff957d6d78
cceprint: [_ZN8cceprint15copy_ubuf_to_gmEPvS0_m4bm_t] -> 0xffff957d6ef8
cceprint: [_ZN8cceprint15copy_ubuf_to_gmEPvS0_htttt4bm_t] -> 0xffff957d70c0
cceprint: [_ZN8cceprint15copy_ubuf_to_gmEPvS0_htttt] -> 0xffff957d7378
cceprint: [_ZN8cceprint25copy_ubuf_to_gm_align_b16EPvS0_mm] -> 0xffff957d75e8
cceprint: [_ZN8cceprint25copy_ubuf_to_gm_align_b16EPvS0_htjhhjj] -> 0xffff957d77b0
cceprint: [_ZN8cceprint25copy_ubuf_to_gm_align_b32EPvS0_mm] -> 0xffff957d7aac
cceprint: [_ZN8cceprint25copy_ubuf_to_gm_align_b32EPvS0_htjhhjj] -> 0xffff957d7c74
cceprint: [_ZN8cceprint24copy_ubuf_to_gm_align_b8EPvS0_mm] -> 0xffff957d7f70
cceprint: [_ZN8cceprint24copy_ubuf_to_gm_align_b8EPvS0_htjhhjj] -> 0xffff957d8138
cceprint: [_ZN8cceprint21copy_ubuf_to_gm_alignEPaS0_htjjj] -> 0xffff957d8434
cceprint: [_ZN8cceprint21copy_ubuf_to_gm_alignEPhS0_htjjj] -> 0xffff957d86a4
cceprint: [_ZN8cceprint21copy_ubuf_to_gm_alignEPsS0_htjjj] -> 0xffff957d8914
cceprint: [_ZN8cceprint21copy_ubuf_to_gm_alignEPtS0_htjjj] -> 0xffff957d8b84
cceprint: [_ZN8cceprint21copy_ubuf_to_gm_alignEPN7float165Fp16TES2_htjjj] -> 0xffff957d8df4
cceprint: [_ZN8cceprint21copy_ubuf_to_gm_alignEPiS0_htjjj] -> 0xffff957d9064
cceprint: [_ZN8cceprint21copy_ubuf_to_gm_alignEPjS0_htjjj] -> 0xffff957d92d4
cceprint: [_ZN8cceprint21copy_ubuf_to_gm_alignEPfS0_htjjj] -> 0xffff957d9544
cceprint: [_ZN8cceprint23copy_ubuf_to_gm_pad_b16EPvS0_mm] -> 0xffff957d97b4
cceprint: [_ZN8cceprint23copy_ubuf_to_gm_pad_b16EPvS0_htttthh] -> 0xffff957d997c
cceprint: [_ZN8cceprint23copy_ubuf_to_gm_pad_b32EPvS0_mm] -> 0xffff957d9c78
cceprint: [_ZN8cceprint23copy_ubuf_to_gm_pad_b32EPvS0_htttthh] -> 0xffff957d9e40
cceprint: [_ZN8cceprint22copy_ubuf_to_gm_pad_b8EPvS0_mm] -> 0xffff957da13c
cceprint: [_ZN8cceprint22copy_ubuf_to_gm_pad_b8EPvS0_htttthh] -> 0xffff957da304
cceprint: [_ZN8cceprint17copy_ubuf_to_ubufEPvS0_m] -> 0xffff957da600
cceprint: [_ZN8cceprint17copy_ubuf_to_ubufEPvS0_htttt] -> 0xffff957da708
cceprint: [_ZN8cceprint22copy_vector_cc_to_ubufEPN7float165Fp16TES2_m10ConvRelu_t] -> 0xffff957da900
cceprint: [_ZN8cceprint22copy_vector_cc_to_ubufEPN7float165Fp16TES2_htttt10ConvRelu_t] -> 0xffff957daa50
cceprint: [_ZN8cceprint22copy_vector_cc_to_ubufEPN7float165Fp16TEPfm10ConvRelu_t] -> 0xffff957dac90
cceprint: [_ZN8cceprint22copy_vector_cc_to_ubufEPN7float165Fp16TEPfhtttt10ConvRelu_t] -> 0xffff957dade0
cceprint: [_ZN8cceprint22copy_vector_cc_to_ubufEPfS0_m10ConvRelu_t] -> 0xffff957db020
cceprint: [_ZN8cceprint22copy_vector_cc_to_ubufEPfS0_htttt10ConvRelu_t] -> 0xffff957db170
cceprint: [_ZN8cceprint22copy_vector_cc_to_ubufEPN7float165Fp16TEPim10ConvRelu_t] -> 0xffff957db3b0
cceprint: [_ZN8cceprint22copy_vector_cc_to_ubufEPN7float165Fp16TEPihtttt10ConvRelu_t] -> 0xffff957db500
cceprint: [_ZN8cceprint22copy_vector_cc_to_ubufEPsPim10ConvRelu_t] -> 0xffff957db740
cceprint: [_ZN8cceprint22copy_vector_cc_to_ubufEPsPihtttt10ConvRelu_t] -> 0xffff957db890
cceprint: [_ZN8cceprint22copy_vector_cc_to_ubufEPiS0_m10ConvRelu_t] -> 0xffff957dbad0
cceprint: [_ZN8cceprint22copy_vector_cc_to_ubufEPiS0_htttt10ConvRelu_t] -> 0xffff957dbc20
cceprint: [_ZN8cceprint22copy_vector_cc_to_ubufEPaPim10ConvRelu_t] -> 0xffff957dbe60
cceprint: [_ZN8cceprint22copy_vector_cc_to_ubufEPaPihtttt10ConvRelu_t] -> 0xffff957dbfb0
cceprint: [_ZN8cceprint22copy_vector_cc_to_ubufEPjS0_m10ConvRelu_t] -> 0xffff957dc1f0
cceprint: [_ZN8cceprint22copy_vector_cc_to_ubufEPjS0_htttt10ConvRelu_t] -> 0xffff957dc340
cceprint: [_ZN8cceprint22copy_vector_cc_to_ubufEPhPim10ConvRelu_t] -> 0xffff957dc580
cceprint: [_ZN8cceprint22copy_vector_cc_to_ubufEPhPihtttt10ConvRelu_t] -> 0xffff957dc6d0
cceprint: [_ZN8cceprint22copy_vector_ubuf_to_ccEPN7float165Fp16TES2_m10ConvRelu_t] -> 0xffff957dc910
cceprint: [_ZN8cceprint22copy_vector_ubuf_to_ccEPN7float165Fp16TES2_htttt10ConvRelu_t] -> 0xffff957dca60
cceprint: [_ZN8cceprint22copy_vector_ubuf_to_ccEPfS0_m10ConvRelu_t] -> 0xffff957dcca0
cceprint: [_ZN8cceprint22copy_vector_ubuf_to_ccEPfS0_htttt10ConvRelu_t] -> 0xffff957dcdf0
cceprint: [_ZN8cceprint22copy_vector_ubuf_to_ccEPfPN7float165Fp16TEm10ConvRelu_t] -> 0xffff957dd030
cceprint: [_ZN8cceprint22copy_vector_ubuf_to_ccEPfPN7float165Fp16TEhtttt10ConvRelu_t] -> 0xffff957dd180
cceprint: [_ZN8cceprint22copy_vector_ubuf_to_ccEPiS0_m10ConvRelu_t] -> 0xffff957dd3c0
cceprint: [_ZN8cceprint22copy_vector_ubuf_to_ccEPiS0_htttt10ConvRelu_t] -> 0xffff957dd510
cceprint: [_ZN8cceprint22copy_vector_ubuf_to_ccEPjS0_m10ConvRelu_t] -> 0xffff957dd750
cceprint: [_ZN8cceprint22copy_vector_ubuf_to_ccEPjS0_htttt10ConvRelu_t] -> 0xffff957dd8a0
cceprint: [_ZN8cceprint16create_ca_matrixEPvlN7float165Fp16TE] -> 0xffff957ddae0
cceprint: [_ZN8cceprint16create_ca_matrixEPN7float165Fp16TElS1_] -> 0xffff957ddbf0
cceprint: [_ZN8cceprint16create_ca_matrixEPslN7float165Fp16TE] -> 0xffff957ddd00
cceprint: [_ZN8cceprint16create_ca_matrixEPtlN7float165Fp16TE] -> 0xffff957dde10
cceprint: [_ZN8cceprint16create_ca_matrixEPN7float165Fp16TElj] -> 0xffff957ddf20
cceprint: [_ZN8cceprint16create_ca_matrixEPflj] -> 0xffff957de01c
cceprint: [_ZN8cceprint16create_ca_matrixEPflN7float165Fp16TE] -> 0xffff957de118
cceprint: [_ZN8cceprint16create_ca_matrixEPslj] -> 0xffff957de228
cceprint: [_ZN8cceprint16create_ca_matrixEPilj] -> 0xffff957de324
cceprint: [_ZN8cceprint16create_ca_matrixEPilN7float165Fp16TE] -> 0xffff957de420
cceprint: [_ZN8cceprint16create_ca_matrixEPtlj] -> 0xffff957de530
cceprint: [_ZN8cceprint16create_ca_matrixEPjlj] -> 0xffff957de62c
cceprint: [_ZN8cceprint16create_ca_matrixEPjlN7float165Fp16TE] -> 0xffff957de728
cceprint: [_ZN8cceprint21create_ca_matrix_bf16EPN8bfloat165Bf16TElS1_] -> 0xffff957de838
cceprint: [_ZN8cceprint16create_cb_matrixEPvlN7float165Fp16TE] -> 0xffff957de948
cceprint: [_ZN8cceprint16create_cb_matrixEPN7float165Fp16TElS1_] -> 0xffff957dea58
cceprint: [_ZN8cceprint16create_cb_matrixEPslN7float165Fp16TE] -> 0xffff957deb68
cceprint: [_ZN8cceprint16create_cb_matrixEPtlN7float165Fp16TE] -> 0xffff957dec78
cceprint: [_ZN8cceprint16create_cb_matrixEPN7float165Fp16TElj] -> 0xffff957ded88
cceprint: [_ZN8cceprint16create_cb_matrixEPflj] -> 0xffff957dee84
cceprint: [_ZN8cceprint16create_cb_matrixEPflN7float165Fp16TE] -> 0xffff957def80
cceprint: [_ZN8cceprint16create_cb_matrixEPslj] -> 0xffff957df090
cceprint: [_ZN8cceprint16create_cb_matrixEPilj] -> 0xffff957df18c
cceprint: [_ZN8cceprint16create_cb_matrixEPilN7float165Fp16TE] -> 0xffff957df288
cceprint: [_ZN8cceprint16create_cb_matrixEPtlj] -> 0xffff957df398
cceprint: [_ZN8cceprint16create_cb_matrixEPjlj] -> 0xffff957df494
cceprint: [_ZN8cceprint16create_cb_matrixEPjlN7float165Fp16TE] -> 0xffff957df590
cceprint: [_ZN8cceprint21create_cb_matrix_bf16EPN8bfloat165Bf16TElS1_] -> 0xffff957df6a0
cceprint: [_ZN8cceprint18create_cbuf_matrixEPvlN7float165Fp16TE] -> 0xffff957df7b0
cceprint: [_ZN8cceprint18create_cbuf_matrixEPN7float165Fp16TElS1_] -> 0xffff957df8c0
cceprint: [_ZN8cceprint18create_cbuf_matrixEPslN7float165Fp16TE] -> 0xffff957df9d0
cceprint: [_ZN8cceprint18create_cbuf_matrixEPtlN7float165Fp16TE] -> 0xffff957dfae0
cceprint: [_ZN8cceprint18create_cbuf_matrixEPN7float165Fp16TElj] -> 0xffff957dfbf0
cceprint: [_ZN8cceprint18create_cbuf_matrixEPflj] -> 0xffff957dfcec
cceprint: [_ZN8cceprint18create_cbuf_matrixEPflN7float165Fp16TE] -> 0xffff957dfde8
cceprint: [_ZN8cceprint18create_cbuf_matrixEPslj] -> 0xffff957dfef8
cceprint: [_ZN8cceprint18create_cbuf_matrixEPilj] -> 0xffff957dfff4
cceprint: [_ZN8cceprint18create_cbuf_matrixEPilN7float165Fp16TE] -> 0xffff957e00f0
cceprint: [_ZN8cceprint18create_cbuf_matrixEPtlj] -> 0xffff957e0200
cceprint: [_ZN8cceprint18create_cbuf_matrixEPjlj] -> 0xffff957e02fc
cceprint: [_ZN8cceprint18create_cbuf_matrixEPjlN7float165Fp16TE] -> 0xffff957e03f8
cceprint: [_ZN8cceprint23create_cbuf_matrix_bf16EPN8bfloat165Bf16TElS1_] -> 0xffff957e0508
cceprint: [_ZN8cceprint10dc_preloadEPms] -> 0xffff957e0618
cceprint: [_ZN8cceprint10dc_preloadEPml] -> 0xffff957e0750
cceprint: [_ZN8cceprint4dcciEPvm] -> (nil)
cceprint: [_ZN8cceprint4dcciEPvmm] -> (nil)
cceprint: [_ZN8cceprint21decompress_gm_to_cbufEPhS0_l] -> 0xffff957e0888
cceprint: [_ZN8cceprint21decompress_gm_to_cbufEPhS0_tbhh] -> 0xffff957e09fc
cceprint: [_ZN8cceprint21decompress_gm_to_cbufEPN7float165Fp16TES2_l] -> 0xffff957e0c3c
cceprint: [_ZN8cceprint21decompress_gm_to_cbufEPN7float165Fp16TES2_tbhh] -> 0xffff957e0db0
cceprint: [_ZN8cceprint19decompress_gm_to_ubEPhS0_l] -> 0xffff957e0ff0
cceprint: [_ZN8cceprint19decompress_gm_to_ubEPhS0_tbhh] -> 0xffff957e1164
cceprint: [_ZN8cceprint19decompress_gm_to_ubEPN7float165Fp16TES2_l] -> 0xffff957e13a4
cceprint: [_ZN8cceprint19decompress_gm_to_ubEPN7float165Fp16TES2_tbhh] -> 0xffff957e1518
cceprint: [_ZN8cceprint14depthwise_convEPN7float165Fp16TES2_S2_mb] -> 0xffff957e1758
cceprint: [_ZN8cceprint14depthwise_convEPN7float165Fp16TES2_S2_tthhhhb] -> 0xffff957e18d8
cceprint: [_ZN8cceprint14depthwise_convEPfPN7float165Fp16TES3_mb] -> 0xffff957e1ba0
cceprint: [_ZN8cceprint14depthwise_convEPfPN7float165Fp16TES3_tthhhhb] -> 0xffff957e1d20
cceprint: [_ZN8cceprint14depthwise_convEPiPaS1_mb] -> 0xffff957e1fe8
cceprint: [_ZN8cceprint14depthwise_convEPiPaS1_ttahhhb] -> 0xffff957e2168
cceprint: [_ZN8cceprint14depthwise_convEPiPhS1_mb] -> 0xffff957e2430
cceprint: [_ZN8cceprint14depthwise_convEPiPhS1_tthhhhb] -> 0xffff957e25b0
cceprint: [_ZN8cceprint14depthwise_convEPiPhPamb] -> 0xffff957e2878
cceprint: [_ZN8cceprint14depthwise_convEPiPhPatthhhhb] -> 0xffff957e29f8
cceprint: [_ZN8cceprint17depthwise_conv_v2EPN7float165Fp16TES2_S2_m] -> 0xffff957e2cc0
cceprint: [_ZN8cceprint17depthwise_conv_v2EPN7float165Fp16TES2_S2_tthhhthbbh] -> 0xffff957e2e04
cceprint: [_ZN8cceprint17depthwise_conv_v2EPfPN7float165Fp16TES3_m] -> 0xffff957e3180
cceprint: [_ZN8cceprint17depthwise_conv_v2EPfPN7float165Fp16TES3_tthhhthbbh] -> 0xffff957e32c4
cceprint: [_ZN8cceprint17depthwise_conv_v2EPiPaS1_m] -> 0xffff957e3640
cceprint: [_ZN8cceprint17depthwise_conv_v2EPiPaS1_tthhhthbbh] -> 0xffff957e3784
cceprint: [_ZN8cceprint17depthwise_conv_v2EPiPhS1_m] -> 0xffff957e3b00
cceprint: [_ZN8cceprint17depthwise_conv_v2EPiPhS1_tthhhthbbh] -> 0xffff957e3c44
cceprint: [_ZN8cceprint17depthwise_conv_v2EPiPhPam] -> 0xffff957e3fc0
cceprint: [_ZN8cceprint17depthwise_conv_v2EPiPhPatthhhthbbh] -> 0xffff957e4104
cceprint: [_ZN8cceprint3dsbE9mem_dsb_t] -> 0xffff957e4480
cceprint: [_ZN8cceprint22fake_overflow_status_1Ev] -> 0xffff957e4510
cceprint: [_ZN8cceprint22fake_overflow_status_2Ev] -> 0xffff957e4558
cceprint: [_ZN8cceprint20ffts_cross_core_syncE6pipe_tm] -> 0xffff957e45a0
cceprint: [_ZN8cceprint5fifr1EPsS0_mm] -> 0xffff957e4684
cceprint: [_ZN8cceprint5fifr1EPsS0_mm4bm_t] -> 0xffff957e47d4
cceprint: [_ZN8cceprint5fifr1EPsS0_8w_size_thhhaaaaaaaaaahh4bm_t] -> 0xffff957e496c
cceprint: [_ZN8cceprint5fifr1EPsS0_8w_size_thhhaaaaaaaaaahh] -> 0xffff957e4ec8
cceprint: [_ZN8cceprint5fifr1EPsPamm] -> 0xffff957e53e0
cceprint: [_ZN8cceprint5fifr1EPsPamm4bm_t] -> 0xffff957e5530
cceprint: [_ZN8cceprint5fifr1EPsPa8w_size_thhhaaaaaaaaaahh4bm_t] -> 0xffff957e56c8
cceprint: [_ZN8cceprint5fifr1EPsPa8w_size_thhhaaaaaaaaaahh] -> 0xffff957e5c24
cceprint: [_ZN8cceprint5fifr1EPsPtmm] -> 0xffff957e613c
cceprint: [_ZN8cceprint5fifr1EPsPtmm4bm_t] -> 0xffff957e628c
cceprint: [_ZN8cceprint5fifr1EPsPt8w_size_thhhaaaaaaaaaahh4bm_t] -> 0xffff957e6424
cceprint: [_ZN8cceprint5fifr1EPsPt8w_size_thhhaaaaaaaaaahh] -> 0xffff957e6980
cceprint: [_ZN8cceprint5fifr1EPsPhmm] -> 0xffff957e6e98
cceprint: [_ZN8cceprint5fifr1EPsPhmm4bm_t] -> 0xffff957e6fe8
cceprint: [_ZN8cceprint5fifr1EPsPh8w_size_thhhaaaaaaaaaahh4bm_t] -> 0xffff957e7180
cceprint: [_ZN8cceprint5fifr1EPsPh8w_size_thhhaaaaaaaaaahh] -> 0xffff957e76dc
cceprint: [_ZN8cceprint26fix_depthwisein_cc_to_cbufEPaPimm] -> 0xffff957e7bf4
cceprint: [_ZN8cceprint26fix_depthwisein_cc_to_cbufEPaPi11unit_flag_thtttt13ConvReluFix_tb6Relu_tbS4_6Pool_t5Req_t10DualMode_ttt] -> 0xffff957e7d44
cceprint: [_ZN8cceprint26fix_depthwisein_cc_to_cbufEPhPimm] -> 0xffff957e81fc
cceprint: [_ZN8cceprint26fix_depthwisein_cc_to_cbufEPhPi11unit_flag_thtttt13ConvReluFix_tb6Relu_tbS4_6Pool_t5Req_t10DualMode_ttt] -> 0xffff957e834c
cceprint: [_ZN8cceprint26fix_depthwisein_cc_to_ubufEPaPimm] -> 0xffff957e8804
cceprint: [_ZN8cceprint26fix_depthwisein_cc_to_ubufEPaPi11unit_flag_thtttt13ConvReluFix_tb6Relu_tbS4_6Pool_t5Req_t10DualMode_ttt] -> 0xffff957e8954
cceprint: [_ZN8cceprint26fix_depthwisein_cc_to_ubufEPhPimm] -> 0xffff957e8e0c
cceprint: [_ZN8cceprint26fix_depthwisein_cc_to_ubufEPhPi11unit_flag_thtttt13ConvReluFix_tb6Relu_tbS4_6Pool_t5Req_t10DualMode_ttt] -> 0xffff957e8f5c
cceprint: [_ZN8cceprint27fix_depthwiseout_cc_to_cbufEPaPimm] -> 0xffff957e9414
cceprint: [_ZN8cceprint27fix_depthwiseout_cc_to_cbufEPaPi11unit_flag_thtttt13ConvReluFix_tb6Relu_tbS4_6Pool_t5Req_t10DualMode_ttt] -> 0xffff957e9564
cceprint: [_ZN8cceprint27fix_depthwiseout_cc_to_cbufEPhPimm] -> 0xffff957e9a1c
cceprint: [_ZN8cceprint27fix_depthwiseout_cc_to_cbufEPhPi11unit_flag_thtttt13ConvReluFix_tb6Relu_tbS4_6Pool_t5Req_t10DualMode_ttt] -> 0xffff957e9b6c
cceprint: [_ZN8cceprint21fix_matrix_cc_to_cbufEPN7float165Fp16TES2_mm] -> 0xffff957ea024
cceprint: [_ZN8cceprint21fix_matrix_cc_to_cbufEPaPN7float165Fp16TEmm] -> 0xffff957ea174
cceprint: [_ZN8cceprint21fix_matrix_cc_to_cbufEPaPN7float165Fp16TE11unit_flag_thtttt13ConvReluFix_tb6Relu_tbS6_6Pool_t5Req_t10DualMode_ttt] -> 0xffff957ea2c4
cceprint: [_ZN8cceprint21fix_matrix_cc_to_cbufEPhPN7float165Fp16TEmm] -> 0xffff957ea77c
cceprint: [_ZN8cceprint21fix_matrix_cc_to_cbufEPhPN7float165Fp16TE11unit_flag_thtttt13ConvReluFix_tb6Relu_tbS6_6Pool_t5Req_t10DualMode_ttt] -> 0xffff957ea8cc
cceprint: [_ZN8cceprint21fix_matrix_cc_to_cbufEPN7float165Fp16TES2_11unit_flag_thtttt13ConvReluFix_tb6Relu_tbS5_6Pool_t5Req_t10DualMode_ttt] -> 0xffff957ead84
cceprint: [_ZN8cceprint21fix_matrix_cc_to_cbufEPiS0_mm] -> 0xffff957eb23c
cceprint: [_ZN8cceprint21fix_matrix_cc_to_cbufEPN7float165Fp16TEPimm] -> 0xffff957eb38c
cceprint: [_ZN8cceprint21fix_matrix_cc_to_cbufEPN7float165Fp16TEPi11unit_flag_thtttt13ConvReluFix_tb6Relu_tbS6_6Pool_t5Req_t10DualMode_ttt] -> 0xffff957eb4dc
cceprint: [_ZN8cceprint21fix_matrix_cc_to_cbufEPsPimm] -> 0xffff957eb994
cceprint: [_ZN8cceprint21fix_matrix_cc_to_cbufEPsPi11unit_flag_thtttt13ConvReluFix_tb6Relu_tbS4_6Pool_t5Req_t10DualMode_ttt] -> 0xffff957ebae4
cceprint: [_ZN8cceprint21fix_matrix_cc_to_cbufEPaPimm] -> 0xffff957ebf9c
cceprint: [_ZN8cceprint21fix_matrix_cc_to_cbufEPaPi11unit_flag_thtttt13ConvReluFix_tb6Relu_tbS4_6Pool_t5Req_t10DualMode_ttt] -> 0xffff957ec0ec
cceprint: [_ZN8cceprint21fix_matrix_cc_to_cbufEPhPimm] -> 0xffff957ec5a4
cceprint: [_ZN8cceprint21fix_matrix_cc_to_cbufEPhPi11unit_flag_thtttt13ConvReluFix_tb6Relu_tbS4_6Pool_t5Req_t10DualMode_ttt] -> 0xffff957ec6f4
cceprint: [_ZN8cceprint21fix_matrix_cc_to_cbufEPiS0_11unit_flag_thtttt13ConvReluFix_tb6Relu_tbS3_6Pool_t5Req_t10DualMode_ttt] -> 0xffff957ecbac
cceprint: [_ZN8cceprint21fix_matrix_cc_to_ubufEPN7float165Fp16TES2_mm] -> 0xffff957ed064
cceprint: [_ZN8cceprint21fix_matrix_cc_to_ubufEPN7float165Fp16TES2_11unit_flag_thtttt13ConvReluFix_tb6Relu_tbS5_6Pool_t5Req_t10DualMode_ttt] -> 0xffff957ed1b4
cceprint: [_ZN8cceprint21fix_matrix_cc_to_ubufEPN7float165Fp16TEPimm] -> 0xffff957ed66c
cceprint: [_ZN8cceprint21fix_matrix_cc_to_ubufEPN7float165Fp16TEPi11unit_flag_thtttt13ConvReluFix_tb6Relu_tbS6_6Pool_t5Req_t10DualMode_ttt] -> 0xffff957ed7bc
cceprint: [_ZN8cceprint21fix_matrix_cc_to_ubufEPsPimm] -> 0xffff957edc74
cceprint: [_ZN8cceprint21fix_matrix_cc_to_ubufEPsPi11unit_flag_thtttt13ConvReluFix_tb6Relu_tbS4_6Pool_t5Req_t10DualMode_ttt] -> 0xffff957eddc4
cceprint: [_ZN8cceprint21fix_matrix_cc_to_ubufEPiS0_mm] -> 0xffff957ee27c
cceprint: [_ZN8cceprint21fix_matrix_cc_to_ubufEPiS0_11unit_flag_thtttt13ConvReluFix_tb6Relu_tbS3_6Pool_t5Req_t10DualMode_ttt] -> 0xffff957ee3cc
cceprint: [_ZN8cceprint21fix_matrix_cc_to_ubufEPaPimm] -> 0xffff957ee884
cceprint: [_ZN8cceprint21fix_matrix_cc_to_ubufEPaPi11unit_flag_thtttt13ConvReluFix_tb6Relu_tbS4_6Pool_t5Req_t10DualMode_ttt] -> 0xffff957ee9d4
cceprint: [_ZN8cceprint21fix_matrix_cc_to_ubufEPhPimm] -> 0xffff957eee8c
cceprint: [_ZN8cceprint21fix_matrix_cc_to_ubufEPhPi11unit_flag_thtttt13ConvReluFix_tb6Relu_tbS4_6Pool_t5Req_t10DualMode_ttt] -> 0xffff957eefdc
cceprint: [_ZN8cceprint23fix_winograd_cc_to_cbufEPiS0_mm] -> 0xffff957ef494
cceprint: [_ZN8cceprint23fix_winograd_cc_to_cbufEPN7float165Fp16TEPimm] -> 0xffff957ef5e4
cceprint: [_ZN8cceprint23fix_winograd_cc_to_cbufEPN7float165Fp16TEPi11unit_flag_thtttt13ConvReluFix_tb6Relu_tbS6_6Pool_t5Req_t10DualMode_ttt] -> 0xffff957ef734
cceprint: [_ZN8cceprint23fix_winograd_cc_to_cbufEPsPimm] -> 0xffff957efbec
cceprint: [_ZN8cceprint23fix_winograd_cc_to_cbufEPsPi11unit_flag_thtttt13ConvReluFix_tb6Relu_tbS4_6Pool_t5Req_t10DualMode_ttt] -> 0xffff957efd3c
cceprint: [_ZN8cceprint23fix_winograd_cc_to_cbufEPaPimm] -> 0xffff957f01f4
cceprint: [_ZN8cceprint23fix_winograd_cc_to_cbufEPaPi11unit_flag_thtttt13ConvReluFix_tb6Relu_tbS4_6Pool_t5Req_t10DualMode_ttt] -> 0xffff957f0344
cceprint: [_ZN8cceprint23fix_winograd_cc_to_cbufEPhPimm] -> 0xffff957f07fc
cceprint: [_ZN8cceprint23fix_winograd_cc_to_cbufEPhPi11unit_flag_thtttt13ConvReluFix_tb6Relu_tbS4_6Pool_t5Req_t10DualMode_ttt] -> 0xffff957f094c
cceprint: [_ZN8cceprint23fix_winograd_cc_to_cbufEPiS0_11unit_flag_thtttt13ConvReluFix_tb6Relu_tbS3_6Pool_t5Req_t10DualMode_ttt] -> 0xffff957f0e04
cceprint: [_ZN8cceprint23fix_winograd_cc_to_ubufEPiS0_mm] -> 0xffff957f12bc
cceprint: [_ZN8cceprint23fix_winograd_cc_to_ubufEPN7float165Fp16TEPimm] -> 0xffff957f140c
cceprint: [_ZN8cceprint23fix_winograd_cc_to_ubufEPN7float165Fp16TEPi11unit_flag_thtttt13ConvReluFix_tb6Relu_tbS6_6Pool_t5Req_t10DualMode_ttt] -> 0xffff957f155c
cceprint: [_ZN8cceprint23fix_winograd_cc_to_ubufEPsPimm] -> 0xffff957f1a14
cceprint: [_ZN8cceprint23fix_winograd_cc_to_ubufEPsPi11unit_flag_thtttt13ConvReluFix_tb6Relu_tbS4_6Pool_t5Req_t10DualMode_ttt] -> 0xffff957f1b64
cceprint: [_ZN8cceprint23fix_winograd_cc_to_ubufEPaPimm] -> 0xffff957f201c
cceprint: [_ZN8cceprint23fix_winograd_cc_to_ubufEPaPi11unit_flag_thtttt13ConvReluFix_tb6Relu_tbS4_6Pool_t5Req_t10DualMode_ttt] -> 0xffff957f216c
cceprint: [_ZN8cceprint23fix_winograd_cc_to_ubufEPhPimm] -> 0xffff957f2624
cceprint: [_ZN8cceprint23fix_winograd_cc_to_ubufEPhPi11unit_flag_thtttt13ConvReluFix_tb6Relu_tbS4_6Pool_t5Req_t10DualMode_ttt] -> 0xffff957f2774
cceprint: [_ZN8cceprint23fix_winograd_cc_to_ubufEPiS0_11unit_flag_thtttt13ConvReluFix_tb6Relu_tbS3_6Pool_t5Req_t10DualMode_ttt] -> 0xffff957f2c2c
cceprint: [_ZN8cceprint4fmaxEPhS0_m] -> 0xffff957f30e4
cceprint: [_ZN8cceprint4fmaxEPhS0_8w_size_thhhaaaaa] -> 0xffff957f31ec
cceprint: [_ZN8cceprint4fminEPhS0_m] -> 0xffff957f3528
cceprint: [_ZN8cceprint4fminEPhS0_8w_size_thhhaaaaa] -> 0xffff957f3630
cceprint: [_ZN8cceprint11get_acc_valEv] -> 0xffff957f396c
cceprint: [_ZN8cceprint6get_arEv] -> 0xffff957f39b4
cceprint: [_ZN8cceprint12get_arch_verEv] -> 0xffff957f39fc
cceprint: [_ZN8cceprint13get_block_idxEv] -> 0xffff957f3a44
cceprint: [_ZN8cceprint13get_block_numEv] -> 0xffff957f3a5c
cceprint: [_ZN8cceprint11get_cmpmaskEPv] -> 0xffff957f3a74
cceprint: [_ZN8cceprint8get_condEv] -> 0xffff957f3af8
cceprint: [_ZN8cceprint18get_condition_flagEv] -> 0xffff957f3b40
cceprint: [_ZN8cceprint10get_coreidEv] -> 0xffff957f3b88
cceprint: [_ZN8cceprint8get_ctrlEv] -> 0xffff957f3bd0
cceprint: [_ZN8cceprint18get_data_main_baseEv] -> 0xffff957f3c18
cceprint: [_ZN8cceprint13get_data_sizeEv] -> 0xffff957f3c60
cceprint: [_ZN8cceprint16get_data_ub_baseEv] -> 0xffff957f3ca8
cceprint: [_ZN8cceprint18get_ffts_base_addrEv] -> 0xffff957f3cc0
cceprint: [_ZN8cceprint7get_fpcEv] -> 0xffff957f3d08
cceprint: [_ZN8cceprint17get_icache_prl_stEv] -> 0xffff957f3d50
cceprint: [_ZN8cceprint7get_immEm] -> 0xffff957f3d98
cceprint: [_ZN8cceprint7get_immEmm] -> 0xffff957f3dac
cceprint: [_ZN8cceprint7get_immEmmm] -> 0xffff957f3dc4
cceprint: [_ZN8cceprint7get_immEmmmm] -> 0xffff957f3de0
cceprint: [_ZN8cceprint9get_k_numEv] -> 0xffff957f3e00
cceprint: [_ZN8cceprint14get_l2_in_mainEv] -> 0xffff957f3e48
cceprint: [_ZN8cceprint17get_l2_vaddr_baseEv] -> 0xffff957f3e90
cceprint: [_ZN8cceprint9get_lpcntEv] -> 0xffff957f3ed8
cceprint: [_ZN8cceprint15get_max_min_cntEv] -> 0xffff957f3f20
cceprint: [_ZN8cceprint19get_overflow_statusEv] -> 0xffff957f3f68
cceprint: [_ZN8cceprint13get_para_baseEv] -> 0xffff957f3fb0
cceprint: [_ZN8cceprint6get_pcEv] -> 0xffff957f3ff8
cceprint: [_ZN8cceprint14get_rpn_cor_irEv] -> 0xffff957f4040
cceprint: [_ZN8cceprint12get_rsvd_cntEv] -> 0xffff957f4088
cceprint: [_ZN8cceprint19get_safety_crc_dataEv] -> 0xffff957f40d0
cceprint: [_ZN8cceprint17get_safety_crc_enEv] -> 0xffff957f4118
cceprint: [_ZN8cceprint16get_smmu_tag_verEv] -> 0xffff957f4160
cceprint: [_ZN8cceprint17get_st_atomic_cfgEv] -> 0xffff957f41a8
cceprint: [_ZN8cceprint18get_stack_phy_baseEv] -> 0xffff957f41f0
cceprint: [_ZN8cceprint10get_statusEv] -> 0xffff957f4238
cceprint: [_ZN8cceprint15get_subblockdimEv] -> 0xffff957f4240
cceprint: [_ZN8cceprint14get_subblockidEv] -> 0xffff957f4288
cceprint: [_ZN8cceprint11get_sys_cntEv] -> 0xffff957f42d0
cceprint: [_ZN8cceprint15get_sys_va_baseEv] -> 0xffff957f4318
cceprint: [_ZN8cceprint14get_thread_dimEv] -> 0xffff957f4360
cceprint: [_ZN8cceprint13get_thread_idEv] -> 0xffff957f43a8
cceprint: [_ZN8cceprint6get_vlEv] -> 0xffff957f43f0
cceprint: [_ZN8cceprint11get_vms4_srEv] -> 0xffff957f4438
cceprint: [_ZN8cceprint15hebcd_out_to_ubEPvS0_S0_m] -> 0xffff957f4480
cceprint: [_ZN8cceprint15hebcd_out_to_ubEPvS0_S0_hhbbhttht] -> 0xffff957f4670
cceprint: [_ZN8cceprint15hebce_l1_to_outEPvS0_S0_m] -> 0xffff957f4a54
cceprint: [_ZN8cceprint15hebce_l1_to_outEPvS0_S0_bbhhbbhttht] -> 0xffff957f4c44
cceprint: [_ZN8cceprint15hebce_ub_to_outEPvS0_S0_m] -> 0xffff957f5098
cceprint: [_ZN8cceprint15hebce_ub_to_outEPvS0_S0_bbhhbbhttht] -> 0xffff957f5288
cceprint: [_ZN8cceprint9hset_flagE6pipe_tS0_7event_t5mem_tb] -> 0xffff957f56dc
cceprint: [_ZN8cceprint9hset_flagE6pipe_tS0_m5mem_tb] -> 0xffff957f5890
cceprint: [_ZN8cceprint10hwait_flagE6pipe_tS0_7event_t5mem_tb] -> 0xffff957f5a44
cceprint: [_ZN8cceprint10hwait_flagE6pipe_tS0_m5mem_tb] -> 0xffff957f5bf8
cceprint: [_ZN8cceprint18img2col_cbuf_to_caEPN7float165Fp16TES2_mm7csize_t] -> 0xffff957f5dac
cceprint: [_ZN8cceprint18img2col_cbuf_to_caEPN7float165Fp16TES2_hhssthhhhhhhhh7csize_t] -> 0xffff957f5f44
cceprint: [_ZN8cceprint18img2col_cbuf_to_caEPaS0_mm7csize_t] -> 0xffff957f63f4
cceprint: [_ZN8cceprint18img2col_cbuf_to_caEPaS0_hhssthhhhhhhhh7csize_t] -> 0xffff957f658c
cceprint: [_ZN8cceprint18img2col_cbuf_to_caEPhS0_mm7csize_t] -> 0xffff957f6a3c
cceprint: [_ZN8cceprint18img2col_cbuf_to_caEPhS0_hhssthhhhhhhhh7csize_t] -> 0xffff957f6bd4
cceprint: [_ZN8cceprint18img2col_cbuf_to_cbEPN7float165Fp16TES2_mm7csize_t] -> 0xffff957f7084
cceprint: [_ZN8cceprint18img2col_cbuf_to_cbEPN7float165Fp16TES2_hhssthhhhhhhhh7csize_t] -> 0xffff957f721c
cceprint: [_ZN8cceprint18img2col_cbuf_to_cbEPaS0_mm7csize_t] -> 0xffff957f76cc
cceprint: [_ZN8cceprint18img2col_cbuf_to_cbEPaS0_hhssthhhhhhhhh7csize_t] -> 0xffff957f7864
cceprint: [_ZN8cceprint18img2col_cbuf_to_cbEPhS0_mm7csize_t] -> 0xffff957f7d14
cceprint: [_ZN8cceprint18img2col_cbuf_to_cbEPhS0_hhssthhhhhhhhh7csize_t] -> 0xffff957f7eac
cceprint: [_ZN8cceprint18img2col_cbuf_to_ubEPN7float165Fp16TES2_mm7csize_t] -> 0xffff957f835c
cceprint: [_ZN8cceprint18img2col_cbuf_to_ubEPN7float165Fp16TES2_hhssthhhhhhhhh7csize_t] -> 0xffff957f84f4
cceprint: [_ZN8cceprint18img2col_cbuf_to_ubEPaS0_mm7csize_t] -> 0xffff957f89a4
cceprint: [_ZN8cceprint18img2col_cbuf_to_ubEPaS0_hhssthhhhhhhhh7csize_t] -> 0xffff957f8b3c
cceprint: [_ZN8cceprint18img2col_cbuf_to_ubEPhS0_mm7csize_t] -> 0xffff957f8fec
cceprint: [_ZN8cceprint18img2col_cbuf_to_ubEPhS0_hhssthhhhhhhhh7csize_t] -> 0xffff957f9184
cceprint: [_ZN8cceprint20img2colv2_cbuf_to_caEPN7float165Fp16TES2_mm] -> 0xffff957f9634
cceprint: [_ZN8cceprint20img2colv2_cbuf_to_caEPN7float165Fp16TES2_mm4bm_t] -> 0xffff957f9784
cceprint: [_ZN8cceprint20img2colv2_cbuf_to_caEPN7float165Fp16TES2_tttthhhhhhbt] -> 0xffff957f991c
cceprint: [_ZN8cceprint20img2colv2_cbuf_to_caEPN7float165Fp16TES2_tttthhhhhhbt4bm_t] -> 0xffff957f9cdc
cceprint: [_ZN8cceprint20img2colv2_cbuf_to_caEPN7float165Fp16TES2_tttthhhhhhbbbbt] -> 0xffff957fa0e0
cceprint: [_ZN8cceprint20img2colv2_cbuf_to_caEPN8bfloat165Bf16TES2_mm] -> 0xffff957fa548
cceprint: [_ZN8cceprint20img2colv2_cbuf_to_caEPN8bfloat165Bf16TES2_mm4bm_t] -> 0xffff957fa698
cceprint: [_ZN8cceprint20img2colv2_cbuf_to_caEPN8bfloat165Bf16TES2_tttthhhhhhbt] -> 0xffff957fa830
cceprint: [_ZN8cceprint20img2colv2_cbuf_to_caEPN8bfloat165Bf16TES2_tttthhhhhhbt4bm_t] -> 0xffff957fabf0
cceprint: [_ZN8cceprint20img2colv2_cbuf_to_caEPN8bfloat165Bf16TES2_tttthhhhhhbbbbt] -> 0xffff957faff4
cceprint: [_ZN8cceprint20img2colv2_cbuf_to_caEPfS0_mm] -> 0xffff957fb45c
cceprint: [_ZN8cceprint20img2colv2_cbuf_to_caEPfS0_mm4bm_t] -> 0xffff957fb5ac
cceprint: [_ZN8cceprint20img2colv2_cbuf_to_caEPfS0_tttthhhhhhbt] -> 0xffff957fb744
cceprint: [_ZN8cceprint20img2colv2_cbuf_to_caEPfS0_tttthhhhhhbt4bm_t] -> 0xffff957fbb04
cceprint: [_ZN8cceprint20img2colv2_cbuf_to_caEPfS0_tttthhhhhhbbbbt] -> 0xffff957fbf08
cceprint: [_ZN8cceprint20img2colv2_cbuf_to_caEPiS0_mm] -> 0xffff957fc370
cceprint: [_ZN8cceprint20img2colv2_cbuf_to_caEPiS0_mm4bm_t] -> 0xffff957fc4c0
cceprint: [_ZN8cceprint20img2colv2_cbuf_to_caEPiS0_tttthhhhhhbt] -> 0xffff957fc658
cceprint: [_ZN8cceprint20img2colv2_cbuf_to_caEPiS0_tttthhhhhhbt4bm_t] -> 0xffff957fca18
cceprint: [_ZN8cceprint20img2colv2_cbuf_to_caEPiS0_tttthhhhhhbbbbt] -> 0xffff957fce1c
cceprint: [_ZN8cceprint20img2colv2_cbuf_to_caEPaS0_mm] -> 0xffff957fd284
cceprint: [_ZN8cceprint20img2colv2_cbuf_to_caEPaS0_mm4bm_t] -> 0xffff957fd3d4
cceprint: [_ZN8cceprint20img2colv2_cbuf_to_caEPaS0_tttthhhhhhbt] -> 0xffff957fd56c
cceprint: [_ZN8cceprint20img2colv2_cbuf_to_caEPaS0_tttthhhhhhbt4bm_t] -> 0xffff957fd92c
cceprint: [_ZN8cceprint20img2colv2_cbuf_to_caEPaS0_tttthhhhhhbbbbt] -> 0xffff957fdd30
cceprint: [_ZN8cceprint20img2colv2_cbuf_to_caEPjS0_mm] -> 0xffff957fe198
cceprint: [_ZN8cceprint20img2colv2_cbuf_to_caEPjS0_mm4bm_t] -> 0xffff957fe2e8
cceprint: [_ZN8cceprint20img2colv2_cbuf_to_caEPjS0_tttthhhhhhbt] -> 0xffff957fe480
cceprint: [_ZN8cceprint20img2colv2_cbuf_to_caEPjS0_tttthhhhhhbt4bm_t] -> 0xffff957fe840
cceprint: [_ZN8cceprint20img2colv2_cbuf_to_caEPjS0_tttthhhhhhbbbbt] -> 0xffff957fec44
cceprint: [_ZN8cceprint20img2colv2_cbuf_to_caEPhS0_mm] -> 0xffff957ff0ac
cceprint: [_ZN8cceprint20img2colv2_cbuf_to_caEPhS0_mm4bm_t] -> 0xffff957ff1fc
cceprint: [_ZN8cceprint20img2colv2_cbuf_to_caEPhS0_tttthhhhhhbt] -> 0xffff957ff394
cceprint: [_ZN8cceprint20img2colv2_cbuf_to_caEPhS0_tttthhhhhhbt4bm_t] -> 0xffff957ff754
cceprint: [_ZN8cceprint20img2colv2_cbuf_to_caEPhS0_tttthhhhhhbbbbt] -> 0xffff957ffb58
cceprint: [_ZN8cceprint23img2colv2_cbuf_to_ca_s4EPvS0_mm] -> 0xffff957fffc0
cceprint: [_ZN8cceprint23img2colv2_cbuf_to_ca_s4EPvS0_mm4bm_t] -> 0xffff95800110
cceprint: [_ZN8cceprint23img2colv2_cbuf_to_ca_s4EPvS0_tttthhhhhhbt] -> 0xffff958002a8
cceprint: [_ZN8cceprint23img2colv2_cbuf_to_ca_s4EPvS0_tttthhhhhhbt4bm_t] -> 0xffff95800668
cceprint: [_ZN8cceprint23img2colv2_cbuf_to_ca_s4EPvS0_tttthhhhhhbbbbt] -> 0xffff95800a6c
cceprint: [_ZN8cceprint20img2colv2_cbuf_to_cbEPN7float165Fp16TES2_mm] -> 0xffff95800ed4
cceprint: [_ZN8cceprint20img2colv2_cbuf_to_cbEPN7float165Fp16TES2_mm4bm_t] -> 0xffff95801024
cceprint: [_ZN8cceprint20img2colv2_cbuf_to_cbEPN7float165Fp16TES2_tttthhhhhhbt] -> 0xffff958011bc
cceprint: [_ZN8cceprint20img2colv2_cbuf_to_cbEPN7float165Fp16TES2_tttthhhhhhbt4bm_t] -> 0xffff9580157c
cceprint: [_ZN8cceprint20img2colv2_cbuf_to_cbEPN7float165Fp16TES2_tttthhhhhhbbbbt] -> 0xffff95801980
cceprint: [_ZN8cceprint20img2colv2_cbuf_to_cbEPN8bfloat165Bf16TES2_mm] -> 0xffff95801de8
cceprint: [_ZN8cceprint20img2colv2_cbuf_to_cbEPN8bfloat165Bf16TES2_mm4bm_t] -> 0xffff95801f38
cceprint: [_ZN8cceprint20img2colv2_cbuf_to_cbEPN8bfloat165Bf16TES2_tttthhhhhhbt] -> 0xffff958020d0
cceprint: [_ZN8cceprint20img2colv2_cbuf_to_cbEPN8bfloat165Bf16TES2_tttthhhhhhbt4bm_t] -> 0xffff95802490
cceprint: [_ZN8cceprint20img2colv2_cbuf_to_cbEPN8bfloat165Bf16TES2_tttthhhhhhbbbbt] -> 0xffff95802894
cceprint: [_ZN8cceprint20img2colv2_cbuf_to_cbEPfS0_mm] -> 0xffff95802cfc
cceprint: [_ZN8cceprint20img2colv2_cbuf_to_cbEPfS0_mm4bm_t] -> 0xffff95802e4c
cceprint: [_ZN8cceprint20img2colv2_cbuf_to_cbEPfS0_tttthhhhhhbt] -> 0xffff95802fe4
cceprint: [_ZN8cceprint20img2colv2_cbuf_to_cbEPfS0_tttthhhhhhbt4bm_t] -> 0xffff958033a4
cceprint: [_ZN8cceprint20img2colv2_cbuf_to_cbEPfS0_tttthhhhhhbbbbt] -> 0xffff958037a8
cceprint: [_ZN8cceprint20img2colv2_cbuf_to_cbEPiS0_mm] -> 0xffff95803c10
cceprint: [_ZN8cceprint20img2colv2_cbuf_to_cbEPiS0_mm4bm_t] -> 0xffff95803d60
cceprint: [_ZN8cceprint20img2colv2_cbuf_to_cbEPiS0_tttthhhhhhbt] -> 0xffff95803ef8
cceprint: [_ZN8cceprint20img2colv2_cbuf_to_cbEPiS0_tttthhhhhhbt4bm_t] -> 0xffff958042b8
cceprint: [_ZN8cceprint20img2colv2_cbuf_to_cbEPiS0_tttthhhhhhbbbbt] -> 0xffff958046bc
cceprint: [_ZN8cceprint20img2colv2_cbuf_to_cbEPaS0_mm] -> 0xffff95804b24
cceprint: [_ZN8cceprint20img2colv2_cbuf_to_cbEPaS0_mm4bm_t] -> 0xffff95804c74
cceprint: [_ZN8cceprint20img2colv2_cbuf_to_cbEPaS0_tttthhhhhhbt] -> 0xffff95804e0c
cceprint: [_ZN8cceprint20img2colv2_cbuf_to_cbEPaS0_tttthhhhhhbt4bm_t] -> 0xffff958051cc
cceprint: [_ZN8cceprint20img2colv2_cbuf_to_cbEPaS0_tttthhhhhhbbbbt] -> 0xffff958055d0
cceprint: [_ZN8cceprint20img2colv2_cbuf_to_cbEPjS0_mm] -> 0xffff95805a38
cceprint: [_ZN8cceprint20img2colv2_cbuf_to_cbEPjS0_mm4bm_t] -> 0xffff95805b88
cceprint: [_ZN8cceprint20img2colv2_cbuf_to_cbEPjS0_tttthhhhhhbt] -> 0xffff95805d20
cceprint: [_ZN8cceprint20img2colv2_cbuf_to_cbEPjS0_tttthhhhhhbt4bm_t] -> 0xffff958060e0
cceprint: [_ZN8cceprint20img2colv2_cbuf_to_cbEPjS0_tttthhhhhhbbbbt] -> 0xffff958064e4
cceprint: [_ZN8cceprint20img2colv2_cbuf_to_cbEPhS0_mm] -> 0xffff9580694c
cceprint: [_ZN8cceprint20img2colv2_cbuf_to_cbEPhS0_mm4bm_t] -> 0xffff95806a9c
cceprint: [_ZN8cceprint20img2colv2_cbuf_to_cbEPhS0_tttthhhhhhbt] -> 0xffff95806c34
cceprint: [_ZN8cceprint20img2colv2_cbuf_to_cbEPhS0_tttthhhhhhbt4bm_t] -> 0xffff95806ff4
cceprint: [_ZN8cceprint20img2colv2_cbuf_to_cbEPhS0_tttthhhhhhbbbbt] -> 0xffff958073f8
cceprint: [_ZN8cceprint23img2colv2_cbuf_to_cb_s4EPvS0_mm] -> 0xffff95807860
cceprint: [_ZN8cceprint23img2colv2_cbuf_to_cb_s4EPvS0_mm4bm_t] -> 0xffff958079b0
cceprint: [_ZN8cceprint23img2colv2_cbuf_to_cb_s4EPvS0_tttthhhhhhbt] -> 0xffff95807b48
cceprint: [_ZN8cceprint23img2colv2_cbuf_to_cb_s4EPvS0_tttthhhhhhbt4bm_t] -> 0xffff95807f08
cceprint: [_ZN8cceprint23img2colv2_cbuf_to_cb_s4EPvS0_tttthhhhhhbbbbt] -> 0xffff9580830c
cceprint: [_ZN8cceprint20img2colv2_cbuf_to_ubEPN7float165Fp16TES2_mm] -> 0xffff95808774
cceprint: [_ZN8cceprint20img2colv2_cbuf_to_ubEPN7float165Fp16TES2_mm4bm_t] -> 0xffff958088c4
cceprint: [_ZN8cceprint20img2colv2_cbuf_to_ubEPN7float165Fp16TES2_tttthhhhhhbt] -> 0xffff95808a5c
cceprint: [_ZN8cceprint20img2colv2_cbuf_to_ubEPN7float165Fp16TES2_tttthhhhhhbt4bm_t] -> 0xffff95808e1c
cceprint: [_ZN8cceprint20img2colv2_cbuf_to_ubEPN7float165Fp16TES2_tttthhhhhhbbbbt] -> 0xffff95809220
cceprint: [_ZN8cceprint20img2colv2_cbuf_to_ubEPfS0_mm] -> 0xffff95809688
cceprint: [_ZN8cceprint20img2colv2_cbuf_to_ubEPfS0_mm4bm_t] -> 0xffff958097d8
cceprint: [_ZN8cceprint20img2colv2_cbuf_to_ubEPfS0_tttthhhhhhbt] -> 0xffff95809970
cceprint: [_ZN8cceprint20img2colv2_cbuf_to_ubEPfS0_tttthhhhhhbt4bm_t] -> 0xffff95809d30
cceprint: [_ZN8cceprint20img2colv2_cbuf_to_ubEPfS0_tttthhhhhhbbbbt] -> 0xffff9580a134
cceprint: [_ZN8cceprint20img2colv2_cbuf_to_ubEPiS0_mm] -> 0xffff9580a59c
cceprint: [_ZN8cceprint20img2colv2_cbuf_to_ubEPiS0_mm4bm_t] -> 0xffff9580a6ec
cceprint: [_ZN8cceprint20img2colv2_cbuf_to_ubEPiS0_tttthhhhhhbt] -> 0xffff9580a884
cceprint: [_ZN8cceprint20img2colv2_cbuf_to_ubEPiS0_tttthhhhhhbt4bm_t] -> 0xffff9580ac44
cceprint: [_ZN8cceprint20img2colv2_cbuf_to_ubEPiS0_tttthhhhhhbbbbt] -> 0xffff9580b048
cceprint: [_ZN8cceprint20img2colv2_cbuf_to_ubEPaS0_mm] -> 0xffff9580b4b0
cceprint: [_ZN8cceprint20img2colv2_cbuf_to_ubEPaS0_mm4bm_t] -> 0xffff9580b600
cceprint: [_ZN8cceprint20img2colv2_cbuf_to_ubEPaS0_tttthhhhhhbt] -> 0xffff9580b798
cceprint: [_ZN8cceprint20img2colv2_cbuf_to_ubEPaS0_tttthhhhhhbt4bm_t] -> 0xffff9580bb58
cceprint: [_ZN8cceprint20img2colv2_cbuf_to_ubEPaS0_tttthhhhhhbbbbt] -> 0xffff9580bf5c
cceprint: [_ZN8cceprint20img2colv2_cbuf_to_ubEPjS0_mm] -> 0xffff9580c3c4
cceprint: [_ZN8cceprint20img2colv2_cbuf_to_ubEPjS0_mm4bm_t] -> 0xffff9580c514
cceprint: [_ZN8cceprint20img2colv2_cbuf_to_ubEPjS0_tttthhhhhhbt] -> 0xffff9580c6ac
cceprint: [_ZN8cceprint20img2colv2_cbuf_to_ubEPjS0_tttthhhhhhbt4bm_t] -> 0xffff9580ca6c
cceprint: [_ZN8cceprint20img2colv2_cbuf_to_ubEPjS0_tttthhhhhhbbbbt] -> 0xffff9580ce70
cceprint: [_ZN8cceprint20img2colv2_cbuf_to_ubEPhS0_mm] -> 0xffff9580d2d8
cceprint: [_ZN8cceprint20img2colv2_cbuf_to_ubEPhS0_mm4bm_t] -> 0xffff9580d428
cceprint: [_ZN8cceprint20img2colv2_cbuf_to_ubEPhS0_tttthhhhhhbt] -> 0xffff9580d5c0
cceprint: [_ZN8cceprint20img2colv2_cbuf_to_ubEPhS0_tttthhhhhhbt4bm_t] -> 0xffff9580d980
cceprint: [_ZN8cceprint20img2colv2_cbuf_to_ubEPhS0_tttthhhhhhbbbbt] -> 0xffff9580dd84
cceprint: [_ZN8cceprint23img2colv2_cbuf_to_ub_s4EPvS0_mm] -> 0xffff9580e1ec
cceprint: [_ZN8cceprint23img2colv2_cbuf_to_ub_s4EPvS0_mm4bm_t] -> 0xffff9580e33c
cceprint: [_ZN8cceprint23img2colv2_cbuf_to_ub_s4EPvS0_tttthhhhhhbt] -> 0xffff9580e4d4
cceprint: [_ZN8cceprint23img2colv2_cbuf_to_ub_s4EPvS0_tttthhhhhhbt4bm_t] -> 0xffff9580e894
cceprint: [_ZN8cceprint23img2colv2_cbuf_to_ub_s4EPvS0_tttthhhhhhbbbbt] -> 0xffff9580ec98
cceprint: [_ZN8cceprint10insert_immEmhhb] -> 0xffff9580f100
cceprint: [_ZN8cceprint10insert_regEmmhh] -> 0xffff9580f158
cceprint: [_ZN8cceprint6ld_devEPts] -> 0xffff9580f1b0
cceprint: [_ZN8cceprint6ld_devEPjs] -> 0xffff9580f200
cceprint: [_ZN8cceprint6ld_devEPms] -> 0xffff9580f250
cceprint: [_ZN8cceprint6ld_devEPhs] -> 0xffff9580f2a0
cceprint: [_ZN8cceprint4ldvaE10ub_addr8_tmb] -> 0xffff9580f2f0
cceprint: [_ZN8cceprint15load_cbuf_to_caEPN8bfloat165Bf16TES2_mb] -> 0xffff9580f404
cceprint: [_ZN8cceprint15load_cbuf_to_caEPN8bfloat165Bf16TES2_mb15addr_cal_mode_t] -> 0xffff9580f548
cceprint: [_ZN8cceprint15load_cbuf_to_caEPN8bfloat165Bf16TES2_thtthb15addr_cal_mode_t] -> 0xffff9580f6d4
cceprint: [_ZN8cceprint15load_cbuf_to_caEPN8bfloat165Bf16TES2_thtthbb15addr_cal_mode_t] -> 0xffff9580f958
cceprint: [_ZN8cceprint15load_cbuf_to_caEPN8bfloat165Bf16TES2_ththb] -> 0xffff9580fc14
cceprint: [_ZN8cceprint15load_cbuf_to_caEPN8bfloat165Bf16TES2_thttb15addr_cal_mode_t] -> 0xffff9580fe18
cceprint: [_ZN8cceprint15load_cbuf_to_caEPN8bfloat165Bf16TES2_mmb] -> 0xffff95810058
cceprint: [_ZN8cceprint15load_cbuf_to_caEPN8bfloat165Bf16TES2_tthhttb] -> 0xffff958101e4
cceprint: [_ZN8cceprint15load_cbuf_to_caEPN7float165Fp16TES2_mb] -> 0xffff9581045c
cceprint: [_ZN8cceprint15load_cbuf_to_caEPN7float165Fp16TES2_mb15addr_cal_mode_t] -> 0xffff958105a0
cceprint: [_ZN8cceprint15load_cbuf_to_caEPN7float165Fp16TES2_thtthb15addr_cal_mode_t] -> 0xffff9581072c
cceprint: [_ZN8cceprint15load_cbuf_to_caEPN7float165Fp16TES2_thtthbb15addr_cal_mode_t] -> 0xffff958109b0
cceprint: [_ZN8cceprint15load_cbuf_to_caEPN7float165Fp16TES2_ththb] -> 0xffff95810c6c
cceprint: [_ZN8cceprint15load_cbuf_to_caEPN7float165Fp16TES2_thttb15addr_cal_mode_t] -> 0xffff95810e70
cceprint: [_ZN8cceprint15load_cbuf_to_caEPfS0_mb15addr_cal_mode_t] -> 0xffff958110b0
cceprint: [_ZN8cceprint15load_cbuf_to_caEPfS0_thtthb15addr_cal_mode_t] -> 0xffff9581123c
cceprint: [_ZN8cceprint15load_cbuf_to_caEPfS0_thtthbb15addr_cal_mode_t] -> 0xffff958114c0
cceprint: [_ZN8cceprint15load_cbuf_to_caEPfS0_thttb15addr_cal_mode_t] -> 0xffff9581177c
cceprint: [_ZN8cceprint15load_cbuf_to_caEPiS0_mb15addr_cal_mode_t] -> 0xffff958119bc
cceprint: [_ZN8cceprint15load_cbuf_to_caEPiS0_thtthb15addr_cal_mode_t] -> 0xffff95811b48
cceprint: [_ZN8cceprint15load_cbuf_to_caEPiS0_thtthbb15addr_cal_mode_t] -> 0xffff95811dcc
cceprint: [_ZN8cceprint15load_cbuf_to_caEPiS0_thttb15addr_cal_mode_t] -> 0xffff95812088
cceprint: [_ZN8cceprint15load_cbuf_to_caEPaS0_mb] -> 0xffff958122c8
cceprint: [_ZN8cceprint15load_cbuf_to_caEPaS0_mb15addr_cal_mode_t] -> 0xffff9581240c
cceprint: [_ZN8cceprint15load_cbuf_to_caEPaS0_thtthb15addr_cal_mode_t] -> 0xffff95812598
cceprint: [_ZN8cceprint15load_cbuf_to_caEPaS0_thtthbb15addr_cal_mode_t] -> 0xffff9581281c
cceprint: [_ZN8cceprint15load_cbuf_to_caEPaS0_ththb] -> 0xffff95812ad8
cceprint: [_ZN8cceprint15load_cbuf_to_caEPaS0_thttb15addr_cal_mode_t] -> 0xffff95812cdc
cceprint: [_ZN8cceprint15load_cbuf_to_caEPjS0_mb15addr_cal_mode_t] -> 0xffff95812f1c
cceprint: [_ZN8cceprint15load_cbuf_to_caEPjS0_thtthb15addr_cal_mode_t] -> 0xffff958130a8
cceprint: [_ZN8cceprint15load_cbuf_to_caEPjS0_thtthbb15addr_cal_mode_t] -> 0xffff9581332c
cceprint: [_ZN8cceprint15load_cbuf_to_caEPjS0_thttb15addr_cal_mode_t] -> 0xffff958135e8
cceprint: [_ZN8cceprint15load_cbuf_to_caEPhS0_mb] -> 0xffff95813828
cceprint: [_ZN8cceprint15load_cbuf_to_caEPhS0_mb15addr_cal_mode_t] -> 0xffff9581396c
cceprint: [_ZN8cceprint15load_cbuf_to_caEPhS0_thtthb15addr_cal_mode_t] -> 0xffff95813af8
cceprint: [_ZN8cceprint15load_cbuf_to_caEPhS0_thtthbb15addr_cal_mode_t] -> 0xffff95813d7c
cceprint: [_ZN8cceprint15load_cbuf_to_caEPhS0_ththb] -> 0xffff95814038
cceprint: [_ZN8cceprint15load_cbuf_to_caEPhS0_thttb15addr_cal_mode_t] -> 0xffff9581423c
cceprint: [_ZN8cceprint15load_cbuf_to_caEPN7float165Fp16TES2_ththb15addr_cal_mode_t] -> 0xffff9581447c
cceprint: [_ZN8cceprint15load_cbuf_to_caEPaS0_ththb15addr_cal_mode_t] -> 0xffff958146c8
cceprint: [_ZN8cceprint15load_cbuf_to_caEPhS0_ththb15addr_cal_mode_t] -> 0xffff95814914
cceprint: [_ZN8cceprint18load_cbuf_to_ca_s4EPvS0_mb15addr_cal_mode_t] -> 0xffff95814b60
cceprint: [_ZN8cceprint18load_cbuf_to_ca_s4EPvS0_thtthb15addr_cal_mode_t] -> 0xffff95814cec
cceprint: [_ZN8cceprint18load_cbuf_to_ca_s4EPvS0_thtthbb15addr_cal_mode_t] -> 0xffff95814f70
cceprint: [_ZN8cceprint25load_cbuf_to_ca_transposeEPN7float165Fp16TES2_mm] -> 0xffff9581522c
cceprint: [_ZN8cceprint25load_cbuf_to_ca_transposeEPN7float165Fp16TES2_thttbt] -> 0xffff9581537c
cceprint: [_ZN8cceprint25load_cbuf_to_ca_transposeEPfS0_mm] -> 0xffff958155b0
cceprint: [_ZN8cceprint25load_cbuf_to_ca_transposeEPfS0_thttbt] -> 0xffff95815700
cceprint: [_ZN8cceprint25load_cbuf_to_ca_transposeEPiS0_mm] -> 0xffff95815934
cceprint: [_ZN8cceprint25load_cbuf_to_ca_transposeEPiS0_thttbt] -> 0xffff95815a84
cceprint: [_ZN8cceprint25load_cbuf_to_ca_transposeEPaS0_mm] -> 0xffff95815cb8
cceprint: [_ZN8cceprint25load_cbuf_to_ca_transposeEPaS0_thttbt] -> 0xffff95815e08
cceprint: [_ZN8cceprint25load_cbuf_to_ca_transposeEPjS0_mm] -> 0xffff9581603c
cceprint: [_ZN8cceprint25load_cbuf_to_ca_transposeEPjS0_thttbt] -> 0xffff9581618c
cceprint: [_ZN8cceprint25load_cbuf_to_ca_transposeEPhS0_mm] -> 0xffff958163c0
cceprint: [_ZN8cceprint25load_cbuf_to_ca_transposeEPhS0_thttbt] -> 0xffff95816510
cceprint: [_ZN8cceprint24load_cbuf_to_ca_winogradEPN7float165Fp16TES2_mm] -> 0xffff95816744
cceprint: [_ZN8cceprint24load_cbuf_to_ca_winogradEPN7float165Fp16TES2_ttthhhhtttt] -> 0xffff95816894
cceprint: [_ZN8cceprint24load_cbuf_to_ca_winogradEPaS0_mm] -> 0xffff95816c04
cceprint: [_ZN8cceprint24load_cbuf_to_ca_winogradEPaS0_ttthhhhtttt] -> 0xffff95816d54
cceprint: [_ZN8cceprint24load_cbuf_to_ca_winogradEPhS0_mm] -> 0xffff958170c4
cceprint: [_ZN8cceprint24load_cbuf_to_ca_winogradEPhS0_ttthhhhtttt] -> 0xffff95817214
cceprint: [_ZN8cceprint27load_cbuf_to_ca_winograd_v2EPsS0_mm] -> 0xffff95817584
cceprint: [_ZN8cceprint27load_cbuf_to_ca_winograd_v2EPsS0_ttthhtttt] -> 0xffff958176d4
cceprint: [_ZN8cceprint27load_cbuf_to_ca_winograd_v2EPsS0_ttthhttttb] -> 0xffff958179bc
cceprint: [_ZN8cceprint27load_cbuf_to_ca_winograd_v2EPaS0_mm] -> 0xffff95817cdc
cceprint: [_ZN8cceprint27load_cbuf_to_ca_winograd_v2EPaS0_ttthhtttt] -> 0xffff95817e2c
cceprint: [_ZN8cceprint27load_cbuf_to_ca_winograd_v2EPaS0_ttthhttttb] -> 0xffff95818114
cceprint: [_ZN8cceprint27load_cbuf_to_ca_winograd_v2EPhS0_mm] -> 0xffff95818434
cceprint: [_ZN8cceprint27load_cbuf_to_ca_winograd_v2EPhS0_ttthhttttb] -> 0xffff95818584
cceprint: [_ZN8cceprint15load_cbuf_to_cbEPN8bfloat165Bf16TES2_mb] -> 0xffff958188a4
cceprint: [_ZN8cceprint15load_cbuf_to_cbEPN8bfloat165Bf16TES2_mb15addr_cal_mode_t] -> 0xffff958189e8
cceprint: [_ZN8cceprint15load_cbuf_to_cbEPN8bfloat165Bf16TES2_thtthb15addr_cal_mode_t] -> 0xffff95818b74
cceprint: [_ZN8cceprint15load_cbuf_to_cbEPN8bfloat165Bf16TES2_thtthbb15addr_cal_mode_t] -> 0xffff95818df8
cceprint: [_ZN8cceprint15load_cbuf_to_cbEPN8bfloat165Bf16TES2_ththb] -> 0xffff958190b4
cceprint: [_ZN8cceprint15load_cbuf_to_cbEPN8bfloat165Bf16TES2_thttb15addr_cal_mode_t] -> 0xffff958192b8
cceprint: [_ZN8cceprint15load_cbuf_to_cbEPN8bfloat165Bf16TES2_mmb] -> 0xffff958194f8
cceprint: [_ZN8cceprint15load_cbuf_to_cbEPN8bfloat165Bf16TES2_tthhttb] -> 0xffff95819684
cceprint: [_ZN8cceprint15load_cbuf_to_cbEPN7float165Fp16TES2_mb] -> 0xffff958198fc
cceprint: [_ZN8cceprint15load_cbuf_to_cbEPN7float165Fp16TES2_mb15addr_cal_mode_t] -> 0xffff95819a40
cceprint: [_ZN8cceprint15load_cbuf_to_cbEPN7float165Fp16TES2_thtthb15addr_cal_mode_t] -> 0xffff95819bcc
cceprint: [_ZN8cceprint15load_cbuf_to_cbEPN7float165Fp16TES2_thtthbb15addr_cal_mode_t] -> 0xffff95819e50
cceprint: [_ZN8cceprint15load_cbuf_to_cbEPN7float165Fp16TES2_ththb] -> 0xffff9581a10c
cceprint: [_ZN8cceprint15load_cbuf_to_cbEPN7float165Fp16TES2_thttb15addr_cal_mode_t] -> 0xffff9581a310
cceprint: [_ZN8cceprint15load_cbuf_to_cbEPfS0_mb15addr_cal_mode_t] -> 0xffff9581a550
cceprint: [_ZN8cceprint15load_cbuf_to_cbEPfS0_thtthb15addr_cal_mode_t] -> 0xffff9581a6dc
cceprint: [_ZN8cceprint15load_cbuf_to_cbEPfS0_thtthbb15addr_cal_mode_t] -> 0xffff9581a960
cceprint: [_ZN8cceprint15load_cbuf_to_cbEPfS0_thttb15addr_cal_mode_t] -> 0xffff9581ac1c
cceprint: [_ZN8cceprint15load_cbuf_to_cbEPiS0_mb15addr_cal_mode_t] -> 0xffff9581ae5c
cceprint: [_ZN8cceprint15load_cbuf_to_cbEPiS0_thtthb15addr_cal_mode_t] -> 0xffff9581afe8
cceprint: [_ZN8cceprint15load_cbuf_to_cbEPiS0_thtthbb15addr_cal_mode_t] -> 0xffff9581b26c
cceprint: [_ZN8cceprint15load_cbuf_to_cbEPiS0_thttb15addr_cal_mode_t] -> 0xffff9581b528
cceprint: [_ZN8cceprint15load_cbuf_to_cbEPaS0_mb] -> 0xffff9581b768
cceprint: [_ZN8cceprint15load_cbuf_to_cbEPaS0_mb15addr_cal_mode_t] -> 0xffff9581b8ac
cceprint: [_ZN8cceprint15load_cbuf_to_cbEPaS0_thtthb15addr_cal_mode_t] -> 0xffff9581ba38
cceprint: [_ZN8cceprint15load_cbuf_to_cbEPaS0_thtthbb15addr_cal_mode_t] -> 0xffff9581bcbc
cceprint: [_ZN8cceprint15load_cbuf_to_cbEPaS0_ththb] -> 0xffff9581bf78
cceprint: [_ZN8cceprint15load_cbuf_to_cbEPaS0_thttb15addr_cal_mode_t] -> 0xffff9581c17c
cceprint: [_ZN8cceprint15load_cbuf_to_cbEPjS0_mb15addr_cal_mode_t] -> 0xffff9581c3bc
cceprint: [_ZN8cceprint15load_cbuf_to_cbEPjS0_thtthb15addr_cal_mode_t] -> 0xffff9581c548
cceprint: [_ZN8cceprint15load_cbuf_to_cbEPjS0_thtthbb15addr_cal_mode_t] -> 0xffff9581c7cc
cceprint: [_ZN8cceprint15load_cbuf_to_cbEPjS0_thttb15addr_cal_mode_t] -> 0xffff9581ca88
cceprint: [_ZN8cceprint15load_cbuf_to_cbEPhS0_mb] -> 0xffff9581ccc8
cceprint: [_ZN8cceprint15load_cbuf_to_cbEPhS0_mb15addr_cal_mode_t] -> 0xffff9581ce0c
cceprint: [_ZN8cceprint15load_cbuf_to_cbEPhS0_thtthb15addr_cal_mode_t] -> 0xffff9581cf98
cceprint: [_ZN8cceprint15load_cbuf_to_cbEPhS0_thtthbb15addr_cal_mode_t] -> 0xffff9581d21c
cceprint: [_ZN8cceprint15load_cbuf_to_cbEPhS0_ththb] -> 0xffff9581d4d8
cceprint: [_ZN8cceprint15load_cbuf_to_cbEPhS0_thttb15addr_cal_mode_t] -> 0xffff9581d6dc
cceprint: [_ZN8cceprint15load_cbuf_to_cbEPN7float165Fp16TES2_ththb15addr_cal_mode_t] -> 0xffff9581d91c
cceprint: [_ZN8cceprint15load_cbuf_to_cbEPaS0_ththb15addr_cal_mode_t] -> 0xffff9581db68
cceprint: [_ZN8cceprint15load_cbuf_to_cbEPhS0_ththb15addr_cal_mode_t] -> 0xffff9581ddb4
cceprint: [_ZN8cceprint18load_cbuf_to_cb_b2EPvS0_m] -> 0xffff9581e000
cceprint: [_ZN8cceprint18load_cbuf_to_cb_b2EPN7float165Fp16TES2_m] -> 0xffff9581e108
cceprint: [_ZN8cceprint18load_cbuf_to_cb_b2EPN7float165Fp16TES2_hh] -> 0xffff9581e210
cceprint: [_ZN8cceprint18load_cbuf_to_cb_b2EPN7float165Fp16TES2_h] -> 0xffff9581e360
cceprint: [_ZN8cceprint18load_cbuf_to_cb_b2EPaS0_m] -> 0xffff9581e468
cceprint: [_ZN8cceprint18load_cbuf_to_cb_b2EPaS0_hh] -> 0xffff9581e570
cceprint: [_ZN8cceprint18load_cbuf_to_cb_b2EPaS0_h] -> 0xffff9581e6c0
cceprint: [_ZN8cceprint18load_cbuf_to_cb_b2EPhS0_m] -> 0xffff9581e7c8
cceprint: [_ZN8cceprint18load_cbuf_to_cb_b2EPhS0_hh] -> 0xffff9581e8d0
cceprint: [_ZN8cceprint18load_cbuf_to_cb_b2EPhS0_h] -> 0xffff9581ea20
cceprint: [_ZN8cceprint18load_cbuf_to_cb_s4EPvS0_mb15addr_cal_mode_t] -> 0xffff9581eb28
cceprint: [_ZN8cceprint18load_cbuf_to_cb_s4EPvS0_thtthb15addr_cal_mode_t] -> 0xffff9581ecb4
cceprint: [_ZN8cceprint18load_cbuf_to_cb_s4EPvS0_thtthbb15addr_cal_mode_t] -> 0xffff9581ef38
cceprint: [_ZN8cceprint18load_cbuf_to_cb_spEPaS0_m] -> 0xffff9581f1f4
cceprint: [_ZN8cceprint18load_cbuf_to_cb_spEPaS0_th] -> 0xffff9581f2fc
cceprint: [_ZN8cceprint25load_cbuf_to_cb_transposeEPN7float165Fp16TES2_mm] -> 0xffff9581f440
cceprint: [_ZN8cceprint25load_cbuf_to_cb_transposeEPN7float165Fp16TES2_thttbt] -> 0xffff9581f590
cceprint: [_ZN8cceprint25load_cbuf_to_cb_transposeEPfS0_mm] -> 0xffff9581f7c4
cceprint: [_ZN8cceprint25load_cbuf_to_cb_transposeEPfS0_thttbt] -> 0xffff9581f914
cceprint: [_ZN8cceprint25load_cbuf_to_cb_transposeEPiS0_mm] -> 0xffff9581fb48
cceprint: [_ZN8cceprint25load_cbuf_to_cb_transposeEPiS0_thttbt] -> 0xffff9581fc98
cceprint: [_ZN8cceprint25load_cbuf_to_cb_transposeEPaS0_mm] -> 0xffff9581fecc
cceprint: [_ZN8cceprint25load_cbuf_to_cb_transposeEPaS0_thttbt] -> 0xffff9582001c
cceprint: [_ZN8cceprint25load_cbuf_to_cb_transposeEPjS0_mm] -> 0xffff95820250
cceprint: [_ZN8cceprint25load_cbuf_to_cb_transposeEPjS0_thttbt] -> 0xffff958203a0
cceprint: [_ZN8cceprint25load_cbuf_to_cb_transposeEPhS0_mm] -> 0xffff958205d4
cceprint: [_ZN8cceprint25load_cbuf_to_cb_transposeEPhS0_thttbt] -> 0xffff95820724
cceprint: [_ZN8cceprint28load_cbuf_to_cb_transpose_s4EPvS0_mm] -> 0xffff95820958
cceprint: [_ZN8cceprint28load_cbuf_to_cb_transpose_s4EPvS0_thttbt] -> 0xffff95820aa8
cceprint: [_ZN8cceprint24load_cbuf_to_cb_winogradEPN7float165Fp16TES2_m] -> 0xffff95820cdc
cceprint: [_ZN8cceprint24load_cbuf_to_cb_winogradEPN7float165Fp16TES2_hthhhbbh] -> 0xffff95820de4
cceprint: [_ZN8cceprint24load_cbuf_to_cb_winogradEPaS0_m] -> 0xffff958210b8
cceprint: [_ZN8cceprint24load_cbuf_to_cb_winogradEPaS0_hthhhbbh] -> 0xffff958211c0
cceprint: [_ZN8cceprint27load_cbuf_to_cb_winograd_v2EPaS0_m] -> 0xffff95821494
cceprint: [_ZN8cceprint27load_cbuf_to_cb_winograd_v2EPaS0_tttb] -> 0xffff9582159c
cceprint: [_ZN8cceprint30load_decompress_header_from_gmEPvm] -> 0xffff9582174c
cceprint: [_ZN8cceprint30load_decompress_header_from_gmEPvth] -> 0xffff95821890
cceprint: [_ZN8cceprint13load_gm_to_caEPN7float165Fp16TES2_m] -> 0xffff95821a10
cceprint: [_ZN8cceprint13load_gm_to_caEPN7float165Fp16TES2_m15addr_cal_mode_t] -> 0xffff95821b90
cceprint: [_ZN8cceprint13load_gm_to_caEPN7float165Fp16TES2_thtth15addr_cal_mode_t] -> 0xffff95821d58
cceprint: [_ZN8cceprint13load_gm_to_caEPN7float165Fp16TES2_thtthb15addr_cal_mode_t] -> 0xffff9582201c
cceprint: [_ZN8cceprint13load_gm_to_caEPN7float165Fp16TES2_thth] -> 0xffff95822318
cceprint: [_ZN8cceprint13load_gm_to_caEPN8bfloat165Bf16TES2_m] -> 0xffff95822558
cceprint: [_ZN8cceprint13load_gm_to_caEPN8bfloat165Bf16TES2_m15addr_cal_mode_t] -> 0xffff958226d8
cceprint: [_ZN8cceprint13load_gm_to_caEPN8bfloat165Bf16TES2_thtth15addr_cal_mode_t] -> 0xffff958228a0
cceprint: [_ZN8cceprint13load_gm_to_caEPN8bfloat165Bf16TES2_thtthb15addr_cal_mode_t] -> 0xffff95822b64
cceprint: [_ZN8cceprint13load_gm_to_caEPN8bfloat165Bf16TES2_thth] -> 0xffff95822e60
cceprint: [_ZN8cceprint13load_gm_to_caEPfS0_m15addr_cal_mode_t] -> 0xffff958230a0
cceprint: [_ZN8cceprint13load_gm_to_caEPfS0_thtth15addr_cal_mode_t] -> 0xffff95823268
cceprint: [_ZN8cceprint13load_gm_to_caEPfS0_thtthb15addr_cal_mode_t] -> 0xffff9582352c
cceprint: [_ZN8cceprint13load_gm_to_caEPiS0_m15addr_cal_mode_t] -> 0xffff95823828
cceprint: [_ZN8cceprint13load_gm_to_caEPiS0_thtth15addr_cal_mode_t] -> 0xffff958239f0
cceprint: [_ZN8cceprint13load_gm_to_caEPiS0_thtthb15addr_cal_mode_t] -> 0xffff95823cb4
cceprint: [_ZN8cceprint13load_gm_to_caEPaS0_m] -> 0xffff95823fb0
cceprint: [_ZN8cceprint13load_gm_to_caEPaS0_m15addr_cal_mode_t] -> 0xffff95824130
cceprint: [_ZN8cceprint13load_gm_to_caEPaS0_thtth15addr_cal_mode_t] -> 0xffff958242f8
cceprint: [_ZN8cceprint13load_gm_to_caEPaS0_thtthb15addr_cal_mode_t] -> 0xffff958245bc
cceprint: [_ZN8cceprint13load_gm_to_caEPaS0_thth] -> 0xffff958248b8
cceprint: [_ZN8cceprint13load_gm_to_caEPjS0_m15addr_cal_mode_t] -> 0xffff95824af8
cceprint: [_ZN8cceprint13load_gm_to_caEPjS0_thtth15addr_cal_mode_t] -> 0xffff95824cc0
cceprint: [_ZN8cceprint13load_gm_to_caEPjS0_thtthb15addr_cal_mode_t] -> 0xffff95824f84
cceprint: [_ZN8cceprint13load_gm_to_caEPhS0_m] -> 0xffff95825280
cceprint: [_ZN8cceprint13load_gm_to_caEPhS0_m15addr_cal_mode_t] -> 0xffff95825400
cceprint: [_ZN8cceprint13load_gm_to_caEPhS0_thtth15addr_cal_mode_t] -> 0xffff958255c8
cceprint: [_ZN8cceprint13load_gm_to_caEPhS0_thtthb15addr_cal_mode_t] -> 0xffff9582588c
cceprint: [_ZN8cceprint13load_gm_to_caEPhS0_thth] -> 0xffff95825b88
cceprint: [_ZN8cceprint13load_gm_to_caEPN7float165Fp16TES2_thth15addr_cal_mode_t] -> 0xffff95825dc8
cceprint: [_ZN8cceprint13load_gm_to_caEPaS0_thth15addr_cal_mode_t] -> 0xffff95826050
cceprint: [_ZN8cceprint13load_gm_to_caEPhS0_thth15addr_cal_mode_t] -> 0xffff958262d8
cceprint: [_ZN8cceprint16load_gm_to_ca_s4EPvS0_m15addr_cal_mode_t] -> 0xffff95826560
cceprint: [_ZN8cceprint16load_gm_to_ca_s4EPvS0_thtth15addr_cal_mode_t] -> 0xffff95826728
cceprint: [_ZN8cceprint16load_gm_to_ca_s4EPvS0_thtthb15addr_cal_mode_t] -> 0xffff958269ec
cceprint: [_ZN8cceprint19load_gm_to_ca_unzipEPN7float165Fp16TES2_] -> 0xffff95826ce8
cceprint: [_ZN8cceprint19load_gm_to_ca_unzipEPvS0_] -> 0xffff95826e20
cceprint: [_ZN8cceprint13load_gm_to_cbEPN7float165Fp16TES2_m] -> 0xffff95826f58
cceprint: [_ZN8cceprint13load_gm_to_cbEPN7float165Fp16TES2_m15addr_cal_mode_t] -> 0xffff958270d8
cceprint: [_ZN8cceprint13load_gm_to_cbEPN7float165Fp16TES2_thtth15addr_cal_mode_t] -> 0xffff958272a0
cceprint: [_ZN8cceprint13load_gm_to_cbEPN7float165Fp16TES2_thtthb15addr_cal_mode_t] -> 0xffff95827564
cceprint: [_ZN8cceprint13load_gm_to_cbEPN7float165Fp16TES2_thth] -> 0xffff95827860
cceprint: [_ZN8cceprint13load_gm_to_cbEPN8bfloat165Bf16TES2_m] -> 0xffff95827aa0
cceprint: [_ZN8cceprint13load_gm_to_cbEPN8bfloat165Bf16TES2_m15addr_cal_mode_t] -> 0xffff95827c20
cceprint: [_ZN8cceprint13load_gm_to_cbEPN8bfloat165Bf16TES2_thtth15addr_cal_mode_t] -> 0xffff95827de8
cceprint: [_ZN8cceprint13load_gm_to_cbEPN8bfloat165Bf16TES2_thtthb15addr_cal_mode_t] -> 0xffff958280ac
cceprint: [_ZN8cceprint13load_gm_to_cbEPN8bfloat165Bf16TES2_thth] -> 0xffff958283a8
cceprint: [_ZN8cceprint13load_gm_to_cbEPfS0_m15addr_cal_mode_t] -> 0xffff958285e8
cceprint: [_ZN8cceprint13load_gm_to_cbEPfS0_thtth15addr_cal_mode_t] -> 0xffff958287b0
cceprint: [_ZN8cceprint13load_gm_to_cbEPfS0_thtthb15addr_cal_mode_t] -> 0xffff95828a74
cceprint: [_ZN8cceprint13load_gm_to_cbEPiS0_m15addr_cal_mode_t] -> 0xffff95828d70
cceprint: [_ZN8cceprint13load_gm_to_cbEPiS0_thtth15addr_cal_mode_t] -> 0xffff95828f38
cceprint: [_ZN8cceprint13load_gm_to_cbEPiS0_thtthb15addr_cal_mode_t] -> 0xffff958291fc
cceprint: [_ZN8cceprint13load_gm_to_cbEPaS0_m] -> 0xffff958294f8
cceprint: [_ZN8cceprint13load_gm_to_cbEPaS0_m15addr_cal_mode_t] -> 0xffff95829678
cceprint: [_ZN8cceprint13load_gm_to_cbEPaS0_thtth15addr_cal_mode_t] -> 0xffff95829840
cceprint: [_ZN8cceprint13load_gm_to_cbEPaS0_thtthb15addr_cal_mode_t] -> 0xffff95829b04
cceprint: [_ZN8cceprint13load_gm_to_cbEPaS0_thth] -> 0xffff95829e00
cceprint: [_ZN8cceprint13load_gm_to_cbEPjS0_m15addr_cal_mode_t] -> 0xffff9582a040
cceprint: [_ZN8cceprint13load_gm_to_cbEPjS0_thtth15addr_cal_mode_t] -> 0xffff9582a208
cceprint: [_ZN8cceprint13load_gm_to_cbEPjS0_thtthb15addr_cal_mode_t] -> 0xffff9582a4cc
cceprint: [_ZN8cceprint13load_gm_to_cbEPhS0_m] -> 0xffff9582a7c8
cceprint: [_ZN8cceprint13load_gm_to_cbEPhS0_m15addr_cal_mode_t] -> 0xffff9582a948
cceprint: [_ZN8cceprint13load_gm_to_cbEPhS0_thtth15addr_cal_mode_t] -> 0xffff9582ab10
cceprint: [_ZN8cceprint13load_gm_to_cbEPhS0_thtthb15addr_cal_mode_t] -> 0xffff9582add4
cceprint: [_ZN8cceprint13load_gm_to_cbEPhS0_thth] -> 0xffff9582b0d0
cceprint: [_ZN8cceprint13load_gm_to_cbEPN7float165Fp16TES2_thth15addr_cal_mode_t] -> 0xffff9582b310
cceprint: [_ZN8cceprint13load_gm_to_cbEPaS0_thth15addr_cal_mode_t] -> 0xffff9582b598
cceprint: [_ZN8cceprint13load_gm_to_cbEPhS0_thth15addr_cal_mode_t] -> 0xffff9582b820
cceprint: [_ZN8cceprint16load_gm_to_cb_s4EPvS0_m15addr_cal_mode_t] -> 0xffff9582baa8
cceprint: [_ZN8cceprint16load_gm_to_cb_s4EPvS0_thtth15addr_cal_mode_t] -> 0xffff9582bc70
cceprint: [_ZN8cceprint16load_gm_to_cb_s4EPvS0_thtthb15addr_cal_mode_t] -> 0xffff9582bf34
cceprint: [_ZN8cceprint19load_gm_to_cb_unzipEPN7float165Fp16TES2_] -> 0xffff9582c230
cceprint: [_ZN8cceprint19load_gm_to_cb_unzipEPvS0_] -> 0xffff9582c368
cceprint: [_ZN8cceprint15load_gm_to_cbufEPN7float165Fp16TES2_m] -> 0xffff9582c4a0
cceprint: [_ZN8cceprint15load_gm_to_cbufEPN7float165Fp16TES2_m15addr_cal_mode_t] -> 0xffff9582c620
cceprint: [_ZN8cceprint15load_gm_to_cbufEPN7float165Fp16TES2_thtth15addr_cal_mode_t] -> 0xffff9582c7e8
cceprint: [_ZN8cceprint15load_gm_to_cbufEPN7float165Fp16TES2_thtthb15addr_cal_mode_t] -> 0xffff9582caac
cceprint: [_ZN8cceprint15load_gm_to_cbufEPN7float165Fp16TES2_thth] -> 0xffff9582cda8
cceprint: [_ZN8cceprint15load_gm_to_cbufEPN8bfloat165Bf16TES2_m] -> 0xffff9582cfe8
cceprint: [_ZN8cceprint15load_gm_to_cbufEPN8bfloat165Bf16TES2_m15addr_cal_mode_t] -> 0xffff9582d168
cceprint: [_ZN8cceprint15load_gm_to_cbufEPN8bfloat165Bf16TES2_thtth15addr_cal_mode_t] -> 0xffff9582d330
cceprint: [_ZN8cceprint15load_gm_to_cbufEPN8bfloat165Bf16TES2_thtthb15addr_cal_mode_t] -> 0xffff9582d5f4
cceprint: [_ZN8cceprint15load_gm_to_cbufEPN8bfloat165Bf16TES2_thth] -> 0xffff9582d8f0
cceprint: [_ZN8cceprint15load_gm_to_cbufEPfS0_m15addr_cal_mode_t] -> 0xffff9582db30
cceprint: [_ZN8cceprint15load_gm_to_cbufEPfS0_thtth15addr_cal_mode_t] -> 0xffff9582dcf8
cceprint: [_ZN8cceprint15load_gm_to_cbufEPfS0_thtthb15addr_cal_mode_t] -> 0xffff9582dfbc
cceprint: [_ZN8cceprint15load_gm_to_cbufEPiS0_m15addr_cal_mode_t] -> 0xffff9582e2b8
cceprint: [_ZN8cceprint15load_gm_to_cbufEPiS0_thtth15addr_cal_mode_t] -> 0xffff9582e480
cceprint: [_ZN8cceprint15load_gm_to_cbufEPiS0_thtthb15addr_cal_mode_t] -> 0xffff9582e744
cceprint: [_ZN8cceprint15load_gm_to_cbufEPaS0_m] -> 0xffff9582ea40
cceprint: [_ZN8cceprint15load_gm_to_cbufEPaS0_m15addr_cal_mode_t] -> 0xffff9582ebc0
cceprint: [_ZN8cceprint15load_gm_to_cbufEPaS0_thtth15addr_cal_mode_t] -> 0xffff9582ed88
cceprint: [_ZN8cceprint15load_gm_to_cbufEPaS0_thtthb15addr_cal_mode_t] -> 0xffff9582f04c
cceprint: [_ZN8cceprint15load_gm_to_cbufEPaS0_thth] -> 0xffff9582f348
cceprint: [_ZN8cceprint15load_gm_to_cbufEPjS0_m15addr_cal_mode_t] -> 0xffff9582f588
cceprint: [_ZN8cceprint15load_gm_to_cbufEPjS0_thtth15addr_cal_mode_t] -> 0xffff9582f750
cceprint: [_ZN8cceprint15load_gm_to_cbufEPjS0_thtthb15addr_cal_mode_t] -> 0xffff9582fa14
cceprint: [_ZN8cceprint15load_gm_to_cbufEPhS0_m] -> 0xffff9582fd10
cceprint: [_ZN8cceprint15load_gm_to_cbufEPhS0_m15addr_cal_mode_t] -> 0xffff9582fe90
cceprint: [_ZN8cceprint15load_gm_to_cbufEPhS0_thtth15addr_cal_mode_t] -> 0xffff95830058
cceprint: [_ZN8cceprint15load_gm_to_cbufEPhS0_thtthb15addr_cal_mode_t] -> 0xffff9583031c
cceprint: [_ZN8cceprint15load_gm_to_cbufEPhS0_thth] -> 0xffff95830618
cceprint: [_ZN8cceprint15load_gm_to_cbufEPN7float165Fp16TES2_thth15addr_cal_mode_t] -> 0xffff95830858
cceprint: [_ZN8cceprint15load_gm_to_cbufEPaS0_thth15addr_cal_mode_t] -> 0xffff95830ae0
cceprint: [_ZN8cceprint15load_gm_to_cbufEPhS0_thth15addr_cal_mode_t] -> 0xffff95830d68
cceprint: [_ZN8cceprint18load_gm_to_cbuf_s4EPvS0_m15addr_cal_mode_t] -> 0xffff95830ff0
cceprint: [_ZN8cceprint18load_gm_to_cbuf_s4EPvS0_thtth15addr_cal_mode_t] -> 0xffff958311b8
cceprint: [_ZN8cceprint18load_gm_to_cbuf_s4EPvS0_thtthb15addr_cal_mode_t] -> 0xffff9583147c
cceprint: [_ZN8cceprint21load_gm_to_cbuf_unzipEPN7float165Fp16TES2_] -> 0xffff95831778
cceprint: [_ZN8cceprint21load_gm_to_cbuf_unzipEPvS0_] -> 0xffff958318b0
cceprint: [_ZN8cceprint18load_image_to_cbufEPN7float165Fp16TEmm] -> 0xffff958319e8
cceprint: [_ZN8cceprint18load_image_to_cbufEPN7float165Fp16TEttttthhtth] -> 0xffff95831afc
cceprint: [_ZN8cceprint18load_image_to_cbufEPsmm] -> 0xffff95831df0
cceprint: [_ZN8cceprint18load_image_to_cbufEPsttttthhtth] -> 0xffff95831f04
cceprint: [_ZN8cceprint18load_image_to_cbufEPamm] -> 0xffff958321f8
cceprint: [_ZN8cceprint18load_image_to_cbufEPattttthhtth] -> 0xffff9583230c
cceprint: [_ZN8cceprint18load_image_to_cbufEPhmm] -> 0xffff95832600
cceprint: [_ZN8cceprint18load_image_to_cbufEPhttttthhtth] -> 0xffff95832714
cceprint: [_ZN8cceprint26load_smask_table_from_cbufEtPvm] -> 0xffff95832a08
cceprint: [_ZN8cceprint24load_smask_table_from_gmEtPvm] -> 0xffff95832b10
cceprint: [_ZN8cceprint24load_smask_table_from_ubEtPvm] -> 0xffff95832c90
cceprint: [_ZN8cceprint24load_unzip_index_from_gmEPvm] -> 0xffff95832d98
cceprint: [_ZN8cceprint24load_unzip_index_from_gmEPvjh] -> 0xffff95832edc
cceprint: [_ZN8cceprint3madEPN7float165Fp16TES2_S2_m] -> 0xffff9583305c
cceprint: [_ZN8cceprint3madEPN7float165Fp16TES2_S2_tttb] -> 0xffff958331a0
cceprint: [_ZN8cceprint3madEPN7float165Fp16TES2_S2_ttthhbbbbb] -> 0xffff9583338c
cceprint: [_ZN8cceprint3madEPN7float165Fp16TES2_S2_ttthbbb] -> 0xffff958336e4
cceprint: [_ZN8cceprint3madEPfPN7float165Fp16TES3_m] -> 0xffff95833988
cceprint: [_ZN8cceprint3madEPfPN7float165Fp16TES3_tttb] -> 0xffff95833acc
cceprint: [_ZN8cceprint3madEPfPN7float165Fp16TES3_ttthhbbbbb] -> 0xffff95833cb8
cceprint: [_ZN8cceprint3madEPfPN7float165Fp16TES3_ttthbbb] -> 0xffff95834010
cceprint: [_ZN8cceprint3madEPfPN7float165Fp16TES3_ttthhhbbbb] -> 0xffff958342b4
cceprint: [_ZN8cceprint3madEPfPN8bfloat165Bf16TES3_m] -> 0xffff95834618
cceprint: [_ZN8cceprint3madEPfPN8bfloat165Bf16TES3_ttthbbb] -> 0xffff9583475c
cceprint: [_ZN8cceprint3madEPfPN8bfloat165Bf16TES3_ttthhhbbbb] -> 0xffff95834a00
cceprint: [_ZN8cceprint3madEPfS0_S0_m] -> 0xffff95834d64
cceprint: [_ZN8cceprint3madEPfS0_S0_ttthbbb] -> 0xffff95834ea8
cceprint: [_ZN8cceprint3madEPfS0_S0_ttthhhbbbb] -> 0xffff9583514c
cceprint: [_ZN8cceprint3madEPiPsPam] -> 0xffff958354b0
cceprint: [_ZN8cceprint3madEPiPsPattth11unit_flag_tbb] -> 0xffff958355f4
cceprint: [_ZN8cceprint3madEPiPaS1_m] -> 0xffff958358a4
cceprint: [_ZN8cceprint3madEPiPaS1_tttb] -> 0xffff958359e8
cceprint: [_ZN8cceprint3madEPiPaS1_ttthhbbbbb] -> 0xffff95835bd4
cceprint: [_ZN8cceprint3madEPiPaS1_ttthbbb] -> 0xffff95835f2c
cceprint: [_ZN8cceprint3madEPiPaS1_ttthhhbbbb] -> 0xffff958361d0
cceprint: [_ZN8cceprint3madEPjPhS1_m] -> 0xffff95836534
cceprint: [_ZN8cceprint3madEPjPhS1_tttb] -> 0xffff95836678
cceprint: [_ZN8cceprint3madEPjPhS1_ttthhbbbbb] -> 0xffff95836864
cceprint: [_ZN8cceprint3madEPjPhS1_ttthbbb] -> 0xffff95836bbc
cceprint: [_ZN8cceprint3madEPiPhS1_m] -> 0xffff95836e60
cceprint: [_ZN8cceprint3madEPiPhS1_tttb] -> 0xffff95836fa4
cceprint: [_ZN8cceprint3madEPiPhS1_ttthhbbbbb] -> 0xffff95837190
cceprint: [_ZN8cceprint3madEPiPhS1_ttthbbb] -> 0xffff958374e8
cceprint: [_ZN8cceprint3madEPiPhS1_ttthhhbbbb] -> 0xffff9583778c
cceprint: [_ZN8cceprint3madEPiPhPam] -> 0xffff95837af0
cceprint: [_ZN8cceprint3madEPiPhPatttb] -> 0xffff95837c34
cceprint: [_ZN8cceprint3madEPiPhPattthhbbbbb] -> 0xffff95837e20
cceprint: [_ZN8cceprint3madEPiPhPattthbbb] -> 0xffff95838178
cceprint: [_ZN8cceprint3madEPN7float165Fp16TES2_S2_mm] -> 0xffff9583841c
cceprint: [_ZN8cceprint3madEPN7float165Fp16TES2_S2_mtttb] -> 0xffff958385a8
cceprint: [_ZN8cceprint3madEPN7float165Fp16TES2_S2_mttthbbb] -> 0xffff958387dc
cceprint: [_ZN8cceprint3madEPfPN7float165Fp16TES3_mm] -> 0xffff95838ac4
cceprint: [_ZN8cceprint3madEPfPN7float165Fp16TES3_mtttb] -> 0xffff95838c50
cceprint: [_ZN8cceprint3madEPfPN7float165Fp16TES3_mttthbbb] -> 0xffff95838e84
cceprint: [_ZN8cceprint3madEPfPN8bfloat165Bf16TES3_mm] -> 0xffff9583916c
cceprint: [_ZN8cceprint3madEPfPN8bfloat165Bf16TES3_mttthbbb] -> 0xffff958392f8
cceprint: [_ZN8cceprint3madEPfS0_S0_mm] -> 0xffff958395e0
cceprint: [_ZN8cceprint3madEPfS0_S0_mttthbbb] -> 0xffff9583976c
cceprint: [_ZN8cceprint3madEPiPsPamm] -> 0xffff95839a54
cceprint: [_ZN8cceprint3madEPiPsPamttth11unit_flag_tbb] -> 0xffff95839be0
cceprint: [_ZN8cceprint3madEPiPaS1_mm] -> 0xffff95839ed4
cceprint: [_ZN8cceprint3madEPiPaS1_mtttb] -> 0xffff9583a060
cceprint: [_ZN8cceprint3madEPiPaS1_mttthbbb] -> 0xffff9583a294
cceprint: [_ZN8cceprint3madEPjPhS1_mm] -> 0xffff9583a57c
cceprint: [_ZN8cceprint3madEPjPhS1_mtttb] -> 0xffff9583a708
cceprint: [_ZN8cceprint3madEPjPhS1_mttthbbb] -> 0xffff9583a93c
cceprint: [_ZN8cceprint3madEPiPhS1_mm] -> 0xffff9583ac24
cceprint: [_ZN8cceprint3madEPiPhS1_mtttb] -> 0xffff9583adb0
cceprint: [_ZN8cceprint3madEPiPhS1_mttthbbb] -> 0xffff9583afe4
cceprint: [_ZN8cceprint3madEPiPhPamm] -> 0xffff9583b2cc
cceprint: [_ZN8cceprint3madEPiPhPamtttb] -> 0xffff9583b458
cceprint: [_ZN8cceprint3madEPiPhPamttthbbb] -> 0xffff9583b68c
cceprint: [_ZN8cceprint8mad_b8u2EPiPaPvm] -> 0xffff9583b974
cceprint: [_ZN8cceprint8mad_b8u2EPiPaPvtttb] -> 0xffff9583bab8
cceprint: [_ZN8cceprint8mad_b8u2EPiPaPvttthhbbbbb] -> 0xffff9583bca4
cceprint: [_ZN8cceprint8mad_b8u2EPiPhPvm] -> 0xffff9583bffc
cceprint: [_ZN8cceprint8mad_b8u2EPiPhPvtttb] -> 0xffff9583c140
cceprint: [_ZN8cceprint8mad_b8u2EPiPhPvttthhbbbbb] -> 0xffff9583c32c
cceprint: [_ZN8cceprint12mad_bf162f32EPfPtS1_m] -> 0xffff9583c684
cceprint: [_ZN8cceprint12mad_bf162f32EPfPtS1_ttthbbb] -> 0xffff9583c7c8
cceprint: [_ZN8cceprint12mad_bf162f32EPfPtS1_ttthhhbbbb] -> 0xffff9583ca6c
cceprint: [_ZN8cceprint9mad_f16u2EPN7float165Fp16TES2_Pvm] -> 0xffff9583cdd0
cceprint: [_ZN8cceprint9mad_f16u2EPN7float165Fp16TES2_Pvtttb] -> 0xffff9583cf14
cceprint: [_ZN8cceprint9mad_f16u2EPN7float165Fp16TES2_Pvttthhbbbbb] -> 0xffff9583d100
cceprint: [_ZN8cceprint6mad_s4EPiPvS1_m] -> 0xffff9583d458
cceprint: [_ZN8cceprint6mad_s4EPiPvS1_tttb] -> 0xffff9583d59c
cceprint: [_ZN8cceprint6mad_s4EPiPvS1_ttthhbbbbb] -> 0xffff9583d788
cceprint: [_ZN8cceprint6mad_s4EPiPvS1_ttthbbb] -> 0xffff9583dae0
cceprint: [_ZN8cceprint6mad_s4EPiPvS1_ttthhhbbbb] -> 0xffff9583dd84
cceprint: [_ZN8cceprint6mad_spEPiPaS1_m] -> 0xffff9583e0e8
cceprint: [_ZN8cceprint6mad_spEPiPaS1_ttthbb] -> 0xffff9583e22c
cceprint: [_ZN8cceprint12mad_tf322f32EPfS0_S0_m] -> 0xffff9583e498
cceprint: [_ZN8cceprint12mad_tf322f32EPfS0_S0_ttthbbb] -> 0xffff9583e5dc
cceprint: [_ZN8cceprint12mad_tf322f32EPfS0_S0_ttthhhbbbb] -> 0xffff9583e880
cceprint: [_ZN8cceprint8mov_vsprE6VSPR_tm] -> 0xffff9583ebe4
cceprint: [_ZN8cceprint13mte4_mte5_offEv] -> 0xffff9583ecbc
cceprint: [_ZN8cceprint12mte4_mte5_onEv] -> 0xffff9583ed1c
cceprint: [_ZN8cceprint7mvf_dciEv] -> 0xffff9583ed7c
cceprint: [_ZN8cceprint21mvf_gm_to_ub_b128_u16EPvS0_S0_m] -> 0xffff9583eddc
cceprint: [_ZN8cceprint21mvf_gm_to_ub_b128_u16EPvS0_S0_thh] -> 0xffff9583ef98
cceprint: [_ZN8cceprint21mvf_gm_to_ub_b128_u32EPvS0_S0_m] -> 0xffff9583f1d8
cceprint: [_ZN8cceprint21mvf_gm_to_ub_b128_u32EPvS0_S0_thh] -> 0xffff9583f394
cceprint: [_ZN8cceprint21mvf_gm_to_ub_b256_u16EPvS0_S0_m] -> 0xffff9583f5d4
cceprint: [_ZN8cceprint21mvf_gm_to_ub_b256_u16EPvS0_S0_thh] -> 0xffff9583f790
cceprint: [_ZN8cceprint21mvf_gm_to_ub_b256_u32EPvS0_S0_m] -> 0xffff9583f9d0
cceprint: [_ZN8cceprint21mvf_gm_to_ub_b256_u32EPvS0_S0_thh] -> 0xffff9583fb8c
cceprint: [_ZN8cceprint20mvf_gm_to_ub_b32_u16EPvS0_S0_m] -> 0xffff9583fdcc
cceprint: [_ZN8cceprint20mvf_gm_to_ub_b32_u16EPvS0_S0_thh] -> 0xffff9583ff88
cceprint: [_ZN8cceprint20mvf_gm_to_ub_b32_u32EPvS0_S0_m] -> 0xffff958401c8
cceprint: [_ZN8cceprint20mvf_gm_to_ub_b32_u32EPvS0_S0_thh] -> 0xffff95840384
cceprint: [_ZN8cceprint21mvf_gm_to_ub_b512_u16EPvS0_S0_m] -> 0xffff958405c4
cceprint: [_ZN8cceprint21mvf_gm_to_ub_b512_u16EPvS0_S0_thh] -> 0xffff95840780
cceprint: [_ZN8cceprint21mvf_gm_to_ub_b512_u32EPvS0_S0_m] -> 0xffff958409c0
cceprint: [_ZN8cceprint21mvf_gm_to_ub_b512_u32EPvS0_S0_thh] -> 0xffff95840b7c
cceprint: [_ZN8cceprint20mvf_gm_to_ub_b64_u16EPvS0_S0_m] -> 0xffff95840dbc
cceprint: [_ZN8cceprint20mvf_gm_to_ub_b64_u16EPvS0_S0_thh] -> 0xffff95840f78
cceprint: [_ZN8cceprint20mvf_gm_to_ub_b64_u32EPvS0_S0_m] -> 0xffff958411b8
cceprint: [_ZN8cceprint20mvf_gm_to_ub_b64_u32EPvS0_S0_thh] -> 0xffff95841374
cceprint: [_ZN8cceprint12pc_trace_offEv] -> 0xffff958415b4
cceprint: [_ZN8cceprint11pc_trace_onEv] -> 0xffff95841614
cceprint: [_ZN8cceprint12pipe_barrierE6pipe_t] -> 0xffff95841674
cceprint: [_ZN8cceprint7preloadEPKv] -> 0xffff95841710
cceprint: [_ZN8cceprint7preloadEPKvl] -> 0xffff95841794
cceprint: [_ZN8cceprint12release_pbidEm] -> 0xffff95841854
cceprint: [_ZN8cceprint7rpn_corEPN7float165Fp16TES2_m] -> 0xffff958418e4
cceprint: [_ZN8cceprint7rpn_corEPN7float165Fp16TES2_htt] -> 0xffff958419ec
cceprint: [_ZN8cceprint12rpn_cor_diagEPN7float165Fp16TES2_] -> 0xffff95841b6c
cceprint: [_ZN8cceprint13rpn_cor_diag2EPN7float165Fp16TES2_] -> 0xffff95841c2c
cceprint: [_ZN8cceprint8sbitset0Eml] -> 0xffff95841cec
cceprint: [_ZN8cceprint8sbitset1Eml] -> 0xffff95841d3c
cceprint: [_ZN8cceprint12scatter_vabsE7vtype_t10ub_addr8_tS1_m] -> 0xffff95841d8c
cceprint: [_ZN8cceprint12scatter_vabsE7vtype_t10ub_addr8_tS1_htt] -> 0xffff95841ef4
cceprint: [_ZN8cceprint16scatter_vabs_f16E10ub_addr8_tS0_m] -> 0xffff958420d4
cceprint: [_ZN8cceprint16scatter_vabs_f16E10ub_addr8_tS0_htt] -> 0xffff958421f4
cceprint: [_ZN8cceprint16scatter_vabs_f32E10ub_addr8_tS0_m] -> 0xffff9584238c
cceprint: [_ZN8cceprint16scatter_vabs_f32E10ub_addr8_tS0_htt] -> 0xffff958424ac
cceprint: [_ZN8cceprint16scatter_vabs_s16E10ub_addr8_tS0_m] -> 0xffff95842644
cceprint: [_ZN8cceprint16scatter_vabs_s16E10ub_addr8_tS0_htt] -> 0xffff95842764
cceprint: [_ZN8cceprint12scatter_vaddE7vtype_t10ub_addr8_tS1_S1_m] -> 0xffff958428fc
cceprint: [_ZN8cceprint12scatter_vaddE7vtype_t10ub_addr8_tS1_S1_httt] -> 0xffff95842aac
cceprint: [_ZN8cceprint16scatter_vadd_f16E10ub_addr8_tS0_S0_m] -> 0xffff95842d10
cceprint: [_ZN8cceprint16scatter_vadd_f16E10ub_addr8_tS0_S0_httt] -> 0xffff95842e78
cceprint: [_ZN8cceprint16scatter_vadd_f32E10ub_addr8_tS0_S0_m] -> 0xffff95843094
cceprint: [_ZN8cceprint16scatter_vadd_f32E10ub_addr8_tS0_S0_httt] -> 0xffff958431fc
cceprint: [_ZN8cceprint16scatter_vadd_s16E10ub_addr8_tS0_S0_m] -> 0xffff95843418
cceprint: [_ZN8cceprint16scatter_vadd_s16E10ub_addr8_tS0_S0_httt] -> 0xffff95843580
cceprint: [_ZN8cceprint16scatter_vadd_s32E10ub_addr8_tS0_S0_m] -> 0xffff9584379c
cceprint: [_ZN8cceprint16scatter_vadd_s32E10ub_addr8_tS0_S0_httt] -> 0xffff95843904
cceprint: [_ZN8cceprint13scatter_vaddsE7vtype_t10ub_addr8_tS1_N7float165Fp16TEm] -> 0xffff95843b20
cceprint: [_ZN8cceprint13scatter_vaddsE7vtype_t10ub_addr8_tS1_N7float165Fp16TEhtt] -> 0xffff95843cd8
cceprint: [_ZN8cceprint13scatter_vaddsE7vtype_t10ub_addr8_tS1_fm] -> 0xffff95843f08
cceprint: [_ZN8cceprint13scatter_vaddsE7vtype_t10ub_addr8_tS1_fhtt] -> 0xffff958440ac
cceprint: [_ZN8cceprint17scatter_vadds_f16E10ub_addr8_tS0_N7float165Fp16TEm] -> 0xffff958442c8
cceprint: [_ZN8cceprint17scatter_vadds_f16E10ub_addr8_tS0_N7float165Fp16TEhtt] -> 0xffff95844438
cceprint: [_ZN8cceprint17scatter_vadds_f32E10ub_addr8_tS0_fm] -> 0xffff95844620
cceprint: [_ZN8cceprint17scatter_vadds_f32E10ub_addr8_tS0_fhtt] -> 0xffff9584477c
cceprint: [_ZN8cceprint17scatter_vadds_s16E10ub_addr8_tS0_sm] -> 0xffff95844950
cceprint: [_ZN8cceprint17scatter_vadds_s16E10ub_addr8_tS0_shtt] -> 0xffff95844aac
cceprint: [_ZN8cceprint17scatter_vadds_s32E10ub_addr8_tS0_im] -> 0xffff95844c80
cceprint: [_ZN8cceprint17scatter_vadds_s32E10ub_addr8_tS0_ihtt] -> 0xffff95844ddc
cceprint: [_ZN8cceprint13scatter_vaxpyE7vtype_t10ub_addr8_tS1_N7float165Fp16TEmb] -> 0xffff95844fb0
cceprint: [_ZN8cceprint13scatter_vaxpyE7vtype_t10ub_addr8_tS1_N7float165Fp16TEhttb] -> 0xffff958451a4
cceprint: [_ZN8cceprint13scatter_vaxpyE7vtype_t10ub_addr8_tS1_fmb] -> 0xffff95845410
cceprint: [_ZN8cceprint13scatter_vaxpyE7vtype_t10ub_addr8_tS1_fhttb] -> 0xffff958455f0
cceprint: [_ZN8cceprint17scatter_vaxpy_f16E10ub_addr8_tS0_N7float165Fp16TEmb] -> 0xffff95845848
cceprint: [_ZN8cceprint17scatter_vaxpy_f16E10ub_addr8_tS0_N7float165Fp16TEhttb] -> 0xffff958459f4
cceprint: [_ZN8cceprint17scatter_vaxpy_f32E10ub_addr8_tS0_fmb] -> 0xffff95845c18
cceprint: [_ZN8cceprint17scatter_vaxpy_f32E10ub_addr8_tS0_fhttb] -> 0xffff95845db0
cceprint: [_ZN8cceprint18scatter_vaxpy_fmixE10ub_addr8_tS0_N7float165Fp16TEmb] -> 0xffff95845fc0
cceprint: [_ZN8cceprint18scatter_vaxpy_fmixE10ub_addr8_tS0_N7float165Fp16TEhttb] -> 0xffff9584616c
cceprint: [_ZN8cceprint15scatter_vcmp_eqE7vtype_t10ub_addr8_tS1_m] -> 0xffff95846390
cceprint: [_ZN8cceprint19scatter_vcmp_eq_f16E10ub_addr8_tS0_m] -> 0xffff958464f8
cceprint: [_ZN8cceprint19scatter_vcmp_eq_f32E10ub_addr8_tS0_m] -> 0xffff95846618
cceprint: [_ZN8cceprint19scatter_vcmp_eq_s16E10ub_addr8_tS0_m] -> 0xffff95846738
cceprint: [_ZN8cceprint15scatter_vcmp_geE7vtype_t10ub_addr8_tS1_m] -> 0xffff95846858
cceprint: [_ZN8cceprint19scatter_vcmp_ge_f16E10ub_addr8_tS0_m] -> 0xffff958469c0
cceprint: [_ZN8cceprint19scatter_vcmp_ge_f32E10ub_addr8_tS0_m] -> 0xffff95846ae0
cceprint: [_ZN8cceprint19scatter_vcmp_ge_s16E10ub_addr8_tS0_m] -> 0xffff95846c00
cceprint: [_ZN8cceprint15scatter_vcmp_gtE7vtype_t10ub_addr8_tS1_m] -> 0xffff95846d20
cceprint: [_ZN8cceprint19scatter_vcmp_gt_f16E10ub_addr8_tS0_m] -> 0xffff95846e88
cceprint: [_ZN8cceprint19scatter_vcmp_gt_f32E10ub_addr8_tS0_m] -> 0xffff95846fa8
cceprint: [_ZN8cceprint19scatter_vcmp_gt_s16E10ub_addr8_tS0_m] -> 0xffff958470c8
cceprint: [_ZN8cceprint15scatter_vcmp_leE7vtype_t10ub_addr8_tS1_m] -> 0xffff958471e8
cceprint: [_ZN8cceprint19scatter_vcmp_le_f16E10ub_addr8_tS0_m] -> 0xffff95847350
cceprint: [_ZN8cceprint19scatter_vcmp_le_f32E10ub_addr8_tS0_m] -> 0xffff95847470
cceprint: [_ZN8cceprint19scatter_vcmp_le_s16E10ub_addr8_tS0_m] -> 0xffff95847590
cceprint: [_ZN8cceprint15scatter_vcmp_ltE7vtype_t10ub_addr8_tS1_m] -> 0xffff958476b0
cceprint: [_ZN8cceprint19scatter_vcmp_lt_f16E10ub_addr8_tS0_m] -> 0xffff95847818
cceprint: [_ZN8cceprint19scatter_vcmp_lt_f32E10ub_addr8_tS0_m] -> 0xffff95847938
cceprint: [_ZN8cceprint19scatter_vcmp_lt_s16E10ub_addr8_tS0_m] -> 0xffff95847a58
cceprint: [_ZN8cceprint15scatter_vcmp_neE7vtype_t10ub_addr8_tS1_m] -> 0xffff95847b78
cceprint: [_ZN8cceprint19scatter_vcmp_ne_f16E10ub_addr8_tS0_m] -> 0xffff95847ce0
cceprint: [_ZN8cceprint19scatter_vcmp_ne_f32E10ub_addr8_tS0_m] -> 0xffff95847e00
cceprint: [_ZN8cceprint19scatter_vcmp_ne_s16E10ub_addr8_tS0_m] -> 0xffff95847f20
cceprint: [_ZN8cceprint19scatter_vconcat_f16EPN7float165Fp16TE10ub_addr8_tm] -> 0xffff95848040
cceprint: [_ZN8cceprint19scatter_vconcat_f16EPN7float165Fp16TE10ub_addr8_thh] -> 0xffff95848154
cceprint: [_ZN8cceprint19scatter_vconcat_f32EPf10ub_addr8_tm] -> 0xffff958482b0
cceprint: [_ZN8cceprint19scatter_vconcat_f32EPf10ub_addr8_thh] -> 0xffff958483c4
cceprint: [_ZN8cceprint17scatter_vconv_deqE10ub_addr8_tS0_mb] -> 0xffff95848520
cceprint: [_ZN8cceprint17scatter_vconv_deqE10ub_addr8_tS0_httb] -> 0xffff9584867c
cceprint: [_ZN8cceprint21scatter_vconv_f162f32E10ub_addr8_tS0_mb] -> 0xffff95848850
cceprint: [_ZN8cceprint21scatter_vconv_f162f32E10ub_addr8_tS0_httb] -> 0xffff958489ac
cceprint: [_ZN8cceprint22scatter_vconv_f162s32aE10ub_addr8_tS0_mb] -> 0xffff95848b80
cceprint: [_ZN8cceprint22scatter_vconv_f162s32aE10ub_addr8_tS0_httb] -> 0xffff95848cdc
cceprint: [_ZN8cceprint22scatter_vconv_f162s32cE10ub_addr8_tS0_mb] -> 0xffff95848eb0
cceprint: [_ZN8cceprint22scatter_vconv_f162s32cE10ub_addr8_tS0_httb] -> 0xffff9584900c
cceprint: [_ZN8cceprint22scatter_vconv_f162s32fE10ub_addr8_tS0_mb] -> 0xffff958491e0
cceprint: [_ZN8cceprint22scatter_vconv_f162s32fE10ub_addr8_tS0_httb] -> 0xffff9584933c
cceprint: [_ZN8cceprint22scatter_vconv_f162s32rE10ub_addr8_tS0_mb] -> 0xffff95849510
cceprint: [_ZN8cceprint22scatter_vconv_f162s32rE10ub_addr8_tS0_httb] -> 0xffff9584966c
cceprint: [_ZN8cceprint22scatter_vconv_f162s32zE10ub_addr8_tS0_mb] -> 0xffff95849840
cceprint: [_ZN8cceprint22scatter_vconv_f162s32zE10ub_addr8_tS0_httb] -> 0xffff9584999c
cceprint: [_ZN8cceprint20scatter_vconv_f162s8E10ub_addr8_tS0_mb] -> 0xffff95849b70
cceprint: [_ZN8cceprint20scatter_vconv_f162s8E10ub_addr8_tS0_httb] -> 0xffff95849ccc
cceprint: [_ZN8cceprint21scatter_vconv_f162s8aE10ub_addr8_tS0_mb] -> 0xffff95849ea0
cceprint: [_ZN8cceprint21scatter_vconv_f162s8aE10ub_addr8_tS0_httb] -> 0xffff95849ffc
cceprint: [_ZN8cceprint21scatter_vconv_f162s8cE10ub_addr8_tS0_mb] -> 0xffff9584a1d0
cceprint: [_ZN8cceprint21scatter_vconv_f162s8cE10ub_addr8_tS0_httb] -> 0xffff9584a32c
cceprint: [_ZN8cceprint21scatter_vconv_f162s8fE10ub_addr8_tS0_mb] -> 0xffff9584a500
cceprint: [_ZN8cceprint21scatter_vconv_f162s8fE10ub_addr8_tS0_httb] -> 0xffff9584a65c
cceprint: [_ZN8cceprint21scatter_vconv_f162s8zE10ub_addr8_tS0_mb] -> 0xffff9584a830
cceprint: [_ZN8cceprint21scatter_vconv_f162s8zE10ub_addr8_tS0_httb] -> 0xffff9584a98c
cceprint: [_ZN8cceprint20scatter_vconv_f162u8E10ub_addr8_tS0_mb] -> 0xffff9584ab60
cceprint: [_ZN8cceprint20scatter_vconv_f162u8E10ub_addr8_tS0_httb] -> 0xffff9584acbc
cceprint: [_ZN8cceprint21scatter_vconv_f162u8aE10ub_addr8_tS0_mb] -> 0xffff9584ae90
cceprint: [_ZN8cceprint21scatter_vconv_f162u8aE10ub_addr8_tS0_httb] -> 0xffff9584afec
cceprint: [_ZN8cceprint21scatter_vconv_f162u8cE10ub_addr8_tS0_mb] -> 0xffff9584b1c0
cceprint: [_ZN8cceprint21scatter_vconv_f162u8cE10ub_addr8_tS0_httb] -> 0xffff9584b31c
cceprint: [_ZN8cceprint21scatter_vconv_f162u8fE10ub_addr8_tS0_mb] -> 0xffff9584b4f0
cceprint: [_ZN8cceprint21scatter_vconv_f162u8fE10ub_addr8_tS0_httb] -> 0xffff9584b64c
cceprint: [_ZN8cceprint21scatter_vconv_f162u8zE10ub_addr8_tS0_mb] -> 0xffff9584b820
cceprint: [_ZN8cceprint21scatter_vconv_f162u8zE10ub_addr8_tS0_httb] -> 0xffff9584b97c
cceprint: [_ZN8cceprint21scatter_vconv_f322f16E10ub_addr8_tS0_mb] -> 0xffff9584bb50
cceprint: [_ZN8cceprint21scatter_vconv_f322f16E10ub_addr8_tS0_httb] -> 0xffff9584bcac
cceprint: [_ZN8cceprint22scatter_vconv_f322f16oE10ub_addr8_tS0_mb] -> 0xffff9584be80
cceprint: [_ZN8cceprint22scatter_vconv_f322f16oE10ub_addr8_tS0_httb] -> 0xffff9584bfdc
cceprint: [_ZN8cceprint22scatter_vconv_f322s32aE10ub_addr8_tS0_mb] -> 0xffff9584c1b0
cceprint: [_ZN8cceprint22scatter_vconv_f322s32aE10ub_addr8_tS0_httb] -> 0xffff9584c30c
cceprint: [_ZN8cceprint22scatter_vconv_f322s32cE10ub_addr8_tS0_mb] -> 0xffff9584c4e0
cceprint: [_ZN8cceprint22scatter_vconv_f322s32cE10ub_addr8_tS0_httb] -> 0xffff9584c63c
cceprint: [_ZN8cceprint22scatter_vconv_f322s32fE10ub_addr8_tS0_mb] -> 0xffff9584c810
cceprint: [_ZN8cceprint22scatter_vconv_f322s32fE10ub_addr8_tS0_httb] -> 0xffff9584c96c
cceprint: [_ZN8cceprint22scatter_vconv_f322s32rE10ub_addr8_tS0_mb] -> 0xffff9584cb40
cceprint: [_ZN8cceprint22scatter_vconv_f322s32rE10ub_addr8_tS0_httb] -> 0xffff9584cc9c
cceprint: [_ZN8cceprint22scatter_vconv_f322s32zE10ub_addr8_tS0_mb] -> 0xffff9584ce70
cceprint: [_ZN8cceprint22scatter_vconv_f322s32zE10ub_addr8_tS0_httb] -> 0xffff9584cfcc
cceprint: [_ZN8cceprint21scatter_vconv_s322f32E10ub_addr8_tS0_mb] -> 0xffff9584d1a0
cceprint: [_ZN8cceprint21scatter_vconv_s322f32E10ub_addr8_tS0_httb] -> 0xffff9584d2fc
cceprint: [_ZN8cceprint20scatter_vconv_s82f16E10ub_addr8_tS0_mb] -> 0xffff9584d4d0
cceprint: [_ZN8cceprint20scatter_vconv_s82f16E10ub_addr8_tS0_httb] -> 0xffff9584d62c
cceprint: [_ZN8cceprint20scatter_vconv_u82f16E10ub_addr8_tS0_mb] -> 0xffff9584d800
cceprint: [_ZN8cceprint20scatter_vconv_u82f16E10ub_addr8_tS0_httb] -> 0xffff9584d95c
cceprint: [_ZN8cceprint21scatter_vcshuffle_b16E10ub_addr8_tS0_m] -> 0xffff9584db30
cceprint: [_ZN8cceprint21scatter_vcshuffle_b16E10ub_addr8_tS0_htth] -> 0xffff9584dc50
cceprint: [_ZN8cceprint21scatter_vcshuffle_b32E10ub_addr8_tS0_m] -> 0xffff9584de30
cceprint: [_ZN8cceprint21scatter_vcshuffle_b32E10ub_addr8_tS0_htth] -> 0xffff9584df50
cceprint: [_ZN8cceprint20scatter_vcshuffle_b8E10ub_addr8_tS0_m] -> 0xffff9584e130
cceprint: [_ZN8cceprint20scatter_vcshuffle_b8E10ub_addr8_tS0_htth] -> 0xffff9584e250
cceprint: [_ZN8cceprint12scatter_vdivE7vtype_t10ub_addr8_tS1_S1_m] -> 0xffff9584e430
cceprint: [_ZN8cceprint12scatter_vdivE7vtype_t10ub_addr8_tS1_S1_httt] -> 0xffff9584e5e0
cceprint: [_ZN8cceprint16scatter_vdiv_f16E10ub_addr8_tS0_S0_m] -> 0xffff9584e844
cceprint: [_ZN8cceprint16scatter_vdiv_f16E10ub_addr8_tS0_S0_httt] -> 0xffff9584e9ac
cceprint: [_ZN8cceprint16scatter_vdiv_f32E10ub_addr8_tS0_S0_m] -> 0xffff9584ebc8
cceprint: [_ZN8cceprint16scatter_vdiv_f32E10ub_addr8_tS0_S0_httt] -> 0xffff9584ed30
cceprint: [_ZN8cceprint18scatter_vector_movE7vtype_t10ub_addr8_tS1_m] -> 0xffff9584ef4c
cceprint: [_ZN8cceprint18scatter_vector_movE7vtype_t10ub_addr8_tS1_htt] -> 0xffff9584f0b4
cceprint: [_ZN8cceprint22scatter_vector_mov_f16E10ub_addr8_tS0_m] -> 0xffff9584f294
cceprint: [_ZN8cceprint22scatter_vector_mov_f16E10ub_addr8_tS0_htt] -> 0xffff9584f3b4
cceprint: [_ZN8cceprint22scatter_vector_mov_s16E10ub_addr8_tS0_m] -> 0xffff9584f54c
cceprint: [_ZN8cceprint22scatter_vector_mov_s16E10ub_addr8_tS0_htt] -> 0xffff9584f66c
cceprint: [_ZN8cceprint22scatter_vector_mov_u16E10ub_addr8_tS0_m] -> 0xffff9584f804
cceprint: [_ZN8cceprint22scatter_vector_mov_u16E10ub_addr8_tS0_htt] -> 0xffff9584f924
cceprint: [_ZN8cceprint12scatter_vexpE7vtype_t10ub_addr8_tS1_m] -> 0xffff9584fabc
cceprint: [_ZN8cceprint12scatter_vexpE7vtype_t10ub_addr8_tS1_htt] -> 0xffff9584fc24
cceprint: [_ZN8cceprint16scatter_vexp_f16E10ub_addr8_tS0_m] -> 0xffff9584fe04
cceprint: [_ZN8cceprint16scatter_vexp_f16E10ub_addr8_tS0_htt] -> 0xffff9584ff24
cceprint: [_ZN8cceprint16scatter_vexp_f32E10ub_addr8_tS0_m] -> 0xffff958500bc
cceprint: [_ZN8cceprint16scatter_vexp_f32E10ub_addr8_tS0_htt] -> 0xffff958501dc
cceprint: [_ZN8cceprint20scatter_vextract_f16E10ub_addr8_tPN7float165Fp16TEm] -> 0xffff95850374
cceprint: [_ZN8cceprint20scatter_vextract_f16E10ub_addr8_tPN7float165Fp16TEhh] -> 0xffff95850488
cceprint: [_ZN8cceprint20scatter_vextract_f32E10ub_addr8_tPfm] -> 0xffff958505e4
cceprint: [_ZN8cceprint20scatter_vextract_f32E10ub_addr8_tPfhh] -> 0xffff958506f8
cceprint: [_ZN8cceprint11scatter_vlnE7vtype_t10ub_addr8_tS1_m] -> 0xffff95850854
cceprint: [_ZN8cceprint11scatter_vlnE7vtype_t10ub_addr8_tS1_htt] -> 0xffff958509bc
cceprint: [_ZN8cceprint15scatter_vln_f16E10ub_addr8_tS0_m] -> 0xffff95850b9c
cceprint: [_ZN8cceprint15scatter_vln_f16E10ub_addr8_tS0_htt] -> 0xffff95850cbc
cceprint: [_ZN8cceprint15scatter_vln_f32E10ub_addr8_tS0_m] -> 0xffff95850e54
cceprint: [_ZN8cceprint15scatter_vln_f32E10ub_addr8_tS0_htt] -> 0xffff95850f74
cceprint: [_ZN8cceprint13scatter_vmaddE7vtype_t10ub_addr8_tS1_S1_m] -> 0xffff9585110c
cceprint: [_ZN8cceprint13scatter_vmaddE7vtype_t10ub_addr8_tS1_S1_httt] -> 0xffff958512bc
cceprint: [_ZN8cceprint17scatter_vmadd_f16E10ub_addr8_tS0_S0_m] -> 0xffff95851520
cceprint: [_ZN8cceprint17scatter_vmadd_f16E10ub_addr8_tS0_S0_httt] -> 0xffff95851688
cceprint: [_ZN8cceprint17scatter_vmadd_f32E10ub_addr8_tS0_S0_m] -> 0xffff958518a4
cceprint: [_ZN8cceprint17scatter_vmadd_f32E10ub_addr8_tS0_S0_httt] -> 0xffff95851a0c
cceprint: [_ZN8cceprint17scatter_vmaddreluE7vtype_t10ub_addr8_tS1_S1_m] -> 0xffff95851c28
cceprint: [_ZN8cceprint17scatter_vmaddreluE7vtype_t10ub_addr8_tS1_S1_httt] -> 0xffff95851dd8
cceprint: [_ZN8cceprint21scatter_vmaddrelu_f16E10ub_addr8_tS0_S0_m] -> 0xffff9585203c
cceprint: [_ZN8cceprint21scatter_vmaddrelu_f16E10ub_addr8_tS0_S0_httt] -> 0xffff958521a4
cceprint: [_ZN8cceprint21scatter_vmaddrelu_f32E10ub_addr8_tS0_S0_m] -> 0xffff958523c0
cceprint: [_ZN8cceprint21scatter_vmaddrelu_f32E10ub_addr8_tS0_S0_httt] -> 0xffff95852528
cceprint: [_ZN8cceprint12scatter_vmaxE7vtype_t10ub_addr8_tS1_S1_m] -> 0xffff95852744
cceprint: [_ZN8cceprint12scatter_vmaxE7vtype_t10ub_addr8_tS1_S1_httt] -> 0xffff958528f4
cceprint: [_ZN8cceprint16scatter_vmax_f16E10ub_addr8_tS0_S0_m] -> 0xffff95852b58
cceprint: [_ZN8cceprint16scatter_vmax_f16E10ub_addr8_tS0_S0_httt] -> 0xffff95852cc0
cceprint: [_ZN8cceprint16scatter_vmax_f32E10ub_addr8_tS0_S0_m] -> 0xffff95852edc
cceprint: [_ZN8cceprint16scatter_vmax_f32E10ub_addr8_tS0_S0_httt] -> 0xffff95853044
cceprint: [_ZN8cceprint16scatter_vmax_s16E10ub_addr8_tS0_S0_m] -> 0xffff95853260
cceprint: [_ZN8cceprint16scatter_vmax_s16E10ub_addr8_tS0_S0_httt] -> 0xffff958533c8
cceprint: [_ZN8cceprint16scatter_vmax_s32E10ub_addr8_tS0_S0_m] -> 0xffff958535e4
cceprint: [_ZN8cceprint16scatter_vmax_s32E10ub_addr8_tS0_S0_httt] -> 0xffff9585374c
cceprint: [_ZN8cceprint17scatter_vmaxs_f16E10ub_addr8_tS0_N7float165Fp16TEm] -> 0xffff95853968
cceprint: [_ZN8cceprint17scatter_vmaxs_f16E10ub_addr8_tS0_N7float165Fp16TEhtt] -> 0xffff95853ad8
cceprint: [_ZN8cceprint17scatter_vmaxs_f32E10ub_addr8_tS0_fm] -> 0xffff95853cc0
cceprint: [_ZN8cceprint17scatter_vmaxs_f32E10ub_addr8_tS0_fhtt] -> 0xffff95853e1c
cceprint: [_ZN8cceprint17scatter_vmaxs_s16E10ub_addr8_tS0_sm] -> 0xffff95853ff0
cceprint: [_ZN8cceprint17scatter_vmaxs_s16E10ub_addr8_tS0_shtt] -> 0xffff9585414c
cceprint: [_ZN8cceprint17scatter_vmaxs_s32E10ub_addr8_tS0_im] -> 0xffff95854320
cceprint: [_ZN8cceprint17scatter_vmaxs_s32E10ub_addr8_tS0_ihtt] -> 0xffff9585447c
cceprint: [_ZN8cceprint12scatter_vminE7vtype_t10ub_addr8_tS1_S1_m] -> 0xffff95854650
cceprint: [_ZN8cceprint12scatter_vminE7vtype_t10ub_addr8_tS1_S1_httt] -> 0xffff95854800
cceprint: [_ZN8cceprint16scatter_vmin_f16E10ub_addr8_tS0_S0_m] -> 0xffff95854a64
cceprint: [_ZN8cceprint16scatter_vmin_f16E10ub_addr8_tS0_S0_httt] -> 0xffff95854bcc
cceprint: [_ZN8cceprint16scatter_vmin_f32E10ub_addr8_tS0_S0_m] -> 0xffff95854de8
cceprint: [_ZN8cceprint16scatter_vmin_f32E10ub_addr8_tS0_S0_httt] -> 0xffff95854f50
cceprint: [_ZN8cceprint16scatter_vmin_s16E10ub_addr8_tS0_S0_m] -> 0xffff9585516c
cceprint: [_ZN8cceprint16scatter_vmin_s16E10ub_addr8_tS0_S0_httt] -> 0xffff958552d4
cceprint: [_ZN8cceprint16scatter_vmin_s32E10ub_addr8_tS0_S0_m] -> 0xffff958554f0
cceprint: [_ZN8cceprint16scatter_vmin_s32E10ub_addr8_tS0_S0_httt] -> 0xffff95855658
cceprint: [_ZN8cceprint17scatter_vmins_f16E10ub_addr8_tS0_N7float165Fp16TEm] -> 0xffff95855874
cceprint: [_ZN8cceprint17scatter_vmins_f16E10ub_addr8_tS0_N7float165Fp16TEhtt] -> 0xffff958559e4
cceprint: [_ZN8cceprint17scatter_vmins_f32E10ub_addr8_tS0_fm] -> 0xffff95855bcc
cceprint: [_ZN8cceprint17scatter_vmins_f32E10ub_addr8_tS0_fhtt] -> 0xffff95855d28
cceprint: [_ZN8cceprint17scatter_vmins_s16E10ub_addr8_tS0_sm] -> 0xffff95855efc
cceprint: [_ZN8cceprint17scatter_vmins_s16E10ub_addr8_tS0_shtt] -> 0xffff95856058
cceprint: [_ZN8cceprint17scatter_vmins_s32E10ub_addr8_tS0_im] -> 0xffff9585622c
cceprint: [_ZN8cceprint17scatter_vmins_s32E10ub_addr8_tS0_ihtt] -> 0xffff95856388
cceprint: [_ZN8cceprint12scatter_vmlaE7vtype_t10ub_addr8_tS1_S1_m] -> 0xffff9585655c
cceprint: [_ZN8cceprint12scatter_vmlaE7vtype_t10ub_addr8_tS1_S1_httt] -> 0xffff9585670c
cceprint: [_ZN8cceprint16scatter_vmla_f16E10ub_addr8_tS0_S0_m] -> 0xffff95856970
cceprint: [_ZN8cceprint16scatter_vmla_f16E10ub_addr8_tS0_S0_httt] -> 0xffff95856ad8
cceprint: [_ZN8cceprint16scatter_vmla_f32E10ub_addr8_tS0_S0_m] -> 0xffff95856cf4
cceprint: [_ZN8cceprint16scatter_vmla_f32E10ub_addr8_tS0_S0_httt] -> 0xffff95856e5c
cceprint: [_ZN8cceprint17scatter_vmla_fmixE10ub_addr8_tS0_S0_m] -> 0xffff95857078
cceprint: [_ZN8cceprint17scatter_vmla_fmixE10ub_addr8_tS0_S0_httt] -> 0xffff958571e0
cceprint: [_ZN8cceprint12scatter_vmulE7vtype_t10ub_addr8_tS1_S1_m] -> 0xffff958573fc
cceprint: [_ZN8cceprint12scatter_vmulE7vtype_t10ub_addr8_tS1_S1_httt] -> 0xffff958575ac
cceprint: [_ZN8cceprint16scatter_vmul_f16E10ub_addr8_tS0_S0_m] -> 0xffff95857810
cceprint: [_ZN8cceprint16scatter_vmul_f16E10ub_addr8_tS0_S0_httt] -> 0xffff95857978
cceprint: [_ZN8cceprint16scatter_vmul_f32E10ub_addr8_tS0_S0_m] -> 0xffff95857b94
cceprint: [_ZN8cceprint16scatter_vmul_f32E10ub_addr8_tS0_S0_httt] -> 0xffff95857cfc
cceprint: [_ZN8cceprint16scatter_vmul_s16E10ub_addr8_tS0_S0_m] -> 0xffff95857f18
cceprint: [_ZN8cceprint16scatter_vmul_s16E10ub_addr8_tS0_S0_httt] -> 0xffff95858080
cceprint: [_ZN8cceprint16scatter_vmul_s32E10ub_addr8_tS0_S0_m] -> 0xffff9585829c
cceprint: [_ZN8cceprint16scatter_vmul_s32E10ub_addr8_tS0_S0_httt] -> 0xffff95858404
cceprint: [_ZN8cceprint23scatter_vmulconv_f162s8E10ub_addr8_tS0_S0_mb] -> 0xffff95858620
cceprint: [_ZN8cceprint23scatter_vmulconv_f162s8E10ub_addr8_tS0_S0_htttb] -> 0xffff958587c4
cceprint: [_ZN8cceprint23scatter_vmulconv_f162u8E10ub_addr8_tS0_S0_mb] -> 0xffff95858a1c
cceprint: [_ZN8cceprint23scatter_vmulconv_f162u8E10ub_addr8_tS0_S0_htttb] -> 0xffff95858bc0
cceprint: [_ZN8cceprint13scatter_vmulsE7vtype_t10ub_addr8_tS1_N7float165Fp16TEm] -> 0xffff95858e18
cceprint: [_ZN8cceprint13scatter_vmulsE7vtype_t10ub_addr8_tS1_N7float165Fp16TEhtt] -> 0xffff95858fd0
cceprint: [_ZN8cceprint13scatter_vmulsE7vtype_t10ub_addr8_tS1_fm] -> 0xffff95859200
cceprint: [_ZN8cceprint13scatter_vmulsE7vtype_t10ub_addr8_tS1_fhtt] -> 0xffff958593a4
cceprint: [_ZN8cceprint17scatter_vmuls_f16E10ub_addr8_tS0_N7float165Fp16TEm] -> 0xffff958595c0
cceprint: [_ZN8cceprint17scatter_vmuls_f16E10ub_addr8_tS0_N7float165Fp16TEhtt] -> 0xffff95859730
cceprint: [_ZN8cceprint17scatter_vmuls_f32E10ub_addr8_tS0_fm] -> 0xffff95859918
cceprint: [_ZN8cceprint17scatter_vmuls_f32E10ub_addr8_tS0_fhtt] -> 0xffff95859a74
cceprint: [_ZN8cceprint17scatter_vmuls_s16E10ub_addr8_tS0_sm] -> 0xffff95859c48
cceprint: [_ZN8cceprint17scatter_vmuls_s16E10ub_addr8_tS0_shtt] -> 0xffff95859da4
cceprint: [_ZN8cceprint17scatter_vmuls_s32E10ub_addr8_tS0_im] -> 0xffff95859f78
cceprint: [_ZN8cceprint17scatter_vmuls_s32E10ub_addr8_tS0_ihtt] -> 0xffff9585a0d4
cceprint: [_ZN8cceprint21scatter_vnchwconv_b16E10ub_addr8_tPsm] -> 0xffff9585a2a8
cceprint: [_ZN8cceprint21scatter_vnchwconv_b16E10ub_addr8_tPshtt] -> 0xffff9585a3bc
cceprint: [_ZN8cceprint21scatter_vnchwconv_b16E10ub_addr8_tPtm] -> 0xffff9585a548
cceprint: [_ZN8cceprint21scatter_vnchwconv_b16E10ub_addr8_tPthtt] -> 0xffff9585a65c
cceprint: [_ZN8cceprint21scatter_vnchwconv_b16EPs10ub_addr8_tm] -> 0xffff9585a7e8
cceprint: [_ZN8cceprint21scatter_vnchwconv_b16EPs10ub_addr8_thtt] -> 0xffff9585a8fc
cceprint: [_ZN8cceprint21scatter_vnchwconv_b16EPt10ub_addr8_tm] -> 0xffff9585aa88
cceprint: [_ZN8cceprint21scatter_vnchwconv_b16EPt10ub_addr8_thtt] -> 0xffff9585ab9c
cceprint: [_ZN8cceprint21scatter_vnchwconv_b16E10ub_addr8_tS0_m] -> 0xffff9585ad28
cceprint: [_ZN8cceprint21scatter_vnchwconv_b16E10ub_addr8_tS0_htt] -> 0xffff9585ae48
cceprint: [_ZN8cceprint21scatter_vnchwconv_b32E10ub_addr8_tPim] -> 0xffff9585afe0
cceprint: [_ZN8cceprint21scatter_vnchwconv_b32E10ub_addr8_tPihtt] -> 0xffff9585b0f4
cceprint: [_ZN8cceprint21scatter_vnchwconv_b32E10ub_addr8_tPjm] -> 0xffff9585b280
cceprint: [_ZN8cceprint21scatter_vnchwconv_b32E10ub_addr8_tPjhtt] -> 0xffff9585b394
cceprint: [_ZN8cceprint21scatter_vnchwconv_b32EPi10ub_addr8_tm] -> 0xffff9585b520
cceprint: [_ZN8cceprint21scatter_vnchwconv_b32EPi10ub_addr8_thtt] -> 0xffff9585b634
cceprint: [_ZN8cceprint21scatter_vnchwconv_b32EPj10ub_addr8_tm] -> 0xffff9585b7c0
cceprint: [_ZN8cceprint21scatter_vnchwconv_b32EPj10ub_addr8_thtt] -> 0xffff9585b8d4
cceprint: [_ZN8cceprint21scatter_vnchwconv_b32E10ub_addr8_tS0_m] -> 0xffff9585ba60
cceprint: [_ZN8cceprint21scatter_vnchwconv_b32E10ub_addr8_tS0_htt] -> 0xffff9585bb80
cceprint: [_ZN8cceprint20scatter_vnchwconv_b8E10ub_addr8_tPambb] -> 0xffff9585bd18
cceprint: [_ZN8cceprint20scatter_vnchwconv_b8E10ub_addr8_tPahttbb] -> 0xffff9585bea4
cceprint: [_ZN8cceprint20scatter_vnchwconv_b8E10ub_addr8_tPhmbb] -> 0xffff9585c0a8
cceprint: [_ZN8cceprint20scatter_vnchwconv_b8E10ub_addr8_tPhhttbb] -> 0xffff9585c234
cceprint: [_ZN8cceprint20scatter_vnchwconv_b8EPa10ub_addr8_tmbb] -> 0xffff9585c438
cceprint: [_ZN8cceprint20scatter_vnchwconv_b8EPa10ub_addr8_thttbb] -> 0xffff9585c5c4
cceprint: [_ZN8cceprint20scatter_vnchwconv_b8EPh10ub_addr8_tmbb] -> 0xffff9585c7c8
cceprint: [_ZN8cceprint20scatter_vnchwconv_b8EPh10ub_addr8_thttbb] -> 0xffff9585c954
cceprint: [_ZN8cceprint20scatter_vnchwconv_b8E10ub_addr8_tS0_mbb] -> 0xffff9585cb58
cceprint: [_ZN8cceprint20scatter_vnchwconv_b8E10ub_addr8_tS0_httbb] -> 0xffff9585ccf0
cceprint: [_ZN8cceprint12scatter_vrecE7vtype_t10ub_addr8_tS1_m] -> 0xffff9585cf00
cceprint: [_ZN8cceprint12scatter_vrecE7vtype_t10ub_addr8_tS1_htt] -> 0xffff9585d068
cceprint: [_ZN8cceprint16scatter_vrec_f16E10ub_addr8_tS0_m] -> 0xffff9585d248
cceprint: [_ZN8cceprint16scatter_vrec_f16E10ub_addr8_tS0_htt] -> 0xffff9585d368
cceprint: [_ZN8cceprint16scatter_vrec_f32E10ub_addr8_tS0_m] -> 0xffff9585d500
cceprint: [_ZN8cceprint16scatter_vrec_f32E10ub_addr8_tS0_htt] -> 0xffff9585d620
cceprint: [_ZN8cceprint13scatter_vreluE7vtype_t10ub_addr8_tS1_m] -> 0xffff9585d7b8
cceprint: [_ZN8cceprint13scatter_vreluE7vtype_t10ub_addr8_tS1_htt] -> 0xffff9585d920
cceprint: [_ZN8cceprint17scatter_vrelu_f16E10ub_addr8_tS0_m] -> 0xffff9585db00
cceprint: [_ZN8cceprint17scatter_vrelu_f16E10ub_addr8_tS0_htt] -> 0xffff9585dc20
cceprint: [_ZN8cceprint17scatter_vrelu_f32E10ub_addr8_tS0_m] -> 0xffff9585ddb8
cceprint: [_ZN8cceprint17scatter_vrelu_f32E10ub_addr8_tS0_htt] -> 0xffff9585ded8
cceprint: [_ZN8cceprint17scatter_vrelu_s32E10ub_addr8_tS0_m] -> 0xffff9585e070
cceprint: [_ZN8cceprint17scatter_vrelu_s32E10ub_addr8_tS0_htt] -> 0xffff9585e190
cceprint: [_ZN8cceprint14scatter_vrsqrtE7vtype_t10ub_addr8_tS1_m] -> 0xffff9585e328
cceprint: [_ZN8cceprint14scatter_vrsqrtE7vtype_t10ub_addr8_tS1_htt] -> 0xffff9585e490
cceprint: [_ZN8cceprint18scatter_vrsqrt_f16E10ub_addr8_tS0_m] -> 0xffff9585e670
cceprint: [_ZN8cceprint18scatter_vrsqrt_f16E10ub_addr8_tS0_htt] -> 0xffff9585e790
cceprint: [_ZN8cceprint18scatter_vrsqrt_f32E10ub_addr8_tS0_m] -> 0xffff9585e928
cceprint: [_ZN8cceprint18scatter_vrsqrt_f32E10ub_addr8_tS0_htt] -> 0xffff9585ea48
cceprint: [_ZN8cceprint16scatter_vscmergeEPt10ub_addr8_tm] -> 0xffff9585ebe0
cceprint: [_ZN8cceprint16scatter_vscmergeEPt10ub_addr8_tth] -> 0xffff9585ecf4
cceprint: [_ZN8cceprint16scatter_vscmergeEPh10ub_addr8_tm] -> 0xffff9585ee44
cceprint: [_ZN8cceprint16scatter_vscmergeEPh10ub_addr8_tth] -> 0xffff9585ef58
cceprint: [_ZN8cceprint16scatter_vscmergeEPN7float165Fp16TE10ub_addr8_tm] -> 0xffff9585f0a8
cceprint: [_ZN8cceprint16scatter_vscmergeEPN7float165Fp16TE10ub_addr8_tth] -> 0xffff9585f1bc
cceprint: [_ZN8cceprint20scatter_vscmerge_b16EPt10ub_addr8_tm] -> 0xffff9585f30c
cceprint: [_ZN8cceprint20scatter_vscmerge_b16EPt10ub_addr8_tth] -> 0xffff9585f420
cceprint: [_ZN8cceprint19scatter_vscmerge_b8EPh10ub_addr8_tm] -> 0xffff9585f570
cceprint: [_ZN8cceprint19scatter_vscmerge_b8EPh10ub_addr8_tth] -> 0xffff9585f684
cceprint: [_ZN8cceprint20scatter_vscmerge_f16EPN7float165Fp16TE10ub_addr8_tm] -> 0xffff9585f7d4
cceprint: [_ZN8cceprint20scatter_vscmerge_f16EPN7float165Fp16TE10ub_addr8_tth] -> 0xffff9585f8e8
cceprint: [_ZN8cceprint16scatter_vscsplitE10ub_addr8_tPtm] -> 0xffff9585fa38
cceprint: [_ZN8cceprint16scatter_vscsplitE10ub_addr8_tPtth] -> 0xffff9585fb4c
cceprint: [_ZN8cceprint16scatter_vscsplitE10ub_addr8_tPhm] -> 0xffff9585fc9c
cceprint: [_ZN8cceprint16scatter_vscsplitE10ub_addr8_tPhth] -> 0xffff9585fdb0
cceprint: [_ZN8cceprint16scatter_vscsplitE10ub_addr8_tPN7float165Fp16TEm] -> 0xffff9585ff00
cceprint: [_ZN8cceprint16scatter_vscsplitE10ub_addr8_tPN7float165Fp16TEth] -> 0xffff95860014
cceprint: [_ZN8cceprint20scatter_vscsplit_b16E10ub_addr8_tPtm] -> 0xffff95860164
cceprint: [_ZN8cceprint20scatter_vscsplit_b16E10ub_addr8_tPtth] -> 0xffff95860278
cceprint: [_ZN8cceprint20scatter_vscsplit_b16E10ub_addr8_tPsm] -> 0xffff958603c8
cceprint: [_ZN8cceprint20scatter_vscsplit_b16E10ub_addr8_tPsth] -> 0xffff958604dc
cceprint: [_ZN8cceprint19scatter_vscsplit_b8E10ub_addr8_tPhm] -> 0xffff9586062c
cceprint: [_ZN8cceprint19scatter_vscsplit_b8E10ub_addr8_tPhth] -> 0xffff95860740
cceprint: [_ZN8cceprint19scatter_vscsplit_b8E10ub_addr8_tPam] -> 0xffff95860890
cceprint: [_ZN8cceprint19scatter_vscsplit_b8E10ub_addr8_tPath] -> 0xffff958609a4
cceprint: [_ZN8cceprint20scatter_vscsplit_f16E10ub_addr8_tPN7float165Fp16TEm] -> 0xffff95860af4
cceprint: [_ZN8cceprint20scatter_vscsplit_f16E10ub_addr8_tPN7float165Fp16TEth] -> 0xffff95860c08
cceprint: [_ZN8cceprint12scatter_vselE7vtype_t10ub_addr8_tS1_S1_m] -> 0xffff95860d58
cceprint: [_ZN8cceprint12scatter_vselE7vtype_t10ub_addr8_tS1_S1_httt] -> 0xffff95860f08
cceprint: [_ZN8cceprint16scatter_vsel_f16E10ub_addr8_tS0_S0_m] -> 0xffff9586116c
cceprint: [_ZN8cceprint16scatter_vsel_f16E10ub_addr8_tS0_S0_httth] -> 0xffff958612d4
cceprint: [_ZN8cceprint16scatter_vsel_f32E10ub_addr8_tS0_S0_m] -> 0xffff95861538
cceprint: [_ZN8cceprint16scatter_vsel_f32E10ub_addr8_tS0_S0_httth] -> 0xffff958616a0
cceprint: [_ZN8cceprint13scatter_vsqrtE7vtype_t10ub_addr8_tS1_m] -> 0xffff95861904
cceprint: [_ZN8cceprint13scatter_vsqrtE7vtype_t10ub_addr8_tS1_htt] -> 0xffff95861a6c
cceprint: [_ZN8cceprint17scatter_vsqrt_f16E10ub_addr8_tS0_m] -> 0xffff95861c4c
cceprint: [_ZN8cceprint17scatter_vsqrt_f16E10ub_addr8_tS0_htt] -> 0xffff95861d6c
cceprint: [_ZN8cceprint17scatter_vsqrt_f32E10ub_addr8_tS0_m] -> 0xffff95861f04
cceprint: [_ZN8cceprint17scatter_vsqrt_f32E10ub_addr8_tS0_htt] -> 0xffff95862024
cceprint: [_ZN8cceprint12scatter_vsubE7vtype_t10ub_addr8_tS1_S1_m] -> 0xffff958621bc
cceprint: [_ZN8cceprint12scatter_vsubE7vtype_t10ub_addr8_tS1_S1_httt] -> 0xffff9586236c
cceprint: [_ZN8cceprint16scatter_vsub_f16E10ub_addr8_tS0_S0_m] -> 0xffff958625d0
cceprint: [_ZN8cceprint16scatter_vsub_f16E10ub_addr8_tS0_S0_httt] -> 0xffff95862738
cceprint: [_ZN8cceprint16scatter_vsub_f32E10ub_addr8_tS0_S0_m] -> 0xffff95862954
cceprint: [_ZN8cceprint16scatter_vsub_f32E10ub_addr8_tS0_S0_httt] -> 0xffff95862abc
cceprint: [_ZN8cceprint16scatter_vsub_s16E10ub_addr8_tS0_S0_m] -> 0xffff95862cd8
cceprint: [_ZN8cceprint16scatter_vsub_s16E10ub_addr8_tS0_S0_httt] -> 0xffff95862e40
cceprint: [_ZN8cceprint16scatter_vsub_s32E10ub_addr8_tS0_S0_m] -> 0xffff9586305c
cceprint: [_ZN8cceprint16scatter_vsub_s32E10ub_addr8_tS0_S0_httt] -> 0xffff958631c4
cceprint: [_ZN8cceprint14set_aipp_spr_0Em] -> 0xffff958633e0
cceprint: [_ZN8cceprint14set_aipp_spr_1Em] -> 0xffff95863470
cceprint: [_ZN8cceprint15set_aipp_spr_10Em] -> 0xffff95863500
cceprint: [_ZN8cceprint15set_aipp_spr_11Em] -> 0xffff95863590
cceprint: [_ZN8cceprint15set_aipp_spr_12Em] -> 0xffff95863620
cceprint: [_ZN8cceprint15set_aipp_spr_13Em] -> 0xffff958636b0
cceprint: [_ZN8cceprint15set_aipp_spr_14Em] -> 0xffff95863740
cceprint: [_ZN8cceprint15set_aipp_spr_15Em] -> 0xffff958637d0
cceprint: [_ZN8cceprint15set_aipp_spr_16Em] -> 0xffff95863860
cceprint: [_ZN8cceprint15set_aipp_spr_17Em] -> 0xffff958638f0
cceprint: [_ZN8cceprint15set_aipp_spr_18Em] -> 0xffff95863980
cceprint: [_ZN8cceprint15set_aipp_spr_19Em] -> 0xffff95863a10
cceprint: [_ZN8cceprint14set_aipp_spr_2Em] -> 0xffff95863aa0
cceprint: [_ZN8cceprint15set_aipp_spr_20Em] -> 0xffff95863b30
cceprint: [_ZN8cceprint15set_aipp_spr_21Em] -> 0xffff95863bc0
cceprint: [_ZN8cceprint15set_aipp_spr_22Em] -> 0xffff95863c50
cceprint: [_ZN8cceprint15set_aipp_spr_23Em] -> 0xffff95863ce0
cceprint: [_ZN8cceprint15set_aipp_spr_24Em] -> 0xffff95863d70
cceprint: [_ZN8cceprint15set_aipp_spr_25Em] -> 0xffff95863e00
cceprint: [_ZN8cceprint15set_aipp_spr_26Em] -> 0xffff95863e90
cceprint: [_ZN8cceprint15set_aipp_spr_27Em] -> 0xffff95863f20
cceprint: [_ZN8cceprint15set_aipp_spr_28Em] -> 0xffff95863fb0
cceprint: [_ZN8cceprint15set_aipp_spr_29Em] -> 0xffff95864040
cceprint: [_ZN8cceprint14set_aipp_spr_3Em] -> 0xffff958640d0
cceprint: [_ZN8cceprint15set_aipp_spr_30Em] -> 0xffff95864160
cceprint: [_ZN8cceprint15set_aipp_spr_31Em] -> 0xffff958641f0
cceprint: [_ZN8cceprint14set_aipp_spr_4Em] -> 0xffff95864280
cceprint: [_ZN8cceprint14set_aipp_spr_5Em] -> 0xffff95864310
cceprint: [_ZN8cceprint14set_aipp_spr_6Em] -> 0xffff958643a0
cceprint: [_ZN8cceprint14set_aipp_spr_7Em] -> 0xffff95864430
cceprint: [_ZN8cceprint14set_aipp_spr_8Em] -> 0xffff958644c0
cceprint: [_ZN8cceprint14set_aipp_spr_9Em] -> 0xffff95864550
cceprint: [_ZN8cceprint14set_atomic_addEv] -> 0xffff958645e0
cceprint: [_ZN8cceprint15set_atomic_bf16Ev] -> 0xffff95864640
cceprint: [_ZN8cceprint14set_atomic_f16Ev] -> 0xffff958646a0
cceprint: [_ZN8cceprint14set_atomic_f32Ev] -> 0xffff95864700
cceprint: [_ZN8cceprint14set_atomic_maxEv] -> 0xffff95864760
cceprint: [_ZN8cceprint14set_atomic_minEv] -> 0xffff958647c0
cceprint: [_ZN8cceprint15set_atomic_noneEv] -> 0xffff95864820
cceprint: [_ZN8cceprint14set_atomic_s16Ev] -> 0xffff95864880
cceprint: [_ZN8cceprint14set_atomic_s32Ev] -> 0xffff958648e0
cceprint: [_ZN8cceprint13set_atomic_s8Ev] -> 0xffff95864940
cceprint: [_ZN8cceprint18set_cache_normreadEv] -> 0xffff958649a0
cceprint: [_ZN8cceprint22set_cache_notwritebackEv] -> 0xffff95864a00
cceprint: [_ZN8cceprint17set_cache_readinvEv] -> 0xffff95864a60
cceprint: [_ZN8cceprint18set_cache_readlastEv] -> 0xffff95864ac0
cceprint: [_ZN8cceprint16set_channel_paraEm] -> 0xffff95864b20
cceprint: [_ZN8cceprint11set_cmpmaskEPv] -> 0xffff95864bb0
cceprint: [_ZN8cceprint8set_condEm] -> 0xffff95864c34
cceprint: [_ZN8cceprint18set_condition_flagEm] -> 0xffff95864cc4
cceprint: [_ZN8cceprint8set_ctrlEm] -> 0xffff95864d54
cceprint: [_ZN8cceprint14set_data_exp_0Em] -> 0xffff95864de4
cceprint: [_ZN8cceprint14set_data_exp_1Em] -> 0xffff95864e74
cceprint: [_ZN8cceprint14set_data_exp_2Em] -> 0xffff95864f04
cceprint: [_ZN8cceprint14set_data_exp_3Em] -> 0xffff95864f94
cceprint: [_ZN8cceprint12set_deqscaleEN7float165Fp16TE] -> 0xffff95865024
cceprint: [_ZN8cceprint12set_deqscaleEm] -> 0xffff958650bc
cceprint: [_ZN8cceprint18set_elt_antiq_paraEm] -> 0xffff9586514c
cceprint: [_ZN8cceprint16set_elt_src_paraEm] -> 0xffff958651dc
cceprint: [_ZN8cceprint12set_fcol2imgEm] -> 0xffff9586526c
cceprint: [_ZN8cceprint18set_ffts_base_addrEm] -> 0xffff958652fc
cceprint: [_ZN8cceprint17set_fix_clip_reluEm] -> 0xffff9586538c
cceprint: [_ZN8cceprint13set_fixp_addrEm] -> 0xffff9586541c
cceprint: [_ZN8cceprint8set_flagE6pipe_tS0_7event_t] -> 0xffff958654ac
cceprint: [_ZN8cceprint8set_flagE6pipe_t7event_t] -> 0xffff958655dc
cceprint: [_ZN8cceprint8set_flagE6pipe_tS0_m] -> 0xffff958656c0
cceprint: [_ZN8cceprint8set_flagE6pipe_tm] -> 0xffff958657f0
cceprint: [_ZN8cceprint11set_fmatrixEm] -> 0xffff958658d4
cceprint: [_ZN8cceprint13set_fmatrix_bEm] -> 0xffff95865964
cceprint: [_ZN8cceprint18set_fmatrix_dual_0Em] -> 0xffff958659f4
cceprint: [_ZN8cceprint18set_fmatrix_dual_1Em] -> 0xffff95865a84
cceprint: [_ZN8cceprint7set_fpcEm] -> 0xffff95865b14
cceprint: [_ZN8cceprint9set_fpdeqEm] -> 0xffff95865ba4
cceprint: [_ZN8cceprint16set_l0_set_valueEN7float165Fp16TE] -> 0xffff95865c34
cceprint: [_ZN8cceprint16set_l0_set_valueEj] -> 0xffff95865ccc
cceprint: [_ZN8cceprint10set_l0a_2dEPvl] -> 0xffff95865d50
cceprint: [_ZN8cceprint10set_l0a_2dEPN7float165Fp16TEl] -> 0xffff95865e10
cceprint: [_ZN8cceprint10set_l0a_2dEPfl] -> 0xffff95865ed0
cceprint: [_ZN8cceprint10set_l0a_2dEPsl] -> 0xffff95865f90
cceprint: [_ZN8cceprint10set_l0a_2dEPil] -> 0xffff95866050
cceprint: [_ZN8cceprint10set_l0a_2dEPtl] -> 0xffff95866110
cceprint: [_ZN8cceprint10set_l0a_2dEPjl] -> 0xffff958661d0
cceprint: [_ZN8cceprint10set_l0b_2dEPvl] -> 0xffff95866290
cceprint: [_ZN8cceprint10set_l0b_2dEPN7float165Fp16TEl] -> 0xffff95866350
cceprint: [_ZN8cceprint10set_l0b_2dEPfl] -> 0xffff95866410
cceprint: [_ZN8cceprint10set_l0b_2dEPsl] -> 0xffff958664d0
cceprint: [_ZN8cceprint10set_l0b_2dEPil] -> 0xffff95866590
cceprint: [_ZN8cceprint10set_l0b_2dEPtl] -> 0xffff95866650
cceprint: [_ZN8cceprint10set_l0b_2dEPjl] -> 0xffff95866710
cceprint: [_ZN8cceprint9set_l1_2dEPvl] -> 0xffff958667d0
cceprint: [_ZN8cceprint9set_l1_2dEPN7float165Fp16TEl] -> 0xffff95866890
cceprint: [_ZN8cceprint9set_l1_2dEPfl] -> 0xffff95866950
cceprint: [_ZN8cceprint9set_l1_2dEPsl] -> 0xffff95866a10
cceprint: [_ZN8cceprint9set_l1_2dEPil] -> 0xffff95866ad0
cceprint: [_ZN8cceprint9set_l1_2dEPtl] -> 0xffff95866b90
cceprint: [_ZN8cceprint9set_l1_2dEPjl] -> 0xffff95866c50
cceprint: [_ZN8cceprint14set_l1_3d_sizeEm] -> 0xffff95866d10
cceprint: [_ZN8cceprint11set_l3d_rptEm] -> 0xffff95866da0
cceprint: [_ZN8cceprint14set_loop3_paraEm] -> 0xffff95866e30
cceprint: [_ZN8cceprint15set_low_pre_tblEm] -> 0xffff95866ec0
cceprint: [_ZN8cceprint9set_lpcntEm] -> 0xffff95866f50
cceprint: [_ZN8cceprint15set_lrelu_alphaEm] -> 0xffff95866fe0
cceprint: [_ZN8cceprint15set_lrelu_alphaEN7float165Fp16TE] -> 0xffff95867070
cceprint: [_ZN8cceprint15set_lrelu_alphaEf] -> 0xffff95867108
cceprint: [_ZN8cceprint14set_mask_countEv] -> 0xffff9586718c
cceprint: [_ZN8cceprint13set_mask_normEv] -> 0xffff958671ec
cceprint: [_ZN8cceprint15set_mov_pad_valEm] -> 0xffff9586724c
cceprint: [_ZN8cceprint11set_nd_paraEm] -> 0xffff958672dc
cceprint: [_ZN8cceprint11set_paddingEm] -> 0xffff9586736c
cceprint: [_ZN8cceprint11set_paddingEN7float165Fp16TE] -> 0xffff958673fc
cceprint: [_ZN8cceprint11set_paddingEs] -> 0xffff95867494
cceprint: [_ZN8cceprint11set_paddingEt] -> 0xffff95867518
cceprint: [_ZN8cceprint16set_pcie_rd_ctrlEm] -> 0xffff9586759c
cceprint: [_ZN8cceprint16set_pcie_wr_ctrlEm] -> 0xffff9586762c
cceprint: [_ZN8cceprint11set_pnt_coeEm] -> 0xffff958676bc
cceprint: [_ZN8cceprint14set_quant_postEm] -> 0xffff9586774c
cceprint: [_ZN8cceprint13set_quant_preEm] -> 0xffff958677dc
cceprint: [_ZN8cceprint19set_rawheader_to_gmEPvm] -> 0xffff9586786c
cceprint: [_ZN8cceprint19set_rawheader_to_gmEPvtbh] -> 0xffff958679b0
cceprint: [_ZN8cceprint14set_relu_alphaEm] -> 0xffff95867b6c
cceprint: [_ZN8cceprint12set_reqscaleEm] -> 0xffff95867bfc
cceprint: [_ZN8cceprint14set_rpn_cor_irEm] -> 0xffff95867c8c
cceprint: [_ZN8cceprint14set_rpn_offsetEN7float165Fp16TE] -> 0xffff95867d1c
cceprint: [_ZN8cceprint17set_safety_crc_enEm] -> 0xffff95867db4
cceprint: [_ZN8cceprint19set_safety_crc_excpEm] -> 0xffff95867e44
cceprint: [_ZN8cceprint15set_smask_indexEm] -> 0xffff95867ed4
cceprint: [_ZN8cceprint17set_st_atomic_cfgEm] -> 0xffff95867f64
cceprint: [_ZN8cceprint17set_st_atomic_cfgE13atomic_type_t11atomic_op_t] -> 0xffff95867ff4
cceprint: [_ZN8cceprint13set_va_reg_sbE10ub_addr8_tPm] -> 0xffff958680cc
cceprint: [_ZN8cceprint15set_vector_maskEmm] -> 0xffff95868198
cceprint: [_ZN8cceprint19set_vector_mask_dupEm] -> 0xffff95868270
cceprint: [_ZN8cceprint9set_vpipeEm] -> 0xffff95868300
cceprint: [_ZN8cceprint7set_vspEm] -> 0xffff95868390
cceprint: [_ZN8cceprint4sff0Em] -> 0xffff95868420
cceprint: [_ZN8cceprint4sff1Em] -> 0xffff9586846c
cceprint: [_ZN8cceprint7sflbitsEl] -> 0xffff958684b8
cceprint: [_ZN8cceprint6st_devEtPts] -> 0xffff95868504
cceprint: [_ZN8cceprint6st_devEjPjs] -> 0xffff95868678
cceprint: [_ZN8cceprint6st_devEmPms] -> 0xffff958687ec
cceprint: [_ZN8cceprint6st_devEhPhs] -> 0xffff9586896c
cceprint: [_ZN8cceprint21store_l1_to_out_imageEPN7float165Fp16TES2_mm] -> 0xffff95868aec
cceprint: [_ZN8cceprint21store_l1_to_out_imageEPN7float165Fp16TES2_thththbhm] -> 0xffff95868cb4
cceprint: [_ZN8cceprint21store_l1_to_out_imageEPsS0_mm] -> 0xffff95869038
cceprint: [_ZN8cceprint21store_l1_to_out_imageEPsS0_thththbhm] -> 0xffff95869200
cceprint: [_ZN8cceprint4trapEm] -> 0xffff95869584
cceprint: [_ZN8cceprint6plt_b8ERj7Literal] -> 0xffff95869614
cceprint: [_ZN8cceprint7plt_b16ERj7Literal] -> 0xffff958696f0
cceprint: [_ZN8cceprint7plt_b32ERj7Literal] -> 0xffff958697cc
cceprint: [_ZN8cceprint7pltm_b8Etj] -> 0xffff958698a8
cceprint: [_ZN8cceprint8pltm_b16Etj] -> 0xffff95869968
cceprint: [_ZN8cceprint8pltm_b32Etj] -> 0xffff95869a28
cceprint: [_ZN8cceprint7vag_b32Et] -> 0xffff95869ae8
cceprint: [_ZN8cceprint7vag_b32Ett] -> 0xffff95869b6c
cceprint: [_ZN8cceprint7vag_b32Ettt] -> 0xffff95869c2c
cceprint: [_ZN8cceprint7vag_b32Etttt] -> 0xffff95869d28
cceprint: [_ZN8cceprint7vag_b16Et] -> 0xffff95869e60
cceprint: [_ZN8cceprint7vag_b16Ett] -> 0xffff95869ee4
cceprint: [_ZN8cceprint7vag_b16Ettt] -> 0xffff95869fa4
cceprint: [_ZN8cceprint7vag_b16Etttt] -> 0xffff9586a0a0
cceprint: [_ZN8cceprint4trapEv] -> 0xffff9586a1d8
cceprint: [_ZN8cceprint7mem_barE7Literal] -> 0xffff9586a238
cceprint: [_ZN8cceprint4vaddERA64_iPiS2_h7Literal] -> 0xffff9586a2c8
cceprint: [_ZN8cceprint4vaddERA64_jPjS2_h7Literal] -> 0xffff9586a454
cceprint: [_ZN8cceprint4vaddERA128_sPsS2_h7Literal] -> 0xffff9586a5e0
cceprint: [_ZN8cceprint4vaddERA128_tPtS2_h7Literal] -> 0xffff9586a76c
cceprint: [_ZN8cceprint4vaddERA256_aPaS2_h7Literal] -> 0xffff9586a8f8
cceprint: [_ZN8cceprint4vaddERA256_hPhS2_h7Literal] -> 0xffff9586aa84
cceprint: [_ZN8cceprint4vaddERA64_fPfS2_h7Literal] -> 0xffff9586ac10
cceprint: [_ZN8cceprint4vaddERA128_N7float165Fp16TEPS1_S4_h7Literal] -> 0xffff9586ad9c
cceprint: [_ZN8cceprint4vabsERA64_fPfh7Literal] -> 0xffff9586af28
cceprint: [_ZN8cceprint4vabsERA128_N7float165Fp16TEPS1_h7Literal] -> 0xffff9586b078
cceprint: [_ZN8cceprint4vabsERA256_aPah7Literal] -> 0xffff9586b1c8
cceprint: [_ZN8cceprint4vabsERA128_sPsh7Literal] -> 0xffff9586b318
cceprint: [_ZN8cceprint4vabsERA64_iPih7Literal] -> 0xffff9586b468
cceprint: [_ZN8cceprint4vrecERA64_fPfh7Literal] -> 0xffff9586b5b8
cceprint: [_ZN8cceprint4vrecERA128_N7float165Fp16TEPS1_h7Literal] -> 0xffff9586b708
cceprint: [_ZN8cceprint6vrsqrtERA64_fPfh7Literal] -> 0xffff9586b858
cceprint: [_ZN8cceprint6vrsqrtERA128_N7float165Fp16TEPS1_h7Literal] -> 0xffff9586b9a8
cceprint: [_ZN8cceprint5vreluERA64_fPfh7Literal] -> 0xffff9586baf8
cceprint: [_ZN8cceprint5vreluERA128_N7float165Fp16TEPS1_h7Literal] -> 0xffff9586bc48
cceprint: [_ZN8cceprint5vreluERA64_iPih7Literal] -> 0xffff9586bd98
cceprint: [_ZN8cceprint5vsqrtERA64_fPfh7Literal] -> 0xffff9586bee8
cceprint: [_ZN8cceprint5vsqrtERA128_N7float165Fp16TEPS1_h7Literal] -> 0xffff9586c038
cceprint: [_ZN8cceprint3vlnERA64_fPfh7Literal] -> 0xffff9586c188
cceprint: [_ZN8cceprint3vlnERA128_N7float165Fp16TEPS1_h7Literal] -> 0xffff9586c2d8
cceprint: [_ZN8cceprint4vexpERA64_fPfh7Literal] -> 0xffff9586c428
cceprint: [_ZN8cceprint4vexpERA128_N7float165Fp16TEPS1_h7Literal] -> 0xffff9586c578
cceprint: [_ZN8cceprint4vnotERA256_hPhh7Literal] -> 0xffff9586c6c8
cceprint: [_ZN8cceprint4vnotERA256_aPah7Literal] -> 0xffff9586c818
cceprint: [_ZN8cceprint4vnotERA128_tPth7Literal] -> 0xffff9586c968
cceprint: [_ZN8cceprint4vnotERA128_sPsh7Literal] -> 0xffff9586cab8
cceprint: [_ZN8cceprint4vnotERA128_N7float165Fp16TEPS1_h7Literal] -> 0xffff9586cc08
cceprint: [_ZN8cceprint4vnotERA64_iPih7Literal] -> 0xffff9586cd58
cceprint: [_ZN8cceprint4vnotERA64_jPjh7Literal] -> 0xffff9586cea8
cceprint: [_ZN8cceprint4vnotERA64_fPfh7Literal] -> 0xffff9586cff8
cceprint: [_ZN8cceprint4pldsERhPji7Literal] -> 0xffff9586d148
cceprint: [_ZN8cceprint4pldsERhRPji7LiteralS3_] -> 0xffff9586d29c
cceprint: [_ZN8cceprint8movp_b16Ev] -> 0xffff9586d448
cceprint: [_ZN8cceprint8movp_b32Ev] -> 0xffff9586d4a8
cceprint: [_ZN8cceprint4pstsEhPji7Literal] -> 0xffff9586d508
cceprint: [_ZN8cceprint5ppackERhh7Literal] -> 0xffff9586d658
cceprint: [_ZN8cceprint7punpackERhh7Literal] -> 0xffff9586d77c
cceprint: [_ZN8cceprint6vintlvERA256_hS1_PhS2_] -> 0xffff9586d8a0
cceprint: [_ZN8cceprint6vintlvERA256_aS1_PaS2_] -> 0xffff9586d9d8
cceprint: [_ZN8cceprint6vintlvERA128_N7float165Fp16TES3_PS1_S4_] -> 0xffff9586db10
cceprint: [_ZN8cceprint6vintlvERA128_sS1_PsS2_] -> 0xffff9586dc48
cceprint: [_ZN8cceprint6vintlvERA128_tS1_PtS2_] -> 0xffff9586dd80
cceprint: [_ZN8cceprint6vintlvERA64_fS1_PfS2_] -> 0xffff9586deb8
cceprint: [_ZN8cceprint6vintlvERA64_iS1_PiS2_] -> 0xffff9586dff0
cceprint: [_ZN8cceprint6vintlvERA64_jS1_PjS2_] -> 0xffff9586e128
cceprint: [_ZN8cceprint7vdintlvERA256_hS1_PhS2_] -> 0xffff9586e260
cceprint: [_ZN8cceprint7vdintlvERA256_aS1_PaS2_] -> 0xffff9586e398
cceprint: [_ZN8cceprint7vdintlvERA128_N7float165Fp16TES3_PS1_S4_] -> 0xffff9586e4d0
cceprint: [_ZN8cceprint7vdintlvERA128_sS1_PsS2_] -> 0xffff9586e608
cceprint: [_ZN8cceprint7vdintlvERA128_tS1_PtS2_] -> 0xffff9586e740
cceprint: [_ZN8cceprint7vdintlvERA64_fS1_PfS2_] -> 0xffff9586e878
cceprint: [_ZN8cceprint7vdintlvERA64_iS1_PiS2_] -> 0xffff9586e9b0
cceprint: [_ZN8cceprint7vdintlvERA64_jS1_PjS2_] -> 0xffff9586eae8
cceprint: [_ZN8cceprint9pintlv_b8ERhS0_hh] -> 0xffff9586ec20
cceprint: [_ZN8cceprint10pintlv_b16ERhS0_hh] -> 0xffff9586ed90
cceprint: [_ZN8cceprint10pintlv_b32ERhS0_hh] -> 0xffff9586ef00
cceprint: [_ZN8cceprint10pdintlv_b8ERhS0_hh] -> 0xffff9586f070
cceprint: [_ZN8cceprint11pdintlv_b16ERhS0_hh] -> 0xffff9586f1e0
cceprint: [_ZN8cceprint11pdintlv_b32ERhS0_hh] -> 0xffff9586f350
cceprint: [_ZN8cceprint5vsstbEPaS0_ih] -> 0xffff9586f4c0
cceprint: [_ZN8cceprint5vsstbEPhS0_ih] -> 0xffff9586f604
cceprint: [_ZN8cceprint5vsstbEPsS0_ih] -> 0xffff9586f748
cceprint: [_ZN8cceprint5vsstbEPtS0_ih] -> 0xffff9586f88c
cceprint: [_ZN8cceprint5vsstbEPiS0_ih] -> 0xffff9586f9d0
cceprint: [_ZN8cceprint5vsstbEPjS0_ih] -> 0xffff9586fb14
cceprint: [_ZN8cceprint5vsstbEPN8bfloat165Bf16TES2_ih] -> 0xffff9586fc58
cceprint: [_ZN8cceprint5vsstbEPN7float165Fp16TES2_ih] -> 0xffff9586fd9c
cceprint: [_ZN8cceprint5vsstbEPfS0_ih] -> 0xffff9586fee0
cceprint: [_ZN8cceprint5vsstbEPaRS0_ih7Literal] -> 0xffff95870024
cceprint: [_ZN8cceprint5vsstbEPhRS0_ih7Literal] -> 0xffff958701c0
cceprint: [_ZN8cceprint5vsstbEPsRS0_ih7Literal] -> 0xffff9587035c
cceprint: [_ZN8cceprint5vsstbEPtRS0_ih7Literal] -> 0xffff958704f8
cceprint: [_ZN8cceprint5vsstbEPiRS0_ih7Literal] -> 0xffff95870694
cceprint: [_ZN8cceprint5vsstbEPjRS0_ih7Literal] -> 0xffff95870830
cceprint: [_ZN8cceprint5vsstbEPN8bfloat165Bf16TERS2_ih7Literal] -> 0xffff958709cc
cceprint: [_ZN8cceprint5vsstbEPN7float165Fp16TERS2_ih7Literal] -> 0xffff95870b68
cceprint: [_ZN8cceprint5vsstbEPfRS0_ih7Literal] -> 0xffff95870d04
cceprint: [_ZN8cceprint5vsldbERA256_aPaih] -> 0xffff95870ea0
cceprint: [_ZN8cceprint5vsldbERA256_hPhih] -> 0xffff95870fe4
cceprint: [_ZN8cceprint5vsldbERA128_sPsih] -> 0xffff95871128
cceprint: [_ZN8cceprint5vsldbERA128_tPtih] -> 0xffff9587126c
cceprint: [_ZN8cceprint5vsldbERA64_iPiih] -> 0xffff958713b0
cceprint: [_ZN8cceprint5vsldbERA64_jPjih] -> 0xffff958714f4
cceprint: [_ZN8cceprint5vsldbERA32_lPlih] -> 0xffff95871638
cceprint: [_ZN8cceprint5vsldbERA128_N8bfloat165Bf16TEPS1_ih] -> 0xffff9587177c
cceprint: [_ZN8cceprint5vsldbERA128_N7float165Fp16TEPS1_ih] -> 0xffff958718c0
cceprint: [_ZN8cceprint5vsldbERA64_fPfih] -> 0xffff95871a04
cceprint: [_ZN8cceprint5vsldbERA256_aRPaih7Literal] -> 0xffff95871b48
cceprint: [_ZN8cceprint5vsldbERA256_hRPhih7Literal] -> 0xffff95871ce4
cceprint: [_ZN8cceprint5vsldbERA128_sRPsih7Literal] -> 0xffff95871e80
cceprint: [_ZN8cceprint5vsldbERA128_tRPtih7Literal] -> 0xffff9587201c
cceprint: [_ZN8cceprint5vsldbERA64_iRPiih7Literal] -> 0xffff958721b8
cceprint: [_ZN8cceprint5vsldbERA64_jRPjih7Literal] -> 0xffff95872354
cceprint: [_ZN8cceprint5vsldbERA32_lRPlih7Literal] -> 0xffff958724f0
cceprint: [_ZN8cceprint5vsldbERA128_N8bfloat165Bf16TERPS1_ih7Literal] -> 0xffff9587268c
cceprint: [_ZN8cceprint5vsldbERA128_N7float165Fp16TERPS1_ih7Literal] -> 0xffff95872828
cceprint: [_ZN8cceprint5vsldbERA64_fRPfih7Literal] -> 0xffff958729c4
cceprint: [_ZN8cceprint3vstEPaS0_i7Literalh] -> 0xffff95872b60
cceprint: [_ZN8cceprint3vstEPhS0_i7Literalh] -> 0xffff95872cec
cceprint: [_ZN8cceprint3vstEPsS0_i7Literalh] -> 0xffff95872e78
cceprint: [_ZN8cceprint3vstEPtS0_i7Literalh] -> 0xffff95873004
cceprint: [_ZN8cceprint3vstEPiS0_i7Literalh] -> 0xffff95873190
cceprint: [_ZN8cceprint3vstEPjS0_i7Literalh] -> 0xffff9587331c
cceprint: [_ZN8cceprint3vstEPmS0_i7Literalh] -> 0xffff958734a8
cceprint: [_ZN8cceprint3vstEPlS0_i7Literalh] -> 0xffff95873634
cceprint: [_ZN8cceprint3vstEPN8bfloat165Bf16TES2_i7Literalh] -> 0xffff958737c0
cceprint: [_ZN8cceprint3vstEPN7float165Fp16TES2_i7Literalh] -> 0xffff9587394c
cceprint: [_ZN8cceprint3vstEPfS0_i7Literalh] -> 0xffff95873ad8
cceprint: [_ZN8cceprint3vstEPaS0_S0_i7Literalh] -> 0xffff95873c64
cceprint: [_ZN8cceprint3vstEPhS0_S0_i7Literalh] -> 0xffff95873e2c
cceprint: [_ZN8cceprint3vstEPsS0_S0_i7Literalh] -> 0xffff95873ff4
cceprint: [_ZN8cceprint3vstEPtS0_S0_i7Literalh] -> 0xffff958741bc
cceprint: [_ZN8cceprint3vstEPN8bfloat165Bf16TES2_S2_i7Literalh] -> 0xffff95874384
cceprint: [_ZN8cceprint3vstEPN7float165Fp16TES2_S2_i7Literalh] -> 0xffff9587454c
cceprint: [_ZN8cceprint4vstsEPaS0_i7Literalh] -> 0xffff95874714
cceprint: [_ZN8cceprint4vstsEPhS0_i7Literalh] -> 0xffff958748a0
cceprint: [_ZN8cceprint4vstsEPsS0_i7Literalh] -> 0xffff95874a2c
cceprint: [_ZN8cceprint4vstsEPtS0_i7Literalh] -> 0xffff95874bb8
cceprint: [_ZN8cceprint4vstsEPiS0_i7Literalh] -> 0xffff95874d44
cceprint: [_ZN8cceprint4vstsEPjS0_i7Literalh] -> 0xffff95874ed0
cceprint: [_ZN8cceprint4vstsEPmS0_i7Literalh] -> 0xffff9587505c
cceprint: [_ZN8cceprint4vstsEPlS0_i7Literalh] -> 0xffff958751e8
cceprint: [_ZN8cceprint4vstsEPN8bfloat165Bf16TES2_i7Literalh] -> 0xffff95875374
cceprint: [_ZN8cceprint4vstsEPN7float165Fp16TES2_i7Literalh] -> 0xffff95875500
cceprint: [_ZN8cceprint4vstsEPfS0_i7Literalh] -> 0xffff9587568c
cceprint: [_ZN8cceprint5vstuiERA32_ajPN7float165Fp16TERS4_] -> 0xffff95875818
cceprint: [_ZN8cceprint5vstuiERA32_ajPN7float165Fp16TERS4_7Literal] -> 0xffff95875960
cceprint: [_ZN8cceprint5vstuiERA32_ajPfRS2_] -> 0xffff95875af0
cceprint: [_ZN8cceprint5vstuiERA32_ajPfRS2_7Literal] -> 0xffff95875c38
cceprint: [_ZN8cceprint5vstusERA32_ajPN7float165Fp16TERS4_] -> 0xffff95875dc8
cceprint: [_ZN8cceprint5vstusERA32_ajPN7float165Fp16TERS4_7Literal] -> 0xffff95875f10
cceprint: [_ZN8cceprint5vstusERA32_ajPfRS2_] -> 0xffff958760a0
cceprint: [_ZN8cceprint5vstusERA32_ajPfRS2_7Literal] -> 0xffff958761e8
cceprint: [_ZN8cceprint5vstaiEPaPN7float165Fp16TEi] -> 0xffff95876378
cceprint: [_ZN8cceprint5vstaiEPaRPN7float165Fp16TEi7Literal] -> 0xffff95876474
cceprint: [_ZN8cceprint5vstaiEPaPfi] -> 0xffff958765c8
cceprint: [_ZN8cceprint5vstaiEPaRPfi7Literal] -> 0xffff958766c4
cceprint: [_ZN8cceprint5vstasEPaPN7float165Fp16TEi] -> 0xffff95876818
cceprint: [_ZN8cceprint5vstasEPaRPN7float165Fp16TEi7Literal] -> 0xffff95876914
cceprint: [_ZN8cceprint5vstasEPaPfi] -> 0xffff95876a68
cceprint: [_ZN8cceprint5vstasEPaRPfi7Literal] -> 0xffff95876b64
cceprint: [_ZN8cceprint3vorERA256_hPhS2_h7Literal] -> 0xffff95876cb8
cceprint: [_ZN8cceprint3vorERA256_aPaS2_h7Literal] -> 0xffff95876e44
cceprint: [_ZN8cceprint3vorERA128_tPtS2_h7Literal] -> 0xffff95876fd0
cceprint: [_ZN8cceprint3vorERA128_sPsS2_h7Literal] -> 0xffff9587715c
cceprint: [_ZN8cceprint3vorERA64_iPiS2_h7Literal] -> 0xffff958772e8
cceprint: [_ZN8cceprint3vorERA64_jPjS2_h7Literal] -> 0xffff95877474
cceprint: [_ZN8cceprint3vorERA64_fPfS2_h7Literal] -> 0xffff95877600
cceprint: [_ZN8cceprint3vorERA128_N7float165Fp16TEPS1_S4_h7Literal] -> 0xffff9587778c
cceprint: [_ZN8cceprint4vandERA256_hPhS2_h7Literal] -> 0xffff95877918
cceprint: [_ZN8cceprint4vandERA256_aPaS2_h7Literal] -> 0xffff95877aa4
cceprint: [_ZN8cceprint4vandERA128_tPtS2_h7Literal] -> 0xffff95877c30
cceprint: [_ZN8cceprint4vandERA128_sPsS2_h7Literal] -> 0xffff95877dbc
cceprint: [_ZN8cceprint4vandERA64_iPiS2_h7Literal] -> 0xffff95877f48
cceprint: [_ZN8cceprint4vandERA64_jPjS2_h7Literal] -> 0xffff958780d4
cceprint: [_ZN8cceprint4vandERA64_fPfS2_h7Literal] -> 0xffff95878260
cceprint: [_ZN8cceprint4vandERA128_N7float165Fp16TEPS1_S4_h7Literal] -> 0xffff958783ec
cceprint: [_ZN8cceprint4vmaxERA256_hPhS2_h7Literal] -> 0xffff95878578
cceprint: [_ZN8cceprint4vmaxERA256_aPaS2_h7Literal] -> 0xffff95878704
cceprint: [_ZN8cceprint4vmaxERA128_tPtS2_h7Literal] -> 0xffff95878890
cceprint: [_ZN8cceprint4vmaxERA128_sPsS2_h7Literal] -> 0xffff95878a1c
cceprint: [_ZN8cceprint4vmaxERA64_iPiS2_h7Literal] -> 0xffff95878ba8
cceprint: [_ZN8cceprint4vmaxERA64_jPjS2_h7Literal] -> 0xffff95878d34
cceprint: [_ZN8cceprint4vmaxERA64_fPfS2_h7Literal] -> 0xffff95878ec0
cceprint: [_ZN8cceprint4vmaxERA128_N7float165Fp16TEPS1_S4_h7Literal] -> 0xffff9587904c
cceprint: [_ZN8cceprint4vminERA256_hPhS2_h7Literal] -> 0xffff958791d8
cceprint: [_ZN8cceprint4vminERA256_aPaS2_h7Literal] -> 0xffff95879364
cceprint: [_ZN8cceprint4vminERA128_tPtS2_h7Literal] -> 0xffff958794f0
cceprint: [_ZN8cceprint4vminERA128_sPsS2_h7Literal] -> 0xffff9587967c
cceprint: [_ZN8cceprint4vminERA64_iPiS2_h7Literal] -> 0xffff95879808
cceprint: [_ZN8cceprint4vminERA64_jPjS2_h7Literal] -> 0xffff95879994
cceprint: [_ZN8cceprint4vminERA64_fPfS2_h7Literal] -> 0xffff95879b20
cceprint: [_ZN8cceprint4vminERA128_N7float165Fp16TEPS1_S4_h7Literal] -> 0xffff95879cac
cceprint: [_ZN8cceprint4vsubERA256_hPhS2_h7Literal] -> 0xffff95879e38
cceprint: [_ZN8cceprint4vsubERA256_aPaS2_h7Literal] -> 0xffff95879fc4
cceprint: [_ZN8cceprint4vsubERA128_tPtS2_h7Literal] -> 0xffff9587a150
cceprint: [_ZN8cceprint4vsubERA128_sPsS2_h7Literal] -> 0xffff9587a2dc
cceprint: [_ZN8cceprint4vsubERA64_iPiS2_h7Literal] -> 0xffff9587a468
cceprint: [_ZN8cceprint4vsubERA64_jPjS2_h7Literal] -> 0xffff9587a5f4
cceprint: [_ZN8cceprint4vsubERA64_fPfS2_h7Literal] -> 0xffff9587a780
cceprint: [_ZN8cceprint4vsubERA128_N7float165Fp16TEPS1_S4_h7Literal] -> 0xffff9587a90c
cceprint: [_ZN8cceprint4vmulERA256_hPhS2_h7Literal] -> 0xffff9587aa98
cceprint: [_ZN8cceprint4vmulERA256_aPaS2_h7Literal] -> 0xffff9587ac24
cceprint: [_ZN8cceprint4vmulERA128_tPtS2_h7Literal] -> 0xffff9587adb0
cceprint: [_ZN8cceprint4vmulERA128_sPsS2_h7Literal] -> 0xffff9587af3c
cceprint: [_ZN8cceprint4vmulERA64_iPiS2_h7Literal] -> 0xffff9587b0c8
cceprint: [_ZN8cceprint4vmulERA64_jPjS2_h7Literal] -> 0xffff9587b254
cceprint: [_ZN8cceprint4vmulERA64_fPfS2_h7Literal] -> 0xffff9587b3e0
cceprint: [_ZN8cceprint4vmulERA128_N7float165Fp16TEPS1_S4_h7Literal] -> 0xffff9587b56c
cceprint: [_ZN8cceprint4vdivERA256_hPhS2_h7Literal] -> 0xffff9587b6f8
cceprint: [_ZN8cceprint4vdivERA256_aPaS2_h7Literal] -> 0xffff9587b884
cceprint: [_ZN8cceprint4vdivERA128_tPtS2_h7Literal] -> 0xffff9587ba10
cceprint: [_ZN8cceprint4vdivERA128_sPsS2_h7Literal] -> 0xffff9587bb9c
cceprint: [_ZN8cceprint4vdivERA64_iPiS2_h7Literal] -> 0xffff9587bd28
cceprint: [_ZN8cceprint4vdivERA64_jPjS2_h7Literal] -> 0xffff9587beb4
cceprint: [_ZN8cceprint4vdivERA64_fPfS2_h7Literal] -> 0xffff9587c040
cceprint: [_ZN8cceprint4vdivERA128_N7float165Fp16TEPS1_S4_h7Literal] -> 0xffff9587c1cc
cceprint: [_ZN8cceprint7vcmp_eqERhPN7float165Fp16TES3_h] -> 0xffff9587c358
cceprint: [_ZN8cceprint7vcmp_neERhPN7float165Fp16TES3_h] -> 0xffff9587c4ac
cceprint: [_ZN8cceprint7vcmp_gtERhPN7float165Fp16TES3_h] -> 0xffff9587c600
cceprint: [_ZN8cceprint7vcmp_geERhPN7float165Fp16TES3_h] -> 0xffff9587c754
cceprint: [_ZN8cceprint7vcmp_ltERhPN7float165Fp16TES3_h] -> 0xffff9587c8a8
cceprint: [_ZN8cceprint7vcmp_leERhPN7float165Fp16TES3_h] -> 0xffff9587c9fc
cceprint: [_ZN8cceprint7vcmp_eqERhPfS1_h] -> 0xffff9587cb50
cceprint: [_ZN8cceprint7vcmp_neERhPfS1_h] -> 0xffff9587cca4
cceprint: [_ZN8cceprint7vcmp_gtERhPfS1_h] -> 0xffff9587cdf8
cceprint: [_ZN8cceprint7vcmp_geERhPfS1_h] -> 0xffff9587cf4c
cceprint: [_ZN8cceprint7vcmp_ltERhPfS1_h] -> 0xffff9587d0a0
cceprint: [_ZN8cceprint7vcmp_leERhPfS1_h] -> 0xffff9587d1f4
cceprint: [_ZN8cceprint4vselERA128_N7float165Fp16TEPS1_S4_h] -> 0xffff9587d348
cceprint: [_ZN8cceprint4vselERA64_fPfS2_h] -> 0xffff9587d48c
cceprint: [_ZN8cceprint3vbrERA128_N7float165Fp16TES1_] -> 0xffff9587d5d0
cceprint: [_ZN8cceprint3vbrERA128_tt] -> 0xffff9587d6a4
cceprint: [_ZN8cceprint3vbrERA128_ss] -> 0xffff9587d764
cceprint: [_ZN8cceprint3vbrERA64_ff] -> 0xffff9587d824
cceprint: [_ZN8cceprint3vbrERA64_jj] -> 0xffff9587d8e4
cceprint: [_ZN8cceprint3vbrERA64_ii] -> 0xffff9587d9a4
cceprint: [_ZN8cceprint6sprclrE7Literal] -> 0xffff9587da64
cceprint: [_ZN8cceprint4pmovERhhh] -> 0xffff9587daf4
cceprint: [_ZN8cceprint4vsqzERA128_N7float165Fp16TEPS1_h7Literal] -> 0xffff9587dc18
cceprint: [_ZN8cceprint4vsqzERA128_tPth7Literal] -> 0xffff9587dd68
cceprint: [_ZN8cceprint4vsqzERA128_sPsh7Literal] -> 0xffff9587deb8
cceprint: [_ZN8cceprint4vsqzERA64_fPfh7Literal] -> 0xffff9587e008
cceprint: [_ZN8cceprint4vsqzERA64_jPjh7Literal] -> 0xffff9587e158
cceprint: [_ZN8cceprint4vsqzERA64_iPih7Literal] -> 0xffff9587e2a8
cceprint: [_ZN8cceprint5vsturERA32_aPN7float165Fp16TES4_7Literal] -> 0xffff9587e3f8
cceprint: [_ZN8cceprint5vsturERA32_aPtS2_7Literal] -> 0xffff9587e53c
cceprint: [_ZN8cceprint5vsturERA32_aPsS2_7Literal] -> 0xffff9587e680
cceprint: [_ZN8cceprint5vsturERA32_aPfS2_7Literal] -> 0xffff9587e7c4
cceprint: [_ZN8cceprint5vsturERA32_aPjS2_7Literal] -> 0xffff9587e908
cceprint: [_ZN8cceprint5vsturERA32_aPiS2_7Literal] -> 0xffff9587ea4c
cceprint: [_ZN8cceprint5vstarEPaPN7float165Fp16TE] -> 0xffff9587eb90
cceprint: [_ZN8cceprint5vstarEPaPs] -> 0xffff9587ec50
cceprint: [_ZN8cceprint5vstarEPaPt] -> 0xffff9587ed10
cceprint: [_ZN8cceprint5vstarEPaPf] -> 0xffff9587edd0
cceprint: [_ZN8cceprint5vstarEPaPi] -> 0xffff9587ee90
cceprint: [_ZN8cceprint5vstarEPaPj] -> 0xffff9587ef50
cceprint: [_ZN8cceprint6pge_b8E7Literal] -> 0xffff9587f010
cceprint: [_ZN8cceprint7pge_b16E7Literal] -> 0xffff9587f0a0
cceprint: [_ZN8cceprint7pge_b32E7Literal] -> 0xffff9587f130
cceprint: [_ZN8cceprint7pset_b8E7Literal] -> 0xffff9587f1c0
cceprint: [_ZN8cceprint8pset_b16E7Literal] -> 0xffff9587f250
cceprint: [_ZN8cceprint8pset_b32E7Literal] -> 0xffff9587f2e0
cceprint: [_ZN8cceprint5vldasERA32_aPh] -> 0xffff9587f370
cceprint: [_ZN8cceprint5vldasERA32_aPN7float165Fp16TE] -> 0xffff9587f430
cceprint: [_ZN8cceprint5vldasERA32_aPt] -> 0xffff9587f4f0
cceprint: [_ZN8cceprint5vldasERA32_aPs] -> 0xffff9587f5b0
cceprint: [_ZN8cceprint5vldasERA32_aPf] -> 0xffff9587f670
cceprint: [_ZN8cceprint5vldasERA32_aPj] -> 0xffff9587f730
cceprint: [_ZN8cceprint5vldasERA32_aPi] -> 0xffff9587f7f0
cceprint: [_ZN8cceprint5vldusERA256_hRA32_aRPhj7Literal] -> 0xffff9587f8b0
cceprint: [_ZN8cceprint5vldusERA128_N7float165Fp16TERA32_aRPS1_j7Literal] -> 0xffff9587fa40
cceprint: [_ZN8cceprint5vldusERA128_tRA32_aRPtj7Literal] -> 0xffff9587fbd0
cceprint: [_ZN8cceprint5vldusERA128_sRA32_aRPsj7Literal] -> 0xffff9587fd60
cceprint: [_ZN8cceprint5vldusERA64_fRA32_aRPfj7Literal] -> 0xffff9587fef0
cceprint: [_ZN8cceprint5vldusERA64_jRA32_aRPjj7Literal] -> 0xffff95880080
cceprint: [_ZN8cceprint5vldusERA64_iRA32_aRPij7Literal] -> 0xffff95880210
cceprint: [_ZN8cceprint4vdupERA256_hhh7Literal] -> 0xffff958803a0
cceprint: [_ZN8cceprint4vdupERA256_aah7Literal] -> 0xffff958804fc
cceprint: [_ZN8cceprint4vdupERA128_tth7Literal] -> 0xffff95880658
cceprint: [_ZN8cceprint4vdupERA128_ssh7Literal] -> 0xffff958807a8
cceprint: [_ZN8cceprint4vdupERA64_iih7Literal] -> 0xffff958808f8
cceprint: [_ZN8cceprint4vdupERA64_jjh7Literal] -> 0xffff95880a48
cceprint: [_ZN8cceprint4vdupERA64_ffh7Literal] -> 0xffff95880b98
cceprint: [_ZN8cceprint4vdupERA128_N7float165Fp16TES1_h7Literal] -> 0xffff95880ce8
cceprint: [_ZN8cceprint3vldERA256_aPai7Literal] -> 0xffff95880e4c
cceprint: [_ZN8cceprint3vldERA256_hPhi7Literal] -> 0xffff95880f90
cceprint: [_ZN8cceprint3vldERA128_sPsi7Literal] -> 0xffff958810d4
cceprint: [_ZN8cceprint3vldERA128_tPti7Literal] -> 0xffff95881218
cceprint: [_ZN8cceprint3vldERA64_iPii7Literal] -> 0xffff9588135c
cceprint: [_ZN8cceprint3vldERA64_jPji7Literal] -> 0xffff958814a0
cceprint: [_ZN8cceprint3vldERA32_lPli7Literal] -> 0xffff958815e4
cceprint: [_ZN8cceprint3vldERA32_mPmi7Literal] -> 0xffff95881728
cceprint: [_ZN8cceprint3vldERA128_N8bfloat165Bf16TEPS1_i7Literal] -> 0xffff9588186c
cceprint: [_ZN8cceprint3vldERA128_N7float165Fp16TEPS1_i7Literal] -> 0xffff958819b0
cceprint: [_ZN8cceprint3vldERA64_fPfi7Literal] -> 0xffff95881af4
cceprint: [_ZN8cceprint3vldERA256_aPa7Literal] -> 0xffff95881c38
cceprint: [_ZN8cceprint3vldERA256_hPh7Literal] -> 0xffff95881d40
cceprint: [_ZN8cceprint3vldERA128_sPs7Literal] -> 0xffff95881e48
cceprint: [_ZN8cceprint3vldERA128_tPt7Literal] -> 0xffff95881f50
cceprint: [_ZN8cceprint3vldERA64_iPi7Literal] -> 0xffff95882058
cceprint: [_ZN8cceprint3vldERA64_jPj7Literal] -> 0xffff95882160
cceprint: [_ZN8cceprint3vldERA32_lPl7Literal] -> 0xffff95882268
cceprint: [_ZN8cceprint3vldERA32_mPm7Literal] -> 0xffff95882370
cceprint: [_ZN8cceprint3vldERA128_N8bfloat165Bf16TEPS1_7Literal] -> 0xffff95882478
cceprint: [_ZN8cceprint3vldERA128_N7float165Fp16TEPS1_7Literal] -> 0xffff95882580
cceprint: [_ZN8cceprint3vldERA64_fPf7Literal] -> 0xffff95882688
cceprint: [_ZN8cceprint3vldERA256_aS1_Pai7Literal] -> 0xffff95882790
cceprint: [_ZN8cceprint3vldERA256_hS1_Phi7Literal] -> 0xffff95882910
cceprint: [_ZN8cceprint3vldERA128_sS1_Psi7Literal] -> 0xffff95882a90
cceprint: [_ZN8cceprint3vldERA128_tS1_Pti7Literal] -> 0xffff95882c10
cceprint: [_ZN8cceprint3vldERA64_iS1_Pii7Literal] -> 0xffff95882d90
cceprint: [_ZN8cceprint3vldERA64_jS1_Pji7Literal] -> 0xffff95882f10
cceprint: [_ZN8cceprint3vldERA32_mS1_Pmi7Literal] -> 0xffff95883090
cceprint: [_ZN8cceprint3vldERA32_lS1_Pli7Literal] -> 0xffff95883210
cceprint: [_ZN8cceprint3vldERA128_N8bfloat165Bf16TES3_PS1_i7Literal] -> 0xffff95883390
cceprint: [_ZN8cceprint3vldERA128_N7float165Fp16TES3_PS1_i7Literal] -> 0xffff95883510
cceprint: [_ZN8cceprint3vldERA64_fS1_Pfi7Literal] -> 0xffff95883690
cceprint: [_ZN8cceprint3vldERA256_aS1_Pa7Literal] -> 0xffff95883810
cceprint: [_ZN8cceprint3vldERA256_hS1_Ph7Literal] -> 0xffff95883954
cceprint: [_ZN8cceprint3vldERA128_sS1_Ps7Literal] -> 0xffff95883a98
cceprint: [_ZN8cceprint3vldERA128_tS1_Pt7Literal] -> 0xffff95883bdc
cceprint: [_ZN8cceprint3vldERA64_iS1_Pi7Literal] -> 0xffff95883d20
cceprint: [_ZN8cceprint3vldERA64_jS1_Pj7Literal] -> 0xffff95883e64
cceprint: [_ZN8cceprint3vldERA32_mS1_Pm7Literal] -> 0xffff95883fa8
cceprint: [_ZN8cceprint3vldERA32_lS1_Pl7Literal] -> 0xffff958840ec
cceprint: [_ZN8cceprint3vldERA128_N8bfloat165Bf16TES3_PS1_7Literal] -> 0xffff95884230
cceprint: [_ZN8cceprint3vldERA128_N7float165Fp16TES3_PS1_7Literal] -> 0xffff95884374
cceprint: [_ZN8cceprint3vldERA64_fS1_Pf7Literal] -> 0xffff958844b8
cceprint: [_ZN8cceprint4vldsERA256_aPai7Literal] -> 0xffff958845fc
cceprint: [_ZN8cceprint4vldsERA256_hPhi7Literal] -> 0xffff95884740
cceprint: [_ZN8cceprint4vldsERA128_sPsi7Literal] -> 0xffff95884884
cceprint: [_ZN8cceprint4vldsERA128_tPti7Literal] -> 0xffff958849c8
cceprint: [_ZN8cceprint4vldsERA64_iPii7Literal] -> 0xffff95884b0c
cceprint: [_ZN8cceprint4vldsERA64_jPji7Literal] -> 0xffff95884c50
cceprint: [_ZN8cceprint4vldsERA32_mPmi7Literal] -> 0xffff95884d94
cceprint: [_ZN8cceprint4vldsERA32_lPli7Literal] -> 0xffff95884ed8
cceprint: [_ZN8cceprint4vldsERA128_N8bfloat165Bf16TEPS1_i7Literal] -> 0xffff9588501c
cceprint: [_ZN8cceprint4vldsERA128_N7float165Fp16TEPS1_i7Literal] -> 0xffff95885160
cceprint: [_ZN8cceprint4vldsERA64_fPfi7Literal] -> 0xffff958852a4
cceprint: [_ZN8cceprint5vaddsERA64_iPiih7Literal] -> 0xffff958853e8
cceprint: [_ZN8cceprint5vaddsERA64_jPjjh7Literal] -> 0xffff95885574
cceprint: [_ZN8cceprint5vaddsERA128_sPssh7Literal] -> 0xffff95885700
cceprint: [_ZN8cceprint5vaddsERA128_tPtth7Literal] -> 0xffff9588588c
cceprint: [_ZN8cceprint5vaddsERA256_aPaah7Literal] -> 0xffff95885a18
cceprint: [_ZN8cceprint5vaddsERA256_hPhhh7Literal] -> 0xffff95885bb0
cceprint: [_ZN8cceprint5vaddsERA64_fPffh7Literal] -> 0xffff95885d48
cceprint: [_ZN8cceprint5vaddsERA128_N7float165Fp16TEPS1_S1_h7Literal] -> 0xffff95885ed4
cceprint: [_ZN8cceprint5vmulsERA64_iPiih7Literal] -> 0xffff95886074
cceprint: [_ZN8cceprint5vmulsERA64_jPjjh7Literal] -> 0xffff95886200
cceprint: [_ZN8cceprint5vmulsERA128_sPssh7Literal] -> 0xffff9588638c
cceprint: [_ZN8cceprint5vmulsERA128_tPtth7Literal] -> 0xffff95886518
cceprint: [_ZN8cceprint5vmulsERA256_aPaah7Literal] -> 0xffff958866a4
cceprint: [_ZN8cceprint5vmulsERA256_hPhhh7Literal] -> 0xffff9588683c
cceprint: [_ZN8cceprint5vmulsERA64_fPffh7Literal] -> 0xffff958869d4
cceprint: [_ZN8cceprint5vmulsERA128_N7float165Fp16TEPS1_S1_h7Literal] -> 0xffff95886b60
cceprint: [_ZN8cceprint5vmaxsERA64_iPiih7Literal] -> 0xffff95886d00
cceprint: [_ZN8cceprint5vmaxsERA64_jPjjh7Literal] -> 0xffff95886e8c
cceprint: [_ZN8cceprint5vmaxsERA128_sPssh7Literal] -> 0xffff95887018
cceprint: [_ZN8cceprint5vmaxsERA128_tPtth7Literal] -> 0xffff958871a4
cceprint: [_ZN8cceprint5vmaxsERA256_aPaah7Literal] -> 0xffff95887330
cceprint: [_ZN8cceprint5vmaxsERA256_hPhhh7Literal] -> 0xffff958874c8
cceprint: [_ZN8cceprint5vmaxsERA64_fPffh7Literal] -> 0xffff95887660
cceprint: [_ZN8cceprint5vmaxsERA128_N7float165Fp16TEPS1_S1_h7Literal] -> 0xffff958877ec
cceprint: [_ZN8cceprint5vminsERA64_iPiih7Literal] -> 0xffff9588798c
cceprint: [_ZN8cceprint5vminsERA64_jPjjh7Literal] -> 0xffff95887b18
cceprint: [_ZN8cceprint5vminsERA128_sPssh7Literal] -> 0xffff95887ca4
cceprint: [_ZN8cceprint5vminsERA128_tPtth7Literal] -> 0xffff95887e30
cceprint: [_ZN8cceprint5vminsERA256_aPaah7Literal] -> 0xffff95887fbc
cceprint: [_ZN8cceprint5vminsERA256_hPhhh7Literal] -> 0xffff95888154
cceprint: [_ZN8cceprint5vminsERA64_fPffh7Literal] -> 0xffff958882ec
cceprint: [_ZN8cceprint5vminsERA128_N7float165Fp16TEPS1_S1_h7Literal] -> 0xffff95888478
cceprint: [_ZN8cceprint5vshlsERA64_iPish7Literal] -> 0xffff95888618
cceprint: [_ZN8cceprint5vshlsERA64_jPjsh7Literal] -> 0xffff958887a4
cceprint: [_ZN8cceprint5vshlsERA128_sPssh7Literal] -> 0xffff95888930
cceprint: [_ZN8cceprint5vshlsERA128_tPtsh7Literal] -> 0xffff95888abc
cceprint: [_ZN8cceprint5vshlsERA256_aPash7Literal] -> 0xffff95888c48
cceprint: [_ZN8cceprint5vshlsERA256_hPhsh7Literal] -> 0xffff95888dd4
cceprint: [_ZN8cceprint5vshrsERA64_iPish7Literal] -> 0xffff95888f60
cceprint: [_ZN8cceprint5vshrsERA64_jPjsh7Literal] -> 0xffff958890ec
cceprint: [_ZN8cceprint5vshrsERA128_sPssh7Literal] -> 0xffff95889278
cceprint: [_ZN8cceprint5vshrsERA128_tPtsh7Literal] -> 0xffff95889404
cceprint: [_ZN8cceprint5vshrsERA256_aPash7Literal] -> 0xffff95889590
cceprint: [_ZN8cceprint5vshrsERA256_hPhsh7Literal] -> 0xffff9588971c
cceprint: [_ZN8cceprint6vlreluERA64_fPffh7Literal] -> 0xffff958898a8
cceprint: [_ZN8cceprint6vlreluERA128_N7float165Fp16TEPS1_S1_h7Literal] -> 0xffff95889a34
cceprint: [_ZN8cceprint10use_pipe_vEv] -> 0xffff95889bd4
cceprint: [_ZN8cceprint11use_pipe_v2Ev] -> 0xffff95889c34
cceprint: [_ZN8cceprint8v4dtransEPtS0_m] -> 0xffff95889c94
cceprint: [_ZN8cceprint8v4dtransEPtS0_ttb] -> 0xffff95889d9c
cceprint: [_ZN8cceprint8v4dtransEPjS0_m] -> 0xffff95889f10
cceprint: [_ZN8cceprint8v4dtransEPjS0_ttb] -> 0xffff9588a018
cceprint: [_ZN8cceprint8v4dtransEPhS0_m] -> 0xffff9588a18c
cceprint: [_ZN8cceprint8v4dtransEPhS0_ttb] -> 0xffff9588a294
cceprint: [_ZN8cceprint5vaaddEPN7float165Fp16TES2_S2_m] -> 0xffff9588a408
cceprint: [_ZN8cceprint5vaaddEPN7float165Fp16TES2_S2_hhhhhhh] -> 0xffff9588a54c
cceprint: [_ZN8cceprint5vaaddEPN7float165Fp16TES2_S2_hhhhhhhbb] -> 0xffff9588a838
cceprint: [_ZN8cceprint5vaaddEPfS0_S0_m] -> 0xffff9588ab94
cceprint: [_ZN8cceprint5vaaddEPfS0_S0_hhhhhhh] -> 0xffff9588acd8
cceprint: [_ZN8cceprint5vaaddEPfS0_S0_hhhhhhhbb] -> 0xffff9588afc4
cceprint: [_ZN8cceprint4vabsEPN7float165Fp16TES2_m] -> 0xffff9588b320
cceprint: [_ZN8cceprint4vabsEPN7float165Fp16TES2_htthh] -> 0xffff9588b428
cceprint: [_ZN8cceprint4vabsEPN7float165Fp16TES2_htthhbb] -> 0xffff9588b638
cceprint: [_ZN8cceprint4vabsEPN7float165Fp16TES2_htttt] -> 0xffff9588b8bc
cceprint: [_ZN8cceprint4vabsEPfS0_m] -> 0xffff9588bab4
cceprint: [_ZN8cceprint4vabsEPfS0_htthh] -> 0xffff9588bbbc
cceprint: [_ZN8cceprint4vabsEPfS0_htthhbb] -> 0xffff9588bdcc
cceprint: [_ZN8cceprint4vabsEPfS0_htttt] -> 0xffff9588c050
cceprint: [_ZN8cceprint4vabsEPsS0_m] -> 0xffff9588c248
cceprint: [_ZN8cceprint4vabsEPsS0_htthh] -> 0xffff9588c350
cceprint: [_ZN8cceprint4vabsEPsS0_htthhbb] -> 0xffff9588c560
cceprint: [_ZN8cceprint4vabsEPsS0_htttt] -> 0xffff9588c7e4
cceprint: [_ZN8cceprint4vaddEPN7float165Fp16TES2_S2_m] -> 0xffff9588c9dc
cceprint: [_ZN8cceprint4vaddEPN7float165Fp16TES2_S2_hhhhhhh] -> 0xffff9588cb20
cceprint: [_ZN8cceprint4vaddEPN7float165Fp16TES2_S2_hhhhhhhbb] -> 0xffff9588ce0c
cceprint: [_ZN8cceprint4vaddEPfS0_S0_hhhhhhh] -> 0xffff9588d168
cceprint: [_ZN8cceprint4vaddEPfS0_S0_hhhhhhhbb] -> 0xffff9588d454
cceprint: [_ZN8cceprint4vaddEPsS0_S0_m] -> 0xffff9588d7b0
cceprint: [_ZN8cceprint4vaddEPsS0_S0_hhhhhhh] -> 0xffff9588d8f4
cceprint: [_ZN8cceprint4vaddEPsS0_S0_hhhhhhhbb] -> 0xffff9588dbe0
cceprint: [_ZN8cceprint4vaddEPiS0_S0_m] -> 0xffff9588df3c
cceprint: [_ZN8cceprint4vaddEPiS0_S0_hhhhhhh] -> 0xffff9588e080
cceprint: [_ZN8cceprint4vaddEPiS0_S0_hhhhhhhbb] -> 0xffff9588e36c
cceprint: [_ZN8cceprint11vadddeqreluEPN7float165Fp16TEPiS3_m] -> 0xffff9588e6c8
cceprint: [_ZN8cceprint11vadddeqreluEPN7float165Fp16TEPiS3_hhhhhhh] -> 0xffff9588e80c
cceprint: [_ZN8cceprint11vadddeqreluEPN7float165Fp16TEPiS3_hhhhhhhbb] -> 0xffff9588eaf8
cceprint: [_ZN8cceprint8vaddreluEPN7float165Fp16TES2_S2_m] -> 0xffff9588ee54
cceprint: [_ZN8cceprint8vaddreluEPN7float165Fp16TES2_S2_hhhhhhhbb] -> 0xffff9588ef98
cceprint: [_ZN8cceprint8vaddreluEPN7float165Fp16TES2_S2_hhhhhhh] -> 0xffff9588f2f4
cceprint: [_ZN8cceprint8vaddreluEPfS0_S0_m] -> 0xffff9588f5e0
cceprint: [_ZN8cceprint8vaddreluEPfS0_S0_hhhhhhhbb] -> 0xffff9588f724
cceprint: [_ZN8cceprint8vaddreluEPfS0_S0_hhhhhhh] -> 0xffff9588fa80
cceprint: [_ZN8cceprint8vaddreluEPsS0_S0_m] -> 0xffff9588fd6c
cceprint: [_ZN8cceprint8vaddreluEPsS0_S0_hhhhhhhbb] -> 0xffff9588feb0
cceprint: [_ZN8cceprint8vaddreluEPsS0_S0_hhhhhhh] -> 0xffff9589020c
cceprint: [_ZN8cceprint19vaddreluconv_f162s8EPaPN7float165Fp16TES3_mb] -> 0xffff958904f8
cceprint: [_ZN8cceprint19vaddreluconv_f162s8EPaPN7float165Fp16TES3_hhhhhhhbbb] -> 0xffff95890678
cceprint: [_ZN8cceprint19vaddreluconv_f162s8EPaPN7float165Fp16TES3_hhhhhhhb] -> 0xffff95890a0c
cceprint: [_ZN8cceprint20vaddreluconv_f322f16EPN7float165Fp16TEPfS3_mb] -> 0xffff95890d30
cceprint: [_ZN8cceprint20vaddreluconv_f322f16EPN7float165Fp16TEPfS3_hhhhhhhbbb] -> 0xffff95890eb0
cceprint: [_ZN8cceprint20vaddreluconv_f322f16EPN7float165Fp16TEPfS3_hhhhhhhb] -> 0xffff95891244
cceprint: [_ZN8cceprint19vaddreluconv_s162s8EPaPsS1_mb] -> 0xffff95891568
cceprint: [_ZN8cceprint19vaddreluconv_s162s8EPaPsS1_hhhhhhhbbb] -> 0xffff958916e8
cceprint: [_ZN8cceprint19vaddreluconv_s162s8EPaPsS1_hhhhhhhb] -> 0xffff95891a7c
cceprint: [_ZN8cceprint23vaddreluconv_vdeqs162b8EPaPsS1_mb] -> 0xffff95891da0
cceprint: [_ZN8cceprint23vaddreluconv_vdeqs162b8EPhPsS1_mb] -> 0xffff95891f20
cceprint: [_ZN8cceprint23vaddreluconv_vdeqs162b8EPhPsS1_hhhhhhhbbb] -> 0xffff958920a0
cceprint: [_ZN8cceprint23vaddreluconv_vdeqs162b8EPhPsS1_hhhhhhhb] -> 0xffff95892434
cceprint: [_ZN8cceprint23vaddreluconv_vdeqs162b8EPaPsS1_hhhhhhhbbb] -> 0xffff95892758
cceprint: [_ZN8cceprint23vaddreluconv_vdeqs162b8EPaPsS1_hhhhhhhb] -> 0xffff95892aec
cceprint: [_ZN8cceprint5vaddsEPN7float165Fp16TES2_S1_m] -> 0xffff95892e10
cceprint: [_ZN8cceprint5vaddsEPN7float165Fp16TES2_S1_htthh] -> 0xffff95892f68
cceprint: [_ZN8cceprint5vaddsEPN7float165Fp16TES2_S1_htthhbb] -> 0xffff958931c8
cceprint: [_ZN8cceprint5vaddsEPN7float165Fp16TES2_S1_htttt] -> 0xffff95893498
cceprint: [_ZN8cceprint5vaddsEPfS0_fm] -> 0xffff958936e0
cceprint: [_ZN8cceprint5vaddsEPfS0_fhtthh] -> 0xffff95893824
cceprint: [_ZN8cceprint5vaddsEPfS0_fhtthhbb] -> 0xffff95893a70
cceprint: [_ZN8cceprint5vaddsEPfS0_fhtttt] -> 0xffff95893d30
cceprint: [_ZN8cceprint5vaddsEPsS0_sm] -> 0xffff95893f64
cceprint: [_ZN8cceprint5vaddsEPsS0_shtthh] -> 0xffff958940a8
cceprint: [_ZN8cceprint5vaddsEPsS0_shtthhbb] -> 0xffff958942f4
cceprint: [_ZN8cceprint5vaddsEPsS0_shtttt] -> 0xffff958945b0
cceprint: [_ZN8cceprint5vaddsEPiS0_im] -> 0xffff958947e4
cceprint: [_ZN8cceprint5vaddsEPiS0_ihtthh] -> 0xffff95894928
cceprint: [_ZN8cceprint5vaddsEPiS0_ihtthhbb] -> 0xffff95894b74
cceprint: [_ZN8cceprint5vaddsEPiS0_ihtttt] -> 0xffff95894e30
cceprint: [_ZN8cceprint4vandEPsS0_S0_m] -> 0xffff95895064
cceprint: [_ZN8cceprint4vandEPsS0_S0_hhhhhhh] -> 0xffff958951a8
cceprint: [_ZN8cceprint4vandEPsS0_S0_hhhhhhhbb] -> 0xffff95895494
cceprint: [_ZN8cceprint4vandEPtS0_S0_m] -> 0xffff958957f0
cceprint: [_ZN8cceprint4vandEPtS0_S0_hhhhhhh] -> 0xffff95895934
cceprint: [_ZN8cceprint4vandEPtS0_S0_hhhhhhhbb] -> 0xffff95895c20
cceprint: [_ZN8cceprint5vaxpyEPN7float165Fp16TES2_S1_m] -> 0xffff95895f7c
cceprint: [_ZN8cceprint5vaxpyEPN7float165Fp16TES2_S1_htthh] -> 0xffff958960d4
cceprint: [_ZN8cceprint5vaxpyEPN7float165Fp16TES2_S1_htthhbb] -> 0xffff95896334
cceprint: [_ZN8cceprint5vaxpyEPN7float165Fp16TES2_S1_htttt] -> 0xffff95896604
cceprint: [_ZN8cceprint5vaxpyEPfS0_fm] -> 0xffff9589684c
cceprint: [_ZN8cceprint5vaxpyEPfS0_fhtthh] -> 0xffff95896990
cceprint: [_ZN8cceprint5vaxpyEPfS0_fhtthhbb] -> 0xffff95896bdc
cceprint: [_ZN8cceprint5vaxpyEPfS0_fhtttt] -> 0xffff95896e9c
cceprint: [_ZN8cceprint5vaxpyEPfPN7float165Fp16TES2_m] -> 0xffff958970d0
cceprint: [_ZN8cceprint5vaxpyEPfPN7float165Fp16TES2_htthh] -> 0xffff95897228
cceprint: [_ZN8cceprint5vaxpyEPfPN7float165Fp16TES2_htthhbb] -> 0xffff95897488
cceprint: [_ZN8cceprint5vaxpyEPfPN7float165Fp16TES2_htttt] -> 0xffff95897758
cceprint: [_ZN8cceprint3vbiEPN7float165Fp16TEPtS2_m] -> 0xffff958979a0
cceprint: [_ZN8cceprint3vbiEPN7float165Fp16TEPtS2_hbtth] -> 0xffff95897ae4
cceprint: [_ZN8cceprint8vbitsortEPN7float165Fp16TES2_m] -> 0xffff95897d24
cceprint: [_ZN8cceprint8vbitsortEPN7float165Fp16TES2_htthh] -> 0xffff95897e2c
cceprint: [_ZN8cceprint8vbitsortEPN7float165Fp16TES2_htthhbb] -> 0xffff9589803c
cceprint: [_ZN8cceprint8vbitsortEPfS0_m] -> 0xffff958982c0
cceprint: [_ZN8cceprint8vbitsortEPfS0_htthh] -> 0xffff958983c8
cceprint: [_ZN8cceprint8vbitsortEPfS0_htthhbb] -> 0xffff958985d8
cceprint: [_ZN8cceprint8vbitsortEPN7float165Fp16TES2_Pjm] -> 0xffff9589885c
cceprint: [_ZN8cceprint8vbitsortEPN7float165Fp16TES2_Pjhhhhhhhbb] -> 0xffff958989a0
cceprint: [_ZN8cceprint8vbitsortEPfS0_Pjm] -> 0xffff95898cfc
cceprint: [_ZN8cceprint8vbitsortEPfS0_Pjhhhhhhhbb] -> 0xffff95898e40
cceprint: [_ZN8cceprint8vbitsortEPN7float165Fp16TES2_Pjhhhhhhh] -> 0xffff9589919c
cceprint: [_ZN8cceprint8vbitsortEPfS0_Pjhhhhhhh] -> 0xffff95899488
cceprint: [_ZN8cceprint5vbrcbEPtS0_m] -> 0xffff95899774
cceprint: [_ZN8cceprint5vbrcbEPtS0_tth] -> 0xffff9589987c
cceprint: [_ZN8cceprint5vbrcbEPjS0_m] -> 0xffff958999fc
cceprint: [_ZN8cceprint5vbrcbEPjS0_tth] -> 0xffff95899b04
cceprint: [_ZN8cceprint5vcaddEPN7float165Fp16TES2_m] -> 0xffff95899c84
cceprint: [_ZN8cceprint5vcaddEPN7float165Fp16TES2_httt] -> 0xffff95899d8c
cceprint: [_ZN8cceprint5vcaddEPN7float165Fp16TES2_htttbb] -> 0xffff95899f48
cceprint: [_ZN8cceprint5vcaddEPN7float165Fp16TES2_mb] -> 0xffff9589a17c
cceprint: [_ZN8cceprint5vcaddEPN7float165Fp16TES2_htttb] -> 0xffff9589a2c0
cceprint: [_ZN8cceprint5vcaddEPfS0_m] -> 0xffff9589a4b8
cceprint: [_ZN8cceprint5vcaddEPfS0_httt] -> 0xffff9589a5c0
cceprint: [_ZN8cceprint5vcaddEPfS0_htttbb] -> 0xffff9589a77c
cceprint: [_ZN8cceprint5vcaddEPfS0_mb] -> 0xffff9589a9b0
cceprint: [_ZN8cceprint5vcaddEPfS0_htttb] -> 0xffff9589aaf4
cceprint: [_ZN8cceprint5vcaddERA128_N7float165Fp16TEPS1_h7Literal] -> 0xffff9589acec
cceprint: [_ZN8cceprint5vcaddERA64_fPfh7Literal] -> 0xffff9589ae3c
cceprint: [_ZN8cceprint5vcmaxERA128_N7float165Fp16TEPS1_h7Literal] -> 0xffff9589af8c
cceprint: [_ZN8cceprint5vcmaxERA64_fPfh7Literal] -> 0xffff9589b0dc
cceprint: [_ZN8cceprint5vcminERA128_N7float165Fp16TEPS1_h7Literal] -> 0xffff9589b22c
cceprint: [_ZN8cceprint5vcminERA64_fPfh7Literal] -> 0xffff9589b37c
cceprint: [_ZN8cceprint12vcbd_s162s32EPiPsm] -> 0xffff9589b4cc
cceprint: [_ZN8cceprint12vcbd_s162s32EPiPshtthhbb] -> 0xffff9589b5d4
cceprint: [_ZN8cceprint12vcbd_s162u32EPjPsm] -> 0xffff9589b858
cceprint: [_ZN8cceprint12vcbd_s162u32EPjPshtthhbb] -> 0xffff9589b960
cceprint: [_ZN8cceprint11vcbd_s162u8EPhPsm] -> 0xffff9589bbe4
cceprint: [_ZN8cceprint11vcbd_s162u8EPhPshtthhbb] -> 0xffff9589bcec
cceprint: [_ZN8cceprint12vcbd_s322s16EPsPim] -> 0xffff9589bf70
cceprint: [_ZN8cceprint12vcbd_s322s16EPsPihtthhbb] -> 0xffff9589c078
cceprint: [_ZN8cceprint12vcbd_s322u16EPtPim] -> 0xffff9589c2fc
cceprint: [_ZN8cceprint12vcbd_s322u16EPtPihtthhbb] -> 0xffff9589c404
cceprint: [_ZN8cceprint11vcbd_s322u8EPhPim] -> 0xffff9589c688
cceprint: [_ZN8cceprint11vcbd_s322u8EPhPihtthhbb] -> 0xffff9589c790
cceprint: [_ZN8cceprint12vcbd_u162s32EPiPtm] -> 0xffff9589ca14
cceprint: [_ZN8cceprint12vcbd_u162s32EPiPthtthhbb] -> 0xffff9589cb1c
cceprint: [_ZN8cceprint12vcbd_u162u32EPjPtm] -> 0xffff9589cda0
cceprint: [_ZN8cceprint12vcbd_u162u32EPjPthtthhbb] -> 0xffff9589cea8
cceprint: [_ZN8cceprint11vcbd_u162u8EPhPtm] -> 0xffff9589d12c
cceprint: [_ZN8cceprint11vcbd_u162u8EPhPthtthhbb] -> 0xffff9589d234
cceprint: [_ZN8cceprint12vcbd_u322s16EPsPjm] -> 0xffff9589d4b8
cceprint: [_ZN8cceprint12vcbd_u322s16EPsPjhtthhbb] -> 0xffff9589d5c0
cceprint: [_ZN8cceprint12vcbd_u322u16EPtPjm] -> 0xffff9589d844
cceprint: [_ZN8cceprint12vcbd_u322u16EPtPjhtthhbb] -> 0xffff9589d94c
cceprint: [_ZN8cceprint11vcbd_u322u8EPhPjm] -> 0xffff9589dbd0
cceprint: [_ZN8cceprint11vcbd_u322u8EPhPjhtthhbb] -> 0xffff9589dcd8
cceprint: [_ZN8cceprint11vcbd_u82s16EPsPhm] -> 0xffff9589df5c
cceprint: [_ZN8cceprint11vcbd_u82s16EPsPhhtthhbb] -> 0xffff9589e064
cceprint: [_ZN8cceprint11vcbd_u82s32EPiPhm] -> 0xffff9589e2e8
cceprint: [_ZN8cceprint11vcbd_u82s32EPiPhhtthhbb] -> 0xffff9589e3f0
cceprint: [_ZN8cceprint11vcbd_u82u16EPtPhm] -> 0xffff9589e674
cceprint: [_ZN8cceprint11vcbd_u82u16EPtPhhtthhbb] -> 0xffff9589e77c
cceprint: [_ZN8cceprint11vcbd_u82u32EPjPhm] -> 0xffff9589ea00
cceprint: [_ZN8cceprint11vcbd_u82u32EPjPhhtthhbb] -> 0xffff9589eb08
cceprint: [_ZN8cceprint6vcgaddEPN7float165Fp16TES2_m] -> 0xffff9589ed8c
cceprint: [_ZN8cceprint6vcgaddEPN7float165Fp16TES2_httt] -> 0xffff9589ee94
cceprint: [_ZN8cceprint6vcgaddEPN7float165Fp16TES2_htttbb] -> 0xffff9589f050
cceprint: [_ZN8cceprint6vcgaddEPfS0_m] -> 0xffff9589f284
cceprint: [_ZN8cceprint6vcgaddEPfS0_httt] -> 0xffff9589f38c
cceprint: [_ZN8cceprint6vcgaddEPfS0_htttbb] -> 0xffff9589f548
cceprint: [_ZN8cceprint6vcgaddERA128_N7float165Fp16TEPS1_h7Literal] -> 0xffff9589f77c
cceprint: [_ZN8cceprint6vcgaddERA64_fPfh7Literal] -> 0xffff9589f8cc
cceprint: [_ZN8cceprint6vcgmaxERA128_N7float165Fp16TEPS1_h7Literal] -> 0xffff9589fa1c
cceprint: [_ZN8cceprint6vcgmaxERA64_fPfh7Literal] -> 0xffff9589fb6c
cceprint: [_ZN8cceprint6vcgminERA128_N7float165Fp16TEPS1_h7Literal] -> 0xffff9589fcbc
cceprint: [_ZN8cceprint6vcgminERA64_fPfh7Literal] -> 0xffff9589fe0c
cceprint: [_ZN8cceprint6vcpaddERA128_N7float165Fp16TEPS1_h7Literal] -> 0xffff9589ff5c
cceprint: [_ZN8cceprint6vcpaddERA64_fPfh7Literal] -> 0xffff958a00ac
cceprint: [_ZN8cceprint6vcgmaxEPN7float165Fp16TES2_m] -> 0xffff958a01fc
cceprint: [_ZN8cceprint6vcgmaxEPN7float165Fp16TES2_httt] -> 0xffff958a0304
cceprint: [_ZN8cceprint6vcgmaxEPN7float165Fp16TES2_htttbb] -> 0xffff958a04c0
cceprint: [_ZN8cceprint6vcgmaxEPfS0_m] -> 0xffff958a06f4
cceprint: [_ZN8cceprint6vcgmaxEPfS0_httt] -> 0xffff958a07fc
cceprint: [_ZN8cceprint6vcgmaxEPfS0_htttbb] -> 0xffff958a09b8
cceprint: [_ZN8cceprint6vcgminEPN7float165Fp16TES2_m] -> 0xffff958a0bec
cceprint: [_ZN8cceprint6vcgminEPN7float165Fp16TES2_httt] -> 0xffff958a0cf4
cceprint: [_ZN8cceprint6vcgminEPN7float165Fp16TES2_htttbb] -> 0xffff958a0eb0
cceprint: [_ZN8cceprint6vcgminEPfS0_m] -> 0xffff958a10e4
cceprint: [_ZN8cceprint6vcgminEPfS0_httt] -> 0xffff958a11ec
cceprint: [_ZN8cceprint6vcgminEPfS0_htttbb] -> 0xffff958a13a8
cceprint: [_ZN8cceprint3vciEPN7float165Fp16TES1_m] -> 0xffff958a15dc
cceprint: [_ZN8cceprint3vciEPN7float165Fp16TES1_hthbb] -> 0xffff958a16f8
cceprint: [_ZN8cceprint3vciEPffm] -> 0xffff958a1910
cceprint: [_ZN8cceprint3vciEPffhthbb] -> 0xffff958a1a18
cceprint: [_ZN8cceprint3vciEPssm] -> 0xffff958a1c1c
cceprint: [_ZN8cceprint3vciEPsshthbb] -> 0xffff958a1d24
cceprint: [_ZN8cceprint3vciEPiim] -> 0xffff958a1f28
cceprint: [_ZN8cceprint3vciEPiihthbb] -> 0xffff958a2030
cceprint: [_ZN8cceprint5vcmaxEPN7float165Fp16TES2_m] -> 0xffff958a2234
cceprint: [_ZN8cceprint5vcmaxEPN7float165Fp16TES2_httt] -> 0xffff958a233c
cceprint: [_ZN8cceprint5vcmaxEPN7float165Fp16TES2_htttbb] -> 0xffff958a24f8
cceprint: [_ZN8cceprint5vcmaxEPN7float165Fp16TES2_mb] -> 0xffff958a272c
cceprint: [_ZN8cceprint5vcmaxEPN7float165Fp16TES2_htttbbb] -> 0xffff958a2870
cceprint: [_ZN8cceprint5vcmaxEPN7float165Fp16TES2_m7Order_t] -> 0xffff958a2adc
cceprint: [_ZN8cceprint5vcmaxEPN7float165Fp16TES2_httt7Order_t] -> 0xffff958a2c2c
cceprint: [_ZN8cceprint5vcmaxEPfS0_mb] -> 0xffff958a2e30
cceprint: [_ZN8cceprint5vcmaxEPfS0_htttbbb] -> 0xffff958a2f74
cceprint: [_ZN8cceprint5vcmaxEPfS0_m7Order_t] -> 0xffff958a31e0
cceprint: [_ZN8cceprint5vcmaxEPfS0_httt7Order_t] -> 0xffff958a3330
cceprint: [_ZN8cceprint5vcmaxEPtS0_mb] -> 0xffff958a3534
cceprint: [_ZN8cceprint5vcmaxEPtS0_htttbbb] -> 0xffff958a3678
cceprint: [_ZN8cceprint5vcminEPN7float165Fp16TES2_m] -> 0xffff958a38e4
cceprint: [_ZN8cceprint5vcminEPN7float165Fp16TES2_httt] -> 0xffff958a39ec
cceprint: [_ZN8cceprint5vcminEPN7float165Fp16TES2_htttbb] -> 0xffff958a3ba8
cceprint: [_ZN8cceprint5vcminEPN7float165Fp16TES2_mb] -> 0xffff958a3ddc
cceprint: [_ZN8cceprint5vcminEPN7float165Fp16TES2_htttbbb] -> 0xffff958a3f20
cceprint: [_ZN8cceprint5vcminEPN7float165Fp16TES2_m7Order_t] -> 0xffff958a418c
cceprint: [_ZN8cceprint5vcminEPN7float165Fp16TES2_httt7Order_t] -> 0xffff958a42dc
cceprint: [_ZN8cceprint5vcminEPfS0_mb] -> 0xffff958a44e0
cceprint: [_ZN8cceprint5vcminEPfS0_htttbbb] -> 0xffff958a4624
cceprint: [_ZN8cceprint5vcminEPfS0_m7Order_t] -> 0xffff958a4890
cceprint: [_ZN8cceprint5vcminEPfS0_httt7Order_t] -> 0xffff958a49e0
cceprint: [_ZN8cceprint5vcminEPtS0_mb] -> 0xffff958a4be4
cceprint: [_ZN8cceprint5vcminEPtS0_htttbbb] -> 0xffff958a4d28
cceprint: [_ZN8cceprint7vcmp_eqEPN7float165Fp16TES2_m] -> 0xffff958a4f94
cceprint: [_ZN8cceprint7vcmp_eqEPN7float165Fp16TES2_hhhhhhh] -> 0xffff958a509c
cceprint: [_ZN8cceprint7vcmp_eqEPN7float165Fp16TES2_hhhhhhhbb] -> 0xffff958a5350
cceprint: [_ZN8cceprint7vcmp_eqEPfS0_m] -> 0xffff958a5674
cceprint: [_ZN8cceprint7vcmp_eqEPfS0_hhhhhhh] -> 0xffff958a577c
cceprint: [_ZN8cceprint7vcmp_eqEPfS0_hhhhhhhbb] -> 0xffff958a5a30
cceprint: [_ZN8cceprint7vcmp_eqEPtS0_m] -> 0xffff958a5d54
cceprint: [_ZN8cceprint7vcmp_eqEPtS0_hhhhhhh] -> 0xffff958a5e5c
cceprint: [_ZN8cceprint7vcmp_eqEPtS0_hhhhhhhbb] -> 0xffff958a6110
cceprint: [_ZN8cceprint7vcmp_geEPN7float165Fp16TES2_m] -> 0xffff958a6434
cceprint: [_ZN8cceprint7vcmp_geEPN7float165Fp16TES2_hhhhhhh] -> 0xffff958a653c
cceprint: [_ZN8cceprint7vcmp_geEPN7float165Fp16TES2_hhhhhhhbb] -> 0xffff958a67f0
cceprint: [_ZN8cceprint7vcmp_geEPfS0_m] -> 0xffff958a6b14
cceprint: [_ZN8cceprint7vcmp_geEPfS0_hhhhhhh] -> 0xffff958a6c1c
cceprint: [_ZN8cceprint7vcmp_geEPfS0_hhhhhhhbb] -> 0xffff958a6ed0
cceprint: [_ZN8cceprint7vcmp_geEPtS0_m] -> 0xffff958a71f4
cceprint: [_ZN8cceprint7vcmp_geEPtS0_hhhhhhh] -> 0xffff958a72fc
cceprint: [_ZN8cceprint7vcmp_geEPtS0_hhhhhhhbb] -> 0xffff958a75b0
cceprint: [_ZN8cceprint7vcmp_gtEPN7float165Fp16TES2_m] -> 0xffff958a78d4
cceprint: [_ZN8cceprint7vcmp_gtEPN7float165Fp16TES2_hhhhhhh] -> 0xffff958a79dc
cceprint: [_ZN8cceprint7vcmp_gtEPN7float165Fp16TES2_hhhhhhhbb] -> 0xffff958a7c90
cceprint: [_ZN8cceprint7vcmp_gtEPfS0_m] -> 0xffff958a7fb4
cceprint: [_ZN8cceprint7vcmp_gtEPfS0_hhhhhhh] -> 0xffff958a80bc
cceprint: [_ZN8cceprint7vcmp_gtEPfS0_hhhhhhhbb] -> 0xffff958a8370
cceprint: [_ZN8cceprint7vcmp_gtEPtS0_m] -> 0xffff958a8694
cceprint: [_ZN8cceprint7vcmp_gtEPtS0_hhhhhhh] -> 0xffff958a879c
cceprint: [_ZN8cceprint7vcmp_gtEPtS0_hhhhhhhbb] -> 0xffff958a8a50
cceprint: [_ZN8cceprint7vcmp_leEPN7float165Fp16TES2_m] -> 0xffff958a8d74
cceprint: [_ZN8cceprint7vcmp_leEPN7float165Fp16TES2_hhhhhhh] -> 0xffff958a8e7c
cceprint: [_ZN8cceprint7vcmp_leEPN7float165Fp16TES2_hhhhhhhbb] -> 0xffff958a9130
cceprint: [_ZN8cceprint7vcmp_leEPfS0_m] -> 0xffff958a9454
cceprint: [_ZN8cceprint7vcmp_leEPfS0_hhhhhhh] -> 0xffff958a955c
cceprint: [_ZN8cceprint7vcmp_leEPfS0_hhhhhhhbb] -> 0xffff958a9810
cceprint: [_ZN8cceprint7vcmp_leEPtS0_m] -> 0xffff958a9b34
cceprint: [_ZN8cceprint7vcmp_leEPtS0_hhhhhhh] -> 0xffff958a9c3c
cceprint: [_ZN8cceprint7vcmp_leEPtS0_hhhhhhhbb] -> 0xffff958a9ef0
cceprint: [_ZN8cceprint7vcmp_ltEPN7float165Fp16TES2_m] -> 0xffff958aa214
cceprint: [_ZN8cceprint7vcmp_ltEPN7float165Fp16TES2_hhhhhhh] -> 0xffff958aa31c
cceprint: [_ZN8cceprint7vcmp_ltEPN7float165Fp16TES2_hhhhhhhbb] -> 0xffff958aa5d0
cceprint: [_ZN8cceprint7vcmp_ltEPfS0_m] -> 0xffff958aa8f4
cceprint: [_ZN8cceprint7vcmp_ltEPfS0_hhhhhhh] -> 0xffff958aa9fc
cceprint: [_ZN8cceprint7vcmp_ltEPfS0_hhhhhhhbb] -> 0xffff958aacb0
cceprint: [_ZN8cceprint7vcmp_ltEPtS0_m] -> 0xffff958aafd4
cceprint: [_ZN8cceprint7vcmp_ltEPtS0_hhhhhhh] -> 0xffff958ab0dc
cceprint: [_ZN8cceprint7vcmp_ltEPtS0_hhhhhhhbb] -> 0xffff958ab390
cceprint: [_ZN8cceprint7vcmp_neEPN7float165Fp16TES2_m] -> 0xffff958ab6b4
cceprint: [_ZN8cceprint7vcmp_neEPN7float165Fp16TES2_hhhhhhh] -> 0xffff958ab7bc
cceprint: [_ZN8cceprint7vcmp_neEPN7float165Fp16TES2_hhhhhhhbb] -> 0xffff958aba70
cceprint: [_ZN8cceprint7vcmp_neEPfS0_m] -> 0xffff958abd94
cceprint: [_ZN8cceprint7vcmp_neEPfS0_hhhhhhh] -> 0xffff958abe9c
cceprint: [_ZN8cceprint7vcmp_neEPfS0_hhhhhhhbb] -> 0xffff958ac150
cceprint: [_ZN8cceprint7vcmp_neEPtS0_m] -> 0xffff958ac474
cceprint: [_ZN8cceprint7vcmp_neEPtS0_hhhhhhh] -> 0xffff958ac57c
cceprint: [_ZN8cceprint7vcmp_neEPtS0_hhhhhhhbb] -> 0xffff958ac830
cceprint: [_ZN8cceprint8vcmpv_eqEPhPN7float165Fp16TES3_m] -> 0xffff958acb54
cceprint: [_ZN8cceprint8vcmpv_eqEPhPN7float165Fp16TES3_hhhhhhh] -> 0xffff958acc98
cceprint: [_ZN8cceprint8vcmpv_eqEPhPfS1_m] -> 0xffff958acf84
cceprint: [_ZN8cceprint8vcmpv_eqEPhPfS1_hhhhhhh] -> 0xffff958ad0c8
cceprint: [_ZN8cceprint8vcmpv_eqEPhPiS1_m] -> 0xffff958ad3b4
cceprint: [_ZN8cceprint8vcmpv_eqEPhPiS1_hhhhhhh] -> 0xffff958ad4f8
cceprint: [_ZN8cceprint8vcmpv_geEPhPN7float165Fp16TES3_m] -> 0xffff958ad7e4
cceprint: [_ZN8cceprint8vcmpv_geEPhPN7float165Fp16TES3_hhhhhhh] -> 0xffff958ad928
cceprint: [_ZN8cceprint8vcmpv_geEPhPfS1_m] -> 0xffff958adc14
cceprint: [_ZN8cceprint8vcmpv_geEPhPfS1_hhhhhhh] -> 0xffff958add58
cceprint: [_ZN8cceprint8vcmpv_gtEPhPN7float165Fp16TES3_m] -> 0xffff958ae044
cceprint: [_ZN8cceprint8vcmpv_gtEPhPN7float165Fp16TES3_hhhhhhh] -> 0xffff958ae188
cceprint: [_ZN8cceprint8vcmpv_gtEPhPfS1_m] -> 0xffff958ae474
cceprint: [_ZN8cceprint8vcmpv_gtEPhPfS1_hhhhhhh] -> 0xffff958ae5b8
cceprint: [_ZN8cceprint8vcmpv_leEPhPN7float165Fp16TES3_m] -> 0xffff958ae8a4
cceprint: [_ZN8cceprint8vcmpv_leEPhPN7float165Fp16TES3_hhhhhhh] -> 0xffff958ae9e8
cceprint: [_ZN8cceprint8vcmpv_leEPhPfS1_m] -> 0xffff958aecd4
cceprint: [_ZN8cceprint8vcmpv_leEPhPfS1_hhhhhhh] -> 0xffff958aee18
cceprint: [_ZN8cceprint8vcmpv_ltEPhPN7float165Fp16TES3_m] -> 0xffff958af104
cceprint: [_ZN8cceprint8vcmpv_ltEPhPN7float165Fp16TES3_hhhhhhh] -> 0xffff958af248
cceprint: [_ZN8cceprint8vcmpv_ltEPhPfS1_m] -> 0xffff958af534
cceprint: [_ZN8cceprint8vcmpv_ltEPhPfS1_hhhhhhh] -> 0xffff958af678
cceprint: [_ZN8cceprint8vcmpv_neEPhPN7float165Fp16TES3_m] -> 0xffff958af964
cceprint: [_ZN8cceprint8vcmpv_neEPhPN7float165Fp16TES3_hhhhhhh] -> 0xffff958afaa8
cceprint: [_ZN8cceprint8vcmpv_neEPhPfS1_m] -> 0xffff958afd94
cceprint: [_ZN8cceprint8vcmpv_neEPhPfS1_hhhhhhh] -> 0xffff958afed8
cceprint: [_ZN8cceprint9vcmpvs_eqEPhPN7float165Fp16TES2_m] -> 0xffff958b01c4
cceprint: [_ZN8cceprint9vcmpvs_eqEPhPN7float165Fp16TES2_htthh] -> 0xffff958b031c
cceprint: [_ZN8cceprint9vcmpvs_eqEPhPN7float165Fp16TES2_htttt] -> 0xffff958b057c
cceprint: [_ZN8cceprint9vcmpvs_eqEPhPffm] -> 0xffff958b07c4
cceprint: [_ZN8cceprint9vcmpvs_eqEPhPffhtthh] -> 0xffff958b0908
cceprint: [_ZN8cceprint9vcmpvs_eqEPhPffhtttt] -> 0xffff958b0b54
cceprint: [_ZN8cceprint9vcmpvs_eqEPhPiim] -> 0xffff958b0d88
cceprint: [_ZN8cceprint9vcmpvs_eqEPhPiihtttt] -> 0xffff958b0ecc
cceprint: [_ZN8cceprint9vcmpvs_geEPhPN7float165Fp16TES2_m] -> 0xffff958b1100
cceprint: [_ZN8cceprint9vcmpvs_geEPhPN7float165Fp16TES2_htthh] -> 0xffff958b1258
cceprint: [_ZN8cceprint9vcmpvs_geEPhPN7float165Fp16TES2_htttt] -> 0xffff958b14b8
cceprint: [_ZN8cceprint9vcmpvs_geEPhPffm] -> 0xffff958b1700
cceprint: [_ZN8cceprint9vcmpvs_geEPhPffhtthh] -> 0xffff958b1844
cceprint: [_ZN8cceprint9vcmpvs_geEPhPffhtttt] -> 0xffff958b1a90
cceprint: [_ZN8cceprint9vcmpvs_gtEPhPN7float165Fp16TES2_m] -> 0xffff958b1cc4
cceprint: [_ZN8cceprint9vcmpvs_gtEPhPN7float165Fp16TES2_htthh] -> 0xffff958b1e1c
cceprint: [_ZN8cceprint9vcmpvs_gtEPhPN7float165Fp16TES2_htttt] -> 0xffff958b207c
cceprint: [_ZN8cceprint9vcmpvs_gtEPhPffm] -> 0xffff958b22c4
cceprint: [_ZN8cceprint9vcmpvs_gtEPhPffhtthh] -> 0xffff958b2408
cceprint: [_ZN8cceprint9vcmpvs_gtEPhPffhtttt] -> 0xffff958b2654
cceprint: [_ZN8cceprint9vcmpvs_leEPhPN7float165Fp16TES2_m] -> 0xffff958b2888
cceprint: [_ZN8cceprint9vcmpvs_leEPhPN7float165Fp16TES2_htthh] -> 0xffff958b29e0
cceprint: [_ZN8cceprint9vcmpvs_leEPhPN7float165Fp16TES2_htttt] -> 0xffff958b2c40
cceprint: [_ZN8cceprint9vcmpvs_leEPhPffm] -> 0xffff958b2e88
cceprint: [_ZN8cceprint9vcmpvs_leEPhPffhtthh] -> 0xffff958b2fcc
cceprint: [_ZN8cceprint9vcmpvs_leEPhPffhtttt] -> 0xffff958b3218
cceprint: [_ZN8cceprint9vcmpvs_ltEPhPN7float165Fp16TES2_m] -> 0xffff958b344c
cceprint: [_ZN8cceprint9vcmpvs_ltEPhPN7float165Fp16TES2_htthh] -> 0xffff958b35a4
cceprint: [_ZN8cceprint9vcmpvs_ltEPhPN7float165Fp16TES2_htttt] -> 0xffff958b3804
cceprint: [_ZN8cceprint9vcmpvs_ltEPhPffm] -> 0xffff958b3a4c
cceprint: [_ZN8cceprint9vcmpvs_ltEPhPffhtthh] -> 0xffff958b3b90
cceprint: [_ZN8cceprint9vcmpvs_ltEPhPffhtttt] -> 0xffff958b3ddc
cceprint: [_ZN8cceprint9vcmpvs_neEPhPN7float165Fp16TES2_m] -> 0xffff958b4010
cceprint: [_ZN8cceprint9vcmpvs_neEPhPN7float165Fp16TES2_htthh] -> 0xffff958b4168
cceprint: [_ZN8cceprint9vcmpvs_neEPhPN7float165Fp16TES2_htttt] -> 0xffff958b43c8
cceprint: [_ZN8cceprint9vcmpvs_neEPhPffm] -> 0xffff958b4610
cceprint: [_ZN8cceprint9vcmpvs_neEPhPffhtthh] -> 0xffff958b4754
cceprint: [_ZN8cceprint9vcmpvs_neEPhPffhtttt] -> 0xffff958b49a0
cceprint: [_ZN8cceprint7vconcatEPN7float165Fp16TES2_m] -> 0xffff958b4bd4
cceprint: [_ZN8cceprint7vconcatEPN7float165Fp16TES2_hh] -> 0xffff958b4cdc
cceprint: [_ZN8cceprint7vconcatEPN7float165Fp16TES2_htthh] -> 0xffff958b4e2c
cceprint: [_ZN8cceprint7vconcatEPN7float165Fp16TES2_htthhbb] -> 0xffff958b503c
cceprint: [_ZN8cceprint7vconcatEPfS0_m] -> 0xffff958b52c0
cceprint: [_ZN8cceprint7vconcatEPfS0_hh] -> 0xffff958b53c8
cceprint: [_ZN8cceprint7vconcatEPfS0_htthh] -> 0xffff958b5518
cceprint: [_ZN8cceprint7vconcatEPfS0_htthhbb] -> 0xffff958b5728
cceprint: [_ZN8cceprint14vconv_bf162f32EPfPN8bfloat165Bf16TEhtttt] -> 0xffff958b59ac
cceprint: [_ZN8cceprint14vconv_bf162f32EPfPN8bfloat165Bf16TEm] -> 0xffff958b5ba4
cceprint: [_ZN8cceprint15vconv_bf162s32aEPiPN8bfloat165Bf16TEhtttt] -> 0xffff958b5cac
cceprint: [_ZN8cceprint15vconv_bf162s32aEPiPN8bfloat165Bf16TEm] -> 0xffff958b5ea4
cceprint: [_ZN8cceprint15vconv_bf162s32cEPiPN8bfloat165Bf16TEhtttt] -> 0xffff958b5fac
cceprint: [_ZN8cceprint15vconv_bf162s32cEPiPN8bfloat165Bf16TEm] -> 0xffff958b61a4
cceprint: [_ZN8cceprint15vconv_bf162s32fEPiPN8bfloat165Bf16TEhtttt] -> 0xffff958b62ac
cceprint: [_ZN8cceprint15vconv_bf162s32fEPiPN8bfloat165Bf16TEm] -> 0xffff958b64a4
cceprint: [_ZN8cceprint15vconv_bf162s32rEPiPN8bfloat165Bf16TEhtttt] -> 0xffff958b65ac
cceprint: [_ZN8cceprint15vconv_bf162s32rEPiPN8bfloat165Bf16TEm] -> 0xffff958b67a4
cceprint: [_ZN8cceprint15vconv_bf162s32zEPiPN8bfloat165Bf16TEhtttt] -> 0xffff958b68ac
cceprint: [_ZN8cceprint15vconv_bf162s32zEPiPN8bfloat165Bf16TEm] -> 0xffff958b6aa4
cceprint: [_ZN8cceprint9vconv_deqEPN7float165Fp16TEPim] -> 0xffff958b6bac
cceprint: [_ZN8cceprint9vconv_deqEPN7float165Fp16TEPihtthh] -> 0xffff958b6cb4
cceprint: [_ZN8cceprint9vconv_deqEPN7float165Fp16TEPihtthhbb] -> 0xffff958b6ec4
cceprint: [_ZN8cceprint15vconv_deqs162b8EPaPsmb] -> 0xffff958b7148
cceprint: [_ZN8cceprint15vconv_deqs162b8EPaPshtthhbbb] -> 0xffff958b728c
cceprint: [_ZN8cceprint15vconv_deqs162b8EPhPsmb] -> 0xffff958b7548
cceprint: [_ZN8cceprint15vconv_deqs162b8EPhPshtthhbbb] -> 0xffff958b768c
cceprint: [_ZN8cceprint16vconv_deqs162b8hEPaPshtthh] -> 0xffff958b7948
cceprint: [_ZN8cceprint16vconv_deqs162b8hEPaPsm] -> 0xffff958b7b58
cceprint: [_ZN8cceprint16vconv_deqs162b8hEPhPshtthh] -> 0xffff958b7c60
cceprint: [_ZN8cceprint16vconv_deqs162b8hEPhPsm] -> 0xffff958b7e70
cceprint: [_ZN8cceprint16vconv_deqs162b8lEPaPshtthh] -> 0xffff958b7f78
cceprint: [_ZN8cceprint16vconv_deqs162b8lEPaPsm] -> 0xffff958b8188
cceprint: [_ZN8cceprint16vconv_deqs162b8lEPhPshtthh] -> 0xffff958b8290
cceprint: [_ZN8cceprint16vconv_deqs162b8lEPhPsm] -> 0xffff958b84a0
cceprint: [_ZN8cceprint13vconv_f162f32EPfPN7float165Fp16TEm] -> 0xffff958b85a8
cceprint: [_ZN8cceprint13vconv_f162f32EPfPN7float165Fp16TEhtthh] -> 0xffff958b86b0
cceprint: [_ZN8cceprint13vconv_f162f32EPfPN7float165Fp16TEhtthhbb] -> 0xffff958b88c0
cceprint: [_ZN8cceprint13vconv_f162f32EPfPN7float165Fp16TEhtttt] -> 0xffff958b8b44
cceprint: [_ZN8cceprint14vconv_f162s16aEPsPN7float165Fp16TEhtttt] -> 0xffff958b8d3c
cceprint: [_ZN8cceprint14vconv_f162s16aEPsPN7float165Fp16TEm] -> 0xffff958b8f34
cceprint: [_ZN8cceprint14vconv_f162s16cEPsPN7float165Fp16TEhtttt] -> 0xffff958b903c
cceprint: [_ZN8cceprint14vconv_f162s16cEPsPN7float165Fp16TEm] -> 0xffff958b9234
cceprint: [_ZN8cceprint14vconv_f162s16fEPsPN7float165Fp16TEhtttt] -> 0xffff958b933c
cceprint: [_ZN8cceprint14vconv_f162s16fEPsPN7float165Fp16TEm] -> 0xffff958b9534
cceprint: [_ZN8cceprint14vconv_f162s16rEPsPN7float165Fp16TEm] -> 0xffff958b963c
cceprint: [_ZN8cceprint14vconv_f162s16rEPsPN7float165Fp16TEhtthhbb] -> 0xffff958b9744
cceprint: [_ZN8cceprint14vconv_f162s16rEPsPN7float165Fp16TEhtttt] -> 0xffff958b99c8
cceprint: [_ZN8cceprint14vconv_f162s16zEPsPN7float165Fp16TEhtttt] -> 0xffff958b9bc0
cceprint: [_ZN8cceprint14vconv_f162s16zEPsPN7float165Fp16TEm] -> 0xffff958b9db8
cceprint: [_ZN8cceprint14vconv_f162s32aEPiPN7float165Fp16TEm] -> 0xffff958b9ec0
cceprint: [_ZN8cceprint14vconv_f162s32aEPiPN7float165Fp16TEhtthh] -> 0xffff958b9fc8
cceprint: [_ZN8cceprint14vconv_f162s32aEPiPN7float165Fp16TEhtthhbb] -> 0xffff958ba1d8
cceprint: [_ZN8cceprint14vconv_f162s32aEPiPN7float165Fp16TEhtttt] -> 0xffff958ba45c
cceprint: [_ZN8cceprint14vconv_f162s32cEPiPN7float165Fp16TEm] -> 0xffff958ba654
cceprint: [_ZN8cceprint14vconv_f162s32cEPiPN7float165Fp16TEhtthh] -> 0xffff958ba75c
cceprint: [_ZN8cceprint14vconv_f162s32cEPiPN7float165Fp16TEhtthhbb] -> 0xffff958ba96c
cceprint: [_ZN8cceprint14vconv_f162s32cEPiPN7float165Fp16TEhtttt] -> 0xffff958babf0
cceprint: [_ZN8cceprint14vconv_f162s32fEPiPN7float165Fp16TEm] -> 0xffff958bade8
cceprint: [_ZN8cceprint14vconv_f162s32fEPiPN7float165Fp16TEhtthh] -> 0xffff958baef0
cceprint: [_ZN8cceprint14vconv_f162s32fEPiPN7float165Fp16TEhtthhbb] -> 0xffff958bb100
cceprint: [_ZN8cceprint14vconv_f162s32fEPiPN7float165Fp16TEhtttt] -> 0xffff958bb384
cceprint: [_ZN8cceprint14vconv_f162s32rEPiPN7float165Fp16TEm] -> 0xffff958bb57c
cceprint: [_ZN8cceprint14vconv_f162s32rEPiPN7float165Fp16TEhtthh] -> 0xffff958bb684
cceprint: [_ZN8cceprint14vconv_f162s32rEPiPN7float165Fp16TEhtthhbb] -> 0xffff958bb894
cceprint: [_ZN8cceprint14vconv_f162s32rEPiPN7float165Fp16TEhtttt] -> 0xffff958bbb18
cceprint: [_ZN8cceprint14vconv_f162s32zEPiPN7float165Fp16TEm] -> 0xffff958bbd10
cceprint: [_ZN8cceprint14vconv_f162s32zEPiPN7float165Fp16TEhtthh] -> 0xffff958bbe18
cceprint: [_ZN8cceprint14vconv_f162s32zEPiPN7float165Fp16TEhtthhbb] -> 0xffff958bc028
cceprint: [_ZN8cceprint14vconv_f162s32zEPiPN7float165Fp16TEhtttt] -> 0xffff958bc2ac
cceprint: [_ZN8cceprint12vconv_f162s4EPvPN7float165Fp16TEm] -> 0xffff958bc4a4
cceprint: [_ZN8cceprint12vconv_f162s4EPvPN7float165Fp16TEhtthhbb] -> 0xffff958bc5ac
cceprint: [_ZN8cceprint12vconv_f162s4EPvPN7float165Fp16TEhtttt] -> 0xffff958bc830
cceprint: [_ZN8cceprint13vconv_f162s4aEPvPN7float165Fp16TEhtttt] -> 0xffff958bca28
cceprint: [_ZN8cceprint13vconv_f162s4aEPvPN7float165Fp16TEm] -> 0xffff958bcc20
cceprint: [_ZN8cceprint13vconv_f162s4cEPvPN7float165Fp16TEhtttt] -> 0xffff958bcd28
cceprint: [_ZN8cceprint13vconv_f162s4cEPvPN7float165Fp16TEm] -> 0xffff958bcf20
cceprint: [_ZN8cceprint13vconv_f162s4fEPvPN7float165Fp16TEhtttt] -> 0xffff958bd028
cceprint: [_ZN8cceprint13vconv_f162s4fEPvPN7float165Fp16TEm] -> 0xffff958bd220
cceprint: [_ZN8cceprint13vconv_f162s4rEPvPN7float165Fp16TEhtttt] -> 0xffff958bd328
cceprint: [_ZN8cceprint13vconv_f162s4rEPvPN7float165Fp16TEm] -> 0xffff958bd520
cceprint: [_ZN8cceprint13vconv_f162s4zEPvPN7float165Fp16TEhtttt] -> 0xffff958bd628
cceprint: [_ZN8cceprint13vconv_f162s4zEPvPN7float165Fp16TEm] -> 0xffff958bd820
cceprint: [_ZN8cceprint12vconv_f162s8EPaPN7float165Fp16TEm] -> 0xffff958bd928
cceprint: [_ZN8cceprint12vconv_f162s8EPaPN7float165Fp16TEhtthh] -> 0xffff958bda30
cceprint: [_ZN8cceprint12vconv_f162s8EPaPN7float165Fp16TEhtthhbb] -> 0xffff958bdc40
cceprint: [_ZN8cceprint12vconv_f162s8EPaPN7float165Fp16TEhtttt] -> 0xffff958bdec4
cceprint: [_ZN8cceprint13vconv_f162s8aEPaPN7float165Fp16TEm] -> 0xffff958be0bc
cceprint: [_ZN8cceprint13vconv_f162s8aEPaPN7float165Fp16TEhtthh] -> 0xffff958be1c4
cceprint: [_ZN8cceprint13vconv_f162s8aEPaPN7float165Fp16TEhtthhbb] -> 0xffff958be3d4
cceprint: [_ZN8cceprint13vconv_f162s8aEPaPN7float165Fp16TEhtttt] -> 0xffff958be658
cceprint: [_ZN8cceprint13vconv_f162s8cEPaPN7float165Fp16TEm] -> 0xffff958be850
cceprint: [_ZN8cceprint13vconv_f162s8cEPaPN7float165Fp16TEhtthh] -> 0xffff958be958
cceprint: [_ZN8cceprint13vconv_f162s8cEPaPN7float165Fp16TEhtthhbb] -> 0xffff958beb68
cceprint: [_ZN8cceprint13vconv_f162s8cEPaPN7float165Fp16TEhtttt] -> 0xffff958bedec
cceprint: [_ZN8cceprint13vconv_f162s8fEPaPN7float165Fp16TEm] -> 0xffff958befe4
cceprint: [_ZN8cceprint13vconv_f162s8fEPaPN7float165Fp16TEhtthh] -> 0xffff958bf0ec
cceprint: [_ZN8cceprint13vconv_f162s8fEPaPN7float165Fp16TEhtthhbb] -> 0xffff958bf2fc
cceprint: [_ZN8cceprint13vconv_f162s8fEPaPN7float165Fp16TEhtttt] -> 0xffff958bf580
cceprint: [_ZN8cceprint13vconv_f162s8rEPaPN7float165Fp16TEhtttt] -> 0xffff958bf778
cceprint: [_ZN8cceprint13vconv_f162s8rEPaPN7float165Fp16TEm] -> 0xffff958bf970
cceprint: [_ZN8cceprint13vconv_f162s8zEPaPN7float165Fp16TEm] -> 0xffff958bfa78
cceprint: [_ZN8cceprint13vconv_f162s8zEPaPN7float165Fp16TEhtthh] -> 0xffff958bfb80
cceprint: [_ZN8cceprint13vconv_f162s8zEPaPN7float165Fp16TEhtthhbb] -> 0xffff958bfd90
cceprint: [_ZN8cceprint13vconv_f162s8zEPaPN7float165Fp16TEhtttt] -> 0xffff958c0014
cceprint: [_ZN8cceprint12vconv_f162u8EPhPN7float165Fp16TEm] -> 0xffff958c020c
cceprint: [_ZN8cceprint12vconv_f162u8EPhPN7float165Fp16TEhtthh] -> 0xffff958c0314
cceprint: [_ZN8cceprint12vconv_f162u8EPhPN7float165Fp16TEhtthhbb] -> 0xffff958c0524
cceprint: [_ZN8cceprint12vconv_f162u8EPhPN7float165Fp16TEhtttt] -> 0xffff958c07a8
cceprint: [_ZN8cceprint13vconv_f162u8aEPhPN7float165Fp16TEm] -> 0xffff958c09a0
cceprint: [_ZN8cceprint13vconv_f162u8aEPhPN7float165Fp16TEhtthh] -> 0xffff958c0aa8
cceprint: [_ZN8cceprint13vconv_f162u8aEPhPN7float165Fp16TEhtthhbb] -> 0xffff958c0cb8
cceprint: [_ZN8cceprint13vconv_f162u8aEPhPN7float165Fp16TEhtttt] -> 0xffff958c0f3c
cceprint: [_ZN8cceprint13vconv_f162u8cEPhPN7float165Fp16TEm] -> 0xffff958c1134
cceprint: [_ZN8cceprint13vconv_f162u8cEPhPN7float165Fp16TEhtthh] -> 0xffff958c123c
cceprint: [_ZN8cceprint13vconv_f162u8cEPhPN7float165Fp16TEhtthhbb] -> 0xffff958c144c
cceprint: [_ZN8cceprint13vconv_f162u8cEPhPN7float165Fp16TEhtttt] -> 0xffff958c16d0
cceprint: [_ZN8cceprint13vconv_f162u8fEPhPN7float165Fp16TEm] -> 0xffff958c18c8
cceprint: [_ZN8cceprint13vconv_f162u8fEPhPN7float165Fp16TEhtthh] -> 0xffff958c19d0
cceprint: [_ZN8cceprint13vconv_f162u8fEPhPN7float165Fp16TEhtthhbb] -> 0xffff958c1be0
cceprint: [_ZN8cceprint13vconv_f162u8fEPhPN7float165Fp16TEhtttt] -> 0xffff958c1e64
cceprint: [_ZN8cceprint13vconv_f162u8rEPhPN7float165Fp16TEhtttt] -> 0xffff958c205c
cceprint: [_ZN8cceprint13vconv_f162u8rEPhPN7float165Fp16TEm] -> 0xffff958c2254
cceprint: [_ZN8cceprint13vconv_f162u8zEPhPN7float165Fp16TEm] -> 0xffff958c235c
cceprint: [_ZN8cceprint13vconv_f162u8zEPhPN7float165Fp16TEhtthh] -> 0xffff958c2464
cceprint: [_ZN8cceprint13vconv_f162u8zEPhPN7float165Fp16TEhtthhbb] -> 0xffff958c2674
cceprint: [_ZN8cceprint13vconv_f162u8zEPhPN7float165Fp16TEhtttt] -> 0xffff958c28f8
cceprint: [_ZN8cceprint15vconv_f322bf16aEPN8bfloat165Bf16TEPfhtttt] -> 0xffff958c2af0
cceprint: [_ZN8cceprint15vconv_f322bf16aEPN8bfloat165Bf16TEPfm] -> 0xffff958c2ce8
cceprint: [_ZN8cceprint15vconv_f322bf16cEPN8bfloat165Bf16TEPfhtttt] -> 0xffff958c2df0
cceprint: [_ZN8cceprint15vconv_f322bf16cEPN8bfloat165Bf16TEPfm] -> 0xffff958c2fe8
cceprint: [_ZN8cceprint15vconv_f322bf16fEPN8bfloat165Bf16TEPfhtttt] -> 0xffff958c30f0
cceprint: [_ZN8cceprint15vconv_f322bf16fEPN8bfloat165Bf16TEPfm] -> 0xffff958c32e8
cceprint: [_ZN8cceprint15vconv_f322bf16rEPN8bfloat165Bf16TEPfhtttt] -> 0xffff958c33f0
cceprint: [_ZN8cceprint15vconv_f322bf16rEPN8bfloat165Bf16TEPfm] -> 0xffff958c35e8
cceprint: [_ZN8cceprint15vconv_f322bf16zEPN8bfloat165Bf16TEPfhtttt] -> 0xffff958c36f0
cceprint: [_ZN8cceprint15vconv_f322bf16zEPN8bfloat165Bf16TEPfm] -> 0xffff958c38e8
cceprint: [_ZN8cceprint13vconv_f322f16EPN7float165Fp16TEPfm] -> 0xffff958c39f0
cceprint: [_ZN8cceprint13vconv_f322f16EPN7float165Fp16TEPfhtthh] -> 0xffff958c3af8
cceprint: [_ZN8cceprint13vconv_f322f16EPN7float165Fp16TEPfhtthhbb] -> 0xffff958c3d08
cceprint: [_ZN8cceprint13vconv_f322f16EPN7float165Fp16TEPfhtttt] -> 0xffff958c3f8c
cceprint: [_ZN8cceprint14vconv_f322f16aEPN7float165Fp16TEPfhtttt] -> 0xffff958c4184
cceprint: [_ZN8cceprint14vconv_f322f16aEPN7float165Fp16TEPfm] -> 0xffff958c437c
cceprint: [_ZN8cceprint14vconv_f322f16cEPN7float165Fp16TEPfhtttt] -> 0xffff958c4484
cceprint: [_ZN8cceprint14vconv_f322f16cEPN7float165Fp16TEPfm] -> 0xffff958c467c
cceprint: [_ZN8cceprint14vconv_f322f16fEPN7float165Fp16TEPfhtttt] -> 0xffff958c4784
cceprint: [_ZN8cceprint14vconv_f322f16fEPN7float165Fp16TEPfm] -> 0xffff958c497c
cceprint: [_ZN8cceprint14vconv_f322f16oEPN7float165Fp16TEPfm] -> 0xffff958c4a84
cceprint: [_ZN8cceprint14vconv_f322f16oEPN7float165Fp16TEPfhtthh] -> 0xffff958c4b8c
cceprint: [_ZN8cceprint14vconv_f322f16oEPN7float165Fp16TEPfhtthhbb] -> 0xffff958c4d9c
cceprint: [_ZN8cceprint14vconv_f322f16oEPN7float165Fp16TEPfhtttt] -> 0xffff958c5020
cceprint: [_ZN8cceprint14vconv_f322f16rEPN7float165Fp16TEPfhtttt] -> 0xffff958c5218
cceprint: [_ZN8cceprint14vconv_f322f16rEPN7float165Fp16TEPfm] -> 0xffff958c5410
cceprint: [_ZN8cceprint14vconv_f322f16zEPN7float165Fp16TEPfhtttt] -> 0xffff958c5518
cceprint: [_ZN8cceprint14vconv_f322f16zEPN7float165Fp16TEPfm] -> 0xffff958c5710
cceprint: [_ZN8cceprint14vconv_f322f32aEPfS0_htttt] -> 0xffff958c5818
cceprint: [_ZN8cceprint14vconv_f322f32aEPfS0_m] -> 0xffff958c5a10
cceprint: [_ZN8cceprint14vconv_f322f32cEPfS0_htttt] -> 0xffff958c5b18
cceprint: [_ZN8cceprint14vconv_f322f32cEPfS0_m] -> 0xffff958c5d10
cceprint: [_ZN8cceprint14vconv_f322f32fEPfS0_htttt] -> 0xffff958c5e18
cceprint: [_ZN8cceprint14vconv_f322f32fEPfS0_m] -> 0xffff958c6010
cceprint: [_ZN8cceprint14vconv_f322f32rEPfS0_htttt] -> 0xffff958c6118
cceprint: [_ZN8cceprint14vconv_f322f32rEPfS0_m] -> 0xffff958c6310
cceprint: [_ZN8cceprint14vconv_f322f32zEPfS0_htttt] -> 0xffff958c6418
cceprint: [_ZN8cceprint14vconv_f322f32zEPfS0_m] -> 0xffff958c6610
cceprint: [_ZN8cceprint14vconv_f322s16aEPsPfhtttt] -> 0xffff958c6718
cceprint: [_ZN8cceprint14vconv_f322s16aEPsPfm] -> 0xffff958c6910
cceprint: [_ZN8cceprint14vconv_f322s16cEPsPfhtttt] -> 0xffff958c6a18
cceprint: [_ZN8cceprint14vconv_f322s16cEPsPfm] -> 0xffff958c6c10
cceprint: [_ZN8cceprint14vconv_f322s16fEPsPfhtttt] -> 0xffff958c6d18
cceprint: [_ZN8cceprint14vconv_f322s16fEPsPfm] -> 0xffff958c6f10
cceprint: [_ZN8cceprint14vconv_f322s16rEPsPfm] -> 0xffff958c7018
cceprint: [_ZN8cceprint14vconv_f322s16rEPsPfhtthh] -> 0xffff958c7120
cceprint: [_ZN8cceprint14vconv_f322s16rEPsPfhtthhbb] -> 0xffff958c7330
cceprint: [_ZN8cceprint14vconv_f322s16rEPsPfhtttt] -> 0xffff958c75b4
cceprint: [_ZN8cceprint14vconv_f322s16zEPsPfm] -> 0xffff958c77ac
cceprint: [_ZN8cceprint14vconv_f322s16zEPsPfhtthh] -> 0xffff958c78b4
cceprint: [_ZN8cceprint14vconv_f322s16zEPsPfhtthhbb] -> 0xffff958c7ac4
cceprint: [_ZN8cceprint14vconv_f322s16zEPsPfhtttt] -> 0xffff958c7d48
cceprint: [_ZN8cceprint14vconv_f322s32aEPiPfm] -> 0xffff958c7f40
cceprint: [_ZN8cceprint14vconv_f322s32aEPiPfhtthh] -> 0xffff958c8048
cceprint: [_ZN8cceprint14vconv_f322s32aEPiPfhtthhbb] -> 0xffff958c8258
cceprint: [_ZN8cceprint14vconv_f322s32aEPiPfhtttt] -> 0xffff958c84dc
cceprint: [_ZN8cceprint14vconv_f322s32cEPiPfm] -> 0xffff958c86d4
cceprint: [_ZN8cceprint14vconv_f322s32cEPiPfhtthh] -> 0xffff958c87dc
cceprint: [_ZN8cceprint14vconv_f322s32cEPiPfhtthhbb] -> 0xffff958c89ec
cceprint: [_ZN8cceprint14vconv_f322s32cEPiPfhtttt] -> 0xffff958c8c70
cceprint: [_ZN8cceprint14vconv_f322s32fEPiPfm] -> 0xffff958c8e68
cceprint: [_ZN8cceprint14vconv_f322s32fEPiPfhtthh] -> 0xffff958c8f70
cceprint: [_ZN8cceprint14vconv_f322s32fEPiPfhtthhbb] -> 0xffff958c9180
cceprint: [_ZN8cceprint14vconv_f322s32fEPiPfhtttt] -> 0xffff958c9404
cceprint: [_ZN8cceprint14vconv_f322s32rEPiPfm] -> 0xffff958c95fc
cceprint: [_ZN8cceprint14vconv_f322s32rEPiPfhtthh] -> 0xffff958c9704
cceprint: [_ZN8cceprint14vconv_f322s32rEPiPfhtthhbb] -> 0xffff958c9914
cceprint: [_ZN8cceprint14vconv_f322s32rEPiPfhtttt] -> 0xffff958c9b98
cceprint: [_ZN8cceprint14vconv_f322s32zEPiPfm] -> 0xffff958c9d90
cceprint: [_ZN8cceprint14vconv_f322s32zEPiPfhtthh] -> 0xffff958c9e98
cceprint: [_ZN8cceprint14vconv_f322s32zEPiPfhtthhbb] -> 0xffff958ca0a8
cceprint: [_ZN8cceprint14vconv_f322s32zEPiPfhtttt] -> 0xffff958ca32c
cceprint: [_ZN8cceprint14vconv_f322s64aEPlPfhtttt] -> 0xffff958ca524
cceprint: [_ZN8cceprint14vconv_f322s64aEPlPfm] -> 0xffff958ca71c
cceprint: [_ZN8cceprint14vconv_f322s64cEPlPfhtttt] -> 0xffff958ca824
cceprint: [_ZN8cceprint14vconv_f322s64cEPlPfm] -> 0xffff958caa1c
cceprint: [_ZN8cceprint14vconv_f322s64fEPlPfhtttt] -> 0xffff958cab24
cceprint: [_ZN8cceprint14vconv_f322s64fEPlPfm] -> 0xffff958cad1c
cceprint: [_ZN8cceprint14vconv_f322s64rEPlPfhtttt] -> 0xffff958cae24
cceprint: [_ZN8cceprint14vconv_f322s64rEPlPfm] -> 0xffff958cb01c
cceprint: [_ZN8cceprint14vconv_f322s64zEPlPfhtttt] -> 0xffff958cb124
cceprint: [_ZN8cceprint14vconv_f322s64zEPlPfm] -> 0xffff958cb31c
cceprint: [_ZN8cceprint13vconv_s162f16EPN7float165Fp16TEPsm] -> 0xffff958cb424
cceprint: [_ZN8cceprint13vconv_s162f16EPN7float165Fp16TEPshtthhbb] -> 0xffff958cb52c
cceprint: [_ZN8cceprint13vconv_s162f16EPN7float165Fp16TEPshtttt] -> 0xffff958cb7b0
cceprint: [_ZN8cceprint14vconv_s162f16aEPN7float165Fp16TEPshtttt] -> 0xffff958cb9a8
cceprint: [_ZN8cceprint14vconv_s162f16aEPN7float165Fp16TEPsm] -> 0xffff958cbba0
cceprint: [_ZN8cceprint14vconv_s162f16cEPN7float165Fp16TEPshtttt] -> 0xffff958cbca8
cceprint: [_ZN8cceprint14vconv_s162f16cEPN7float165Fp16TEPsm] -> 0xffff958cbea0
cceprint: [_ZN8cceprint14vconv_s162f16fEPN7float165Fp16TEPshtttt] -> 0xffff958cbfa8
cceprint: [_ZN8cceprint14vconv_s162f16fEPN7float165Fp16TEPsm] -> 0xffff958cc1a0
cceprint: [_ZN8cceprint14vconv_s162f16rEPN7float165Fp16TEPshtttt] -> 0xffff958cc2a8
cceprint: [_ZN8cceprint14vconv_s162f16rEPN7float165Fp16TEPsm] -> 0xffff958cc4a0
cceprint: [_ZN8cceprint14vconv_s162f16zEPN7float165Fp16TEPshtttt] -> 0xffff958cc5a8
cceprint: [_ZN8cceprint14vconv_s162f16zEPN7float165Fp16TEPsm] -> 0xffff958cc7a0
cceprint: [_ZN8cceprint13vconv_s162f32EPfPsm] -> 0xffff958cc8a8
cceprint: [_ZN8cceprint13vconv_s162f32EPfPshtthhbb] -> 0xffff958cc9b0
cceprint: [_ZN8cceprint13vconv_s162f32EPfPshtttt] -> 0xffff958ccc34
cceprint: [_ZN8cceprint13vconv_s322f32EPfPim] -> 0xffff958cce2c
cceprint: [_ZN8cceprint13vconv_s322f32EPfPihtthh] -> 0xffff958ccf34
cceprint: [_ZN8cceprint13vconv_s322f32EPfPihtthhbb] -> 0xffff958cd144
cceprint: [_ZN8cceprint13vconv_s322f32EPfPihtttt] -> 0xffff958cd3c8
cceprint: [_ZN8cceprint14vconv_s322f32aEPfPihtttt] -> 0xffff958cd5c0
cceprint: [_ZN8cceprint14vconv_s322f32aEPfPim] -> 0xffff958cd7b8
cceprint: [_ZN8cceprint14vconv_s322f32cEPfPihtttt] -> 0xffff958cd8c0
cceprint: [_ZN8cceprint14vconv_s322f32cEPfPim] -> 0xffff958cdab8
cceprint: [_ZN8cceprint14vconv_s322f32fEPfPihtttt] -> 0xffff958cdbc0
cceprint: [_ZN8cceprint14vconv_s322f32fEPfPim] -> 0xffff958cddb8
cceprint: [_ZN8cceprint14vconv_s322f32rEPfPihtttt] -> 0xffff958cdec0
cceprint: [_ZN8cceprint14vconv_s322f32rEPfPim] -> 0xffff958ce0b8
cceprint: [_ZN8cceprint14vconv_s322f32zEPfPihtttt] -> 0xffff958ce1c0
cceprint: [_ZN8cceprint14vconv_s322f32zEPfPim] -> 0xffff958ce3b8
cceprint: [_ZN8cceprint13vconv_s322s16EPsPihtttt] -> 0xffff958ce4c0
cceprint: [_ZN8cceprint13vconv_s322s16EPsPim] -> 0xffff958ce6b8
cceprint: [_ZN8cceprint13vconv_s322s64EPlPihtttt] -> 0xffff958ce7c0
cceprint: [_ZN8cceprint13vconv_s322s64EPlPim] -> 0xffff958ce9b8
cceprint: [_ZN8cceprint12vconv_s42f16EPN7float165Fp16TEPvhtthh] -> 0xffff958ceac0
cceprint: [_ZN8cceprint12vconv_s42f16EPN7float165Fp16TEPvm] -> 0xffff958cecd0
cceprint: [_ZN8cceprint14vconv_s642f32aEPfPlhtttt] -> 0xffff958cedd8
cceprint: [_ZN8cceprint14vconv_s642f32aEPfPlm] -> 0xffff958cefd0
cceprint: [_ZN8cceprint14vconv_s642f32cEPfPlhtttt] -> 0xffff958cf0d8
cceprint: [_ZN8cceprint14vconv_s642f32cEPfPlm] -> 0xffff958cf2d0
cceprint: [_ZN8cceprint14vconv_s642f32fEPfPlhtttt] -> 0xffff958cf3d8
cceprint: [_ZN8cceprint14vconv_s642f32fEPfPlm] -> 0xffff958cf5d0
cceprint: [_ZN8cceprint14vconv_s642f32rEPfPlhtttt] -> 0xffff958cf6d8
cceprint: [_ZN8cceprint14vconv_s642f32rEPfPlm] -> 0xffff958cf8d0
cceprint: [_ZN8cceprint14vconv_s642f32zEPfPlhtttt] -> 0xffff958cf9d8
cceprint: [_ZN8cceprint14vconv_s642f32zEPfPlm] -> 0xffff958cfbd0
cceprint: [_ZN8cceprint13vconv_s642s32EPiPlhtttt] -> 0xffff958cfcd8
cceprint: [_ZN8cceprint13vconv_s642s32EPiPlm] -> 0xffff958cfed0
cceprint: [_ZN8cceprint12vconv_s82f16EPN7float165Fp16TEPam] -> 0xffff958cffd8
cceprint: [_ZN8cceprint12vconv_s82f16EPN7float165Fp16TEPahtthh] -> 0xffff958d00e0
cceprint: [_ZN8cceprint12vconv_s82f16EPN7float165Fp16TEPahtthhbb] -> 0xffff958d02f0
cceprint: [_ZN8cceprint12vconv_s82f16EPN7float165Fp16TEPahtttt] -> 0xffff958d0574
cceprint: [_ZN8cceprint12vconv_u82f16EPN7float165Fp16TEPhm] -> 0xffff958d076c
cceprint: [_ZN8cceprint12vconv_u82f16EPN7float165Fp16TEPhhtthh] -> 0xffff958d0874
cceprint: [_ZN8cceprint12vconv_u82f16EPN7float165Fp16TEPhhtthhbb] -> 0xffff958d0a84
cceprint: [_ZN8cceprint12vconv_u82f16EPN7float165Fp16TEPhhtttt] -> 0xffff958d0d08
cceprint: [_ZN8cceprint16vconv_vdeqs162b8EPaPsmb] -> 0xffff958d0f00
cceprint: [_ZN8cceprint16vconv_vdeqs162b8EPaPshtthhbbb] -> 0xffff958d1044
cceprint: [_ZN8cceprint16vconv_vdeqs162b8EPhPsmb] -> 0xffff958d1300
cceprint: [_ZN8cceprint16vconv_vdeqs162b8EPhPshtthhbbb] -> 0xffff958d1444
cceprint: [_ZN8cceprint17vconv_vdeqs162b8hEPaPshtthh] -> 0xffff958d1700
cceprint: [_ZN8cceprint17vconv_vdeqs162b8hEPaPsm] -> 0xffff958d1910
cceprint: [_ZN8cceprint17vconv_vdeqs162b8hEPhPshtthh] -> 0xffff958d1a18
cceprint: [_ZN8cceprint17vconv_vdeqs162b8hEPhPsm] -> 0xffff958d1c28
cceprint: [_ZN8cceprint17vconv_vdeqs162b8lEPaPshtthh] -> 0xffff958d1d30
cceprint: [_ZN8cceprint17vconv_vdeqs162b8lEPaPsm] -> 0xffff958d1f40
cceprint: [_ZN8cceprint17vconv_vdeqs162b8lEPhPshtthh] -> 0xffff958d2048
cceprint: [_ZN8cceprint17vconv_vdeqs162b8lEPhPsm] -> 0xffff958d2258
cceprint: [_ZN8cceprint4vcvtERA128_N7float165Fp16TEPhh7Literal] -> 0xffff958d2360
cceprint: [_ZN8cceprint4vcvtERA128_N7float165Fp16TEPah7Literal] -> 0xffff958d24b0
cceprint: [_ZN8cceprint4vcvtERA64_fPN7float165Fp16TEh7Literal] -> 0xffff958d2600
cceprint: [_ZN8cceprint4vcvtERA64_iPN7float165Fp16TEh7LiteralS5_] -> 0xffff958d2750
cceprint: [_ZN8cceprint4vcvtERA64_fPN8bfloat165Bf16TEh7Literal] -> 0xffff958d28e8
cceprint: [_ZN8cceprint4vcvtERA64_iPN8bfloat165Bf16TEh7LiteralS5_S5_] -> 0xffff958d2a38
cceprint: [_ZN8cceprint4vcvtERA64_fPsh7Literal] -> 0xffff958d2c18
cceprint: [_ZN8cceprint4vcvtERA32_lPfh7LiteralS3_S3_] -> 0xffff958d2d68
cceprint: [_ZN8cceprint4vcvtERA32_lPih7Literal] -> 0xffff958d2f48
cceprint: [_ZN8cceprint4vcvtERA256_hPN7float165Fp16TEh7LiteralS5_S5_] -> 0xffff958d3098
cceprint: [_ZN8cceprint4vcvtERA256_aPN7float165Fp16TEh7LiteralS5_S5_] -> 0xffff958d3278
cceprint: [_ZN8cceprint4vcvtERA128_N7float165Fp16TEPfh7LiteralS5_S5_] -> 0xffff958d3458
cceprint: [_ZN8cceprint4vcvtERA128_N8bfloat165Bf16TEPfh7LiteralS5_S5_] -> 0xffff958d3638
cceprint: [_ZN8cceprint4vcvtERA128_sPfh7LiteralS3_S3_] -> 0xffff958d3818
cceprint: [_ZN8cceprint4vcvtERA128_sPih7LiteralS3_] -> 0xffff958d39f8
cceprint: [_ZN8cceprint4vcvtERA64_iPlh7LiteralS3_] -> 0xffff958d3b90
cceprint: [_ZN8cceprint4vcvtERA64_fPlh7LiteralS3_] -> 0xffff958d3d28
cceprint: [_ZN8cceprint4vcvtERA128_sPN7float165Fp16TEh7LiteralS5_] -> 0xffff958d3ec0
cceprint: [_ZN8cceprint4vcvtERA128_N7float165Fp16TEPsh7Literal] -> 0xffff958d4058
cceprint: [_ZN8cceprint4vcvtERA64_iPfh7LiteralS3_] -> 0xffff958d41a8
cceprint: [_ZN8cceprint4vcvtERA64_fPih7Literal] -> 0xffff958d4340
cceprint: [_ZN8cceprint4vtrcERA64_fPf7Literalh] -> 0xffff958d4490
cceprint: [_ZN8cceprint5vcopyEPsS0_m] -> 0xffff958d45e0
cceprint: [_ZN8cceprint5vcopyEPsS0_htttt] -> 0xffff958d46e8
cceprint: [_ZN8cceprint5vcopyEPiS0_m] -> 0xffff958d48e0
cceprint: [_ZN8cceprint5vcopyEPiS0_htttt] -> 0xffff958d49e8
cceprint: [_ZN8cceprint5vcopyEPtS0_m] -> 0xffff958d4be0
cceprint: [_ZN8cceprint5vcopyEPtS0_htttt] -> 0xffff958d4ce8
cceprint: [_ZN8cceprint5vcopyEPjS0_m] -> 0xffff958d4ee0
cceprint: [_ZN8cceprint5vcopyEPjS0_htttt] -> 0xffff958d4fe8
cceprint: [_ZN8cceprint6vcpaddEPN7float165Fp16TES2_m] -> 0xffff958d51e0
cceprint: [_ZN8cceprint6vcpaddEPN7float165Fp16TES2_httt] -> 0xffff958d52e8
cceprint: [_ZN8cceprint6vcpaddEPN7float165Fp16TES2_htttbb] -> 0xffff958d54a4
cceprint: [_ZN8cceprint6vcpaddEPfS0_m] -> 0xffff958d56d8
cceprint: [_ZN8cceprint6vcpaddEPfS0_httt] -> 0xffff958d57e0
cceprint: [_ZN8cceprint6vcpaddEPfS0_htttbb] -> 0xffff958d599c
cceprint: [_ZN8cceprint4vdivEPN7float165Fp16TES2_S2_m] -> 0xffff958d5bd0
cceprint: [_ZN8cceprint4vdivEPN7float165Fp16TES2_S2_hhhhhhh] -> 0xffff958d5d14
cceprint: [_ZN8cceprint4vdivEPN7float165Fp16TES2_S2_hhhhhhhbb] -> 0xffff958d6000
cceprint: [_ZN8cceprint4vdivEPfS0_S0_m] -> 0xffff958d635c
cceprint: [_ZN8cceprint4vdivEPfS0_S0_hhhhhhh] -> 0xffff958d64a0
cceprint: [_ZN8cceprint4vdivEPfS0_S0_hhhhhhhbb] -> 0xffff958d678c
cceprint: [_ZN8cceprint3vdpEPsS0_S0_m] -> 0xffff958d6ae8
cceprint: [_ZN8cceprint3vdpEPsS0_S0_thttbbb] -> 0xffff958d6c2c
cceprint: [_ZN8cceprint10vector_dupEPN7float165Fp16TES1_m] -> 0xffff958d6ed0
cceprint: [_ZN8cceprint10vector_dupEPN7float165Fp16TES1_htthh] -> 0xffff958d6fec
cceprint: [_ZN8cceprint10vector_dupEPN7float165Fp16TES1_htthhbb] -> 0xffff958d7210
cceprint: [_ZN8cceprint10vector_dupEPN7float165Fp16TES1_htttt] -> 0xffff958d74a8
cceprint: [_ZN8cceprint10vector_dupEPffm] -> 0xffff958d76b4
cceprint: [_ZN8cceprint10vector_dupEPffhtthh] -> 0xffff958d77bc
cceprint: [_ZN8cceprint10vector_dupEPffhtthhbb] -> 0xffff958d79cc
cceprint: [_ZN8cceprint10vector_dupEPffhtttt] -> 0xffff958d7c54
cceprint: [_ZN8cceprint10vector_dupEPssm] -> 0xffff958d7e4c
cceprint: [_ZN8cceprint10vector_dupEPsshtthh] -> 0xffff958d7f54
cceprint: [_ZN8cceprint10vector_dupEPsshtthhbb] -> 0xffff958d8164
cceprint: [_ZN8cceprint10vector_dupEPsshtttt] -> 0xffff958d83e8
cceprint: [_ZN8cceprint10vector_dupEPiim] -> 0xffff958d85e0
cceprint: [_ZN8cceprint10vector_dupEPiihtthh] -> 0xffff958d86e8
cceprint: [_ZN8cceprint10vector_dupEPiihtthhbb] -> 0xffff958d88f8
cceprint: [_ZN8cceprint10vector_dupEPiihtttt] -> 0xffff958d8b7c
cceprint: [_ZN8cceprint10vector_dupEPttm] -> 0xffff958d8d74
cceprint: [_ZN8cceprint10vector_dupEPtthtthh] -> 0xffff958d8e7c
cceprint: [_ZN8cceprint10vector_dupEPtthtthhbb] -> 0xffff958d908c
cceprint: [_ZN8cceprint10vector_dupEPtthtttt] -> 0xffff958d9310
cceprint: [_ZN8cceprint10vector_dupEPjjm] -> 0xffff958d9508
cceprint: [_ZN8cceprint10vector_dupEPjjhtthh] -> 0xffff958d9610
cceprint: [_ZN8cceprint10vector_dupEPjjhtthhbb] -> 0xffff958d9820
cceprint: [_ZN8cceprint10vector_dupEPjjhtttt] -> 0xffff958d9aa4
cceprint: [_ZN8cceprint10vector_dupEPN8bfloat165Bf16TES1_m] -> 0xffff958d9c9c
cceprint: [_ZN8cceprint10vector_dupEPN8bfloat165Bf16TES1_htthh] -> 0xffff958d9db8
cceprint: [_ZN8cceprint4vexpEPN7float165Fp16TES2_m] -> 0xffff958d9fdc
cceprint: [_ZN8cceprint4vexpEPN7float165Fp16TES2_htthh] -> 0xffff958da0e4
cceprint: [_ZN8cceprint4vexpEPN7float165Fp16TES2_htthhbb] -> 0xffff958da2f4
cceprint: [_ZN8cceprint4vexpEPN7float165Fp16TES2_htttt] -> 0xffff958da578
cceprint: [_ZN8cceprint4vexpEPfS0_m] -> 0xffff958da770
cceprint: [_ZN8cceprint4vexpEPfS0_htthh] -> 0xffff958da878
cceprint: [_ZN8cceprint4vexpEPfS0_htthhbb] -> 0xffff958daa88
cceprint: [_ZN8cceprint4vexpEPfS0_htttt] -> 0xffff958dad0c
cceprint: [_ZN8cceprint8vextractEPN7float165Fp16TES2_m] -> 0xffff958daf04
cceprint: [_ZN8cceprint8vextractEPN7float165Fp16TES2_hh] -> 0xffff958db00c
cceprint: [_ZN8cceprint8vextractEPN7float165Fp16TES2_htthh] -> 0xffff958db15c
cceprint: [_ZN8cceprint8vextractEPN7float165Fp16TES2_htthhbb] -> 0xffff958db36c
cceprint: [_ZN8cceprint8vextractEPfS0_m] -> 0xffff958db5f0
cceprint: [_ZN8cceprint8vextractEPfS0_hh] -> 0xffff958db6f8
cceprint: [_ZN8cceprint8vextractEPfS0_htthh] -> 0xffff958db848
cceprint: [_ZN8cceprint8vextractEPfS0_htthhbb] -> 0xffff958dba58
cceprint: [_ZN8cceprint7vgatherEPtPjm] -> 0xffff958dbcdc
cceprint: [_ZN8cceprint7vgatherEPtPjjb] -> 0xffff958dbde4
cceprint: [_ZN8cceprint7vgatherEPtPjjth] -> 0xffff958dbf1c
cceprint: [_ZN8cceprint7vgatherEPjS0_m] -> 0xffff958dc09c
cceprint: [_ZN8cceprint7vgatherEPjS0_jb] -> 0xffff958dc1a4
cceprint: [_ZN8cceprint7vgatherEPjS0_jth] -> 0xffff958dc2dc
cceprint: [_ZN8cceprint8vgatherbEPtPjm] -> 0xffff958dc45c
cceprint: [_ZN8cceprint8vgatherbEPtPjjthh] -> 0xffff958dc564
cceprint: [_ZN8cceprint8vgatherbEPjS0_m] -> 0xffff958dc72c
cceprint: [_ZN8cceprint8vgatherbEPjS0_jthh] -> 0xffff958dc834
cceprint: [_ZN8cceprint4viouEPN7float165Fp16TES2_S2_m] -> 0xffff958dc9fc
cceprint: [_ZN8cceprint4viouEPN7float165Fp16TES2_S2_hhhhhhh] -> 0xffff958dcb40
cceprint: [_ZN8cceprint4viouEPN7float165Fp16TES2_S2_hhhhhhhbb] -> 0xffff958dce2c
cceprint: [_ZN8cceprint4viouEPfS0_S0_m] -> 0xffff958dd188
cceprint: [_ZN8cceprint4viouEPfS0_S0_hhhhhhh] -> 0xffff958dd2cc
cceprint: [_ZN8cceprint4viouEPfS0_S0_hhhhhhhbb] -> 0xffff958dd5b8
cceprint: [_ZN8cceprint10vld_va_regE10ub_addr8_tPm7vpart_t] -> 0xffff958dd914
cceprint: [_ZN8cceprint3vlnEPN7float165Fp16TES2_m] -> 0xffff958dda28
cceprint: [_ZN8cceprint3vlnEPN7float165Fp16TES2_htthh] -> 0xffff958ddb30
cceprint: [_ZN8cceprint3vlnEPN7float165Fp16TES2_htthhbb] -> 0xffff958ddd40
cceprint: [_ZN8cceprint3vlnEPN7float165Fp16TES2_htttt] -> 0xffff958ddfc4
cceprint: [_ZN8cceprint3vlnEPfS0_m] -> 0xffff958de1bc
cceprint: [_ZN8cceprint3vlnEPfS0_htthh] -> 0xffff958de2c4
cceprint: [_ZN8cceprint3vlnEPfS0_htthhbb] -> 0xffff958de4d4
cceprint: [_ZN8cceprint3vlnEPfS0_htttt] -> 0xffff958de758
cceprint: [_ZN8cceprint6vlreluEPN7float165Fp16TES2_S1_m] -> 0xffff958de950
cceprint: [_ZN8cceprint6vlreluEPN7float165Fp16TES2_S1_htthhbb] -> 0xffff958deaa8
cceprint: [_ZN8cceprint6vlreluEPN7float165Fp16TES2_S1_htttt] -> 0xffff958ded78
cceprint: [_ZN8cceprint6vlreluEPfS0_fm] -> 0xffff958defc0
cceprint: [_ZN8cceprint6vlreluEPfS0_fhtthhbb] -> 0xffff958df104
cceprint: [_ZN8cceprint6vlreluEPfS0_fhtttt] -> 0xffff958df3c4
cceprint: [_ZN8cceprint5vmaddEPN7float165Fp16TES2_S2_m] -> 0xffff958df5f8
cceprint: [_ZN8cceprint5vmaddEPN7float165Fp16TES2_S2_hhhhhhh] -> 0xffff958df73c
cceprint: [_ZN8cceprint5vmaddEPN7float165Fp16TES2_S2_hhhhhhhbb] -> 0xffff958dfa28
cceprint: [_ZN8cceprint5vmaddEPfS0_S0_m] -> 0xffff958dfd84
cceprint: [_ZN8cceprint5vmaddEPfS0_S0_hhhhhhh] -> 0xffff958dfec8
cceprint: [_ZN8cceprint5vmaddEPfS0_S0_hhhhhhhbb] -> 0xffff958e01b4
cceprint: [_ZN8cceprint9vmaddreluEPN7float165Fp16TES2_S2_m] -> 0xffff958e0510
cceprint: [_ZN8cceprint9vmaddreluEPN7float165Fp16TES2_S2_hhhhhhh] -> 0xffff958e0654
cceprint: [_ZN8cceprint9vmaddreluEPN7float165Fp16TES2_S2_hhhhhhhbb] -> 0xffff958e0940
cceprint: [_ZN8cceprint9vmaddreluEPfS0_S0_m] -> 0xffff958e0c9c
cceprint: [_ZN8cceprint9vmaddreluEPfS0_S0_hhhhhhh] -> 0xffff958e0de0
cceprint: [_ZN8cceprint9vmaddreluEPfS0_S0_hhhhhhhbb] -> 0xffff958e10cc
cceprint: [_ZN8cceprint4vmaxEPN7float165Fp16TES2_S2_m] -> 0xffff958e1428
cceprint: [_ZN8cceprint4vmaxEPN7float165Fp16TES2_S2_hhhhhhh] -> 0xffff958e156c
cceprint: [_ZN8cceprint4vmaxEPN7float165Fp16TES2_S2_hhhhhhhbb] -> 0xffff958e1858
cceprint: [_ZN8cceprint4vmaxEPfS0_S0_m] -> 0xffff958e1bb4
cceprint: [_ZN8cceprint4vmaxEPfS0_S0_hhhhhhh] -> 0xffff958e1cf8
cceprint: [_ZN8cceprint4vmaxEPfS0_S0_hhhhhhhbb] -> 0xffff958e1fe4
cceprint: [_ZN8cceprint4vmaxEPsS0_S0_m] -> 0xffff958e2340
cceprint: [_ZN8cceprint4vmaxEPsS0_S0_hhhhhhh] -> 0xffff958e2484
cceprint: [_ZN8cceprint4vmaxEPsS0_S0_hhhhhhhbb] -> 0xffff958e2770
cceprint: [_ZN8cceprint4vmaxEPiS0_S0_m] -> 0xffff958e2acc
cceprint: [_ZN8cceprint4vmaxEPiS0_S0_hhhhhhh] -> 0xffff958e2c10
cceprint: [_ZN8cceprint4vmaxEPiS0_S0_hhhhhhhbb] -> 0xffff958e2efc
cceprint: [_ZN8cceprint5vmaxsEPN7float165Fp16TES2_S1_m] -> 0xffff958e3258
cceprint: [_ZN8cceprint5vmaxsEPN7float165Fp16TES2_S1_htthhbb] -> 0xffff958e33b0
cceprint: [_ZN8cceprint5vmaxsEPN7float165Fp16TES2_S1_htttt] -> 0xffff958e3680
cceprint: [_ZN8cceprint5vmaxsEPfS0_fm] -> 0xffff958e38c8
cceprint: [_ZN8cceprint5vmaxsEPfS0_fhtthhbb] -> 0xffff958e3a0c
cceprint: [_ZN8cceprint5vmaxsEPfS0_fhtttt] -> 0xffff958e3ccc
cceprint: [_ZN8cceprint5vmaxsEPsS0_sm] -> 0xffff958e3f00
cceprint: [_ZN8cceprint5vmaxsEPsS0_shtthhbb] -> 0xffff958e4044
cceprint: [_ZN8cceprint5vmaxsEPsS0_shtttt] -> 0xffff958e4300
cceprint: [_ZN8cceprint5vmaxsEPiS0_im] -> 0xffff958e4534
cceprint: [_ZN8cceprint5vmaxsEPiS0_ihtthhbb] -> 0xffff958e4678
cceprint: [_ZN8cceprint5vmaxsEPiS0_ihtttt] -> 0xffff958e4934
cceprint: [_ZN8cceprint8vmergechEPhS0_m] -> 0xffff958e4b68
cceprint: [_ZN8cceprint8vmergechEPhS0_htthh] -> 0xffff958e4c70
cceprint: [_ZN8cceprint8vmergechEPhS0_htthhbb] -> 0xffff958e4e80
cceprint: [_ZN8cceprint8vmergechEPN7float165Fp16TES2_m] -> 0xffff958e5104
cceprint: [_ZN8cceprint8vmergechEPN7float165Fp16TES2_htthh] -> 0xffff958e520c
cceprint: [_ZN8cceprint8vmergechEPN7float165Fp16TES2_htthhbb] -> 0xffff958e541c
cceprint: [_ZN8cceprint4vminEPN7float165Fp16TES2_S2_m] -> 0xffff958e56a0
cceprint: [_ZN8cceprint4vminEPN7float165Fp16TES2_S2_hhhhhhh] -> 0xffff958e57e4
cceprint: [_ZN8cceprint4vminEPN7float165Fp16TES2_S2_hhhhhhhbb] -> 0xffff958e5ad0
cceprint: [_ZN8cceprint4vminEPfS0_S0_m] -> 0xffff958e5e2c
cceprint: [_ZN8cceprint4vminEPfS0_S0_hhhhhhh] -> 0xffff958e5f70
cceprint: [_ZN8cceprint4vminEPfS0_S0_hhhhhhhbb] -> 0xffff958e625c
cceprint: [_ZN8cceprint4vminEPsS0_S0_m] -> 0xffff958e65b8
cceprint: [_ZN8cceprint4vminEPsS0_S0_hhhhhhh] -> 0xffff958e66fc
cceprint: [_ZN8cceprint4vminEPsS0_S0_hhhhhhhbb] -> 0xffff958e69e8
cceprint: [_ZN8cceprint4vminEPiS0_S0_m] -> 0xffff958e6d44
cceprint: [_ZN8cceprint4vminEPiS0_S0_hhhhhhh] -> 0xffff958e6e88
cceprint: [_ZN8cceprint4vminEPiS0_S0_hhhhhhhbb] -> 0xffff958e7174
cceprint: [_ZN8cceprint5vminsEPN7float165Fp16TES2_S1_m] -> 0xffff958e74d0
cceprint: [_ZN8cceprint5vminsEPN7float165Fp16TES2_S1_htthhbb] -> 0xffff958e7628
cceprint: [_ZN8cceprint5vminsEPN7float165Fp16TES2_S1_htttt] -> 0xffff958e78f8
cceprint: [_ZN8cceprint5vminsEPfS0_fm] -> 0xffff958e7b40
cceprint: [_ZN8cceprint5vminsEPfS0_fhtthhbb] -> 0xffff958e7c84
cceprint: [_ZN8cceprint5vminsEPfS0_fhtttt] -> 0xffff958e7f44
cceprint: [_ZN8cceprint5vminsEPsS0_sm] -> 0xffff958e8178
cceprint: [_ZN8cceprint5vminsEPsS0_shtthhbb] -> 0xffff958e82bc
cceprint: [_ZN8cceprint5vminsEPsS0_shtttt] -> 0xffff958e8578
cceprint: [_ZN8cceprint5vminsEPiS0_im] -> 0xffff958e87ac
cceprint: [_ZN8cceprint5vminsEPiS0_ihtthhbb] -> 0xffff958e88f0
cceprint: [_ZN8cceprint5vminsEPiS0_ihtttt] -> 0xffff958e8bac
cceprint: [_ZN8cceprint4vmlaEPN7float165Fp16TES2_S2_m] -> 0xffff958e8de0
cceprint: [_ZN8cceprint4vmlaEPN7float165Fp16TES2_S2_hhhhhhh] -> 0xffff958e8f24
cceprint: [_ZN8cceprint4vmlaEPN7float165Fp16TES2_S2_hhhhhhhbb] -> 0xffff958e9210
cceprint: [_ZN8cceprint4vmlaEPfS0_S0_m] -> 0xffff958e956c
cceprint: [_ZN8cceprint4vmlaEPfS0_S0_hhhhhhh] -> 0xffff958e96b0
cceprint: [_ZN8cceprint4vmlaEPfS0_S0_hhhhhhhbb] -> 0xffff958e999c
cceprint: [_ZN8cceprint4vmlaEPfPN7float165Fp16TES3_m] -> 0xffff958e9cf8
cceprint: [_ZN8cceprint4vmlaEPfPN7float165Fp16TES3_hhhhhhh] -> 0xffff958e9e3c
cceprint: [_ZN8cceprint4vmlaEPfPN7float165Fp16TES3_hhhhhhhbb] -> 0xffff958ea128
cceprint: [_ZN8cceprint9vmrgsort4EPN7float165Fp16TEPS2_m] -> 0xffff958ea484
cceprint: [_ZN8cceprint9vmrgsort4EPfPS0_m] -> 0xffff958ea58c
cceprint: [_ZN8cceprint9vmrgsort4EPN7float165Fp16TEPS2_mm] -> 0xffff958ea694
cceprint: [_ZN8cceprint9vmrgsort4EPfPS0_mm] -> 0xffff958ea7e4
cceprint: [_ZN8cceprint4vmulEPN7float165Fp16TES2_S2_m] -> 0xffff958ea934
cceprint: [_ZN8cceprint4vmulEPN7float165Fp16TES2_S2_hhhhhhh] -> 0xffff958eaa78
cceprint: [_ZN8cceprint4vmulEPN7float165Fp16TES2_S2_hhhhhhhbb] -> 0xffff958ead64
cceprint: [_ZN8cceprint4vmulEPfS0_S0_m] -> 0xffff958eb0c0
cceprint: [_ZN8cceprint4vmulEPfS0_S0_hhhhhhh] -> 0xffff958eb204
cceprint: [_ZN8cceprint4vmulEPfS0_S0_hhhhhhhbb] -> 0xffff958eb4f0
cceprint: [_ZN8cceprint4vmulEPsS0_S0_m] -> 0xffff958eb84c
cceprint: [_ZN8cceprint4vmulEPsS0_S0_hhhhhhh] -> 0xffff958eb990
cceprint: [_ZN8cceprint4vmulEPsS0_S0_hhhhhhhbb] -> 0xffff958ebc7c
cceprint: [_ZN8cceprint4vmulEPiS0_S0_m] -> 0xffff958ebfd8
cceprint: [_ZN8cceprint4vmulEPiS0_S0_hhhhhhh] -> 0xffff958ec11c
cceprint: [_ZN8cceprint4vmulEPiS0_S0_hhhhhhhbb] -> 0xffff958ec408
cceprint: [_ZN8cceprint15vmulconv_f162s8EPaPN7float165Fp16TES3_m] -> 0xffff958ec764
cceprint: [_ZN8cceprint15vmulconv_f162s8EPaPN7float165Fp16TES3_hhhhhhh] -> 0xffff958ec8a8
cceprint: [_ZN8cceprint15vmulconv_f162s8EPaPN7float165Fp16TES3_hhhhhhhbb] -> 0xffff958ecb94
cceprint: [_ZN8cceprint15vmulconv_f162u8EPhPN7float165Fp16TES3_m] -> 0xffff958ecef0
cceprint: [_ZN8cceprint15vmulconv_f162u8EPhPN7float165Fp16TES3_hhhhhhh] -> 0xffff958ed034
cceprint: [_ZN8cceprint15vmulconv_f162u8EPhPN7float165Fp16TES3_hhhhhhhbb] -> 0xffff958ed320
cceprint: [_ZN8cceprint5vmulsEPN7float165Fp16TES2_S1_m] -> 0xffff958ed67c
cceprint: [_ZN8cceprint5vmulsEPN7float165Fp16TES2_S1_htthh] -> 0xffff958ed7d4
cceprint: [_ZN8cceprint5vmulsEPN7float165Fp16TES2_S1_htthhbb] -> 0xffff958eda34
cceprint: [_ZN8cceprint5vmulsEPN7float165Fp16TES2_S1_htttt] -> 0xffff958edd04
cceprint: [_ZN8cceprint5vmulsEPfS0_fm] -> 0xffff958edf4c
cceprint: [_ZN8cceprint5vmulsEPfS0_fhtthh] -> 0xffff958ee090
cceprint: [_ZN8cceprint5vmulsEPfS0_fhtthhbb] -> 0xffff958ee2dc
cceprint: [_ZN8cceprint5vmulsEPfS0_fhtttt] -> 0xffff958ee59c
cceprint: [_ZN8cceprint5vmulsEPsS0_sm] -> 0xffff958ee7d0
cceprint: [_ZN8cceprint5vmulsEPsS0_shtthh] -> 0xffff958ee914
cceprint: [_ZN8cceprint5vmulsEPsS0_shtthhbb] -> 0xffff958eeb60
cceprint: [_ZN8cceprint5vmulsEPsS0_shtttt] -> 0xffff958eee1c
cceprint: [_ZN8cceprint5vmulsEPiS0_im] -> 0xffff958ef050
cceprint: [_ZN8cceprint5vmulsEPiS0_ihtthh] -> 0xffff958ef194
cceprint: [_ZN8cceprint5vmulsEPiS0_ihtthhbb] -> 0xffff958ef3e0
cceprint: [_ZN8cceprint5vmulsEPiS0_ihtttt] -> 0xffff958ef69c
cceprint: [_ZN8cceprint4vnotEPsS0_m] -> 0xffff958ef8d0
cceprint: [_ZN8cceprint4vnotEPsS0_htthh] -> 0xffff958ef9d8
cceprint: [_ZN8cceprint4vnotEPsS0_htthhbb] -> 0xffff958efbe8
cceprint: [_ZN8cceprint4vnotEPsS0_htttt] -> 0xffff958efe6c
cceprint: [_ZN8cceprint4vnotEPtS0_m] -> 0xffff958f0064
cceprint: [_ZN8cceprint4vnotEPtS0_htthh] -> 0xffff958f016c
cceprint: [_ZN8cceprint4vnotEPtS0_htthhbb] -> 0xffff958f037c
cceprint: [_ZN8cceprint4vnotEPtS0_htttt] -> 0xffff958f0600
cceprint: [_ZN8cceprint3vorEPsS0_S0_m] -> 0xffff958f07f8
cceprint: [_ZN8cceprint3vorEPsS0_S0_hhhhhhh] -> 0xffff958f093c
cceprint: [_ZN8cceprint3vorEPsS0_S0_hhhhhhhbb] -> 0xffff958f0c28
cceprint: [_ZN8cceprint3vorEPtS0_S0_m] -> 0xffff958f0f84
cceprint: [_ZN8cceprint3vorEPtS0_S0_hhhhhhh] -> 0xffff958f10c8
cceprint: [_ZN8cceprint3vorEPtS0_S0_hhhhhhhbb] -> 0xffff958f13b4
cceprint: [_ZN8cceprint8vpaddingEPtS0_m] -> 0xffff958f1710
cceprint: [_ZN8cceprint8vpaddingEPtS0_htthhbbhb] -> 0xffff958f1818
cceprint: [_ZN8cceprint8vpaddingEPjS0_m] -> 0xffff958f1b18
cceprint: [_ZN8cceprint8vpaddingEPjS0_htthhbbhb] -> 0xffff958f1c20
cceprint: [_ZN8cceprint4vrecEPN7float165Fp16TES2_m] -> 0xffff958f1f20
cceprint: [_ZN8cceprint4vrecEPN7float165Fp16TES2_htthh] -> 0xffff958f2028
cceprint: [_ZN8cceprint4vrecEPN7float165Fp16TES2_htthhbb] -> 0xffff958f2238
cceprint: [_ZN8cceprint4vrecEPN7float165Fp16TES2_htttt] -> 0xffff958f24bc
cceprint: [_ZN8cceprint4vrecEPfS0_m] -> 0xffff958f26b4
cceprint: [_ZN8cceprint4vrecEPfS0_htthh] -> 0xffff958f27bc
cceprint: [_ZN8cceprint4vrecEPfS0_htthhbb] -> 0xffff958f29cc
cceprint: [_ZN8cceprint4vrecEPfS0_htttt] -> 0xffff958f2c50
cceprint: [_ZN8cceprint7vreduceEPtS0_S0_m] -> 0xffff958f2e48
cceprint: [_ZN8cceprint7vreduceEPtS0_S0_hhhhhhh] -> 0xffff958f2f8c
cceprint: [_ZN8cceprint7vreduceEPtS0_S0_hhhhh] -> 0xffff958f3278
cceprint: [_ZN8cceprint7vreduceEPjS0_S0_m] -> 0xffff958f34dc
cceprint: [_ZN8cceprint7vreduceEPjS0_S0_hhhhhhh] -> 0xffff958f3620
cceprint: [_ZN8cceprint7vreduceEPjS0_S0_hhhhh] -> 0xffff958f390c
cceprint: [_ZN8cceprint9vreducev2EPtS0_S0_m] -> 0xffff958f3b70
cceprint: [_ZN8cceprint9vreducev2EPtS0_S0_thhth] -> 0xffff958f3cb4
cceprint: [_ZN8cceprint9vreducev2EPjS0_S0_m] -> 0xffff958f3f00
cceprint: [_ZN8cceprint9vreducev2EPjS0_S0_thhth] -> 0xffff958f4044
cceprint: [_ZN8cceprint5vreluEPN7float165Fp16TES2_m] -> 0xffff958f4290
cceprint: [_ZN8cceprint5vreluEPN7float165Fp16TES2_htthh] -> 0xffff958f4398
cceprint: [_ZN8cceprint5vreluEPN7float165Fp16TES2_htthhbb] -> 0xffff958f45a8
cceprint: [_ZN8cceprint5vreluEPN7float165Fp16TES2_htttt] -> 0xffff958f482c
cceprint: [_ZN8cceprint5vreluEPfS0_m] -> 0xffff958f4a24
cceprint: [_ZN8cceprint5vreluEPfS0_htthh] -> 0xffff958f4b2c
cceprint: [_ZN8cceprint5vreluEPfS0_htthhbb] -> 0xffff958f4d3c
cceprint: [_ZN8cceprint5vreluEPfS0_htttt] -> 0xffff958f4fc0
cceprint: [_ZN8cceprint5vreluEPiS0_m] -> 0xffff958f51b8
cceprint: [_ZN8cceprint5vreluEPiS0_htthh] -> 0xffff958f52c0
cceprint: [_ZN8cceprint5vreluEPiS0_htthhbb] -> 0xffff958f54d0
cceprint: [_ZN8cceprint5vreluEPiS0_htttt] -> 0xffff958f5754
cceprint: [_ZN8cceprint5vrpacEPN7float165Fp16TES2_m] -> 0xffff958f594c
cceprint: [_ZN8cceprint5vrpacEPN7float165Fp16TES2_htthh] -> 0xffff958f5a54
cceprint: [_ZN8cceprint5vrpacEPN7float165Fp16TES2_htthhbb] -> 0xffff958f5c64
cceprint: [_ZN8cceprint5vrpacEPfS0_m] -> 0xffff958f5ee8
cceprint: [_ZN8cceprint5vrpacEPfS0_htthh] -> 0xffff958f5ff0
cceprint: [_ZN8cceprint5vrpacEPfS0_htthhbb] -> 0xffff958f6200
cceprint: [_ZN8cceprint6vrsqrtEPN7float165Fp16TES2_m] -> 0xffff958f6484
cceprint: [_ZN8cceprint6vrsqrtEPN7float165Fp16TES2_htthh] -> 0xffff958f658c
cceprint: [_ZN8cceprint6vrsqrtEPN7float165Fp16TES2_htthhbb] -> 0xffff958f679c
cceprint: [_ZN8cceprint6vrsqrtEPN7float165Fp16TES2_htttt] -> 0xffff958f6a20
cceprint: [_ZN8cceprint6vrsqrtEPfS0_m] -> 0xffff958f6c18
cceprint: [_ZN8cceprint6vrsqrtEPfS0_htthh] -> 0xffff958f6d20
cceprint: [_ZN8cceprint6vrsqrtEPfS0_htthhbb] -> 0xffff958f6f30
cceprint: [_ZN8cceprint6vrsqrtEPfS0_htttt] -> 0xffff958f71b4
cceprint: [_ZN8cceprint8vscatterEPjPtm] -> 0xffff958f73ac
cceprint: [_ZN8cceprint8vscatterEPjPtjb] -> 0xffff958f74b4
cceprint: [_ZN8cceprint8vscatterEPjS0_m] -> 0xffff958f75ec
cceprint: [_ZN8cceprint8vscatterEPjS0_jb] -> 0xffff958f76f4
cceprint: [_ZN8cceprint4vselEPN7float165Fp16TES2_S2_m] -> 0xffff958f782c
cceprint: [_ZN8cceprint4vselEPN7float165Fp16TES2_Pvm] -> 0xffff958f7970
cceprint: [_ZN8cceprint4vselEPN7float165Fp16TES2_Pvhhhhhhh] -> 0xffff958f7ab4
cceprint: [_ZN8cceprint4vselEPN7float165Fp16TES2_Pvhhhhhhhhbb] -> 0xffff958f7da0
cceprint: [_ZN8cceprint4vselEPN7float165Fp16TES2_Pvhhhhhhhh] -> 0xffff958f8140
cceprint: [_ZN8cceprint4vselEPN7float165Fp16TES2_S2_hhhhhhh] -> 0xffff958f8470
cceprint: [_ZN8cceprint4vselEPN7float165Fp16TES2_S2_hhhhhhhhbb] -> 0xffff958f875c
cceprint: [_ZN8cceprint4vselEPN7float165Fp16TES2_S2_hhhhhhhh] -> 0xffff958f8afc
cceprint: [_ZN8cceprint4vselEPfS0_S0_m] -> 0xffff958f8e2c
cceprint: [_ZN8cceprint4vselEPfS0_Pvm] -> 0xffff958f8f70
cceprint: [_ZN8cceprint4vselEPfS0_Pvhhhhhhh] -> 0xffff958f90b4
cceprint: [_ZN8cceprint4vselEPfS0_Pvhhhhhhhhbb] -> 0xffff958f93a0
cceprint: [_ZN8cceprint4vselEPfS0_Pvhhhhhhhh] -> 0xffff958f9740
cceprint: [_ZN8cceprint4vselEPfS0_S0_hhhhhhh] -> 0xffff958f9a70
cceprint: [_ZN8cceprint4vselEPfS0_S0_hhhhhhhhbb] -> 0xffff958f9d5c
cceprint: [_ZN8cceprint4vselEPfS0_S0_hhhhhhhh] -> 0xffff958fa0fc
cceprint: [_ZN8cceprint4vshlEPsS0_jm] -> 0xffff958fa42c
cceprint: [_ZN8cceprint4vshlEPsS0_jhtthh] -> 0xffff958fa570
cceprint: [_ZN8cceprint4vshlEPsS0_jhtthhbb] -> 0xffff958fa7bc
cceprint: [_ZN8cceprint4vshlEPsS0_jhtttt] -> 0xffff958faa78
cceprint: [_ZN8cceprint4vshlEPiS0_jm] -> 0xffff958facac
cceprint: [_ZN8cceprint4vshlEPiS0_jhtthh] -> 0xffff958fadf0
cceprint: [_ZN8cceprint4vshlEPiS0_jhtthhbb] -> 0xffff958fb03c
cceprint: [_ZN8cceprint4vshlEPiS0_jhtttt] -> 0xffff958fb2f8
cceprint: [_ZN8cceprint4vshlEPtS0_jm] -> 0xffff958fb52c
cceprint: [_ZN8cceprint4vshlEPtS0_jhtthh] -> 0xffff958fb670
cceprint: [_ZN8cceprint4vshlEPtS0_jhtthhbb] -> 0xffff958fb8bc
cceprint: [_ZN8cceprint4vshlEPtS0_jhtttt] -> 0xffff958fbb78
cceprint: [_ZN8cceprint4vshlEPjS0_jm] -> 0xffff958fbdac
cceprint: [_ZN8cceprint4vshlEPjS0_jhtthh] -> 0xffff958fbef0
cceprint: [_ZN8cceprint4vshlEPjS0_jhtthhbb] -> 0xffff958fc13c
cceprint: [_ZN8cceprint4vshlEPjS0_jhtttt] -> 0xffff958fc3f8
cceprint: [_ZN8cceprint4vshrEPsS0_imb] -> 0xffff958fc62c
cceprint: [_ZN8cceprint4vshrEPsS0_ihtthhbbb] -> 0xffff958fc7ac
cceprint: [_ZN8cceprint4vshrEPsS0_ihttttb] -> 0xffff958fcaa0
cceprint: [_ZN8cceprint4vshrEPiS0_imb] -> 0xffff958fcd0c
cceprint: [_ZN8cceprint4vshrEPiS0_ihtthhbbb] -> 0xffff958fce8c
cceprint: [_ZN8cceprint4vshrEPiS0_ihttttb] -> 0xffff958fd180
cceprint: [_ZN8cceprint4vshrEPtS0_jmb] -> 0xffff958fd3ec
cceprint: [_ZN8cceprint4vshrEPtS0_jhtthhbbb] -> 0xffff958fd56c
cceprint: [_ZN8cceprint4vshrEPtS0_jhttttb] -> 0xffff958fd860
cceprint: [_ZN8cceprint4vshrEPjS0_jmb] -> 0xffff958fdacc
cceprint: [_ZN8cceprint4vshrEPjS0_jhtthhbbb] -> 0xffff958fdc4c
cceprint: [_ZN8cceprint4vshrEPjS0_jhttttb] -> 0xffff958fdf40
cceprint: [_ZN8cceprint5vsortEPN7float165Fp16TES2_m] -> 0xffff958fe1ac
cceprint: [_ZN8cceprint5vsortEPN7float165Fp16TES2_h] -> 0xffff958fe2b4
cceprint: [_ZN8cceprint5vsortEPfS0_m] -> 0xffff958fe3bc
cceprint: [_ZN8cceprint5vsortEPfS0_h] -> 0xffff958fe4c4
cceprint: [_ZN8cceprint5vsqrtEPN7float165Fp16TES2_m] -> 0xffff958fe5cc
cceprint: [_ZN8cceprint5vsqrtEPN7float165Fp16TES2_htthh] -> 0xffff958fe6d4
cceprint: [_ZN8cceprint5vsqrtEPN7float165Fp16TES2_htthhbb] -> 0xffff958fe8e4
cceprint: [_ZN8cceprint5vsqrtEPN7float165Fp16TES2_htttt] -> 0xffff958feb68
cceprint: [_ZN8cceprint5vsqrtEPfS0_m] -> 0xffff958fed60
cceprint: [_ZN8cceprint5vsqrtEPfS0_htthh] -> 0xffff958fee68
cceprint: [_ZN8cceprint5vsqrtEPfS0_htthhbb] -> 0xffff958ff078
cceprint: [_ZN8cceprint5vsqrtEPfS0_htttt] -> 0xffff958ff2fc
cceprint: [_ZN8cceprint4vsubEPN7float165Fp16TES2_S2_m] -> 0xffff958ff4f4
cceprint: [_ZN8cceprint4vsubEPN7float165Fp16TES2_S2_hhhhhhh] -> 0xffff958ff638
cceprint: [_ZN8cceprint4vsubEPN7float165Fp16TES2_S2_hhhhhhhbb] -> 0xffff958ff924
cceprint: [_ZN8cceprint4vsubEPfS0_S0_m] -> 0xffff958ffc80
cceprint: [_ZN8cceprint4vsubEPfS0_S0_hhhhhhh] -> 0xffff958ffdc4
cceprint: [_ZN8cceprint4vsubEPfS0_S0_hhhhhhhbb] -> 0xffff959000b0
cceprint: [_ZN8cceprint4vsubEPsS0_S0_m] -> 0xffff9590040c
cceprint: [_ZN8cceprint4vsubEPsS0_S0_hhhhhhh] -> 0xffff95900550
cceprint: [_ZN8cceprint4vsubEPsS0_S0_hhhhhhhbb] -> 0xffff9590083c
cceprint: [_ZN8cceprint4vsubEPiS0_S0_m] -> 0xffff95900b98
cceprint: [_ZN8cceprint4vsubEPiS0_S0_hhhhhhh] -> 0xffff95900cdc
cceprint: [_ZN8cceprint4vsubEPiS0_S0_hhhhhhhbb] -> 0xffff95900fc8
cceprint: [_ZN8cceprint8vsubreluEPN7float165Fp16TES2_S2_m] -> 0xffff95901324
cceprint: [_ZN8cceprint8vsubreluEPN7float165Fp16TES2_S2_hhhhhhhbb] -> 0xffff95901468
cceprint: [_ZN8cceprint8vsubreluEPN7float165Fp16TES2_S2_hhhhhhh] -> 0xffff959017c4
cceprint: [_ZN8cceprint8vsubreluEPfS0_S0_m] -> 0xffff95901ab0
cceprint: [_ZN8cceprint8vsubreluEPfS0_S0_hhhhhhhbb] -> 0xffff95901bf4
cceprint: [_ZN8cceprint8vsubreluEPfS0_S0_hhhhhhh] -> 0xffff95901f50
cceprint: [_ZN8cceprint8vsubreluEPsS0_S0_m] -> 0xffff9590223c
cceprint: [_ZN8cceprint8vsubreluEPsS0_S0_hhhhhhhbb] -> 0xffff95902380
cceprint: [_ZN8cceprint8vsubreluEPsS0_S0_hhhhhhh] -> 0xffff959026dc
cceprint: [_ZN8cceprint19vsubreluconv_f162s8EPaPN7float165Fp16TES3_mb] -> 0xffff959029c8
cceprint: [_ZN8cceprint19vsubreluconv_f162s8EPaPN7float165Fp16TES3_hhhhhhhbbb] -> 0xffff95902b48
cceprint: [_ZN8cceprint19vsubreluconv_f162s8EPaPN7float165Fp16TES3_hhhhhhhb] -> 0xffff95902edc
cceprint: [_ZN8cceprint20vsubreluconv_f322f16EPN7float165Fp16TEPfS3_mb] -> 0xffff95903200
cceprint: [_ZN8cceprint20vsubreluconv_f322f16EPN7float165Fp16TEPfS3_hhhhhhhbbb] -> 0xffff95903380
cceprint: [_ZN8cceprint20vsubreluconv_f322f16EPN7float165Fp16TEPfS3_hhhhhhhb] -> 0xffff95903714
cceprint: [_ZN8cceprint19vsubreluconv_s162s8EPaPsS1_mb] -> 0xffff95903a38
cceprint: [_ZN8cceprint19vsubreluconv_s162s8EPaPsS1_hhhhhhhbbb] -> 0xffff95903bb8
cceprint: [_ZN8cceprint19vsubreluconv_s162s8EPaPsS1_hhhhhhhb] -> 0xffff95903f4c
cceprint: [_ZN8cceprint23vsubreluconv_vdeqs162b8EPaPsS1_mb] -> 0xffff95904270
cceprint: [_ZN8cceprint23vsubreluconv_vdeqs162b8EPhPsS1_mb] -> 0xffff959043f0
cceprint: [_ZN8cceprint23vsubreluconv_vdeqs162b8EPhPsS1_hhhhhhhbbb] -> 0xffff95904570
cceprint: [_ZN8cceprint23vsubreluconv_vdeqs162b8EPhPsS1_hhhhhhhb] -> 0xffff95904904
cceprint: [_ZN8cceprint23vsubreluconv_vdeqs162b8EPaPsS1_hhhhhhhbbb] -> 0xffff95904c28
cceprint: [_ZN8cceprint23vsubreluconv_vdeqs162b8EPaPsS1_hhhhhhhb] -> 0xffff95904fbc
cceprint: [_ZN8cceprint10vtransposeEPsS0_] -> 0xffff959052e0
cceprint: [_ZN8cceprint10vtransposeEPtS0_] -> 0xffff959053a0
cceprint: [_ZN8cceprint9wait_flagE6pipe_tS0_7event_t] -> 0xffff95905460
cceprint: [_ZN8cceprint9wait_flagE6pipe_t7event_t] -> 0xffff95905590
cceprint: [_ZN8cceprint9wait_flagE6pipe_tS0_m] -> 0xffff95905674
cceprint: [_ZN8cceprint9wait_flagE6pipe_tm] -> 0xffff959057a4
cceprint: [_ZN8cceprint13wait_flag_devEl] -> 0xffff95905888
cceprint: [_ZN8cceprint13winograd_convEPiPsPam] -> 0xffff9590590c
cceprint: [_ZN8cceprint13winograd_convEPiPsPattthhhb] -> 0xffff95905a50
cceprint: [_ZN8cceprint13winograd_convEPiPaS1_m] -> 0xffff95905d0c
cceprint: [_ZN8cceprint13winograd_convEPiPaS1_ttthhhb] -> 0xffff95905e50
cceprint: [_ZN8cceprint13get_workspaceEi] -> (nil)
cceprint: [_ZN8cceprint13set_core_typeEi] -> (nil)
cceprint: [_ZN8cceprint15get_process_numEv] -> (nil)
cceprint: [_ZN8cceprint13set_block_dimEi] -> (nil)
cceprint: [_ZN8cceprint18AscendCKernelBeginEPKciPm] -> 0xffff95906b44
cceprint: [_ZN8cceprint16AscendCKernelEndEPKciPm] -> (nil)
cceprint: [_ZN8cceprint17AscendCBlockBeginEiPKciPKm] -> 0xffff95906c58
cceprint: [_ZN8cceprint15AscendCBlockEndEiPKciPKm] -> 0xffff95907124
cceprint: [_ZN8cceprint16AscendCQueCreateEhhh] -> (nil)
cceprint: [_ZN8cceprint14AscendCBufInitEhhhmm] -> (nil)
cceprint: [_ZN8cceprint15AscendCBufAllocEhhmm] -> (nil)
cceprint: [_ZN8cceprint14AscendCBufFreeEhhmm] -> (nil)
cceprint: [_ZN8cceprint15AscendCBufEnqueEhhhm] -> (nil)
cceprint: [_ZN8cceprint15AscendCBufDequeEhhhm] -> (nil)
cceprint: [_ZN8cceprint17AscendCBufAbsAddrEhmm] -> (nil)
cceprint: [_ZN8cceprint13AscendCBufGetEhhmm] -> (nil)
cceprint: [_ZN8cceprint19AscendCTBufPoolInitEhmmm] -> (nil)
cceprint: [_ZN8cceprint27AscendCUpdateTbufPoolStatusEmb] -> (nil)
cceprint: [_ZN8cceprint26AscendCRecordPoolHierarchyEmm] -> (nil)
cceprint: [_ZN8cceprint25AscendCTBufPoolResetCheckEhmmm] -> (nil)
cceprint: [_ZN8cceprint12batch_offsetEmm] -> 0xffff9590610c
cceprint: [_ZN8cceprint12wait_and_setEPvS0_mm] -> 0xffff959061e4
cceprint: [_ZN8cceprint9wait_syncEPvS0_S0_] -> 0xffff959063ac
cceprint: [_ZN8cceprint11set_tensoraEPvS0_] -> 0xffff95906554
cceprint: [_ZN8cceprint11set_tensorbEPv] -> 0xffff95906614
cceprint: [_ZN8cceprint11get_tensorcEPv] -> 0xffff95906698
cceprint: [_ZN8cceprint13__ib_set_stubEiib] -> 0xffff9590671c
cceprint: [_ZN8cceprint14__ib_wait_stubEiib] -> 0xffff95906818
cceprint: [_ZN8cceprint15__sync_all_stubEib] -> 0xffff95906914
npuchk: [_ZN6npuchk5bcnt0Em] -> (nil)
npuchk: [_ZN6npuchk5bcnt1Em] -> (nil)
npuchk: [_ZN6npuchk18broadcast_ub_to_ccEPN7float165Fp16TES2_m] -> 0xffff95671548
npuchk: [_ZN6npuchk18broadcast_ub_to_ccEPN7float165Fp16TES2_hhhh] -> 0xffff956717c4
npuchk: [_ZN6npuchk18broadcast_ub_to_ccEPN7float165Fp16TES2_hhhhb] -> 0xffff95671b48
npuchk: [_ZN6npuchk18broadcast_ub_to_ccEPfS0_m] -> 0xffff95671f14
npuchk: [_ZN6npuchk18broadcast_ub_to_ccEPfS0_hhhh] -> 0xffff95672194
npuchk: [_ZN6npuchk18broadcast_ub_to_ccEPfS0_hhhhb] -> 0xffff9567251c
npuchk: [_ZN6npuchk18broadcast_ub_to_ccEPfPN7float165Fp16TEm] -> 0xffff956728ec
npuchk: [_ZN6npuchk18broadcast_ub_to_ccEPfPN7float165Fp16TEhhhh] -> 0xffff95672b6c
npuchk: [_ZN6npuchk18broadcast_ub_to_ccEPfPN7float165Fp16TEhhhhb] -> 0xffff95672ef4
npuchk: [_ZN6npuchk18broadcast_ub_to_ccEPiS0_m] -> 0xffff956732c4
npuchk: [_ZN6npuchk18broadcast_ub_to_ccEPiS0_hhhh] -> 0xffff95673544
npuchk: [_ZN6npuchk18broadcast_ub_to_ccEPiS0_hhhhb] -> 0xffff956738cc
npuchk: [_ZN6npuchk3clzEm] -> (nil)
npuchk: [_ZN6npuchk7col2imgEPN7float165Fp16TES2_mm] -> 0xffff95673c9c
npuchk: [_ZN6npuchk7col2imgEPN7float165Fp16TES2_shhshhhhhhhb] -> 0xffff95673f74
npuchk: [_ZN6npuchk7col2imgEPfS0_mm] -> 0xffff95674574
npuchk: [_ZN6npuchk7col2imgEPfS0_shhshhhhhhhb] -> 0xffff95674848
npuchk: [_ZN6npuchk17compress_ub_to_gmEPhS0_S0_l] -> 0xffff95674e44
npuchk: [_ZN6npuchk17compress_ub_to_gmEPhS0_S0_tbhh] -> 0xffff95675120
npuchk: [_ZN6npuchk17compress_ub_to_gmEPN7float165Fp16TES2_S2_l] -> 0xffff956754ec
npuchk: [_ZN6npuchk17compress_ub_to_gmEPN7float165Fp16TES2_S2_tbhh] -> 0xffff956757cc
npuchk: [_ZN6npuchk13conv_f322f16oEf] -> (nil)
npuchk: [_ZN6npuchk13conv_f322s32aEf] -> (nil)
npuchk: [_ZN6npuchk13conv_f322s32cEf] -> (nil)
npuchk: [_ZN6npuchk13conv_f322s32fEf] -> (nil)
npuchk: [_ZN6npuchk13conv_f322s32rEf] -> (nil)
npuchk: [_ZN6npuchk15copy_cbuf_to_btEmPvm] -> 0xffff9557d85c
npuchk: [_ZN6npuchk15copy_cbuf_to_btEmPvttttt] -> 0xffff9557dae4
npuchk: [_ZN6npuchk17copy_cbuf_to_fbufEPvS0_m] -> 0xffff9557de90
npuchk: [_ZN6npuchk17copy_cbuf_to_fbufEPvS0_tttt] -> 0xffff9557e114
npuchk: [_ZN6npuchk15copy_cbuf_to_gmEPvS0_m] -> 0xffff9557e474
npuchk: [_ZN6npuchk15copy_cbuf_to_gmEPvS0_htttt] -> 0xffff9557e6fc
npuchk: [_ZN6npuchk21copy_cbuf_to_gm_alignEPN7float165Fp16TES2_htjjj] -> (nil)
npuchk: [_ZN6npuchk21copy_cbuf_to_gm_alignEPfS0_htjjj] -> (nil)
npuchk: [_ZN6npuchk21copy_cbuf_to_gm_alignEPsS0_htjjj] -> (nil)
npuchk: [_ZN6npuchk21copy_cbuf_to_gm_alignEPiS0_htjjj] -> (nil)
npuchk: [_ZN6npuchk21copy_cbuf_to_gm_alignEPaS0_htjjj] -> (nil)
npuchk: [_ZN6npuchk21copy_cbuf_to_gm_alignEPtS0_htjjj] -> (nil)
npuchk: [_ZN6npuchk21copy_cbuf_to_gm_alignEPjS0_htjjj] -> (nil)
npuchk: [_ZN6npuchk21copy_cbuf_to_gm_alignEPhS0_htjjj] -> (nil)
npuchk: [_ZN6npuchk17copy_cbuf_to_ubufEPvS0_m] -> 0xffff95675b9c
npuchk: [_ZN6npuchk17copy_cbuf_to_ubufEPvS0_htttt] -> 0xffff95675e24
npuchk: [_ZN6npuchk25copy_depthwise_cc_to_ubufEPN7float165Fp16TES2_m10ConvRelu_t] -> 0xffff956761d8
npuchk: [_ZN6npuchk25copy_depthwise_cc_to_ubufEPN7float165Fp16TES2_htttt10ConvRelu_t] -> 0xffff956764fc
npuchk: [_ZN6npuchk25copy_depthwise_cc_to_ubufEPfPN7float165Fp16TEm10ConvRelu_t] -> 0xffff9567694c
npuchk: [_ZN6npuchk25copy_depthwise_cc_to_ubufEPfPN7float165Fp16TEhtttt10ConvRelu_t] -> 0xffff95676c70
npuchk: [_ZN6npuchk25copy_depthwise_cc_to_ubufEPN7float165Fp16TEPfm10ConvRelu_t] -> 0xffff956770c0
npuchk: [_ZN6npuchk25copy_depthwise_cc_to_ubufEPN7float165Fp16TEPfhtttt10ConvRelu_t] -> 0xffff956773e4
npuchk: [_ZN6npuchk25copy_depthwise_cc_to_ubufEPfS0_m10ConvRelu_t] -> 0xffff95677834
npuchk: [_ZN6npuchk25copy_depthwise_cc_to_ubufEPfS0_htttt10ConvRelu_t] -> 0xffff95677b58
npuchk: [_ZN6npuchk15copy_gm_to_cbufEPvS0_m5pad_t] -> 0xffff9557eab0
npuchk: [_ZN6npuchk15copy_gm_to_cbufEPvS0_htttt5pad_t] -> 0xffff9557eda8
npuchk: [_ZN6npuchk31copy_gm_to_cbuf_multi_nd2nz_b16EPN7float165Fp16TES2_mm] -> 0xffff9557f1cc
npuchk: [_ZN6npuchk31copy_gm_to_cbuf_multi_nd2nz_b16EPN7float165Fp16TES2_htttttttt] -> 0xffff9557f4ac
npuchk: [_ZN6npuchk31copy_gm_to_cbuf_multi_nd2nz_b16EPN8bfloat165Bf16TES2_mm] -> 0xffff9557f984
npuchk: [_ZN6npuchk31copy_gm_to_cbuf_multi_nd2nz_b16EPN8bfloat165Bf16TES2_htttttttt] -> 0xffff9557fc64
npuchk: [_ZN6npuchk31copy_gm_to_cbuf_multi_nd2nz_b16EPsS0_mm] -> 0xffff9558013c
npuchk: [_ZN6npuchk31copy_gm_to_cbuf_multi_nd2nz_b16EPsS0_htttttttt] -> 0xffff9558041c
npuchk: [_ZN6npuchk31copy_gm_to_cbuf_multi_nd2nz_b16EPtS0_mm] -> 0xffff955808f4
npuchk: [_ZN6npuchk31copy_gm_to_cbuf_multi_nd2nz_b16EPtS0_htttttttt] -> 0xffff95580bd4
npuchk: [_ZN6npuchk32copy_gm_to_cbuf_multi_nd2nz_b32sEPfS0_mm] -> 0xffff955810ac
npuchk: [_ZN6npuchk32copy_gm_to_cbuf_multi_nd2nz_b32sEPfS0_htttttttt] -> 0xffff9558138c
npuchk: [_ZN6npuchk32copy_gm_to_cbuf_multi_nd2nz_b32sEPiS0_mm] -> 0xffff95581864
npuchk: [_ZN6npuchk32copy_gm_to_cbuf_multi_nd2nz_b32sEPiS0_htttttttt] -> 0xffff95581b44
npuchk: [_ZN6npuchk32copy_gm_to_cbuf_multi_nd2nz_b32sEPjS0_mm] -> 0xffff9558201c
npuchk: [_ZN6npuchk32copy_gm_to_cbuf_multi_nd2nz_b32sEPjS0_htttttttt] -> 0xffff955822fc
npuchk: [_ZN6npuchk30copy_gm_to_cbuf_multi_nd2nz_b8EPaS0_mm] -> 0xffff955827d4
npuchk: [_ZN6npuchk30copy_gm_to_cbuf_multi_nd2nz_b8EPaS0_htttttttt] -> 0xffff95582ab0
npuchk: [_ZN6npuchk30copy_gm_to_cbuf_multi_nd2nz_b8EPhS0_mm] -> 0xffff95582f84
npuchk: [_ZN6npuchk30copy_gm_to_cbuf_multi_nd2nz_b8EPhS0_htttttttt] -> 0xffff95583260
npuchk: [_ZN6npuchk15copy_gm_to_ubufEPvS0_m] -> 0xffff955d8fa0
npuchk: [_ZN6npuchk15copy_gm_to_ubufEPvS0_htttt] -> 0xffff955d9228
npuchk: [_ZN6npuchk25copy_gm_to_ubuf_align_b16EPvS0_mm] -> 0xffff955d95dc
npuchk: [_ZN6npuchk25copy_gm_to_ubuf_align_b16EPvS0_htjhhjj] -> 0xffff955d98bc
npuchk: [_ZN6npuchk25copy_gm_to_ubuf_align_b32EPvS0_mm] -> 0xffff955d9d24
npuchk: [_ZN6npuchk25copy_gm_to_ubuf_align_b32EPvS0_htjhhjj] -> 0xffff955da004
npuchk: [_ZN6npuchk24copy_gm_to_ubuf_align_b8EPvS0_mm] -> 0xffff955da46c
npuchk: [_ZN6npuchk24copy_gm_to_ubuf_align_b8EPvS0_htjhhjj] -> 0xffff955da748
npuchk: [_ZN6npuchk21copy_gm_to_ubuf_alignEPaS0_htjhhjj] -> (nil)
npuchk: [_ZN6npuchk21copy_gm_to_ubuf_alignEPhS0_htjhhjj] -> (nil)
npuchk: [_ZN6npuchk21copy_gm_to_ubuf_alignEPsS0_htjhhjj] -> (nil)
npuchk: [_ZN6npuchk21copy_gm_to_ubuf_alignEPtS0_htjhhjj] -> (nil)
npuchk: [_ZN6npuchk21copy_gm_to_ubuf_alignEPN7float165Fp16TES2_htjhhjj] -> (nil)
npuchk: [_ZN6npuchk21copy_gm_to_ubuf_alignEPiS0_htjhhjj] -> (nil)
npuchk: [_ZN6npuchk21copy_gm_to_ubuf_alignEPjS0_htjhhjj] -> (nil)
npuchk: [_ZN6npuchk21copy_gm_to_ubuf_alignEPfS0_htjhhjj] -> (nil)
npuchk: [_ZN6npuchk23copy_gm_to_ubuf_pad_b16EPvS0_mm] -> (nil)
npuchk: [_ZN6npuchk23copy_gm_to_ubuf_pad_b16EPvS0_htttthh] -> (nil)
npuchk: [_ZN6npuchk23copy_gm_to_ubuf_pad_b32EPvS0_mm] -> (nil)
npuchk: [_ZN6npuchk23copy_gm_to_ubuf_pad_b32EPvS0_htttthh] -> (nil)
npuchk: [_ZN6npuchk22copy_gm_to_ubuf_pad_b8EPvS0_mm] -> (nil)
npuchk: [_ZN6npuchk22copy_gm_to_ubuf_pad_b8EPvS0_htttthh] -> (nil)
npuchk: [_ZN6npuchk22copy_matrix_cbuf_to_ccEPN7float165Fp16TES2_m] -> 0xffff95583734
npuchk: [_ZN6npuchk22copy_matrix_cbuf_to_ccEPN7float165Fp16TES2_tttt] -> 0xffff955839b8
npuchk: [_ZN6npuchk22copy_matrix_cbuf_to_ccEPN7float165Fp16TEPfm] -> 0xffff95583d18
npuchk: [_ZN6npuchk22copy_matrix_cbuf_to_ccEPN7float165Fp16TEPftttt] -> 0xffff95583fa0
npuchk: [_ZN6npuchk22copy_matrix_cbuf_to_ccEPN8bfloat165Bf16TES2_m] -> 0xffff95584304
npuchk: [_ZN6npuchk22copy_matrix_cbuf_to_ccEPN8bfloat165Bf16TES2_tttt] -> 0xffff95584588
npuchk: [_ZN6npuchk22copy_matrix_cbuf_to_ccEPN8bfloat165Bf16TEPfm] -> 0xffff955848e8
npuchk: [_ZN6npuchk22copy_matrix_cbuf_to_ccEPN8bfloat165Bf16TEPftttt] -> 0xffff95584b70
npuchk: [_ZN6npuchk22copy_matrix_cbuf_to_ccEPfS0_m] -> 0xffff95584ed4
npuchk: [_ZN6npuchk22copy_matrix_cbuf_to_ccEPfS0_tttt] -> 0xffff9558515c
npuchk: [_ZN6npuchk22copy_matrix_cbuf_to_ccEPiS0_m] -> 0xffff955854c0
npuchk: [_ZN6npuchk22copy_matrix_cbuf_to_ccEPiS0_tttt] -> 0xffff95585748
npuchk: [_ZN6npuchk22copy_matrix_cbuf_to_ccEPjS0_m] -> 0xffff95585aac
npuchk: [_ZN6npuchk22copy_matrix_cbuf_to_ccEPjS0_tttt] -> 0xffff95585d34
npuchk: [_ZN6npuchk22copy_matrix_cc_to_cbufEPN7float165Fp16TEPfmm] -> 0xffff95586098
npuchk: [_ZN6npuchk22copy_matrix_cc_to_cbufEPN7float165Fp16TEPfhttjthh11QuantMode_thbbb] -> (nil)
npuchk: [_ZN6npuchk22copy_matrix_cc_to_cbufEPN7float165Fp16TEPfhttjthh11QuantMode_thbb14QuantMode_posthbhhb] -> (nil)
npuchk: [_ZN6npuchk22copy_matrix_cc_to_cbufEPN7float165Fp16TEPfhttjth11QuantMode_thbb] -> 0xffff9558636c
npuchk: [_ZN6npuchk22copy_matrix_cc_to_cbufEPN8bfloat165Bf16TEPfhttjth11QuantMode_thbb] -> 0xffff955868a0
npuchk: [_ZN6npuchk22copy_matrix_cc_to_cbufEPN8bfloat165Bf16TEPfhttjthh11QuantMode_thbbb] -> (nil)
npuchk: [_ZN6npuchk22copy_matrix_cc_to_cbufEPfS0_mm] -> 0xffff95586dd4
npuchk: [_ZN6npuchk22copy_matrix_cc_to_cbufEPaPfmm] -> 0xffff955870a8
npuchk: [_ZN6npuchk22copy_matrix_cc_to_cbufEPaPfhttjthh11QuantMode_thbbb] -> (nil)
npuchk: [_ZN6npuchk22copy_matrix_cc_to_cbufEPaPfhttjthh11QuantMode_thbb14QuantMode_posthbhhb] -> (nil)
npuchk: [_ZN6npuchk22copy_matrix_cc_to_cbufEPaPfhttjth11QuantMode_thbb] -> 0xffff9558737c
npuchk: [_ZN6npuchk22copy_matrix_cc_to_cbufEPhPfmm] -> (nil)
npuchk: [_ZN6npuchk22copy_matrix_cc_to_cbufEPhPfhttjthh11QuantMode_thbbb] -> (nil)
npuchk: [_ZN6npuchk22copy_matrix_cc_to_cbufEPhPfhttjthh11QuantMode_thbb14QuantMode_posthbhhb] -> (nil)
npuchk: [_ZN6npuchk22copy_matrix_cc_to_cbufEPfS0_httjthh11QuantMode_thbbb] -> (nil)
npuchk: [_ZN6npuchk22copy_matrix_cc_to_cbufEPfS0_httjthh11QuantMode_thbb14QuantMode_posthbhhb] -> (nil)
npuchk: [_ZN6npuchk22copy_matrix_cc_to_cbufEPiS0_mm] -> 0xffff95587de4
npuchk: [_ZN6npuchk22copy_matrix_cc_to_cbufEPN7float165Fp16TEPimm] -> 0xffff955880bc
npuchk: [_ZN6npuchk22copy_matrix_cc_to_cbufEPN7float165Fp16TEPihttjthh11QuantMode_thbbb] -> (nil)
npuchk: [_ZN6npuchk22copy_matrix_cc_to_cbufEPN7float165Fp16TEPihttjthh11QuantMode_thbb14QuantMode_posthbhhb] -> (nil)
npuchk: [_ZN6npuchk22copy_matrix_cc_to_cbufEPN7float165Fp16TEPihttjth11QuantMode_thbb] -> 0xffff95588394
npuchk: [_ZN6npuchk22copy_matrix_cc_to_cbufEPsPimm] -> 0xffff955888cc
npuchk: [_ZN6npuchk22copy_matrix_cc_to_cbufEPsPihttjth11QuantMode_thbb] -> 0xffff95588ba4
npuchk: [_ZN6npuchk22copy_matrix_cc_to_cbufEPaPimm] -> 0xffff955890dc
npuchk: [_ZN6npuchk22copy_matrix_cc_to_cbufEPaPihttjthh11QuantMode_thbbb] -> (nil)
npuchk: [_ZN6npuchk22copy_matrix_cc_to_cbufEPaPihttjthh11QuantMode_thbb14QuantMode_posthbhhb] -> (nil)
npuchk: [_ZN6npuchk22copy_matrix_cc_to_cbufEPaPihttjth11QuantMode_thbb] -> 0xffff955893b4
npuchk: [_ZN6npuchk22copy_matrix_cc_to_cbufEPhPimm] -> 0xffff955898ec
npuchk: [_ZN6npuchk22copy_matrix_cc_to_cbufEPhPihttjthh11QuantMode_thbbb] -> (nil)
npuchk: [_ZN6npuchk22copy_matrix_cc_to_cbufEPhPihttjthh11QuantMode_thbb14QuantMode_posthbhhb] -> (nil)
npuchk: [_ZN6npuchk22copy_matrix_cc_to_cbufEPhPihttjth11QuantMode_thbb] -> 0xffff95589bc4
npuchk: [_ZN6npuchk22copy_matrix_cc_to_cbufEPiS0_httjthh11QuantMode_thbbb] -> (nil)
npuchk: [_ZN6npuchk22copy_matrix_cc_to_cbufEPiS0_httjthh11QuantMode_thbb14QuantMode_posthbhhb] -> (nil)
npuchk: [_ZN6npuchk25copy_matrix_cc_to_cbuf_b4EPvPfmm] -> 0xffff9558a634
npuchk: [_ZN6npuchk25copy_matrix_cc_to_cbuf_b4EPvPfhttjth11QuantMode_thbb] -> 0xffff9558a908
npuchk: [_ZN6npuchk25copy_matrix_cc_to_cbuf_b4EPvPimm] -> 0xffff9558ae3c
npuchk: [_ZN6npuchk25copy_matrix_cc_to_cbuf_b4EPvPihttjth11QuantMode_thbb] -> 0xffff9558b114
npuchk: [_ZN6npuchk27copy_matrix_cc_to_cbuf_bf16EPtPfmm] -> (nil)
npuchk: [_ZN6npuchk27copy_matrix_cc_to_cbuf_bf16EPtPfhttjthh11QuantMode_thbbb] -> (nil)
npuchk: [_ZN6npuchk27copy_matrix_cc_to_cbuf_bf16EPtPfhttjthh11QuantMode_thbb14QuantMode_posthbhhb] -> (nil)
npuchk: [_ZN6npuchk27copy_matrix_cc_to_cbuf_bf16EPtPfhttjth11QuantMode_thbb] -> (nil)
npuchk: [_ZN6npuchk25copy_matrix_cc_to_cbuf_s4EPvPfmm] -> (nil)
npuchk: [_ZN6npuchk25copy_matrix_cc_to_cbuf_s4EPvPfhttjthh11QuantMode_thbbb] -> (nil)
npuchk: [_ZN6npuchk25copy_matrix_cc_to_cbuf_s4EPvPfhttjthh11QuantMode_thbb14QuantMode_posthbhhb] -> (nil)
npuchk: [_ZN6npuchk25copy_matrix_cc_to_cbuf_s4EPvPimm] -> (nil)
npuchk: [_ZN6npuchk25copy_matrix_cc_to_cbuf_s4EPvPihttjthh11QuantMode_thbbb] -> (nil)
npuchk: [_ZN6npuchk25copy_matrix_cc_to_cbuf_s4EPvPihttjthh11QuantMode_thbb14QuantMode_posthbhhb] -> (nil)
npuchk: [_ZN6npuchk20copy_matrix_cc_to_gmEPN7float165Fp16TEPfmm] -> 0xffff9558b64c
npuchk: [_ZN6npuchk20copy_matrix_cc_to_gmEPN7float165Fp16TEPfhttjthh11QuantMode_thbbb] -> (nil)
npuchk: [_ZN6npuchk20copy_matrix_cc_to_gmEPN7float165Fp16TEPfhttjthh11QuantMode_thbb14QuantMode_posthbhhb] -> (nil)
npuchk: [_ZN6npuchk20copy_matrix_cc_to_gmEPN7float165Fp16TEPfhttjth11QuantMode_thbb] -> 0xffff9558b920
npuchk: [_ZN6npuchk20copy_matrix_cc_to_gmEPfS0_mm] -> 0xffff9558be54
npuchk: [_ZN6npuchk20copy_matrix_cc_to_gmEPaPfmm] -> 0xffff9558c128
npuchk: [_ZN6npuchk20copy_matrix_cc_to_gmEPaPfhttjthh11QuantMode_thbbb] -> (nil)
npuchk: [_ZN6npuchk20copy_matrix_cc_to_gmEPaPfhttjthh11QuantMode_thbb14QuantMode_posthbhhb] -> (nil)
npuchk: [_ZN6npuchk20copy_matrix_cc_to_gmEPaPfhttjth11QuantMode_thbb] -> 0xffff9558c3fc
npuchk: [_ZN6npuchk20copy_matrix_cc_to_gmEPhPfmm] -> (nil)
npuchk: [_ZN6npuchk20copy_matrix_cc_to_gmEPhPfhttjthh11QuantMode_thbbb] -> (nil)
npuchk: [_ZN6npuchk20copy_matrix_cc_to_gmEPhPfhttjthh11QuantMode_thbb14QuantMode_posthbhhb] -> (nil)
npuchk: [_ZN6npuchk20copy_matrix_cc_to_gmEPhPfhttjth11QuantMode_thbb] -> (nil)
npuchk: [_ZN6npuchk20copy_matrix_cc_to_gmEPfS0_httjthh11QuantMode_thbbb] -> (nil)
npuchk: [_ZN6npuchk20copy_matrix_cc_to_gmEPfS0_httjthh11QuantMode_thbb14QuantMode_posthbhhb] -> (nil)
npuchk: [_ZN6npuchk20copy_matrix_cc_to_gmEPfS0_httjth11QuantMode_thbb] -> 0xffff9558c930
npuchk: [_ZN6npuchk20copy_matrix_cc_to_gmEPiS0_mm] -> 0xffff9558ce64
npuchk: [_ZN6npuchk20copy_matrix_cc_to_gmEPN7float165Fp16TEPimm] -> 0xffff9558d13c
npuchk: [_ZN6npuchk20copy_matrix_cc_to_gmEPN7float165Fp16TEPihttjthh11QuantMode_thbbb] -> (nil)
npuchk: [_ZN6npuchk20copy_matrix_cc_to_gmEPN7float165Fp16TEPihttjthh11QuantMode_thbb14QuantMode_posthbhhb] -> (nil)
npuchk: [_ZN6npuchk20copy_matrix_cc_to_gmEPN7float165Fp16TEPihttjth11QuantMode_thbb] -> 0xffff9558d414
npuchk: [_ZN6npuchk20copy_matrix_cc_to_gmEPsPimm] -> 0xffff9558d94c
npuchk: [_ZN6npuchk20copy_matrix_cc_to_gmEPsPihttjth11QuantMode_thbb] -> 0xffff9558dc24
npuchk: [_ZN6npuchk20copy_matrix_cc_to_gmEPaPimm] -> 0xffff9558e15c
npuchk: [_ZN6npuchk20copy_matrix_cc_to_gmEPaPihttjthh11QuantMode_thbbb] -> (nil)
npuchk: [_ZN6npuchk20copy_matrix_cc_to_gmEPaPihttjthh11QuantMode_thbb14QuantMode_posthbhhb] -> (nil)
npuchk: [_ZN6npuchk20copy_matrix_cc_to_gmEPaPihttjth11QuantMode_thbb] -> 0xffff9558e434
npuchk: [_ZN6npuchk20copy_matrix_cc_to_gmEPhPimm] -> 0xffff9558e96c
npuchk: [_ZN6npuchk20copy_matrix_cc_to_gmEPhPihttjthh11QuantMode_thbbb] -> (nil)
npuchk: [_ZN6npuchk20copy_matrix_cc_to_gmEPhPihttjthh11QuantMode_thbb14QuantMode_posthbhhb] -> (nil)
npuchk: [_ZN6npuchk20copy_matrix_cc_to_gmEPhPihttjth11QuantMode_thbb] -> 0xffff9558ec44
npuchk: [_ZN6npuchk20copy_matrix_cc_to_gmEPiS0_httjthh11QuantMode_thbbb] -> (nil)
npuchk: [_ZN6npuchk20copy_matrix_cc_to_gmEPiS0_httjthh11QuantMode_thbb14QuantMode_posthbhhb] -> (nil)
npuchk: [_ZN6npuchk20copy_matrix_cc_to_gmEPiS0_httjth11QuantMode_thbb] -> 0xffff9558f17c
npuchk: [_ZN6npuchk20copy_matrix_cc_to_gmEPN8bfloat165Bf16TEPfhttjth11QuantMode_thbb] -> 0xffff9558f6b4
npuchk: [_ZN6npuchk20copy_matrix_cc_to_gmEPN8bfloat165Bf16TEPfhttjthh11QuantMode_thbbb] -> (nil)
npuchk: [_ZN6npuchk23copy_matrix_cc_to_gm_b4EPvPfmm] -> 0xffff9558fbe8
npuchk: [_ZN6npuchk23copy_matrix_cc_to_gm_b4EPvPfhttjth11QuantMode_thbb] -> 0xffff9558febc
npuchk: [_ZN6npuchk23copy_matrix_cc_to_gm_b4EPvPimm] -> 0xffff955903f0
npuchk: [_ZN6npuchk23copy_matrix_cc_to_gm_b4EPvPihttjth11QuantMode_thbb] -> 0xffff955906c8
npuchk: [_ZN6npuchk25copy_matrix_cc_to_gm_bf16EPtPfmm] -> (nil)
npuchk: [_ZN6npuchk25copy_matrix_cc_to_gm_bf16EPtPfhttjthh11QuantMode_thbbb] -> (nil)
npuchk: [_ZN6npuchk25copy_matrix_cc_to_gm_bf16EPtPfhttjthh11QuantMode_thbb14QuantMode_posthbhhb] -> (nil)
npuchk: [_ZN6npuchk25copy_matrix_cc_to_gm_bf16EPtPfhttjth11QuantMode_thbb] -> (nil)
npuchk: [_ZN6npuchk23copy_matrix_cc_to_gm_s4EPvPfmm] -> (nil)
npuchk: [_ZN6npuchk23copy_matrix_cc_to_gm_s4EPvPfhttjthh11QuantMode_thbbb] -> (nil)
npuchk: [_ZN6npuchk23copy_matrix_cc_to_gm_s4EPvPfhttjthh11QuantMode_thbb14QuantMode_posthbhhb] -> (nil)
npuchk: [_ZN6npuchk23copy_matrix_cc_to_gm_s4EPvPimm] -> (nil)
npuchk: [_ZN6npuchk23copy_matrix_cc_to_gm_s4EPvPihttjthh11QuantMode_thbbb] -> (nil)
npuchk: [_ZN6npuchk23copy_matrix_cc_to_gm_s4EPvPihttjthh11QuantMode_thbb14QuantMode_posthbhhb] -> (nil)
npuchk: [_ZN6npuchk20copy_matrix_cc_to_ubEPN7float165Fp16TEPfmm] -> (nil)
npuchk: [_ZN6npuchk20copy_matrix_cc_to_ubEPN7float165Fp16TEPfhttjthh11QuantMode_thbbb] -> (nil)
npuchk: [_ZN6npuchk20copy_matrix_cc_to_ubEPN8bfloat165Bf16TEPfhttjthh11QuantMode_thbbb] -> (nil)
npuchk: [_ZN6npuchk20copy_matrix_cc_to_ubEPN7float165Fp16TEPfhttjthh11QuantMode_thbb14QuantMode_posthbhhb] -> (nil)
npuchk: [_ZN6npuchk20copy_matrix_cc_to_ubEPaPfmm] -> (nil)
npuchk: [_ZN6npuchk20copy_matrix_cc_to_ubEPaPfhttjthh11QuantMode_thbbb] -> (nil)
npuchk: [_ZN6npuchk20copy_matrix_cc_to_ubEPaPfhttjthh11QuantMode_thbb14QuantMode_posthbhhb] -> (nil)
npuchk: [_ZN6npuchk20copy_matrix_cc_to_ubEPhPfmm] -> (nil)
npuchk: [_ZN6npuchk20copy_matrix_cc_to_ubEPhPfhttjthh11QuantMode_thbbb] -> (nil)
npuchk: [_ZN6npuchk20copy_matrix_cc_to_ubEPhPfhttjthh11QuantMode_thbb14QuantMode_posthbhhb] -> (nil)
npuchk: [_ZN6npuchk20copy_matrix_cc_to_ubEPfS0_mm] -> (nil)
npuchk: [_ZN6npuchk20copy_matrix_cc_to_ubEPfS0_httjthh11QuantMode_thbbb] -> (nil)
npuchk: [_ZN6npuchk20copy_matrix_cc_to_ubEPfS0_httjthh11QuantMode_thbb14QuantMode_posthbhhb] -> (nil)
npuchk: [_ZN6npuchk20copy_matrix_cc_to_ubEPN7float165Fp16TEPimm] -> (nil)
npuchk: [_ZN6npuchk20copy_matrix_cc_to_ubEPN7float165Fp16TEPihttjthh11QuantMode_thbbb] -> (nil)
npuchk: [_ZN6npuchk20copy_matrix_cc_to_ubEPN7float165Fp16TEPihttjthh11QuantMode_thbb14QuantMode_posthbhhb] -> (nil)
npuchk: [_ZN6npuchk20copy_matrix_cc_to_ubEPaPimm] -> (nil)
npuchk: [_ZN6npuchk20copy_matrix_cc_to_ubEPaPihttjthh11QuantMode_thbbb] -> (nil)
npuchk: [_ZN6npuchk20copy_matrix_cc_to_ubEPaPihttjthh11QuantMode_thbb14QuantMode_posthbhhb] -> (nil)
npuchk: [_ZN6npuchk20copy_matrix_cc_to_ubEPhPimm] -> (nil)
npuchk: [_ZN6npuchk20copy_matrix_cc_to_ubEPhPihttjthh11QuantMode_thbbb] -> (nil)
npuchk: [_ZN6npuchk20copy_matrix_cc_to_ubEPhPihttjthh11QuantMode_thbb14QuantMode_posthbhhb] -> (nil)
npuchk: [_ZN6npuchk20copy_matrix_cc_to_ubEPiS0_mm] -> (nil)
npuchk: [_ZN6npuchk20copy_matrix_cc_to_ubEPiS0_httjthh11QuantMode_thbbb] -> (nil)
npuchk: [_ZN6npuchk20copy_matrix_cc_to_ubEPiS0_httjthh11QuantMode_thbb14QuantMode_posthbhhb] -> (nil)
npuchk: [_ZN6npuchk25copy_matrix_cc_to_ub_bf16EPtPfmm] -> (nil)
npuchk: [_ZN6npuchk25copy_matrix_cc_to_ub_bf16EPtPfhttjthh11QuantMode_thbbb] -> (nil)
npuchk: [_ZN6npuchk25copy_matrix_cc_to_ub_bf16EPtPfhttjthh11QuantMode_thbb14QuantMode_posthbhhb] -> (nil)
npuchk: [_ZN6npuchk23copy_matrix_cc_to_ub_s4EPvPfmm] -> (nil)
npuchk: [_ZN6npuchk23copy_matrix_cc_to_ub_s4EPvPfhttjthh11QuantMode_thbbb] -> (nil)
npuchk: [_ZN6npuchk23copy_matrix_cc_to_ub_s4EPvPfhttjthh11QuantMode_thbb14QuantMode_posthbhhb] -> (nil)
npuchk: [_ZN6npuchk23copy_matrix_cc_to_ub_s4EPvPimm] -> (nil)
npuchk: [_ZN6npuchk23copy_matrix_cc_to_ub_s4EPvPihttjthh11QuantMode_thbbb] -> (nil)
npuchk: [_ZN6npuchk23copy_matrix_cc_to_ub_s4EPvPihttjthh11QuantMode_thbb14QuantMode_posthbhhb] -> (nil)
npuchk: [_ZN6npuchk22copy_matrix_cc_to_ubufEPN7float165Fp16TES2_m10ConvRelu_t] -> 0xffff95677fa8
npuchk: [_ZN6npuchk22copy_matrix_cc_to_ubufEPN7float165Fp16TES2_htttt10ConvRelu_t] -> 0xffff956782cc
npuchk: [_ZN6npuchk22copy_matrix_cc_to_ubufEPN7float165Fp16TEPfm10ConvRelu_t] -> 0xffff9567871c
npuchk: [_ZN6npuchk22copy_matrix_cc_to_ubufEPN7float165Fp16TEPfhtttt10ConvRelu_t] -> 0xffff95678a40
npuchk: [_ZN6npuchk22copy_matrix_cc_to_ubufEPfS0_m10ConvRelu_t] -> 0xffff95678e90
npuchk: [_ZN6npuchk22copy_matrix_cc_to_ubufEPfS0_htttt10ConvRelu_t] -> 0xffff956791b4
npuchk: [_ZN6npuchk22copy_matrix_cc_to_ubufEPN7float165Fp16TEPim10ConvRelu_t] -> 0xffff95679604
npuchk: [_ZN6npuchk22copy_matrix_cc_to_ubufEPN7float165Fp16TEPihtttt10ConvRelu_t] -> 0xffff95679928
npuchk: [_ZN6npuchk22copy_matrix_cc_to_ubufEPsPim10ConvRelu_t] -> 0xffff95679d78
npuchk: [_ZN6npuchk22copy_matrix_cc_to_ubufEPsPihtttt10ConvRelu_t] -> 0xffff9567a09c
npuchk: [_ZN6npuchk22copy_matrix_cc_to_ubufEPiS0_m10ConvRelu_t] -> 0xffff9567a4ec
npuchk: [_ZN6npuchk22copy_matrix_cc_to_ubufEPiS0_htttt10ConvRelu_t] -> 0xffff9567a810
npuchk: [_ZN6npuchk22copy_matrix_cc_to_ubufEPaPim10ConvRelu_t] -> 0xffff9567ac60
npuchk: [_ZN6npuchk22copy_matrix_cc_to_ubufEPaPihtttt10ConvRelu_t] -> 0xffff9567af84
npuchk: [_ZN6npuchk22copy_matrix_cc_to_ubufEPjS0_m10ConvRelu_t] -> 0xffff9567b3d4
npuchk: [_ZN6npuchk22copy_matrix_cc_to_ubufEPjS0_htttt10ConvRelu_t] -> 0xffff9567b6f8
npuchk: [_ZN6npuchk22copy_matrix_cc_to_ubufEPhPim10ConvRelu_t] -> 0xffff9567bb48
npuchk: [_ZN6npuchk22copy_matrix_cc_to_ubufEPhPihtttt10ConvRelu_t] -> 0xffff9567be6c
npuchk: [_ZN6npuchk22copy_matrix_ubuf_to_ccEPN7float165Fp16TES2_m10ConvRelu_t] -> 0xffff9567c2bc
npuchk: [_ZN6npuchk22copy_matrix_ubuf_to_ccEPN7float165Fp16TES2_htttt10ConvRelu_t] -> 0xffff9567c5e0
npuchk: [_ZN6npuchk22copy_matrix_ubuf_to_ccEPfS0_m10ConvRelu_t] -> 0xffff9567ca30
npuchk: [_ZN6npuchk22copy_matrix_ubuf_to_ccEPfS0_htttt10ConvRelu_t] -> 0xffff9567cd54
npuchk: [_ZN6npuchk22copy_matrix_ubuf_to_ccEPfPN7float165Fp16TEm10ConvRelu_t] -> 0xffff9567d1a4
npuchk: [_ZN6npuchk22copy_matrix_ubuf_to_ccEPfPN7float165Fp16TEhtttt10ConvRelu_t] -> 0xffff9567d4c8
npuchk: [_ZN6npuchk22copy_matrix_ubuf_to_ccEPiS0_m10ConvRelu_t] -> 0xffff9567d918
npuchk: [_ZN6npuchk22copy_matrix_ubuf_to_ccEPiS0_htttt10ConvRelu_t] -> 0xffff9567dc3c
npuchk: [_ZN6npuchk22copy_matrix_ubuf_to_ccEPjS0_m10ConvRelu_t] -> 0xffff9567e08c
npuchk: [_ZN6npuchk22copy_matrix_ubuf_to_ccEPjS0_htttt10ConvRelu_t] -> 0xffff9567e3b0
npuchk: [_ZN6npuchk28copy_small_matrix_cc_to_ubufEPN7float165Fp16TEPim10ConvRelu_t] -> (nil)
npuchk: [_ZN6npuchk28copy_small_matrix_cc_to_ubufEPN7float165Fp16TEPihtttt10ConvRelu_t] -> (nil)
npuchk: [_ZN6npuchk28copy_small_matrix_cc_to_ubufEPsPim10ConvRelu_t] -> (nil)
npuchk: [_ZN6npuchk28copy_small_matrix_cc_to_ubufEPsPihtttt10ConvRelu_t] -> (nil)
npuchk: [_ZN6npuchk28copy_small_matrix_cc_to_ubufEPiS0_m10ConvRelu_t] -> (nil)
npuchk: [_ZN6npuchk28copy_small_matrix_cc_to_ubufEPiS0_htttt10ConvRelu_t] -> (nil)
npuchk: [_ZN6npuchk28copy_small_matrix_cc_to_ubufEPaPim10ConvRelu_t] -> (nil)
npuchk: [_ZN6npuchk28copy_small_matrix_cc_to_ubufEPaPihtttt10ConvRelu_t] -> (nil)
npuchk: [_ZN6npuchk28copy_small_matrix_cc_to_ubufEPjS0_m10ConvRelu_t] -> (nil)
npuchk: [_ZN6npuchk28copy_small_matrix_cc_to_ubufEPjS0_htttt10ConvRelu_t] -> (nil)
npuchk: [_ZN6npuchk28copy_small_matrix_cc_to_ubufEPhPim10ConvRelu_t] -> (nil)
npuchk: [_ZN6npuchk28copy_small_matrix_cc_to_ubufEPhPihtttt10ConvRelu_t] -> (nil)
npuchk: [_ZN6npuchk28copy_small_matrix_ubuf_to_ccEPiS0_m10ConvRelu_t] -> (nil)
npuchk: [_ZN6npuchk28copy_small_matrix_ubuf_to_ccEPiS0_htttt10ConvRelu_t] -> (nil)
npuchk: [_ZN6npuchk28copy_small_matrix_ubuf_to_ccEPjS0_m10ConvRelu_t] -> (nil)
npuchk: [_ZN6npuchk28copy_small_matrix_ubuf_to_ccEPjS0_htttt10ConvRelu_t] -> (nil)
npuchk: [_ZN6npuchk17copy_ubuf_to_cbufEPvS0_m] -> 0xffff9567e800
npuchk: [_ZN6npuchk17copy_ubuf_to_cbufEPvS0_htttt] -> 0xffff9567ea84
npuchk: [_ZN6npuchk17copy_ubuf_to_fbufEPvS0_m] -> (nil)
npuchk: [_ZN6npuchk17copy_ubuf_to_fbufEPvS0_9CvtMode_ttttt] -> (nil)
npuchk: [_ZN6npuchk15copy_ubuf_to_gmEPvS0_m] -> 0xffff955dabac
npuchk: [_ZN6npuchk15copy_ubuf_to_gmEPvS0_m4bm_t] -> 0xffff955dae34
npuchk: [_ZN6npuchk15copy_ubuf_to_gmEPvS0_htttt4bm_t] -> 0xffff955db128
npuchk: [_ZN6npuchk15copy_ubuf_to_gmEPvS0_htttt] -> 0xffff955db548
npuchk: [_ZN6npuchk25copy_ubuf_to_gm_align_b16EPvS0_mm] -> 0xffff955db8fc
npuchk: [_ZN6npuchk25copy_ubuf_to_gm_align_b16EPvS0_htjhhjj] -> 0xffff955dbbdc
npuchk: [_ZN6npuchk25copy_ubuf_to_gm_align_b32EPvS0_mm] -> 0xffff955dc044
npuchk: [_ZN6npuchk25copy_ubuf_to_gm_align_b32EPvS0_htjhhjj] -> 0xffff955dc324
npuchk: [_ZN6npuchk24copy_ubuf_to_gm_align_b8EPvS0_mm] -> 0xffff955dc78c
npuchk: [_ZN6npuchk24copy_ubuf_to_gm_align_b8EPvS0_htjhhjj] -> 0xffff955dca68
npuchk: [_ZN6npuchk21copy_ubuf_to_gm_alignEPaS0_htjjj] -> (nil)
npuchk: [_ZN6npuchk21copy_ubuf_to_gm_alignEPhS0_htjjj] -> (nil)
npuchk: [_ZN6npuchk21copy_ubuf_to_gm_alignEPsS0_htjjj] -> (nil)
npuchk: [_ZN6npuchk21copy_ubuf_to_gm_alignEPtS0_htjjj] -> (nil)
npuchk: [_ZN6npuchk21copy_ubuf_to_gm_alignEPN7float165Fp16TES2_htjjj] -> (nil)
npuchk: [_ZN6npuchk21copy_ubuf_to_gm_alignEPiS0_htjjj] -> (nil)
npuchk: [_ZN6npuchk21copy_ubuf_to_gm_alignEPjS0_htjjj] -> (nil)
npuchk: [_ZN6npuchk21copy_ubuf_to_gm_alignEPfS0_htjjj] -> (nil)
npuchk: [_ZN6npuchk23copy_ubuf_to_gm_pad_b16EPvS0_mm] -> (nil)
npuchk: [_ZN6npuchk23copy_ubuf_to_gm_pad_b16EPvS0_htttthh] -> (nil)
npuchk: [_ZN6npuchk23copy_ubuf_to_gm_pad_b32EPvS0_mm] -> (nil)
npuchk: [_ZN6npuchk23copy_ubuf_to_gm_pad_b32EPvS0_htttthh] -> (nil)
npuchk: [_ZN6npuchk22copy_ubuf_to_gm_pad_b8EPvS0_mm] -> (nil)
npuchk: [_ZN6npuchk22copy_ubuf_to_gm_pad_b8EPvS0_htttthh] -> (nil)
npuchk: [_ZN6npuchk17copy_ubuf_to_ubufEPvS0_m] -> 0xffff955dcecc
npuchk: [_ZN6npuchk17copy_ubuf_to_ubufEPvS0_htttt] -> 0xffff955dd154
npuchk: [_ZN6npuchk22copy_vector_cc_to_ubufEPN7float165Fp16TES2_m10ConvRelu_t] -> 0xffff9567ee34
npuchk: [_ZN6npuchk22copy_vector_cc_to_ubufEPN7float165Fp16TES2_htttt10ConvRelu_t] -> 0xffff9567f15c
npuchk: [_ZN6npuchk22copy_vector_cc_to_ubufEPN7float165Fp16TEPfm10ConvRelu_t] -> 0xffff9567f5b0
npuchk: [_ZN6npuchk22copy_vector_cc_to_ubufEPN7float165Fp16TEPfhtttt10ConvRelu_t] -> 0xffff9567f8d8
npuchk: [_ZN6npuchk22copy_vector_cc_to_ubufEPfS0_m10ConvRelu_t] -> 0xffff9567fd2c
npuchk: [_ZN6npuchk22copy_vector_cc_to_ubufEPfS0_htttt10ConvRelu_t] -> 0xffff95680054
npuchk: [_ZN6npuchk22copy_vector_cc_to_ubufEPN7float165Fp16TEPim10ConvRelu_t] -> 0xffff956804a8
npuchk: [_ZN6npuchk22copy_vector_cc_to_ubufEPN7float165Fp16TEPihtttt10ConvRelu_t] -> 0xffff956807d0
npuchk: [_ZN6npuchk22copy_vector_cc_to_ubufEPsPim10ConvRelu_t] -> 0xffff95680c24
npuchk: [_ZN6npuchk22copy_vector_cc_to_ubufEPsPihtttt10ConvRelu_t] -> 0xffff95680f4c
npuchk: [_ZN6npuchk22copy_vector_cc_to_ubufEPiS0_m10ConvRelu_t] -> 0xffff956813a0
npuchk: [_ZN6npuchk22copy_vector_cc_to_ubufEPiS0_htttt10ConvRelu_t] -> 0xffff956816c8
npuchk: [_ZN6npuchk22copy_vector_cc_to_ubufEPaPim10ConvRelu_t] -> 0xffff95681b1c
npuchk: [_ZN6npuchk22copy_vector_cc_to_ubufEPaPihtttt10ConvRelu_t] -> 0xffff95681e44
npuchk: [_ZN6npuchk22copy_vector_cc_to_ubufEPjS0_m10ConvRelu_t] -> 0xffff95682298
npuchk: [_ZN6npuchk22copy_vector_cc_to_ubufEPjS0_htttt10ConvRelu_t] -> 0xffff956825c0
npuchk: [_ZN6npuchk22copy_vector_cc_to_ubufEPhPim10ConvRelu_t] -> 0xffff95682a14
npuchk: [_ZN6npuchk22copy_vector_cc_to_ubufEPhPihtttt10ConvRelu_t] -> 0xffff95682d3c
npuchk: [_ZN6npuchk22copy_vector_ubuf_to_ccEPN7float165Fp16TES2_m10ConvRelu_t] -> 0xffff95683190
npuchk: [_ZN6npuchk22copy_vector_ubuf_to_ccEPN7float165Fp16TES2_htttt10ConvRelu_t] -> 0xffff956834b4
npuchk: [_ZN6npuchk22copy_vector_ubuf_to_ccEPfS0_m10ConvRelu_t] -> 0xffff95683904
npuchk: [_ZN6npuchk22copy_vector_ubuf_to_ccEPfS0_htttt10ConvRelu_t] -> 0xffff95683c28
npuchk: [_ZN6npuchk22copy_vector_ubuf_to_ccEPfPN7float165Fp16TEm10ConvRelu_t] -> 0xffff95684078
npuchk: [_ZN6npuchk22copy_vector_ubuf_to_ccEPfPN7float165Fp16TEhtttt10ConvRelu_t] -> 0xffff9568439c
npuchk: [_ZN6npuchk22copy_vector_ubuf_to_ccEPiS0_m10ConvRelu_t] -> 0xffff956847ec
npuchk: [_ZN6npuchk22copy_vector_ubuf_to_ccEPiS0_htttt10ConvRelu_t] -> 0xffff95684b10
npuchk: [_ZN6npuchk22copy_vector_ubuf_to_ccEPjS0_m10ConvRelu_t] -> 0xffff95684f60
npuchk: [_ZN6npuchk22copy_vector_ubuf_to_ccEPjS0_htttt10ConvRelu_t] -> 0xffff95685284
npuchk: [_ZN6npuchk16create_ca_matrixEPvlN7float165Fp16TE] -> 0xffff956856d4
npuchk: [_ZN6npuchk16create_ca_matrixEPN7float165Fp16TElS1_] -> 0xffff95590c00
npuchk: [_ZN6npuchk16create_ca_matrixEPslN7float165Fp16TE] -> 0xffff95590dd0
npuchk: [_ZN6npuchk16create_ca_matrixEPtlN7float165Fp16TE] -> 0xffff95590fa0
npuchk: [_ZN6npuchk16create_ca_matrixEPN7float165Fp16TElj] -> 0xffff95591170
npuchk: [_ZN6npuchk16create_ca_matrixEPflj] -> 0xffff95591334
npuchk: [_ZN6npuchk16create_ca_matrixEPflN7float165Fp16TE] -> 0xffff955914fc
npuchk: [_ZN6npuchk16create_ca_matrixEPslj] -> 0xffff955916d0
npuchk: [_ZN6npuchk16create_ca_matrixEPilj] -> 0xffff95591894
npuchk: [_ZN6npuchk16create_ca_matrixEPilN7float165Fp16TE] -> 0xffff95591a5c
npuchk: [_ZN6npuchk16create_ca_matrixEPtlj] -> 0xffff95591c30
npuchk: [_ZN6npuchk16create_ca_matrixEPjlj] -> 0xffff95591df4
npuchk: [_ZN6npuchk16create_ca_matrixEPjlN7float165Fp16TE] -> 0xffff95591fbc
npuchk: [_ZN6npuchk21create_ca_matrix_bf16EPN8bfloat165Bf16TElS1_] -> (nil)
npuchk: [_ZN6npuchk16create_cb_matrixEPvlN7float165Fp16TE] -> 0xffff956858a4
npuchk: [_ZN6npuchk16create_cb_matrixEPN7float165Fp16TElS1_] -> 0xffff95592190
npuchk: [_ZN6npuchk16create_cb_matrixEPslN7float165Fp16TE] -> 0xffff95592364
npuchk: [_ZN6npuchk16create_cb_matrixEPtlN7float165Fp16TE] -> 0xffff95592538
npuchk: [_ZN6npuchk16create_cb_matrixEPN7float165Fp16TElj] -> 0xffff9559270c
npuchk: [_ZN6npuchk16create_cb_matrixEPflj] -> 0xffff955928d4
npuchk: [_ZN6npuchk16create_cb_matrixEPflN7float165Fp16TE] -> 0xffff95592a9c
npuchk: [_ZN6npuchk16create_cb_matrixEPslj] -> 0xffff95592c70
npuchk: [_ZN6npuchk16create_cb_matrixEPilj] -> 0xffff95592e38
npuchk: [_ZN6npuchk16create_cb_matrixEPilN7float165Fp16TE] -> 0xffff95593000
npuchk: [_ZN6npuchk16create_cb_matrixEPtlj] -> 0xffff955931d4
npuchk: [_ZN6npuchk16create_cb_matrixEPjlj] -> 0xffff9559339c
npuchk: [_ZN6npuchk16create_cb_matrixEPjlN7float165Fp16TE] -> 0xffff95593564
npuchk: [_ZN6npuchk21create_cb_matrix_bf16EPN8bfloat165Bf16TElS1_] -> (nil)
npuchk: [_ZN6npuchk18create_cbuf_matrixEPvlN7float165Fp16TE] -> 0xffff95685a78
npuchk: [_ZN6npuchk18create_cbuf_matrixEPN7float165Fp16TElS1_] -> 0xffff95593738
npuchk: [_ZN6npuchk18create_cbuf_matrixEPslN7float165Fp16TE] -> 0xffff9559390c
npuchk: [_ZN6npuchk18create_cbuf_matrixEPtlN7float165Fp16TE] -> 0xffff95593ae0
npuchk: [_ZN6npuchk18create_cbuf_matrixEPN7float165Fp16TElj] -> 0xffff95593cb4
npuchk: [_ZN6npuchk18create_cbuf_matrixEPflj] -> 0xffff95593e7c
npuchk: [_ZN6npuchk18create_cbuf_matrixEPflN7float165Fp16TE] -> 0xffff95594044
npuchk: [_ZN6npuchk18create_cbuf_matrixEPslj] -> 0xffff95594218
npuchk: [_ZN6npuchk18create_cbuf_matrixEPilj] -> 0xffff955943e0
npuchk: [_ZN6npuchk18create_cbuf_matrixEPilN7float165Fp16TE] -> 0xffff955945a8
npuchk: [_ZN6npuchk18create_cbuf_matrixEPtlj] -> 0xffff9559477c
npuchk: [_ZN6npuchk18create_cbuf_matrixEPjlj] -> 0xffff95594944
npuchk: [_ZN6npuchk18create_cbuf_matrixEPjlN7float165Fp16TE] -> 0xffff95594b0c
npuchk: [_ZN6npuchk23create_cbuf_matrix_bf16EPN8bfloat165Bf16TElS1_] -> (nil)
npuchk: [_ZN6npuchk10dc_preloadEPms] -> 0xffff95594ce0
npuchk: [_ZN6npuchk10dc_preloadEPml] -> 0xffff95594f04
npuchk: [_ZN6npuchk4dcciEPvm] -> 0xffff95595128
npuchk: [_ZN6npuchk4dcciEPvmm] -> 0xffff95595348
npuchk: [_ZN6npuchk21decompress_gm_to_cbufEPhS0_l] -> 0xffff95685c4c
npuchk: [_ZN6npuchk21decompress_gm_to_cbufEPhS0_tbhh] -> 0xffff95685ecc
npuchk: [_ZN6npuchk21decompress_gm_to_cbufEPN7float165Fp16TES2_l] -> 0xffff9568623c
npuchk: [_ZN6npuchk21decompress_gm_to_cbufEPN7float165Fp16TES2_tbhh] -> 0xffff956864bc
npuchk: [_ZN6npuchk19decompress_gm_to_ubEPhS0_l] -> 0xffff9568682c
npuchk: [_ZN6npuchk19decompress_gm_to_ubEPhS0_tbhh] -> 0xffff95686aa8
npuchk: [_ZN6npuchk19decompress_gm_to_ubEPN7float165Fp16TES2_l] -> 0xffff95686e14
npuchk: [_ZN6npuchk19decompress_gm_to_ubEPN7float165Fp16TES2_tbhh] -> 0xffff95687094
npuchk: [_ZN6npuchk14depthwise_convEPN7float165Fp16TES2_S2_mb] -> 0xffff95687404
npuchk: [_ZN6npuchk14depthwise_convEPN7float165Fp16TES2_S2_tthhhhb] -> 0xffff95687740
npuchk: [_ZN6npuchk14depthwise_convEPfPN7float165Fp16TES3_mb] -> 0xffff95687c0c
npuchk: [_ZN6npuchk14depthwise_convEPfPN7float165Fp16TES3_tthhhhb] -> 0xffff95687f48
npuchk: [_ZN6npuchk14depthwise_convEPiPaS1_mb] -> 0xffff95688414
npuchk: [_ZN6npuchk14depthwise_convEPiPaS1_ttahhhb] -> 0xffff95688750
npuchk: [_ZN6npuchk14depthwise_convEPiPhS1_mb] -> 0xffff95688c1c
npuchk: [_ZN6npuchk14depthwise_convEPiPhS1_tthhhhb] -> 0xffff95688f58
npuchk: [_ZN6npuchk14depthwise_convEPiPhPamb] -> 0xffff95689424
npuchk: [_ZN6npuchk14depthwise_convEPiPhPatthhhhb] -> 0xffff95689760
npuchk: [_ZN6npuchk17depthwise_conv_v2EPN7float165Fp16TES2_S2_m] -> (nil)
npuchk: [_ZN6npuchk17depthwise_conv_v2EPN7float165Fp16TES2_S2_tthhhthbbh] -> (nil)
npuchk: [_ZN6npuchk17depthwise_conv_v2EPfPN7float165Fp16TES3_m] -> (nil)
npuchk: [_ZN6npuchk17depthwise_conv_v2EPfPN7float165Fp16TES3_tthhhthbbh] -> (nil)
npuchk: [_ZN6npuchk17depthwise_conv_v2EPiPaS1_m] -> (nil)
npuchk: [_ZN6npuchk17depthwise_conv_v2EPiPaS1_tthhhthbbh] -> (nil)
npuchk: [_ZN6npuchk17depthwise_conv_v2EPiPhS1_m] -> (nil)
npuchk: [_ZN6npuchk17depthwise_conv_v2EPiPhS1_tthhhthbbh] -> (nil)
npuchk: [_ZN6npuchk17depthwise_conv_v2EPiPhPam] -> (nil)
npuchk: [_ZN6npuchk17depthwise_conv_v2EPiPhPatthhhthbbh] -> (nil)
npuchk: [_ZN6npuchk3dsbE9mem_dsb_t] -> 0xffff955955ac
npuchk: [_ZN6npuchk22fake_overflow_status_1Ev] -> (nil)
npuchk: [_ZN6npuchk22fake_overflow_status_2Ev] -> (nil)
npuchk: [_ZN6npuchk20ffts_cross_core_syncE6pipe_tm] -> 0xffff95595780
npuchk: [_ZN6npuchk5fifr1EPsS0_mm] -> (nil)
npuchk: [_ZN6npuchk5fifr1EPsS0_mm4bm_t] -> (nil)
npuchk: [_ZN6npuchk5fifr1EPsS0_8w_size_thhhaaaaaaaaaahh4bm_t] -> (nil)
npuchk: [_ZN6npuchk5fifr1EPsS0_8w_size_thhhaaaaaaaaaahh] -> (nil)
npuchk: [_ZN6npuchk5fifr1EPsPamm] -> (nil)
npuchk: [_ZN6npuchk5fifr1EPsPamm4bm_t] -> (nil)
npuchk: [_ZN6npuchk5fifr1EPsPa8w_size_thhhaaaaaaaaaahh4bm_t] -> (nil)
npuchk: [_ZN6npuchk5fifr1EPsPa8w_size_thhhaaaaaaaaaahh] -> (nil)
npuchk: [_ZN6npuchk5fifr1EPsPtmm] -> (nil)
npuchk: [_ZN6npuchk5fifr1EPsPtmm4bm_t] -> (nil)
npuchk: [_ZN6npuchk5fifr1EPsPt8w_size_thhhaaaaaaaaaahh4bm_t] -> (nil)
npuchk: [_ZN6npuchk5fifr1EPsPt8w_size_thhhaaaaaaaaaahh] -> (nil)
npuchk: [_ZN6npuchk5fifr1EPsPhmm] -> (nil)
npuchk: [_ZN6npuchk5fifr1EPsPhmm4bm_t] -> (nil)
npuchk: [_ZN6npuchk5fifr1EPsPh8w_size_thhhaaaaaaaaaahh4bm_t] -> (nil)
npuchk: [_ZN6npuchk5fifr1EPsPh8w_size_thhhaaaaaaaaaahh] -> (nil)
npuchk: [_ZN6npuchk26fix_depthwisein_cc_to_cbufEPaPimm] -> (nil)
npuchk: [_ZN6npuchk26fix_depthwisein_cc_to_cbufEPaPi11unit_flag_thtttt13ConvReluFix_tb6Relu_tbS4_6Pool_t5Req_t10DualMode_ttt] -> (nil)
npuchk: [_ZN6npuchk26fix_depthwisein_cc_to_cbufEPhPimm] -> (nil)
npuchk: [_ZN6npuchk26fix_depthwisein_cc_to_cbufEPhPi11unit_flag_thtttt13ConvReluFix_tb6Relu_tbS4_6Pool_t5Req_t10DualMode_ttt] -> (nil)
npuchk: [_ZN6npuchk26fix_depthwisein_cc_to_ubufEPaPimm] -> (nil)
npuchk: [_ZN6npuchk26fix_depthwisein_cc_to_ubufEPaPi11unit_flag_thtttt13ConvReluFix_tb6Relu_tbS4_6Pool_t5Req_t10DualMode_ttt] -> (nil)
npuchk: [_ZN6npuchk26fix_depthwisein_cc_to_ubufEPhPimm] -> (nil)
npuchk: [_ZN6npuchk26fix_depthwisein_cc_to_ubufEPhPi11unit_flag_thtttt13ConvReluFix_tb6Relu_tbS4_6Pool_t5Req_t10DualMode_ttt] -> (nil)
npuchk: [_ZN6npuchk27fix_depthwiseout_cc_to_cbufEPaPimm] -> (nil)
npuchk: [_ZN6npuchk27fix_depthwiseout_cc_to_cbufEPaPi11unit_flag_thtttt13ConvReluFix_tb6Relu_tbS4_6Pool_t5Req_t10DualMode_ttt] -> (nil)
npuchk: [_ZN6npuchk27fix_depthwiseout_cc_to_cbufEPhPimm] -> (nil)
npuchk: [_ZN6npuchk27fix_depthwiseout_cc_to_cbufEPhPi11unit_flag_thtttt13ConvReluFix_tb6Relu_tbS4_6Pool_t5Req_t10DualMode_ttt] -> (nil)
npuchk: [_ZN6npuchk21fix_matrix_cc_to_cbufEPN7float165Fp16TES2_mm] -> (nil)
npuchk: [_ZN6npuchk21fix_matrix_cc_to_cbufEPaPN7float165Fp16TEmm] -> (nil)
npuchk: [_ZN6npuchk21fix_matrix_cc_to_cbufEPaPN7float165Fp16TE11unit_flag_thtttt13ConvReluFix_tb6Relu_tbS6_6Pool_t5Req_t10DualMode_ttt] -> (nil)
npuchk: [_ZN6npuchk21fix_matrix_cc_to_cbufEPhPN7float165Fp16TEmm] -> (nil)
npuchk: [_ZN6npuchk21fix_matrix_cc_to_cbufEPhPN7float165Fp16TE11unit_flag_thtttt13ConvReluFix_tb6Relu_tbS6_6Pool_t5Req_t10DualMode_ttt] -> (nil)
npuchk: [_ZN6npuchk21fix_matrix_cc_to_cbufEPN7float165Fp16TES2_11unit_flag_thtttt13ConvReluFix_tb6Relu_tbS5_6Pool_t5Req_t10DualMode_ttt] -> (nil)
npuchk: [_ZN6npuchk21fix_matrix_cc_to_cbufEPiS0_mm] -> (nil)
npuchk: [_ZN6npuchk21fix_matrix_cc_to_cbufEPN7float165Fp16TEPimm] -> (nil)
npuchk: [_ZN6npuchk21fix_matrix_cc_to_cbufEPN7float165Fp16TEPi11unit_flag_thtttt13ConvReluFix_tb6Relu_tbS6_6Pool_t5Req_t10DualMode_ttt] -> (nil)
npuchk: [_ZN6npuchk21fix_matrix_cc_to_cbufEPsPimm] -> (nil)
npuchk: [_ZN6npuchk21fix_matrix_cc_to_cbufEPsPi11unit_flag_thtttt13ConvReluFix_tb6Relu_tbS4_6Pool_t5Req_t10DualMode_ttt] -> (nil)
npuchk: [_ZN6npuchk21fix_matrix_cc_to_cbufEPaPimm] -> (nil)
npuchk: [_ZN6npuchk21fix_matrix_cc_to_cbufEPaPi11unit_flag_thtttt13ConvReluFix_tb6Relu_tbS4_6Pool_t5Req_t10DualMode_ttt] -> (nil)
npuchk: [_ZN6npuchk21fix_matrix_cc_to_cbufEPhPimm] -> (nil)
npuchk: [_ZN6npuchk21fix_matrix_cc_to_cbufEPhPi11unit_flag_thtttt13ConvReluFix_tb6Relu_tbS4_6Pool_t5Req_t10DualMode_ttt] -> (nil)
npuchk: [_ZN6npuchk21fix_matrix_cc_to_cbufEPiS0_11unit_flag_thtttt13ConvReluFix_tb6Relu_tbS3_6Pool_t5Req_t10DualMode_ttt] -> (nil)
npuchk: [_ZN6npuchk21fix_matrix_cc_to_ubufEPN7float165Fp16TES2_mm] -> (nil)
npuchk: [_ZN6npuchk21fix_matrix_cc_to_ubufEPN7float165Fp16TES2_11unit_flag_thtttt13ConvReluFix_tb6Relu_tbS5_6Pool_t5Req_t10DualMode_ttt] -> (nil)
npuchk: [_ZN6npuchk21fix_matrix_cc_to_ubufEPN7float165Fp16TEPimm] -> (nil)
npuchk: [_ZN6npuchk21fix_matrix_cc_to_ubufEPN7float165Fp16TEPi11unit_flag_thtttt13ConvReluFix_tb6Relu_tbS6_6Pool_t5Req_t10DualMode_ttt] -> (nil)
npuchk: [_ZN6npuchk21fix_matrix_cc_to_ubufEPsPimm] -> (nil)
npuchk: [_ZN6npuchk21fix_matrix_cc_to_ubufEPsPi11unit_flag_thtttt13ConvReluFix_tb6Relu_tbS4_6Pool_t5Req_t10DualMode_ttt] -> (nil)
npuchk: [_ZN6npuchk21fix_matrix_cc_to_ubufEPiS0_mm] -> (nil)
npuchk: [_ZN6npuchk21fix_matrix_cc_to_ubufEPiS0_11unit_flag_thtttt13ConvReluFix_tb6Relu_tbS3_6Pool_t5Req_t10DualMode_ttt] -> (nil)
npuchk: [_ZN6npuchk21fix_matrix_cc_to_ubufEPaPimm] -> (nil)
npuchk: [_ZN6npuchk21fix_matrix_cc_to_ubufEPaPi11unit_flag_thtttt13ConvReluFix_tb6Relu_tbS4_6Pool_t5Req_t10DualMode_ttt] -> (nil)
npuchk: [_ZN6npuchk21fix_matrix_cc_to_ubufEPhPimm] -> (nil)
npuchk: [_ZN6npuchk21fix_matrix_cc_to_ubufEPhPi11unit_flag_thtttt13ConvReluFix_tb6Relu_tbS4_6Pool_t5Req_t10DualMode_ttt] -> (nil)
npuchk: [_ZN6npuchk23fix_winograd_cc_to_cbufEPiS0_mm] -> (nil)
npuchk: [_ZN6npuchk23fix_winograd_cc_to_cbufEPN7float165Fp16TEPimm] -> (nil)
npuchk: [_ZN6npuchk23fix_winograd_cc_to_cbufEPN7float165Fp16TEPi11unit_flag_thtttt13ConvReluFix_tb6Relu_tbS6_6Pool_t5Req_t10DualMode_ttt] -> (nil)
npuchk: [_ZN6npuchk23fix_winograd_cc_to_cbufEPsPimm] -> (nil)
npuchk: [_ZN6npuchk23fix_winograd_cc_to_cbufEPsPi11unit_flag_thtttt13ConvReluFix_tb6Relu_tbS4_6Pool_t5Req_t10DualMode_ttt] -> (nil)
npuchk: [_ZN6npuchk23fix_winograd_cc_to_cbufEPaPimm] -> (nil)
npuchk: [_ZN6npuchk23fix_winograd_cc_to_cbufEPaPi11unit_flag_thtttt13ConvReluFix_tb6Relu_tbS4_6Pool_t5Req_t10DualMode_ttt] -> (nil)
npuchk: [_ZN6npuchk23fix_winograd_cc_to_cbufEPhPimm] -> (nil)
npuchk: [_ZN6npuchk23fix_winograd_cc_to_cbufEPhPi11unit_flag_thtttt13ConvReluFix_tb6Relu_tbS4_6Pool_t5Req_t10DualMode_ttt] -> (nil)
npuchk: [_ZN6npuchk23fix_winograd_cc_to_cbufEPiS0_11unit_flag_thtttt13ConvReluFix_tb6Relu_tbS3_6Pool_t5Req_t10DualMode_ttt] -> (nil)
npuchk: [_ZN6npuchk23fix_winograd_cc_to_ubufEPiS0_mm] -> (nil)
npuchk: [_ZN6npuchk23fix_winograd_cc_to_ubufEPN7float165Fp16TEPimm] -> (nil)
npuchk: [_ZN6npuchk23fix_winograd_cc_to_ubufEPN7float165Fp16TEPi11unit_flag_thtttt13ConvReluFix_tb6Relu_tbS6_6Pool_t5Req_t10DualMode_ttt] -> (nil)
npuchk: [_ZN6npuchk23fix_winograd_cc_to_ubufEPsPimm] -> (nil)
npuchk: [_ZN6npuchk23fix_winograd_cc_to_ubufEPsPi11unit_flag_thtttt13ConvReluFix_tb6Relu_tbS4_6Pool_t5Req_t10DualMode_ttt] -> (nil)
npuchk: [_ZN6npuchk23fix_winograd_cc_to_ubufEPaPimm] -> (nil)
npuchk: [_ZN6npuchk23fix_winograd_cc_to_ubufEPaPi11unit_flag_thtttt13ConvReluFix_tb6Relu_tbS4_6Pool_t5Req_t10DualMode_ttt] -> (nil)
npuchk: [_ZN6npuchk23fix_winograd_cc_to_ubufEPhPimm] -> (nil)
npuchk: [_ZN6npuchk23fix_winograd_cc_to_ubufEPhPi11unit_flag_thtttt13ConvReluFix_tb6Relu_tbS4_6Pool_t5Req_t10DualMode_ttt] -> (nil)
npuchk: [_ZN6npuchk23fix_winograd_cc_to_ubufEPiS0_11unit_flag_thtttt13ConvReluFix_tb6Relu_tbS3_6Pool_t5Req_t10DualMode_ttt] -> (nil)
npuchk: [_ZN6npuchk4fmaxEPhS0_m] -> (nil)
npuchk: [_ZN6npuchk4fmaxEPhS0_8w_size_thhhaaaaa] -> (nil)
npuchk: [_ZN6npuchk4fminEPhS0_m] -> (nil)
npuchk: [_ZN6npuchk4fminEPhS0_8w_size_thhhaaaaa] -> (nil)
npuchk: [_ZN6npuchk11get_acc_valEv] -> (nil)
npuchk: [_ZN6npuchk6get_arEv] -> (nil)
npuchk: [_ZN6npuchk12get_arch_verEv] -> (nil)
npuchk: [_ZN6npuchk13get_block_idxEv] -> (nil)
npuchk: [_ZN6npuchk13get_block_numEv] -> (nil)
npuchk: [_ZN6npuchk11get_cmpmaskEPv] -> 0xffff955dd508
npuchk: [_ZN6npuchk8get_condEv] -> (nil)
npuchk: [_ZN6npuchk18get_condition_flagEv] -> (nil)
npuchk: [_ZN6npuchk10get_coreidEv] -> (nil)
npuchk: [_ZN6npuchk8get_ctrlEv] -> (nil)
npuchk: [_ZN6npuchk18get_data_main_baseEv] -> (nil)
npuchk: [_ZN6npuchk13get_data_sizeEv] -> (nil)
npuchk: [_ZN6npuchk16get_data_ub_baseEv] -> (nil)
npuchk: [_ZN6npuchk18get_ffts_base_addrEv] -> (nil)
npuchk: [_ZN6npuchk7get_fpcEv] -> (nil)
npuchk: [_ZN6npuchk17get_icache_prl_stEv] -> (nil)
npuchk: [_ZN6npuchk7get_immEm] -> (nil)
npuchk: [_ZN6npuchk7get_immEmm] -> (nil)
npuchk: [_ZN6npuchk7get_immEmmm] -> (nil)
npuchk: [_ZN6npuchk7get_immEmmmm] -> (nil)
npuchk: [_ZN6npuchk9get_k_numEv] -> (nil)
npuchk: [_ZN6npuchk14get_l2_in_mainEv] -> (nil)
npuchk: [_ZN6npuchk17get_l2_vaddr_baseEv] -> (nil)
npuchk: [_ZN6npuchk9get_lpcntEv] -> (nil)
npuchk: [_ZN6npuchk15get_max_min_cntEv] -> (nil)
npuchk: [_ZN6npuchk19get_overflow_statusEv] -> (nil)
npuchk: [_ZN6npuchk13get_para_baseEv] -> (nil)
npuchk: [_ZN6npuchk6get_pcEv] -> (nil)
npuchk: [_ZN6npuchk14get_rpn_cor_irEv] -> (nil)
npuchk: [_ZN6npuchk12get_rsvd_cntEv] -> (nil)
npuchk: [_ZN6npuchk19get_safety_crc_dataEv] -> (nil)
npuchk: [_ZN6npuchk17get_safety_crc_enEv] -> (nil)
npuchk: [_ZN6npuchk16get_smmu_tag_verEv] -> (nil)
npuchk: [_ZN6npuchk17get_st_atomic_cfgEv] -> (nil)
npuchk: [_ZN6npuchk18get_stack_phy_baseEv] -> (nil)
npuchk: [_ZN6npuchk10get_statusEv] -> (nil)
npuchk: [_ZN6npuchk15get_subblockdimEv] -> (nil)
npuchk: [_ZN6npuchk14get_subblockidEv] -> (nil)
npuchk: [_ZN6npuchk11get_sys_cntEv] -> (nil)
npuchk: [_ZN6npuchk15get_sys_va_baseEv] -> (nil)
npuchk: [_ZN6npuchk14get_thread_dimEv] -> (nil)
npuchk: [_ZN6npuchk13get_thread_idEv] -> (nil)
npuchk: [_ZN6npuchk6get_vlEv] -> (nil)
npuchk: [_ZN6npuchk11get_vms4_srEv] -> (nil)
npuchk: [_ZN6npuchk15hebcd_out_to_ubEPvS0_S0_m] -> (nil)
npuchk: [_ZN6npuchk15hebcd_out_to_ubEPvS0_S0_hhbbhttht] -> (nil)
npuchk: [_ZN6npuchk15hebce_l1_to_outEPvS0_S0_m] -> (nil)
npuchk: [_ZN6npuchk15hebce_l1_to_outEPvS0_S0_bbhhbbhttht] -> (nil)
npuchk: [_ZN6npuchk15hebce_ub_to_outEPvS0_S0_m] -> (nil)
npuchk: [_ZN6npuchk15hebce_ub_to_outEPvS0_S0_bbhhbbhttht] -> (nil)
npuchk: [_ZN6npuchk9hset_flagE6pipe_tS0_7event_t5mem_tb] -> (nil)
npuchk: [_ZN6npuchk9hset_flagE6pipe_tS0_m5mem_tb] -> (nil)
npuchk: [_ZN6npuchk10hwait_flagE6pipe_tS0_7event_t5mem_tb] -> (nil)
npuchk: [_ZN6npuchk10hwait_flagE6pipe_tS0_m5mem_tb] -> (nil)
npuchk: [_ZN6npuchk18img2col_cbuf_to_caEPN7float165Fp16TES2_mm7csize_t] -> 0xffff95689c2c
npuchk: [_ZN6npuchk18img2col_cbuf_to_caEPN7float165Fp16TES2_hhssthhhhhhhhh7csize_t] -> 0xffff95689f74
npuchk: [_ZN6npuchk18img2col_cbuf_to_caEPaS0_mm7csize_t] -> 0xffff9568a67c
npuchk: [_ZN6npuchk18img2col_cbuf_to_caEPaS0_hhssthhhhhhhhh7csize_t] -> 0xffff9568a9c4
npuchk: [_ZN6npuchk18img2col_cbuf_to_caEPhS0_mm7csize_t] -> 0xffff9568b0cc
npuchk: [_ZN6npuchk18img2col_cbuf_to_caEPhS0_hhssthhhhhhhhh7csize_t] -> 0xffff9568b414
npuchk: [_ZN6npuchk18img2col_cbuf_to_cbEPN7float165Fp16TES2_mm7csize_t] -> 0xffff9568bb1c
npuchk: [_ZN6npuchk18img2col_cbuf_to_cbEPN7float165Fp16TES2_hhssthhhhhhhhh7csize_t] -> 0xffff9568be68
npuchk: [_ZN6npuchk18img2col_cbuf_to_cbEPaS0_mm7csize_t] -> 0xffff9568c574
npuchk: [_ZN6npuchk18img2col_cbuf_to_cbEPaS0_hhssthhhhhhhhh7csize_t] -> 0xffff9568c8c0
npuchk: [_ZN6npuchk18img2col_cbuf_to_cbEPhS0_mm7csize_t] -> 0xffff9568cfcc
npuchk: [_ZN6npuchk18img2col_cbuf_to_cbEPhS0_hhssthhhhhhhhh7csize_t] -> 0xffff9568d318
npuchk: [_ZN6npuchk18img2col_cbuf_to_ubEPN7float165Fp16TES2_mm7csize_t] -> 0xffff9568da24
npuchk: [_ZN6npuchk18img2col_cbuf_to_ubEPN7float165Fp16TES2_hhssthhhhhhhhh7csize_t] -> 0xffff9568dd6c
npuchk: [_ZN6npuchk18img2col_cbuf_to_ubEPaS0_mm7csize_t] -> 0xffff9568e474
npuchk: [_ZN6npuchk18img2col_cbuf_to_ubEPaS0_hhssthhhhhhhhh7csize_t] -> 0xffff9568e7bc
npuchk: [_ZN6npuchk18img2col_cbuf_to_ubEPhS0_mm7csize_t] -> 0xffff9568eec4
npuchk: [_ZN6npuchk18img2col_cbuf_to_ubEPhS0_hhssthhhhhhhhh7csize_t] -> 0xffff9568f20c
npuchk: [_ZN6npuchk20img2colv2_cbuf_to_caEPN7float165Fp16TES2_mm] -> 0xffff95595918
npuchk: [_ZN6npuchk20img2colv2_cbuf_to_caEPN7float165Fp16TES2_mm4bm_t] -> 0xffff9568f914
npuchk: [_ZN6npuchk20img2colv2_cbuf_to_caEPN7float165Fp16TES2_tttthhhhhhbt] -> 0xffff9568fb5c
npuchk: [_ZN6npuchk20img2colv2_cbuf_to_caEPN7float165Fp16TES2_tttthhhhhhbt4bm_t] -> (nil)
npuchk: [_ZN6npuchk20img2colv2_cbuf_to_caEPN7float165Fp16TES2_tttthhhhhhbbbbt] -> 0xffff95595bf4
npuchk: [_ZN6npuchk20img2colv2_cbuf_to_caEPN8bfloat165Bf16TES2_mm] -> 0xffff9559629c
npuchk: [_ZN6npuchk20img2colv2_cbuf_to_caEPN8bfloat165Bf16TES2_mm4bm_t] -> (nil)
npuchk: [_ZN6npuchk20img2colv2_cbuf_to_caEPN8bfloat165Bf16TES2_tttthhhhhhbt] -> (nil)
npuchk: [_ZN6npuchk20img2colv2_cbuf_to_caEPN8bfloat165Bf16TES2_tttthhhhhhbt4bm_t] -> (nil)
npuchk: [_ZN6npuchk20img2colv2_cbuf_to_caEPN8bfloat165Bf16TES2_tttthhhhhhbbbbt] -> 0xffff95596578
npuchk: [_ZN6npuchk20img2colv2_cbuf_to_caEPfS0_mm] -> 0xffff95596c20
npuchk: [_ZN6npuchk20img2colv2_cbuf_to_caEPfS0_mm4bm_t] -> 0xffff95690138
npuchk: [_ZN6npuchk20img2colv2_cbuf_to_caEPfS0_tttthhhhhhbt] -> 0xffff95690380
npuchk: [_ZN6npuchk20img2colv2_cbuf_to_caEPfS0_tttthhhhhhbt4bm_t] -> (nil)
npuchk: [_ZN6npuchk20img2colv2_cbuf_to_caEPfS0_tttthhhhhhbbbbt] -> 0xffff95596efc
npuchk: [_ZN6npuchk20img2colv2_cbuf_to_caEPiS0_mm] -> 0xffff955975a4
npuchk: [_ZN6npuchk20img2colv2_cbuf_to_caEPiS0_mm4bm_t] -> 0xffff9569095c
npuchk: [_ZN6npuchk20img2colv2_cbuf_to_caEPiS0_tttthhhhhhbt] -> 0xffff95690ba4
npuchk: [_ZN6npuchk20img2colv2_cbuf_to_caEPiS0_tttthhhhhhbt4bm_t] -> (nil)
npuchk: [_ZN6npuchk20img2colv2_cbuf_to_caEPiS0_tttthhhhhhbbbbt] -> 0xffff95597880
npuchk: [_ZN6npuchk20img2colv2_cbuf_to_caEPaS0_mm] -> 0xffff95597f28
npuchk: [_ZN6npuchk20img2colv2_cbuf_to_caEPaS0_mm4bm_t] -> 0xffff95691180
npuchk: [_ZN6npuchk20img2colv2_cbuf_to_caEPaS0_tttthhhhhhbt] -> 0xffff956913c8
npuchk: [_ZN6npuchk20img2colv2_cbuf_to_caEPaS0_tttthhhhhhbt4bm_t] -> (nil)
npuchk: [_ZN6npuchk20img2colv2_cbuf_to_caEPaS0_tttthhhhhhbbbbt] -> 0xffff95598204
npuchk: [_ZN6npuchk20img2colv2_cbuf_to_caEPjS0_mm] -> 0xffff955988ac
npuchk: [_ZN6npuchk20img2colv2_cbuf_to_caEPjS0_mm4bm_t] -> 0xffff956919a4
npuchk: [_ZN6npuchk20img2colv2_cbuf_to_caEPjS0_tttthhhhhhbt] -> 0xffff95691bec
npuchk: [_ZN6npuchk20img2colv2_cbuf_to_caEPjS0_tttthhhhhhbt4bm_t] -> (nil)
npuchk: [_ZN6npuchk20img2colv2_cbuf_to_caEPjS0_tttthhhhhhbbbbt] -> 0xffff95598b88
npuchk: [_ZN6npuchk20img2colv2_cbuf_to_caEPhS0_mm] -> 0xffff95599230
npuchk: [_ZN6npuchk20img2colv2_cbuf_to_caEPhS0_mm4bm_t] -> 0xffff956921c8
npuchk: [_ZN6npuchk20img2colv2_cbuf_to_caEPhS0_tttthhhhhhbt] -> 0xffff95692410
npuchk: [_ZN6npuchk20img2colv2_cbuf_to_caEPhS0_tttthhhhhhbt4bm_t] -> (nil)
npuchk: [_ZN6npuchk20img2colv2_cbuf_to_caEPhS0_tttthhhhhhbbbbt] -> 0xffff9559950c
npuchk: [_ZN6npuchk23img2colv2_cbuf_to_ca_s4EPvS0_mm] -> 0xffff95599bb4
npuchk: [_ZN6npuchk23img2colv2_cbuf_to_ca_s4EPvS0_mm4bm_t] -> 0xffff956929ec
npuchk: [_ZN6npuchk23img2colv2_cbuf_to_ca_s4EPvS0_tttthhhhhhbt] -> 0xffff95692c34
npuchk: [_ZN6npuchk23img2colv2_cbuf_to_ca_s4EPvS0_tttthhhhhhbt4bm_t] -> (nil)
npuchk: [_ZN6npuchk23img2colv2_cbuf_to_ca_s4EPvS0_tttthhhhhhbbbbt] -> 0xffff95599e90
npuchk: [_ZN6npuchk20img2colv2_cbuf_to_cbEPN7float165Fp16TES2_mm] -> 0xffff9559a538
npuchk: [_ZN6npuchk20img2colv2_cbuf_to_cbEPN7float165Fp16TES2_mm4bm_t] -> 0xffff95693210
npuchk: [_ZN6npuchk20img2colv2_cbuf_to_cbEPN7float165Fp16TES2_tttthhhhhhbt] -> 0xffff9569345c
npuchk: [_ZN6npuchk20img2colv2_cbuf_to_cbEPN7float165Fp16TES2_tttthhhhhhbt4bm_t] -> (nil)
npuchk: [_ZN6npuchk20img2colv2_cbuf_to_cbEPN7float165Fp16TES2_tttthhhhhhbbbbt] -> 0xffff9559a818
npuchk: [_ZN6npuchk20img2colv2_cbuf_to_cbEPN8bfloat165Bf16TES2_mm] -> 0xffff9559aec4
npuchk: [_ZN6npuchk20img2colv2_cbuf_to_cbEPN8bfloat165Bf16TES2_mm4bm_t] -> (nil)
npuchk: [_ZN6npuchk20img2colv2_cbuf_to_cbEPN8bfloat165Bf16TES2_tttthhhhhhbt] -> (nil)
npuchk: [_ZN6npuchk20img2colv2_cbuf_to_cbEPN8bfloat165Bf16TES2_tttthhhhhhbt4bm_t] -> (nil)
npuchk: [_ZN6npuchk20img2colv2_cbuf_to_cbEPN8bfloat165Bf16TES2_tttthhhhhhbbbbt] -> 0xffff9559b0c8
npuchk: [_ZN6npuchk20img2colv2_cbuf_to_cbEPfS0_mm] -> 0xffff9559b5fc
npuchk: [_ZN6npuchk20img2colv2_cbuf_to_cbEPfS0_mm4bm_t] -> 0xffff95693a3c
npuchk: [_ZN6npuchk20img2colv2_cbuf_to_cbEPfS0_tttthhhhhhbt] -> 0xffff95693c88
npuchk: [_ZN6npuchk20img2colv2_cbuf_to_cbEPfS0_tttthhhhhhbt4bm_t] -> (nil)
npuchk: [_ZN6npuchk20img2colv2_cbuf_to_cbEPfS0_tttthhhhhhbbbbt] -> 0xffff9559b8dc
npuchk: [_ZN6npuchk20img2colv2_cbuf_to_cbEPiS0_mm] -> 0xffff9559bf88
npuchk: [_ZN6npuchk20img2colv2_cbuf_to_cbEPiS0_mm4bm_t] -> 0xffff95694268
npuchk: [_ZN6npuchk20img2colv2_cbuf_to_cbEPiS0_tttthhhhhhbt] -> 0xffff956944b4
npuchk: [_ZN6npuchk20img2colv2_cbuf_to_cbEPiS0_tttthhhhhhbt4bm_t] -> (nil)
npuchk: [_ZN6npuchk20img2colv2_cbuf_to_cbEPiS0_tttthhhhhhbbbbt] -> 0xffff9559c268
npuchk: [_ZN6npuchk20img2colv2_cbuf_to_cbEPaS0_mm] -> 0xffff95694a94
npuchk: [_ZN6npuchk20img2colv2_cbuf_to_cbEPaS0_mm4bm_t] -> 0xffff95694d74
npuchk: [_ZN6npuchk20img2colv2_cbuf_to_cbEPaS0_tttthhhhhhbt] -> 0xffff95694fc0
npuchk: [_ZN6npuchk20img2colv2_cbuf_to_cbEPaS0_tttthhhhhhbt4bm_t] -> (nil)
npuchk: [_ZN6npuchk20img2colv2_cbuf_to_cbEPaS0_tttthhhhhhbbbbt] -> (nil)
npuchk: [_ZN6npuchk20img2colv2_cbuf_to_cbEPjS0_mm] -> 0xffff9559c914
npuchk: [_ZN6npuchk20img2colv2_cbuf_to_cbEPjS0_mm4bm_t] -> 0xffff956955a0
npuchk: [_ZN6npuchk20img2colv2_cbuf_to_cbEPjS0_tttthhhhhhbt] -> 0xffff956957ec
npuchk: [_ZN6npuchk20img2colv2_cbuf_to_cbEPjS0_tttthhhhhhbt4bm_t] -> (nil)
npuchk: [_ZN6npuchk20img2colv2_cbuf_to_cbEPjS0_tttthhhhhhbbbbt] -> 0xffff9559cbf4
npuchk: [_ZN6npuchk20img2colv2_cbuf_to_cbEPhS0_mm] -> 0xffff95695dcc
npuchk: [_ZN6npuchk20img2colv2_cbuf_to_cbEPhS0_mm4bm_t] -> 0xffff956960ac
npuchk: [_ZN6npuchk20img2colv2_cbuf_to_cbEPhS0_tttthhhhhhbt] -> 0xffff956962f8
npuchk: [_ZN6npuchk20img2colv2_cbuf_to_cbEPhS0_tttthhhhhhbt4bm_t] -> (nil)
npuchk: [_ZN6npuchk20img2colv2_cbuf_to_cbEPhS0_tttthhhhhhbbbbt] -> (nil)
npuchk: [_ZN6npuchk23img2colv2_cbuf_to_cb_s4EPvS0_mm] -> 0xffff956968d8
npuchk: [_ZN6npuchk23img2colv2_cbuf_to_cb_s4EPvS0_mm4bm_t] -> 0xffff95696bb8
npuchk: [_ZN6npuchk23img2colv2_cbuf_to_cb_s4EPvS0_tttthhhhhhbt] -> 0xffff95696e04
npuchk: [_ZN6npuchk23img2colv2_cbuf_to_cb_s4EPvS0_tttthhhhhhbt4bm_t] -> (nil)
npuchk: [_ZN6npuchk23img2colv2_cbuf_to_cb_s4EPvS0_tttthhhhhhbbbbt] -> (nil)
npuchk: [_ZN6npuchk20img2colv2_cbuf_to_ubEPN7float165Fp16TES2_mm] -> 0xffff956973e4
npuchk: [_ZN6npuchk20img2colv2_cbuf_to_ubEPN7float165Fp16TES2_mm4bm_t] -> 0xffff956976c0
npuchk: [_ZN6npuchk20img2colv2_cbuf_to_ubEPN7float165Fp16TES2_tttthhhhhhbt] -> 0xffff95697908
npuchk: [_ZN6npuchk20img2colv2_cbuf_to_ubEPN7float165Fp16TES2_tttthhhhhhbt4bm_t] -> (nil)
npuchk: [_ZN6npuchk20img2colv2_cbuf_to_ubEPN7float165Fp16TES2_tttthhhhhhbbbbt] -> (nil)
npuchk: [_ZN6npuchk20img2colv2_cbuf_to_ubEPfS0_mm] -> 0xffff95697ee4
npuchk: [_ZN6npuchk20img2colv2_cbuf_to_ubEPfS0_mm4bm_t] -> 0xffff956981c0
npuchk: [_ZN6npuchk20img2colv2_cbuf_to_ubEPfS0_tttthhhhhhbt] -> 0xffff95698408
npuchk: [_ZN6npuchk20img2colv2_cbuf_to_ubEPfS0_tttthhhhhhbt4bm_t] -> (nil)
npuchk: [_ZN6npuchk20img2colv2_cbuf_to_ubEPfS0_tttthhhhhhbbbbt] -> (nil)
npuchk: [_ZN6npuchk20img2colv2_cbuf_to_ubEPiS0_mm] -> 0xffff956989e4
npuchk: [_ZN6npuchk20img2colv2_cbuf_to_ubEPiS0_mm4bm_t] -> 0xffff95698cc0
npuchk: [_ZN6npuchk20img2colv2_cbuf_to_ubEPiS0_tttthhhhhhbt] -> 0xffff95698f08
npuchk: [_ZN6npuchk20img2colv2_cbuf_to_ubEPiS0_tttthhhhhhbt4bm_t] -> (nil)
npuchk: [_ZN6npuchk20img2colv2_cbuf_to_ubEPiS0_tttthhhhhhbbbbt] -> (nil)
npuchk: [_ZN6npuchk20img2colv2_cbuf_to_ubEPaS0_mm] -> 0xffff956994e4
npuchk: [_ZN6npuchk20img2colv2_cbuf_to_ubEPaS0_mm4bm_t] -> 0xffff956997c0
npuchk: [_ZN6npuchk20img2colv2_cbuf_to_ubEPaS0_tttthhhhhhbt] -> 0xffff95699a08
npuchk: [_ZN6npuchk20img2colv2_cbuf_to_ubEPaS0_tttthhhhhhbt4bm_t] -> (nil)
npuchk: [_ZN6npuchk20img2colv2_cbuf_to_ubEPaS0_tttthhhhhhbbbbt] -> (nil)
npuchk: [_ZN6npuchk20img2colv2_cbuf_to_ubEPjS0_mm] -> 0xffff95699fe4
npuchk: [_ZN6npuchk20img2colv2_cbuf_to_ubEPjS0_mm4bm_t] -> 0xffff9569a2c0
npuchk: [_ZN6npuchk20img2colv2_cbuf_to_ubEPjS0_tttthhhhhhbt] -> 0xffff9569a508
npuchk: [_ZN6npuchk20img2colv2_cbuf_to_ubEPjS0_tttthhhhhhbt4bm_t] -> (nil)
npuchk: [_ZN6npuchk20img2colv2_cbuf_to_ubEPjS0_tttthhhhhhbbbbt] -> (nil)
npuchk: [_ZN6npuchk20img2colv2_cbuf_to_ubEPhS0_mm] -> 0xffff9569aae4
npuchk: [_ZN6npuchk20img2colv2_cbuf_to_ubEPhS0_mm4bm_t] -> 0xffff9569adc0
npuchk: [_ZN6npuchk20img2colv2_cbuf_to_ubEPhS0_tttthhhhhhbt] -> 0xffff9569b008
npuchk: [_ZN6npuchk20img2colv2_cbuf_to_ubEPhS0_tttthhhhhhbt4bm_t] -> (nil)
npuchk: [_ZN6npuchk20img2colv2_cbuf_to_ubEPhS0_tttthhhhhhbbbbt] -> (nil)
npuchk: [_ZN6npuchk23img2colv2_cbuf_to_ub_s4EPvS0_mm] -> 0xffff9569b5e4
npuchk: [_ZN6npuchk23img2colv2_cbuf_to_ub_s4EPvS0_mm4bm_t] -> 0xffff9569b8c0
npuchk: [_ZN6npuchk23img2colv2_cbuf_to_ub_s4EPvS0_tttthhhhhhbt] -> 0xffff9569bb08
npuchk: [_ZN6npuchk23img2colv2_cbuf_to_ub_s4EPvS0_tttthhhhhhbt4bm_t] -> (nil)
npuchk: [_ZN6npuchk23img2colv2_cbuf_to_ub_s4EPvS0_tttthhhhhhbbbbt] -> (nil)
npuchk: [_ZN6npuchk10insert_immEmhhb] -> (nil)
npuchk: [_ZN6npuchk10insert_regEmmhh] -> (nil)
npuchk: [_ZN6npuchk6ld_devEPts] -> (nil)
npuchk: [_ZN6npuchk6ld_devEPjs] -> (nil)
npuchk: [_ZN6npuchk6ld_devEPms] -> (nil)
npuchk: [_ZN6npuchk6ld_devEPhs] -> (nil)
npuchk: [_ZN6npuchk4ldvaE10ub_addr8_tmb] -> (nil)
npuchk: [_ZN6npuchk15load_cbuf_to_caEPN8bfloat165Bf16TES2_mb] -> 0xffff9559d2a0
npuchk: [_ZN6npuchk15load_cbuf_to_caEPN8bfloat165Bf16TES2_mb15addr_cal_mode_t] -> 0xffff9559d588
npuchk: [_ZN6npuchk15load_cbuf_to_caEPN8bfloat165Bf16TES2_thtthb15addr_cal_mode_t] -> 0xffff9559d8c4
npuchk: [_ZN6npuchk15load_cbuf_to_caEPN8bfloat165Bf16TES2_thtthbb15addr_cal_mode_t] -> 0xffff9559dd34
npuchk: [_ZN6npuchk15load_cbuf_to_caEPN8bfloat165Bf16TES2_ththb] -> 0xffff9559e1e8
npuchk: [_ZN6npuchk15load_cbuf_to_caEPN8bfloat165Bf16TES2_thttb15addr_cal_mode_t] -> (nil)
npuchk: [_ZN6npuchk15load_cbuf_to_caEPN8bfloat165Bf16TES2_mmb] -> (nil)
npuchk: [_ZN6npuchk15load_cbuf_to_caEPN8bfloat165Bf16TES2_tthhttb] -> (nil)
npuchk: [_ZN6npuchk15load_cbuf_to_caEPN7float165Fp16TES2_mb] -> 0xffff9559e5c0
npuchk: [_ZN6npuchk15load_cbuf_to_caEPN7float165Fp16TES2_mb15addr_cal_mode_t] -> 0xffff9559e8a8
npuchk: [_ZN6npuchk15load_cbuf_to_caEPN7float165Fp16TES2_thtthb15addr_cal_mode_t] -> 0xffff9559ebe4
npuchk: [_ZN6npuchk15load_cbuf_to_caEPN7float165Fp16TES2_thtthbb15addr_cal_mode_t] -> 0xffff9559f054
npuchk: [_ZN6npuchk15load_cbuf_to_caEPN7float165Fp16TES2_ththb] -> 0xffff9559f508
npuchk: [_ZN6npuchk15load_cbuf_to_caEPN7float165Fp16TES2_thttb15addr_cal_mode_t] -> (nil)
npuchk: [_ZN6npuchk15load_cbuf_to_caEPfS0_mb15addr_cal_mode_t] -> 0xffff9559f8e0
npuchk: [_ZN6npuchk15load_cbuf_to_caEPfS0_thtthb15addr_cal_mode_t] -> 0xffff9559fc1c
npuchk: [_ZN6npuchk15load_cbuf_to_caEPfS0_thtthbb15addr_cal_mode_t] -> 0xffff955a008c
npuchk: [_ZN6npuchk15load_cbuf_to_caEPfS0_thttb15addr_cal_mode_t] -> (nil)
npuchk: [_ZN6npuchk15load_cbuf_to_caEPiS0_mb15addr_cal_mode_t] -> 0xffff955a0540
npuchk: [_ZN6npuchk15load_cbuf_to_caEPiS0_thtthb15addr_cal_mode_t] -> 0xffff955a087c
npuchk: [_ZN6npuchk15load_cbuf_to_caEPiS0_thtthbb15addr_cal_mode_t] -> 0xffff955a0cec
npuchk: [_ZN6npuchk15load_cbuf_to_caEPiS0_thttb15addr_cal_mode_t] -> (nil)
npuchk: [_ZN6npuchk15load_cbuf_to_caEPaS0_mb] -> 0xffff955a11a0
npuchk: [_ZN6npuchk15load_cbuf_to_caEPaS0_mb15addr_cal_mode_t] -> 0xffff955a1488
npuchk: [_ZN6npuchk15load_cbuf_to_caEPaS0_thtthb15addr_cal_mode_t] -> 0xffff955a17c4
npuchk: [_ZN6npuchk15load_cbuf_to_caEPaS0_thtthbb15addr_cal_mode_t] -> 0xffff955a1c34
npuchk: [_ZN6npuchk15load_cbuf_to_caEPaS0_ththb] -> 0xffff955a20e8
npuchk: [_ZN6npuchk15load_cbuf_to_caEPaS0_thttb15addr_cal_mode_t] -> (nil)
npuchk: [_ZN6npuchk15load_cbuf_to_caEPjS0_mb15addr_cal_mode_t] -> 0xffff955a24c0
npuchk: [_ZN6npuchk15load_cbuf_to_caEPjS0_thtthb15addr_cal_mode_t] -> 0xffff955a27fc
npuchk: [_ZN6npuchk15load_cbuf_to_caEPjS0_thtthbb15addr_cal_mode_t] -> 0xffff955a2c6c
npuchk: [_ZN6npuchk15load_cbuf_to_caEPjS0_thttb15addr_cal_mode_t] -> (nil)
npuchk: [_ZN6npuchk15load_cbuf_to_caEPhS0_mb] -> 0xffff955a3120
npuchk: [_ZN6npuchk15load_cbuf_to_caEPhS0_mb15addr_cal_mode_t] -> 0xffff955a3408
npuchk: [_ZN6npuchk15load_cbuf_to_caEPhS0_thtthb15addr_cal_mode_t] -> 0xffff955a3744
npuchk: [_ZN6npuchk15load_cbuf_to_caEPhS0_thtthbb15addr_cal_mode_t] -> 0xffff955a3bb4
npuchk: [_ZN6npuchk15load_cbuf_to_caEPhS0_ththb] -> 0xffff955a4068
npuchk: [_ZN6npuchk15load_cbuf_to_caEPhS0_thttb15addr_cal_mode_t] -> (nil)
npuchk: [_ZN6npuchk15load_cbuf_to_caEPN7float165Fp16TES2_ththb15addr_cal_mode_t] -> 0xffff956fdc54
npuchk: [_ZN6npuchk15load_cbuf_to_caEPaS0_ththb15addr_cal_mode_t] -> 0xffff956fe084
npuchk: [_ZN6npuchk15load_cbuf_to_caEPhS0_ththb15addr_cal_mode_t] -> 0xffff956fe4b0
npuchk: [_ZN6npuchk18load_cbuf_to_ca_s4EPvS0_mb15addr_cal_mode_t] -> 0xffff955a4440
npuchk: [_ZN6npuchk18load_cbuf_to_ca_s4EPvS0_thtthb15addr_cal_mode_t] -> 0xffff955a477c
npuchk: [_ZN6npuchk18load_cbuf_to_ca_s4EPvS0_thtthbb15addr_cal_mode_t] -> 0xffff955a4bec
npuchk: [_ZN6npuchk25load_cbuf_to_ca_transposeEPN7float165Fp16TES2_mm] -> 0xffff955a50a0
npuchk: [_ZN6npuchk25load_cbuf_to_ca_transposeEPN7float165Fp16TES2_thttbt] -> 0xffff955a537c
npuchk: [_ZN6npuchk25load_cbuf_to_ca_transposeEPfS0_mm] -> 0xffff955a5784
npuchk: [_ZN6npuchk25load_cbuf_to_ca_transposeEPfS0_thttbt] -> 0xffff955a5a60
npuchk: [_ZN6npuchk25load_cbuf_to_ca_transposeEPiS0_mm] -> 0xffff955a5e68
npuchk: [_ZN6npuchk25load_cbuf_to_ca_transposeEPiS0_thttbt] -> 0xffff955a6144
npuchk: [_ZN6npuchk25load_cbuf_to_ca_transposeEPaS0_mm] -> 0xffff955a654c
npuchk: [_ZN6npuchk25load_cbuf_to_ca_transposeEPaS0_thttbt] -> 0xffff955a6828
npuchk: [_ZN6npuchk25load_cbuf_to_ca_transposeEPjS0_mm] -> 0xffff955a6c30
npuchk: [_ZN6npuchk25load_cbuf_to_ca_transposeEPjS0_thttbt] -> 0xffff955a6f0c
npuchk: [_ZN6npuchk25load_cbuf_to_ca_transposeEPhS0_mm] -> 0xffff955a7314
npuchk: [_ZN6npuchk25load_cbuf_to_ca_transposeEPhS0_thttbt] -> 0xffff955a75f0
npuchk: [_ZN6npuchk24load_cbuf_to_ca_winogradEPN7float165Fp16TES2_mm] -> 0xffff9569c0e4
npuchk: [_ZN6npuchk24load_cbuf_to_ca_winogradEPN7float165Fp16TES2_ttthhhhtttt] -> 0xffff9569c3c4
npuchk: [_ZN6npuchk24load_cbuf_to_ca_winogradEPaS0_mm] -> 0xffff9569c94c
npuchk: [_ZN6npuchk24load_cbuf_to_ca_winogradEPaS0_ttthhhhtttt] -> 0xffff9569cc28
npuchk: [_ZN6npuchk24load_cbuf_to_ca_winogradEPhS0_mm] -> 0xffff9569d1ac
npuchk: [_ZN6npuchk24load_cbuf_to_ca_winogradEPhS0_ttthhhhtttt] -> 0xffff9569d48c
npuchk: [_ZN6npuchk27load_cbuf_to_ca_winograd_v2EPsS0_mm] -> (nil)
npuchk: [_ZN6npuchk27load_cbuf_to_ca_winograd_v2EPsS0_ttthhtttt] -> (nil)
npuchk: [_ZN6npuchk27load_cbuf_to_ca_winograd_v2EPsS0_ttthhttttb] -> (nil)
npuchk: [_ZN6npuchk27load_cbuf_to_ca_winograd_v2EPaS0_mm] -> (nil)
npuchk: [_ZN6npuchk27load_cbuf_to_ca_winograd_v2EPaS0_ttthhtttt] -> (nil)
npuchk: [_ZN6npuchk27load_cbuf_to_ca_winograd_v2EPaS0_ttthhttttb] -> (nil)
npuchk: [_ZN6npuchk27load_cbuf_to_ca_winograd_v2EPhS0_mm] -> (nil)
npuchk: [_ZN6npuchk27load_cbuf_to_ca_winograd_v2EPhS0_ttthhttttb] -> (nil)
npuchk: [_ZN6npuchk15load_cbuf_to_cbEPN8bfloat165Bf16TES2_mb] -> (nil)
npuchk: [_ZN6npuchk15load_cbuf_to_cbEPN8bfloat165Bf16TES2_mb15addr_cal_mode_t] -> (nil)
npuchk: [_ZN6npuchk15load_cbuf_to_cbEPN8bfloat165Bf16TES2_thtthb15addr_cal_mode_t] -> (nil)
npuchk: [_ZN6npuchk15load_cbuf_to_cbEPN8bfloat165Bf16TES2_thtthbb15addr_cal_mode_t] -> (nil)
npuchk: [_ZN6npuchk15load_cbuf_to_cbEPN8bfloat165Bf16TES2_ththb] -> (nil)
npuchk: [_ZN6npuchk15load_cbuf_to_cbEPN8bfloat165Bf16TES2_thttb15addr_cal_mode_t] -> (nil)
npuchk: [_ZN6npuchk15load_cbuf_to_cbEPN8bfloat165Bf16TES2_mmb] -> (nil)
npuchk: [_ZN6npuchk15load_cbuf_to_cbEPN8bfloat165Bf16TES2_tthhttb] -> (nil)
npuchk: [_ZN6npuchk15load_cbuf_to_cbEPN7float165Fp16TES2_mb] -> 0xffff955a79f8
npuchk: [_ZN6npuchk15load_cbuf_to_cbEPN7float165Fp16TES2_mb15addr_cal_mode_t] -> 0xffff955a7ce4
npuchk: [_ZN6npuchk15load_cbuf_to_cbEPN7float165Fp16TES2_thtthb15addr_cal_mode_t] -> 0xffff955a8024
npuchk: [_ZN6npuchk15load_cbuf_to_cbEPN7float165Fp16TES2_thtthbb15addr_cal_mode_t] -> 0xffff955a8498
npuchk: [_ZN6npuchk15load_cbuf_to_cbEPN7float165Fp16TES2_ththb] -> 0xffff955a8950
npuchk: [_ZN6npuchk15load_cbuf_to_cbEPN7float165Fp16TES2_thttb15addr_cal_mode_t] -> (nil)
npuchk: [_ZN6npuchk15load_cbuf_to_cbEPfS0_mb15addr_cal_mode_t] -> 0xffff955a8d2c
npuchk: [_ZN6npuchk15load_cbuf_to_cbEPfS0_thtthb15addr_cal_mode_t] -> 0xffff955a906c
npuchk: [_ZN6npuchk15load_cbuf_to_cbEPfS0_thtthbb15addr_cal_mode_t] -> 0xffff955a94e0
npuchk: [_ZN6npuchk15load_cbuf_to_cbEPfS0_thttb15addr_cal_mode_t] -> (nil)
npuchk: [_ZN6npuchk15load_cbuf_to_cbEPiS0_mb15addr_cal_mode_t] -> 0xffff955a9998
npuchk: [_ZN6npuchk15load_cbuf_to_cbEPiS0_thtthb15addr_cal_mode_t] -> 0xffff955a9cd8
npuchk: [_ZN6npuchk15load_cbuf_to_cbEPiS0_thtthbb15addr_cal_mode_t] -> 0xffff955aa14c
npuchk: [_ZN6npuchk15load_cbuf_to_cbEPiS0_thttb15addr_cal_mode_t] -> (nil)
npuchk: [_ZN6npuchk15load_cbuf_to_cbEPaS0_mb] -> 0xffff955aa604
npuchk: [_ZN6npuchk15load_cbuf_to_cbEPaS0_mb15addr_cal_mode_t] -> 0xffff955aa8f0
npuchk: [_ZN6npuchk15load_cbuf_to_cbEPaS0_thtthb15addr_cal_mode_t] -> 0xffff955aac30
npuchk: [_ZN6npuchk15load_cbuf_to_cbEPaS0_thtthbb15addr_cal_mode_t] -> 0xffff955ab0a4
npuchk: [_ZN6npuchk15load_cbuf_to_cbEPaS0_ththb] -> 0xffff955ab55c
npuchk: [_ZN6npuchk15load_cbuf_to_cbEPaS0_thttb15addr_cal_mode_t] -> (nil)
npuchk: [_ZN6npuchk15load_cbuf_to_cbEPjS0_mb15addr_cal_mode_t] -> 0xffff955ab938
npuchk: [_ZN6npuchk15load_cbuf_to_cbEPjS0_thtthb15addr_cal_mode_t] -> 0xffff955abc78
npuchk: [_ZN6npuchk15load_cbuf_to_cbEPjS0_thtthbb15addr_cal_mode_t] -> 0xffff955ac0ec
npuchk: [_ZN6npuchk15load_cbuf_to_cbEPjS0_thttb15addr_cal_mode_t] -> (nil)
npuchk: [_ZN6npuchk15load_cbuf_to_cbEPhS0_mb] -> 0xffff955ac5a4
npuchk: [_ZN6npuchk15load_cbuf_to_cbEPhS0_mb15addr_cal_mode_t] -> 0xffff955ac890
npuchk: [_ZN6npuchk15load_cbuf_to_cbEPhS0_thtthb15addr_cal_mode_t] -> 0xffff955acbd0
npuchk: [_ZN6npuchk15load_cbuf_to_cbEPhS0_thtthbb15addr_cal_mode_t] -> 0xffff955ad044
npuchk: [_ZN6npuchk15load_cbuf_to_cbEPhS0_ththb] -> 0xffff955ad4fc
npuchk: [_ZN6npuchk15load_cbuf_to_cbEPhS0_thttb15addr_cal_mode_t] -> (nil)
npuchk: [_ZN6npuchk15load_cbuf_to_cbEPN7float165Fp16TES2_ththb15addr_cal_mode_t] -> 0xffff956fe8dc
npuchk: [_ZN6npuchk15load_cbuf_to_cbEPaS0_ththb15addr_cal_mode_t] -> 0xffff956fed0c
npuchk: [_ZN6npuchk15load_cbuf_to_cbEPhS0_ththb15addr_cal_mode_t] -> 0xffff956ff13c
npuchk: [_ZN6npuchk18load_cbuf_to_cb_b2EPvS0_m] -> (nil)
npuchk: [_ZN6npuchk18load_cbuf_to_cb_b2EPN7float165Fp16TES2_m] -> 0xffff9569da14
npuchk: [_ZN6npuchk18load_cbuf_to_cb_b2EPN7float165Fp16TES2_hh] -> 0xffff9569dc98
npuchk: [_ZN6npuchk18load_cbuf_to_cb_b2EPN7float165Fp16TES2_h] -> 0xffff9569deb0
npuchk: [_ZN6npuchk18load_cbuf_to_cb_b2EPaS0_m] -> 0xffff9569e140
npuchk: [_ZN6npuchk18load_cbuf_to_cb_b2EPaS0_hh] -> 0xffff9569e3c8
npuchk: [_ZN6npuchk18load_cbuf_to_cb_b2EPaS0_h] -> 0xffff9569e5e4
npuchk: [_ZN6npuchk18load_cbuf_to_cb_b2EPhS0_m] -> 0xffff9569e878
npuchk: [_ZN6npuchk18load_cbuf_to_cb_b2EPhS0_hh] -> 0xffff9569eb00
npuchk: [_ZN6npuchk18load_cbuf_to_cb_b2EPhS0_h] -> 0xffff9569ed1c
npuchk: [_ZN6npuchk18load_cbuf_to_cb_s4EPvS0_mb15addr_cal_mode_t] -> 0xffff955ad8d8
npuchk: [_ZN6npuchk18load_cbuf_to_cb_s4EPvS0_thtthb15addr_cal_mode_t] -> 0xffff955adc18
npuchk: [_ZN6npuchk18load_cbuf_to_cb_s4EPvS0_thtthbb15addr_cal_mode_t] -> 0xffff955ae08c
npuchk: [_ZN6npuchk18load_cbuf_to_cb_spEPaS0_m] -> 0xffff955ae544
npuchk: [_ZN6npuchk18load_cbuf_to_cb_spEPaS0_th] -> 0xffff955ae7c8
npuchk: [_ZN6npuchk25load_cbuf_to_cb_transposeEPN7float165Fp16TES2_mm] -> 0xffff955aeaa0
npuchk: [_ZN6npuchk25load_cbuf_to_cb_transposeEPN7float165Fp16TES2_thttbt] -> 0xffff955aed80
npuchk: [_ZN6npuchk25load_cbuf_to_cb_transposeEPfS0_mm] -> 0xffff955af18c
npuchk: [_ZN6npuchk25load_cbuf_to_cb_transposeEPfS0_thttbt] -> 0xffff955af46c
npuchk: [_ZN6npuchk25load_cbuf_to_cb_transposeEPiS0_mm] -> 0xffff955af878
npuchk: [_ZN6npuchk25load_cbuf_to_cb_transposeEPiS0_thttbt] -> 0xffff955afb58
npuchk: [_ZN6npuchk25load_cbuf_to_cb_transposeEPaS0_mm] -> 0xffff955aff64
npuchk: [_ZN6npuchk25load_cbuf_to_cb_transposeEPaS0_thttbt] -> 0xffff955b0244
npuchk: [_ZN6npuchk25load_cbuf_to_cb_transposeEPjS0_mm] -> 0xffff955b0650
npuchk: [_ZN6npuchk25load_cbuf_to_cb_transposeEPjS0_thttbt] -> 0xffff955b0930
npuchk: [_ZN6npuchk25load_cbuf_to_cb_transposeEPhS0_mm] -> 0xffff955b0d3c
npuchk: [_ZN6npuchk25load_cbuf_to_cb_transposeEPhS0_thttbt] -> 0xffff955b101c
npuchk: [_ZN6npuchk28load_cbuf_to_cb_transpose_s4EPvS0_mm] -> 0xffff955b1428
npuchk: [_ZN6npuchk28load_cbuf_to_cb_transpose_s4EPvS0_thttbt] -> 0xffff955b1708
npuchk: [_ZN6npuchk24load_cbuf_to_cb_winogradEPN7float165Fp16TES2_m] -> 0xffff9569efb0
npuchk: [_ZN6npuchk24load_cbuf_to_cb_winogradEPN7float165Fp16TES2_hthhhbbh] -> 0xffff9569f238
npuchk: [_ZN6npuchk24load_cbuf_to_cb_winogradEPaS0_m] -> 0xffff9569f6f0
npuchk: [_ZN6npuchk24load_cbuf_to_cb_winogradEPaS0_hthhhbbh] -> 0xffff9569f974
npuchk: [_ZN6npuchk27load_cbuf_to_cb_winograd_v2EPaS0_m] -> (nil)
npuchk: [_ZN6npuchk27load_cbuf_to_cb_winograd_v2EPaS0_tttb] -> (nil)
npuchk: [_ZN6npuchk30load_decompress_header_from_gmEPvm] -> 0xffff9569fe28
npuchk: [_ZN6npuchk30load_decompress_header_from_gmEPvth] -> 0xffff956a0044
npuchk: [_ZN6npuchk13load_gm_to_caEPN7float165Fp16TES2_m] -> 0xffff955b1b14
npuchk: [_ZN6npuchk13load_gm_to_caEPN7float165Fp16TES2_m15addr_cal_mode_t] -> 0xffff955b1d9c
npuchk: [_ZN6npuchk13load_gm_to_caEPN7float165Fp16TES2_thtth15addr_cal_mode_t] -> 0xffff955b2094
npuchk: [_ZN6npuchk13load_gm_to_caEPN7float165Fp16TES2_thtthb15addr_cal_mode_t] -> 0xffff955b24c4
npuchk: [_ZN6npuchk13load_gm_to_caEPN7float165Fp16TES2_thth] -> 0xffff955b2938
npuchk: [_ZN6npuchk13load_gm_to_caEPN8bfloat165Bf16TES2_m] -> 0xffff955b2cb0
npuchk: [_ZN6npuchk13load_gm_to_caEPN8bfloat165Bf16TES2_m15addr_cal_mode_t] -> 0xffff955b2f38
npuchk: [_ZN6npuchk13load_gm_to_caEPN8bfloat165Bf16TES2_thtth15addr_cal_mode_t] -> 0xffff955b3230
npuchk: [_ZN6npuchk13load_gm_to_caEPN8bfloat165Bf16TES2_thtthb15addr_cal_mode_t] -> 0xffff955b3660
npuchk: [_ZN6npuchk13load_gm_to_caEPN8bfloat165Bf16TES2_thth] -> 0xffff955b3ad4
npuchk: [_ZN6npuchk13load_gm_to_caEPfS0_m15addr_cal_mode_t] -> 0xffff955b3e4c
npuchk: [_ZN6npuchk13load_gm_to_caEPfS0_thtth15addr_cal_mode_t] -> 0xffff955b4144
npuchk: [_ZN6npuchk13load_gm_to_caEPfS0_thtthb15addr_cal_mode_t] -> 0xffff955b4574
npuchk: [_ZN6npuchk13load_gm_to_caEPiS0_m15addr_cal_mode_t] -> 0xffff955b49e8
npuchk: [_ZN6npuchk13load_gm_to_caEPiS0_thtth15addr_cal_mode_t] -> 0xffff955b4ce0
npuchk: [_ZN6npuchk13load_gm_to_caEPiS0_thtthb15addr_cal_mode_t] -> 0xffff955b5110
npuchk: [_ZN6npuchk13load_gm_to_caEPaS0_m] -> 0xffff955b5584
npuchk: [_ZN6npuchk13load_gm_to_caEPaS0_m15addr_cal_mode_t] -> 0xffff955b580c
npuchk: [_ZN6npuchk13load_gm_to_caEPaS0_thtth15addr_cal_mode_t] -> 0xffff955b5b04
npuchk: [_ZN6npuchk13load_gm_to_caEPaS0_thtthb15addr_cal_mode_t] -> 0xffff955b5f34
npuchk: [_ZN6npuchk13load_gm_to_caEPaS0_thth] -> 0xffff955b63a8
npuchk: [_ZN6npuchk13load_gm_to_caEPjS0_m15addr_cal_mode_t] -> 0xffff955b6720
npuchk: [_ZN6npuchk13load_gm_to_caEPjS0_thtth15addr_cal_mode_t] -> 0xffff955b6a18
npuchk: [_ZN6npuchk13load_gm_to_caEPjS0_thtthb15addr_cal_mode_t] -> 0xffff955b6e48
npuchk: [_ZN6npuchk13load_gm_to_caEPhS0_m] -> 0xffff955b72bc
npuchk: [_ZN6npuchk13load_gm_to_caEPhS0_m15addr_cal_mode_t] -> 0xffff955b7544
npuchk: [_ZN6npuchk13load_gm_to_caEPhS0_thtth15addr_cal_mode_t] -> 0xffff955b783c
npuchk: [_ZN6npuchk13load_gm_to_caEPhS0_thtthb15addr_cal_mode_t] -> 0xffff955b7c6c
npuchk: [_ZN6npuchk13load_gm_to_caEPhS0_thth] -> 0xffff955b80e0
npuchk: [_ZN6npuchk13load_gm_to_caEPN7float165Fp16TES2_thth15addr_cal_mode_t] -> 0xffff956ff56c
npuchk: [_ZN6npuchk13load_gm_to_caEPaS0_thth15addr_cal_mode_t] -> 0xffff956ff954
npuchk: [_ZN6npuchk13load_gm_to_caEPhS0_thth15addr_cal_mode_t] -> 0xffff956ffd3c
npuchk: [_ZN6npuchk16load_gm_to_ca_s4EPvS0_m15addr_cal_mode_t] -> 0xffff955b8458
npuchk: [_ZN6npuchk16load_gm_to_ca_s4EPvS0_thtth15addr_cal_mode_t] -> 0xffff955b8750
npuchk: [_ZN6npuchk16load_gm_to_ca_s4EPvS0_thtthb15addr_cal_mode_t] -> 0xffff955b8b80
npuchk: [_ZN6npuchk19load_gm_to_ca_unzipEPN7float165Fp16TES2_] -> 0xffff95700124
npuchk: [_ZN6npuchk19load_gm_to_ca_unzipEPvS0_] -> 0xffff95700350
npuchk: [_ZN6npuchk13load_gm_to_cbEPN7float165Fp16TES2_m] -> 0xffff955b8ff4
npuchk: [_ZN6npuchk13load_gm_to_cbEPN7float165Fp16TES2_m15addr_cal_mode_t] -> 0xffff955b927c
npuchk: [_ZN6npuchk13load_gm_to_cbEPN7float165Fp16TES2_thtth15addr_cal_mode_t] -> 0xffff955b9574
npuchk: [_ZN6npuchk13load_gm_to_cbEPN7float165Fp16TES2_thtthb15addr_cal_mode_t] -> 0xffff955b99a4
npuchk: [_ZN6npuchk13load_gm_to_cbEPN7float165Fp16TES2_thth] -> 0xffff955b9e18
npuchk: [_ZN6npuchk13load_gm_to_cbEPN8bfloat165Bf16TES2_m] -> 0xffff955ba190
npuchk: [_ZN6npuchk13load_gm_to_cbEPN8bfloat165Bf16TES2_m15addr_cal_mode_t] -> 0xffff955ba418
npuchk: [_ZN6npuchk13load_gm_to_cbEPN8bfloat165Bf16TES2_thtth15addr_cal_mode_t] -> 0xffff955ba710
npuchk: [_ZN6npuchk13load_gm_to_cbEPN8bfloat165Bf16TES2_thtthb15addr_cal_mode_t] -> 0xffff955bab40
npuchk: [_ZN6npuchk13load_gm_to_cbEPN8bfloat165Bf16TES2_thth] -> 0xffff955bafb4
npuchk: [_ZN6npuchk13load_gm_to_cbEPfS0_m15addr_cal_mode_t] -> 0xffff955bb32c
npuchk: [_ZN6npuchk13load_gm_to_cbEPfS0_thtth15addr_cal_mode_t] -> 0xffff955bb624
npuchk: [_ZN6npuchk13load_gm_to_cbEPfS0_thtthb15addr_cal_mode_t] -> 0xffff955bba54
npuchk: [_ZN6npuchk13load_gm_to_cbEPiS0_m15addr_cal_mode_t] -> 0xffff955bbec8
npuchk: [_ZN6npuchk13load_gm_to_cbEPiS0_thtth15addr_cal_mode_t] -> 0xffff955bc1c0
npuchk: [_ZN6npuchk13load_gm_to_cbEPiS0_thtthb15addr_cal_mode_t] -> 0xffff955bc5f0
npuchk: [_ZN6npuchk13load_gm_to_cbEPaS0_m] -> 0xffff955bca64
npuchk: [_ZN6npuchk13load_gm_to_cbEPaS0_m15addr_cal_mode_t] -> 0xffff955bccec
npuchk: [_ZN6npuchk13load_gm_to_cbEPaS0_thtth15addr_cal_mode_t] -> 0xffff955bcfe4
npuchk: [_ZN6npuchk13load_gm_to_cbEPaS0_thtthb15addr_cal_mode_t] -> 0xffff955bd414
npuchk: [_ZN6npuchk13load_gm_to_cbEPaS0_thth] -> 0xffff955bd888
npuchk: [_ZN6npuchk13load_gm_to_cbEPjS0_m15addr_cal_mode_t] -> 0xffff955bdc00
npuchk: [_ZN6npuchk13load_gm_to_cbEPjS0_thtth15addr_cal_mode_t] -> 0xffff955bdef8
npuchk: [_ZN6npuchk13load_gm_to_cbEPjS0_thtthb15addr_cal_mode_t] -> 0xffff955be328
npuchk: [_ZN6npuchk13load_gm_to_cbEPhS0_m] -> 0xffff955be79c
npuchk: [_ZN6npuchk13load_gm_to_cbEPhS0_m15addr_cal_mode_t] -> 0xffff955bea24
npuchk: [_ZN6npuchk13load_gm_to_cbEPhS0_thtth15addr_cal_mode_t] -> 0xffff955bed1c
npuchk: [_ZN6npuchk13load_gm_to_cbEPhS0_thtthb15addr_cal_mode_t] -> 0xffff955bf14c
npuchk: [_ZN6npuchk13load_gm_to_cbEPhS0_thth] -> 0xffff955bf5c0
npuchk: [_ZN6npuchk13load_gm_to_cbEPN7float165Fp16TES2_thth15addr_cal_mode_t] -> 0xffff9570057c
npuchk: [_ZN6npuchk13load_gm_to_cbEPaS0_thth15addr_cal_mode_t] -> 0xffff95700964
npuchk: [_ZN6npuchk13load_gm_to_cbEPhS0_thth15addr_cal_mode_t] -> 0xffff95700d4c
npuchk: [_ZN6npuchk16load_gm_to_cb_s4EPvS0_m15addr_cal_mode_t] -> 0xffff955bf938
npuchk: [_ZN6npuchk16load_gm_to_cb_s4EPvS0_thtth15addr_cal_mode_t] -> 0xffff955bfc30
npuchk: [_ZN6npuchk16load_gm_to_cb_s4EPvS0_thtthb15addr_cal_mode_t] -> 0xffff955c0060
npuchk: [_ZN6npuchk19load_gm_to_cb_unzipEPN7float165Fp16TES2_] -> 0xffff956a02b4
npuchk: [_ZN6npuchk19load_gm_to_cb_unzipEPvS0_] -> 0xffff956a04e4
npuchk: [_ZN6npuchk15load_gm_to_cbufEPN7float165Fp16TES2_m] -> 0xffff955c04d4
npuchk: [_ZN6npuchk15load_gm_to_cbufEPN7float165Fp16TES2_m15addr_cal_mode_t] -> 0xffff955c075c
npuchk: [_ZN6npuchk15load_gm_to_cbufEPN7float165Fp16TES2_thtth15addr_cal_mode_t] -> 0xffff955c0a54
npuchk: [_ZN6npuchk15load_gm_to_cbufEPN7float165Fp16TES2_thtthb15addr_cal_mode_t] -> 0xffff955c0e84
npuchk: [_ZN6npuchk15load_gm_to_cbufEPN7float165Fp16TES2_thth] -> 0xffff955c12f8
npuchk: [_ZN6npuchk15load_gm_to_cbufEPN8bfloat165Bf16TES2_m] -> 0xffff955c1670
npuchk: [_ZN6npuchk15load_gm_to_cbufEPN8bfloat165Bf16TES2_m15addr_cal_mode_t] -> 0xffff955c18f8
npuchk: [_ZN6npuchk15load_gm_to_cbufEPN8bfloat165Bf16TES2_thtth15addr_cal_mode_t] -> 0xffff955c1bf0
npuchk: [_ZN6npuchk15load_gm_to_cbufEPN8bfloat165Bf16TES2_thtthb15addr_cal_mode_t] -> 0xffff955c2020
npuchk: [_ZN6npuchk15load_gm_to_cbufEPN8bfloat165Bf16TES2_thth] -> 0xffff955c2494
npuchk: [_ZN6npuchk15load_gm_to_cbufEPfS0_m15addr_cal_mode_t] -> 0xffff955c280c
npuchk: [_ZN6npuchk15load_gm_to_cbufEPfS0_thtth15addr_cal_mode_t] -> 0xffff955c2b04
npuchk: [_ZN6npuchk15load_gm_to_cbufEPfS0_thtthb15addr_cal_mode_t] -> 0xffff955c2f34
npuchk: [_ZN6npuchk15load_gm_to_cbufEPiS0_m15addr_cal_mode_t] -> 0xffff955c33a8
npuchk: [_ZN6npuchk15load_gm_to_cbufEPiS0_thtth15addr_cal_mode_t] -> 0xffff955c36a0
npuchk: [_ZN6npuchk15load_gm_to_cbufEPiS0_thtthb15addr_cal_mode_t] -> 0xffff955c3ad0
npuchk: [_ZN6npuchk15load_gm_to_cbufEPaS0_m] -> 0xffff955c3f44
npuchk: [_ZN6npuchk15load_gm_to_cbufEPaS0_m15addr_cal_mode_t] -> 0xffff955c41cc
npuchk: [_ZN6npuchk15load_gm_to_cbufEPaS0_thtth15addr_cal_mode_t] -> 0xffff955c44c4
npuchk: [_ZN6npuchk15load_gm_to_cbufEPaS0_thtthb15addr_cal_mode_t] -> 0xffff955c48f4
npuchk: [_ZN6npuchk15load_gm_to_cbufEPaS0_thth] -> 0xffff955c4d68
npuchk: [_ZN6npuchk15load_gm_to_cbufEPjS0_m15addr_cal_mode_t] -> 0xffff955c50e0
npuchk: [_ZN6npuchk15load_gm_to_cbufEPjS0_thtth15addr_cal_mode_t] -> 0xffff955c53d8
npuchk: [_ZN6npuchk15load_gm_to_cbufEPjS0_thtthb15addr_cal_mode_t] -> 0xffff955c5808
npuchk: [_ZN6npuchk15load_gm_to_cbufEPhS0_m] -> 0xffff955c5c7c
npuchk: [_ZN6npuchk15load_gm_to_cbufEPhS0_m15addr_cal_mode_t] -> 0xffff955c5f04
npuchk: [_ZN6npuchk15load_gm_to_cbufEPhS0_thtth15addr_cal_mode_t] -> 0xffff955c61fc
npuchk: [_ZN6npuchk15load_gm_to_cbufEPhS0_thtthb15addr_cal_mode_t] -> 0xffff955c662c
npuchk: [_ZN6npuchk15load_gm_to_cbufEPhS0_thth] -> 0xffff955c6aa0
npuchk: [_ZN6npuchk15load_gm_to_cbufEPN7float165Fp16TES2_thth15addr_cal_mode_t] -> 0xffff95701134
npuchk: [_ZN6npuchk15load_gm_to_cbufEPaS0_thth15addr_cal_mode_t] -> 0xffff9570151c
npuchk: [_ZN6npuchk15load_gm_to_cbufEPhS0_thth15addr_cal_mode_t] -> 0xffff95701904
npuchk: [_ZN6npuchk18load_gm_to_cbuf_s4EPvS0_m15addr_cal_mode_t] -> 0xffff955c6e18
npuchk: [_ZN6npuchk18load_gm_to_cbuf_s4EPvS0_thtth15addr_cal_mode_t] -> 0xffff955c7110
npuchk: [_ZN6npuchk18load_gm_to_cbuf_s4EPvS0_thtthb15addr_cal_mode_t] -> 0xffff955c7540
npuchk: [_ZN6npuchk21load_gm_to_cbuf_unzipEPN7float165Fp16TES2_] -> 0xffff956a0714
npuchk: [_ZN6npuchk21load_gm_to_cbuf_unzipEPvS0_] -> 0xffff956a0944
npuchk: [_ZN6npuchk18load_image_to_cbufEPN7float165Fp16TEmm] -> 0xffff955c79b4
npuchk: [_ZN6npuchk18load_image_to_cbufEPN7float165Fp16TEttttthhtth] -> 0xffff955c7c34
npuchk: [_ZN6npuchk18load_image_to_cbufEPsmm] -> (nil)
npuchk: [_ZN6npuchk18load_image_to_cbufEPsttttthhtth] -> (nil)
npuchk: [_ZN6npuchk18load_image_to_cbufEPamm] -> 0xffff955c810c
npuchk: [_ZN6npuchk18load_image_to_cbufEPattttthhtth] -> 0xffff955c8388
npuchk: [_ZN6npuchk18load_image_to_cbufEPhmm] -> 0xffff956a0b74
npuchk: [_ZN6npuchk18load_image_to_cbufEPhttttthhtth] -> 0xffff956a0df4
npuchk: [_ZN6npuchk26load_smask_table_from_cbufEtPvm] -> (nil)
npuchk: [_ZN6npuchk24load_smask_table_from_gmEtPvm] -> 0xffff956a12cc
npuchk: [_ZN6npuchk24load_smask_table_from_ubEtPvm] -> 0xffff956a1550
npuchk: [_ZN6npuchk24load_unzip_index_from_gmEPvm] -> 0xffff956a17d8
npuchk: [_ZN6npuchk24load_unzip_index_from_gmEPvjh] -> 0xffff956a19f4
npuchk: [_ZN6npuchk3madEPN7float165Fp16TES2_S2_m] -> 0xffff956a1c64
npuchk: [_ZN6npuchk3madEPN7float165Fp16TES2_S2_tttb] -> 0xffff956a1f54
npuchk: [_ZN6npuchk3madEPN7float165Fp16TES2_S2_ttthhbbbbb] -> 0xffff956a231c
npuchk: [_ZN6npuchk3madEPN7float165Fp16TES2_S2_ttthbbb] -> (nil)
npuchk: [_ZN6npuchk3madEPfPN7float165Fp16TES3_m] -> 0xffff955c885c
npuchk: [_ZN6npuchk3madEPfPN7float165Fp16TES3_tttb] -> 0xffff955c8b4c
npuchk: [_ZN6npuchk3madEPfPN7float165Fp16TES3_ttthhbbbbb] -> 0xffff955c8f14
npuchk: [_ZN6npuchk3madEPfPN7float165Fp16TES3_ttthbbb] -> 0xffff955c9490
npuchk: [_ZN6npuchk3madEPfPN7float165Fp16TES3_ttthhhbbbb] -> 0xffff955c9934
npuchk: [_ZN6npuchk3madEPfPN8bfloat165Bf16TES3_m] -> 0xffff955c9ebc
npuchk: [_ZN6npuchk3madEPfPN8bfloat165Bf16TES3_ttthbbb] -> 0xffff955ca19c
npuchk: [_ZN6npuchk3madEPfPN8bfloat165Bf16TES3_ttthhhbbbb] -> 0xffff955ca630
npuchk: [_ZN6npuchk3madEPfS0_S0_m] -> 0xffff955caba8
npuchk: [_ZN6npuchk3madEPfS0_S0_ttthbbb] -> 0xffff955cae9c
npuchk: [_ZN6npuchk3madEPfS0_S0_ttthhhbbbb] -> 0xffff955cb344
npuchk: [_ZN6npuchk3madEPiPsPam] -> (nil)
npuchk: [_ZN6npuchk3madEPiPsPattth11unit_flag_tbb] -> (nil)
npuchk: [_ZN6npuchk3madEPiPaS1_m] -> 0xffff955cb8d0
npuchk: [_ZN6npuchk3madEPiPaS1_tttb] -> 0xffff955cbbc0
npuchk: [_ZN6npuchk3madEPiPaS1_ttthhbbbbb] -> 0xffff955cbf88
npuchk: [_ZN6npuchk3madEPiPaS1_ttthbbb] -> 0xffff955cc504
npuchk: [_ZN6npuchk3madEPiPaS1_ttthhhbbbb] -> 0xffff955cc9a8
npuchk: [_ZN6npuchk3madEPjPhS1_m] -> 0xffff956a2898
npuchk: [_ZN6npuchk3madEPjPhS1_tttb] -> 0xffff956a2b88
npuchk: [_ZN6npuchk3madEPjPhS1_ttthhbbbbb] -> 0xffff956a2f50
npuchk: [_ZN6npuchk3madEPjPhS1_ttthbbb] -> (nil)
npuchk: [_ZN6npuchk3madEPiPhS1_m] -> 0xffff956a34cc
npuchk: [_ZN6npuchk3madEPiPhS1_tttb] -> 0xffff956a37bc
npuchk: [_ZN6npuchk3madEPiPhS1_ttthhbbbbb] -> 0xffff956a3b84
npuchk: [_ZN6npuchk3madEPiPhS1_ttthbbb] -> (nil)
npuchk: [_ZN6npuchk3madEPiPhS1_ttthhhbbbb] -> 0xffff956a4100
npuchk: [_ZN6npuchk3madEPiPhPam] -> 0xffff956a4688
npuchk: [_ZN6npuchk3madEPiPhPatttb] -> 0xffff956a4978
npuchk: [_ZN6npuchk3madEPiPhPattthhbbbbb] -> 0xffff956a4d40
npuchk: [_ZN6npuchk3madEPiPhPattthbbb] -> (nil)
npuchk: [_ZN6npuchk3madEPN7float165Fp16TES2_S2_mm] -> (nil)
npuchk: [_ZN6npuchk3madEPN7float165Fp16TES2_S2_mtttb] -> (nil)
npuchk: [_ZN6npuchk3madEPN7float165Fp16TES2_S2_mttthbbb] -> (nil)
npuchk: [_ZN6npuchk3madEPfPN7float165Fp16TES3_mm] -> (nil)
npuchk: [_ZN6npuchk3madEPfPN7float165Fp16TES3_mtttb] -> (nil)
npuchk: [_ZN6npuchk3madEPfPN7float165Fp16TES3_mttthbbb] -> (nil)
npuchk: [_ZN6npuchk3madEPfPN8bfloat165Bf16TES3_mm] -> (nil)
npuchk: [_ZN6npuchk3madEPfPN8bfloat165Bf16TES3_mttthbbb] -> (nil)
npuchk: [_ZN6npuchk3madEPfS0_S0_mm] -> (nil)
npuchk: [_ZN6npuchk3madEPfS0_S0_mttthbbb] -> (nil)
npuchk: [_ZN6npuchk3madEPiPsPamm] -> (nil)
npuchk: [_ZN6npuchk3madEPiPsPamttth11unit_flag_tbb] -> (nil)
npuchk: [_ZN6npuchk3madEPiPaS1_mm] -> (nil)
npuchk: [_ZN6npuchk3madEPiPaS1_mtttb] -> (nil)
npuchk: [_ZN6npuchk3madEPiPaS1_mttthbbb] -> (nil)
npuchk: [_ZN6npuchk3madEPjPhS1_mm] -> (nil)
npuchk: [_ZN6npuchk3madEPjPhS1_mtttb] -> (nil)
npuchk: [_ZN6npuchk3madEPjPhS1_mttthbbb] -> (nil)
npuchk: [_ZN6npuchk3madEPiPhS1_mm] -> (nil)
npuchk: [_ZN6npuchk3madEPiPhS1_mtttb] -> (nil)
npuchk: [_ZN6npuchk3madEPiPhS1_mttthbbb] -> (nil)
npuchk: [_ZN6npuchk3madEPiPhPamm] -> (nil)
npuchk: [_ZN6npuchk3madEPiPhPamtttb] -> (nil)
npuchk: [_ZN6npuchk3madEPiPhPamttthbbb] -> (nil)
npuchk: [_ZN6npuchk8mad_b8u2EPiPaPvm] -> 0xffff956a52bc
npuchk: [_ZN6npuchk8mad_b8u2EPiPaPvtttb] -> 0xffff956a55ac
npuchk: [_ZN6npuchk8mad_b8u2EPiPaPvttthhbbbbb] -> 0xffff956a5974
npuchk: [_ZN6npuchk8mad_b8u2EPiPhPvm] -> 0xffff956a5ef0
npuchk: [_ZN6npuchk8mad_b8u2EPiPhPvtttb] -> 0xffff956a61e0
npuchk: [_ZN6npuchk8mad_b8u2EPiPhPvttthhbbbbb] -> 0xffff956a65a8
npuchk: [_ZN6npuchk12mad_bf162f32EPfPtS1_m] -> (nil)
npuchk: [_ZN6npuchk12mad_bf162f32EPfPtS1_ttthbbb] -> (nil)
npuchk: [_ZN6npuchk12mad_bf162f32EPfPtS1_ttthhhbbbb] -> (nil)
npuchk: [_ZN6npuchk9mad_f16u2EPN7float165Fp16TES2_Pvm] -> 0xffff956a6b24
npuchk: [_ZN6npuchk9mad_f16u2EPN7float165Fp16TES2_Pvtttb] -> 0xffff956a6e14
npuchk: [_ZN6npuchk9mad_f16u2EPN7float165Fp16TES2_Pvttthhbbbbb] -> 0xffff956a71dc
npuchk: [_ZN6npuchk6mad_s4EPiPvS1_m] -> 0xffff955ccf30
npuchk: [_ZN6npuchk6mad_s4EPiPvS1_tttb] -> 0xffff955cd220
npuchk: [_ZN6npuchk6mad_s4EPiPvS1_ttthhbbbbb] -> 0xffff955cd5e8
npuchk: [_ZN6npuchk6mad_s4EPiPvS1_ttthbbb] -> 0xffff955cdb64
npuchk: [_ZN6npuchk6mad_s4EPiPvS1_ttthhhbbbb] -> 0xffff955ce008
npuchk: [_ZN6npuchk6mad_spEPiPaS1_m] -> 0xffff955ce590
npuchk: [_ZN6npuchk6mad_spEPiPaS1_ttthbb] -> 0xffff955ce880
npuchk: [_ZN6npuchk12mad_tf322f32EPfS0_S0_m] -> 0xffff955cece0
npuchk: [_ZN6npuchk12mad_tf322f32EPfS0_S0_ttthbbb] -> 0xffff955cefd4
npuchk: [_ZN6npuchk12mad_tf322f32EPfS0_S0_ttthhhbbbb] -> 0xffff955cf47c
npuchk: [_ZN6npuchk8mov_vsprE6VSPR_tm] -> (nil)
npuchk: [_ZN6npuchk13mte4_mte5_offEv] -> 0xffff955cfa08
npuchk: [_ZN6npuchk12mte4_mte5_onEv] -> 0xffff955cfb34
npuchk: [_ZN6npuchk7mvf_dciEv] -> (nil)
npuchk: [_ZN6npuchk21mvf_gm_to_ub_b128_u16EPvS0_S0_m] -> (nil)
npuchk: [_ZN6npuchk21mvf_gm_to_ub_b128_u16EPvS0_S0_thh] -> (nil)
npuchk: [_ZN6npuchk21mvf_gm_to_ub_b128_u32EPvS0_S0_m] -> (nil)
npuchk: [_ZN6npuchk21mvf_gm_to_ub_b128_u32EPvS0_S0_thh] -> (nil)
npuchk: [_ZN6npuchk21mvf_gm_to_ub_b256_u16EPvS0_S0_m] -> (nil)
npuchk: [_ZN6npuchk21mvf_gm_to_ub_b256_u16EPvS0_S0_thh] -> (nil)
npuchk: [_ZN6npuchk21mvf_gm_to_ub_b256_u32EPvS0_S0_m] -> (nil)
npuchk: [_ZN6npuchk21mvf_gm_to_ub_b256_u32EPvS0_S0_thh] -> (nil)
npuchk: [_ZN6npuchk20mvf_gm_to_ub_b32_u16EPvS0_S0_m] -> (nil)
npuchk: [_ZN6npuchk20mvf_gm_to_ub_b32_u16EPvS0_S0_thh] -> (nil)
npuchk: [_ZN6npuchk20mvf_gm_to_ub_b32_u32EPvS0_S0_m] -> (nil)
npuchk: [_ZN6npuchk20mvf_gm_to_ub_b32_u32EPvS0_S0_thh] -> (nil)
npuchk: [_ZN6npuchk21mvf_gm_to_ub_b512_u16EPvS0_S0_m] -> (nil)
npuchk: [_ZN6npuchk21mvf_gm_to_ub_b512_u16EPvS0_S0_thh] -> (nil)
npuchk: [_ZN6npuchk21mvf_gm_to_ub_b512_u32EPvS0_S0_m] -> (nil)
npuchk: [_ZN6npuchk21mvf_gm_to_ub_b512_u32EPvS0_S0_thh] -> (nil)
npuchk: [_ZN6npuchk20mvf_gm_to_ub_b64_u16EPvS0_S0_m] -> (nil)
npuchk: [_ZN6npuchk20mvf_gm_to_ub_b64_u16EPvS0_S0_thh] -> (nil)
npuchk: [_ZN6npuchk20mvf_gm_to_ub_b64_u32EPvS0_S0_m] -> (nil)
npuchk: [_ZN6npuchk20mvf_gm_to_ub_b64_u32EPvS0_S0_thh] -> (nil)
npuchk: [_ZN6npuchk12pc_trace_offEv] -> 0xffff955cfc60
npuchk: [_ZN6npuchk11pc_trace_onEv] -> 0xffff955cfd8c
npuchk: [_ZN6npuchk12pipe_barrierE6pipe_t] -> 0xffff955cfeb8
npuchk: [_ZN6npuchk7preloadEPKv] -> 0xffff956a7758
npuchk: [_ZN6npuchk7preloadEPKvl] -> (nil)
npuchk: [_ZN6npuchk12release_pbidEm] -> (nil)
npuchk: [_ZN6npuchk7rpn_corEPN7float165Fp16TES2_m] -> 0xffff956a7914
npuchk: [_ZN6npuchk7rpn_corEPN7float165Fp16TES2_htt] -> 0xffff956a7b94
npuchk: [_ZN6npuchk12rpn_cor_diagEPN7float165Fp16TES2_] -> 0xffff956a7eb4
npuchk: [_ZN6npuchk13rpn_cor_diag2EPN7float165Fp16TES2_] -> (nil)
npuchk: [_ZN6npuchk8sbitset0Eml] -> (nil)
npuchk: [_ZN6npuchk8sbitset1Eml] -> (nil)
npuchk: [_ZN6npuchk12scatter_vabsE7vtype_t10ub_addr8_tS1_m] -> (nil)
npuchk: [_ZN6npuchk12scatter_vabsE7vtype_t10ub_addr8_tS1_htt] -> (nil)
npuchk: [_ZN6npuchk16scatter_vabs_f16E10ub_addr8_tS0_m] -> 0xffff956a80dc
npuchk: [_ZN6npuchk16scatter_vabs_f16E10ub_addr8_tS0_htt] -> 0xffff956a82bc
npuchk: [_ZN6npuchk16scatter_vabs_f32E10ub_addr8_tS0_m] -> 0xffff956a8520
npuchk: [_ZN6npuchk16scatter_vabs_f32E10ub_addr8_tS0_htt] -> 0xffff956a8700
npuchk: [_ZN6npuchk16scatter_vabs_s16E10ub_addr8_tS0_m] -> (nil)
npuchk: [_ZN6npuchk16scatter_vabs_s16E10ub_addr8_tS0_htt] -> (nil)
npuchk: [_ZN6npuchk12scatter_vaddE7vtype_t10ub_addr8_tS1_S1_m] -> (nil)
npuchk: [_ZN6npuchk12scatter_vaddE7vtype_t10ub_addr8_tS1_S1_httt] -> (nil)
npuchk: [_ZN6npuchk16scatter_vadd_f16E10ub_addr8_tS0_S0_m] -> 0xffff956a8964
npuchk: [_ZN6npuchk16scatter_vadd_f16E10ub_addr8_tS0_S0_httt] -> 0xffff956a8b8c
npuchk: [_ZN6npuchk16scatter_vadd_f32E10ub_addr8_tS0_S0_m] -> 0xffff956a8e74
npuchk: [_ZN6npuchk16scatter_vadd_f32E10ub_addr8_tS0_S0_httt] -> 0xffff956a909c
npuchk: [_ZN6npuchk16scatter_vadd_s16E10ub_addr8_tS0_S0_m] -> 0xffff956a9384
npuchk: [_ZN6npuchk16scatter_vadd_s16E10ub_addr8_tS0_S0_httt] -> 0xffff956a95ac
npuchk: [_ZN6npuchk16scatter_vadd_s32E10ub_addr8_tS0_S0_m] -> 0xffff956a9894
npuchk: [_ZN6npuchk16scatter_vadd_s32E10ub_addr8_tS0_S0_httt] -> 0xffff956a9abc
npuchk: [_ZN6npuchk13scatter_vaddsE7vtype_t10ub_addr8_tS1_N7float165Fp16TEm] -> (nil)
npuchk: [_ZN6npuchk13scatter_vaddsE7vtype_t10ub_addr8_tS1_N7float165Fp16TEhtt] -> (nil)
npuchk: [_ZN6npuchk13scatter_vaddsE7vtype_t10ub_addr8_tS1_fm] -> (nil)
npuchk: [_ZN6npuchk13scatter_vaddsE7vtype_t10ub_addr8_tS1_fhtt] -> (nil)
npuchk: [_ZN6npuchk17scatter_vadds_f16E10ub_addr8_tS0_N7float165Fp16TEm] -> 0xffff956a9da4
npuchk: [_ZN6npuchk17scatter_vadds_f16E10ub_addr8_tS0_N7float165Fp16TEhtt] -> 0xffff956a9fcc
npuchk: [_ZN6npuchk17scatter_vadds_f32E10ub_addr8_tS0_fm] -> 0xffff956aa278
npuchk: [_ZN6npuchk17scatter_vadds_f32E10ub_addr8_tS0_fhtt] -> 0xffff956aa494
npuchk: [_ZN6npuchk17scatter_vadds_s16E10ub_addr8_tS0_sm] -> 0xffff956aa734
npuchk: [_ZN6npuchk17scatter_vadds_s16E10ub_addr8_tS0_shtt] -> 0xffff956aa950
npuchk: [_ZN6npuchk17scatter_vadds_s32E10ub_addr8_tS0_im] -> 0xffff956aabf0
npuchk: [_ZN6npuchk17scatter_vadds_s32E10ub_addr8_tS0_ihtt] -> 0xffff956aae0c
npuchk: [_ZN6npuchk13scatter_vaxpyE7vtype_t10ub_addr8_tS1_N7float165Fp16TEmb] -> (nil)
npuchk: [_ZN6npuchk13scatter_vaxpyE7vtype_t10ub_addr8_tS1_N7float165Fp16TEhttb] -> (nil)
npuchk: [_ZN6npuchk13scatter_vaxpyE7vtype_t10ub_addr8_tS1_fmb] -> (nil)
npuchk: [_ZN6npuchk13scatter_vaxpyE7vtype_t10ub_addr8_tS1_fhttb] -> (nil)
npuchk: [_ZN6npuchk17scatter_vaxpy_f16E10ub_addr8_tS0_N7float165Fp16TEmb] -> 0xffff956ab0ac
npuchk: [_ZN6npuchk17scatter_vaxpy_f16E10ub_addr8_tS0_N7float165Fp16TEhttb] -> 0xffff956ab310
npuchk: [_ZN6npuchk17scatter_vaxpy_f32E10ub_addr8_tS0_fmb] -> 0xffff956ab5f8
npuchk: [_ZN6npuchk17scatter_vaxpy_f32E10ub_addr8_tS0_fhttb] -> 0xffff956ab850
npuchk: [_ZN6npuchk18scatter_vaxpy_fmixE10ub_addr8_tS0_N7float165Fp16TEmb] -> 0xffff956abb2c
npuchk: [_ZN6npuchk18scatter_vaxpy_fmixE10ub_addr8_tS0_N7float165Fp16TEhttb] -> 0xffff956abd90
npuchk: [_ZN6npuchk15scatter_vcmp_eqE7vtype_t10ub_addr8_tS1_m] -> (nil)
npuchk: [_ZN6npuchk19scatter_vcmp_eq_f16E10ub_addr8_tS0_m] -> 0xffff956ac078
npuchk: [_ZN6npuchk19scatter_vcmp_eq_f32E10ub_addr8_tS0_m] -> 0xffff956ac258
npuchk: [_ZN6npuchk19scatter_vcmp_eq_s16E10ub_addr8_tS0_m] -> (nil)
npuchk: [_ZN6npuchk15scatter_vcmp_geE7vtype_t10ub_addr8_tS1_m] -> (nil)
npuchk: [_ZN6npuchk19scatter_vcmp_ge_f16E10ub_addr8_tS0_m] -> 0xffff956ac438
npuchk: [_ZN6npuchk19scatter_vcmp_ge_f32E10ub_addr8_tS0_m] -> 0xffff956ac618
npuchk: [_ZN6npuchk19scatter_vcmp_ge_s16E10ub_addr8_tS0_m] -> (nil)
npuchk: [_ZN6npuchk15scatter_vcmp_gtE7vtype_t10ub_addr8_tS1_m] -> (nil)
npuchk: [_ZN6npuchk19scatter_vcmp_gt_f16E10ub_addr8_tS0_m] -> 0xffff956ac7f8
npuchk: [_ZN6npuchk19scatter_vcmp_gt_f32E10ub_addr8_tS0_m] -> 0xffff956ac9d8
npuchk: [_ZN6npuchk19scatter_vcmp_gt_s16E10ub_addr8_tS0_m] -> (nil)
npuchk: [_ZN6npuchk15scatter_vcmp_leE7vtype_t10ub_addr8_tS1_m] -> (nil)
npuchk: [_ZN6npuchk19scatter_vcmp_le_f16E10ub_addr8_tS0_m] -> 0xffff956acbb8
npuchk: [_ZN6npuchk19scatter_vcmp_le_f32E10ub_addr8_tS0_m] -> 0xffff956acd98
npuchk: [_ZN6npuchk19scatter_vcmp_le_s16E10ub_addr8_tS0_m] -> (nil)
npuchk: [_ZN6npuchk15scatter_vcmp_ltE7vtype_t10ub_addr8_tS1_m] -> (nil)
npuchk: [_ZN6npuchk19scatter_vcmp_lt_f16E10ub_addr8_tS0_m] -> 0xffff956acf78
npuchk: [_ZN6npuchk19scatter_vcmp_lt_f32E10ub_addr8_tS0_m] -> 0xffff956ad158
npuchk: [_ZN6npuchk19scatter_vcmp_lt_s16E10ub_addr8_tS0_m] -> (nil)
npuchk: [_ZN6npuchk15scatter_vcmp_neE7vtype_t10ub_addr8_tS1_m] -> (nil)
npuchk: [_ZN6npuchk19scatter_vcmp_ne_f16E10ub_addr8_tS0_m] -> 0xffff956ad338
npuchk: [_ZN6npuchk19scatter_vcmp_ne_f32E10ub_addr8_tS0_m] -> 0xffff956ad518
npuchk: [_ZN6npuchk19scatter_vcmp_ne_s16E10ub_addr8_tS0_m] -> (nil)
npuchk: [_ZN6npuchk19scatter_vconcat_f16EPN7float165Fp16TE10ub_addr8_tm] -> 0xffff956ad6f8
npuchk: [_ZN6npuchk19scatter_vconcat_f16EPN7float165Fp16TE10ub_addr8_thh] -> 0xffff956ad8cc
npuchk: [_ZN6npuchk19scatter_vconcat_f32EPf10ub_addr8_tm] -> 0xffff956adaf4
npuchk: [_ZN6npuchk19scatter_vconcat_f32EPf10ub_addr8_thh] -> 0xffff956adcc8
npuchk: [_ZN6npuchk17scatter_vconv_deqE10ub_addr8_tS0_mb] -> 0xffff956adef0
npuchk: [_ZN6npuchk17scatter_vconv_deqE10ub_addr8_tS0_httb] -> 0xffff956ae10c
npuchk: [_ZN6npuchk21scatter_vconv_f162f32E10ub_addr8_tS0_mb] -> 0xffff956ae3ac
npuchk: [_ZN6npuchk21scatter_vconv_f162f32E10ub_addr8_tS0_httb] -> 0xffff956ae5c8
npuchk: [_ZN6npuchk22scatter_vconv_f162s32aE10ub_addr8_tS0_mb] -> 0xffff956ae868
npuchk: [_ZN6npuchk22scatter_vconv_f162s32aE10ub_addr8_tS0_httb] -> 0xffff956aea84
npuchk: [_ZN6npuchk22scatter_vconv_f162s32cE10ub_addr8_tS0_mb] -> 0xffff956aed24
npuchk: [_ZN6npuchk22scatter_vconv_f162s32cE10ub_addr8_tS0_httb] -> 0xffff956aef40
npuchk: [_ZN6npuchk22scatter_vconv_f162s32fE10ub_addr8_tS0_mb] -> 0xffff956af1e0
npuchk: [_ZN6npuchk22scatter_vconv_f162s32fE10ub_addr8_tS0_httb] -> 0xffff956af3fc
npuchk: [_ZN6npuchk22scatter_vconv_f162s32rE10ub_addr8_tS0_mb] -> 0xffff956af69c
npuchk: [_ZN6npuchk22scatter_vconv_f162s32rE10ub_addr8_tS0_httb] -> 0xffff956af8b8
npuchk: [_ZN6npuchk22scatter_vconv_f162s32zE10ub_addr8_tS0_mb] -> 0xffff956afb58
npuchk: [_ZN6npuchk22scatter_vconv_f162s32zE10ub_addr8_tS0_httb] -> 0xffff956afd74
npuchk: [_ZN6npuchk20scatter_vconv_f162s8E10ub_addr8_tS0_mb] -> 0xffff956b0014
npuchk: [_ZN6npuchk20scatter_vconv_f162s8E10ub_addr8_tS0_httb] -> 0xffff956b0230
npuchk: [_ZN6npuchk21scatter_vconv_f162s8aE10ub_addr8_tS0_mb] -> 0xffff956b04d0
npuchk: [_ZN6npuchk21scatter_vconv_f162s8aE10ub_addr8_tS0_httb] -> 0xffff956b06ec
npuchk: [_ZN6npuchk21scatter_vconv_f162s8cE10ub_addr8_tS0_mb] -> 0xffff956b098c
npuchk: [_ZN6npuchk21scatter_vconv_f162s8cE10ub_addr8_tS0_httb] -> 0xffff956b0ba8
npuchk: [_ZN6npuchk21scatter_vconv_f162s8fE10ub_addr8_tS0_mb] -> 0xffff956b0e48
npuchk: [_ZN6npuchk21scatter_vconv_f162s8fE10ub_addr8_tS0_httb] -> 0xffff956b1064
npuchk: [_ZN6npuchk21scatter_vconv_f162s8zE10ub_addr8_tS0_mb] -> 0xffff956b1304
npuchk: [_ZN6npuchk21scatter_vconv_f162s8zE10ub_addr8_tS0_httb] -> 0xffff956b1520
npuchk: [_ZN6npuchk20scatter_vconv_f162u8E10ub_addr8_tS0_mb] -> 0xffff956b17c0
npuchk: [_ZN6npuchk20scatter_vconv_f162u8E10ub_addr8_tS0_httb] -> 0xffff956b19dc
npuchk: [_ZN6npuchk21scatter_vconv_f162u8aE10ub_addr8_tS0_mb] -> 0xffff956b1c7c
npuchk: [_ZN6npuchk21scatter_vconv_f162u8aE10ub_addr8_tS0_httb] -> 0xffff956b1e98
npuchk: [_ZN6npuchk21scatter_vconv_f162u8cE10ub_addr8_tS0_mb] -> 0xffff956b2138
npuchk: [_ZN6npuchk21scatter_vconv_f162u8cE10ub_addr8_tS0_httb] -> 0xffff956b2354
npuchk: [_ZN6npuchk21scatter_vconv_f162u8fE10ub_addr8_tS0_mb] -> 0xffff956b25f4
npuchk: [_ZN6npuchk21scatter_vconv_f162u8fE10ub_addr8_tS0_httb] -> 0xffff956b2810
npuchk: [_ZN6npuchk21scatter_vconv_f162u8zE10ub_addr8_tS0_mb] -> 0xffff956b2ab0
npuchk: [_ZN6npuchk21scatter_vconv_f162u8zE10ub_addr8_tS0_httb] -> 0xffff956b2ccc
npuchk: [_ZN6npuchk21scatter_vconv_f322f16E10ub_addr8_tS0_mb] -> 0xffff956b2f6c
npuchk: [_ZN6npuchk21scatter_vconv_f322f16E10ub_addr8_tS0_httb] -> 0xffff956b3188
npuchk: [_ZN6npuchk22scatter_vconv_f322f16oE10ub_addr8_tS0_mb] -> 0xffff956b3428
npuchk: [_ZN6npuchk22scatter_vconv_f322f16oE10ub_addr8_tS0_httb] -> 0xffff956b3644
npuchk: [_ZN6npuchk22scatter_vconv_f322s32aE10ub_addr8_tS0_mb] -> 0xffff956b38e4
npuchk: [_ZN6npuchk22scatter_vconv_f322s32aE10ub_addr8_tS0_httb] -> 0xffff956b3b00
npuchk: [_ZN6npuchk22scatter_vconv_f322s32cE10ub_addr8_tS0_mb] -> 0xffff956b3da0
npuchk: [_ZN6npuchk22scatter_vconv_f322s32cE10ub_addr8_tS0_httb] -> 0xffff956b3fbc
npuchk: [_ZN6npuchk22scatter_vconv_f322s32fE10ub_addr8_tS0_mb] -> 0xffff956b425c
npuchk: [_ZN6npuchk22scatter_vconv_f322s32fE10ub_addr8_tS0_httb] -> 0xffff956b4478
npuchk: [_ZN6npuchk22scatter_vconv_f322s32rE10ub_addr8_tS0_mb] -> 0xffff956b4718
npuchk: [_ZN6npuchk22scatter_vconv_f322s32rE10ub_addr8_tS0_httb] -> 0xffff956b4934
npuchk: [_ZN6npuchk22scatter_vconv_f322s32zE10ub_addr8_tS0_mb] -> 0xffff956b4bd4
npuchk: [_ZN6npuchk22scatter_vconv_f322s32zE10ub_addr8_tS0_httb] -> 0xffff956b4df0
npuchk: [_ZN6npuchk21scatter_vconv_s322f32E10ub_addr8_tS0_mb] -> 0xffff956b5090
npuchk: [_ZN6npuchk21scatter_vconv_s322f32E10ub_addr8_tS0_httb] -> 0xffff956b52ac
npuchk: [_ZN6npuchk20scatter_vconv_s82f16E10ub_addr8_tS0_mb] -> 0xffff956b554c
npuchk: [_ZN6npuchk20scatter_vconv_s82f16E10ub_addr8_tS0_httb] -> 0xffff956b5768
npuchk: [_ZN6npuchk20scatter_vconv_u82f16E10ub_addr8_tS0_mb] -> 0xffff956b5a08
npuchk: [_ZN6npuchk20scatter_vconv_u82f16E10ub_addr8_tS0_httb] -> 0xffff956b5c24
npuchk: [_ZN6npuchk21scatter_vcshuffle_b16E10ub_addr8_tS0_m] -> 0xffff956b5ec4
npuchk: [_ZN6npuchk21scatter_vcshuffle_b16E10ub_addr8_tS0_htth] -> 0xffff956b60a0
npuchk: [_ZN6npuchk21scatter_vcshuffle_b32E10ub_addr8_tS0_m] -> 0xffff956b6348
npuchk: [_ZN6npuchk21scatter_vcshuffle_b32E10ub_addr8_tS0_htth] -> 0xffff956b6528
npuchk: [_ZN6npuchk20scatter_vcshuffle_b8E10ub_addr8_tS0_m] -> 0xffff956b67d4
npuchk: [_ZN6npuchk20scatter_vcshuffle_b8E10ub_addr8_tS0_htth] -> 0xffff956b69b0
npuchk: [_ZN6npuchk12scatter_vdivE7vtype_t10ub_addr8_tS1_S1_m] -> (nil)
npuchk: [_ZN6npuchk12scatter_vdivE7vtype_t10ub_addr8_tS1_S1_httt] -> (nil)
npuchk: [_ZN6npuchk16scatter_vdiv_f16E10ub_addr8_tS0_S0_m] -> 0xffff956b6c58
npuchk: [_ZN6npuchk16scatter_vdiv_f16E10ub_addr8_tS0_S0_httt] -> 0xffff956b6e80
npuchk: [_ZN6npuchk16scatter_vdiv_f32E10ub_addr8_tS0_S0_m] -> 0xffff956b7168
npuchk: [_ZN6npuchk16scatter_vdiv_f32E10ub_addr8_tS0_S0_httt] -> 0xffff956b7390
npuchk: [_ZN6npuchk18scatter_vector_movE7vtype_t10ub_addr8_tS1_m] -> (nil)
npuchk: [_ZN6npuchk18scatter_vector_movE7vtype_t10ub_addr8_tS1_htt] -> (nil)
npuchk: [_ZN6npuchk22scatter_vector_mov_f16E10ub_addr8_tS0_m] -> 0xffff956b7678
npuchk: [_ZN6npuchk22scatter_vector_mov_f16E10ub_addr8_tS0_htt] -> 0xffff956b7858
npuchk: [_ZN6npuchk22scatter_vector_mov_s16E10ub_addr8_tS0_m] -> 0xffff956b7abc
npuchk: [_ZN6npuchk22scatter_vector_mov_s16E10ub_addr8_tS0_htt] -> 0xffff956b7c9c
npuchk: [_ZN6npuchk22scatter_vector_mov_u16E10ub_addr8_tS0_m] -> 0xffff956b7f00
npuchk: [_ZN6npuchk22scatter_vector_mov_u16E10ub_addr8_tS0_htt] -> 0xffff956b80e0
npuchk: [_ZN6npuchk12scatter_vexpE7vtype_t10ub_addr8_tS1_m] -> (nil)
npuchk: [_ZN6npuchk12scatter_vexpE7vtype_t10ub_addr8_tS1_htt] -> (nil)
npuchk: [_ZN6npuchk16scatter_vexp_f16E10ub_addr8_tS0_m] -> 0xffff956b8344
npuchk: [_ZN6npuchk16scatter_vexp_f16E10ub_addr8_tS0_htt] -> 0xffff956b8524
npuchk: [_ZN6npuchk16scatter_vexp_f32E10ub_addr8_tS0_m] -> 0xffff956b8788
npuchk: [_ZN6npuchk16scatter_vexp_f32E10ub_addr8_tS0_htt] -> 0xffff956b8968
npuchk: [_ZN6npuchk20scatter_vextract_f16E10ub_addr8_tPN7float165Fp16TEm] -> 0xffff956b8bcc
npuchk: [_ZN6npuchk20scatter_vextract_f16E10ub_addr8_tPN7float165Fp16TEhh] -> 0xffff956b8da0
npuchk: [_ZN6npuchk20scatter_vextract_f32E10ub_addr8_tPfm] -> 0xffff956b8fc8
npuchk: [_ZN6npuchk20scatter_vextract_f32E10ub_addr8_tPfhh] -> 0xffff956b919c
npuchk: [_ZN6npuchk11scatter_vlnE7vtype_t10ub_addr8_tS1_m] -> (nil)
npuchk: [_ZN6npuchk11scatter_vlnE7vtype_t10ub_addr8_tS1_htt] -> (nil)
npuchk: [_ZN6npuchk15scatter_vln_f16E10ub_addr8_tS0_m] -> 0xffff956b93c4
npuchk: [_ZN6npuchk15scatter_vln_f16E10ub_addr8_tS0_htt] -> 0xffff956b95a4
npuchk: [_ZN6npuchk15scatter_vln_f32E10ub_addr8_tS0_m] -> 0xffff956b9808
npuchk: [_ZN6npuchk15scatter_vln_f32E10ub_addr8_tS0_htt] -> 0xffff956b99e8
npuchk: [_ZN6npuchk13scatter_vmaddE7vtype_t10ub_addr8_tS1_S1_m] -> (nil)
npuchk: [_ZN6npuchk13scatter_vmaddE7vtype_t10ub_addr8_tS1_S1_httt] -> (nil)
npuchk: [_ZN6npuchk17scatter_vmadd_f16E10ub_addr8_tS0_S0_m] -> 0xffff956b9c4c
npuchk: [_ZN6npuchk17scatter_vmadd_f16E10ub_addr8_tS0_S0_httt] -> 0xffff956b9e74
npuchk: [_ZN6npuchk17scatter_vmadd_f32E10ub_addr8_tS0_S0_m] -> 0xffff956ba15c
npuchk: [_ZN6npuchk17scatter_vmadd_f32E10ub_addr8_tS0_S0_httt] -> 0xffff956ba384
npuchk: [_ZN6npuchk17scatter_vmaddreluE7vtype_t10ub_addr8_tS1_S1_m] -> (nil)
npuchk: [_ZN6npuchk17scatter_vmaddreluE7vtype_t10ub_addr8_tS1_S1_httt] -> (nil)
npuchk: [_ZN6npuchk21scatter_vmaddrelu_f16E10ub_addr8_tS0_S0_m] -> 0xffff956ba66c
npuchk: [_ZN6npuchk21scatter_vmaddrelu_f16E10ub_addr8_tS0_S0_httt] -> 0xffff956ba894
npuchk: [_ZN6npuchk21scatter_vmaddrelu_f32E10ub_addr8_tS0_S0_m] -> 0xffff956bab7c
npuchk: [_ZN6npuchk21scatter_vmaddrelu_f32E10ub_addr8_tS0_S0_httt] -> 0xffff956bada4
npuchk: [_ZN6npuchk12scatter_vmaxE7vtype_t10ub_addr8_tS1_S1_m] -> (nil)
npuchk: [_ZN6npuchk12scatter_vmaxE7vtype_t10ub_addr8_tS1_S1_httt] -> (nil)
npuchk: [_ZN6npuchk16scatter_vmax_f16E10ub_addr8_tS0_S0_m] -> 0xffff956bb08c
npuchk: [_ZN6npuchk16scatter_vmax_f16E10ub_addr8_tS0_S0_httt] -> 0xffff956bb2b4
npuchk: [_ZN6npuchk16scatter_vmax_f32E10ub_addr8_tS0_S0_m] -> 0xffff956bb59c
npuchk: [_ZN6npuchk16scatter_vmax_f32E10ub_addr8_tS0_S0_httt] -> 0xffff956bb7c4
npuchk: [_ZN6npuchk16scatter_vmax_s16E10ub_addr8_tS0_S0_m] -> 0xffff956bbaac
npuchk: [_ZN6npuchk16scatter_vmax_s16E10ub_addr8_tS0_S0_httt] -> 0xffff956bbcd4
npuchk: [_ZN6npuchk16scatter_vmax_s32E10ub_addr8_tS0_S0_m] -> 0xffff956bbfbc
npuchk: [_ZN6npuchk16scatter_vmax_s32E10ub_addr8_tS0_S0_httt] -> 0xffff956bc1e4
npuchk: [_ZN6npuchk17scatter_vmaxs_f16E10ub_addr8_tS0_N7float165Fp16TEm] -> 0xffff956bc4cc
npuchk: [_ZN6npuchk17scatter_vmaxs_f16E10ub_addr8_tS0_N7float165Fp16TEhtt] -> 0xffff956bc6f4
npuchk: [_ZN6npuchk17scatter_vmaxs_f32E10ub_addr8_tS0_fm] -> 0xffff956bc9a0
npuchk: [_ZN6npuchk17scatter_vmaxs_f32E10ub_addr8_tS0_fhtt] -> 0xffff956bcbbc
npuchk: [_ZN6npuchk17scatter_vmaxs_s16E10ub_addr8_tS0_sm] -> 0xffff956bce5c
npuchk: [_ZN6npuchk17scatter_vmaxs_s16E10ub_addr8_tS0_shtt] -> 0xffff956bd078
npuchk: [_ZN6npuchk17scatter_vmaxs_s32E10ub_addr8_tS0_im] -> 0xffff956bd318
npuchk: [_ZN6npuchk17scatter_vmaxs_s32E10ub_addr8_tS0_ihtt] -> 0xffff956bd534
npuchk: [_ZN6npuchk12scatter_vminE7vtype_t10ub_addr8_tS1_S1_m] -> (nil)
npuchk: [_ZN6npuchk12scatter_vminE7vtype_t10ub_addr8_tS1_S1_httt] -> (nil)
npuchk: [_ZN6npuchk16scatter_vmin_f16E10ub_addr8_tS0_S0_m] -> 0xffff956bd7d4
npuchk: [_ZN6npuchk16scatter_vmin_f16E10ub_addr8_tS0_S0_httt] -> 0xffff956bd9fc
npuchk: [_ZN6npuchk16scatter_vmin_f32E10ub_addr8_tS0_S0_m] -> 0xffff956bdce4
npuchk: [_ZN6npuchk16scatter_vmin_f32E10ub_addr8_tS0_S0_httt] -> 0xffff956bdf0c
npuchk: [_ZN6npuchk16scatter_vmin_s16E10ub_addr8_tS0_S0_m] -> 0xffff956be1f4
npuchk: [_ZN6npuchk16scatter_vmin_s16E10ub_addr8_tS0_S0_httt] -> 0xffff956be41c
npuchk: [_ZN6npuchk16scatter_vmin_s32E10ub_addr8_tS0_S0_m] -> 0xffff956be704
npuchk: [_ZN6npuchk16scatter_vmin_s32E10ub_addr8_tS0_S0_httt] -> 0xffff956be92c
npuchk: [_ZN6npuchk17scatter_vmins_f16E10ub_addr8_tS0_N7float165Fp16TEm] -> 0xffff956bec14
npuchk: [_ZN6npuchk17scatter_vmins_f16E10ub_addr8_tS0_N7float165Fp16TEhtt] -> 0xffff956bee3c
npuchk: [_ZN6npuchk17scatter_vmins_f32E10ub_addr8_tS0_fm] -> 0xffff956bf0e8
npuchk: [_ZN6npuchk17scatter_vmins_f32E10ub_addr8_tS0_fhtt] -> 0xffff956bf304
npuchk: [_ZN6npuchk17scatter_vmins_s16E10ub_addr8_tS0_sm] -> 0xffff956bf5a4
npuchk: [_ZN6npuchk17scatter_vmins_s16E10ub_addr8_tS0_shtt] -> 0xffff956bf7c0
npuchk: [_ZN6npuchk17scatter_vmins_s32E10ub_addr8_tS0_im] -> 0xffff956bfa60
npuchk: [_ZN6npuchk17scatter_vmins_s32E10ub_addr8_tS0_ihtt] -> 0xffff956bfc7c
npuchk: [_ZN6npuchk12scatter_vmlaE7vtype_t10ub_addr8_tS1_S1_m] -> (nil)
npuchk: [_ZN6npuchk12scatter_vmlaE7vtype_t10ub_addr8_tS1_S1_httt] -> (nil)
npuchk: [_ZN6npuchk16scatter_vmla_f16E10ub_addr8_tS0_S0_m] -> 0xffff956bff1c
npuchk: [_ZN6npuchk16scatter_vmla_f16E10ub_addr8_tS0_S0_httt] -> 0xffff956c0144
npuchk: [_ZN6npuchk16scatter_vmla_f32E10ub_addr8_tS0_S0_m] -> 0xffff956c042c
npuchk: [_ZN6npuchk16scatter_vmla_f32E10ub_addr8_tS0_S0_httt] -> 0xffff956c0654
npuchk: [_ZN6npuchk17scatter_vmla_fmixE10ub_addr8_tS0_S0_m] -> 0xffff956c093c
npuchk: [_ZN6npuchk17scatter_vmla_fmixE10ub_addr8_tS0_S0_httt] -> 0xffff956c0b64
npuchk: [_ZN6npuchk12scatter_vmulE7vtype_t10ub_addr8_tS1_S1_m] -> (nil)
npuchk: [_ZN6npuchk12scatter_vmulE7vtype_t10ub_addr8_tS1_S1_httt] -> (nil)
npuchk: [_ZN6npuchk16scatter_vmul_f16E10ub_addr8_tS0_S0_m] -> 0xffff956c0e4c
npuchk: [_ZN6npuchk16scatter_vmul_f16E10ub_addr8_tS0_S0_httt] -> 0xffff956c1074
npuchk: [_ZN6npuchk16scatter_vmul_f32E10ub_addr8_tS0_S0_m] -> 0xffff956c135c
npuchk: [_ZN6npuchk16scatter_vmul_f32E10ub_addr8_tS0_S0_httt] -> 0xffff956c1584
npuchk: [_ZN6npuchk16scatter_vmul_s16E10ub_addr8_tS0_S0_m] -> 0xffff956c186c
npuchk: [_ZN6npuchk16scatter_vmul_s16E10ub_addr8_tS0_S0_httt] -> 0xffff956c1a94
npuchk: [_ZN6npuchk16scatter_vmul_s32E10ub_addr8_tS0_S0_m] -> 0xffff956c1d7c
npuchk: [_ZN6npuchk16scatter_vmul_s32E10ub_addr8_tS0_S0_httt] -> 0xffff956c1fa4
npuchk: [_ZN6npuchk23scatter_vmulconv_f162s8E10ub_addr8_tS0_S0_mb] -> 0xffff956c228c
npuchk: [_ZN6npuchk23scatter_vmulconv_f162s8E10ub_addr8_tS0_S0_htttb] -> 0xffff956c24f0
npuchk: [_ZN6npuchk23scatter_vmulconv_f162u8E10ub_addr8_tS0_S0_mb] -> 0xffff956c2814
npuchk: [_ZN6npuchk23scatter_vmulconv_f162u8E10ub_addr8_tS0_S0_htttb] -> 0xffff956c2a78
npuchk: [_ZN6npuchk13scatter_vmulsE7vtype_t10ub_addr8_tS1_N7float165Fp16TEm] -> (nil)
npuchk: [_ZN6npuchk13scatter_vmulsE7vtype_t10ub_addr8_tS1_N7float165Fp16TEhtt] -> (nil)
npuchk: [_ZN6npuchk13scatter_vmulsE7vtype_t10ub_addr8_tS1_fm] -> (nil)
npuchk: [_ZN6npuchk13scatter_vmulsE7vtype_t10ub_addr8_tS1_fhtt] -> (nil)
npuchk: [_ZN6npuchk17scatter_vmuls_f16E10ub_addr8_tS0_N7float165Fp16TEm] -> 0xffff956c2d9c
npuchk: [_ZN6npuchk17scatter_vmuls_f16E10ub_addr8_tS0_N7float165Fp16TEhtt] -> 0xffff956c2fc4
npuchk: [_ZN6npuchk17scatter_vmuls_f32E10ub_addr8_tS0_fm] -> 0xffff956c3270
npuchk: [_ZN6npuchk17scatter_vmuls_f32E10ub_addr8_tS0_fhtt] -> 0xffff956c348c
npuchk: [_ZN6npuchk17scatter_vmuls_s16E10ub_addr8_tS0_sm] -> 0xffff956c372c
npuchk: [_ZN6npuchk17scatter_vmuls_s16E10ub_addr8_tS0_shtt] -> 0xffff956c3948
npuchk: [_ZN6npuchk17scatter_vmuls_s32E10ub_addr8_tS0_im] -> 0xffff956c3be8
npuchk: [_ZN6npuchk17scatter_vmuls_s32E10ub_addr8_tS0_ihtt] -> 0xffff956c3e04
npuchk: [_ZN6npuchk21scatter_vnchwconv_b16E10ub_addr8_tPsm] -> (nil)
npuchk: [_ZN6npuchk21scatter_vnchwconv_b16E10ub_addr8_tPshtt] -> (nil)
npuchk: [_ZN6npuchk21scatter_vnchwconv_b16E10ub_addr8_tPtm] -> (nil)
npuchk: [_ZN6npuchk21scatter_vnchwconv_b16E10ub_addr8_tPthtt] -> (nil)
npuchk: [_ZN6npuchk21scatter_vnchwconv_b16EPs10ub_addr8_tm] -> (nil)
npuchk: [_ZN6npuchk21scatter_vnchwconv_b16EPs10ub_addr8_thtt] -> (nil)
npuchk: [_ZN6npuchk21scatter_vnchwconv_b16EPt10ub_addr8_tm] -> (nil)
npuchk: [_ZN6npuchk21scatter_vnchwconv_b16EPt10ub_addr8_thtt] -> (nil)
npuchk: [_ZN6npuchk21scatter_vnchwconv_b16E10ub_addr8_tS0_m] -> 0xffff955dd6d0
npuchk: [_ZN6npuchk21scatter_vnchwconv_b16E10ub_addr8_tS0_htt] -> 0xffff955dd8b0
npuchk: [_ZN6npuchk21scatter_vnchwconv_b32E10ub_addr8_tPim] -> (nil)
npuchk: [_ZN6npuchk21scatter_vnchwconv_b32E10ub_addr8_tPihtt] -> (nil)
npuchk: [_ZN6npuchk21scatter_vnchwconv_b32E10ub_addr8_tPjm] -> (nil)
npuchk: [_ZN6npuchk21scatter_vnchwconv_b32E10ub_addr8_tPjhtt] -> (nil)
npuchk: [_ZN6npuchk21scatter_vnchwconv_b32EPi10ub_addr8_tm] -> (nil)
npuchk: [_ZN6npuchk21scatter_vnchwconv_b32EPi10ub_addr8_thtt] -> (nil)
npuchk: [_ZN6npuchk21scatter_vnchwconv_b32EPj10ub_addr8_tm] -> (nil)
npuchk: [_ZN6npuchk21scatter_vnchwconv_b32EPj10ub_addr8_thtt] -> (nil)
npuchk: [_ZN6npuchk21scatter_vnchwconv_b32E10ub_addr8_tS0_m] -> 0xffff955ddb14
npuchk: [_ZN6npuchk21scatter_vnchwconv_b32E10ub_addr8_tS0_htt] -> 0xffff955ddcf4
npuchk: [_ZN6npuchk20scatter_vnchwconv_b8E10ub_addr8_tPambb] -> (nil)
npuchk: [_ZN6npuchk20scatter_vnchwconv_b8E10ub_addr8_tPahttbb] -> (nil)
npuchk: [_ZN6npuchk20scatter_vnchwconv_b8E10ub_addr8_tPhmbb] -> (nil)
npuchk: [_ZN6npuchk20scatter_vnchwconv_b8E10ub_addr8_tPhhttbb] -> (nil)
npuchk: [_ZN6npuchk20scatter_vnchwconv_b8EPa10ub_addr8_tmbb] -> (nil)
npuchk: [_ZN6npuchk20scatter_vnchwconv_b8EPa10ub_addr8_thttbb] -> (nil)
npuchk: [_ZN6npuchk20scatter_vnchwconv_b8EPh10ub_addr8_tmbb] -> (nil)
npuchk: [_ZN6npuchk20scatter_vnchwconv_b8EPh10ub_addr8_thttbb] -> (nil)
npuchk: [_ZN6npuchk20scatter_vnchwconv_b8E10ub_addr8_tS0_mbb] -> 0xffff955ddf58
npuchk: [_ZN6npuchk20scatter_vnchwconv_b8E10ub_addr8_tS0_httbb] -> 0xffff955de1b0
npuchk: [_ZN6npuchk12scatter_vrecE7vtype_t10ub_addr8_tS1_m] -> (nil)
npuchk: [_ZN6npuchk12scatter_vrecE7vtype_t10ub_addr8_tS1_htt] -> (nil)
npuchk: [_ZN6npuchk16scatter_vrec_f16E10ub_addr8_tS0_m] -> 0xffff956c40a4
npuchk: [_ZN6npuchk16scatter_vrec_f16E10ub_addr8_tS0_htt] -> 0xffff956c4284
npuchk: [_ZN6npuchk16scatter_vrec_f32E10ub_addr8_tS0_m] -> 0xffff956c44e8
npuchk: [_ZN6npuchk16scatter_vrec_f32E10ub_addr8_tS0_htt] -> 0xffff956c46c8
npuchk: [_ZN6npuchk13scatter_vreluE7vtype_t10ub_addr8_tS1_m] -> (nil)
npuchk: [_ZN6npuchk13scatter_vreluE7vtype_t10ub_addr8_tS1_htt] -> (nil)
npuchk: [_ZN6npuchk17scatter_vrelu_f16E10ub_addr8_tS0_m] -> 0xffff956c492c
npuchk: [_ZN6npuchk17scatter_vrelu_f16E10ub_addr8_tS0_htt] -> 0xffff956c4b0c
npuchk: [_ZN6npuchk17scatter_vrelu_f32E10ub_addr8_tS0_m] -> 0xffff956c4d70
npuchk: [_ZN6npuchk17scatter_vrelu_f32E10ub_addr8_tS0_htt] -> 0xffff956c4f50
npuchk: [_ZN6npuchk17scatter_vrelu_s32E10ub_addr8_tS0_m] -> 0xffff956c51b4
npuchk: [_ZN6npuchk17scatter_vrelu_s32E10ub_addr8_tS0_htt] -> 0xffff956c5394
npuchk: [_ZN6npuchk14scatter_vrsqrtE7vtype_t10ub_addr8_tS1_m] -> (nil)
npuchk: [_ZN6npuchk14scatter_vrsqrtE7vtype_t10ub_addr8_tS1_htt] -> (nil)
npuchk: [_ZN6npuchk18scatter_vrsqrt_f16E10ub_addr8_tS0_m] -> 0xffff956c55f8
npuchk: [_ZN6npuchk18scatter_vrsqrt_f16E10ub_addr8_tS0_htt] -> 0xffff956c57d8
npuchk: [_ZN6npuchk18scatter_vrsqrt_f32E10ub_addr8_tS0_m] -> 0xffff956c5a3c
npuchk: [_ZN6npuchk18scatter_vrsqrt_f32E10ub_addr8_tS0_htt] -> 0xffff956c5c1c
npuchk: [_ZN6npuchk16scatter_vscmergeEPt10ub_addr8_tm] -> (nil)
npuchk: [_ZN6npuchk16scatter_vscmergeEPt10ub_addr8_tth] -> (nil)
npuchk: [_ZN6npuchk16scatter_vscmergeEPh10ub_addr8_tm] -> (nil)
npuchk: [_ZN6npuchk16scatter_vscmergeEPh10ub_addr8_tth] -> (nil)
npuchk: [_ZN6npuchk16scatter_vscmergeEPN7float165Fp16TE10ub_addr8_tm] -> (nil)
npuchk: [_ZN6npuchk16scatter_vscmergeEPN7float165Fp16TE10ub_addr8_tth] -> (nil)
npuchk: [_ZN6npuchk20scatter_vscmerge_b16EPt10ub_addr8_tm] -> 0xffff956c5e80
npuchk: [_ZN6npuchk20scatter_vscmerge_b16EPt10ub_addr8_tth] -> (nil)
npuchk: [_ZN6npuchk19scatter_vscmerge_b8EPh10ub_addr8_tm] -> 0xffff956c6054
npuchk: [_ZN6npuchk19scatter_vscmerge_b8EPh10ub_addr8_tth] -> (nil)
npuchk: [_ZN6npuchk20scatter_vscmerge_f16EPN7float165Fp16TE10ub_addr8_tm] -> (nil)
npuchk: [_ZN6npuchk20scatter_vscmerge_f16EPN7float165Fp16TE10ub_addr8_tth] -> (nil)
npuchk: [_ZN6npuchk16scatter_vscsplitE10ub_addr8_tPtm] -> (nil)
npuchk: [_ZN6npuchk16scatter_vscsplitE10ub_addr8_tPtth] -> (nil)
npuchk: [_ZN6npuchk16scatter_vscsplitE10ub_addr8_tPhm] -> (nil)
npuchk: [_ZN6npuchk16scatter_vscsplitE10ub_addr8_tPhth] -> (nil)
npuchk: [_ZN6npuchk16scatter_vscsplitE10ub_addr8_tPN7float165Fp16TEm] -> (nil)
npuchk: [_ZN6npuchk16scatter_vscsplitE10ub_addr8_tPN7float165Fp16TEth] -> (nil)
npuchk: [_ZN6npuchk20scatter_vscsplit_b16E10ub_addr8_tPtm] -> 0xffff956c6224
npuchk: [_ZN6npuchk20scatter_vscsplit_b16E10ub_addr8_tPtth] -> (nil)
npuchk: [_ZN6npuchk20scatter_vscsplit_b16E10ub_addr8_tPsm] -> (nil)
npuchk: [_ZN6npuchk20scatter_vscsplit_b16E10ub_addr8_tPsth] -> (nil)
npuchk: [_ZN6npuchk19scatter_vscsplit_b8E10ub_addr8_tPhm] -> 0xffff956c63f8
npuchk: [_ZN6npuchk19scatter_vscsplit_b8E10ub_addr8_tPhth] -> (nil)
npuchk: [_ZN6npuchk19scatter_vscsplit_b8E10ub_addr8_tPam] -> (nil)
npuchk: [_ZN6npuchk19scatter_vscsplit_b8E10ub_addr8_tPath] -> (nil)
npuchk: [_ZN6npuchk20scatter_vscsplit_f16E10ub_addr8_tPN7float165Fp16TEm] -> (nil)
npuchk: [_ZN6npuchk20scatter_vscsplit_f16E10ub_addr8_tPN7float165Fp16TEth] -> (nil)
npuchk: [_ZN6npuchk12scatter_vselE7vtype_t10ub_addr8_tS1_S1_m] -> (nil)
npuchk: [_ZN6npuchk12scatter_vselE7vtype_t10ub_addr8_tS1_S1_httt] -> (nil)
npuchk: [_ZN6npuchk16scatter_vsel_f16E10ub_addr8_tS0_S0_m] -> 0xffff956c65cc
npuchk: [_ZN6npuchk16scatter_vsel_f16E10ub_addr8_tS0_S0_httth] -> 0xffff956c67f4
npuchk: [_ZN6npuchk16scatter_vsel_f32E10ub_addr8_tS0_S0_m] -> 0xffff956c6b24
npuchk: [_ZN6npuchk16scatter_vsel_f32E10ub_addr8_tS0_S0_httth] -> 0xffff956c6d4c
npuchk: [_ZN6npuchk13scatter_vsqrtE7vtype_t10ub_addr8_tS1_m] -> (nil)
npuchk: [_ZN6npuchk13scatter_vsqrtE7vtype_t10ub_addr8_tS1_htt] -> (nil)
npuchk: [_ZN6npuchk17scatter_vsqrt_f16E10ub_addr8_tS0_m] -> 0xffff956c707c
npuchk: [_ZN6npuchk17scatter_vsqrt_f16E10ub_addr8_tS0_htt] -> 0xffff956c725c
npuchk: [_ZN6npuchk17scatter_vsqrt_f32E10ub_addr8_tS0_m] -> 0xffff956c74c0
npuchk: [_ZN6npuchk17scatter_vsqrt_f32E10ub_addr8_tS0_htt] -> 0xffff956c76a0
npuchk: [_ZN6npuchk12scatter_vsubE7vtype_t10ub_addr8_tS1_S1_m] -> (nil)
npuchk: [_ZN6npuchk12scatter_vsubE7vtype_t10ub_addr8_tS1_S1_httt] -> (nil)
npuchk: [_ZN6npuchk16scatter_vsub_f16E10ub_addr8_tS0_S0_m] -> 0xffff956c7904
npuchk: [_ZN6npuchk16scatter_vsub_f16E10ub_addr8_tS0_S0_httt] -> 0xffff956c7b2c
npuchk: [_ZN6npuchk16scatter_vsub_f32E10ub_addr8_tS0_S0_m] -> 0xffff956c7e14
npuchk: [_ZN6npuchk16scatter_vsub_f32E10ub_addr8_tS0_S0_httt] -> 0xffff956c803c
npuchk: [_ZN6npuchk16scatter_vsub_s16E10ub_addr8_tS0_S0_m] -> 0xffff956c8324
npuchk: [_ZN6npuchk16scatter_vsub_s16E10ub_addr8_tS0_S0_httt] -> 0xffff956c854c
npuchk: [_ZN6npuchk16scatter_vsub_s32E10ub_addr8_tS0_S0_m] -> 0xffff956c8834
npuchk: [_ZN6npuchk16scatter_vsub_s32E10ub_addr8_tS0_S0_httt] -> 0xffff956c8a5c
npuchk: [_ZN6npuchk14set_aipp_spr_0Em] -> 0xffff955d00a4
npuchk: [_ZN6npuchk14set_aipp_spr_1Em] -> 0xffff955d0264
npuchk: [_ZN6npuchk15set_aipp_spr_10Em] -> 0xffff955d0424
npuchk: [_ZN6npuchk15set_aipp_spr_11Em] -> 0xffff955d05e4
npuchk: [_ZN6npuchk15set_aipp_spr_12Em] -> 0xffff955d07a4
npuchk: [_ZN6npuchk15set_aipp_spr_13Em] -> 0xffff955d0964
npuchk: [_ZN6npuchk15set_aipp_spr_14Em] -> 0xffff955d0b24
npuchk: [_ZN6npuchk15set_aipp_spr_15Em] -> 0xffff955d0ce4
npuchk: [_ZN6npuchk15set_aipp_spr_16Em] -> 0xffff955d0ea4
npuchk: [_ZN6npuchk15set_aipp_spr_17Em] -> 0xffff955d1064
npuchk: [_ZN6npuchk15set_aipp_spr_18Em] -> 0xffff955d1224
npuchk: [_ZN6npuchk15set_aipp_spr_19Em] -> 0xffff955d13e4
npuchk: [_ZN6npuchk14set_aipp_spr_2Em] -> 0xffff955d15a4
npuchk: [_ZN6npuchk15set_aipp_spr_20Em] -> 0xffff955d1764
npuchk: [_ZN6npuchk15set_aipp_spr_21Em] -> 0xffff955d1924
npuchk: [_ZN6npuchk15set_aipp_spr_22Em] -> 0xffff955d1ae4
npuchk: [_ZN6npuchk15set_aipp_spr_23Em] -> 0xffff955d1ca4
npuchk: [_ZN6npuchk15set_aipp_spr_24Em] -> 0xffff955d1e64
npuchk: [_ZN6npuchk15set_aipp_spr_25Em] -> (nil)
npuchk: [_ZN6npuchk15set_aipp_spr_26Em] -> (nil)
npuchk: [_ZN6npuchk15set_aipp_spr_27Em] -> (nil)
npuchk: [_ZN6npuchk15set_aipp_spr_28Em] -> (nil)
npuchk: [_ZN6npuchk15set_aipp_spr_29Em] -> (nil)
npuchk: [_ZN6npuchk14set_aipp_spr_3Em] -> 0xffff955d2024
npuchk: [_ZN6npuchk15set_aipp_spr_30Em] -> (nil)
npuchk: [_ZN6npuchk15set_aipp_spr_31Em] -> (nil)
npuchk: [_ZN6npuchk14set_aipp_spr_4Em] -> 0xffff955d21e4
npuchk: [_ZN6npuchk14set_aipp_spr_5Em] -> 0xffff955d23a4
npuchk: [_ZN6npuchk14set_aipp_spr_6Em] -> 0xffff955d2564
npuchk: [_ZN6npuchk14set_aipp_spr_7Em] -> 0xffff955d2724
npuchk: [_ZN6npuchk14set_aipp_spr_8Em] -> 0xffff955d28e4
npuchk: [_ZN6npuchk14set_aipp_spr_9Em] -> 0xffff955d2aa4
npuchk: [_ZN6npuchk14set_atomic_addEv] -> (nil)
npuchk: [_ZN6npuchk15set_atomic_bf16Ev] -> 0xffff95553368
npuchk: [_ZN6npuchk14set_atomic_f16Ev] -> 0xffff95553348
npuchk: [_ZN6npuchk14set_atomic_f32Ev] -> 0xffff955533c8
npuchk: [_ZN6npuchk14set_atomic_maxEv] -> (nil)
npuchk: [_ZN6npuchk14set_atomic_minEv] -> (nil)
npuchk: [_ZN6npuchk15set_atomic_noneEv] -> 0xffff955533a8
npuchk: [_ZN6npuchk14set_atomic_s16Ev] -> 0xffff95553328
npuchk: [_ZN6npuchk14set_atomic_s32Ev] -> 0xffff95553308
npuchk: [_ZN6npuchk13set_atomic_s8Ev] -> 0xffff95553388
npuchk: [_ZN6npuchk18set_cache_normreadEv] -> 0xffff956c8d44
npuchk: [_ZN6npuchk22set_cache_notwritebackEv] -> 0xffff956c8e70
npuchk: [_ZN6npuchk17set_cache_readinvEv] -> 0xffff956c8f9c
npuchk: [_ZN6npuchk18set_cache_readlastEv] -> 0xffff956c90c8
npuchk: [_ZN6npuchk16set_channel_paraEm] -> (nil)
npuchk: [_ZN6npuchk11set_cmpmaskEPv] -> 0xffff955de48c
npuchk: [_ZN6npuchk8set_condEm] -> 0xffff955d2c64
npuchk: [_ZN6npuchk18set_condition_flagEm] -> 0xffff955d2e24
npuchk: [_ZN6npuchk8set_ctrlEm] -> 0xffff955d2fe4
npuchk: [_ZN6npuchk14set_data_exp_0Em] -> 0xffff955de654
npuchk: [_ZN6npuchk14set_data_exp_1Em] -> 0xffff955de814
npuchk: [_ZN6npuchk14set_data_exp_2Em] -> 0xffff955de9d4
npuchk: [_ZN6npuchk14set_data_exp_3Em] -> 0xffff955deb94
npuchk: [_ZN6npuchk12set_deqscaleEN7float165Fp16TE] -> 0xffff955ded54
npuchk: [_ZN6npuchk12set_deqscaleEm] -> 0xffff955def28
npuchk: [_ZN6npuchk18set_elt_antiq_paraEm] -> (nil)
npuchk: [_ZN6npuchk16set_elt_src_paraEm] -> (nil)
npuchk: [_ZN6npuchk12set_fcol2imgEm] -> 0xffff956c91f4
npuchk: [_ZN6npuchk18set_ffts_base_addrEm] -> 0xffff955d31a4
npuchk: [_ZN6npuchk17set_fix_clip_reluEm] -> (nil)
npuchk: [_ZN6npuchk13set_fixp_addrEm] -> (nil)
npuchk: [_ZN6npuchk8set_flagE6pipe_tS0_7event_t] -> 0xffff955d3364
npuchk: [_ZN6npuchk8set_flagE6pipe_t7event_t] -> (nil)
npuchk: [_ZN6npuchk8set_flagE6pipe_tS0_m] -> (nil)
npuchk: [_ZN6npuchk8set_flagE6pipe_tm] -> (nil)
npuchk: [_ZN6npuchk11set_fmatrixEm] -> 0xffff955d3624
npuchk: [_ZN6npuchk13set_fmatrix_bEm] -> 0xffff955d37e4
npuchk: [_ZN6npuchk18set_fmatrix_dual_0Em] -> (nil)
npuchk: [_ZN6npuchk18set_fmatrix_dual_1Em] -> (nil)
npuchk: [_ZN6npuchk7set_fpcEm] -> 0xffff955d39a4
npuchk: [_ZN6npuchk9set_fpdeqEm] -> (nil)
npuchk: [_ZN6npuchk16set_l0_set_valueEN7float165Fp16TE] -> 0xffff955d3b64
npuchk: [_ZN6npuchk16set_l0_set_valueEj] -> 0xffff955d3d38
npuchk: [_ZN6npuchk10set_l0a_2dEPvl] -> 0xffff956c9398
npuchk: [_ZN6npuchk10set_l0a_2dEPN7float165Fp16TEl] -> 0xffff955d3ef8
npuchk: [_ZN6npuchk10set_l0a_2dEPfl] -> 0xffff955d4114
npuchk: [_ZN6npuchk10set_l0a_2dEPsl] -> 0xffff955d4334
npuchk: [_ZN6npuchk10set_l0a_2dEPil] -> 0xffff955d4550
npuchk: [_ZN6npuchk10set_l0a_2dEPtl] -> 0xffff955d4770
npuchk: [_ZN6npuchk10set_l0a_2dEPjl] -> 0xffff955d498c
npuchk: [_ZN6npuchk10set_l0b_2dEPvl] -> 0xffff956c95b4
npuchk: [_ZN6npuchk10set_l0b_2dEPN7float165Fp16TEl] -> 0xffff955d4bac
npuchk: [_ZN6npuchk10set_l0b_2dEPfl] -> 0xffff955d4dcc
npuchk: [_ZN6npuchk10set_l0b_2dEPsl] -> 0xffff955d4fec
npuchk: [_ZN6npuchk10set_l0b_2dEPil] -> 0xffff955d520c
npuchk: [_ZN6npuchk10set_l0b_2dEPtl] -> 0xffff955d542c
npuchk: [_ZN6npuchk10set_l0b_2dEPjl] -> 0xffff955d564c
npuchk: [_ZN6npuchk9set_l1_2dEPvl] -> 0xffff956c97d4
npuchk: [_ZN6npuchk9set_l1_2dEPN7float165Fp16TEl] -> 0xffff955d586c
npuchk: [_ZN6npuchk9set_l1_2dEPfl] -> 0xffff955d5a8c
npuchk: [_ZN6npuchk9set_l1_2dEPsl] -> 0xffff955d5cac
npuchk: [_ZN6npuchk9set_l1_2dEPil] -> 0xffff955d5ecc
npuchk: [_ZN6npuchk9set_l1_2dEPtl] -> 0xffff955d60ec
npuchk: [_ZN6npuchk9set_l1_2dEPjl] -> 0xffff955d630c
npuchk: [_ZN6npuchk14set_l1_3d_sizeEm] -> 0xffff955d652c
npuchk: [_ZN6npuchk11set_l3d_rptEm] -> 0xffff955d66ec
npuchk: [_ZN6npuchk14set_loop3_paraEm] -> (nil)
npuchk: [_ZN6npuchk15set_low_pre_tblEm] -> 0xffff956c99f4
npuchk: [_ZN6npuchk9set_lpcntEm] -> 0xffff955d68ac
npuchk: [_ZN6npuchk15set_lrelu_alphaEm] -> 0xffff955d6a6c
npuchk: [_ZN6npuchk15set_lrelu_alphaEN7float165Fp16TE] -> 0xffff955d6bbc
npuchk: [_ZN6npuchk15set_lrelu_alphaEf] -> 0xffff955d6d90
npuchk: [_ZN6npuchk14set_mask_countEv] -> 0xffff955d6f58
npuchk: [_ZN6npuchk13set_mask_normEv] -> 0xffff955d7084
npuchk: [_ZN6npuchk15set_mov_pad_valEm] -> 0xffff955df0e8
npuchk: [_ZN6npuchk11set_nd_paraEm] -> 0xffff955d71b0
npuchk: [_ZN6npuchk11set_paddingEm] -> 0xffff955d7370
npuchk: [_ZN6npuchk11set_paddingEN7float165Fp16TE] -> 0xffff955d7530
npuchk: [_ZN6npuchk11set_paddingEs] -> 0xffff955d7704
npuchk: [_ZN6npuchk11set_paddingEt] -> 0xffff955d78c4
npuchk: [_ZN6npuchk16set_pcie_rd_ctrlEm] -> 0xffff955df2a8
npuchk: [_ZN6npuchk16set_pcie_wr_ctrlEm] -> 0xffff955df468
npuchk: [_ZN6npuchk11set_pnt_coeEm] -> (nil)
npuchk: [_ZN6npuchk14set_quant_postEm] -> (nil)
npuchk: [_ZN6npuchk13set_quant_preEm] -> 0xffff955d7a84
npuchk: [_ZN6npuchk19set_rawheader_to_gmEPvm] -> 0xffff956c9bb4
npuchk: [_ZN6npuchk19set_rawheader_to_gmEPvtbh] -> 0xffff956c9dd0
npuchk: [_ZN6npuchk14set_relu_alphaEm] -> (nil)
npuchk: [_ZN6npuchk12set_reqscaleEm] -> (nil)
npuchk: [_ZN6npuchk14set_rpn_cor_irEm] -> (nil)
npuchk: [_ZN6npuchk14set_rpn_offsetEN7float165Fp16TE] -> 0xffff956ca088
npuchk: [_ZN6npuchk17set_safety_crc_enEm] -> (nil)
npuchk: [_ZN6npuchk19set_safety_crc_excpEm] -> (nil)
npuchk: [_ZN6npuchk15set_smask_indexEm] -> 0xffff956ca25c
npuchk: [_ZN6npuchk17set_st_atomic_cfgEm] -> 0xffff955d7c44
npuchk: [_ZN6npuchk17set_st_atomic_cfgE13atomic_type_t11atomic_op_t] -> 0xffff955d7e04
npuchk: [_ZN6npuchk13set_va_reg_sbE10ub_addr8_tPm] -> 0xffff955df628
npuchk: [_ZN6npuchk15set_vector_maskEmm] -> 0xffff955df7c0
npuchk: [_ZN6npuchk19set_vector_mask_dupEm] -> 0xffff955df980
npuchk: [_ZN6npuchk9set_vpipeEm] -> 0xffff956ca41c
npuchk: [_ZN6npuchk7set_vspEm] -> (nil)
npuchk: [_ZN6npuchk4sff0Em] -> (nil)
npuchk: [_ZN6npuchk4sff1Em] -> (nil)
npuchk: [_ZN6npuchk7sflbitsEl] -> (nil)
npuchk: [_ZN6npuchk6st_devEtPts] -> 0xffff955d8018
npuchk: [_ZN6npuchk6st_devEjPjs] -> 0xffff955d8294
npuchk: [_ZN6npuchk6st_devEmPms] -> 0xffff955d8510
npuchk: [_ZN6npuchk6st_devEhPhs] -> 0xffff955d878c
npuchk: [_ZN6npuchk21store_l1_to_out_imageEPN7float165Fp16TES2_mm] -> (nil)
npuchk: [_ZN6npuchk21store_l1_to_out_imageEPN7float165Fp16TES2_thththbhm] -> (nil)
npuchk: [_ZN6npuchk21store_l1_to_out_imageEPsS0_mm] -> (nil)
npuchk: [_ZN6npuchk21store_l1_to_out_imageEPsS0_thththbhm] -> (nil)
npuchk: [_ZN6npuchk4trapEm] -> (nil)
npuchk: [_ZN6npuchk6plt_b8ERj7Literal] -> (nil)
npuchk: [_ZN6npuchk7plt_b16ERj7Literal] -> (nil)
npuchk: [_ZN6npuchk7plt_b32ERj7Literal] -> (nil)
npuchk: [_ZN6npuchk7pltm_b8Etj] -> (nil)
npuchk: [_ZN6npuchk8pltm_b16Etj] -> (nil)
npuchk: [_ZN6npuchk8pltm_b32Etj] -> (nil)
npuchk: [_ZN6npuchk7vag_b32Et] -> (nil)
npuchk: [_ZN6npuchk7vag_b32Ett] -> (nil)
npuchk: [_ZN6npuchk7vag_b32Ettt] -> (nil)
npuchk: [_ZN6npuchk7vag_b32Etttt] -> (nil)
npuchk: [_ZN6npuchk7vag_b16Et] -> (nil)
npuchk: [_ZN6npuchk7vag_b16Ett] -> (nil)
npuchk: [_ZN6npuchk7vag_b16Ettt] -> (nil)
npuchk: [_ZN6npuchk7vag_b16Etttt] -> (nil)
npuchk: [_ZN6npuchk4trapEv] -> 0xffff955d8a14
npuchk: [_ZN6npuchk7mem_barE7Literal] -> (nil)
npuchk: [_ZN6npuchk4vaddERA64_iPiS2_h7Literal] -> (nil)
npuchk: [_ZN6npuchk4vaddERA64_jPjS2_h7Literal] -> (nil)
npuchk: [_ZN6npuchk4vaddERA128_sPsS2_h7Literal] -> (nil)
npuchk: [_ZN6npuchk4vaddERA128_tPtS2_h7Literal] -> (nil)
npuchk: [_ZN6npuchk4vaddERA256_aPaS2_h7Literal] -> (nil)
npuchk: [_ZN6npuchk4vaddERA256_hPhS2_h7Literal] -> (nil)
npuchk: [_ZN6npuchk4vaddERA64_fPfS2_h7Literal] -> (nil)
npuchk: [_ZN6npuchk4vaddERA128_N7float165Fp16TEPS1_S4_h7Literal] -> (nil)
npuchk: [_ZN6npuchk4vabsERA64_fPfh7Literal] -> (nil)
npuchk: [_ZN6npuchk4vabsERA128_N7float165Fp16TEPS1_h7Literal] -> (nil)
npuchk: [_ZN6npuchk4vabsERA256_aPah7Literal] -> (nil)
npuchk: [_ZN6npuchk4vabsERA128_sPsh7Literal] -> (nil)
npuchk: [_ZN6npuchk4vabsERA64_iPih7Literal] -> (nil)
npuchk: [_ZN6npuchk4vrecERA64_fPfh7Literal] -> (nil)
npuchk: [_ZN6npuchk4vrecERA128_N7float165Fp16TEPS1_h7Literal] -> (nil)
npuchk: [_ZN6npuchk6vrsqrtERA64_fPfh7Literal] -> (nil)
npuchk: [_ZN6npuchk6vrsqrtERA128_N7float165Fp16TEPS1_h7Literal] -> (nil)
npuchk: [_ZN6npuchk5vreluERA64_fPfh7Literal] -> (nil)
npuchk: [_ZN6npuchk5vreluERA128_N7float165Fp16TEPS1_h7Literal] -> (nil)
npuchk: [_ZN6npuchk5vreluERA64_iPih7Literal] -> (nil)
npuchk: [_ZN6npuchk5vsqrtERA64_fPfh7Literal] -> (nil)
npuchk: [_ZN6npuchk5vsqrtERA128_N7float165Fp16TEPS1_h7Literal] -> (nil)
npuchk: [_ZN6npuchk3vlnERA64_fPfh7Literal] -> (nil)
npuchk: [_ZN6npuchk3vlnERA128_N7float165Fp16TEPS1_h7Literal] -> (nil)
npuchk: [_ZN6npuchk4vexpERA64_fPfh7Literal] -> (nil)
npuchk: [_ZN6npuchk4vexpERA128_N7float165Fp16TEPS1_h7Literal] -> (nil)
npuchk: [_ZN6npuchk4vnotERA256_hPhh7Literal] -> (nil)
npuchk: [_ZN6npuchk4vnotERA256_aPah7Literal] -> (nil)
npuchk: [_ZN6npuchk4vnotERA128_tPth7Literal] -> (nil)
npuchk: [_ZN6npuchk4vnotERA128_sPsh7Literal] -> (nil)
npuchk: [_ZN6npuchk4vnotERA128_N7float165Fp16TEPS1_h7Literal] -> (nil)
npuchk: [_ZN6npuchk4vnotERA64_iPih7Literal] -> (nil)
npuchk: [_ZN6npuchk4vnotERA64_jPjh7Literal] -> (nil)
npuchk: [_ZN6npuchk4vnotERA64_fPfh7Literal] -> (nil)
npuchk: [_ZN6npuchk4pldsERhPji7Literal] -> (nil)
npuchk: [_ZN6npuchk4pldsERhRPji7LiteralS3_] -> (nil)
npuchk: [_ZN6npuchk8movp_b16Ev] -> (nil)
npuchk: [_ZN6npuchk8movp_b32Ev] -> (nil)
npuchk: [_ZN6npuchk4pstsEhPji7Literal] -> (nil)
npuchk: [_ZN6npuchk5ppackERhh7Literal] -> (nil)
npuchk: [_ZN6npuchk7punpackERhh7Literal] -> (nil)
npuchk: [_ZN6npuchk6vintlvERA256_hS1_PhS2_] -> (nil)
npuchk: [_ZN6npuchk6vintlvERA256_aS1_PaS2_] -> (nil)
npuchk: [_ZN6npuchk6vintlvERA128_N7float165Fp16TES3_PS1_S4_] -> (nil)
npuchk: [_ZN6npuchk6vintlvERA128_sS1_PsS2_] -> (nil)
npuchk: [_ZN6npuchk6vintlvERA128_tS1_PtS2_] -> (nil)
npuchk: [_ZN6npuchk6vintlvERA64_fS1_PfS2_] -> (nil)
npuchk: [_ZN6npuchk6vintlvERA64_iS1_PiS2_] -> (nil)
npuchk: [_ZN6npuchk6vintlvERA64_jS1_PjS2_] -> (nil)
npuchk: [_ZN6npuchk7vdintlvERA256_hS1_PhS2_] -> (nil)
npuchk: [_ZN6npuchk7vdintlvERA256_aS1_PaS2_] -> (nil)
npuchk: [_ZN6npuchk7vdintlvERA128_N7float165Fp16TES3_PS1_S4_] -> (nil)
npuchk: [_ZN6npuchk7vdintlvERA128_sS1_PsS2_] -> (nil)
npuchk: [_ZN6npuchk7vdintlvERA128_tS1_PtS2_] -> (nil)
npuchk: [_ZN6npuchk7vdintlvERA64_fS1_PfS2_] -> (nil)
npuchk: [_ZN6npuchk7vdintlvERA64_iS1_PiS2_] -> (nil)
npuchk: [_ZN6npuchk7vdintlvERA64_jS1_PjS2_] -> (nil)
npuchk: [_ZN6npuchk9pintlv_b8ERhS0_hh] -> (nil)
npuchk: [_ZN6npuchk10pintlv_b16ERhS0_hh] -> (nil)
npuchk: [_ZN6npuchk10pintlv_b32ERhS0_hh] -> (nil)
npuchk: [_ZN6npuchk10pdintlv_b8ERhS0_hh] -> (nil)
npuchk: [_ZN6npuchk11pdintlv_b16ERhS0_hh] -> (nil)
npuchk: [_ZN6npuchk11pdintlv_b32ERhS0_hh] -> (nil)
npuchk: [_ZN6npuchk5vsstbEPaS0_ih] -> (nil)
npuchk: [_ZN6npuchk5vsstbEPhS0_ih] -> (nil)
npuchk: [_ZN6npuchk5vsstbEPsS0_ih] -> (nil)
npuchk: [_ZN6npuchk5vsstbEPtS0_ih] -> (nil)
npuchk: [_ZN6npuchk5vsstbEPiS0_ih] -> (nil)
npuchk: [_ZN6npuchk5vsstbEPjS0_ih] -> (nil)
npuchk: [_ZN6npuchk5vsstbEPN8bfloat165Bf16TES2_ih] -> (nil)
npuchk: [_ZN6npuchk5vsstbEPN7float165Fp16TES2_ih] -> (nil)
npuchk: [_ZN6npuchk5vsstbEPfS0_ih] -> (nil)
npuchk: [_ZN6npuchk5vsstbEPaRS0_ih7Literal] -> (nil)
npuchk: [_ZN6npuchk5vsstbEPhRS0_ih7Literal] -> (nil)
npuchk: [_ZN6npuchk5vsstbEPsRS0_ih7Literal] -> (nil)
npuchk: [_ZN6npuchk5vsstbEPtRS0_ih7Literal] -> (nil)
npuchk: [_ZN6npuchk5vsstbEPiRS0_ih7Literal] -> (nil)
npuchk: [_ZN6npuchk5vsstbEPjRS0_ih7Literal] -> (nil)
npuchk: [_ZN6npuchk5vsstbEPN8bfloat165Bf16TERS2_ih7Literal] -> (nil)
npuchk: [_ZN6npuchk5vsstbEPN7float165Fp16TERS2_ih7Literal] -> (nil)
npuchk: [_ZN6npuchk5vsstbEPfRS0_ih7Literal] -> (nil)
npuchk: [_ZN6npuchk5vsldbERA256_aPaih] -> (nil)
npuchk: [_ZN6npuchk5vsldbERA256_hPhih] -> (nil)
npuchk: [_ZN6npuchk5vsldbERA128_sPsih] -> (nil)
npuchk: [_ZN6npuchk5vsldbERA128_tPtih] -> (nil)
npuchk: [_ZN6npuchk5vsldbERA64_iPiih] -> (nil)
npuchk: [_ZN6npuchk5vsldbERA64_jPjih] -> (nil)
npuchk: [_ZN6npuchk5vsldbERA32_lPlih] -> (nil)
npuchk: [_ZN6npuchk5vsldbERA128_N8bfloat165Bf16TEPS1_ih] -> (nil)
npuchk: [_ZN6npuchk5vsldbERA128_N7float165Fp16TEPS1_ih] -> (nil)
npuchk: [_ZN6npuchk5vsldbERA64_fPfih] -> (nil)
npuchk: [_ZN6npuchk5vsldbERA256_aRPaih7Literal] -> (nil)
npuchk: [_ZN6npuchk5vsldbERA256_hRPhih7Literal] -> (nil)
npuchk: [_ZN6npuchk5vsldbERA128_sRPsih7Literal] -> (nil)
npuchk: [_ZN6npuchk5vsldbERA128_tRPtih7Literal] -> (nil)
npuchk: [_ZN6npuchk5vsldbERA64_iRPiih7Literal] -> (nil)
npuchk: [_ZN6npuchk5vsldbERA64_jRPjih7Literal] -> (nil)
npuchk: [_ZN6npuchk5vsldbERA32_lRPlih7Literal] -> (nil)
npuchk: [_ZN6npuchk5vsldbERA128_N8bfloat165Bf16TERPS1_ih7Literal] -> (nil)
npuchk: [_ZN6npuchk5vsldbERA128_N7float165Fp16TERPS1_ih7Literal] -> (nil)
npuchk: [_ZN6npuchk5vsldbERA64_fRPfih7Literal] -> (nil)
npuchk: [_ZN6npuchk3vstEPaS0_i7Literalh] -> (nil)
npuchk: [_ZN6npuchk3vstEPhS0_i7Literalh] -> (nil)
npuchk: [_ZN6npuchk3vstEPsS0_i7Literalh] -> (nil)
npuchk: [_ZN6npuchk3vstEPtS0_i7Literalh] -> (nil)
npuchk: [_ZN6npuchk3vstEPiS0_i7Literalh] -> (nil)
npuchk: [_ZN6npuchk3vstEPjS0_i7Literalh] -> (nil)
npuchk: [_ZN6npuchk3vstEPmS0_i7Literalh] -> (nil)
npuchk: [_ZN6npuchk3vstEPlS0_i7Literalh] -> (nil)
npuchk: [_ZN6npuchk3vstEPN8bfloat165Bf16TES2_i7Literalh] -> (nil)
npuchk: [_ZN6npuchk3vstEPN7float165Fp16TES2_i7Literalh] -> (nil)
npuchk: [_ZN6npuchk3vstEPfS0_i7Literalh] -> (nil)
npuchk: [_ZN6npuchk3vstEPaS0_S0_i7Literalh] -> (nil)
npuchk: [_ZN6npuchk3vstEPhS0_S0_i7Literalh] -> (nil)
npuchk: [_ZN6npuchk3vstEPsS0_S0_i7Literalh] -> (nil)
npuchk: [_ZN6npuchk3vstEPtS0_S0_i7Literalh] -> (nil)
npuchk: [_ZN6npuchk3vstEPN8bfloat165Bf16TES2_S2_i7Literalh] -> (nil)
npuchk: [_ZN6npuchk3vstEPN7float165Fp16TES2_S2_i7Literalh] -> (nil)
npuchk: [_ZN6npuchk4vstsEPaS0_i7Literalh] -> (nil)
npuchk: [_ZN6npuchk4vstsEPhS0_i7Literalh] -> (nil)
npuchk: [_ZN6npuchk4vstsEPsS0_i7Literalh] -> (nil)
npuchk: [_ZN6npuchk4vstsEPtS0_i7Literalh] -> (nil)
npuchk: [_ZN6npuchk4vstsEPiS0_i7Literalh] -> (nil)
npuchk: [_ZN6npuchk4vstsEPjS0_i7Literalh] -> (nil)
npuchk: [_ZN6npuchk4vstsEPmS0_i7Literalh] -> (nil)
npuchk: [_ZN6npuchk4vstsEPlS0_i7Literalh] -> (nil)
npuchk: [_ZN6npuchk4vstsEPN8bfloat165Bf16TES2_i7Literalh] -> (nil)
npuchk: [_ZN6npuchk4vstsEPN7float165Fp16TES2_i7Literalh] -> (nil)
npuchk: [_ZN6npuchk4vstsEPfS0_i7Literalh] -> (nil)
npuchk: [_ZN6npuchk5vstuiERA32_ajPN7float165Fp16TERS4_] -> (nil)
npuchk: [_ZN6npuchk5vstuiERA32_ajPN7float165Fp16TERS4_7Literal] -> (nil)
npuchk: [_ZN6npuchk5vstuiERA32_ajPfRS2_] -> (nil)
npuchk: [_ZN6npuchk5vstuiERA32_ajPfRS2_7Literal] -> (nil)
npuchk: [_ZN6npuchk5vstusERA32_ajPN7float165Fp16TERS4_] -> (nil)
npuchk: [_ZN6npuchk5vstusERA32_ajPN7float165Fp16TERS4_7Literal] -> (nil)
npuchk: [_ZN6npuchk5vstusERA32_ajPfRS2_] -> (nil)
npuchk: [_ZN6npuchk5vstusERA32_ajPfRS2_7Literal] -> (nil)
npuchk: [_ZN6npuchk5vstaiEPaPN7float165Fp16TEi] -> (nil)
npuchk: [_ZN6npuchk5vstaiEPaRPN7float165Fp16TEi7Literal] -> (nil)
npuchk: [_ZN6npuchk5vstaiEPaPfi] -> (nil)
npuchk: [_ZN6npuchk5vstaiEPaRPfi7Literal] -> (nil)
npuchk: [_ZN6npuchk5vstasEPaPN7float165Fp16TEi] -> (nil)
npuchk: [_ZN6npuchk5vstasEPaRPN7float165Fp16TEi7Literal] -> (nil)
npuchk: [_ZN6npuchk5vstasEPaPfi] -> (nil)
npuchk: [_ZN6npuchk5vstasEPaRPfi7Literal] -> (nil)
npuchk: [_ZN6npuchk3vorERA256_hPhS2_h7Literal] -> (nil)
npuchk: [_ZN6npuchk3vorERA256_aPaS2_h7Literal] -> (nil)
npuchk: [_ZN6npuchk3vorERA128_tPtS2_h7Literal] -> (nil)
npuchk: [_ZN6npuchk3vorERA128_sPsS2_h7Literal] -> (nil)
npuchk: [_ZN6npuchk3vorERA64_iPiS2_h7Literal] -> (nil)
npuchk: [_ZN6npuchk3vorERA64_jPjS2_h7Literal] -> (nil)
npuchk: [_ZN6npuchk3vorERA64_fPfS2_h7Literal] -> (nil)
npuchk: [_ZN6npuchk3vorERA128_N7float165Fp16TEPS1_S4_h7Literal] -> (nil)
npuchk: [_ZN6npuchk4vandERA256_hPhS2_h7Literal] -> (nil)
npuchk: [_ZN6npuchk4vandERA256_aPaS2_h7Literal] -> (nil)
npuchk: [_ZN6npuchk4vandERA128_tPtS2_h7Literal] -> (nil)
npuchk: [_ZN6npuchk4vandERA128_sPsS2_h7Literal] -> (nil)
npuchk: [_ZN6npuchk4vandERA64_iPiS2_h7Literal] -> (nil)
npuchk: [_ZN6npuchk4vandERA64_jPjS2_h7Literal] -> (nil)
npuchk: [_ZN6npuchk4vandERA64_fPfS2_h7Literal] -> (nil)
npuchk: [_ZN6npuchk4vandERA128_N7float165Fp16TEPS1_S4_h7Literal] -> (nil)
npuchk: [_ZN6npuchk4vmaxERA256_hPhS2_h7Literal] -> (nil)
npuchk: [_ZN6npuchk4vmaxERA256_aPaS2_h7Literal] -> (nil)
npuchk: [_ZN6npuchk4vmaxERA128_tPtS2_h7Literal] -> (nil)
npuchk: [_ZN6npuchk4vmaxERA128_sPsS2_h7Literal] -> (nil)
npuchk: [_ZN6npuchk4vmaxERA64_iPiS2_h7Literal] -> (nil)
npuchk: [_ZN6npuchk4vmaxERA64_jPjS2_h7Literal] -> (nil)
npuchk: [_ZN6npuchk4vmaxERA64_fPfS2_h7Literal] -> (nil)
npuchk: [_ZN6npuchk4vmaxERA128_N7float165Fp16TEPS1_S4_h7Literal] -> (nil)
npuchk: [_ZN6npuchk4vminERA256_hPhS2_h7Literal] -> (nil)
npuchk: [_ZN6npuchk4vminERA256_aPaS2_h7Literal] -> (nil)
npuchk: [_ZN6npuchk4vminERA128_tPtS2_h7Literal] -> (nil)
npuchk: [_ZN6npuchk4vminERA128_sPsS2_h7Literal] -> (nil)
npuchk: [_ZN6npuchk4vminERA64_iPiS2_h7Literal] -> (nil)
npuchk: [_ZN6npuchk4vminERA64_jPjS2_h7Literal] -> (nil)
npuchk: [_ZN6npuchk4vminERA64_fPfS2_h7Literal] -> (nil)
npuchk: [_ZN6npuchk4vminERA128_N7float165Fp16TEPS1_S4_h7Literal] -> (nil)
npuchk: [_ZN6npuchk4vsubERA256_hPhS2_h7Literal] -> (nil)
npuchk: [_ZN6npuchk4vsubERA256_aPaS2_h7Literal] -> (nil)
npuchk: [_ZN6npuchk4vsubERA128_tPtS2_h7Literal] -> (nil)
npuchk: [_ZN6npuchk4vsubERA128_sPsS2_h7Literal] -> (nil)
npuchk: [_ZN6npuchk4vsubERA64_iPiS2_h7Literal] -> (nil)
npuchk: [_ZN6npuchk4vsubERA64_jPjS2_h7Literal] -> (nil)
npuchk: [_ZN6npuchk4vsubERA64_fPfS2_h7Literal] -> (nil)
npuchk: [_ZN6npuchk4vsubERA128_N7float165Fp16TEPS1_S4_h7Literal] -> (nil)
npuchk: [_ZN6npuchk4vmulERA256_hPhS2_h7Literal] -> (nil)
npuchk: [_ZN6npuchk4vmulERA256_aPaS2_h7Literal] -> (nil)
npuchk: [_ZN6npuchk4vmulERA128_tPtS2_h7Literal] -> (nil)
npuchk: [_ZN6npuchk4vmulERA128_sPsS2_h7Literal] -> (nil)
npuchk: [_ZN6npuchk4vmulERA64_iPiS2_h7Literal] -> (nil)
npuchk: [_ZN6npuchk4vmulERA64_jPjS2_h7Literal] -> (nil)
npuchk: [_ZN6npuchk4vmulERA64_fPfS2_h7Literal] -> (nil)
npuchk: [_ZN6npuchk4vmulERA128_N7float165Fp16TEPS1_S4_h7Literal] -> (nil)
npuchk: [_ZN6npuchk4vdivERA256_hPhS2_h7Literal] -> (nil)
npuchk: [_ZN6npuchk4vdivERA256_aPaS2_h7Literal] -> (nil)
npuchk: [_ZN6npuchk4vdivERA128_tPtS2_h7Literal] -> (nil)
npuchk: [_ZN6npuchk4vdivERA128_sPsS2_h7Literal] -> (nil)
npuchk: [_ZN6npuchk4vdivERA64_iPiS2_h7Literal] -> (nil)
npuchk: [_ZN6npuchk4vdivERA64_jPjS2_h7Literal] -> (nil)
npuchk: [_ZN6npuchk4vdivERA64_fPfS2_h7Literal] -> (nil)
npuchk: [_ZN6npuchk4vdivERA128_N7float165Fp16TEPS1_S4_h7Literal] -> (nil)
npuchk: [_ZN6npuchk7vcmp_eqERhPN7float165Fp16TES3_h] -> (nil)
npuchk: [_ZN6npuchk7vcmp_neERhPN7float165Fp16TES3_h] -> (nil)
npuchk: [_ZN6npuchk7vcmp_gtERhPN7float165Fp16TES3_h] -> (nil)
npuchk: [_ZN6npuchk7vcmp_geERhPN7float165Fp16TES3_h] -> (nil)
npuchk: [_ZN6npuchk7vcmp_ltERhPN7float165Fp16TES3_h] -> (nil)
npuchk: [_ZN6npuchk7vcmp_leERhPN7float165Fp16TES3_h] -> (nil)
npuchk: [_ZN6npuchk7vcmp_eqERhPfS1_h] -> (nil)
npuchk: [_ZN6npuchk7vcmp_neERhPfS1_h] -> (nil)
npuchk: [_ZN6npuchk7vcmp_gtERhPfS1_h] -> (nil)
npuchk: [_ZN6npuchk7vcmp_geERhPfS1_h] -> (nil)
npuchk: [_ZN6npuchk7vcmp_ltERhPfS1_h] -> (nil)
npuchk: [_ZN6npuchk7vcmp_leERhPfS1_h] -> (nil)
npuchk: [_ZN6npuchk4vselERA128_N7float165Fp16TEPS1_S4_h] -> (nil)
npuchk: [_ZN6npuchk4vselERA64_fPfS2_h] -> (nil)
npuchk: [_ZN6npuchk3vbrERA128_N7float165Fp16TES1_] -> (nil)
npuchk: [_ZN6npuchk3vbrERA128_tt] -> (nil)
npuchk: [_ZN6npuchk3vbrERA128_ss] -> (nil)
npuchk: [_ZN6npuchk3vbrERA64_ff] -> (nil)
npuchk: [_ZN6npuchk3vbrERA64_jj] -> (nil)
npuchk: [_ZN6npuchk3vbrERA64_ii] -> (nil)
npuchk: [_ZN6npuchk6sprclrE7Literal] -> (nil)
npuchk: [_ZN6npuchk4pmovERhhh] -> (nil)
npuchk: [_ZN6npuchk4vsqzERA128_N7float165Fp16TEPS1_h7Literal] -> (nil)
npuchk: [_ZN6npuchk4vsqzERA128_tPth7Literal] -> (nil)
npuchk: [_ZN6npuchk4vsqzERA128_sPsh7Literal] -> (nil)
npuchk: [_ZN6npuchk4vsqzERA64_fPfh7Literal] -> (nil)
npuchk: [_ZN6npuchk4vsqzERA64_jPjh7Literal] -> (nil)
npuchk: [_ZN6npuchk4vsqzERA64_iPih7Literal] -> (nil)
npuchk: [_ZN6npuchk5vsturERA32_aPN7float165Fp16TES4_7Literal] -> (nil)
npuchk: [_ZN6npuchk5vsturERA32_aPtS2_7Literal] -> (nil)
npuchk: [_ZN6npuchk5vsturERA32_aPsS2_7Literal] -> (nil)
npuchk: [_ZN6npuchk5vsturERA32_aPfS2_7Literal] -> (nil)
npuchk: [_ZN6npuchk5vsturERA32_aPjS2_7Literal] -> (nil)
npuchk: [_ZN6npuchk5vsturERA32_aPiS2_7Literal] -> (nil)
npuchk: [_ZN6npuchk5vstarEPaPN7float165Fp16TE] -> (nil)
npuchk: [_ZN6npuchk5vstarEPaPs] -> (nil)
npuchk: [_ZN6npuchk5vstarEPaPt] -> (nil)
npuchk: [_ZN6npuchk5vstarEPaPf] -> (nil)
npuchk: [_ZN6npuchk5vstarEPaPi] -> (nil)
npuchk: [_ZN6npuchk5vstarEPaPj] -> (nil)
npuchk: [_ZN6npuchk6pge_b8E7Literal] -> (nil)
npuchk: [_ZN6npuchk7pge_b16E7Literal] -> (nil)
npuchk: [_ZN6npuchk7pge_b32E7Literal] -> (nil)
npuchk: [_ZN6npuchk7pset_b8E7Literal] -> (nil)
npuchk: [_ZN6npuchk8pset_b16E7Literal] -> (nil)
npuchk: [_ZN6npuchk8pset_b32E7Literal] -> (nil)
npuchk: [_ZN6npuchk5vldasERA32_aPh] -> (nil)
npuchk: [_ZN6npuchk5vldasERA32_aPN7float165Fp16TE] -> (nil)
npuchk: [_ZN6npuchk5vldasERA32_aPt] -> (nil)
npuchk: [_ZN6npuchk5vldasERA32_aPs] -> (nil)
npuchk: [_ZN6npuchk5vldasERA32_aPf] -> (nil)
npuchk: [_ZN6npuchk5vldasERA32_aPj] -> (nil)
npuchk: [_ZN6npuchk5vldasERA32_aPi] -> (nil)
npuchk: [_ZN6npuchk5vldusERA256_hRA32_aRPhj7Literal] -> (nil)
npuchk: [_ZN6npuchk5vldusERA128_N7float165Fp16TERA32_aRPS1_j7Literal] -> (nil)
npuchk: [_ZN6npuchk5vldusERA128_tRA32_aRPtj7Literal] -> (nil)
npuchk: [_ZN6npuchk5vldusERA128_sRA32_aRPsj7Literal] -> (nil)
npuchk: [_ZN6npuchk5vldusERA64_fRA32_aRPfj7Literal] -> (nil)
npuchk: [_ZN6npuchk5vldusERA64_jRA32_aRPjj7Literal] -> (nil)
npuchk: [_ZN6npuchk5vldusERA64_iRA32_aRPij7Literal] -> (nil)
npuchk: [_ZN6npuchk4vdupERA256_hhh7Literal] -> (nil)
npuchk: [_ZN6npuchk4vdupERA256_aah7Literal] -> (nil)
npuchk: [_ZN6npuchk4vdupERA128_tth7Literal] -> (nil)
npuchk: [_ZN6npuchk4vdupERA128_ssh7Literal] -> (nil)
npuchk: [_ZN6npuchk4vdupERA64_iih7Literal] -> (nil)
npuchk: [_ZN6npuchk4vdupERA64_jjh7Literal] -> (nil)
npuchk: [_ZN6npuchk4vdupERA64_ffh7Literal] -> (nil)
npuchk: [_ZN6npuchk4vdupERA128_N7float165Fp16TES1_h7Literal] -> (nil)
npuchk: [_ZN6npuchk3vldERA256_aPai7Literal] -> (nil)
npuchk: [_ZN6npuchk3vldERA256_hPhi7Literal] -> (nil)
npuchk: [_ZN6npuchk3vldERA128_sPsi7Literal] -> (nil)
npuchk: [_ZN6npuchk3vldERA128_tPti7Literal] -> (nil)
npuchk: [_ZN6npuchk3vldERA64_iPii7Literal] -> (nil)
npuchk: [_ZN6npuchk3vldERA64_jPji7Literal] -> (nil)
npuchk: [_ZN6npuchk3vldERA32_lPli7Literal] -> (nil)
npuchk: [_ZN6npuchk3vldERA32_mPmi7Literal] -> (nil)
npuchk: [_ZN6npuchk3vldERA128_N8bfloat165Bf16TEPS1_i7Literal] -> (nil)
npuchk: [_ZN6npuchk3vldERA128_N7float165Fp16TEPS1_i7Literal] -> (nil)
npuchk: [_ZN6npuchk3vldERA64_fPfi7Literal] -> (nil)
npuchk: [_ZN6npuchk3vldERA256_aPa7Literal] -> (nil)
npuchk: [_ZN6npuchk3vldERA256_hPh7Literal] -> (nil)
npuchk: [_ZN6npuchk3vldERA128_sPs7Literal] -> (nil)
npuchk: [_ZN6npuchk3vldERA128_tPt7Literal] -> (nil)
npuchk: [_ZN6npuchk3vldERA64_iPi7Literal] -> (nil)
npuchk: [_ZN6npuchk3vldERA64_jPj7Literal] -> (nil)
npuchk: [_ZN6npuchk3vldERA32_lPl7Literal] -> (nil)
npuchk: [_ZN6npuchk3vldERA32_mPm7Literal] -> (nil)
npuchk: [_ZN6npuchk3vldERA128_N8bfloat165Bf16TEPS1_7Literal] -> (nil)
npuchk: [_ZN6npuchk3vldERA128_N7float165Fp16TEPS1_7Literal] -> (nil)
npuchk: [_ZN6npuchk3vldERA64_fPf7Literal] -> (nil)
npuchk: [_ZN6npuchk3vldERA256_aS1_Pai7Literal] -> (nil)
npuchk: [_ZN6npuchk3vldERA256_hS1_Phi7Literal] -> (nil)
npuchk: [_ZN6npuchk3vldERA128_sS1_Psi7Literal] -> (nil)
npuchk: [_ZN6npuchk3vldERA128_tS1_Pti7Literal] -> (nil)
npuchk: [_ZN6npuchk3vldERA64_iS1_Pii7Literal] -> (nil)
npuchk: [_ZN6npuchk3vldERA64_jS1_Pji7Literal] -> (nil)
npuchk: [_ZN6npuchk3vldERA32_mS1_Pmi7Literal] -> (nil)
npuchk: [_ZN6npuchk3vldERA32_lS1_Pli7Literal] -> (nil)
npuchk: [_ZN6npuchk3vldERA128_N8bfloat165Bf16TES3_PS1_i7Literal] -> (nil)
npuchk: [_ZN6npuchk3vldERA128_N7float165Fp16TES3_PS1_i7Literal] -> (nil)
npuchk: [_ZN6npuchk3vldERA64_fS1_Pfi7Literal] -> (nil)
npuchk: [_ZN6npuchk3vldERA256_aS1_Pa7Literal] -> (nil)
npuchk: [_ZN6npuchk3vldERA256_hS1_Ph7Literal] -> (nil)
npuchk: [_ZN6npuchk3vldERA128_sS1_Ps7Literal] -> (nil)
npuchk: [_ZN6npuchk3vldERA128_tS1_Pt7Literal] -> (nil)
npuchk: [_ZN6npuchk3vldERA64_iS1_Pi7Literal] -> (nil)
npuchk: [_ZN6npuchk3vldERA64_jS1_Pj7Literal] -> (nil)
npuchk: [_ZN6npuchk3vldERA32_mS1_Pm7Literal] -> (nil)
npuchk: [_ZN6npuchk3vldERA32_lS1_Pl7Literal] -> (nil)
npuchk: [_ZN6npuchk3vldERA128_N8bfloat165Bf16TES3_PS1_7Literal] -> (nil)
npuchk: [_ZN6npuchk3vldERA128_N7float165Fp16TES3_PS1_7Literal] -> (nil)
npuchk: [_ZN6npuchk3vldERA64_fS1_Pf7Literal] -> (nil)
npuchk: [_ZN6npuchk4vldsERA256_aPai7Literal] -> (nil)
npuchk: [_ZN6npuchk4vldsERA256_hPhi7Literal] -> (nil)
npuchk: [_ZN6npuchk4vldsERA128_sPsi7Literal] -> (nil)
npuchk: [_ZN6npuchk4vldsERA128_tPti7Literal] -> (nil)
npuchk: [_ZN6npuchk4vldsERA64_iPii7Literal] -> (nil)
npuchk: [_ZN6npuchk4vldsERA64_jPji7Literal] -> (nil)
npuchk: [_ZN6npuchk4vldsERA32_mPmi7Literal] -> (nil)
npuchk: [_ZN6npuchk4vldsERA32_lPli7Literal] -> (nil)
npuchk: [_ZN6npuchk4vldsERA128_N8bfloat165Bf16TEPS1_i7Literal] -> (nil)
npuchk: [_ZN6npuchk4vldsERA128_N7float165Fp16TEPS1_i7Literal] -> (nil)
npuchk: [_ZN6npuchk4vldsERA64_fPfi7Literal] -> (nil)
npuchk: [_ZN6npuchk5vaddsERA64_iPiih7Literal] -> (nil)
npuchk: [_ZN6npuchk5vaddsERA64_jPjjh7Literal] -> (nil)
npuchk: [_ZN6npuchk5vaddsERA128_sPssh7Literal] -> (nil)
npuchk: [_ZN6npuchk5vaddsERA128_tPtth7Literal] -> (nil)
npuchk: [_ZN6npuchk5vaddsERA256_aPaah7Literal] -> (nil)
npuchk: [_ZN6npuchk5vaddsERA256_hPhhh7Literal] -> (nil)
npuchk: [_ZN6npuchk5vaddsERA64_fPffh7Literal] -> (nil)
npuchk: [_ZN6npuchk5vaddsERA128_N7float165Fp16TEPS1_S1_h7Literal] -> (nil)
npuchk: [_ZN6npuchk5vmulsERA64_iPiih7Literal] -> (nil)
npuchk: [_ZN6npuchk5vmulsERA64_jPjjh7Literal] -> (nil)
npuchk: [_ZN6npuchk5vmulsERA128_sPssh7Literal] -> (nil)
npuchk: [_ZN6npuchk5vmulsERA128_tPtth7Literal] -> (nil)
npuchk: [_ZN6npuchk5vmulsERA256_aPaah7Literal] -> (nil)
npuchk: [_ZN6npuchk5vmulsERA256_hPhhh7Literal] -> (nil)
npuchk: [_ZN6npuchk5vmulsERA64_fPffh7Literal] -> (nil)
npuchk: [_ZN6npuchk5vmulsERA128_N7float165Fp16TEPS1_S1_h7Literal] -> (nil)
npuchk: [_ZN6npuchk5vmaxsERA64_iPiih7Literal] -> (nil)
npuchk: [_ZN6npuchk5vmaxsERA64_jPjjh7Literal] -> (nil)
npuchk: [_ZN6npuchk5vmaxsERA128_sPssh7Literal] -> (nil)
npuchk: [_ZN6npuchk5vmaxsERA128_tPtth7Literal] -> (nil)
npuchk: [_ZN6npuchk5vmaxsERA256_aPaah7Literal] -> (nil)
npuchk: [_ZN6npuchk5vmaxsERA256_hPhhh7Literal] -> (nil)
npuchk: [_ZN6npuchk5vmaxsERA64_fPffh7Literal] -> (nil)
npuchk: [_ZN6npuchk5vmaxsERA128_N7float165Fp16TEPS1_S1_h7Literal] -> (nil)
npuchk: [_ZN6npuchk5vminsERA64_iPiih7Literal] -> (nil)
npuchk: [_ZN6npuchk5vminsERA64_jPjjh7Literal] -> (nil)
npuchk: [_ZN6npuchk5vminsERA128_sPssh7Literal] -> (nil)
npuchk: [_ZN6npuchk5vminsERA128_tPtth7Literal] -> (nil)
npuchk: [_ZN6npuchk5vminsERA256_aPaah7Literal] -> (nil)
npuchk: [_ZN6npuchk5vminsERA256_hPhhh7Literal] -> (nil)
npuchk: [_ZN6npuchk5vminsERA64_fPffh7Literal] -> (nil)
npuchk: [_ZN6npuchk5vminsERA128_N7float165Fp16TEPS1_S1_h7Literal] -> (nil)
npuchk: [_ZN6npuchk5vshlsERA64_iPish7Literal] -> (nil)
npuchk: [_ZN6npuchk5vshlsERA64_jPjsh7Literal] -> (nil)
npuchk: [_ZN6npuchk5vshlsERA128_sPssh7Literal] -> (nil)
npuchk: [_ZN6npuchk5vshlsERA128_tPtsh7Literal] -> (nil)
npuchk: [_ZN6npuchk5vshlsERA256_aPash7Literal] -> (nil)
npuchk: [_ZN6npuchk5vshlsERA256_hPhsh7Literal] -> (nil)
npuchk: [_ZN6npuchk5vshrsERA64_iPish7Literal] -> (nil)
npuchk: [_ZN6npuchk5vshrsERA64_jPjsh7Literal] -> (nil)
npuchk: [_ZN6npuchk5vshrsERA128_sPssh7Literal] -> (nil)
npuchk: [_ZN6npuchk5vshrsERA128_tPtsh7Literal] -> (nil)
npuchk: [_ZN6npuchk5vshrsERA256_aPash7Literal] -> (nil)
npuchk: [_ZN6npuchk5vshrsERA256_hPhsh7Literal] -> (nil)
npuchk: [_ZN6npuchk6vlreluERA64_fPffh7Literal] -> (nil)
npuchk: [_ZN6npuchk6vlreluERA128_N7float165Fp16TEPS1_S1_h7Literal] -> (nil)
npuchk: [_ZN6npuchk10use_pipe_vEv] -> 0xffff956ca5dc
npuchk: [_ZN6npuchk11use_pipe_v2Ev] -> 0xffff956ca758
npuchk: [_ZN6npuchk8v4dtransEPtS0_m] -> 0xffff956ca8d8
npuchk: [_ZN6npuchk8v4dtransEPtS0_ttb] -> 0xffff956cab68
npuchk: [_ZN6npuchk8v4dtransEPjS0_m] -> 0xffff956cae88
npuchk: [_ZN6npuchk8v4dtransEPjS0_ttb] -> 0xffff956cb118
npuchk: [_ZN6npuchk8v4dtransEPhS0_m] -> 0xffff956cb438
npuchk: [_ZN6npuchk8v4dtransEPhS0_ttb] -> 0xffff956cb6c8
npuchk: [_ZN6npuchk5vaaddEPN7float165Fp16TES2_S2_m] -> 0xffff956cb9e8
npuchk: [_ZN6npuchk5vaaddEPN7float165Fp16TES2_S2_hhhhhhh] -> (nil)
npuchk: [_ZN6npuchk5vaaddEPN7float165Fp16TES2_S2_hhhhhhhbb] -> (nil)
npuchk: [_ZN6npuchk5vaaddEPfS0_S0_m] -> 0xffff956cbcd8
npuchk: [_ZN6npuchk5vaaddEPfS0_S0_hhhhhhh] -> (nil)
npuchk: [_ZN6npuchk5vaaddEPfS0_S0_hhhhhhhbb] -> (nil)
npuchk: [_ZN6npuchk4vabsEPN7float165Fp16TES2_m] -> 0xffff955dfacc
npuchk: [_ZN6npuchk4vabsEPN7float165Fp16TES2_htthh] -> 0xffff955dfd5c
npuchk: [_ZN6npuchk4vabsEPN7float165Fp16TES2_htthhbb] -> 0xffff956cbfc8
npuchk: [_ZN6npuchk4vabsEPN7float165Fp16TES2_htttt] -> 0xffff955e0130
npuchk: [_ZN6npuchk4vabsEPfS0_m] -> 0xffff955e0518
npuchk: [_ZN6npuchk4vabsEPfS0_htthh] -> 0xffff955e07a8
npuchk: [_ZN6npuchk4vabsEPfS0_htthhbb] -> 0xffff956cc428
npuchk: [_ZN6npuchk4vabsEPfS0_htttt] -> 0xffff955e0b7c
npuchk: [_ZN6npuchk4vabsEPsS0_m] -> (nil)
npuchk: [_ZN6npuchk4vabsEPsS0_htthh] -> (nil)
npuchk: [_ZN6npuchk4vabsEPsS0_htthhbb] -> (nil)
npuchk: [_ZN6npuchk4vabsEPsS0_htttt] -> (nil)
npuchk: [_ZN6npuchk4vaddEPN7float165Fp16TES2_S2_m] -> 0xffff955e0f64
npuchk: [_ZN6npuchk4vaddEPN7float165Fp16TES2_S2_hhhhhhh] -> 0xffff955e1250
npuchk: [_ZN6npuchk4vaddEPN7float165Fp16TES2_S2_hhhhhhhbb] -> 0xffff956cc888
npuchk: [_ZN6npuchk4vaddEPfS0_S0_hhhhhhh] -> 0xffff955e1738
npuchk: [_ZN6npuchk4vaddEPfS0_S0_hhhhhhhbb] -> 0xffff956ccdf8
npuchk: [_ZN6npuchk4vaddEPsS0_S0_m] -> 0xffff955e1c20
npuchk: [_ZN6npuchk4vaddEPsS0_S0_hhhhhhh] -> 0xffff955e1f0c
npuchk: [_ZN6npuchk4vaddEPsS0_S0_hhhhhhhbb] -> 0xffff956cd368
npuchk: [_ZN6npuchk4vaddEPiS0_S0_m] -> 0xffff955e23f4
npuchk: [_ZN6npuchk4vaddEPiS0_S0_hhhhhhh] -> 0xffff955e26e0
npuchk: [_ZN6npuchk4vaddEPiS0_S0_hhhhhhhbb] -> 0xffff956cd8d8
npuchk: [_ZN6npuchk11vadddeqreluEPN7float165Fp16TEPiS3_m] -> 0xffff956cde48
npuchk: [_ZN6npuchk11vadddeqreluEPN7float165Fp16TEPiS3_hhhhhhh] -> 0xffff956ce138
npuchk: [_ZN6npuchk11vadddeqreluEPN7float165Fp16TEPiS3_hhhhhhhbb] -> 0xffff956ce624
npuchk: [_ZN6npuchk8vaddreluEPN7float165Fp16TES2_S2_m] -> 0xffff955e2bc8
npuchk: [_ZN6npuchk8vaddreluEPN7float165Fp16TES2_S2_hhhhhhhbb] -> 0xffff956ceb98
npuchk: [_ZN6npuchk8vaddreluEPN7float165Fp16TES2_S2_hhhhhhh] -> 0xffff955e2eb4
npuchk: [_ZN6npuchk8vaddreluEPfS0_S0_m] -> 0xffff955e339c
npuchk: [_ZN6npuchk8vaddreluEPfS0_S0_hhhhhhhbb] -> 0xffff956cf108
npuchk: [_ZN6npuchk8vaddreluEPfS0_S0_hhhhhhh] -> 0xffff955e3688
npuchk: [_ZN6npuchk8vaddreluEPsS0_S0_m] -> 0xffff955e3b70
npuchk: [_ZN6npuchk8vaddreluEPsS0_S0_hhhhhhhbb] -> 0xffff956cf678
npuchk: [_ZN6npuchk8vaddreluEPsS0_S0_hhhhhhh] -> 0xffff955e3e5c
npuchk: [_ZN6npuchk19vaddreluconv_f162s8EPaPN7float165Fp16TES3_mb] -> 0xffff955e4344
npuchk: [_ZN6npuchk19vaddreluconv_f162s8EPaPN7float165Fp16TES3_hhhhhhhbbb] -> 0xffff956cfbe8
npuchk: [_ZN6npuchk19vaddreluconv_f162s8EPaPN7float165Fp16TES3_hhhhhhhb] -> 0xffff955e4690
npuchk: [_ZN6npuchk20vaddreluconv_f322f16EPN7float165Fp16TEPfS3_mb] -> 0xffff955e4bd4
npuchk: [_ZN6npuchk20vaddreluconv_f322f16EPN7float165Fp16TEPfS3_hhhhhhhbbb] -> 0xffff956d01b4
npuchk: [_ZN6npuchk20vaddreluconv_f322f16EPN7float165Fp16TEPfS3_hhhhhhhb] -> 0xffff955e4f20
npuchk: [_ZN6npuchk19vaddreluconv_s162s8EPaPsS1_mb] -> 0xffff955e5464
npuchk: [_ZN6npuchk19vaddreluconv_s162s8EPaPsS1_hhhhhhhbbb] -> 0xffff956d0780
npuchk: [_ZN6npuchk19vaddreluconv_s162s8EPaPsS1_hhhhhhhb] -> 0xffff955e57b0
npuchk: [_ZN6npuchk23vaddreluconv_vdeqs162b8EPaPsS1_mb] -> (nil)
npuchk: [_ZN6npuchk23vaddreluconv_vdeqs162b8EPhPsS1_mb] -> (nil)
npuchk: [_ZN6npuchk23vaddreluconv_vdeqs162b8EPhPsS1_hhhhhhhbbb] -> (nil)
npuchk: [_ZN6npuchk23vaddreluconv_vdeqs162b8EPhPsS1_hhhhhhhb] -> (nil)
npuchk: [_ZN6npuchk23vaddreluconv_vdeqs162b8EPaPsS1_hhhhhhhbbb] -> (nil)
npuchk: [_ZN6npuchk23vaddreluconv_vdeqs162b8EPaPsS1_hhhhhhhb] -> (nil)
npuchk: [_ZN6npuchk5vaddsEPN7float165Fp16TES2_S1_m] -> 0xffff955e5cf4
npuchk: [_ZN6npuchk5vaddsEPN7float165Fp16TES2_S1_htthh] -> 0xffff955e5fec
npuchk: [_ZN6npuchk5vaddsEPN7float165Fp16TES2_S1_htthhbb] -> 0xffff956d0d4c
npuchk: [_ZN6npuchk5vaddsEPN7float165Fp16TES2_S1_htttt] -> 0xffff955e6428
npuchk: [_ZN6npuchk5vaddsEPfS0_fm] -> 0xffff955e6878
npuchk: [_ZN6npuchk5vaddsEPfS0_fhtthh] -> 0xffff955e6b64
npuchk: [_ZN6npuchk5vaddsEPfS0_fhtthhbb] -> 0xffff956d1210
npuchk: [_ZN6npuchk5vaddsEPfS0_fhtttt] -> 0xffff955e6f94
npuchk: [_ZN6npuchk5vaddsEPsS0_sm] -> 0xffff955e73d8
npuchk: [_ZN6npuchk5vaddsEPsS0_shtthh] -> 0xffff955e76bc
npuchk: [_ZN6npuchk5vaddsEPsS0_shtthhbb] -> 0xffff956d16cc
npuchk: [_ZN6npuchk5vaddsEPsS0_shtttt] -> 0xffff955e7ae4
npuchk: [_ZN6npuchk5vaddsEPiS0_im] -> 0xffff955e7f20
npuchk: [_ZN6npuchk5vaddsEPiS0_ihtthh] -> 0xffff955e8204
npuchk: [_ZN6npuchk5vaddsEPiS0_ihtthhbb] -> 0xffff956d1b7c
npuchk: [_ZN6npuchk5vaddsEPiS0_ihtttt] -> 0xffff955e862c
npuchk: [_ZN6npuchk4vandEPsS0_S0_m] -> 0xffff955e8a68
npuchk: [_ZN6npuchk4vandEPsS0_S0_hhhhhhh] -> 0xffff955e8d58
npuchk: [_ZN6npuchk4vandEPsS0_S0_hhhhhhhbb] -> 0xffff956d202c
npuchk: [_ZN6npuchk4vandEPtS0_S0_m] -> 0xffff955e9244
npuchk: [_ZN6npuchk4vandEPtS0_S0_hhhhhhh] -> 0xffff955e9534
npuchk: [_ZN6npuchk4vandEPtS0_S0_hhhhhhhbb] -> 0xffff956d25a0
npuchk: [_ZN6npuchk5vaxpyEPN7float165Fp16TES2_S1_m] -> 0xffff955e9a20
npuchk: [_ZN6npuchk5vaxpyEPN7float165Fp16TES2_S1_htthh] -> 0xffff955e9d18
npuchk: [_ZN6npuchk5vaxpyEPN7float165Fp16TES2_S1_htthhbb] -> 0xffff956d2b14
npuchk: [_ZN6npuchk5vaxpyEPN7float165Fp16TES2_S1_htttt] -> 0xffff955ea154
npuchk: [_ZN6npuchk5vaxpyEPfS0_fm] -> 0xffff955ea5a4
npuchk: [_ZN6npuchk5vaxpyEPfS0_fhtthh] -> 0xffff955ea890
npuchk: [_ZN6npuchk5vaxpyEPfS0_fhtthhbb] -> 0xffff956d2fd8
npuchk: [_ZN6npuchk5vaxpyEPfS0_fhtttt] -> 0xffff955eacc0
npuchk: [_ZN6npuchk5vaxpyEPfPN7float165Fp16TES2_m] -> 0xffff955eb104
npuchk: [_ZN6npuchk5vaxpyEPfPN7float165Fp16TES2_htthh] -> 0xffff955eb3fc
npuchk: [_ZN6npuchk5vaxpyEPfPN7float165Fp16TES2_htthhbb] -> 0xffff956d3494
npuchk: [_ZN6npuchk5vaxpyEPfPN7float165Fp16TES2_htttt] -> 0xffff955eb838
npuchk: [_ZN6npuchk3vbiEPN7float165Fp16TEPtS2_m] -> 0xffff956d3958
npuchk: [_ZN6npuchk3vbiEPN7float165Fp16TEPtS2_hbtth] -> 0xffff956d3c40
npuchk: [_ZN6npuchk8vbitsortEPN7float165Fp16TES2_m] -> 0xffff956d4060
npuchk: [_ZN6npuchk8vbitsortEPN7float165Fp16TES2_htthh] -> (nil)
npuchk: [_ZN6npuchk8vbitsortEPN7float165Fp16TES2_htthhbb] -> (nil)
npuchk: [_ZN6npuchk8vbitsortEPfS0_m] -> 0xffff956d42f4
npuchk: [_ZN6npuchk8vbitsortEPfS0_htthh] -> (nil)
npuchk: [_ZN6npuchk8vbitsortEPfS0_htthhbb] -> (nil)
npuchk: [_ZN6npuchk8vbitsortEPN7float165Fp16TES2_Pjm] -> 0xffff955ebc88
npuchk: [_ZN6npuchk8vbitsortEPN7float165Fp16TES2_Pjhhhhhhhbb] -> (nil)
npuchk: [_ZN6npuchk8vbitsortEPfS0_Pjm] -> 0xffff955ebf7c
npuchk: [_ZN6npuchk8vbitsortEPfS0_Pjhhhhhhhbb] -> (nil)
npuchk: [_ZN6npuchk8vbitsortEPN7float165Fp16TES2_Pjhhhhhhh] -> (nil)
npuchk: [_ZN6npuchk8vbitsortEPfS0_Pjhhhhhhh] -> (nil)
npuchk: [_ZN6npuchk5vbrcbEPtS0_m] -> 0xffff955ec270
npuchk: [_ZN6npuchk5vbrcbEPtS0_tth] -> 0xffff955ec500
npuchk: [_ZN6npuchk5vbrcbEPjS0_m] -> 0xffff955ec858
npuchk: [_ZN6npuchk5vbrcbEPjS0_tth] -> 0xffff955ecae8
npuchk: [_ZN6npuchk5vcaddEPN7float165Fp16TES2_m] -> 0xffff956d4588
npuchk: [_ZN6npuchk5vcaddEPN7float165Fp16TES2_httt] -> 0xffff956d4818
npuchk: [_ZN6npuchk5vcaddEPN7float165Fp16TES2_htttbb] -> 0xffff956d4b8c
npuchk: [_ZN6npuchk5vcaddEPN7float165Fp16TES2_mb] -> 0xffff955ece40
npuchk: [_ZN6npuchk5vcaddEPN7float165Fp16TES2_htttb] -> 0xffff955ed134
npuchk: [_ZN6npuchk5vcaddEPfS0_m] -> 0xffff956d4f90
npuchk: [_ZN6npuchk5vcaddEPfS0_httt] -> 0xffff956d5220
npuchk: [_ZN6npuchk5vcaddEPfS0_htttbb] -> 0xffff956d5594
npuchk: [_ZN6npuchk5vcaddEPfS0_mb] -> 0xffff955ed50c
npuchk: [_ZN6npuchk5vcaddEPfS0_htttb] -> 0xffff955ed800
npuchk: [_ZN6npuchk5vcaddERA128_N7float165Fp16TEPS1_h7Literal] -> (nil)
npuchk: [_ZN6npuchk5vcaddERA64_fPfh7Literal] -> (nil)
npuchk: [_ZN6npuchk5vcmaxERA128_N7float165Fp16TEPS1_h7Literal] -> (nil)
npuchk: [_ZN6npuchk5vcmaxERA64_fPfh7Literal] -> (nil)
npuchk: [_ZN6npuchk5vcminERA128_N7float165Fp16TEPS1_h7Literal] -> (nil)
npuchk: [_ZN6npuchk5vcminERA64_fPfh7Literal] -> (nil)
npuchk: [_ZN6npuchk12vcbd_s162s32EPiPsm] -> (nil)
npuchk: [_ZN6npuchk12vcbd_s162s32EPiPshtthhbb] -> (nil)
npuchk: [_ZN6npuchk12vcbd_s162u32EPjPsm] -> (nil)
npuchk: [_ZN6npuchk12vcbd_s162u32EPjPshtthhbb] -> (nil)
npuchk: [_ZN6npuchk11vcbd_s162u8EPhPsm] -> (nil)
npuchk: [_ZN6npuchk11vcbd_s162u8EPhPshtthhbb] -> (nil)
npuchk: [_ZN6npuchk12vcbd_s322s16EPsPim] -> 0xffff956d5998
npuchk: [_ZN6npuchk12vcbd_s322s16EPsPihtthhbb] -> 0xffff956d5c28
npuchk: [_ZN6npuchk12vcbd_s322u16EPtPim] -> (nil)
npuchk: [_ZN6npuchk12vcbd_s322u16EPtPihtthhbb] -> (nil)
npuchk: [_ZN6npuchk11vcbd_s322u8EPhPim] -> (nil)
npuchk: [_ZN6npuchk11vcbd_s322u8EPhPihtthhbb] -> (nil)
npuchk: [_ZN6npuchk12vcbd_u162s32EPiPtm] -> (nil)
npuchk: [_ZN6npuchk12vcbd_u162s32EPiPthtthhbb] -> (nil)
npuchk: [_ZN6npuchk12vcbd_u162u32EPjPtm] -> (nil)
npuchk: [_ZN6npuchk12vcbd_u162u32EPjPthtthhbb] -> (nil)
npuchk: [_ZN6npuchk11vcbd_u162u8EPhPtm] -> (nil)
npuchk: [_ZN6npuchk11vcbd_u162u8EPhPthtthhbb] -> (nil)
npuchk: [_ZN6npuchk12vcbd_u322s16EPsPjm] -> (nil)
npuchk: [_ZN6npuchk12vcbd_u322s16EPsPjhtthhbb] -> (nil)
npuchk: [_ZN6npuchk12vcbd_u322u16EPtPjm] -> (nil)
npuchk: [_ZN6npuchk12vcbd_u322u16EPtPjhtthhbb] -> (nil)
npuchk: [_ZN6npuchk11vcbd_u322u8EPhPjm] -> (nil)
npuchk: [_ZN6npuchk11vcbd_u322u8EPhPjhtthhbb] -> (nil)
npuchk: [_ZN6npuchk11vcbd_u82s16EPsPhm] -> (nil)
npuchk: [_ZN6npuchk11vcbd_u82s16EPsPhhtthhbb] -> (nil)
npuchk: [_ZN6npuchk11vcbd_u82s32EPiPhm] -> (nil)
npuchk: [_ZN6npuchk11vcbd_u82s32EPiPhhtthhbb] -> (nil)
npuchk: [_ZN6npuchk11vcbd_u82u16EPtPhm] -> (nil)
npuchk: [_ZN6npuchk11vcbd_u82u16EPtPhhtthhbb] -> (nil)
npuchk: [_ZN6npuchk11vcbd_u82u32EPjPhm] -> (nil)
npuchk: [_ZN6npuchk11vcbd_u82u32EPjPhhtthhbb] -> (nil)
npuchk: [_ZN6npuchk6vcgaddEPN7float165Fp16TES2_m] -> 0xffff955edbd8
npuchk: [_ZN6npuchk6vcgaddEPN7float165Fp16TES2_httt] -> 0xffff955ede68
npuchk: [_ZN6npuchk6vcgaddEPN7float165Fp16TES2_htttbb] -> 0xffff956d6088
npuchk: [_ZN6npuchk6vcgaddEPfS0_m] -> 0xffff955ee1dc
npuchk: [_ZN6npuchk6vcgaddEPfS0_httt] -> 0xffff955ee46c
npuchk: [_ZN6npuchk6vcgaddEPfS0_htttbb] -> 0xffff956d648c
npuchk: [_ZN6npuchk6vcgaddERA128_N7float165Fp16TEPS1_h7Literal] -> (nil)
npuchk: [_ZN6npuchk6vcgaddERA64_fPfh7Literal] -> (nil)
npuchk: [_ZN6npuchk6vcgmaxERA128_N7float165Fp16TEPS1_h7Literal] -> (nil)
npuchk: [_ZN6npuchk6vcgmaxERA64_fPfh7Literal] -> (nil)
npuchk: [_ZN6npuchk6vcgminERA128_N7float165Fp16TEPS1_h7Literal] -> (nil)
npuchk: [_ZN6npuchk6vcgminERA64_fPfh7Literal] -> (nil)
npuchk: [_ZN6npuchk6vcpaddERA128_N7float165Fp16TEPS1_h7Literal] -> (nil)
npuchk: [_ZN6npuchk6vcpaddERA64_fPfh7Literal] -> (nil)
npuchk: [_ZN6npuchk6vcgmaxEPN7float165Fp16TES2_m] -> 0xffff955ee7e0
npuchk: [_ZN6npuchk6vcgmaxEPN7float165Fp16TES2_httt] -> 0xffff955eea70
npuchk: [_ZN6npuchk6vcgmaxEPN7float165Fp16TES2_htttbb] -> 0xffff956d6890
npuchk: [_ZN6npuchk6vcgmaxEPfS0_m] -> 0xffff955eede4
npuchk: [_ZN6npuchk6vcgmaxEPfS0_httt] -> 0xffff955ef074
npuchk: [_ZN6npuchk6vcgmaxEPfS0_htttbb] -> 0xffff956d6c94
npuchk: [_ZN6npuchk6vcgminEPN7float165Fp16TES2_m] -> 0xffff955ef3e8
npuchk: [_ZN6npuchk6vcgminEPN7float165Fp16TES2_httt] -> 0xffff955ef678
npuchk: [_ZN6npuchk6vcgminEPN7float165Fp16TES2_htttbb] -> 0xffff956d7098
npuchk: [_ZN6npuchk6vcgminEPfS0_m] -> 0xffff955ef9ec
npuchk: [_ZN6npuchk6vcgminEPfS0_httt] -> 0xffff955efc7c
npuchk: [_ZN6npuchk6vcgminEPfS0_htttbb] -> 0xffff956d749c
npuchk: [_ZN6npuchk3vciEPN7float165Fp16TES1_m] -> (nil)
npuchk: [_ZN6npuchk3vciEPN7float165Fp16TES1_hthbb] -> (nil)
npuchk: [_ZN6npuchk3vciEPffm] -> (nil)
npuchk: [_ZN6npuchk3vciEPffhthbb] -> (nil)
npuchk: [_ZN6npuchk3vciEPssm] -> (nil)
npuchk: [_ZN6npuchk3vciEPsshthbb] -> (nil)
npuchk: [_ZN6npuchk3vciEPiim] -> (nil)
npuchk: [_ZN6npuchk3vciEPiihthbb] -> (nil)
npuchk: [_ZN6npuchk5vcmaxEPN7float165Fp16TES2_m] -> 0xffff956d78a0
npuchk: [_ZN6npuchk5vcmaxEPN7float165Fp16TES2_httt] -> 0xffff956d7b30
npuchk: [_ZN6npuchk5vcmaxEPN7float165Fp16TES2_htttbb] -> 0xffff956d7ea4
npuchk: [_ZN6npuchk5vcmaxEPN7float165Fp16TES2_mb] -> 0xffff956d82a8
npuchk: [_ZN6npuchk5vcmaxEPN7float165Fp16TES2_htttbbb] -> 0xffff956d859c
npuchk: [_ZN6npuchk5vcmaxEPN7float165Fp16TES2_m7Order_t] -> 0xffff955efff0
npuchk: [_ZN6npuchk5vcmaxEPN7float165Fp16TES2_httt7Order_t] -> 0xffff955f02ec
npuchk: [_ZN6npuchk5vcmaxEPfS0_mb] -> 0xffff956d8a00
npuchk: [_ZN6npuchk5vcmaxEPfS0_htttbbb] -> 0xffff956d8cf4
npuchk: [_ZN6npuchk5vcmaxEPfS0_m7Order_t] -> 0xffff955f06cc
npuchk: [_ZN6npuchk5vcmaxEPfS0_httt7Order_t] -> 0xffff955f09c8
npuchk: [_ZN6npuchk5vcmaxEPtS0_mb] -> (nil)
npuchk: [_ZN6npuchk5vcmaxEPtS0_htttbbb] -> (nil)
npuchk: [_ZN6npuchk5vcminEPN7float165Fp16TES2_m] -> 0xffff956d9158
npuchk: [_ZN6npuchk5vcminEPN7float165Fp16TES2_httt] -> 0xffff956d93e8
npuchk: [_ZN6npuchk5vcminEPN7float165Fp16TES2_htttbb] -> 0xffff956d975c
npuchk: [_ZN6npuchk5vcminEPN7float165Fp16TES2_mb] -> 0xffff956d9b60
npuchk: [_ZN6npuchk5vcminEPN7float165Fp16TES2_htttbbb] -> 0xffff956d9e54
npuchk: [_ZN6npuchk5vcminEPN7float165Fp16TES2_m7Order_t] -> 0xffff955f0da8
npuchk: [_ZN6npuchk5vcminEPN7float165Fp16TES2_httt7Order_t] -> 0xffff955f10a4
npuchk: [_ZN6npuchk5vcminEPfS0_mb] -> 0xffff956da2b8
npuchk: [_ZN6npuchk5vcminEPfS0_htttbbb] -> 0xffff956da5ac
npuchk: [_ZN6npuchk5vcminEPfS0_m7Order_t] -> 0xffff955f1484
npuchk: [_ZN6npuchk5vcminEPfS0_httt7Order_t] -> 0xffff955f1780
npuchk: [_ZN6npuchk5vcminEPtS0_mb] -> (nil)
npuchk: [_ZN6npuchk5vcminEPtS0_htttbbb] -> (nil)
npuchk: [_ZN6npuchk7vcmp_eqEPN7float165Fp16TES2_m] -> 0xffff955f1b60
npuchk: [_ZN6npuchk7vcmp_eqEPN7float165Fp16TES2_hhhhhhh] -> 0xffff955f1dec
npuchk: [_ZN6npuchk7vcmp_eqEPN7float165Fp16TES2_hhhhhhhbb] -> 0xffff956daa10
npuchk: [_ZN6npuchk7vcmp_eqEPfS0_m] -> 0xffff955f2278
npuchk: [_ZN6npuchk7vcmp_eqEPfS0_hhhhhhh] -> 0xffff955f2504
npuchk: [_ZN6npuchk7vcmp_eqEPfS0_hhhhhhhbb] -> 0xffff956daf24
npuchk: [_ZN6npuchk7vcmp_eqEPtS0_m] -> (nil)
npuchk: [_ZN6npuchk7vcmp_eqEPtS0_hhhhhhh] -> (nil)
npuchk: [_ZN6npuchk7vcmp_eqEPtS0_hhhhhhhbb] -> (nil)
npuchk: [_ZN6npuchk7vcmp_geEPN7float165Fp16TES2_m] -> 0xffff955f2990
npuchk: [_ZN6npuchk7vcmp_geEPN7float165Fp16TES2_hhhhhhh] -> 0xffff955f2c1c
npuchk: [_ZN6npuchk7vcmp_geEPN7float165Fp16TES2_hhhhhhhbb] -> 0xffff956db438
npuchk: [_ZN6npuchk7vcmp_geEPfS0_m] -> 0xffff955f30a8
npuchk: [_ZN6npuchk7vcmp_geEPfS0_hhhhhhh] -> 0xffff955f3334
npuchk: [_ZN6npuchk7vcmp_geEPfS0_hhhhhhhbb] -> 0xffff956db94c
npuchk: [_ZN6npuchk7vcmp_geEPtS0_m] -> (nil)
npuchk: [_ZN6npuchk7vcmp_geEPtS0_hhhhhhh] -> (nil)
npuchk: [_ZN6npuchk7vcmp_geEPtS0_hhhhhhhbb] -> (nil)
npuchk: [_ZN6npuchk7vcmp_gtEPN7float165Fp16TES2_m] -> 0xffff955f37c0
npuchk: [_ZN6npuchk7vcmp_gtEPN7float165Fp16TES2_hhhhhhh] -> 0xffff955f3a4c
npuchk: [_ZN6npuchk7vcmp_gtEPN7float165Fp16TES2_hhhhhhhbb] -> 0xffff956dbe60
npuchk: [_ZN6npuchk7vcmp_gtEPfS0_m] -> 0xffff955f3ed8
npuchk: [_ZN6npuchk7vcmp_gtEPfS0_hhhhhhh] -> 0xffff955f4164
npuchk: [_ZN6npuchk7vcmp_gtEPfS0_hhhhhhhbb] -> 0xffff956dc374
npuchk: [_ZN6npuchk7vcmp_gtEPtS0_m] -> (nil)
npuchk: [_ZN6npuchk7vcmp_gtEPtS0_hhhhhhh] -> (nil)
npuchk: [_ZN6npuchk7vcmp_gtEPtS0_hhhhhhhbb] -> (nil)
npuchk: [_ZN6npuchk7vcmp_leEPN7float165Fp16TES2_m] -> 0xffff955f45f0
npuchk: [_ZN6npuchk7vcmp_leEPN7float165Fp16TES2_hhhhhhh] -> 0xffff955f487c
npuchk: [_ZN6npuchk7vcmp_leEPN7float165Fp16TES2_hhhhhhhbb] -> 0xffff956dc888
npuchk: [_ZN6npuchk7vcmp_leEPfS0_m] -> 0xffff955f4d08
npuchk: [_ZN6npuchk7vcmp_leEPfS0_hhhhhhh] -> 0xffff955f4f94
npuchk: [_ZN6npuchk7vcmp_leEPfS0_hhhhhhhbb] -> 0xffff956dcd9c
npuchk: [_ZN6npuchk7vcmp_leEPtS0_m] -> (nil)
npuchk: [_ZN6npuchk7vcmp_leEPtS0_hhhhhhh] -> (nil)
npuchk: [_ZN6npuchk7vcmp_leEPtS0_hhhhhhhbb] -> (nil)
npuchk: [_ZN6npuchk7vcmp_ltEPN7float165Fp16TES2_m] -> 0xffff955f5420
npuchk: [_ZN6npuchk7vcmp_ltEPN7float165Fp16TES2_hhhhhhh] -> 0xffff955f56ac
npuchk: [_ZN6npuchk7vcmp_ltEPN7float165Fp16TES2_hhhhhhhbb] -> 0xffff956dd2b0
npuchk: [_ZN6npuchk7vcmp_ltEPfS0_m] -> 0xffff955f5b38
npuchk: [_ZN6npuchk7vcmp_ltEPfS0_hhhhhhh] -> 0xffff955f5dc4
npuchk: [_ZN6npuchk7vcmp_ltEPfS0_hhhhhhhbb] -> 0xffff956dd7c4
npuchk: [_ZN6npuchk7vcmp_ltEPtS0_m] -> (nil)
npuchk: [_ZN6npuchk7vcmp_ltEPtS0_hhhhhhh] -> (nil)
npuchk: [_ZN6npuchk7vcmp_ltEPtS0_hhhhhhhbb] -> (nil)
npuchk: [_ZN6npuchk7vcmp_neEPN7float165Fp16TES2_m] -> 0xffff955f6250
npuchk: [_ZN6npuchk7vcmp_neEPN7float165Fp16TES2_hhhhhhh] -> 0xffff955f64dc
npuchk: [_ZN6npuchk7vcmp_neEPN7float165Fp16TES2_hhhhhhhbb] -> 0xffff956ddcd8
npuchk: [_ZN6npuchk7vcmp_neEPfS0_m] -> 0xffff955f6968
npuchk: [_ZN6npuchk7vcmp_neEPfS0_hhhhhhh] -> 0xffff955f6bf4
npuchk: [_ZN6npuchk7vcmp_neEPfS0_hhhhhhhbb] -> 0xffff956de1ec
npuchk: [_ZN6npuchk7vcmp_neEPtS0_m] -> (nil)
npuchk: [_ZN6npuchk7vcmp_neEPtS0_hhhhhhh] -> (nil)
npuchk: [_ZN6npuchk7vcmp_neEPtS0_hhhhhhhbb] -> (nil)
npuchk: [_ZN6npuchk8vcmpv_eqEPhPN7float165Fp16TES3_m] -> 0xffff955f7080
npuchk: [_ZN6npuchk8vcmpv_eqEPhPN7float165Fp16TES3_hhhhhhh] -> 0xffff955f7370
npuchk: [_ZN6npuchk8vcmpv_eqEPhPfS1_m] -> 0xffff955f785c
npuchk: [_ZN6npuchk8vcmpv_eqEPhPfS1_hhhhhhh] -> 0xffff955f7b4c
npuchk: [_ZN6npuchk8vcmpv_eqEPhPiS1_m] -> 0xffff955f8038
npuchk: [_ZN6npuchk8vcmpv_eqEPhPiS1_hhhhhhh] -> 0xffff955f8328
npuchk: [_ZN6npuchk8vcmpv_geEPhPN7float165Fp16TES3_m] -> 0xffff955f8814
npuchk: [_ZN6npuchk8vcmpv_geEPhPN7float165Fp16TES3_hhhhhhh] -> 0xffff955f8b04
npuchk: [_ZN6npuchk8vcmpv_geEPhPfS1_m] -> 0xffff955f8ff0
npuchk: [_ZN6npuchk8vcmpv_geEPhPfS1_hhhhhhh] -> 0xffff955f92e0
npuchk: [_ZN6npuchk8vcmpv_gtEPhPN7float165Fp16TES3_m] -> 0xffff955f97cc
npuchk: [_ZN6npuchk8vcmpv_gtEPhPN7float165Fp16TES3_hhhhhhh] -> 0xffff955f9abc
npuchk: [_ZN6npuchk8vcmpv_gtEPhPfS1_m] -> 0xffff955f9fa8
npuchk: [_ZN6npuchk8vcmpv_gtEPhPfS1_hhhhhhh] -> 0xffff955fa298
npuchk: [_ZN6npuchk8vcmpv_leEPhPN7float165Fp16TES3_m] -> 0xffff955fa784
npuchk: [_ZN6npuchk8vcmpv_leEPhPN7float165Fp16TES3_hhhhhhh] -> 0xffff955faa74
npuchk: [_ZN6npuchk8vcmpv_leEPhPfS1_m] -> 0xffff955faf60
npuchk: [_ZN6npuchk8vcmpv_leEPhPfS1_hhhhhhh] -> 0xffff955fb250
npuchk: [_ZN6npuchk8vcmpv_ltEPhPN7float165Fp16TES3_m] -> 0xffff955fb73c
npuchk: [_ZN6npuchk8vcmpv_ltEPhPN7float165Fp16TES3_hhhhhhh] -> 0xffff955fba2c
npuchk: [_ZN6npuchk8vcmpv_ltEPhPfS1_m] -> 0xffff955fbf18
npuchk: [_ZN6npuchk8vcmpv_ltEPhPfS1_hhhhhhh] -> 0xffff955fc208
npuchk: [_ZN6npuchk8vcmpv_neEPhPN7float165Fp16TES3_m] -> 0xffff955fc6f4
npuchk: [_ZN6npuchk8vcmpv_neEPhPN7float165Fp16TES3_hhhhhhh] -> 0xffff955fc9e4
npuchk: [_ZN6npuchk8vcmpv_neEPhPfS1_m] -> 0xffff955fced0
npuchk: [_ZN6npuchk8vcmpv_neEPhPfS1_hhhhhhh] -> 0xffff955fd1c0
npuchk: [_ZN6npuchk9vcmpvs_eqEPhPN7float165Fp16TES2_m] -> 0xffff955fd6ac
npuchk: [_ZN6npuchk9vcmpvs_eqEPhPN7float165Fp16TES2_htthh] -> 0xffff955fd9a8
npuchk: [_ZN6npuchk9vcmpvs_eqEPhPN7float165Fp16TES2_htttt] -> 0xffff955fdde8
npuchk: [_ZN6npuchk9vcmpvs_eqEPhPffm] -> 0xffff955fe23c
npuchk: [_ZN6npuchk9vcmpvs_eqEPhPffhtthh] -> 0xffff955fe52c
npuchk: [_ZN6npuchk9vcmpvs_eqEPhPffhtttt] -> 0xffff955fe960
npuchk: [_ZN6npuchk9vcmpvs_eqEPhPiim] -> 0xffff955feda8
npuchk: [_ZN6npuchk9vcmpvs_eqEPhPiihtttt] -> 0xffff955ff098
npuchk: [_ZN6npuchk9vcmpvs_geEPhPN7float165Fp16TES2_m] -> 0xffff955ff4e0
npuchk: [_ZN6npuchk9vcmpvs_geEPhPN7float165Fp16TES2_htthh] -> 0xffff955ff7dc
npuchk: [_ZN6npuchk9vcmpvs_geEPhPN7float165Fp16TES2_htttt] -> 0xffff955ffc1c
npuchk: [_ZN6npuchk9vcmpvs_geEPhPffm] -> 0xffff95600070
npuchk: [_ZN6npuchk9vcmpvs_geEPhPffhtthh] -> 0xffff95600360
npuchk: [_ZN6npuchk9vcmpvs_geEPhPffhtttt] -> 0xffff95600794
npuchk: [_ZN6npuchk9vcmpvs_gtEPhPN7float165Fp16TES2_m] -> 0xffff95600bdc
npuchk: [_ZN6npuchk9vcmpvs_gtEPhPN7float165Fp16TES2_htthh] -> 0xffff95600ed8
npuchk: [_ZN6npuchk9vcmpvs_gtEPhPN7float165Fp16TES2_htttt] -> 0xffff95601318
npuchk: [_ZN6npuchk9vcmpvs_gtEPhPffm] -> 0xffff9560176c
npuchk: [_ZN6npuchk9vcmpvs_gtEPhPffhtthh] -> 0xffff95601a5c
npuchk: [_ZN6npuchk9vcmpvs_gtEPhPffhtttt] -> 0xffff95601e90
npuchk: [_ZN6npuchk9vcmpvs_leEPhPN7float165Fp16TES2_m] -> 0xffff956022d8
npuchk: [_ZN6npuchk9vcmpvs_leEPhPN7float165Fp16TES2_htthh] -> 0xffff956025d4
npuchk: [_ZN6npuchk9vcmpvs_leEPhPN7float165Fp16TES2_htttt] -> 0xffff95602a14
npuchk: [_ZN6npuchk9vcmpvs_leEPhPffm] -> 0xffff95602e68
npuchk: [_ZN6npuchk9vcmpvs_leEPhPffhtthh] -> 0xffff95603158
npuchk: [_ZN6npuchk9vcmpvs_leEPhPffhtttt] -> 0xffff9560358c
npuchk: [_ZN6npuchk9vcmpvs_ltEPhPN7float165Fp16TES2_m] -> 0xffff956039d4
npuchk: [_ZN6npuchk9vcmpvs_ltEPhPN7float165Fp16TES2_htthh] -> 0xffff95603cd0
npuchk: [_ZN6npuchk9vcmpvs_ltEPhPN7float165Fp16TES2_htttt] -> 0xffff95604110
npuchk: [_ZN6npuchk9vcmpvs_ltEPhPffm] -> 0xffff95604564
npuchk: [_ZN6npuchk9vcmpvs_ltEPhPffhtthh] -> 0xffff95604854
npuchk: [_ZN6npuchk9vcmpvs_ltEPhPffhtttt] -> 0xffff95604c88
npuchk: [_ZN6npuchk9vcmpvs_neEPhPN7float165Fp16TES2_m] -> 0xffff956050d0
npuchk: [_ZN6npuchk9vcmpvs_neEPhPN7float165Fp16TES2_htthh] -> 0xffff956053cc
npuchk: [_ZN6npuchk9vcmpvs_neEPhPN7float165Fp16TES2_htttt] -> 0xffff9560580c
npuchk: [_ZN6npuchk9vcmpvs_neEPhPffm] -> 0xffff95605c60
npuchk: [_ZN6npuchk9vcmpvs_neEPhPffhtthh] -> 0xffff95605f50
npuchk: [_ZN6npuchk9vcmpvs_neEPhPffhtttt] -> 0xffff95606384
npuchk: [_ZN6npuchk7vconcatEPN7float165Fp16TES2_m] -> 0xffff956de700
npuchk: [_ZN6npuchk7vconcatEPN7float165Fp16TES2_hh] -> 0xffff956de990
npuchk: [_ZN6npuchk7vconcatEPN7float165Fp16TES2_htthh] -> (nil)
npuchk: [_ZN6npuchk7vconcatEPN7float165Fp16TES2_htthhbb] -> (nil)
npuchk: [_ZN6npuchk7vconcatEPfS0_m] -> 0xffff956dec84
npuchk: [_ZN6npuchk7vconcatEPfS0_hh] -> (nil)
npuchk: [_ZN6npuchk7vconcatEPfS0_htthh] -> (nil)
npuchk: [_ZN6npuchk7vconcatEPfS0_htthhbb] -> (nil)
npuchk: [_ZN6npuchk14vconv_bf162f32EPfPN8bfloat165Bf16TEhtttt] -> 0xffff956067cc
npuchk: [_ZN6npuchk14vconv_bf162f32EPfPN8bfloat165Bf16TEm] -> 0xffff95606bb0
npuchk: [_ZN6npuchk15vconv_bf162s32aEPiPN8bfloat165Bf16TEhtttt] -> 0xffff95606e3c
npuchk: [_ZN6npuchk15vconv_bf162s32aEPiPN8bfloat165Bf16TEm] -> 0xffff95607224
npuchk: [_ZN6npuchk15vconv_bf162s32cEPiPN8bfloat165Bf16TEhtttt] -> 0xffff956074b4
npuchk: [_ZN6npuchk15vconv_bf162s32cEPiPN8bfloat165Bf16TEm] -> 0xffff9560789c
npuchk: [_ZN6npuchk15vconv_bf162s32fEPiPN8bfloat165Bf16TEhtttt] -> 0xffff95607b2c
npuchk: [_ZN6npuchk15vconv_bf162s32fEPiPN8bfloat165Bf16TEm] -> 0xffff95607f14
npuchk: [_ZN6npuchk15vconv_bf162s32rEPiPN8bfloat165Bf16TEhtttt] -> 0xffff956081a4
npuchk: [_ZN6npuchk15vconv_bf162s32rEPiPN8bfloat165Bf16TEm] -> 0xffff9560858c
npuchk: [_ZN6npuchk15vconv_bf162s32zEPiPN8bfloat165Bf16TEhtttt] -> 0xffff9560881c
npuchk: [_ZN6npuchk15vconv_bf162s32zEPiPN8bfloat165Bf16TEm] -> 0xffff95608c04
npuchk: [_ZN6npuchk9vconv_deqEPN7float165Fp16TEPim] -> 0xffff95608e94
npuchk: [_ZN6npuchk9vconv_deqEPN7float165Fp16TEPihtthh] -> 0xffff95609124
npuchk: [_ZN6npuchk9vconv_deqEPN7float165Fp16TEPihtthhbb] -> 0xffff956def14
npuchk: [_ZN6npuchk15vconv_deqs162b8EPaPsmb] -> 0xffff956df374
npuchk: [_ZN6npuchk15vconv_deqs162b8EPaPshtthhbbb] -> 0xffff956df664
npuchk: [_ZN6npuchk15vconv_deqs162b8EPhPsmb] -> 0xffff956dfb20
npuchk: [_ZN6npuchk15vconv_deqs162b8EPhPshtthhbbb] -> 0xffff956dfe10
npuchk: [_ZN6npuchk16vconv_deqs162b8hEPaPshtthh] -> 0xffff956094f8
npuchk: [_ZN6npuchk16vconv_deqs162b8hEPaPsm] -> 0xffff956098cc
npuchk: [_ZN6npuchk16vconv_deqs162b8hEPhPshtthh] -> 0xffff95609b5c
npuchk: [_ZN6npuchk16vconv_deqs162b8hEPhPsm] -> 0xffff95609f30
npuchk: [_ZN6npuchk16vconv_deqs162b8lEPaPshtthh] -> 0xffff9560a1c0
npuchk: [_ZN6npuchk16vconv_deqs162b8lEPaPsm] -> 0xffff9560a594
npuchk: [_ZN6npuchk16vconv_deqs162b8lEPhPshtthh] -> 0xffff9560a824
npuchk: [_ZN6npuchk16vconv_deqs162b8lEPhPsm] -> 0xffff9560abf8
npuchk: [_ZN6npuchk13vconv_f162f32EPfPN7float165Fp16TEm] -> 0xffff9560ae88
npuchk: [_ZN6npuchk13vconv_f162f32EPfPN7float165Fp16TEhtthh] -> 0xffff9560b114
npuchk: [_ZN6npuchk13vconv_f162f32EPfPN7float165Fp16TEhtthhbb] -> 0xffff956e02cc
npuchk: [_ZN6npuchk13vconv_f162f32EPfPN7float165Fp16TEhtttt] -> 0xffff9560b4e4
npuchk: [_ZN6npuchk14vconv_f162s16aEPsPN7float165Fp16TEhtttt] -> 0xffff9560b8c8
npuchk: [_ZN6npuchk14vconv_f162s16aEPsPN7float165Fp16TEm] -> 0xffff9560bcb0
npuchk: [_ZN6npuchk14vconv_f162s16cEPsPN7float165Fp16TEhtttt] -> 0xffff9560bf40
npuchk: [_ZN6npuchk14vconv_f162s16cEPsPN7float165Fp16TEm] -> 0xffff9560c328
npuchk: [_ZN6npuchk14vconv_f162s16fEPsPN7float165Fp16TEhtttt] -> 0xffff9560c5b8
npuchk: [_ZN6npuchk14vconv_f162s16fEPsPN7float165Fp16TEm] -> 0xffff9560c9a0
npuchk: [_ZN6npuchk14vconv_f162s16rEPsPN7float165Fp16TEm] -> 0xffff9560cc30
npuchk: [_ZN6npuchk14vconv_f162s16rEPsPN7float165Fp16TEhtthhbb] -> 0xffff956e072c
npuchk: [_ZN6npuchk14vconv_f162s16rEPsPN7float165Fp16TEhtttt] -> 0xffff9560cec0
npuchk: [_ZN6npuchk14vconv_f162s16zEPsPN7float165Fp16TEhtttt] -> 0xffff9560d2a8
npuchk: [_ZN6npuchk14vconv_f162s16zEPsPN7float165Fp16TEm] -> 0xffff9560d690
npuchk: [_ZN6npuchk14vconv_f162s32aEPiPN7float165Fp16TEm] -> 0xffff9560d920
npuchk: [_ZN6npuchk14vconv_f162s32aEPiPN7float165Fp16TEhtthh] -> 0xffff9560dbb0
npuchk: [_ZN6npuchk14vconv_f162s32aEPiPN7float165Fp16TEhtthhbb] -> 0xffff956e0b8c
npuchk: [_ZN6npuchk14vconv_f162s32aEPiPN7float165Fp16TEhtttt] -> 0xffff9560df84
npuchk: [_ZN6npuchk14vconv_f162s32cEPiPN7float165Fp16TEm] -> 0xffff9560e36c
npuchk: [_ZN6npuchk14vconv_f162s32cEPiPN7float165Fp16TEhtthh] -> 0xffff9560e5fc
npuchk: [_ZN6npuchk14vconv_f162s32cEPiPN7float165Fp16TEhtthhbb] -> 0xffff956e0fec
npuchk: [_ZN6npuchk14vconv_f162s32cEPiPN7float165Fp16TEhtttt] -> 0xffff9560e9d0
npuchk: [_ZN6npuchk14vconv_f162s32fEPiPN7float165Fp16TEm] -> 0xffff9560edb8
npuchk: [_ZN6npuchk14vconv_f162s32fEPiPN7float165Fp16TEhtthh] -> 0xffff9560f048
npuchk: [_ZN6npuchk14vconv_f162s32fEPiPN7float165Fp16TEhtthhbb] -> 0xffff956e144c
npuchk: [_ZN6npuchk14vconv_f162s32fEPiPN7float165Fp16TEhtttt] -> 0xffff9560f41c
npuchk: [_ZN6npuchk14vconv_f162s32rEPiPN7float165Fp16TEm] -> 0xffff9560f804
npuchk: [_ZN6npuchk14vconv_f162s32rEPiPN7float165Fp16TEhtthh] -> 0xffff9560fa94
npuchk: [_ZN6npuchk14vconv_f162s32rEPiPN7float165Fp16TEhtthhbb] -> 0xffff956e18ac
npuchk: [_ZN6npuchk14vconv_f162s32rEPiPN7float165Fp16TEhtttt] -> 0xffff9560fe68
npuchk: [_ZN6npuchk14vconv_f162s32zEPiPN7float165Fp16TEm] -> 0xffff95610250
npuchk: [_ZN6npuchk14vconv_f162s32zEPiPN7float165Fp16TEhtthh] -> 0xffff956104e0
npuchk: [_ZN6npuchk14vconv_f162s32zEPiPN7float165Fp16TEhtthhbb] -> 0xffff956e1d0c
npuchk: [_ZN6npuchk14vconv_f162s32zEPiPN7float165Fp16TEhtttt] -> 0xffff956108b4
npuchk: [_ZN6npuchk12vconv_f162s4EPvPN7float165Fp16TEm] -> 0xffff95610c9c
npuchk: [_ZN6npuchk12vconv_f162s4EPvPN7float165Fp16TEhtthhbb] -> 0xffff956e216c
npuchk: [_ZN6npuchk12vconv_f162s4EPvPN7float165Fp16TEhtttt] -> 0xffff95610f2c
npuchk: [_ZN6npuchk13vconv_f162s4aEPvPN7float165Fp16TEhtttt] -> 0xffff95611314
npuchk: [_ZN6npuchk13vconv_f162s4aEPvPN7float165Fp16TEm] -> 0xffff956116fc
npuchk: [_ZN6npuchk13vconv_f162s4cEPvPN7float165Fp16TEhtttt] -> 0xffff9561198c
npuchk: [_ZN6npuchk13vconv_f162s4cEPvPN7float165Fp16TEm] -> 0xffff95611d74
npuchk: [_ZN6npuchk13vconv_f162s4fEPvPN7float165Fp16TEhtttt] -> 0xffff95612004
npuchk: [_ZN6npuchk13vconv_f162s4fEPvPN7float165Fp16TEm] -> 0xffff956123ec
npuchk: [_ZN6npuchk13vconv_f162s4rEPvPN7float165Fp16TEhtttt] -> 0xffff9561267c
npuchk: [_ZN6npuchk13vconv_f162s4rEPvPN7float165Fp16TEm] -> 0xffff95612a64
npuchk: [_ZN6npuchk13vconv_f162s4zEPvPN7float165Fp16TEhtttt] -> 0xffff95612cf4
npuchk: [_ZN6npuchk13vconv_f162s4zEPvPN7float165Fp16TEm] -> 0xffff956130dc
npuchk: [_ZN6npuchk12vconv_f162s8EPaPN7float165Fp16TEm] -> 0xffff9561336c
npuchk: [_ZN6npuchk12vconv_f162s8EPaPN7float165Fp16TEhtthh] -> 0xffff956135fc
npuchk: [_ZN6npuchk12vconv_f162s8EPaPN7float165Fp16TEhtthhbb] -> 0xffff956e25cc
npuchk: [_ZN6npuchk12vconv_f162s8EPaPN7float165Fp16TEhtttt] -> 0xffff956139d0
npuchk: [_ZN6npuchk13vconv_f162s8aEPaPN7float165Fp16TEm] -> 0xffff95613db8
npuchk: [_ZN6npuchk13vconv_f162s8aEPaPN7float165Fp16TEhtthh] -> 0xffff95614048
npuchk: [_ZN6npuchk13vconv_f162s8aEPaPN7float165Fp16TEhtthhbb] -> 0xffff956e2a2c
npuchk: [_ZN6npuchk13vconv_f162s8aEPaPN7float165Fp16TEhtttt] -> 0xffff9561441c
npuchk: [_ZN6npuchk13vconv_f162s8cEPaPN7float165Fp16TEm] -> 0xffff95614804
npuchk: [_ZN6npuchk13vconv_f162s8cEPaPN7float165Fp16TEhtthh] -> 0xffff95614a94
npuchk: [_ZN6npuchk13vconv_f162s8cEPaPN7float165Fp16TEhtthhbb] -> 0xffff956e2e8c
npuchk: [_ZN6npuchk13vconv_f162s8cEPaPN7float165Fp16TEhtttt] -> 0xffff95614e68
npuchk: [_ZN6npuchk13vconv_f162s8fEPaPN7float165Fp16TEm] -> 0xffff95615250
npuchk: [_ZN6npuchk13vconv_f162s8fEPaPN7float165Fp16TEhtthh] -> 0xffff956154e0
npuchk: [_ZN6npuchk13vconv_f162s8fEPaPN7float165Fp16TEhtthhbb] -> 0xffff956e32ec
npuchk: [_ZN6npuchk13vconv_f162s8fEPaPN7float165Fp16TEhtttt] -> 0xffff956158b4
npuchk: [_ZN6npuchk13vconv_f162s8rEPaPN7float165Fp16TEhtttt] -> 0xffff95615c9c
npuchk: [_ZN6npuchk13vconv_f162s8rEPaPN7float165Fp16TEm] -> 0xffff95616084
npuchk: [_ZN6npuchk13vconv_f162s8zEPaPN7float165Fp16TEm] -> 0xffff95616314
npuchk: [_ZN6npuchk13vconv_f162s8zEPaPN7float165Fp16TEhtthh] -> 0xffff956165a4
npuchk: [_ZN6npuchk13vconv_f162s8zEPaPN7float165Fp16TEhtthhbb] -> 0xffff956e374c
npuchk: [_ZN6npuchk13vconv_f162s8zEPaPN7float165Fp16TEhtttt] -> 0xffff95616978
npuchk: [_ZN6npuchk12vconv_f162u8EPhPN7float165Fp16TEm] -> 0xffff95616d60
npuchk: [_ZN6npuchk12vconv_f162u8EPhPN7float165Fp16TEhtthh] -> 0xffff95616ff0
npuchk: [_ZN6npuchk12vconv_f162u8EPhPN7float165Fp16TEhtthhbb] -> 0xffff956e3bac
npuchk: [_ZN6npuchk12vconv_f162u8EPhPN7float165Fp16TEhtttt] -> 0xffff956173c4
npuchk: [_ZN6npuchk13vconv_f162u8aEPhPN7float165Fp16TEm] -> 0xffff956177ac
npuchk: [_ZN6npuchk13vconv_f162u8aEPhPN7float165Fp16TEhtthh] -> 0xffff95617a3c
npuchk: [_ZN6npuchk13vconv_f162u8aEPhPN7float165Fp16TEhtthhbb] -> 0xffff956e400c
npuchk: [_ZN6npuchk13vconv_f162u8aEPhPN7float165Fp16TEhtttt] -> 0xffff95617e10
npuchk: [_ZN6npuchk13vconv_f162u8cEPhPN7float165Fp16TEm] -> 0xffff956181f8
npuchk: [_ZN6npuchk13vconv_f162u8cEPhPN7float165Fp16TEhtthh] -> 0xffff95618488
npuchk: [_ZN6npuchk13vconv_f162u8cEPhPN7float165Fp16TEhtthhbb] -> 0xffff956e446c
npuchk: [_ZN6npuchk13vconv_f162u8cEPhPN7float165Fp16TEhtttt] -> 0xffff9561885c
npuchk: [_ZN6npuchk13vconv_f162u8fEPhPN7float165Fp16TEm] -> 0xffff95618c44
npuchk: [_ZN6npuchk13vconv_f162u8fEPhPN7float165Fp16TEhtthh] -> 0xffff95618ed4
npuchk: [_ZN6npuchk13vconv_f162u8fEPhPN7float165Fp16TEhtthhbb] -> 0xffff956e48cc
npuchk: [_ZN6npuchk13vconv_f162u8fEPhPN7float165Fp16TEhtttt] -> 0xffff956192a8
npuchk: [_ZN6npuchk13vconv_f162u8rEPhPN7float165Fp16TEhtttt] -> 0xffff95619690
npuchk: [_ZN6npuchk13vconv_f162u8rEPhPN7float165Fp16TEm] -> 0xffff95619a78
npuchk: [_ZN6npuchk13vconv_f162u8zEPhPN7float165Fp16TEm] -> 0xffff95619d08
npuchk: [_ZN6npuchk13vconv_f162u8zEPhPN7float165Fp16TEhtthh] -> 0xffff95619f98
npuchk: [_ZN6npuchk13vconv_f162u8zEPhPN7float165Fp16TEhtthhbb] -> 0xffff956e4d2c
npuchk: [_ZN6npuchk13vconv_f162u8zEPhPN7float165Fp16TEhtttt] -> 0xffff9561a36c
npuchk: [_ZN6npuchk15vconv_f322bf16aEPN8bfloat165Bf16TEPfhtttt] -> 0xffff9561a754
npuchk: [_ZN6npuchk15vconv_f322bf16aEPN8bfloat165Bf16TEPfm] -> 0xffff9561ab3c
npuchk: [_ZN6npuchk15vconv_f322bf16cEPN8bfloat165Bf16TEPfhtttt] -> 0xffff9561adcc
npuchk: [_ZN6npuchk15vconv_f322bf16cEPN8bfloat165Bf16TEPfm] -> 0xffff9561b1b4
npuchk: [_ZN6npuchk15vconv_f322bf16fEPN8bfloat165Bf16TEPfhtttt] -> 0xffff9561b444
npuchk: [_ZN6npuchk15vconv_f322bf16fEPN8bfloat165Bf16TEPfm] -> 0xffff9561b82c
npuchk: [_ZN6npuchk15vconv_f322bf16rEPN8bfloat165Bf16TEPfhtttt] -> 0xffff9561babc
npuchk: [_ZN6npuchk15vconv_f322bf16rEPN8bfloat165Bf16TEPfm] -> 0xffff9561bea4
npuchk: [_ZN6npuchk15vconv_f322bf16zEPN8bfloat165Bf16TEPfhtttt] -> 0xffff9561c134
npuchk: [_ZN6npuchk15vconv_f322bf16zEPN8bfloat165Bf16TEPfm] -> 0xffff9561c51c
npuchk: [_ZN6npuchk13vconv_f322f16EPN7float165Fp16TEPfm] -> 0xffff9561c7ac
npuchk: [_ZN6npuchk13vconv_f322f16EPN7float165Fp16TEPfhtthh] -> 0xffff9561ca3c
npuchk: [_ZN6npuchk13vconv_f322f16EPN7float165Fp16TEPfhtthhbb] -> 0xffff956e518c
npuchk: [_ZN6npuchk13vconv_f322f16EPN7float165Fp16TEPfhtttt] -> 0xffff9561ce10
npuchk: [_ZN6npuchk14vconv_f322f16aEPN7float165Fp16TEPfhtttt] -> 0xffff9561d1f8
npuchk: [_ZN6npuchk14vconv_f322f16aEPN7float165Fp16TEPfm] -> 0xffff9561d5e0
npuchk: [_ZN6npuchk14vconv_f322f16cEPN7float165Fp16TEPfhtttt] -> 0xffff9561d870
npuchk: [_ZN6npuchk14vconv_f322f16cEPN7float165Fp16TEPfm] -> 0xffff9561dc58
npuchk: [_ZN6npuchk14vconv_f322f16fEPN7float165Fp16TEPfhtttt] -> 0xffff9561dee8
npuchk: [_ZN6npuchk14vconv_f322f16fEPN7float165Fp16TEPfm] -> 0xffff9561e2d0
npuchk: [_ZN6npuchk14vconv_f322f16oEPN7float165Fp16TEPfm] -> 0xffff9561e560
npuchk: [_ZN6npuchk14vconv_f322f16oEPN7float165Fp16TEPfhtthh] -> 0xffff9561e7f0
npuchk: [_ZN6npuchk14vconv_f322f16oEPN7float165Fp16TEPfhtthhbb] -> 0xffff956e55ec
npuchk: [_ZN6npuchk14vconv_f322f16oEPN7float165Fp16TEPfhtttt] -> 0xffff9561ebc4
npuchk: [_ZN6npuchk14vconv_f322f16rEPN7float165Fp16TEPfhtttt] -> 0xffff9561efac
npuchk: [_ZN6npuchk14vconv_f322f16rEPN7float165Fp16TEPfm] -> 0xffff9561f394
npuchk: [_ZN6npuchk14vconv_f322f16zEPN7float165Fp16TEPfhtttt] -> 0xffff9561f624
npuchk: [_ZN6npuchk14vconv_f322f16zEPN7float165Fp16TEPfm] -> 0xffff9561fa0c
npuchk: [_ZN6npuchk14vconv_f322f32aEPfS0_htttt] -> 0xffff9561fc9c
npuchk: [_ZN6npuchk14vconv_f322f32aEPfS0_m] -> 0xffff95620084
npuchk: [_ZN6npuchk14vconv_f322f32cEPfS0_htttt] -> 0xffff95620314
npuchk: [_ZN6npuchk14vconv_f322f32cEPfS0_m] -> 0xffff956206fc
npuchk: [_ZN6npuchk14vconv_f322f32fEPfS0_htttt] -> 0xffff9562098c
npuchk: [_ZN6npuchk14vconv_f322f32fEPfS0_m] -> 0xffff95620d74
npuchk: [_ZN6npuchk14vconv_f322f32rEPfS0_htttt] -> 0xffff95621004
npuchk: [_ZN6npuchk14vconv_f322f32rEPfS0_m] -> 0xffff956213e8
npuchk: [_ZN6npuchk14vconv_f322f32zEPfS0_htttt] -> 0xffff95621674
npuchk: [_ZN6npuchk14vconv_f322f32zEPfS0_m] -> 0xffff95621a5c
npuchk: [_ZN6npuchk14vconv_f322s16aEPsPfhtttt] -> 0xffff95621cec
npuchk: [_ZN6npuchk14vconv_f322s16aEPsPfm] -> 0xffff956220d4
npuchk: [_ZN6npuchk14vconv_f322s16cEPsPfhtttt] -> 0xffff95622364
npuchk: [_ZN6npuchk14vconv_f322s16cEPsPfm] -> 0xffff9562274c
npuchk: [_ZN6npuchk14vconv_f322s16fEPsPfhtttt] -> 0xffff956229dc
npuchk: [_ZN6npuchk14vconv_f322s16fEPsPfm] -> 0xffff95622dc4
npuchk: [_ZN6npuchk14vconv_f322s16rEPsPfm] -> 0xffff95623054
npuchk: [_ZN6npuchk14vconv_f322s16rEPsPfhtthh] -> 0xffff956232e4
npuchk: [_ZN6npuchk14vconv_f322s16rEPsPfhtthhbb] -> (nil)
npuchk: [_ZN6npuchk14vconv_f322s16rEPsPfhtttt] -> 0xffff956236b8
npuchk: [_ZN6npuchk14vconv_f322s16zEPsPfm] -> 0xffff95623aa0
npuchk: [_ZN6npuchk14vconv_f322s16zEPsPfhtthh] -> 0xffff95623d30
npuchk: [_ZN6npuchk14vconv_f322s16zEPsPfhtthhbb] -> (nil)
npuchk: [_ZN6npuchk14vconv_f322s16zEPsPfhtttt] -> 0xffff95624104
npuchk: [_ZN6npuchk14vconv_f322s32aEPiPfm] -> 0xffff956244ec
npuchk: [_ZN6npuchk14vconv_f322s32aEPiPfhtthh] -> 0xffff9562477c
npuchk: [_ZN6npuchk14vconv_f322s32aEPiPfhtthhbb] -> 0xffff956e5a4c
npuchk: [_ZN6npuchk14vconv_f322s32aEPiPfhtttt] -> 0xffff95624b50
npuchk: [_ZN6npuchk14vconv_f322s32cEPiPfm] -> 0xffff95624f38
npuchk: [_ZN6npuchk14vconv_f322s32cEPiPfhtthh] -> 0xffff956251c8
npuchk: [_ZN6npuchk14vconv_f322s32cEPiPfhtthhbb] -> 0xffff956e5eac
npuchk: [_ZN6npuchk14vconv_f322s32cEPiPfhtttt] -> 0xffff9562559c
npuchk: [_ZN6npuchk14vconv_f322s32fEPiPfm] -> 0xffff95625984
npuchk: [_ZN6npuchk14vconv_f322s32fEPiPfhtthh] -> 0xffff95625c14
npuchk: [_ZN6npuchk14vconv_f322s32fEPiPfhtthhbb] -> 0xffff956e630c
npuchk: [_ZN6npuchk14vconv_f322s32fEPiPfhtttt] -> 0xffff95625fe8
npuchk: [_ZN6npuchk14vconv_f322s32rEPiPfm] -> 0xffff956263d0
npuchk: [_ZN6npuchk14vconv_f322s32rEPiPfhtthh] -> 0xffff95626660
npuchk: [_ZN6npuchk14vconv_f322s32rEPiPfhtthhbb] -> 0xffff956e676c
npuchk: [_ZN6npuchk14vconv_f322s32rEPiPfhtttt] -> 0xffff95626a34
npuchk: [_ZN6npuchk14vconv_f322s32zEPiPfm] -> 0xffff95626e1c
npuchk: [_ZN6npuchk14vconv_f322s32zEPiPfhtthh] -> 0xffff956270ac
npuchk: [_ZN6npuchk14vconv_f322s32zEPiPfhtthhbb] -> 0xffff956e6bcc
npuchk: [_ZN6npuchk14vconv_f322s32zEPiPfhtttt] -> 0xffff95627480
npuchk: [_ZN6npuchk14vconv_f322s64aEPlPfhtttt] -> 0xffff95627868
npuchk: [_ZN6npuchk14vconv_f322s64aEPlPfm] -> 0xffff95627c50
npuchk: [_ZN6npuchk14vconv_f322s64cEPlPfhtttt] -> 0xffff95627ee0
npuchk: [_ZN6npuchk14vconv_f322s64cEPlPfm] -> 0xffff956282c8
npuchk: [_ZN6npuchk14vconv_f322s64fEPlPfhtttt] -> 0xffff95628558
npuchk: [_ZN6npuchk14vconv_f322s64fEPlPfm] -> 0xffff95628940
npuchk: [_ZN6npuchk14vconv_f322s64rEPlPfhtttt] -> 0xffff95628bd0
npuchk: [_ZN6npuchk14vconv_f322s64rEPlPfm] -> 0xffff95628fb8
npuchk: [_ZN6npuchk14vconv_f322s64zEPlPfhtttt] -> 0xffff95629248
npuchk: [_ZN6npuchk14vconv_f322s64zEPlPfm] -> 0xffff95629630
npuchk: [_ZN6npuchk13vconv_s162f16EPN7float165Fp16TEPsm] -> 0xffff956298c0
npuchk: [_ZN6npuchk13vconv_s162f16EPN7float165Fp16TEPshtthhbb] -> 0xffff956e702c
npuchk: [_ZN6npuchk13vconv_s162f16EPN7float165Fp16TEPshtttt] -> 0xffff95629b50
npuchk: [_ZN6npuchk14vconv_s162f16aEPN7float165Fp16TEPshtttt] -> 0xffff95629f38
npuchk: [_ZN6npuchk14vconv_s162f16aEPN7float165Fp16TEPsm] -> 0xffff9562a320
npuchk: [_ZN6npuchk14vconv_s162f16cEPN7float165Fp16TEPshtttt] -> 0xffff9562a5b0
npuchk: [_ZN6npuchk14vconv_s162f16cEPN7float165Fp16TEPsm] -> 0xffff9562a998
npuchk: [_ZN6npuchk14vconv_s162f16fEPN7float165Fp16TEPshtttt] -> 0xffff9562ac28
npuchk: [_ZN6npuchk14vconv_s162f16fEPN7float165Fp16TEPsm] -> 0xffff9562b010
npuchk: [_ZN6npuchk14vconv_s162f16rEPN7float165Fp16TEPshtttt] -> 0xffff9562b2a0
npuchk: [_ZN6npuchk14vconv_s162f16rEPN7float165Fp16TEPsm] -> 0xffff9562b688
npuchk: [_ZN6npuchk14vconv_s162f16zEPN7float165Fp16TEPshtttt] -> 0xffff9562b918
npuchk: [_ZN6npuchk14vconv_s162f16zEPN7float165Fp16TEPsm] -> 0xffff9562bd00
npuchk: [_ZN6npuchk13vconv_s162f32EPfPsm] -> 0xffff9562bf90
npuchk: [_ZN6npuchk13vconv_s162f32EPfPshtthhbb] -> (nil)
npuchk: [_ZN6npuchk13vconv_s162f32EPfPshtttt] -> 0xffff9562c21c
npuchk: [_ZN6npuchk13vconv_s322f32EPfPim] -> 0xffff9562c600
npuchk: [_ZN6npuchk13vconv_s322f32EPfPihtthh] -> 0xffff9562c88c
npuchk: [_ZN6npuchk13vconv_s322f32EPfPihtthhbb] -> 0xffff956e748c
npuchk: [_ZN6npuchk13vconv_s322f32EPfPihtttt] -> 0xffff9562cc5c
npuchk: [_ZN6npuchk14vconv_s322f32aEPfPihtttt] -> 0xffff9562d040
npuchk: [_ZN6npuchk14vconv_s322f32aEPfPim] -> 0xffff9562d428
npuchk: [_ZN6npuchk14vconv_s322f32cEPfPihtttt] -> 0xffff9562d6b8
npuchk: [_ZN6npuchk14vconv_s322f32cEPfPim] -> 0xffff9562daa0
npuchk: [_ZN6npuchk14vconv_s322f32fEPfPihtttt] -> 0xffff9562dd30
npuchk: [_ZN6npuchk14vconv_s322f32fEPfPim] -> 0xffff9562e118
npuchk: [_ZN6npuchk14vconv_s322f32rEPfPihtttt] -> 0xffff9562e3a8
npuchk: [_ZN6npuchk14vconv_s322f32rEPfPim] -> 0xffff9562e78c
npuchk: [_ZN6npuchk14vconv_s322f32zEPfPihtttt] -> 0xffff9562ea18
npuchk: [_ZN6npuchk14vconv_s322f32zEPfPim] -> 0xffff9562ee00
npuchk: [_ZN6npuchk13vconv_s322s16EPsPihtttt] -> 0xffff9562f090
npuchk: [_ZN6npuchk13vconv_s322s16EPsPim] -> 0xffff9562f478
npuchk: [_ZN6npuchk13vconv_s322s64EPlPihtttt] -> 0xffff9562f708
npuchk: [_ZN6npuchk13vconv_s322s64EPlPim] -> 0xffff9562faf0
npuchk: [_ZN6npuchk12vconv_s42f16EPN7float165Fp16TEPvhtthh] -> 0xffff9562fd80
npuchk: [_ZN6npuchk12vconv_s42f16EPN7float165Fp16TEPvm] -> 0xffff95630154
npuchk: [_ZN6npuchk14vconv_s642f32aEPfPlhtttt] -> 0xffff956303e4
npuchk: [_ZN6npuchk14vconv_s642f32aEPfPlm] -> 0xffff956307cc
npuchk: [_ZN6npuchk14vconv_s642f32cEPfPlhtttt] -> 0xffff95630a5c
npuchk: [_ZN6npuchk14vconv_s642f32cEPfPlm] -> 0xffff95630e44
npuchk: [_ZN6npuchk14vconv_s642f32fEPfPlhtttt] -> 0xffff956310d4
npuchk: [_ZN6npuchk14vconv_s642f32fEPfPlm] -> 0xffff956314bc
npuchk: [_ZN6npuchk14vconv_s642f32rEPfPlhtttt] -> 0xffff9563174c
npuchk: [_ZN6npuchk14vconv_s642f32rEPfPlm] -> 0xffff95631b30
npuchk: [_ZN6npuchk14vconv_s642f32zEPfPlhtttt] -> 0xffff95631dbc
npuchk: [_ZN6npuchk14vconv_s642f32zEPfPlm] -> 0xffff956321a4
npuchk: [_ZN6npuchk13vconv_s642s32EPiPlhtttt] -> 0xffff95632434
npuchk: [_ZN6npuchk13vconv_s642s32EPiPlm] -> 0xffff9563281c
npuchk: [_ZN6npuchk12vconv_s82f16EPN7float165Fp16TEPam] -> 0xffff95632aac
npuchk: [_ZN6npuchk12vconv_s82f16EPN7float165Fp16TEPahtthh] -> 0xffff95632d3c
npuchk: [_ZN6npuchk12vconv_s82f16EPN7float165Fp16TEPahtthhbb] -> 0xffff956e78ec
npuchk: [_ZN6npuchk12vconv_s82f16EPN7float165Fp16TEPahtttt] -> 0xffff95633110
npuchk: [_ZN6npuchk12vconv_u82f16EPN7float165Fp16TEPhm] -> 0xffff956334f8
npuchk: [_ZN6npuchk12vconv_u82f16EPN7float165Fp16TEPhhtthh] -> 0xffff95633788
npuchk: [_ZN6npuchk12vconv_u82f16EPN7float165Fp16TEPhhtthhbb] -> 0xffff956e7d4c
npuchk: [_ZN6npuchk12vconv_u82f16EPN7float165Fp16TEPhhtttt] -> 0xffff95633b5c
npuchk: [_ZN6npuchk16vconv_vdeqs162b8EPaPsmb] -> 0xffff956e81ac
npuchk: [_ZN6npuchk16vconv_vdeqs162b8EPaPshtthhbbb] -> 0xffff956e849c
npuchk: [_ZN6npuchk16vconv_vdeqs162b8EPhPsmb] -> 0xffff956e8958
npuchk: [_ZN6npuchk16vconv_vdeqs162b8EPhPshtthhbbb] -> 0xffff956e8c48
npuchk: [_ZN6npuchk17vconv_vdeqs162b8hEPaPshtthh] -> 0xffff95633f44
npuchk: [_ZN6npuchk17vconv_vdeqs162b8hEPaPsm] -> 0xffff95634318
npuchk: [_ZN6npuchk17vconv_vdeqs162b8hEPhPshtthh] -> 0xffff956345a8
npuchk: [_ZN6npuchk17vconv_vdeqs162b8hEPhPsm] -> 0xffff9563497c
npuchk: [_ZN6npuchk17vconv_vdeqs162b8lEPaPshtthh] -> 0xffff95634c0c
npuchk: [_ZN6npuchk17vconv_vdeqs162b8lEPaPsm] -> 0xffff95634fe0
npuchk: [_ZN6npuchk17vconv_vdeqs162b8lEPhPshtthh] -> 0xffff95635270
npuchk: [_ZN6npuchk17vconv_vdeqs162b8lEPhPsm] -> 0xffff95635644
npuchk: [_ZN6npuchk4vcvtERA128_N7float165Fp16TEPhh7Literal] -> (nil)
npuchk: [_ZN6npuchk4vcvtERA128_N7float165Fp16TEPah7Literal] -> (nil)
npuchk: [_ZN6npuchk4vcvtERA64_fPN7float165Fp16TEh7Literal] -> (nil)
npuchk: [_ZN6npuchk4vcvtERA64_iPN7float165Fp16TEh7LiteralS5_] -> (nil)
npuchk: [_ZN6npuchk4vcvtERA64_fPN8bfloat165Bf16TEh7Literal] -> (nil)
npuchk: [_ZN6npuchk4vcvtERA64_iPN8bfloat165Bf16TEh7LiteralS5_S5_] -> (nil)
npuchk: [_ZN6npuchk4vcvtERA64_fPsh7Literal] -> (nil)
npuchk: [_ZN6npuchk4vcvtERA32_lPfh7LiteralS3_S3_] -> (nil)
npuchk: [_ZN6npuchk4vcvtERA32_lPih7Literal] -> (nil)
npuchk: [_ZN6npuchk4vcvtERA256_hPN7float165Fp16TEh7LiteralS5_S5_] -> (nil)
npuchk: [_ZN6npuchk4vcvtERA256_aPN7float165Fp16TEh7LiteralS5_S5_] -> (nil)
npuchk: [_ZN6npuchk4vcvtERA128_N7float165Fp16TEPfh7LiteralS5_S5_] -> (nil)
npuchk: [_ZN6npuchk4vcvtERA128_N8bfloat165Bf16TEPfh7LiteralS5_S5_] -> (nil)
npuchk: [_ZN6npuchk4vcvtERA128_sPfh7LiteralS3_S3_] -> (nil)
npuchk: [_ZN6npuchk4vcvtERA128_sPih7LiteralS3_] -> (nil)
npuchk: [_ZN6npuchk4vcvtERA64_iPlh7LiteralS3_] -> (nil)
npuchk: [_ZN6npuchk4vcvtERA64_fPlh7LiteralS3_] -> (nil)
npuchk: [_ZN6npuchk4vcvtERA128_sPN7float165Fp16TEh7LiteralS5_] -> (nil)
npuchk: [_ZN6npuchk4vcvtERA128_N7float165Fp16TEPsh7Literal] -> (nil)
npuchk: [_ZN6npuchk4vcvtERA64_iPfh7LiteralS3_] -> (nil)
npuchk: [_ZN6npuchk4vcvtERA64_fPih7Literal] -> (nil)
npuchk: [_ZN6npuchk4vtrcERA64_fPf7Literalh] -> (nil)
npuchk: [_ZN6npuchk5vcopyEPsS0_m] -> 0xffff956358d4
npuchk: [_ZN6npuchk5vcopyEPsS0_htttt] -> 0xffff95635b64
npuchk: [_ZN6npuchk5vcopyEPiS0_m] -> 0xffff95635f4c
npuchk: [_ZN6npuchk5vcopyEPiS0_htttt] -> 0xffff956361dc
npuchk: [_ZN6npuchk5vcopyEPtS0_m] -> 0xffff956365c4
npuchk: [_ZN6npuchk5vcopyEPtS0_htttt] -> 0xffff95636854
npuchk: [_ZN6npuchk5vcopyEPjS0_m] -> 0xffff95636c3c
npuchk: [_ZN6npuchk5vcopyEPjS0_htttt] -> 0xffff95636ecc
npuchk: [_ZN6npuchk6vcpaddEPN7float165Fp16TES2_m] -> 0xffff956372b4
npuchk: [_ZN6npuchk6vcpaddEPN7float165Fp16TES2_httt] -> 0xffff95637544
npuchk: [_ZN6npuchk6vcpaddEPN7float165Fp16TES2_htttbb] -> 0xffff956e9104
npuchk: [_ZN6npuchk6vcpaddEPfS0_m] -> 0xffff956378b8
npuchk: [_ZN6npuchk6vcpaddEPfS0_httt] -> 0xffff95637b48
npuchk: [_ZN6npuchk6vcpaddEPfS0_htttbb] -> 0xffff956e9508
npuchk: [_ZN6npuchk4vdivEPN7float165Fp16TES2_S2_m] -> 0xffff95637ebc
npuchk: [_ZN6npuchk4vdivEPN7float165Fp16TES2_S2_hhhhhhh] -> 0xffff956381a8
npuchk: [_ZN6npuchk4vdivEPN7float165Fp16TES2_S2_hhhhhhhbb] -> 0xffff956e990c
npuchk: [_ZN6npuchk4vdivEPfS0_S0_m] -> 0xffff95638690
npuchk: [_ZN6npuchk4vdivEPfS0_S0_hhhhhhh] -> 0xffff9563897c
npuchk: [_ZN6npuchk4vdivEPfS0_S0_hhhhhhhbb] -> 0xffff956e9e7c
npuchk: [_ZN6npuchk3vdpEPsS0_S0_m] -> (nil)
npuchk: [_ZN6npuchk3vdpEPsS0_S0_thttbbb] -> (nil)
npuchk: [_ZN6npuchk10vector_dupEPN7float165Fp16TES1_m] -> 0xffff95638e64
npuchk: [_ZN6npuchk10vector_dupEPN7float165Fp16TES1_htthh] -> 0xffff956390fc
npuchk: [_ZN6npuchk10vector_dupEPN7float165Fp16TES1_htthhbb] -> 0xffff956ea3ec
npuchk: [_ZN6npuchk10vector_dupEPN7float165Fp16TES1_htttt] -> 0xffff956394d8
npuchk: [_ZN6npuchk10vector_dupEPffm] -> 0xffff956398c8
npuchk: [_ZN6npuchk10vector_dupEPffhtthh] -> 0xffff95639b54
npuchk: [_ZN6npuchk10vector_dupEPffhtthhbb] -> 0xffff956ea854
npuchk: [_ZN6npuchk10vector_dupEPffhtttt] -> 0xffff95639f24
npuchk: [_ZN6npuchk10vector_dupEPssm] -> 0xffff9563a308
npuchk: [_ZN6npuchk10vector_dupEPsshtthh] -> 0xffff9563a58c
npuchk: [_ZN6npuchk10vector_dupEPsshtthhbb] -> 0xffff956eacb4
npuchk: [_ZN6npuchk10vector_dupEPsshtttt] -> 0xffff9563a954
npuchk: [_ZN6npuchk10vector_dupEPiim] -> 0xffff9563ad30
npuchk: [_ZN6npuchk10vector_dupEPiihtthh] -> 0xffff9563afb4
npuchk: [_ZN6npuchk10vector_dupEPiihtthhbb] -> 0xffff956eb108
npuchk: [_ZN6npuchk10vector_dupEPiihtttt] -> 0xffff9563b37c
npuchk: [_ZN6npuchk10vector_dupEPttm] -> 0xffff9563b758
npuchk: [_ZN6npuchk10vector_dupEPtthtthh] -> 0xffff9563b9dc
npuchk: [_ZN6npuchk10vector_dupEPtthtthhbb] -> 0xffff956eb55c
npuchk: [_ZN6npuchk10vector_dupEPtthtttt] -> 0xffff9563bda4
npuchk: [_ZN6npuchk10vector_dupEPjjm] -> 0xffff9563c180
npuchk: [_ZN6npuchk10vector_dupEPjjhtthh] -> 0xffff9563c404
npuchk: [_ZN6npuchk10vector_dupEPjjhtthhbb] -> 0xffff956eb9b0
npuchk: [_ZN6npuchk10vector_dupEPjjhtttt] -> 0xffff9563c7cc
npuchk: [_ZN6npuchk10vector_dupEPN8bfloat165Bf16TES1_m] -> (nil)
npuchk: [_ZN6npuchk10vector_dupEPN8bfloat165Bf16TES1_htthh] -> (nil)
npuchk: [_ZN6npuchk4vexpEPN7float165Fp16TES2_m] -> 0xffff9563cba8
npuchk: [_ZN6npuchk4vexpEPN7float165Fp16TES2_htthh] -> 0xffff9563ce38
npuchk: [_ZN6npuchk4vexpEPN7float165Fp16TES2_htthhbb] -> 0xffff956ebe04
npuchk: [_ZN6npuchk4vexpEPN7float165Fp16TES2_htttt] -> 0xffff9563d20c
npuchk: [_ZN6npuchk4vexpEPfS0_m] -> 0xffff9563d5f4
npuchk: [_ZN6npuchk4vexpEPfS0_htthh] -> 0xffff9563d884
npuchk: [_ZN6npuchk4vexpEPfS0_htthhbb] -> 0xffff956ec264
npuchk: [_ZN6npuchk4vexpEPfS0_htttt] -> 0xffff9563dc58
npuchk: [_ZN6npuchk8vextractEPN7float165Fp16TES2_m] -> 0xffff956ec6c4
npuchk: [_ZN6npuchk8vextractEPN7float165Fp16TES2_hh] -> 0xffff956ec954
npuchk: [_ZN6npuchk8vextractEPN7float165Fp16TES2_htthh] -> (nil)
npuchk: [_ZN6npuchk8vextractEPN7float165Fp16TES2_htthhbb] -> (nil)
npuchk: [_ZN6npuchk8vextractEPfS0_m] -> 0xffff956ecc48
npuchk: [_ZN6npuchk8vextractEPfS0_hh] -> (nil)
npuchk: [_ZN6npuchk8vextractEPfS0_htthh] -> (nil)
npuchk: [_ZN6npuchk8vextractEPfS0_htthhbb] -> (nil)
npuchk: [_ZN6npuchk7vgatherEPtPjm] -> 0xffff9563e040
npuchk: [_ZN6npuchk7vgatherEPtPjjb] -> 0xffff956eced8
npuchk: [_ZN6npuchk7vgatherEPtPjjth] -> 0xffff9563e2c8
npuchk: [_ZN6npuchk7vgatherEPjS0_m] -> 0xffff9563e618
npuchk: [_ZN6npuchk7vgatherEPjS0_jb] -> 0xffff956ed1a8
npuchk: [_ZN6npuchk7vgatherEPjS0_jth] -> 0xffff9563e8a0
npuchk: [_ZN6npuchk8vgatherbEPtPjm] -> 0xffff9563ebf0
npuchk: [_ZN6npuchk8vgatherbEPtPjjthh] -> 0xffff9563ee78
npuchk: [_ZN6npuchk8vgatherbEPjS0_m] -> 0xffff9563f21c
npuchk: [_ZN6npuchk8vgatherbEPjS0_jthh] -> 0xffff9563f4a4
npuchk: [_ZN6npuchk4viouEPN7float165Fp16TES2_S2_m] -> 0xffff956ed478
npuchk: [_ZN6npuchk4viouEPN7float165Fp16TES2_S2_hhhhhhh] -> (nil)
npuchk: [_ZN6npuchk4viouEPN7float165Fp16TES2_S2_hhhhhhhbb] -> (nil)
npuchk: [_ZN6npuchk4viouEPfS0_S0_m] -> 0xffff956ed76c
npuchk: [_ZN6npuchk4viouEPfS0_S0_hhhhhhh] -> (nil)
npuchk: [_ZN6npuchk4viouEPfS0_S0_hhhhhhhbb] -> (nil)
npuchk: [_ZN6npuchk10vld_va_regE10ub_addr8_tPm7vpart_t] -> 0xffff9563f848
npuchk: [_ZN6npuchk3vlnEPN7float165Fp16TES2_m] -> 0xffff9563fa24
npuchk: [_ZN6npuchk3vlnEPN7float165Fp16TES2_htthh] -> 0xffff9563fcb4
npuchk: [_ZN6npuchk3vlnEPN7float165Fp16TES2_htthhbb] -> 0xffff956eda60
npuchk: [_ZN6npuchk3vlnEPN7float165Fp16TES2_htttt] -> 0xffff95640088
npuchk: [_ZN6npuchk3vlnEPfS0_m] -> 0xffff95640470
npuchk: [_ZN6npuchk3vlnEPfS0_htthh] -> 0xffff95640700
npuchk: [_ZN6npuchk3vlnEPfS0_htthhbb] -> 0xffff956edec0
npuchk: [_ZN6npuchk3vlnEPfS0_htttt] -> 0xffff95640ad4
npuchk: [_ZN6npuchk6vlreluEPN7float165Fp16TES2_S1_m] -> 0xffff95640ebc
npuchk: [_ZN6npuchk6vlreluEPN7float165Fp16TES2_S1_htthhbb] -> 0xffff956ee320
npuchk: [_ZN6npuchk6vlreluEPN7float165Fp16TES2_S1_htttt] -> 0xffff956411b4
npuchk: [_ZN6npuchk6vlreluEPfS0_fm] -> 0xffff95641604
npuchk: [_ZN6npuchk6vlreluEPfS0_fhtthhbb] -> 0xffff956ee7e4
npuchk: [_ZN6npuchk6vlreluEPfS0_fhtttt] -> 0xffff956418f0
npuchk: [_ZN6npuchk5vmaddEPN7float165Fp16TES2_S2_m] -> 0xffff95641d34
npuchk: [_ZN6npuchk5vmaddEPN7float165Fp16TES2_S2_hhhhhhh] -> 0xffff95642020
npuchk: [_ZN6npuchk5vmaddEPN7float165Fp16TES2_S2_hhhhhhhbb] -> 0xffff956eeca0
npuchk: [_ZN6npuchk5vmaddEPfS0_S0_m] -> 0xffff95642508
npuchk: [_ZN6npuchk5vmaddEPfS0_S0_hhhhhhh] -> 0xffff956427f4
npuchk: [_ZN6npuchk5vmaddEPfS0_S0_hhhhhhhbb] -> 0xffff956ef210
npuchk: [_ZN6npuchk9vmaddreluEPN7float165Fp16TES2_S2_m] -> 0xffff95642cdc
npuchk: [_ZN6npuchk9vmaddreluEPN7float165Fp16TES2_S2_hhhhhhh] -> 0xffff95642fcc
npuchk: [_ZN6npuchk9vmaddreluEPN7float165Fp16TES2_S2_hhhhhhhbb] -> 0xffff956ef780
npuchk: [_ZN6npuchk9vmaddreluEPfS0_S0_m] -> 0xffff956434b8
npuchk: [_ZN6npuchk9vmaddreluEPfS0_S0_hhhhhhh] -> 0xffff956437a8
npuchk: [_ZN6npuchk9vmaddreluEPfS0_S0_hhhhhhhbb] -> 0xffff956efcf4
npuchk: [_ZN6npuchk4vmaxEPN7float165Fp16TES2_S2_m] -> 0xffff95643c94
npuchk: [_ZN6npuchk4vmaxEPN7float165Fp16TES2_S2_hhhhhhh] -> 0xffff95643f80
npuchk: [_ZN6npuchk4vmaxEPN7float165Fp16TES2_S2_hhhhhhhbb] -> 0xffff956f0268
npuchk: [_ZN6npuchk4vmaxEPfS0_S0_m] -> 0xffff95644468
npuchk: [_ZN6npuchk4vmaxEPfS0_S0_hhhhhhh] -> 0xffff95644754
npuchk: [_ZN6npuchk4vmaxEPfS0_S0_hhhhhhhbb] -> 0xffff956f07d8
npuchk: [_ZN6npuchk4vmaxEPsS0_S0_m] -> 0xffff95644c3c
npuchk: [_ZN6npuchk4vmaxEPsS0_S0_hhhhhhh] -> 0xffff95644f28
npuchk: [_ZN6npuchk4vmaxEPsS0_S0_hhhhhhhbb] -> 0xffff956f0d48
npuchk: [_ZN6npuchk4vmaxEPiS0_S0_m] -> 0xffff95645410
npuchk: [_ZN6npuchk4vmaxEPiS0_S0_hhhhhhh] -> 0xffff956456fc
npuchk: [_ZN6npuchk4vmaxEPiS0_S0_hhhhhhhbb] -> 0xffff956f12b8
npuchk: [_ZN6npuchk5vmaxsEPN7float165Fp16TES2_S1_m] -> 0xffff95645be4
npuchk: [_ZN6npuchk5vmaxsEPN7float165Fp16TES2_S1_htthhbb] -> 0xffff95645edc
npuchk: [_ZN6npuchk5vmaxsEPN7float165Fp16TES2_S1_htttt] -> 0xffff956463a0
npuchk: [_ZN6npuchk5vmaxsEPfS0_fm] -> 0xffff956467f0
npuchk: [_ZN6npuchk5vmaxsEPfS0_fhtthhbb] -> 0xffff95646adc
npuchk: [_ZN6npuchk5vmaxsEPfS0_fhtttt] -> 0xffff95646f98
npuchk: [_ZN6npuchk5vmaxsEPsS0_sm] -> 0xffff956473dc
npuchk: [_ZN6npuchk5vmaxsEPsS0_shtthhbb] -> 0xffff956476c0
npuchk: [_ZN6npuchk5vmaxsEPsS0_shtttt] -> 0xffff95647b70
npuchk: [_ZN6npuchk5vmaxsEPiS0_im] -> 0xffff95647fac
npuchk: [_ZN6npuchk5vmaxsEPiS0_ihtthhbb] -> 0xffff95648290
npuchk: [_ZN6npuchk5vmaxsEPiS0_ihtttt] -> 0xffff95648740
npuchk: [_ZN6npuchk8vmergechEPhS0_m] -> 0xffff956f1828
npuchk: [_ZN6npuchk8vmergechEPhS0_htthh] -> (nil)
npuchk: [_ZN6npuchk8vmergechEPhS0_htthhbb] -> (nil)
npuchk: [_ZN6npuchk8vmergechEPN7float165Fp16TES2_m] -> 0xffff956f1abc
npuchk: [_ZN6npuchk8vmergechEPN7float165Fp16TES2_htthh] -> (nil)
npuchk: [_ZN6npuchk8vmergechEPN7float165Fp16TES2_htthhbb] -> (nil)
npuchk: [_ZN6npuchk4vminEPN7float165Fp16TES2_S2_m] -> 0xffff95648b7c
npuchk: [_ZN6npuchk4vminEPN7float165Fp16TES2_S2_hhhhhhh] -> 0xffff95648e6c
npuchk: [_ZN6npuchk4vminEPN7float165Fp16TES2_S2_hhhhhhhbb] -> 0xffff95649358
npuchk: [_ZN6npuchk4vminEPfS0_S0_m] -> 0xffff956498cc
npuchk: [_ZN6npuchk4vminEPfS0_S0_hhhhhhh] -> 0xffff95649bbc
npuchk: [_ZN6npuchk4vminEPfS0_S0_hhhhhhhbb] -> 0xffff9564a0a8
npuchk: [_ZN6npuchk4vminEPsS0_S0_m] -> 0xffff9564a61c
npuchk: [_ZN6npuchk4vminEPsS0_S0_hhhhhhh] -> 0xffff9564a90c
npuchk: [_ZN6npuchk4vminEPsS0_S0_hhhhhhhbb] -> 0xffff9564adf8
npuchk: [_ZN6npuchk4vminEPiS0_S0_m] -> 0xffff9564b36c
npuchk: [_ZN6npuchk4vminEPiS0_S0_hhhhhhh] -> 0xffff9564b65c
npuchk: [_ZN6npuchk4vminEPiS0_S0_hhhhhhhbb] -> 0xffff9564bb48
npuchk: [_ZN6npuchk5vminsEPN7float165Fp16TES2_S1_m] -> 0xffff9564c0bc
npuchk: [_ZN6npuchk5vminsEPN7float165Fp16TES2_S1_htthhbb] -> 0xffff9564c3b8
npuchk: [_ZN6npuchk5vminsEPN7float165Fp16TES2_S1_htttt] -> 0xffff9564c880
npuchk: [_ZN6npuchk5vminsEPfS0_fm] -> 0xffff9564ccd4
npuchk: [_ZN6npuchk5vminsEPfS0_fhtthhbb] -> 0xffff9564cfc4
npuchk: [_ZN6npuchk5vminsEPfS0_fhtttt] -> 0xffff9564d484
npuchk: [_ZN6npuchk5vminsEPsS0_sm] -> 0xffff9564d8cc
npuchk: [_ZN6npuchk5vminsEPsS0_shtthhbb] -> 0xffff9564dbb4
npuchk: [_ZN6npuchk5vminsEPsS0_shtttt] -> 0xffff9564e068
npuchk: [_ZN6npuchk5vminsEPiS0_im] -> 0xffff9564e4a8
npuchk: [_ZN6npuchk5vminsEPiS0_ihtthhbb] -> 0xffff9564e790
npuchk: [_ZN6npuchk5vminsEPiS0_ihtttt] -> 0xffff9564ec44
npuchk: [_ZN6npuchk4vmlaEPN7float165Fp16TES2_S2_m] -> 0xffff9564f084
npuchk: [_ZN6npuchk4vmlaEPN7float165Fp16TES2_S2_hhhhhhh] -> 0xffff9564f374
npuchk: [_ZN6npuchk4vmlaEPN7float165Fp16TES2_S2_hhhhhhhbb] -> 0xffff9564f860
npuchk: [_ZN6npuchk4vmlaEPfS0_S0_m] -> 0xffff9564fdd4
npuchk: [_ZN6npuchk4vmlaEPfS0_S0_hhhhhhh] -> 0xffff956500c4
npuchk: [_ZN6npuchk4vmlaEPfS0_S0_hhhhhhhbb] -> 0xffff956505b0
npuchk: [_ZN6npuchk4vmlaEPfPN7float165Fp16TES3_m] -> 0xffff95650b24
npuchk: [_ZN6npuchk4vmlaEPfPN7float165Fp16TES3_hhhhhhh] -> 0xffff95650e14
npuchk: [_ZN6npuchk4vmlaEPfPN7float165Fp16TES3_hhhhhhhbb] -> 0xffff95651300
npuchk: [_ZN6npuchk9vmrgsort4EPN7float165Fp16TEPS2_m] -> 0xffff956f1d50
npuchk: [_ZN6npuchk9vmrgsort4EPfPS0_m] -> 0xffff956f1f18
npuchk: [_ZN6npuchk9vmrgsort4EPN7float165Fp16TEPS2_mm] -> 0xffff95651874
npuchk: [_ZN6npuchk9vmrgsort4EPfPS0_mm] -> 0xffff95651a78
npuchk: [_ZN6npuchk4vmulEPN7float165Fp16TES2_S2_m] -> 0xffff95651c7c
npuchk: [_ZN6npuchk4vmulEPN7float165Fp16TES2_S2_hhhhhhh] -> 0xffff95651f68
npuchk: [_ZN6npuchk4vmulEPN7float165Fp16TES2_S2_hhhhhhhbb] -> 0xffff95652450
npuchk: [_ZN6npuchk4vmulEPfS0_S0_m] -> 0xffff956529c0
npuchk: [_ZN6npuchk4vmulEPfS0_S0_hhhhhhh] -> 0xffff95652cac
npuchk: [_ZN6npuchk4vmulEPfS0_S0_hhhhhhhbb] -> 0xffff95653194
npuchk: [_ZN6npuchk4vmulEPsS0_S0_m] -> 0xffff95653704
npuchk: [_ZN6npuchk4vmulEPsS0_S0_hhhhhhh] -> 0xffff956539f0
npuchk: [_ZN6npuchk4vmulEPsS0_S0_hhhhhhhbb] -> 0xffff95653ed8
npuchk: [_ZN6npuchk4vmulEPiS0_S0_m] -> 0xffff95654448
npuchk: [_ZN6npuchk4vmulEPiS0_S0_hhhhhhh] -> 0xffff95654734
npuchk: [_ZN6npuchk4vmulEPiS0_S0_hhhhhhhbb] -> 0xffff95654c1c
npuchk: [_ZN6npuchk15vmulconv_f162s8EPaPN7float165Fp16TES3_m] -> 0xffff9565518c
npuchk: [_ZN6npuchk15vmulconv_f162s8EPaPN7float165Fp16TES3_hhhhhhh] -> 0xffff9565547c
npuchk: [_ZN6npuchk15vmulconv_f162s8EPaPN7float165Fp16TES3_hhhhhhhbb] -> 0xffff956f20e0
npuchk: [_ZN6npuchk15vmulconv_f162u8EPhPN7float165Fp16TES3_m] -> 0xffff95655968
npuchk: [_ZN6npuchk15vmulconv_f162u8EPhPN7float165Fp16TES3_hhhhhhh] -> 0xffff95655c58
npuchk: [_ZN6npuchk15vmulconv_f162u8EPhPN7float165Fp16TES3_hhhhhhhbb] -> 0xffff956f2654
npuchk: [_ZN6npuchk5vmulsEPN7float165Fp16TES2_S1_m] -> 0xffff95656144
npuchk: [_ZN6npuchk5vmulsEPN7float165Fp16TES2_S1_htthh] -> 0xffff95656440
npuchk: [_ZN6npuchk5vmulsEPN7float165Fp16TES2_S1_htthhbb] -> 0xffff956f2bc8
npuchk: [_ZN6npuchk5vmulsEPN7float165Fp16TES2_S1_htttt] -> 0xffff95656880
npuchk: [_ZN6npuchk5vmulsEPfS0_fm] -> 0xffff95656cd4
npuchk: [_ZN6npuchk5vmulsEPfS0_fhtthh] -> 0xffff95656fc4
npuchk: [_ZN6npuchk5vmulsEPfS0_fhtthhbb] -> 0xffff956f3090
npuchk: [_ZN6npuchk5vmulsEPfS0_fhtttt] -> 0xffff956573f8
npuchk: [_ZN6npuchk5vmulsEPsS0_sm] -> 0xffff95657840
npuchk: [_ZN6npuchk5vmulsEPsS0_shtthh] -> 0xffff95657b28
npuchk: [_ZN6npuchk5vmulsEPsS0_shtthhbb] -> 0xffff956f3550
npuchk: [_ZN6npuchk5vmulsEPsS0_shtttt] -> 0xffff95657f54
npuchk: [_ZN6npuchk5vmulsEPiS0_im] -> 0xffff95658394
npuchk: [_ZN6npuchk5vmulsEPiS0_ihtthh] -> 0xffff9565867c
npuchk: [_ZN6npuchk5vmulsEPiS0_ihtthhbb] -> 0xffff956f3a04
npuchk: [_ZN6npuchk5vmulsEPiS0_ihtttt] -> 0xffff95658aa8
npuchk: [_ZN6npuchk4vnotEPsS0_m] -> 0xffff95658ee8
npuchk: [_ZN6npuchk4vnotEPsS0_htthh] -> 0xffff95659178
npuchk: [_ZN6npuchk4vnotEPsS0_htthhbb] -> 0xffff956f3eb8
npuchk: [_ZN6npuchk4vnotEPsS0_htttt] -> 0xffff9565954c
npuchk: [_ZN6npuchk4vnotEPtS0_m] -> 0xffff95659934
npuchk: [_ZN6npuchk4vnotEPtS0_htthh] -> 0xffff95659bc4
npuchk: [_ZN6npuchk4vnotEPtS0_htthhbb] -> 0xffff956f4318
npuchk: [_ZN6npuchk4vnotEPtS0_htttt] -> 0xffff95659f98
npuchk: [_ZN6npuchk3vorEPsS0_S0_m] -> 0xffff9565a380
npuchk: [_ZN6npuchk3vorEPsS0_S0_hhhhhhh] -> 0xffff9565a66c
npuchk: [_ZN6npuchk3vorEPsS0_S0_hhhhhhhbb] -> 0xffff9565ab54
npuchk: [_ZN6npuchk3vorEPtS0_S0_m] -> 0xffff9565b0c4
npuchk: [_ZN6npuchk3vorEPtS0_S0_hhhhhhh] -> 0xffff9565b3b0
npuchk: [_ZN6npuchk3vorEPtS0_S0_hhhhhhhbb] -> 0xffff9565b898
npuchk: [_ZN6npuchk8vpaddingEPtS0_m] -> 0xffff956f4778
npuchk: [_ZN6npuchk8vpaddingEPtS0_htthhbbhb] -> 0xffff956f4a08
npuchk: [_ZN6npuchk8vpaddingEPjS0_m] -> 0xffff956f4efc
npuchk: [_ZN6npuchk8vpaddingEPjS0_htthhbbhb] -> 0xffff956f518c
npuchk: [_ZN6npuchk4vrecEPN7float165Fp16TES2_m] -> 0xffff9565be08
npuchk: [_ZN6npuchk4vrecEPN7float165Fp16TES2_htthh] -> 0xffff9565c098
npuchk: [_ZN6npuchk4vrecEPN7float165Fp16TES2_htthhbb] -> 0xffff956f5680
npuchk: [_ZN6npuchk4vrecEPN7float165Fp16TES2_htttt] -> 0xffff9565c46c
npuchk: [_ZN6npuchk4vrecEPfS0_m] -> 0xffff9565c854
npuchk: [_ZN6npuchk4vrecEPfS0_htthh] -> 0xffff9565cae4
npuchk: [_ZN6npuchk4vrecEPfS0_htthhbb] -> 0xffff956f5ae0
npuchk: [_ZN6npuchk4vrecEPfS0_htttt] -> 0xffff9565ceb8
npuchk: [_ZN6npuchk7vreduceEPtS0_S0_m] -> 0xffff9565d2a0
npuchk: [_ZN6npuchk7vreduceEPtS0_S0_hhhhhhh] -> 0xffff9565d590
npuchk: [_ZN6npuchk7vreduceEPtS0_S0_hhhhh] -> 0xffff9565da7c
npuchk: [_ZN6npuchk7vreduceEPjS0_S0_m] -> 0xffff9565decc
npuchk: [_ZN6npuchk7vreduceEPjS0_S0_hhhhhhh] -> 0xffff9565e1bc
npuchk: [_ZN6npuchk7vreduceEPjS0_S0_hhhhh] -> 0xffff9565e6a8
npuchk: [_ZN6npuchk9vreducev2EPtS0_S0_m] -> 0xffff9565eaf8
npuchk: [_ZN6npuchk9vreducev2EPtS0_S0_thhth] -> 0xffff9565ede8
npuchk: [_ZN6npuchk9vreducev2EPjS0_S0_m] -> 0xffff9565f100
npuchk: [_ZN6npuchk9vreducev2EPjS0_S0_thhth] -> 0xffff9565f3f0
npuchk: [_ZN6npuchk5vreluEPN7float165Fp16TES2_m] -> 0xffff9565f708
npuchk: [_ZN6npuchk5vreluEPN7float165Fp16TES2_htthh] -> 0xffff9565f998
npuchk: [_ZN6npuchk5vreluEPN7float165Fp16TES2_htthhbb] -> 0xffff956f5f40
npuchk: [_ZN6npuchk5vreluEPN7float165Fp16TES2_htttt] -> 0xffff9565fd6c
npuchk: [_ZN6npuchk5vreluEPfS0_m] -> 0xffff95660154
npuchk: [_ZN6npuchk5vreluEPfS0_htthh] -> 0xffff956603e4
npuchk: [_ZN6npuchk5vreluEPfS0_htthhbb] -> 0xffff956f63a0
npuchk: [_ZN6npuchk5vreluEPfS0_htttt] -> 0xffff956607b8
npuchk: [_ZN6npuchk5vreluEPiS0_m] -> 0xffff95660ba0
npuchk: [_ZN6npuchk5vreluEPiS0_htthh] -> 0xffff95660e30
npuchk: [_ZN6npuchk5vreluEPiS0_htthhbb] -> 0xffff956f6800
npuchk: [_ZN6npuchk5vreluEPiS0_htttt] -> 0xffff95661204
npuchk: [_ZN6npuchk5vrpacEPN7float165Fp16TES2_m] -> 0xffff956f6c60
npuchk: [_ZN6npuchk5vrpacEPN7float165Fp16TES2_htthh] -> (nil)
npuchk: [_ZN6npuchk5vrpacEPN7float165Fp16TES2_htthhbb] -> (nil)
npuchk: [_ZN6npuchk5vrpacEPfS0_m] -> 0xffff956f6ef4
npuchk: [_ZN6npuchk5vrpacEPfS0_htthh] -> (nil)
npuchk: [_ZN6npuchk5vrpacEPfS0_htthhbb] -> (nil)
npuchk: [_ZN6npuchk6vrsqrtEPN7float165Fp16TES2_m] -> 0xffff956615ec
npuchk: [_ZN6npuchk6vrsqrtEPN7float165Fp16TES2_htthh] -> 0xffff9566187c
npuchk: [_ZN6npuchk6vrsqrtEPN7float165Fp16TES2_htthhbb] -> 0xffff956f7188
npuchk: [_ZN6npuchk6vrsqrtEPN7float165Fp16TES2_htttt] -> 0xffff95661c50
npuchk: [_ZN6npuchk6vrsqrtEPfS0_m] -> 0xffff95662038
npuchk: [_ZN6npuchk6vrsqrtEPfS0_htthh] -> 0xffff956622c8
npuchk: [_ZN6npuchk6vrsqrtEPfS0_htthhbb] -> 0xffff956f75e8
npuchk: [_ZN6npuchk6vrsqrtEPfS0_htttt] -> 0xffff9566269c
npuchk: [_ZN6npuchk8vscatterEPjPtm] -> 0xffff956f7a48
npuchk: [_ZN6npuchk8vscatterEPjPtjb] -> 0xffff956f7cd0
npuchk: [_ZN6npuchk8vscatterEPjS0_m] -> 0xffff956f7fa0
npuchk: [_ZN6npuchk8vscatterEPjS0_jb] -> 0xffff956f8228
npuchk: [_ZN6npuchk4vselEPN7float165Fp16TES2_S2_m] -> 0xffff95662a84
npuchk: [_ZN6npuchk4vselEPN7float165Fp16TES2_Pvm] -> 0xffff95662d70
npuchk: [_ZN6npuchk4vselEPN7float165Fp16TES2_Pvhhhhhhh] -> 0xffff9566305c
npuchk: [_ZN6npuchk4vselEPN7float165Fp16TES2_Pvhhhhhhhhbb] -> 0xffff956f84f8
npuchk: [_ZN6npuchk4vselEPN7float165Fp16TES2_Pvhhhhhhhh] -> 0xffff95663544
npuchk: [_ZN6npuchk4vselEPN7float165Fp16TES2_S2_hhhhhhh] -> 0xffff95663a7c
npuchk: [_ZN6npuchk4vselEPN7float165Fp16TES2_S2_hhhhhhhhbb] -> 0xffff956f8ab8
npuchk: [_ZN6npuchk4vselEPN7float165Fp16TES2_S2_hhhhhhhh] -> 0xffff95663f64
npuchk: [_ZN6npuchk4vselEPfS0_S0_m] -> 0xffff9566449c
npuchk: [_ZN6npuchk4vselEPfS0_Pvm] -> 0xffff95664788
npuchk: [_ZN6npuchk4vselEPfS0_Pvhhhhhhh] -> 0xffff95664a74
npuchk: [_ZN6npuchk4vselEPfS0_Pvhhhhhhhhbb] -> 0xffff956f9078
npuchk: [_ZN6npuchk4vselEPfS0_Pvhhhhhhhh] -> 0xffff95664f5c
npuchk: [_ZN6npuchk4vselEPfS0_S0_hhhhhhh] -> 0xffff95665494
npuchk: [_ZN6npuchk4vselEPfS0_S0_hhhhhhhhbb] -> 0xffff956f9638
npuchk: [_ZN6npuchk4vselEPfS0_S0_hhhhhhhh] -> 0xffff9566597c
npuchk: [_ZN6npuchk4vshlEPsS0_jm] -> 0xffff95665eb4
npuchk: [_ZN6npuchk4vshlEPsS0_jhtthh] -> 0xffff9566619c
npuchk: [_ZN6npuchk4vshlEPsS0_jhtthhbb] -> (nil)
npuchk: [_ZN6npuchk4vshlEPsS0_jhtttt] -> 0xffff956665c8
npuchk: [_ZN6npuchk4vshlEPiS0_jm] -> 0xffff95666a08
npuchk: [_ZN6npuchk4vshlEPiS0_jhtthh] -> 0xffff95666cf0
npuchk: [_ZN6npuchk4vshlEPiS0_jhtthhbb] -> (nil)
npuchk: [_ZN6npuchk4vshlEPiS0_jhtttt] -> 0xffff9566711c
npuchk: [_ZN6npuchk4vshlEPtS0_jm] -> 0xffff9566755c
npuchk: [_ZN6npuchk4vshlEPtS0_jhtthh] -> 0xffff95667844
npuchk: [_ZN6npuchk4vshlEPtS0_jhtthhbb] -> (nil)
npuchk: [_ZN6npuchk4vshlEPtS0_jhtttt] -> 0xffff95667c70
npuchk: [_ZN6npuchk4vshlEPjS0_jm] -> 0xffff956680b0
npuchk: [_ZN6npuchk4vshlEPjS0_jhtthh] -> 0xffff95668398
npuchk: [_ZN6npuchk4vshlEPjS0_jhtthhbb] -> (nil)
npuchk: [_ZN6npuchk4vshlEPjS0_jhtttt] -> 0xffff956687c4
npuchk: [_ZN6npuchk4vshrEPsS0_imb] -> 0xffff95668c04
npuchk: [_ZN6npuchk4vshrEPsS0_ihtthhbbb] -> (nil)
npuchk: [_ZN6npuchk4vshrEPsS0_ihttttb] -> 0xffff95668f48
npuchk: [_ZN6npuchk4vshrEPiS0_imb] -> 0xffff956693e0
npuchk: [_ZN6npuchk4vshrEPiS0_ihtthhbbb] -> (nil)
npuchk: [_ZN6npuchk4vshrEPiS0_ihttttb] -> 0xffff95669724
npuchk: [_ZN6npuchk4vshrEPtS0_jmb] -> 0xffff95669bbc
npuchk: [_ZN6npuchk4vshrEPtS0_jhtthhbbb] -> (nil)
npuchk: [_ZN6npuchk4vshrEPtS0_jhttttb] -> 0xffff95669f00
npuchk: [_ZN6npuchk4vshrEPjS0_jmb] -> 0xffff9566a398
npuchk: [_ZN6npuchk4vshrEPjS0_jhtthhbbb] -> (nil)
npuchk: [_ZN6npuchk4vshrEPjS0_jhttttb] -> 0xffff9566a6dc
npuchk: [_ZN6npuchk5vsortEPN7float165Fp16TES2_m] -> (nil)
npuchk: [_ZN6npuchk5vsortEPN7float165Fp16TES2_h] -> (nil)
npuchk: [_ZN6npuchk5vsortEPfS0_m] -> (nil)
npuchk: [_ZN6npuchk5vsortEPfS0_h] -> (nil)
npuchk: [_ZN6npuchk5vsqrtEPN7float165Fp16TES2_m] -> 0xffff9566ab74
npuchk: [_ZN6npuchk5vsqrtEPN7float165Fp16TES2_htthh] -> 0xffff9566ae04
npuchk: [_ZN6npuchk5vsqrtEPN7float165Fp16TES2_htthhbb] -> 0xffff956f9bf8
npuchk: [_ZN6npuchk5vsqrtEPN7float165Fp16TES2_htttt] -> 0xffff9566b1d8
npuchk: [_ZN6npuchk5vsqrtEPfS0_m] -> 0xffff9566b5c0
npuchk: [_ZN6npuchk5vsqrtEPfS0_htthh] -> 0xffff9566b850
npuchk: [_ZN6npuchk5vsqrtEPfS0_htthhbb] -> 0xffff956fa058
npuchk: [_ZN6npuchk5vsqrtEPfS0_htttt] -> 0xffff9566bc24
npuchk: [_ZN6npuchk4vsubEPN7float165Fp16TES2_S2_m] -> 0xffff9566c00c
npuchk: [_ZN6npuchk4vsubEPN7float165Fp16TES2_S2_hhhhhhh] -> 0xffff9566c2fc
npuchk: [_ZN6npuchk4vsubEPN7float165Fp16TES2_S2_hhhhhhhbb] -> 0xffff956fa4b8
npuchk: [_ZN6npuchk4vsubEPfS0_S0_m] -> 0xffff9566c7e8
npuchk: [_ZN6npuchk4vsubEPfS0_S0_hhhhhhh] -> 0xffff9566cad8
npuchk: [_ZN6npuchk4vsubEPfS0_S0_hhhhhhhbb] -> 0xffff956faa2c
npuchk: [_ZN6npuchk4vsubEPsS0_S0_m] -> 0xffff9566cfc4
npuchk: [_ZN6npuchk4vsubEPsS0_S0_hhhhhhh] -> 0xffff9566d2b4
npuchk: [_ZN6npuchk4vsubEPsS0_S0_hhhhhhhbb] -> 0xffff956fafa0
npuchk: [_ZN6npuchk4vsubEPiS0_S0_m] -> 0xffff9566d7a0
npuchk: [_ZN6npuchk4vsubEPiS0_S0_hhhhhhh] -> 0xffff9566da90
npuchk: [_ZN6npuchk4vsubEPiS0_S0_hhhhhhhbb] -> 0xffff956fb514
npuchk: [_ZN6npuchk8vsubreluEPN7float165Fp16TES2_S2_m] -> 0xffff9566df7c
npuchk: [_ZN6npuchk8vsubreluEPN7float165Fp16TES2_S2_hhhhhhhbb] -> 0xffff956fba88
npuchk: [_ZN6npuchk8vsubreluEPN7float165Fp16TES2_S2_hhhhhhh] -> 0xffff9566e26c
npuchk: [_ZN6npuchk8vsubreluEPfS0_S0_m] -> 0xffff9566e758
npuchk: [_ZN6npuchk8vsubreluEPfS0_S0_hhhhhhhbb] -> 0xffff956fbffc
npuchk: [_ZN6npuchk8vsubreluEPfS0_S0_hhhhhhh] -> 0xffff9566ea48
npuchk: [_ZN6npuchk8vsubreluEPsS0_S0_m] -> 0xffff9566ef34
npuchk: [_ZN6npuchk8vsubreluEPsS0_S0_hhhhhhhbb] -> 0xffff956fc570
npuchk: [_ZN6npuchk8vsubreluEPsS0_S0_hhhhhhh] -> 0xffff9566f224
npuchk: [_ZN6npuchk19vsubreluconv_f162s8EPaPN7float165Fp16TES3_mb] -> 0xffff9566f710
npuchk: [_ZN6npuchk19vsubreluconv_f162s8EPaPN7float165Fp16TES3_hhhhhhhbbb] -> 0xffff956fcae4
npuchk: [_ZN6npuchk19vsubreluconv_f162s8EPaPN7float165Fp16TES3_hhhhhhhb] -> 0xffff9566fa60
npuchk: [_ZN6npuchk20vsubreluconv_f322f16EPN7float165Fp16TEPfS3_mb] -> 0xffff9566ffa8
npuchk: [_ZN6npuchk20vsubreluconv_f322f16EPN7float165Fp16TEPfS3_hhhhhhhbbb] -> 0xffff956fd0b4
npuchk: [_ZN6npuchk20vsubreluconv_f322f16EPN7float165Fp16TEPfS3_hhhhhhhb] -> 0xffff956702f8
npuchk: [_ZN6npuchk19vsubreluconv_s162s8EPaPsS1_mb] -> 0xffff95670840
npuchk: [_ZN6npuchk19vsubreluconv_s162s8EPaPsS1_hhhhhhhbbb] -> 0xffff956fd684
npuchk: [_ZN6npuchk19vsubreluconv_s162s8EPaPsS1_hhhhhhhb] -> 0xffff95670b90
npuchk: [_ZN6npuchk23vsubreluconv_vdeqs162b8EPaPsS1_mb] -> (nil)
npuchk: [_ZN6npuchk23vsubreluconv_vdeqs162b8EPhPsS1_mb] -> (nil)
npuchk: [_ZN6npuchk23vsubreluconv_vdeqs162b8EPhPsS1_hhhhhhhbbb] -> (nil)
npuchk: [_ZN6npuchk23vsubreluconv_vdeqs162b8EPhPsS1_hhhhhhhb] -> (nil)
npuchk: [_ZN6npuchk23vsubreluconv_vdeqs162b8EPaPsS1_hhhhhhhbbb] -> (nil)
npuchk: [_ZN6npuchk23vsubreluconv_vdeqs162b8EPaPsS1_hhhhhhhb] -> (nil)
npuchk: [_ZN6npuchk10vtransposeEPsS0_] -> 0xffff956710d8
npuchk: [_ZN6npuchk10vtransposeEPtS0_] -> 0xffff95671310
npuchk: [_ZN6npuchk9wait_flagE6pipe_tS0_7event_t] -> 0xffff955d8b94
npuchk: [_ZN6npuchk9wait_flagE6pipe_t7event_t] -> (nil)
npuchk: [_ZN6npuchk9wait_flagE6pipe_tS0_m] -> (nil)
npuchk: [_ZN6npuchk9wait_flagE6pipe_tm] -> (nil)
npuchk: [_ZN6npuchk13wait_flag_devEl] -> 0xffff955d8e54
npuchk: [_ZN6npuchk13winograd_convEPiPsPam] -> (nil)
npuchk: [_ZN6npuchk13winograd_convEPiPsPattthhhb] -> (nil)
npuchk: [_ZN6npuchk13winograd_convEPiPaS1_m] -> (nil)
npuchk: [_ZN6npuchk13winograd_convEPiPaS1_ttthhhb] -> (nil)
npuchk: [_ZN6npuchk13get_workspaceEi] -> (nil)
npuchk: [_ZN6npuchk13set_core_typeEi] -> (nil)
npuchk: [_ZN6npuchk15get_process_numEv] -> (nil)
npuchk: [_ZN6npuchk13set_block_dimEi] -> (nil)
npuchk: [_ZN6npuchk18AscendCKernelBeginEPKciPm] -> 0xffff95552ac8
npuchk: [_ZN6npuchk16AscendCKernelEndEPKciPm] -> 0xffff95552b00
npuchk: [_ZN6npuchk17AscendCBlockBeginEiPKciPKm] -> 0xffff95552e24
npuchk: [_ZN6npuchk15AscendCBlockEndEiPKciPKm] -> 0xffff95552b28
npuchk: [_ZN6npuchk16AscendCQueCreateEhhh] -> 0xffff955531ec
npuchk: [_ZN6npuchk14AscendCBufInitEhhhmm] -> 0xffff955533e8
npuchk: [_ZN6npuchk15AscendCBufAllocEhhmm] -> 0xffff95553208
npuchk: [_ZN6npuchk14AscendCBufFreeEhhmm] -> 0xffff9555326c
npuchk: [_ZN6npuchk15AscendCBufEnqueEhhhm] -> 0xffff955534a4
npuchk: [_ZN6npuchk15AscendCBufDequeEhhhm] -> 0xffff95553500
npuchk: [_ZN6npuchk17AscendCBufAbsAddrEhmm] -> 0xffff955532d0
npuchk: [_ZN6npuchk13AscendCBufGetEhhmm] -> 0xffff9555355c
npuchk: [_ZN6npuchk19AscendCTBufPoolInitEhmmm] -> 0xffff955535d8
npuchk: [_ZN6npuchk27AscendCUpdateTbufPoolStatusEmb] -> 0xffff95553634
npuchk: [_ZN6npuchk26AscendCRecordPoolHierarchyEmm] -> 0xffff95553660
npuchk: [_ZN6npuchk25AscendCTBufPoolResetCheckEhmmm] -> 0xffff9555368c
npuchk: [_ZN6npuchk12batch_offsetEmm] -> (nil)
npuchk: [_ZN6npuchk12wait_and_setEPvS0_mm] -> (nil)
npuchk: [_ZN6npuchk9wait_syncEPvS0_S0_] -> (nil)
npuchk: [_ZN6npuchk11set_tensoraEPvS0_] -> (nil)
npuchk: [_ZN6npuchk11set_tensorbEPv] -> (nil)
npuchk: [_ZN6npuchk11get_tensorcEPv] -> (nil)
npuchk: [_ZN6npuchk13__ib_set_stubEiib] -> (nil)
npuchk: [_ZN6npuchk14__ib_wait_stubEiib] -> (nil)
npuchk: [_ZN6npuchk15__sync_all_stubEib] -> (nil)
