AscendC: [_ZN7AscendC5bcnt0Em] -> 0xffffac524c00
AscendC: [_ZN7AscendC5bcnt1Em] -> 0xffffac524c28
AscendC: [_ZN7AscendC18broadcast_ub_to_ccEPN7float165Fp16TES2_m] -> (nil)
AscendC: [_ZN7AscendC18broadcast_ub_to_ccEPN7float165Fp16TES2_hhhh] -> 0xffffac5627e0
AscendC: [_ZN7AscendC18broadcast_ub_to_ccEPN7float165Fp16TES2_hhhhb] -> (nil)
AscendC: [_ZN7AscendC18broadcast_ub_to_ccEPfS0_m] -> (nil)
AscendC: [_ZN7AscendC18broadcast_ub_to_ccEPfS0_hhhh] -> 0xffffac562640
AscendC: [_ZN7AscendC18broadcast_ub_to_ccEPfS0_hhhhb] -> (nil)
AscendC: [_ZN7AscendC18broadcast_ub_to_ccEPfPN7float165Fp16TEm] -> (nil)
AscendC: [_ZN7AscendC18broadcast_ub_to_ccEPfPN7float165Fp16TEhhhh] -> 0xffffac562980
AscendC: [_ZN7AscendC18broadcast_ub_to_ccEPfPN7float165Fp16TEhhhhb] -> (nil)
AscendC: [_ZN7AscendC18broadcast_ub_to_ccEPiS0_m] -> (nil)
AscendC: [_ZN7AscendC18broadcast_ub_to_ccEPiS0_hhhh] -> 0xffffac5624a0
AscendC: [_ZN7AscendC18broadcast_ub_to_ccEPiS0_hhhhb] -> (nil)
AscendC: [_ZN7AscendC3clzEm] -> 0xffffac524c50
AscendC: [_ZN7AscendC7col2imgEPN7float165Fp16TES2_mm] -> (nil)
AscendC: [_ZN7AscendC7col2imgEPN7float165Fp16TES2_shhshhhhhhhb] -> (nil)
AscendC: [_ZN7AscendC7col2imgEPfS0_mm] -> (nil)
AscendC: [_ZN7AscendC7col2imgEPfS0_shhshhhhhhhb] -> (nil)
AscendC: [_ZN7AscendC17compress_ub_to_gmEPhS0_S0_l] -> (nil)
AscendC: [_ZN7AscendC17compress_ub_to_gmEPhS0_S0_tbhh] -> (nil)
AscendC: [_ZN7AscendC17compress_ub_to_gmEPN7float165Fp16TES2_S2_l] -> (nil)
AscendC: [_ZN7AscendC17compress_ub_to_gmEPN7float165Fp16TES2_S2_tbhh] -> (nil)
AscendC: [_ZN7AscendC13conv_f322f16oEf] -> 0xffffac5284f8
AscendC: [_ZN7AscendC13conv_f322s32aEf] -> 0xffffac528b88
AscendC: [_ZN7AscendC13conv_f322s32cEf] -> 0xffffac528f58
AscendC: [_ZN7AscendC13conv_f322s32fEf] -> 0xffffac529310
AscendC: [_ZN7AscendC13conv_f322s32rEf] -> 0xffffac5296c8
AscendC: [_ZN7AscendC15copy_cbuf_to_btEmPvm] -> (nil)
AscendC: [_ZN7AscendC15copy_cbuf_to_btEmPvttttt] -> 0xffffac511aa0
AscendC: [_ZN7AscendC17copy_cbuf_to_fbufEPvS0_m] -> (nil)
AscendC: [_ZN7AscendC17copy_cbuf_to_fbufEPvS0_tttt] -> 0xffffac50f160
AscendC: [_ZN7AscendC15copy_cbuf_to_gmEPvS0_m] -> (nil)
AscendC: [_ZN7AscendC15copy_cbuf_to_gmEPvS0_htttt] -> 0xffffac5118b8
AscendC: [_ZN7AscendC21copy_cbuf_to_gm_alignEPN7float165Fp16TES2_htjjj] -> (nil)
AscendC: [_ZN7AscendC21copy_cbuf_to_gm_alignEPfS0_htjjj] -> (nil)
AscendC: [_ZN7AscendC21copy_cbuf_to_gm_alignEPsS0_htjjj] -> (nil)
AscendC: [_ZN7AscendC21copy_cbuf_to_gm_alignEPiS0_htjjj] -> (nil)
AscendC: [_ZN7AscendC21copy_cbuf_to_gm_alignEPaS0_htjjj] -> (nil)
AscendC: [_ZN7AscendC21copy_cbuf_to_gm_alignEPtS0_htjjj] -> (nil)
AscendC: [_ZN7AscendC21copy_cbuf_to_gm_alignEPjS0_htjjj] -> (nil)
AscendC: [_ZN7AscendC21copy_cbuf_to_gm_alignEPhS0_htjjj] -> (nil)
AscendC: [_ZN7AscendC17copy_cbuf_to_ubufEPvS0_m] -> (nil)
AscendC: [_ZN7AscendC17copy_cbuf_to_ubufEPvS0_htttt] -> 0xffffac510d38
AscendC: [_ZN7AscendC25copy_depthwise_cc_to_ubufEPN7float165Fp16TES2_m10ConvRelu_t] -> (nil)
AscendC: [_ZN7AscendC25copy_depthwise_cc_to_ubufEPN7float165Fp16TES2_htttt10ConvRelu_t] -> 0xffffac511c98
AscendC: [_ZN7AscendC25copy_depthwise_cc_to_ubufEPfPN7float165Fp16TEm10ConvRelu_t] -> (nil)
AscendC: [_ZN7AscendC25copy_depthwise_cc_to_ubufEPfPN7float165Fp16TEhtttt10ConvRelu_t] -> 0xffffac511e98
AscendC: [_ZN7AscendC25copy_depthwise_cc_to_ubufEPN7float165Fp16TEPfm10ConvRelu_t] -> (nil)
AscendC: [_ZN7AscendC25copy_depthwise_cc_to_ubufEPN7float165Fp16TEPfhtttt10ConvRelu_t] -> 0xffffac5120a8
AscendC: [_ZN7AscendC25copy_depthwise_cc_to_ubufEPfS0_m10ConvRelu_t] -> (nil)
AscendC: [_ZN7AscendC25copy_depthwise_cc_to_ubufEPfS0_htttt10ConvRelu_t] -> 0xffffac5122b8
AscendC: [_ZN7AscendC15copy_gm_to_cbufEPvS0_m5pad_t] -> (nil)
AscendC: [_ZN7AscendC15copy_gm_to_cbufEPvS0_htttt5pad_t] -> 0xffffac510f20
AscendC: [_ZN7AscendC31copy_gm_to_cbuf_multi_nd2nz_b16EPN7float165Fp16TES2_mm] -> (nil)
AscendC: [_ZN7AscendC31copy_gm_to_cbuf_multi_nd2nz_b16EPN7float165Fp16TES2_htttttttt] -> 0xffffac50c018
AscendC: [_ZN7AscendC31copy_gm_to_cbuf_multi_nd2nz_b16EPN8bfloat165Bf16TES2_mm] -> (nil)
AscendC: [_ZN7AscendC31copy_gm_to_cbuf_multi_nd2nz_b16EPN8bfloat165Bf16TES2_htttttttt] -> 0xffffac50c9d0
AscendC: [_ZN7AscendC31copy_gm_to_cbuf_multi_nd2nz_b16EPsS0_mm] -> (nil)
AscendC: [_ZN7AscendC31copy_gm_to_cbuf_multi_nd2nz_b16EPsS0_htttttttt] -> 0xffffac50c350
AscendC: [_ZN7AscendC31copy_gm_to_cbuf_multi_nd2nz_b16EPtS0_mm] -> (nil)
AscendC: [_ZN7AscendC31copy_gm_to_cbuf_multi_nd2nz_b16EPtS0_htttttttt] -> 0xffffac50c690
AscendC: [_ZN7AscendC32copy_gm_to_cbuf_multi_nd2nz_b32sEPfS0_mm] -> (nil)
AscendC: [_ZN7AscendC32copy_gm_to_cbuf_multi_nd2nz_b32sEPfS0_htttttttt] -> 0xffffac50cd10
AscendC: [_ZN7AscendC32copy_gm_to_cbuf_multi_nd2nz_b32sEPiS0_mm] -> (nil)
AscendC: [_ZN7AscendC32copy_gm_to_cbuf_multi_nd2nz_b32sEPiS0_htttttttt] -> 0xffffac50d050
AscendC: [_ZN7AscendC32copy_gm_to_cbuf_multi_nd2nz_b32sEPjS0_mm] -> (nil)
AscendC: [_ZN7AscendC32copy_gm_to_cbuf_multi_nd2nz_b32sEPjS0_htttttttt] -> 0xffffac50d390
AscendC: [_ZN7AscendC30copy_gm_to_cbuf_multi_nd2nz_b8EPaS0_mm] -> (nil)
AscendC: [_ZN7AscendC30copy_gm_to_cbuf_multi_nd2nz_b8EPaS0_htttttttt] -> 0xffffac50d6d0
AscendC: [_ZN7AscendC30copy_gm_to_cbuf_multi_nd2nz_b8EPhS0_mm] -> (nil)
AscendC: [_ZN7AscendC30copy_gm_to_cbuf_multi_nd2nz_b8EPhS0_htttttttt] -> 0xffffac50da10
AscendC: [_ZN7AscendC15copy_gm_to_ubufEPvS0_m] -> (nil)
AscendC: [_ZN7AscendC15copy_gm_to_ubufEPvS0_htttt] -> 0xffffac511110
AscendC: [_ZN7AscendC25copy_gm_to_ubuf_align_b16EPvS0_mm] -> (nil)
AscendC: [_ZN7AscendC25copy_gm_to_ubuf_align_b16EPvS0_htjhhjj] -> 0xffffac50f9e0
AscendC: [_ZN7AscendC25copy_gm_to_ubuf_align_b32EPvS0_mm] -> (nil)
AscendC: [_ZN7AscendC25copy_gm_to_ubuf_align_b32EPvS0_htjhhjj] -> 0xffffac50fa40
AscendC: [_ZN7AscendC24copy_gm_to_ubuf_align_b8EPvS0_mm] -> (nil)
AscendC: [_ZN7AscendC24copy_gm_to_ubuf_align_b8EPvS0_htjhhjj] -> 0xffffac50f980
AscendC: [_ZN7AscendC21copy_gm_to_ubuf_alignEPaS0_htjhhjj] -> (nil)
AscendC: [_ZN7AscendC21copy_gm_to_ubuf_alignEPhS0_htjhhjj] -> (nil)
AscendC: [_ZN7AscendC21copy_gm_to_ubuf_alignEPsS0_htjhhjj] -> (nil)
AscendC: [_ZN7AscendC21copy_gm_to_ubuf_alignEPtS0_htjhhjj] -> (nil)
AscendC: [_ZN7AscendC21copy_gm_to_ubuf_alignEPN7float165Fp16TES2_htjhhjj] -> (nil)
AscendC: [_ZN7AscendC21copy_gm_to_ubuf_alignEPiS0_htjhhjj] -> (nil)
AscendC: [_ZN7AscendC21copy_gm_to_ubuf_alignEPjS0_htjhhjj] -> (nil)
AscendC: [_ZN7AscendC21copy_gm_to_ubuf_alignEPfS0_htjhhjj] -> (nil)
AscendC: [_ZN7AscendC23copy_gm_to_ubuf_pad_b16EPvS0_mm] -> (nil)
AscendC: [_ZN7AscendC23copy_gm_to_ubuf_pad_b16EPvS0_htttthh] -> (nil)
AscendC: [_ZN7AscendC23copy_gm_to_ubuf_pad_b32EPvS0_mm] -> (nil)
AscendC: [_ZN7AscendC23copy_gm_to_ubuf_pad_b32EPvS0_htttthh] -> (nil)
AscendC: [_ZN7AscendC22copy_gm_to_ubuf_pad_b8EPvS0_mm] -> (nil)
AscendC: [_ZN7AscendC22copy_gm_to_ubuf_pad_b8EPvS0_htttthh] -> (nil)
AscendC: [_ZN7AscendC22copy_matrix_cbuf_to_ccEPN7float165Fp16TES2_m] -> (nil)
AscendC: [_ZN7AscendC22copy_matrix_cbuf_to_ccEPN7float165Fp16TES2_tttt] -> 0xffffac516140
AscendC: [_ZN7AscendC22copy_matrix_cbuf_to_ccEPN7float165Fp16TEPfm] -> (nil)
AscendC: [_ZN7AscendC22copy_matrix_cbuf_to_ccEPN7float165Fp16TEPftttt] -> 0xffffac516338
AscendC: [_ZN7AscendC22copy_matrix_cbuf_to_ccEPN8bfloat165Bf16TES2_m] -> (nil)
AscendC: [_ZN7AscendC22copy_matrix_cbuf_to_ccEPN8bfloat165Bf16TES2_tttt] -> 0xffffac515d48
AscendC: [_ZN7AscendC22copy_matrix_cbuf_to_ccEPN8bfloat165Bf16TEPfm] -> (nil)
AscendC: [_ZN7AscendC22copy_matrix_cbuf_to_ccEPN8bfloat165Bf16TEPftttt] -> 0xffffac515f40
AscendC: [_ZN7AscendC22copy_matrix_cbuf_to_ccEPfS0_m] -> (nil)
AscendC: [_ZN7AscendC22copy_matrix_cbuf_to_ccEPfS0_tttt] -> 0xffffac516538
AscendC: [_ZN7AscendC22copy_matrix_cbuf_to_ccEPiS0_m] -> (nil)
AscendC: [_ZN7AscendC22copy_matrix_cbuf_to_ccEPiS0_tttt] -> 0xffffac516730
AscendC: [_ZN7AscendC22copy_matrix_cbuf_to_ccEPjS0_m] -> (nil)
AscendC: [_ZN7AscendC22copy_matrix_cbuf_to_ccEPjS0_tttt] -> 0xffffac516928
AscendC: [_ZN7AscendC22copy_matrix_cc_to_cbufEPN7float165Fp16TEPfmm] -> (nil)
AscendC: [_ZN7AscendC22copy_matrix_cc_to_cbufEPN7float165Fp16TEPfhttjthh11QuantMode_thbbb] -> (nil)
AscendC: [_ZN7AscendC22copy_matrix_cc_to_cbufEPN7float165Fp16TEPfhttjthh11QuantMode_thbb14QuantMode_posthbhhb] -> (nil)
AscendC: [_ZN7AscendC22copy_matrix_cc_to_cbufEPN7float165Fp16TEPfhttjth11QuantMode_thbb] -> 0xffffac558e98
AscendC: [_ZN7AscendC22copy_matrix_cc_to_cbufEPN8bfloat165Bf16TEPfhttjth11QuantMode_thbb] -> 0xffffac558898
AscendC: [_ZN7AscendC22copy_matrix_cc_to_cbufEPN8bfloat165Bf16TEPfhttjthh11QuantMode_thbbb] -> (nil)
AscendC: [_ZN7AscendC22copy_matrix_cc_to_cbufEPfS0_mm] -> (nil)
AscendC: [_ZN7AscendC22copy_matrix_cc_to_cbufEPaPfmm] -> (nil)
AscendC: [_ZN7AscendC22copy_matrix_cc_to_cbufEPaPfhttjthh11QuantMode_thbbb] -> (nil)
AscendC: [_ZN7AscendC22copy_matrix_cc_to_cbufEPaPfhttjthh11QuantMode_thbb14QuantMode_posthbhhb] -> (nil)
AscendC: [_ZN7AscendC22copy_matrix_cc_to_cbufEPaPfhttjth11QuantMode_thbb] -> 0xffffac5594b8
AscendC: [_ZN7AscendC22copy_matrix_cc_to_cbufEPhPfmm] -> (nil)
AscendC: [_ZN7AscendC22copy_matrix_cc_to_cbufEPhPfhttjthh11QuantMode_thbbb] -> (nil)
AscendC: [_ZN7AscendC22copy_matrix_cc_to_cbufEPhPfhttjthh11QuantMode_thbb14QuantMode_posthbhhb] -> (nil)
AscendC: [_ZN7AscendC22copy_matrix_cc_to_cbufEPfS0_httjthh11QuantMode_thbbb] -> (nil)
AscendC: [_ZN7AscendC22copy_matrix_cc_to_cbufEPfS0_httjthh11QuantMode_thbb14QuantMode_posthbhhb] -> (nil)
AscendC: [_ZN7AscendC22copy_matrix_cc_to_cbufEPiS0_mm] -> (nil)
AscendC: [_ZN7AscendC22copy_matrix_cc_to_cbufEPN7float165Fp16TEPimm] -> (nil)
AscendC: [_ZN7AscendC22copy_matrix_cc_to_cbufEPN7float165Fp16TEPihttjthh11QuantMode_thbbb] -> (nil)
AscendC: [_ZN7AscendC22copy_matrix_cc_to_cbufEPN7float165Fp16TEPihttjthh11QuantMode_thbb14QuantMode_posthbhhb] -> (nil)
AscendC: [_ZN7AscendC22copy_matrix_cc_to_cbufEPN7float165Fp16TEPihttjth11QuantMode_thbb] -> 0xffffac5591a8
AscendC: [_ZN7AscendC22copy_matrix_cc_to_cbufEPsPimm] -> (nil)
AscendC: [_ZN7AscendC22copy_matrix_cc_to_cbufEPsPihttjth11QuantMode_thbb] -> (nil)
AscendC: [_ZN7AscendC22copy_matrix_cc_to_cbufEPaPimm] -> (nil)
AscendC: [_ZN7AscendC22copy_matrix_cc_to_cbufEPaPihttjthh11QuantMode_thbbb] -> (nil)
AscendC: [_ZN7AscendC22copy_matrix_cc_to_cbufEPaPihttjthh11QuantMode_thbb14QuantMode_posthbhhb] -> (nil)
AscendC: [_ZN7AscendC22copy_matrix_cc_to_cbufEPaPihttjth11QuantMode_thbb] -> 0xffffac5597c8
AscendC: [_ZN7AscendC22copy_matrix_cc_to_cbufEPhPimm] -> (nil)
AscendC: [_ZN7AscendC22copy_matrix_cc_to_cbufEPhPihttjthh11QuantMode_thbbb] -> (nil)
AscendC: [_ZN7AscendC22copy_matrix_cc_to_cbufEPhPihttjthh11QuantMode_thbb14QuantMode_posthbhhb] -> (nil)
AscendC: [_ZN7AscendC22copy_matrix_cc_to_cbufEPhPihttjth11QuantMode_thbb] -> 0xffffac559de8
AscendC: [_ZN7AscendC22copy_matrix_cc_to_cbufEPiS0_httjthh11QuantMode_thbbb] -> (nil)
AscendC: [_ZN7AscendC22copy_matrix_cc_to_cbufEPiS0_httjthh11QuantMode_thbb14QuantMode_posthbhhb] -> (nil)
AscendC: [_ZN7AscendC25copy_matrix_cc_to_cbuf_b4EPvPfmm] -> (nil)
AscendC: [_ZN7AscendC25copy_matrix_cc_to_cbuf_b4EPvPfhttjth11QuantMode_thbb] -> (nil)
AscendC: [_ZN7AscendC25copy_matrix_cc_to_cbuf_b4EPvPimm] -> (nil)
AscendC: [_ZN7AscendC25copy_matrix_cc_to_cbuf_b4EPvPihttjth11QuantMode_thbb] -> (nil)
AscendC: [_ZN7AscendC27copy_matrix_cc_to_cbuf_bf16EPtPfmm] -> (nil)
AscendC: [_ZN7AscendC27copy_matrix_cc_to_cbuf_bf16EPtPfhttjthh11QuantMode_thbbb] -> (nil)
AscendC: [_ZN7AscendC27copy_matrix_cc_to_cbuf_bf16EPtPfhttjthh11QuantMode_thbb14QuantMode_posthbhhb] -> (nil)
AscendC: [_ZN7AscendC27copy_matrix_cc_to_cbuf_bf16EPtPfhttjth11QuantMode_thbb] -> (nil)
AscendC: [_ZN7AscendC25copy_matrix_cc_to_cbuf_s4EPvPfmm] -> (nil)
AscendC: [_ZN7AscendC25copy_matrix_cc_to_cbuf_s4EPvPfhttjthh11QuantMode_thbbb] -> (nil)
AscendC: [_ZN7AscendC25copy_matrix_cc_to_cbuf_s4EPvPfhttjthh11QuantMode_thbb14QuantMode_posthbhhb] -> (nil)
AscendC: [_ZN7AscendC25copy_matrix_cc_to_cbuf_s4EPvPimm] -> (nil)
AscendC: [_ZN7AscendC25copy_matrix_cc_to_cbuf_s4EPvPihttjthh11QuantMode_thbbb] -> (nil)
AscendC: [_ZN7AscendC25copy_matrix_cc_to_cbuf_s4EPvPihttjthh11QuantMode_thbb14QuantMode_posthbhhb] -> (nil)
AscendC: [_ZN7AscendC20copy_matrix_cc_to_gmEPN7float165Fp16TEPfmm] -> (nil)
AscendC: [_ZN7AscendC20copy_matrix_cc_to_gmEPN7float165Fp16TEPfhttjthh11QuantMode_thbbb] -> (nil)
AscendC: [_ZN7AscendC20copy_matrix_cc_to_gmEPN7float165Fp16TEPfhttjthh11QuantMode_thbb14QuantMode_posthbhhb] -> (nil)
AscendC: [_ZN7AscendC20copy_matrix_cc_to_gmEPN7float165Fp16TEPfhttjth11QuantMode_thbb] -> 0xffffac559028
AscendC: [_ZN7AscendC20copy_matrix_cc_to_gmEPfS0_mm] -> (nil)
AscendC: [_ZN7AscendC20copy_matrix_cc_to_gmEPaPfmm] -> (nil)
AscendC: [_ZN7AscendC20copy_matrix_cc_to_gmEPaPfhttjthh11QuantMode_thbbb] -> (nil)
AscendC: [_ZN7AscendC20copy_matrix_cc_to_gmEPaPfhttjthh11QuantMode_thbb14QuantMode_posthbhhb] -> (nil)
AscendC: [_ZN7AscendC20copy_matrix_cc_to_gmEPaPfhttjth11QuantMode_thbb] -> 0xffffac559648
AscendC: [_ZN7AscendC20copy_matrix_cc_to_gmEPhPfmm] -> (nil)
AscendC: [_ZN7AscendC20copy_matrix_cc_to_gmEPhPfhttjthh11QuantMode_thbbb] -> (nil)
AscendC: [_ZN7AscendC20copy_matrix_cc_to_gmEPhPfhttjthh11QuantMode_thbb14QuantMode_posthbhhb] -> (nil)
AscendC: [_ZN7AscendC20copy_matrix_cc_to_gmEPhPfhttjth11QuantMode_thbb] -> 0xffffac559c68
AscendC: [_ZN7AscendC20copy_matrix_cc_to_gmEPfS0_httjthh11QuantMode_thbbb] -> (nil)
AscendC: [_ZN7AscendC20copy_matrix_cc_to_gmEPfS0_httjthh11QuantMode_thbb14QuantMode_posthbhhb] -> (nil)
AscendC: [_ZN7AscendC20copy_matrix_cc_to_gmEPfS0_httjth11QuantMode_thbb] -> 0xffffac558ba8
AscendC: [_ZN7AscendC20copy_matrix_cc_to_gmEPiS0_mm] -> (nil)
AscendC: [_ZN7AscendC20copy_matrix_cc_to_gmEPN7float165Fp16TEPimm] -> (nil)
AscendC: [_ZN7AscendC20copy_matrix_cc_to_gmEPN7float165Fp16TEPihttjthh11QuantMode_thbbb] -> (nil)
AscendC: [_ZN7AscendC20copy_matrix_cc_to_gmEPN7float165Fp16TEPihttjthh11QuantMode_thbb14QuantMode_posthbhhb] -> (nil)
AscendC: [_ZN7AscendC20copy_matrix_cc_to_gmEPN7float165Fp16TEPihttjth11QuantMode_thbb] -> 0xffffac559338
AscendC: [_ZN7AscendC20copy_matrix_cc_to_gmEPsPimm] -> (nil)
AscendC: [_ZN7AscendC20copy_matrix_cc_to_gmEPsPihttjth11QuantMode_thbb] -> (nil)
AscendC: [_ZN7AscendC20copy_matrix_cc_to_gmEPaPimm] -> (nil)
AscendC: [_ZN7AscendC20copy_matrix_cc_to_gmEPaPihttjthh11QuantMode_thbbb] -> (nil)
AscendC: [_ZN7AscendC20copy_matrix_cc_to_gmEPaPihttjthh11QuantMode_thbb14QuantMode_posthbhhb] -> (nil)
AscendC: [_ZN7AscendC20copy_matrix_cc_to_gmEPaPihttjth11QuantMode_thbb] -> 0xffffac559958
AscendC: [_ZN7AscendC20copy_matrix_cc_to_gmEPhPimm] -> (nil)
AscendC: [_ZN7AscendC20copy_matrix_cc_to_gmEPhPihttjthh11QuantMode_thbbb] -> (nil)
AscendC: [_ZN7AscendC20copy_matrix_cc_to_gmEPhPihttjthh11QuantMode_thbb14QuantMode_posthbhhb] -> (nil)
AscendC: [_ZN7AscendC20copy_matrix_cc_to_gmEPhPihttjth11QuantMode_thbb] -> 0xffffac559f78
AscendC: [_ZN7AscendC20copy_matrix_cc_to_gmEPiS0_httjthh11QuantMode_thbbb] -> (nil)
AscendC: [_ZN7AscendC20copy_matrix_cc_to_gmEPiS0_httjthh11QuantMode_thbb14QuantMode_posthbhhb] -> (nil)
AscendC: [_ZN7AscendC20copy_matrix_cc_to_gmEPiS0_httjth11QuantMode_thbb] -> 0xffffac558d20
AscendC: [_ZN7AscendC20copy_matrix_cc_to_gmEPN8bfloat165Bf16TEPfhttjth11QuantMode_thbb] -> 0xffffac558a28
AscendC: [_ZN7AscendC20copy_matrix_cc_to_gmEPN8bfloat165Bf16TEPfhttjthh11QuantMode_thbbb] -> (nil)
AscendC: [_ZN7AscendC23copy_matrix_cc_to_gm_b4EPvPfmm] -> (nil)
AscendC: [_ZN7AscendC23copy_matrix_cc_to_gm_b4EPvPfhttjth11QuantMode_thbb] -> (nil)
AscendC: [_ZN7AscendC23copy_matrix_cc_to_gm_b4EPvPimm] -> (nil)
AscendC: [_ZN7AscendC23copy_matrix_cc_to_gm_b4EPvPihttjth11QuantMode_thbb] -> (nil)
AscendC: [_ZN7AscendC25copy_matrix_cc_to_gm_bf16EPtPfmm] -> (nil)
AscendC: [_ZN7AscendC25copy_matrix_cc_to_gm_bf16EPtPfhttjthh11QuantMode_thbbb] -> (nil)
AscendC: [_ZN7AscendC25copy_matrix_cc_to_gm_bf16EPtPfhttjthh11QuantMode_thbb14QuantMode_posthbhhb] -> (nil)
AscendC: [_ZN7AscendC25copy_matrix_cc_to_gm_bf16EPtPfhttjth11QuantMode_thbb] -> (nil)
AscendC: [_ZN7AscendC23copy_matrix_cc_to_gm_s4EPvPfmm] -> (nil)
AscendC: [_ZN7AscendC23copy_matrix_cc_to_gm_s4EPvPfhttjthh11QuantMode_thbbb] -> (nil)
AscendC: [_ZN7AscendC23copy_matrix_cc_to_gm_s4EPvPfhttjthh11QuantMode_thbb14QuantMode_posthbhhb] -> (nil)
AscendC: [_ZN7AscendC23copy_matrix_cc_to_gm_s4EPvPimm] -> (nil)
AscendC: [_ZN7AscendC23copy_matrix_cc_to_gm_s4EPvPihttjthh11QuantMode_thbbb] -> (nil)
AscendC: [_ZN7AscendC23copy_matrix_cc_to_gm_s4EPvPihttjthh11QuantMode_thbb14QuantMode_posthbhhb] -> (nil)
AscendC: [_ZN7AscendC20copy_matrix_cc_to_ubEPN7float165Fp16TEPfmm] -> (nil)
AscendC: [_ZN7AscendC20copy_matrix_cc_to_ubEPN7float165Fp16TEPfhttjthh11QuantMode_thbbb] -> (nil)
AscendC: [_ZN7AscendC20copy_matrix_cc_to_ubEPN8bfloat165Bf16TEPfhttjthh11QuantMode_thbbb] -> (nil)
AscendC: [_ZN7AscendC20copy_matrix_cc_to_ubEPN7float165Fp16TEPfhttjthh11QuantMode_thbb14QuantMode_posthbhhb] -> (nil)
AscendC: [_ZN7AscendC20copy_matrix_cc_to_ubEPaPfmm] -> (nil)
AscendC: [_ZN7AscendC20copy_matrix_cc_to_ubEPaPfhttjthh11QuantMode_thbbb] -> (nil)
AscendC: [_ZN7AscendC20copy_matrix_cc_to_ubEPaPfhttjthh11QuantMode_thbb14QuantMode_posthbhhb] -> (nil)
AscendC: [_ZN7AscendC20copy_matrix_cc_to_ubEPhPfmm] -> (nil)
AscendC: [_ZN7AscendC20copy_matrix_cc_to_ubEPhPfhttjthh11QuantMode_thbbb] -> (nil)
AscendC: [_ZN7AscendC20copy_matrix_cc_to_ubEPhPfhttjthh11QuantMode_thbb14QuantMode_posthbhhb] -> (nil)
AscendC: [_ZN7AscendC20copy_matrix_cc_to_ubEPfS0_mm] -> (nil)
AscendC: [_ZN7AscendC20copy_matrix_cc_to_ubEPfS0_httjthh11QuantMode_thbbb] -> (nil)
AscendC: [_ZN7AscendC20copy_matrix_cc_to_ubEPfS0_httjthh11QuantMode_thbb14QuantMode_posthbhhb] -> (nil)
AscendC: [_ZN7AscendC20copy_matrix_cc_to_ubEPN7float165Fp16TEPimm] -> (nil)
AscendC: [_ZN7AscendC20copy_matrix_cc_to_ubEPN7float165Fp16TEPihttjthh11QuantMode_thbbb] -> (nil)
AscendC: [_ZN7AscendC20copy_matrix_cc_to_ubEPN7float165Fp16TEPihttjthh11QuantMode_thbb14QuantMode_posthbhhb] -> (nil)
AscendC: [_ZN7AscendC20copy_matrix_cc_to_ubEPaPimm] -> (nil)
AscendC: [_ZN7AscendC20copy_matrix_cc_to_ubEPaPihttjthh11QuantMode_thbbb] -> (nil)
AscendC: [_ZN7AscendC20copy_matrix_cc_to_ubEPaPihttjthh11QuantMode_thbb14QuantMode_posthbhhb] -> (nil)
AscendC: [_ZN7AscendC20copy_matrix_cc_to_ubEPhPimm] -> (nil)
AscendC: [_ZN7AscendC20copy_matrix_cc_to_ubEPhPihttjthh11QuantMode_thbbb] -> (nil)
AscendC: [_ZN7AscendC20copy_matrix_cc_to_ubEPhPihttjthh11QuantMode_thbb14QuantMode_posthbhhb] -> (nil)
AscendC: [_ZN7AscendC20copy_matrix_cc_to_ubEPiS0_mm] -> (nil)
AscendC: [_ZN7AscendC20copy_matrix_cc_to_ubEPiS0_httjthh11QuantMode_thbbb] -> (nil)
AscendC: [_ZN7AscendC20copy_matrix_cc_to_ubEPiS0_httjthh11QuantMode_thbb14QuantMode_posthbhhb] -> (nil)
AscendC: [_ZN7AscendC25copy_matrix_cc_to_ub_bf16EPtPfmm] -> (nil)
AscendC: [_ZN7AscendC25copy_matrix_cc_to_ub_bf16EPtPfhttjthh11QuantMode_thbbb] -> (nil)
AscendC: [_ZN7AscendC25copy_matrix_cc_to_ub_bf16EPtPfhttjthh11QuantMode_thbb14QuantMode_posthbhhb] -> (nil)
AscendC: [_ZN7AscendC23copy_matrix_cc_to_ub_s4EPvPfmm] -> (nil)
AscendC: [_ZN7AscendC23copy_matrix_cc_to_ub_s4EPvPfhttjthh11QuantMode_thbbb] -> (nil)
AscendC: [_ZN7AscendC23copy_matrix_cc_to_ub_s4EPvPfhttjthh11QuantMode_thbb14QuantMode_posthbhhb] -> (nil)
AscendC: [_ZN7AscendC23copy_matrix_cc_to_ub_s4EPvPimm] -> (nil)
AscendC: [_ZN7AscendC23copy_matrix_cc_to_ub_s4EPvPihttjthh11QuantMode_thbbb] -> (nil)
AscendC: [_ZN7AscendC23copy_matrix_cc_to_ub_s4EPvPihttjthh11QuantMode_thbb14QuantMode_posthbhhb] -> (nil)
AscendC: [_ZN7AscendC22copy_matrix_cc_to_ubufEPN7float165Fp16TES2_m10ConvRelu_t] -> (nil)
AscendC: [_ZN7AscendC22copy_matrix_cc_to_ubufEPN7float165Fp16TES2_htttt10ConvRelu_t] -> 0xffffac5124b8
AscendC: [_ZN7AscendC22copy_matrix_cc_to_ubufEPN7float165Fp16TEPfm10ConvRelu_t] -> (nil)
AscendC: [_ZN7AscendC22copy_matrix_cc_to_ubufEPN7float165Fp16TEPfhtttt10ConvRelu_t] -> 0xffffac5126b8
AscendC: [_ZN7AscendC22copy_matrix_cc_to_ubufEPfS0_m10ConvRelu_t] -> (nil)
AscendC: [_ZN7AscendC22copy_matrix_cc_to_ubufEPfS0_htttt10ConvRelu_t] -> 0xffffac5128c0
AscendC: [_ZN7AscendC22copy_matrix_cc_to_ubufEPN7float165Fp16TEPim10ConvRelu_t] -> (nil)
AscendC: [_ZN7AscendC22copy_matrix_cc_to_ubufEPN7float165Fp16TEPihtttt10ConvRelu_t] -> 0xffffac512ac0
AscendC: [_ZN7AscendC22copy_matrix_cc_to_ubufEPsPim10ConvRelu_t] -> (nil)
AscendC: [_ZN7AscendC22copy_matrix_cc_to_ubufEPsPihtttt10ConvRelu_t] -> 0xffffac512cc8
AscendC: [_ZN7AscendC22copy_matrix_cc_to_ubufEPiS0_m10ConvRelu_t] -> (nil)
AscendC: [_ZN7AscendC22copy_matrix_cc_to_ubufEPiS0_htttt10ConvRelu_t] -> 0xffffac512ed0
AscendC: [_ZN7AscendC22copy_matrix_cc_to_ubufEPaPim10ConvRelu_t] -> (nil)
AscendC: [_ZN7AscendC22copy_matrix_cc_to_ubufEPaPihtttt10ConvRelu_t] -> 0xffffac5130d0
AscendC: [_ZN7AscendC22copy_matrix_cc_to_ubufEPjS0_m10ConvRelu_t] -> (nil)
AscendC: [_ZN7AscendC22copy_matrix_cc_to_ubufEPjS0_htttt10ConvRelu_t] -> 0xffffac5132d8
AscendC: [_ZN7AscendC22copy_matrix_cc_to_ubufEPhPim10ConvRelu_t] -> (nil)
AscendC: [_ZN7AscendC22copy_matrix_cc_to_ubufEPhPihtttt10ConvRelu_t] -> 0xffffac5134d8
AscendC: [_ZN7AscendC22copy_matrix_ubuf_to_ccEPN7float165Fp16TES2_m10ConvRelu_t] -> (nil)
AscendC: [_ZN7AscendC22copy_matrix_ubuf_to_ccEPN7float165Fp16TES2_htttt10ConvRelu_t] -> 0xffffac5136e0
AscendC: [_ZN7AscendC22copy_matrix_ubuf_to_ccEPfS0_m10ConvRelu_t] -> (nil)
AscendC: [_ZN7AscendC22copy_matrix_ubuf_to_ccEPfS0_htttt10ConvRelu_t] -> 0xffffac5138e0
AscendC: [_ZN7AscendC22copy_matrix_ubuf_to_ccEPfPN7float165Fp16TEm10ConvRelu_t] -> (nil)
AscendC: [_ZN7AscendC22copy_matrix_ubuf_to_ccEPfPN7float165Fp16TEhtttt10ConvRelu_t] -> 0xffffac513ae0
AscendC: [_ZN7AscendC22copy_matrix_ubuf_to_ccEPiS0_m10ConvRelu_t] -> (nil)
AscendC: [_ZN7AscendC22copy_matrix_ubuf_to_ccEPiS0_htttt10ConvRelu_t] -> 0xffffac513ce8
AscendC: [_ZN7AscendC22copy_matrix_ubuf_to_ccEPjS0_m10ConvRelu_t] -> (nil)
AscendC: [_ZN7AscendC22copy_matrix_ubuf_to_ccEPjS0_htttt10ConvRelu_t] -> 0xffffac513ee8
AscendC: [_ZN7AscendC28copy_small_matrix_cc_to_ubufEPN7float165Fp16TEPim10ConvRelu_t] -> (nil)
AscendC: [_ZN7AscendC28copy_small_matrix_cc_to_ubufEPN7float165Fp16TEPihtttt10ConvRelu_t] -> (nil)
AscendC: [_ZN7AscendC28copy_small_matrix_cc_to_ubufEPsPim10ConvRelu_t] -> (nil)
AscendC: [_ZN7AscendC28copy_small_matrix_cc_to_ubufEPsPihtttt10ConvRelu_t] -> (nil)
AscendC: [_ZN7AscendC28copy_small_matrix_cc_to_ubufEPiS0_m10ConvRelu_t] -> (nil)
AscendC: [_ZN7AscendC28copy_small_matrix_cc_to_ubufEPiS0_htttt10ConvRelu_t] -> (nil)
AscendC: [_ZN7AscendC28copy_small_matrix_cc_to_ubufEPaPim10ConvRelu_t] -> (nil)
AscendC: [_ZN7AscendC28copy_small_matrix_cc_to_ubufEPaPihtttt10ConvRelu_t] -> (nil)
AscendC: [_ZN7AscendC28copy_small_matrix_cc_to_ubufEPjS0_m10ConvRelu_t] -> (nil)
AscendC: [_ZN7AscendC28copy_small_matrix_cc_to_ubufEPjS0_htttt10ConvRelu_t] -> (nil)
AscendC: [_ZN7AscendC28copy_small_matrix_cc_to_ubufEPhPim10ConvRelu_t] -> (nil)
AscendC: [_ZN7AscendC28copy_small_matrix_cc_to_ubufEPhPihtttt10ConvRelu_t] -> (nil)
AscendC: [_ZN7AscendC28copy_small_matrix_ubuf_to_ccEPiS0_m10ConvRelu_t] -> (nil)
AscendC: [_ZN7AscendC28copy_small_matrix_ubuf_to_ccEPiS0_htttt10ConvRelu_t] -> (nil)
AscendC: [_ZN7AscendC28copy_small_matrix_ubuf_to_ccEPjS0_m10ConvRelu_t] -> (nil)
AscendC: [_ZN7AscendC28copy_small_matrix_ubuf_to_ccEPjS0_htttt10ConvRelu_t] -> (nil)
AscendC: [_ZN7AscendC17copy_ubuf_to_cbufEPvS0_m] -> (nil)
AscendC: [_ZN7AscendC17copy_ubuf_to_cbufEPvS0_htttt] -> 0xffffac5112f8
AscendC: [_ZN7AscendC17copy_ubuf_to_fbufEPvS0_m] -> (nil)
AscendC: [_ZN7AscendC17copy_ubuf_to_fbufEPvS0_9CvtMode_ttttt] -> (nil)
AscendC: [_ZN7AscendC15copy_ubuf_to_gmEPvS0_m] -> (nil)
AscendC: [_ZN7AscendC15copy_ubuf_to_gmEPvS0_m4bm_t] -> (nil)
AscendC: [_ZN7AscendC15copy_ubuf_to_gmEPvS0_htttt4bm_t] -> (nil)
AscendC: [_ZN7AscendC15copy_ubuf_to_gmEPvS0_htttt] -> 0xffffac5114e0
AscendC: [_ZN7AscendC25copy_ubuf_to_gm_align_b16EPvS0_mm] -> (nil)
AscendC: [_ZN7AscendC25copy_ubuf_to_gm_align_b16EPvS0_htjhhjj] -> 0xffffac50fb00
AscendC: [_ZN7AscendC25copy_ubuf_to_gm_align_b32EPvS0_mm] -> (nil)
AscendC: [_ZN7AscendC25copy_ubuf_to_gm_align_b32EPvS0_htjhhjj] -> 0xffffac50fb60
AscendC: [_ZN7AscendC24copy_ubuf_to_gm_align_b8EPvS0_mm] -> (nil)
AscendC: [_ZN7AscendC24copy_ubuf_to_gm_align_b8EPvS0_htjhhjj] -> 0xffffac50faa0
AscendC: [_ZN7AscendC21copy_ubuf_to_gm_alignEPaS0_htjjj] -> (nil)
AscendC: [_ZN7AscendC21copy_ubuf_to_gm_alignEPhS0_htjjj] -> (nil)
AscendC: [_ZN7AscendC21copy_ubuf_to_gm_alignEPsS0_htjjj] -> (nil)
AscendC: [_ZN7AscendC21copy_ubuf_to_gm_alignEPtS0_htjjj] -> (nil)
AscendC: [_ZN7AscendC21copy_ubuf_to_gm_alignEPN7float165Fp16TES2_htjjj] -> (nil)
AscendC: [_ZN7AscendC21copy_ubuf_to_gm_alignEPiS0_htjjj] -> (nil)
AscendC: [_ZN7AscendC21copy_ubuf_to_gm_alignEPjS0_htjjj] -> (nil)
AscendC: [_ZN7AscendC21copy_ubuf_to_gm_alignEPfS0_htjjj] -> (nil)
AscendC: [_ZN7AscendC23copy_ubuf_to_gm_pad_b16EPvS0_mm] -> (nil)
AscendC: [_ZN7AscendC23copy_ubuf_to_gm_pad_b16EPvS0_htttthh] -> (nil)
AscendC: [_ZN7AscendC23copy_ubuf_to_gm_pad_b32EPvS0_mm] -> (nil)
AscendC: [_ZN7AscendC23copy_ubuf_to_gm_pad_b32EPvS0_htttthh] -> (nil)
AscendC: [_ZN7AscendC22copy_ubuf_to_gm_pad_b8EPvS0_mm] -> (nil)
AscendC: [_ZN7AscendC22copy_ubuf_to_gm_pad_b8EPvS0_htttthh] -> (nil)
AscendC: [_ZN7AscendC17copy_ubuf_to_ubufEPvS0_m] -> (nil)
AscendC: [_ZN7AscendC17copy_ubuf_to_ubufEPvS0_htttt] -> 0xffffac5116d0
AscendC: [_ZN7AscendC22copy_vector_cc_to_ubufEPN7float165Fp16TES2_m10ConvRelu_t] -> (nil)
AscendC: [_ZN7AscendC22copy_vector_cc_to_ubufEPN7float165Fp16TES2_htttt10ConvRelu_t] -> 0xffffac5140e8
AscendC: [_ZN7AscendC22copy_vector_cc_to_ubufEPN7float165Fp16TEPfm10ConvRelu_t] -> (nil)
AscendC: [_ZN7AscendC22copy_vector_cc_to_ubufEPN7float165Fp16TEPfhtttt10ConvRelu_t] -> 0xffffac5142e8
AscendC: [_ZN7AscendC22copy_vector_cc_to_ubufEPfS0_m10ConvRelu_t] -> (nil)
AscendC: [_ZN7AscendC22copy_vector_cc_to_ubufEPfS0_htttt10ConvRelu_t] -> 0xffffac5144f8
AscendC: [_ZN7AscendC22copy_vector_cc_to_ubufEPN7float165Fp16TEPim10ConvRelu_t] -> (nil)
AscendC: [_ZN7AscendC22copy_vector_cc_to_ubufEPN7float165Fp16TEPihtttt10ConvRelu_t] -> 0xffffac5146f8
AscendC: [_ZN7AscendC22copy_vector_cc_to_ubufEPsPim10ConvRelu_t] -> (nil)
AscendC: [_ZN7AscendC22copy_vector_cc_to_ubufEPsPihtttt10ConvRelu_t] -> 0xffffac514908
AscendC: [_ZN7AscendC22copy_vector_cc_to_ubufEPiS0_m10ConvRelu_t] -> (nil)
AscendC: [_ZN7AscendC22copy_vector_cc_to_ubufEPiS0_htttt10ConvRelu_t] -> 0xffffac514b18
AscendC: [_ZN7AscendC22copy_vector_cc_to_ubufEPaPim10ConvRelu_t] -> (nil)
AscendC: [_ZN7AscendC22copy_vector_cc_to_ubufEPaPihtttt10ConvRelu_t] -> 0xffffac514d18
AscendC: [_ZN7AscendC22copy_vector_cc_to_ubufEPjS0_m10ConvRelu_t] -> (nil)
AscendC: [_ZN7AscendC22copy_vector_cc_to_ubufEPjS0_htttt10ConvRelu_t] -> 0xffffac514f28
AscendC: [_ZN7AscendC22copy_vector_cc_to_ubufEPhPim10ConvRelu_t] -> (nil)
AscendC: [_ZN7AscendC22copy_vector_cc_to_ubufEPhPihtttt10ConvRelu_t] -> 0xffffac515128
AscendC: [_ZN7AscendC22copy_vector_ubuf_to_ccEPN7float165Fp16TES2_m10ConvRelu_t] -> (nil)
AscendC: [_ZN7AscendC22copy_vector_ubuf_to_ccEPN7float165Fp16TES2_htttt10ConvRelu_t] -> 0xffffac515338
AscendC: [_ZN7AscendC22copy_vector_ubuf_to_ccEPfS0_m10ConvRelu_t] -> (nil)
AscendC: [_ZN7AscendC22copy_vector_ubuf_to_ccEPfS0_htttt10ConvRelu_t] -> 0xffffac515538
AscendC: [_ZN7AscendC22copy_vector_ubuf_to_ccEPfPN7float165Fp16TEm10ConvRelu_t] -> (nil)
AscendC: [_ZN7AscendC22copy_vector_ubuf_to_ccEPfPN7float165Fp16TEhtttt10ConvRelu_t] -> 0xffffac515738
AscendC: [_ZN7AscendC22copy_vector_ubuf_to_ccEPiS0_m10ConvRelu_t] -> (nil)
AscendC: [_ZN7AscendC22copy_vector_ubuf_to_ccEPiS0_htttt10ConvRelu_t] -> 0xffffac515948
AscendC: [_ZN7AscendC22copy_vector_ubuf_to_ccEPjS0_m10ConvRelu_t] -> (nil)
AscendC: [_ZN7AscendC22copy_vector_ubuf_to_ccEPjS0_htttt10ConvRelu_t] -> 0xffffac515b48
AscendC: [_ZN7AscendC16create_ca_matrixEPvlN7float165Fp16TE] -> (nil)
AscendC: [_ZN7AscendC16create_ca_matrixEPN7float165Fp16TElS1_] -> 0xffffac569e30
AscendC: [_ZN7AscendC16create_ca_matrixEPslN7float165Fp16TE] -> 0xffffac56a3b8
AscendC: [_ZN7AscendC16create_ca_matrixEPtlN7float165Fp16TE] -> 0xffffac56a940
AscendC: [_ZN7AscendC16create_ca_matrixEPN7float165Fp16TElj] -> (nil)
AscendC: [_ZN7AscendC16create_ca_matrixEPflj] -> 0xffffac56b850
AscendC: [_ZN7AscendC16create_ca_matrixEPflN7float165Fp16TE] -> (nil)
AscendC: [_ZN7AscendC16create_ca_matrixEPslj] -> (nil)
AscendC: [_ZN7AscendC16create_ca_matrixEPilj] -> 0xffffac56aec0
AscendC: [_ZN7AscendC16create_ca_matrixEPilN7float165Fp16TE] -> (nil)
AscendC: [_ZN7AscendC16create_ca_matrixEPtlj] -> (nil)
AscendC: [_ZN7AscendC16create_ca_matrixEPjlj] -> 0xffffac56b388
AscendC: [_ZN7AscendC16create_ca_matrixEPjlN7float165Fp16TE] -> (nil)
AscendC: [_ZN7AscendC21create_ca_matrix_bf16EPN8bfloat165Bf16TElS1_] -> 0xffffac56bd18
AscendC: [_ZN7AscendC16create_cb_matrixEPvlN7float165Fp16TE] -> (nil)
AscendC: [_ZN7AscendC16create_cb_matrixEPN7float165Fp16TElS1_] -> 0xffffac56a008
AscendC: [_ZN7AscendC16create_cb_matrixEPslN7float165Fp16TE] -> 0xffffac56a590
AscendC: [_ZN7AscendC16create_cb_matrixEPtlN7float165Fp16TE] -> 0xffffac56ab18
AscendC: [_ZN7AscendC16create_cb_matrixEPN7float165Fp16TElj] -> (nil)
AscendC: [_ZN7AscendC16create_cb_matrixEPflj] -> 0xffffac56b9e8
AscendC: [_ZN7AscendC16create_cb_matrixEPflN7float165Fp16TE] -> (nil)
AscendC: [_ZN7AscendC16create_cb_matrixEPslj] -> (nil)
AscendC: [_ZN7AscendC16create_cb_matrixEPilj] -> 0xffffac56b058
AscendC: [_ZN7AscendC16create_cb_matrixEPilN7float165Fp16TE] -> (nil)
AscendC: [_ZN7AscendC16create_cb_matrixEPtlj] -> (nil)
AscendC: [_ZN7AscendC16create_cb_matrixEPjlj] -> 0xffffac56b520
AscendC: [_ZN7AscendC16create_cb_matrixEPjlN7float165Fp16TE] -> (nil)
AscendC: [_ZN7AscendC21create_cb_matrix_bf16EPN8bfloat165Bf16TElS1_] -> 0xffffac56bef0
AscendC: [_ZN7AscendC18create_cbuf_matrixEPvlN7float165Fp16TE] -> (nil)
AscendC: [_ZN7AscendC18create_cbuf_matrixEPN7float165Fp16TElS1_] -> 0xffffac56a1e0
AscendC: [_ZN7AscendC18create_cbuf_matrixEPslN7float165Fp16TE] -> 0xffffac56a768
AscendC: [_ZN7AscendC18create_cbuf_matrixEPtlN7float165Fp16TE] -> 0xffffac56acf0
AscendC: [_ZN7AscendC18create_cbuf_matrixEPN7float165Fp16TElj] -> (nil)
AscendC: [_ZN7AscendC18create_cbuf_matrixEPflj] -> 0xffffac56bb80
AscendC: [_ZN7AscendC18create_cbuf_matrixEPflN7float165Fp16TE] -> (nil)
AscendC: [_ZN7AscendC18create_cbuf_matrixEPslj] -> (nil)
AscendC: [_ZN7AscendC18create_cbuf_matrixEPilj] -> 0xffffac56b1f0
AscendC: [_ZN7AscendC18create_cbuf_matrixEPilN7float165Fp16TE] -> (nil)
AscendC: [_ZN7AscendC18create_cbuf_matrixEPtlj] -> (nil)
AscendC: [_ZN7AscendC18create_cbuf_matrixEPjlj] -> 0xffffac56b6b8
AscendC: [_ZN7AscendC18create_cbuf_matrixEPjlN7float165Fp16TE] -> (nil)
AscendC: [_ZN7AscendC23create_cbuf_matrix_bf16EPN8bfloat165Bf16TElS1_] -> 0xffffac56c0c8
AscendC: [_ZN7AscendC10dc_preloadEPms] -> 0xffffac526f28
AscendC: [_ZN7AscendC10dc_preloadEPml] -> (nil)
AscendC: [_ZN7AscendC4dcciEPvm] -> 0xffffac5587c8
AscendC: [_ZN7AscendC4dcciEPvmm] -> 0xffffac5586f8
AscendC: [_ZN7AscendC21decompress_gm_to_cbufEPhS0_l] -> (nil)
AscendC: [_ZN7AscendC21decompress_gm_to_cbufEPhS0_tbhh] -> (nil)
AscendC: [_ZN7AscendC21decompress_gm_to_cbufEPN7float165Fp16TES2_l] -> (nil)
AscendC: [_ZN7AscendC21decompress_gm_to_cbufEPN7float165Fp16TES2_tbhh] -> (nil)
AscendC: [_ZN7AscendC19decompress_gm_to_ubEPhS0_l] -> (nil)
AscendC: [_ZN7AscendC19decompress_gm_to_ubEPhS0_tbhh] -> (nil)
AscendC: [_ZN7AscendC19decompress_gm_to_ubEPN7float165Fp16TES2_l] -> (nil)
AscendC: [_ZN7AscendC19decompress_gm_to_ubEPN7float165Fp16TES2_tbhh] -> (nil)
AscendC: [_ZN7AscendC14depthwise_convEPN7float165Fp16TES2_S2_mb] -> (nil)
AscendC: [_ZN7AscendC14depthwise_convEPN7float165Fp16TES2_S2_tthhhhb] -> (nil)
AscendC: [_ZN7AscendC14depthwise_convEPfPN7float165Fp16TES3_mb] -> (nil)
AscendC: [_ZN7AscendC14depthwise_convEPfPN7float165Fp16TES3_tthhhhb] -> (nil)
AscendC: [_ZN7AscendC14depthwise_convEPiPaS1_mb] -> (nil)
AscendC: [_ZN7AscendC14depthwise_convEPiPaS1_ttahhhb] -> (nil)
AscendC: [_ZN7AscendC14depthwise_convEPiPhS1_mb] -> (nil)
AscendC: [_ZN7AscendC14depthwise_convEPiPhS1_tthhhhb] -> (nil)
AscendC: [_ZN7AscendC14depthwise_convEPiPhPamb] -> (nil)
AscendC: [_ZN7AscendC14depthwise_convEPiPhPatthhhhb] -> (nil)
AscendC: [_ZN7AscendC17depthwise_conv_v2EPN7float165Fp16TES2_S2_m] -> (nil)
AscendC: [_ZN7AscendC17depthwise_conv_v2EPN7float165Fp16TES2_S2_tthhhthbbh] -> (nil)
AscendC: [_ZN7AscendC17depthwise_conv_v2EPfPN7float165Fp16TES3_m] -> (nil)
AscendC: [_ZN7AscendC17depthwise_conv_v2EPfPN7float165Fp16TES3_tthhhthbbh] -> (nil)
AscendC: [_ZN7AscendC17depthwise_conv_v2EPiPaS1_m] -> (nil)
AscendC: [_ZN7AscendC17depthwise_conv_v2EPiPaS1_tthhhthbbh] -> (nil)
AscendC: [_ZN7AscendC17depthwise_conv_v2EPiPhS1_m] -> (nil)
AscendC: [_ZN7AscendC17depthwise_conv_v2EPiPhS1_tthhhthbbh] -> (nil)
AscendC: [_ZN7AscendC17depthwise_conv_v2EPiPhPam] -> (nil)
AscendC: [_ZN7AscendC17depthwise_conv_v2EPiPhPatthhhthbbh] -> (nil)
AscendC: [_ZN7AscendC3dsbE9mem_dsb_t] -> 0xffffac526170
AscendC: [_ZN7AscendC22fake_overflow_status_1Ev] -> (nil)
AscendC: [_ZN7AscendC22fake_overflow_status_2Ev] -> (nil)
AscendC: [_ZN7AscendC20ffts_cross_core_syncE6pipe_tm] -> 0xffffac52abd8
AscendC: [_ZN7AscendC5fifr1EPsS0_mm] -> (nil)
AscendC: [_ZN7AscendC5fifr1EPsS0_mm4bm_t] -> (nil)
AscendC: [_ZN7AscendC5fifr1EPsS0_8w_size_thhhaaaaaaaaaahh4bm_t] -> (nil)
AscendC: [_ZN7AscendC5fifr1EPsS0_8w_size_thhhaaaaaaaaaahh] -> (nil)
AscendC: [_ZN7AscendC5fifr1EPsPamm] -> (nil)
AscendC: [_ZN7AscendC5fifr1EPsPamm4bm_t] -> (nil)
AscendC: [_ZN7AscendC5fifr1EPsPa8w_size_thhhaaaaaaaaaahh4bm_t] -> (nil)
AscendC: [_ZN7AscendC5fifr1EPsPa8w_size_thhhaaaaaaaaaahh] -> (nil)
AscendC: [_ZN7AscendC5fifr1EPsPtmm] -> (nil)
AscendC: [_ZN7AscendC5fifr1EPsPtmm4bm_t] -> (nil)
AscendC: [_ZN7AscendC5fifr1EPsPt8w_size_thhhaaaaaaaaaahh4bm_t] -> (nil)
AscendC: [_ZN7AscendC5fifr1EPsPt8w_size_thhhaaaaaaaaaahh] -> (nil)
AscendC: [_ZN7AscendC5fifr1EPsPhmm] -> (nil)
AscendC: [_ZN7AscendC5fifr1EPsPhmm4bm_t] -> (nil)
AscendC: [_ZN7AscendC5fifr1EPsPh8w_size_thhhaaaaaaaaaahh4bm_t] -> (nil)
AscendC: [_ZN7AscendC5fifr1EPsPh8w_size_thhhaaaaaaaaaahh] -> (nil)
AscendC: [_ZN7AscendC26fix_depthwisein_cc_to_cbufEPaPimm] -> (nil)
AscendC: [_ZN7AscendC26fix_depthwisein_cc_to_cbufEPaPi11unit_flag_thtttt13ConvReluFix_tb6Relu_tbS4_6Pool_t5Req_t10DualMode_ttt] -> (nil)
AscendC: [_ZN7AscendC26fix_depthwisein_cc_to_cbufEPhPimm] -> (nil)
AscendC: [_ZN7AscendC26fix_depthwisein_cc_to_cbufEPhPi11unit_flag_thtttt13ConvReluFix_tb6Relu_tbS4_6Pool_t5Req_t10DualMode_ttt] -> (nil)
AscendC: [_ZN7AscendC26fix_depthwisein_cc_to_ubufEPaPimm] -> (nil)
AscendC: [_ZN7AscendC26fix_depthwisein_cc_to_ubufEPaPi11unit_flag_thtttt13ConvReluFix_tb6Relu_tbS4_6Pool_t5Req_t10DualMode_ttt] -> (nil)
AscendC: [_ZN7AscendC26fix_depthwisein_cc_to_ubufEPhPimm] -> (nil)
AscendC: [_ZN7AscendC26fix_depthwisein_cc_to_ubufEPhPi11unit_flag_thtttt13ConvReluFix_tb6Relu_tbS4_6Pool_t5Req_t10DualMode_ttt] -> (nil)
AscendC: [_ZN7AscendC27fix_depthwiseout_cc_to_cbufEPaPimm] -> (nil)
AscendC: [_ZN7AscendC27fix_depthwiseout_cc_to_cbufEPaPi11unit_flag_thtttt13ConvReluFix_tb6Relu_tbS4_6Pool_t5Req_t10DualMode_ttt] -> (nil)
AscendC: [_ZN7AscendC27fix_depthwiseout_cc_to_cbufEPhPimm] -> (nil)
AscendC: [_ZN7AscendC27fix_depthwiseout_cc_to_cbufEPhPi11unit_flag_thtttt13ConvReluFix_tb6Relu_tbS4_6Pool_t5Req_t10DualMode_ttt] -> (nil)
AscendC: [_ZN7AscendC21fix_matrix_cc_to_cbufEPN7float165Fp16TES2_mm] -> (nil)
AscendC: [_ZN7AscendC21fix_matrix_cc_to_cbufEPaPN7float165Fp16TEmm] -> (nil)
AscendC: [_ZN7AscendC21fix_matrix_cc_to_cbufEPaPN7float165Fp16TE11unit_flag_thtttt13ConvReluFix_tb6Relu_tbS6_6Pool_t5Req_t10DualMode_ttt] -> (nil)
AscendC: [_ZN7AscendC21fix_matrix_cc_to_cbufEPhPN7float165Fp16TEmm] -> (nil)
AscendC: [_ZN7AscendC21fix_matrix_cc_to_cbufEPhPN7float165Fp16TE11unit_flag_thtttt13ConvReluFix_tb6Relu_tbS6_6Pool_t5Req_t10DualMode_ttt] -> (nil)
AscendC: [_ZN7AscendC21fix_matrix_cc_to_cbufEPN7float165Fp16TES2_11unit_flag_thtttt13ConvReluFix_tb6Relu_tbS5_6Pool_t5Req_t10DualMode_ttt] -> (nil)
AscendC: [_ZN7AscendC21fix_matrix_cc_to_cbufEPiS0_mm] -> (nil)
AscendC: [_ZN7AscendC21fix_matrix_cc_to_cbufEPN7float165Fp16TEPimm] -> (nil)
AscendC: [_ZN7AscendC21fix_matrix_cc_to_cbufEPN7float165Fp16TEPi11unit_flag_thtttt13ConvReluFix_tb6Relu_tbS6_6Pool_t5Req_t10DualMode_ttt] -> (nil)
AscendC: [_ZN7AscendC21fix_matrix_cc_to_cbufEPsPimm] -> (nil)
AscendC: [_ZN7AscendC21fix_matrix_cc_to_cbufEPsPi11unit_flag_thtttt13ConvReluFix_tb6Relu_tbS4_6Pool_t5Req_t10DualMode_ttt] -> (nil)
AscendC: [_ZN7AscendC21fix_matrix_cc_to_cbufEPaPimm] -> (nil)
AscendC: [_ZN7AscendC21fix_matrix_cc_to_cbufEPaPi11unit_flag_thtttt13ConvReluFix_tb6Relu_tbS4_6Pool_t5Req_t10DualMode_ttt] -> (nil)
AscendC: [_ZN7AscendC21fix_matrix_cc_to_cbufEPhPimm] -> (nil)
AscendC: [_ZN7AscendC21fix_matrix_cc_to_cbufEPhPi11unit_flag_thtttt13ConvReluFix_tb6Relu_tbS4_6Pool_t5Req_t10DualMode_ttt] -> (nil)
AscendC: [_ZN7AscendC21fix_matrix_cc_to_cbufEPiS0_11unit_flag_thtttt13ConvReluFix_tb6Relu_tbS3_6Pool_t5Req_t10DualMode_ttt] -> (nil)
AscendC: [_ZN7AscendC21fix_matrix_cc_to_ubufEPN7float165Fp16TES2_mm] -> (nil)
AscendC: [_ZN7AscendC21fix_matrix_cc_to_ubufEPN7float165Fp16TES2_11unit_flag_thtttt13ConvReluFix_tb6Relu_tbS5_6Pool_t5Req_t10DualMode_ttt] -> (nil)
AscendC: [_ZN7AscendC21fix_matrix_cc_to_ubufEPN7float165Fp16TEPimm] -> (nil)
AscendC: [_ZN7AscendC21fix_matrix_cc_to_ubufEPN7float165Fp16TEPi11unit_flag_thtttt13ConvReluFix_tb6Relu_tbS6_6Pool_t5Req_t10DualMode_ttt] -> (nil)
AscendC: [_ZN7AscendC21fix_matrix_cc_to_ubufEPsPimm] -> (nil)
AscendC: [_ZN7AscendC21fix_matrix_cc_to_ubufEPsPi11unit_flag_thtttt13ConvReluFix_tb6Relu_tbS4_6Pool_t5Req_t10DualMode_ttt] -> (nil)
AscendC: [_ZN7AscendC21fix_matrix_cc_to_ubufEPiS0_mm] -> (nil)
AscendC: [_ZN7AscendC21fix_matrix_cc_to_ubufEPiS0_11unit_flag_thtttt13ConvReluFix_tb6Relu_tbS3_6Pool_t5Req_t10DualMode_ttt] -> (nil)
AscendC: [_ZN7AscendC21fix_matrix_cc_to_ubufEPaPimm] -> (nil)
AscendC: [_ZN7AscendC21fix_matrix_cc_to_ubufEPaPi11unit_flag_thtttt13ConvReluFix_tb6Relu_tbS4_6Pool_t5Req_t10DualMode_ttt] -> (nil)
AscendC: [_ZN7AscendC21fix_matrix_cc_to_ubufEPhPimm] -> (nil)
AscendC: [_ZN7AscendC21fix_matrix_cc_to_ubufEPhPi11unit_flag_thtttt13ConvReluFix_tb6Relu_tbS4_6Pool_t5Req_t10DualMode_ttt] -> (nil)
AscendC: [_ZN7AscendC23fix_winograd_cc_to_cbufEPiS0_mm] -> (nil)
AscendC: [_ZN7AscendC23fix_winograd_cc_to_cbufEPN7float165Fp16TEPimm] -> (nil)
AscendC: [_ZN7AscendC23fix_winograd_cc_to_cbufEPN7float165Fp16TEPi11unit_flag_thtttt13ConvReluFix_tb6Relu_tbS6_6Pool_t5Req_t10DualMode_ttt] -> (nil)
AscendC: [_ZN7AscendC23fix_winograd_cc_to_cbufEPsPimm] -> (nil)
AscendC: [_ZN7AscendC23fix_winograd_cc_to_cbufEPsPi11unit_flag_thtttt13ConvReluFix_tb6Relu_tbS4_6Pool_t5Req_t10DualMode_ttt] -> (nil)
AscendC: [_ZN7AscendC23fix_winograd_cc_to_cbufEPaPimm] -> (nil)
AscendC: [_ZN7AscendC23fix_winograd_cc_to_cbufEPaPi11unit_flag_thtttt13ConvReluFix_tb6Relu_tbS4_6Pool_t5Req_t10DualMode_ttt] -> (nil)
AscendC: [_ZN7AscendC23fix_winograd_cc_to_cbufEPhPimm] -> (nil)
AscendC: [_ZN7AscendC23fix_winograd_cc_to_cbufEPhPi11unit_flag_thtttt13ConvReluFix_tb6Relu_tbS4_6Pool_t5Req_t10DualMode_ttt] -> (nil)
AscendC: [_ZN7AscendC23fix_winograd_cc_to_cbufEPiS0_11unit_flag_thtttt13ConvReluFix_tb6Relu_tbS3_6Pool_t5Req_t10DualMode_ttt] -> (nil)
AscendC: [_ZN7AscendC23fix_winograd_cc_to_ubufEPiS0_mm] -> (nil)
AscendC: [_ZN7AscendC23fix_winograd_cc_to_ubufEPN7float165Fp16TEPimm] -> (nil)
AscendC: [_ZN7AscendC23fix_winograd_cc_to_ubufEPN7float165Fp16TEPi11unit_flag_thtttt13ConvReluFix_tb6Relu_tbS6_6Pool_t5Req_t10DualMode_ttt] -> (nil)
AscendC: [_ZN7AscendC23fix_winograd_cc_to_ubufEPsPimm] -> (nil)
AscendC: [_ZN7AscendC23fix_winograd_cc_to_ubufEPsPi11unit_flag_thtttt13ConvReluFix_tb6Relu_tbS4_6Pool_t5Req_t10DualMode_ttt] -> (nil)
AscendC: [_ZN7AscendC23fix_winograd_cc_to_ubufEPaPimm] -> (nil)
AscendC: [_ZN7AscendC23fix_winograd_cc_to_ubufEPaPi11unit_flag_thtttt13ConvReluFix_tb6Relu_tbS4_6Pool_t5Req_t10DualMode_ttt] -> (nil)
AscendC: [_ZN7AscendC23fix_winograd_cc_to_ubufEPhPimm] -> (nil)
AscendC: [_ZN7AscendC23fix_winograd_cc_to_ubufEPhPi11unit_flag_thtttt13ConvReluFix_tb6Relu_tbS4_6Pool_t5Req_t10DualMode_ttt] -> (nil)
AscendC: [_ZN7AscendC23fix_winograd_cc_to_ubufEPiS0_11unit_flag_thtttt13ConvReluFix_tb6Relu_tbS3_6Pool_t5Req_t10DualMode_ttt] -> (nil)
AscendC: [_ZN7AscendC4fmaxEPhS0_m] -> (nil)
AscendC: [_ZN7AscendC4fmaxEPhS0_8w_size_thhhaaaaa] -> (nil)
AscendC: [_ZN7AscendC4fminEPhS0_m] -> (nil)
AscendC: [_ZN7AscendC4fminEPhS0_8w_size_thhhaaaaa] -> (nil)
AscendC: [_ZN7AscendC11get_acc_valEv] -> 0xffffac525898
AscendC: [_ZN7AscendC6get_arEv] -> 0xffffac525738
AscendC: [_ZN7AscendC12get_arch_verEv] -> 0xffffac526c68
AscendC: [_ZN7AscendC13get_block_idxEv] -> 0xffffac5267e0
AscendC: [_ZN7AscendC13get_block_numEv] -> 0xffffac526818
AscendC: [_ZN7AscendC11get_cmpmaskEPv] -> 0xffffac525cb8
AscendC: [_ZN7AscendC8get_condEv] -> 0xffffac524cc8
AscendC: [_ZN7AscendC18get_condition_flagEv] -> 0xffffac524e28
AscendC: [_ZN7AscendC10get_coreidEv] -> (nil)
AscendC: [_ZN7AscendC8get_ctrlEv] -> 0xffffac524f88
AscendC: [_ZN7AscendC18get_data_main_baseEv] -> (nil)
AscendC: [_ZN7AscendC13get_data_sizeEv] -> (nil)
AscendC: [_ZN7AscendC16get_data_ub_baseEv] -> (nil)
AscendC: [_ZN7AscendC18get_ffts_base_addrEv] -> (nil)
AscendC: [_ZN7AscendC7get_fpcEv] -> (nil)
AscendC: [_ZN7AscendC17get_icache_prl_stEv] -> 0xffffac527188
AscendC: [_ZN7AscendC7get_immEm] -> (nil)
AscendC: [_ZN7AscendC7get_immEmm] -> (nil)
AscendC: [_ZN7AscendC7get_immEmmm] -> (nil)
AscendC: [_ZN7AscendC7get_immEmmmm] -> (nil)
AscendC: [_ZN7AscendC9get_k_numEv] -> (nil)
AscendC: [_ZN7AscendC14get_l2_in_mainEv] -> (nil)
AscendC: [_ZN7AscendC17get_l2_vaddr_baseEv] -> (nil)
AscendC: [_ZN7AscendC9get_lpcntEv] -> (nil)
AscendC: [_ZN7AscendC15get_max_min_cntEv] -> 0xffffac525b58
AscendC: [_ZN7AscendC19get_overflow_statusEv] -> (nil)
AscendC: [_ZN7AscendC13get_para_baseEv] -> (nil)
AscendC: [_ZN7AscendC6get_pcEv] -> 0xffffac526dc8
AscendC: [_ZN7AscendC14get_rpn_cor_irEv] -> (nil)
AscendC: [_ZN7AscendC12get_rsvd_cntEv] -> 0xffffac5255d8
AscendC: [_ZN7AscendC19get_safety_crc_dataEv] -> (nil)
AscendC: [_ZN7AscendC17get_safety_crc_enEv] -> (nil)
AscendC: [_ZN7AscendC16get_smmu_tag_verEv] -> (nil)
AscendC: [_ZN7AscendC17get_st_atomic_cfgEv] -> 0xffffac5259f8
AscendC: [_ZN7AscendC18get_stack_phy_baseEv] -> (nil)
AscendC: [_ZN7AscendC10get_statusEv] -> (nil)
AscendC: [_ZN7AscendC15get_subblockdimEv] -> (nil)
AscendC: [_ZN7AscendC14get_subblockidEv] -> (nil)
AscendC: [_ZN7AscendC11get_sys_cntEv] -> (nil)
AscendC: [_ZN7AscendC15get_sys_va_baseEv] -> (nil)
AscendC: [_ZN7AscendC14get_thread_dimEv] -> (nil)
AscendC: [_ZN7AscendC13get_thread_idEv] -> (nil)
AscendC: [_ZN7AscendC6get_vlEv] -> (nil)
AscendC: [_ZN7AscendC11get_vms4_srEv] -> 0xffffac525478
AscendC: [_ZN7AscendC15hebcd_out_to_ubEPvS0_S0_m] -> (nil)
AscendC: [_ZN7AscendC15hebcd_out_to_ubEPvS0_S0_hhbbhttht] -> (nil)
AscendC: [_ZN7AscendC15hebce_l1_to_outEPvS0_S0_m] -> (nil)
AscendC: [_ZN7AscendC15hebce_l1_to_outEPvS0_S0_bbhhbbhttht] -> (nil)
AscendC: [_ZN7AscendC15hebce_ub_to_outEPvS0_S0_m] -> (nil)
AscendC: [_ZN7AscendC15hebce_ub_to_outEPvS0_S0_bbhhbbhttht] -> (nil)
AscendC: [_ZN7AscendC9hset_flagE6pipe_tS0_7event_t5mem_tb] -> 0xffffac527e48
AscendC: [_ZN7AscendC9hset_flagE6pipe_tS0_m5mem_tb] -> (nil)
AscendC: [_ZN7AscendC10hwait_flagE6pipe_tS0_7event_t5mem_tb] -> 0xffffac527bf8
AscendC: [_ZN7AscendC10hwait_flagE6pipe_tS0_m5mem_tb] -> (nil)
AscendC: [_ZN7AscendC18img2col_cbuf_to_caEPN7float165Fp16TES2_mm7csize_t] -> (nil)
AscendC: [_ZN7AscendC18img2col_cbuf_to_caEPN7float165Fp16TES2_hhssthhhhhhhhh7csize_t] -> 0xffffac56cfc0
AscendC: [_ZN7AscendC18img2col_cbuf_to_caEPaS0_mm7csize_t] -> (nil)
AscendC: [_ZN7AscendC18img2col_cbuf_to_caEPaS0_hhssthhhhhhhhh7csize_t] -> 0xffffac56c930
AscendC: [_ZN7AscendC18img2col_cbuf_to_caEPhS0_mm7csize_t] -> (nil)
AscendC: [_ZN7AscendC18img2col_cbuf_to_caEPhS0_hhssthhhhhhhhh7csize_t] -> 0xffffac56c2a0
AscendC: [_ZN7AscendC18img2col_cbuf_to_cbEPN7float165Fp16TES2_mm7csize_t] -> (nil)
AscendC: [_ZN7AscendC18img2col_cbuf_to_cbEPN7float165Fp16TES2_hhssthhhhhhhhh7csize_t] -> 0xffffac56d240
AscendC: [_ZN7AscendC18img2col_cbuf_to_cbEPaS0_mm7csize_t] -> (nil)
AscendC: [_ZN7AscendC18img2col_cbuf_to_cbEPaS0_hhssthhhhhhhhh7csize_t] -> 0xffffac56cb60
AscendC: [_ZN7AscendC18img2col_cbuf_to_cbEPhS0_mm7csize_t] -> (nil)
AscendC: [_ZN7AscendC18img2col_cbuf_to_cbEPhS0_hhssthhhhhhhhh7csize_t] -> 0xffffac56c4d0
AscendC: [_ZN7AscendC18img2col_cbuf_to_ubEPN7float165Fp16TES2_mm7csize_t] -> (nil)
AscendC: [_ZN7AscendC18img2col_cbuf_to_ubEPN7float165Fp16TES2_hhssthhhhhhhhh7csize_t] -> 0xffffac56d4c0
AscendC: [_ZN7AscendC18img2col_cbuf_to_ubEPaS0_mm7csize_t] -> (nil)
AscendC: [_ZN7AscendC18img2col_cbuf_to_ubEPaS0_hhssthhhhhhhhh7csize_t] -> 0xffffac56cd90
AscendC: [_ZN7AscendC18img2col_cbuf_to_ubEPhS0_mm7csize_t] -> (nil)
AscendC: [_ZN7AscendC18img2col_cbuf_to_ubEPhS0_hhssthhhhhhhhh7csize_t] -> 0xffffac56c700
AscendC: [_ZN7AscendC20img2colv2_cbuf_to_caEPN7float165Fp16TES2_mm] -> (nil)
AscendC: [_ZN7AscendC20img2colv2_cbuf_to_caEPN7float165Fp16TES2_mm4bm_t] -> (nil)
AscendC: [_ZN7AscendC20img2colv2_cbuf_to_caEPN7float165Fp16TES2_tttthhhhhhbt] -> (nil)
AscendC: [_ZN7AscendC20img2colv2_cbuf_to_caEPN7float165Fp16TES2_tttthhhhhhbt4bm_t] -> (nil)
AscendC: [_ZN7AscendC20img2colv2_cbuf_to_caEPN7float165Fp16TES2_tttthhhhhhbbbbt] -> 0xffffac56dc90
AscendC: [_ZN7AscendC20img2colv2_cbuf_to_caEPN8bfloat165Bf16TES2_mm] -> (nil)
AscendC: [_ZN7AscendC20img2colv2_cbuf_to_caEPN8bfloat165Bf16TES2_mm4bm_t] -> (nil)
AscendC: [_ZN7AscendC20img2colv2_cbuf_to_caEPN8bfloat165Bf16TES2_tttthhhhhhbt] -> (nil)
AscendC: [_ZN7AscendC20img2colv2_cbuf_to_caEPN8bfloat165Bf16TES2_tttthhhhhhbt4bm_t] -> (nil)
AscendC: [_ZN7AscendC20img2colv2_cbuf_to_caEPN8bfloat165Bf16TES2_tttthhhhhhbbbbt] -> 0xffffac56d740
AscendC: [_ZN7AscendC20img2colv2_cbuf_to_caEPfS0_mm] -> (nil)
AscendC: [_ZN7AscendC20img2colv2_cbuf_to_caEPfS0_mm4bm_t] -> (nil)
AscendC: [_ZN7AscendC20img2colv2_cbuf_to_caEPfS0_tttthhhhhhbt] -> (nil)
AscendC: [_ZN7AscendC20img2colv2_cbuf_to_caEPfS0_tttthhhhhhbt4bm_t] -> (nil)
AscendC: [_ZN7AscendC20img2colv2_cbuf_to_caEPfS0_tttthhhhhhbbbbt] -> 0xffffac56e1e0
AscendC: [_ZN7AscendC20img2colv2_cbuf_to_caEPiS0_mm] -> (nil)
AscendC: [_ZN7AscendC20img2colv2_cbuf_to_caEPiS0_mm4bm_t] -> (nil)
AscendC: [_ZN7AscendC20img2colv2_cbuf_to_caEPiS0_tttthhhhhhbt] -> (nil)
AscendC: [_ZN7AscendC20img2colv2_cbuf_to_caEPiS0_tttthhhhhhbt4bm_t] -> (nil)
AscendC: [_ZN7AscendC20img2colv2_cbuf_to_caEPiS0_tttthhhhhhbbbbt] -> 0xffffac56eaa0
AscendC: [_ZN7AscendC20img2colv2_cbuf_to_caEPaS0_mm] -> (nil)
AscendC: [_ZN7AscendC20img2colv2_cbuf_to_caEPaS0_mm4bm_t] -> (nil)
AscendC: [_ZN7AscendC20img2colv2_cbuf_to_caEPaS0_tttthhhhhhbt] -> (nil)
AscendC: [_ZN7AscendC20img2colv2_cbuf_to_caEPaS0_tttthhhhhhbt4bm_t] -> (nil)
AscendC: [_ZN7AscendC20img2colv2_cbuf_to_caEPaS0_tttthhhhhhbbbbt] -> 0xffffac56f130
AscendC: [_ZN7AscendC20img2colv2_cbuf_to_caEPjS0_mm] -> (nil)
AscendC: [_ZN7AscendC20img2colv2_cbuf_to_caEPjS0_mm4bm_t] -> (nil)
AscendC: [_ZN7AscendC20img2colv2_cbuf_to_caEPjS0_tttthhhhhhbt] -> (nil)
AscendC: [_ZN7AscendC20img2colv2_cbuf_to_caEPjS0_tttthhhhhhbt4bm_t] -> (nil)
AscendC: [_ZN7AscendC20img2colv2_cbuf_to_caEPjS0_tttthhhhhhbbbbt] -> 0xffffac56e640
AscendC: [_ZN7AscendC20img2colv2_cbuf_to_caEPhS0_mm] -> (nil)
AscendC: [_ZN7AscendC20img2colv2_cbuf_to_caEPhS0_mm4bm_t] -> (nil)
AscendC: [_ZN7AscendC20img2colv2_cbuf_to_caEPhS0_tttthhhhhhbt] -> (nil)
AscendC: [_ZN7AscendC20img2colv2_cbuf_to_caEPhS0_tttthhhhhhbt4bm_t] -> (nil)
AscendC: [_ZN7AscendC20img2colv2_cbuf_to_caEPhS0_tttthhhhhhbbbbt] -> 0xffffac56ef00
AscendC: [_ZN7AscendC23img2colv2_cbuf_to_ca_s4EPvS0_mm] -> (nil)
AscendC: [_ZN7AscendC23img2colv2_cbuf_to_ca_s4EPvS0_mm4bm_t] -> (nil)
AscendC: [_ZN7AscendC23img2colv2_cbuf_to_ca_s4EPvS0_tttthhhhhhbt] -> (nil)
AscendC: [_ZN7AscendC23img2colv2_cbuf_to_ca_s4EPvS0_tttthhhhhhbt4bm_t] -> (nil)
AscendC: [_ZN7AscendC23img2colv2_cbuf_to_ca_s4EPvS0_tttthhhhhhbbbbt] -> 0xffffac56fb20
AscendC: [_ZN7AscendC20img2colv2_cbuf_to_cbEPN7float165Fp16TES2_mm] -> (nil)
AscendC: [_ZN7AscendC20img2colv2_cbuf_to_cbEPN7float165Fp16TES2_mm4bm_t] -> (nil)
AscendC: [_ZN7AscendC20img2colv2_cbuf_to_cbEPN7float165Fp16TES2_tttthhhhhhbt] -> (nil)
AscendC: [_ZN7AscendC20img2colv2_cbuf_to_cbEPN7float165Fp16TES2_tttthhhhhhbt4bm_t] -> (nil)
AscendC: [_ZN7AscendC20img2colv2_cbuf_to_cbEPN7float165Fp16TES2_tttthhhhhhbbbbt] -> 0xffffac56df38
AscendC: [_ZN7AscendC20img2colv2_cbuf_to_cbEPN8bfloat165Bf16TES2_mm] -> (nil)
AscendC: [_ZN7AscendC20img2colv2_cbuf_to_cbEPN8bfloat165Bf16TES2_mm4bm_t] -> (nil)
AscendC: [_ZN7AscendC20img2colv2_cbuf_to_cbEPN8bfloat165Bf16TES2_tttthhhhhhbt] -> (nil)
AscendC: [_ZN7AscendC20img2colv2_cbuf_to_cbEPN8bfloat165Bf16TES2_tttthhhhhhbt4bm_t] -> (nil)
AscendC: [_ZN7AscendC20img2colv2_cbuf_to_cbEPN8bfloat165Bf16TES2_tttthhhhhhbbbbt] -> 0xffffac56d9e8
AscendC: [_ZN7AscendC20img2colv2_cbuf_to_cbEPfS0_mm] -> (nil)
AscendC: [_ZN7AscendC20img2colv2_cbuf_to_cbEPfS0_mm4bm_t] -> (nil)
AscendC: [_ZN7AscendC20img2colv2_cbuf_to_cbEPfS0_tttthhhhhhbt] -> (nil)
AscendC: [_ZN7AscendC20img2colv2_cbuf_to_cbEPfS0_tttthhhhhhbt4bm_t] -> (nil)
AscendC: [_ZN7AscendC20img2colv2_cbuf_to_cbEPfS0_tttthhhhhhbbbbt] -> 0xffffac56e410
AscendC: [_ZN7AscendC20img2colv2_cbuf_to_cbEPiS0_mm] -> (nil)
AscendC: [_ZN7AscendC20img2colv2_cbuf_to_cbEPiS0_mm4bm_t] -> (nil)
AscendC: [_ZN7AscendC20img2colv2_cbuf_to_cbEPiS0_tttthhhhhhbt] -> (nil)
AscendC: [_ZN7AscendC20img2colv2_cbuf_to_cbEPiS0_tttthhhhhhbt4bm_t] -> (nil)
AscendC: [_ZN7AscendC20img2colv2_cbuf_to_cbEPiS0_tttthhhhhhbbbbt] -> 0xffffac56ecd0
AscendC: [_ZN7AscendC20img2colv2_cbuf_to_cbEPaS0_mm] -> (nil)
AscendC: [_ZN7AscendC20img2colv2_cbuf_to_cbEPaS0_mm4bm_t] -> (nil)
AscendC: [_ZN7AscendC20img2colv2_cbuf_to_cbEPaS0_tttthhhhhhbt] -> (nil)
AscendC: [_ZN7AscendC20img2colv2_cbuf_to_cbEPaS0_tttthhhhhhbt4bm_t] -> (nil)
AscendC: [_ZN7AscendC20img2colv2_cbuf_to_cbEPaS0_tttthhhhhhbbbbt] -> (nil)
AscendC: [_ZN7AscendC20img2colv2_cbuf_to_cbEPjS0_mm] -> (nil)
AscendC: [_ZN7AscendC20img2colv2_cbuf_to_cbEPjS0_mm4bm_t] -> (nil)
AscendC: [_ZN7AscendC20img2colv2_cbuf_to_cbEPjS0_tttthhhhhhbt] -> (nil)
AscendC: [_ZN7AscendC20img2colv2_cbuf_to_cbEPjS0_tttthhhhhhbt4bm_t] -> (nil)
AscendC: [_ZN7AscendC20img2colv2_cbuf_to_cbEPjS0_tttthhhhhhbbbbt] -> 0xffffac56e870
AscendC: [_ZN7AscendC20img2colv2_cbuf_to_cbEPhS0_mm] -> (nil)
AscendC: [_ZN7AscendC20img2colv2_cbuf_to_cbEPhS0_mm4bm_t] -> (nil)
AscendC: [_ZN7AscendC20img2colv2_cbuf_to_cbEPhS0_tttthhhhhhbt] -> (nil)
AscendC: [_ZN7AscendC20img2colv2_cbuf_to_cbEPhS0_tttthhhhhhbt4bm_t] -> (nil)
AscendC: [_ZN7AscendC20img2colv2_cbuf_to_cbEPhS0_tttthhhhhhbbbbt] -> (nil)
AscendC: [_ZN7AscendC23img2colv2_cbuf_to_cb_s4EPvS0_mm] -> (nil)
AscendC: [_ZN7AscendC23img2colv2_cbuf_to_cb_s4EPvS0_mm4bm_t] -> (nil)
AscendC: [_ZN7AscendC23img2colv2_cbuf_to_cb_s4EPvS0_tttthhhhhhbt] -> (nil)
AscendC: [_ZN7AscendC23img2colv2_cbuf_to_cb_s4EPvS0_tttthhhhhhbt4bm_t] -> (nil)
AscendC: [_ZN7AscendC23img2colv2_cbuf_to_cb_s4EPvS0_tttthhhhhhbbbbt] -> (nil)
AscendC: [_ZN7AscendC20img2colv2_cbuf_to_ubEPN7float165Fp16TES2_mm] -> (nil)
AscendC: [_ZN7AscendC20img2colv2_cbuf_to_ubEPN7float165Fp16TES2_mm4bm_t] -> (nil)
AscendC: [_ZN7AscendC20img2colv2_cbuf_to_ubEPN7float165Fp16TES2_tttthhhhhhbt] -> (nil)
AscendC: [_ZN7AscendC20img2colv2_cbuf_to_ubEPN7float165Fp16TES2_tttthhhhhhbt4bm_t] -> (nil)
AscendC: [_ZN7AscendC20img2colv2_cbuf_to_ubEPN7float165Fp16TES2_tttthhhhhhbbbbt] -> (nil)
AscendC: [_ZN7AscendC20img2colv2_cbuf_to_ubEPfS0_mm] -> (nil)
AscendC: [_ZN7AscendC20img2colv2_cbuf_to_ubEPfS0_mm4bm_t] -> (nil)
AscendC: [_ZN7AscendC20img2colv2_cbuf_to_ubEPfS0_tttthhhhhhbt] -> (nil)
AscendC: [_ZN7AscendC20img2colv2_cbuf_to_ubEPfS0_tttthhhhhhbt4bm_t] -> (nil)
AscendC: [_ZN7AscendC20img2colv2_cbuf_to_ubEPfS0_tttthhhhhhbbbbt] -> (nil)
AscendC: [_ZN7AscendC20img2colv2_cbuf_to_ubEPiS0_mm] -> (nil)
AscendC: [_ZN7AscendC20img2colv2_cbuf_to_ubEPiS0_mm4bm_t] -> (nil)
AscendC: [_ZN7AscendC20img2colv2_cbuf_to_ubEPiS0_tttthhhhhhbt] -> (nil)
AscendC: [_ZN7AscendC20img2colv2_cbuf_to_ubEPiS0_tttthhhhhhbt4bm_t] -> (nil)
AscendC: [_ZN7AscendC20img2colv2_cbuf_to_ubEPiS0_tttthhhhhhbbbbt] -> (nil)
AscendC: [_ZN7AscendC20img2colv2_cbuf_to_ubEPaS0_mm] -> (nil)
AscendC: [_ZN7AscendC20img2colv2_cbuf_to_ubEPaS0_mm4bm_t] -> (nil)
AscendC: [_ZN7AscendC20img2colv2_cbuf_to_ubEPaS0_tttthhhhhhbt] -> (nil)
AscendC: [_ZN7AscendC20img2colv2_cbuf_to_ubEPaS0_tttthhhhhhbt4bm_t] -> (nil)
AscendC: [_ZN7AscendC20img2colv2_cbuf_to_ubEPaS0_tttthhhhhhbbbbt] -> (nil)
AscendC: [_ZN7AscendC20img2colv2_cbuf_to_ubEPjS0_mm] -> (nil)
AscendC: [_ZN7AscendC20img2colv2_cbuf_to_ubEPjS0_mm4bm_t] -> (nil)
AscendC: [_ZN7AscendC20img2colv2_cbuf_to_ubEPjS0_tttthhhhhhbt] -> (nil)
AscendC: [_ZN7AscendC20img2colv2_cbuf_to_ubEPjS0_tttthhhhhhbt4bm_t] -> (nil)
AscendC: [_ZN7AscendC20img2colv2_cbuf_to_ubEPjS0_tttthhhhhhbbbbt] -> (nil)
AscendC: [_ZN7AscendC20img2colv2_cbuf_to_ubEPhS0_mm] -> (nil)
AscendC: [_ZN7AscendC20img2colv2_cbuf_to_ubEPhS0_mm4bm_t] -> (nil)
AscendC: [_ZN7AscendC20img2colv2_cbuf_to_ubEPhS0_tttthhhhhhbt] -> (nil)
AscendC: [_ZN7AscendC20img2colv2_cbuf_to_ubEPhS0_tttthhhhhhbt4bm_t] -> (nil)
AscendC: [_ZN7AscendC20img2colv2_cbuf_to_ubEPhS0_tttthhhhhhbbbbt] -> (nil)
AscendC: [_ZN7AscendC23img2colv2_cbuf_to_ub_s4EPvS0_mm] -> (nil)
AscendC: [_ZN7AscendC23img2colv2_cbuf_to_ub_s4EPvS0_mm4bm_t] -> (nil)
AscendC: [_ZN7AscendC23img2colv2_cbuf_to_ub_s4EPvS0_tttthhhhhhbt] -> (nil)
AscendC: [_ZN7AscendC23img2colv2_cbuf_to_ub_s4EPvS0_tttthhhhhhbt4bm_t] -> (nil)
AscendC: [_ZN7AscendC23img2colv2_cbuf_to_ub_s4EPvS0_tttthhhhhhbbbbt] -> (nil)
AscendC: [_ZN7AscendC10insert_immEmhhb] -> (nil)
AscendC: [_ZN7AscendC10insert_regEmmhh] -> (nil)
AscendC: [_ZN7AscendC6ld_devEPts] -> (nil)
AscendC: [_ZN7AscendC6ld_devEPjs] -> (nil)
AscendC: [_ZN7AscendC6ld_devEPms] -> (nil)
AscendC: [_ZN7AscendC6ld_devEPhs] -> (nil)
AscendC: [_ZN7AscendC4ldvaE10ub_addr8_tmb] -> (nil)
AscendC: [_ZN7AscendC15load_cbuf_to_caEPN8bfloat165Bf16TES2_mb] -> (nil)
AscendC: [_ZN7AscendC15load_cbuf_to_caEPN8bfloat165Bf16TES2_mb15addr_cal_mode_t] -> (nil)
AscendC: [_ZN7AscendC15load_cbuf_to_caEPN8bfloat165Bf16TES2_thtthb15addr_cal_mode_t] -> 0xffffac568598
AscendC: [_ZN7AscendC15load_cbuf_to_caEPN8bfloat165Bf16TES2_thtthbb15addr_cal_mode_t] -> (nil)
AscendC: [_ZN7AscendC15load_cbuf_to_caEPN8bfloat165Bf16TES2_ththb] -> (nil)
AscendC: [_ZN7AscendC15load_cbuf_to_caEPN8bfloat165Bf16TES2_thttb15addr_cal_mode_t] -> (nil)
AscendC: [_ZN7AscendC15load_cbuf_to_caEPN8bfloat165Bf16TES2_mmb] -> (nil)
AscendC: [_ZN7AscendC15load_cbuf_to_caEPN8bfloat165Bf16TES2_tthhttb] -> (nil)
AscendC: [_ZN7AscendC15load_cbuf_to_caEPN7float165Fp16TES2_mb] -> (nil)
AscendC: [_ZN7AscendC15load_cbuf_to_caEPN7float165Fp16TES2_mb15addr_cal_mode_t] -> (nil)
AscendC: [_ZN7AscendC15load_cbuf_to_caEPN7float165Fp16TES2_thtthb15addr_cal_mode_t] -> 0xffffac566578
AscendC: [_ZN7AscendC15load_cbuf_to_caEPN7float165Fp16TES2_thtthbb15addr_cal_mode_t] -> (nil)
AscendC: [_ZN7AscendC15load_cbuf_to_caEPN7float165Fp16TES2_ththb] -> (nil)
AscendC: [_ZN7AscendC15load_cbuf_to_caEPN7float165Fp16TES2_thttb15addr_cal_mode_t] -> (nil)
AscendC: [_ZN7AscendC15load_cbuf_to_caEPfS0_mb15addr_cal_mode_t] -> (nil)
AscendC: [_ZN7AscendC15load_cbuf_to_caEPfS0_thtthb15addr_cal_mode_t] -> 0xffffac567d90
AscendC: [_ZN7AscendC15load_cbuf_to_caEPfS0_thtthbb15addr_cal_mode_t] -> (nil)
AscendC: [_ZN7AscendC15load_cbuf_to_caEPfS0_thttb15addr_cal_mode_t] -> (nil)
AscendC: [_ZN7AscendC15load_cbuf_to_caEPiS0_mb15addr_cal_mode_t] -> (nil)
AscendC: [_ZN7AscendC15load_cbuf_to_caEPiS0_thtthb15addr_cal_mode_t] -> 0xffffac567588
AscendC: [_ZN7AscendC15load_cbuf_to_caEPiS0_thtthbb15addr_cal_mode_t] -> (nil)
AscendC: [_ZN7AscendC15load_cbuf_to_caEPiS0_thttb15addr_cal_mode_t] -> (nil)
AscendC: [_ZN7AscendC15load_cbuf_to_caEPaS0_mb] -> (nil)
AscendC: [_ZN7AscendC15load_cbuf_to_caEPaS0_mb15addr_cal_mode_t] -> (nil)
AscendC: [_ZN7AscendC15load_cbuf_to_caEPaS0_thtthb15addr_cal_mode_t] -> 0xffffac564d60
AscendC: [_ZN7AscendC15load_cbuf_to_caEPaS0_thtthbb15addr_cal_mode_t] -> (nil)
AscendC: [_ZN7AscendC15load_cbuf_to_caEPaS0_ththb] -> (nil)
AscendC: [_ZN7AscendC15load_cbuf_to_caEPaS0_thttb15addr_cal_mode_t] -> (nil)
AscendC: [_ZN7AscendC15load_cbuf_to_caEPjS0_mb15addr_cal_mode_t] -> (nil)
AscendC: [_ZN7AscendC15load_cbuf_to_caEPjS0_thtthb15addr_cal_mode_t] -> 0xffffac566d80
AscendC: [_ZN7AscendC15load_cbuf_to_caEPjS0_thtthbb15addr_cal_mode_t] -> (nil)
AscendC: [_ZN7AscendC15load_cbuf_to_caEPjS0_thttb15addr_cal_mode_t] -> (nil)
AscendC: [_ZN7AscendC15load_cbuf_to_caEPhS0_mb] -> (nil)
AscendC: [_ZN7AscendC15load_cbuf_to_caEPhS0_mb15addr_cal_mode_t] -> (nil)
AscendC: [_ZN7AscendC15load_cbuf_to_caEPhS0_thtthb15addr_cal_mode_t] -> 0xffffac564558
AscendC: [_ZN7AscendC15load_cbuf_to_caEPhS0_thtthbb15addr_cal_mode_t] -> (nil)
AscendC: [_ZN7AscendC15load_cbuf_to_caEPhS0_ththb] -> (nil)
AscendC: [_ZN7AscendC15load_cbuf_to_caEPhS0_thttb15addr_cal_mode_t] -> (nil)
AscendC: [_ZN7AscendC15load_cbuf_to_caEPN7float165Fp16TES2_ththb15addr_cal_mode_t] -> (nil)
AscendC: [_ZN7AscendC15load_cbuf_to_caEPaS0_ththb15addr_cal_mode_t] -> (nil)
AscendC: [_ZN7AscendC15load_cbuf_to_caEPhS0_ththb15addr_cal_mode_t] -> (nil)
AscendC: [_ZN7AscendC18load_cbuf_to_ca_s4EPvS0_mb15addr_cal_mode_t] -> (nil)
AscendC: [_ZN7AscendC18load_cbuf_to_ca_s4EPvS0_thtthb15addr_cal_mode_t] -> 0xffffac569b20
AscendC: [_ZN7AscendC18load_cbuf_to_ca_s4EPvS0_thtthbb15addr_cal_mode_t] -> (nil)
AscendC: [_ZN7AscendC25load_cbuf_to_ca_transposeEPN7float165Fp16TES2_mm] -> (nil)
AscendC: [_ZN7AscendC25load_cbuf_to_ca_transposeEPN7float165Fp16TES2_thttbt] -> 0xffffac564248
AscendC: [_ZN7AscendC25load_cbuf_to_ca_transposeEPfS0_mm] -> (nil)
AscendC: [_ZN7AscendC25load_cbuf_to_ca_transposeEPfS0_thttbt] -> 0xffffac563c28
AscendC: [_ZN7AscendC25load_cbuf_to_ca_transposeEPiS0_mm] -> (nil)
AscendC: [_ZN7AscendC25load_cbuf_to_ca_transposeEPiS0_thttbt] -> 0xffffac563918
AscendC: [_ZN7AscendC25load_cbuf_to_ca_transposeEPaS0_mm] -> (nil)
AscendC: [_ZN7AscendC25load_cbuf_to_ca_transposeEPaS0_thttbt] -> 0xffffac5632f8
AscendC: [_ZN7AscendC25load_cbuf_to_ca_transposeEPjS0_mm] -> (nil)
AscendC: [_ZN7AscendC25load_cbuf_to_ca_transposeEPjS0_thttbt] -> 0xffffac563608
AscendC: [_ZN7AscendC25load_cbuf_to_ca_transposeEPhS0_mm] -> (nil)
AscendC: [_ZN7AscendC25load_cbuf_to_ca_transposeEPhS0_thttbt] -> 0xffffac562fe8
AscendC: [_ZN7AscendC24load_cbuf_to_ca_winogradEPN7float165Fp16TES2_mm] -> (nil)
AscendC: [_ZN7AscendC24load_cbuf_to_ca_winogradEPN7float165Fp16TES2_ttthhhhtttt] -> (nil)
AscendC: [_ZN7AscendC24load_cbuf_to_ca_winogradEPaS0_mm] -> (nil)
AscendC: [_ZN7AscendC24load_cbuf_to_ca_winogradEPaS0_ttthhhhtttt] -> (nil)
AscendC: [_ZN7AscendC24load_cbuf_to_ca_winogradEPhS0_mm] -> (nil)
AscendC: [_ZN7AscendC24load_cbuf_to_ca_winogradEPhS0_ttthhhhtttt] -> (nil)
AscendC: [_ZN7AscendC27load_cbuf_to_ca_winograd_v2EPsS0_mm] -> (nil)
AscendC: [_ZN7AscendC27load_cbuf_to_ca_winograd_v2EPsS0_ttthhtttt] -> (nil)
AscendC: [_ZN7AscendC27load_cbuf_to_ca_winograd_v2EPsS0_ttthhttttb] -> (nil)
AscendC: [_ZN7AscendC27load_cbuf_to_ca_winograd_v2EPaS0_mm] -> (nil)
AscendC: [_ZN7AscendC27load_cbuf_to_ca_winograd_v2EPaS0_ttthhtttt] -> (nil)
AscendC: [_ZN7AscendC27load_cbuf_to_ca_winograd_v2EPaS0_ttthhttttb] -> (nil)
AscendC: [_ZN7AscendC27load_cbuf_to_ca_winograd_v2EPhS0_mm] -> (nil)
AscendC: [_ZN7AscendC27load_cbuf_to_ca_winograd_v2EPhS0_ttthhttttb] -> (nil)
AscendC: [_ZN7AscendC15load_cbuf_to_cbEPN8bfloat165Bf16TES2_mb] -> (nil)
AscendC: [_ZN7AscendC15load_cbuf_to_cbEPN8bfloat165Bf16TES2_mb15addr_cal_mode_t] -> (nil)
AscendC: [_ZN7AscendC15load_cbuf_to_cbEPN8bfloat165Bf16TES2_thtthb15addr_cal_mode_t] -> 0xffffac568738
AscendC: [_ZN7AscendC15load_cbuf_to_cbEPN8bfloat165Bf16TES2_thtthbb15addr_cal_mode_t] -> (nil)
AscendC: [_ZN7AscendC15load_cbuf_to_cbEPN8bfloat165Bf16TES2_ththb] -> (nil)
AscendC: [_ZN7AscendC15load_cbuf_to_cbEPN8bfloat165Bf16TES2_thttb15addr_cal_mode_t] -> (nil)
AscendC: [_ZN7AscendC15load_cbuf_to_cbEPN8bfloat165Bf16TES2_mmb] -> (nil)
AscendC: [_ZN7AscendC15load_cbuf_to_cbEPN8bfloat165Bf16TES2_tthhttb] -> (nil)
AscendC: [_ZN7AscendC15load_cbuf_to_cbEPN7float165Fp16TES2_mb] -> (nil)
AscendC: [_ZN7AscendC15load_cbuf_to_cbEPN7float165Fp16TES2_mb15addr_cal_mode_t] -> (nil)
AscendC: [_ZN7AscendC15load_cbuf_to_cbEPN7float165Fp16TES2_thtthb15addr_cal_mode_t] -> 0xffffac566718
AscendC: [_ZN7AscendC15load_cbuf_to_cbEPN7float165Fp16TES2_thtthbb15addr_cal_mode_t] -> (nil)
AscendC: [_ZN7AscendC15load_cbuf_to_cbEPN7float165Fp16TES2_ththb] -> (nil)
AscendC: [_ZN7AscendC15load_cbuf_to_cbEPN7float165Fp16TES2_thttb15addr_cal_mode_t] -> (nil)
AscendC: [_ZN7AscendC15load_cbuf_to_cbEPfS0_mb15addr_cal_mode_t] -> (nil)
AscendC: [_ZN7AscendC15load_cbuf_to_cbEPfS0_thtthb15addr_cal_mode_t] -> 0xffffac567f30
AscendC: [_ZN7AscendC15load_cbuf_to_cbEPfS0_thtthbb15addr_cal_mode_t] -> (nil)
AscendC: [_ZN7AscendC15load_cbuf_to_cbEPfS0_thttb15addr_cal_mode_t] -> (nil)
AscendC: [_ZN7AscendC15load_cbuf_to_cbEPiS0_mb15addr_cal_mode_t] -> (nil)
AscendC: [_ZN7AscendC15load_cbuf_to_cbEPiS0_thtthb15addr_cal_mode_t] -> 0xffffac567728
AscendC: [_ZN7AscendC15load_cbuf_to_cbEPiS0_thtthbb15addr_cal_mode_t] -> (nil)
AscendC: [_ZN7AscendC15load_cbuf_to_cbEPiS0_thttb15addr_cal_mode_t] -> (nil)
AscendC: [_ZN7AscendC15load_cbuf_to_cbEPaS0_mb] -> (nil)
AscendC: [_ZN7AscendC15load_cbuf_to_cbEPaS0_mb15addr_cal_mode_t] -> (nil)
AscendC: [_ZN7AscendC15load_cbuf_to_cbEPaS0_thtthb15addr_cal_mode_t] -> 0xffffac564f00
AscendC: [_ZN7AscendC15load_cbuf_to_cbEPaS0_thtthbb15addr_cal_mode_t] -> (nil)
AscendC: [_ZN7AscendC15load_cbuf_to_cbEPaS0_ththb] -> (nil)
AscendC: [_ZN7AscendC15load_cbuf_to_cbEPaS0_thttb15addr_cal_mode_t] -> (nil)
AscendC: [_ZN7AscendC15load_cbuf_to_cbEPjS0_mb15addr_cal_mode_t] -> (nil)
AscendC: [_ZN7AscendC15load_cbuf_to_cbEPjS0_thtthb15addr_cal_mode_t] -> 0xffffac566f20
AscendC: [_ZN7AscendC15load_cbuf_to_cbEPjS0_thtthbb15addr_cal_mode_t] -> (nil)
AscendC: [_ZN7AscendC15load_cbuf_to_cbEPjS0_thttb15addr_cal_mode_t] -> (nil)
AscendC: [_ZN7AscendC15load_cbuf_to_cbEPhS0_mb] -> (nil)
AscendC: [_ZN7AscendC15load_cbuf_to_cbEPhS0_mb15addr_cal_mode_t] -> (nil)
AscendC: [_ZN7AscendC15load_cbuf_to_cbEPhS0_thtthb15addr_cal_mode_t] -> 0xffffac5646f8
AscendC: [_ZN7AscendC15load_cbuf_to_cbEPhS0_thtthbb15addr_cal_mode_t] -> (nil)
AscendC: [_ZN7AscendC15load_cbuf_to_cbEPhS0_ththb] -> (nil)
AscendC: [_ZN7AscendC15load_cbuf_to_cbEPhS0_thttb15addr_cal_mode_t] -> (nil)
AscendC: [_ZN7AscendC15load_cbuf_to_cbEPN7float165Fp16TES2_ththb15addr_cal_mode_t] -> (nil)
AscendC: [_ZN7AscendC15load_cbuf_to_cbEPaS0_ththb15addr_cal_mode_t] -> (nil)
AscendC: [_ZN7AscendC15load_cbuf_to_cbEPhS0_ththb15addr_cal_mode_t] -> (nil)
AscendC: [_ZN7AscendC18load_cbuf_to_cb_b2EPvS0_m] -> (nil)
AscendC: [_ZN7AscendC18load_cbuf_to_cb_b2EPN7float165Fp16TES2_m] -> (nil)
AscendC: [_ZN7AscendC18load_cbuf_to_cb_b2EPN7float165Fp16TES2_hh] -> (nil)
AscendC: [_ZN7AscendC18load_cbuf_to_cb_b2EPN7float165Fp16TES2_h] -> (nil)
AscendC: [_ZN7AscendC18load_cbuf_to_cb_b2EPaS0_m] -> (nil)
AscendC: [_ZN7AscendC18load_cbuf_to_cb_b2EPaS0_hh] -> (nil)
AscendC: [_ZN7AscendC18load_cbuf_to_cb_b2EPaS0_h] -> (nil)
AscendC: [_ZN7AscendC18load_cbuf_to_cb_b2EPhS0_m] -> (nil)
AscendC: [_ZN7AscendC18load_cbuf_to_cb_b2EPhS0_hh] -> (nil)
AscendC: [_ZN7AscendC18load_cbuf_to_cb_b2EPhS0_h] -> (nil)
AscendC: [_ZN7AscendC18load_cbuf_to_cb_s4EPvS0_mb15addr_cal_mode_t] -> (nil)
AscendC: [_ZN7AscendC18load_cbuf_to_cb_s4EPvS0_thtthb15addr_cal_mode_t] -> 0xffffac569ca8
AscendC: [_ZN7AscendC18load_cbuf_to_cb_s4EPvS0_thtthbb15addr_cal_mode_t] -> (nil)
AscendC: [_ZN7AscendC18load_cbuf_to_cb_spEPaS0_m] -> (nil)
AscendC: [_ZN7AscendC18load_cbuf_to_cb_spEPaS0_th] -> 0xffffac560ba0
AscendC: [_ZN7AscendC25load_cbuf_to_cb_transposeEPN7float165Fp16TES2_mm] -> (nil)
AscendC: [_ZN7AscendC25load_cbuf_to_cb_transposeEPN7float165Fp16TES2_thttbt] -> 0xffffac5643d0
AscendC: [_ZN7AscendC25load_cbuf_to_cb_transposeEPfS0_mm] -> (nil)
AscendC: [_ZN7AscendC25load_cbuf_to_cb_transposeEPfS0_thttbt] -> 0xffffac563db0
AscendC: [_ZN7AscendC25load_cbuf_to_cb_transposeEPiS0_mm] -> (nil)
AscendC: [_ZN7AscendC25load_cbuf_to_cb_transposeEPiS0_thttbt] -> 0xffffac563aa0
AscendC: [_ZN7AscendC25load_cbuf_to_cb_transposeEPaS0_mm] -> (nil)
AscendC: [_ZN7AscendC25load_cbuf_to_cb_transposeEPaS0_thttbt] -> 0xffffac563480
AscendC: [_ZN7AscendC25load_cbuf_to_cb_transposeEPjS0_mm] -> (nil)
AscendC: [_ZN7AscendC25load_cbuf_to_cb_transposeEPjS0_thttbt] -> 0xffffac563790
AscendC: [_ZN7AscendC25load_cbuf_to_cb_transposeEPhS0_mm] -> (nil)
AscendC: [_ZN7AscendC25load_cbuf_to_cb_transposeEPhS0_thttbt] -> 0xffffac563170
AscendC: [_ZN7AscendC28load_cbuf_to_cb_transpose_s4EPvS0_mm] -> (nil)
AscendC: [_ZN7AscendC28load_cbuf_to_cb_transpose_s4EPvS0_thttbt] -> 0xffffac561f08
AscendC: [_ZN7AscendC24load_cbuf_to_cb_winogradEPN7float165Fp16TES2_m] -> (nil)
AscendC: [_ZN7AscendC24load_cbuf_to_cb_winogradEPN7float165Fp16TES2_hthhhbbh] -> (nil)
AscendC: [_ZN7AscendC24load_cbuf_to_cb_winogradEPaS0_m] -> (nil)
AscendC: [_ZN7AscendC24load_cbuf_to_cb_winogradEPaS0_hthhhbbh] -> (nil)
AscendC: [_ZN7AscendC27load_cbuf_to_cb_winograd_v2EPaS0_m] -> (nil)
AscendC: [_ZN7AscendC27load_cbuf_to_cb_winograd_v2EPaS0_tttb] -> (nil)
AscendC: [_ZN7AscendC30load_decompress_header_from_gmEPvm] -> (nil)
AscendC: [_ZN7AscendC30load_decompress_header_from_gmEPvth] -> (nil)
AscendC: [_ZN7AscendC13load_gm_to_caEPN7float165Fp16TES2_m] -> (nil)
AscendC: [_ZN7AscendC13load_gm_to_caEPN7float165Fp16TES2_m15addr_cal_mode_t] -> (nil)
AscendC: [_ZN7AscendC13load_gm_to_caEPN7float165Fp16TES2_thtth15addr_cal_mode_t] -> 0xffffac5668b8
AscendC: [_ZN7AscendC13load_gm_to_caEPN7float165Fp16TES2_thtthb15addr_cal_mode_t] -> (nil)
AscendC: [_ZN7AscendC13load_gm_to_caEPN7float165Fp16TES2_thth] -> (nil)
AscendC: [_ZN7AscendC13load_gm_to_caEPN8bfloat165Bf16TES2_m] -> (nil)
AscendC: [_ZN7AscendC13load_gm_to_caEPN8bfloat165Bf16TES2_m15addr_cal_mode_t] -> (nil)
AscendC: [_ZN7AscendC13load_gm_to_caEPN8bfloat165Bf16TES2_thtth15addr_cal_mode_t] -> 0xffffac5688d8
AscendC: [_ZN7AscendC13load_gm_to_caEPN8bfloat165Bf16TES2_thtthb15addr_cal_mode_t] -> (nil)
AscendC: [_ZN7AscendC13load_gm_to_caEPN8bfloat165Bf16TES2_thth] -> (nil)
AscendC: [_ZN7AscendC13load_gm_to_caEPfS0_m15addr_cal_mode_t] -> (nil)
AscendC: [_ZN7AscendC13load_gm_to_caEPfS0_thtth15addr_cal_mode_t] -> 0xffffac5680d0
AscendC: [_ZN7AscendC13load_gm_to_caEPfS0_thtthb15addr_cal_mode_t] -> (nil)
AscendC: [_ZN7AscendC13load_gm_to_caEPiS0_m15addr_cal_mode_t] -> (nil)
AscendC: [_ZN7AscendC13load_gm_to_caEPiS0_thtth15addr_cal_mode_t] -> 0xffffac5678c8
AscendC: [_ZN7AscendC13load_gm_to_caEPiS0_thtthb15addr_cal_mode_t] -> (nil)
AscendC: [_ZN7AscendC13load_gm_to_caEPaS0_m] -> (nil)
AscendC: [_ZN7AscendC13load_gm_to_caEPaS0_m15addr_cal_mode_t] -> (nil)
AscendC: [_ZN7AscendC13load_gm_to_caEPaS0_thtth15addr_cal_mode_t] -> 0xffffac5650a0
AscendC: [_ZN7AscendC13load_gm_to_caEPaS0_thtthb15addr_cal_mode_t] -> (nil)
AscendC: [_ZN7AscendC13load_gm_to_caEPaS0_thth] -> (nil)
AscendC: [_ZN7AscendC13load_gm_to_caEPjS0_m15addr_cal_mode_t] -> (nil)
AscendC: [_ZN7AscendC13load_gm_to_caEPjS0_thtth15addr_cal_mode_t] -> 0xffffac5670c0
AscendC: [_ZN7AscendC13load_gm_to_caEPjS0_thtthb15addr_cal_mode_t] -> (nil)
AscendC: [_ZN7AscendC13load_gm_to_caEPhS0_m] -> (nil)
AscendC: [_ZN7AscendC13load_gm_to_caEPhS0_m15addr_cal_mode_t] -> (nil)
AscendC: [_ZN7AscendC13load_gm_to_caEPhS0_thtth15addr_cal_mode_t] -> 0xffffac564898
AscendC: [_ZN7AscendC13load_gm_to_caEPhS0_thtthb15addr_cal_mode_t] -> (nil)
AscendC: [_ZN7AscendC13load_gm_to_caEPhS0_thth] -> (nil)
AscendC: [_ZN7AscendC13load_gm_to_caEPN7float165Fp16TES2_thth15addr_cal_mode_t] -> (nil)
AscendC: [_ZN7AscendC13load_gm_to_caEPaS0_thth15addr_cal_mode_t] -> (nil)
AscendC: [_ZN7AscendC13load_gm_to_caEPhS0_thth15addr_cal_mode_t] -> (nil)
AscendC: [_ZN7AscendC16load_gm_to_ca_s4EPvS0_m15addr_cal_mode_t] -> (nil)
AscendC: [_ZN7AscendC16load_gm_to_ca_s4EPvS0_thtth15addr_cal_mode_t] -> (nil)
AscendC: [_ZN7AscendC16load_gm_to_ca_s4EPvS0_thtthb15addr_cal_mode_t] -> (nil)
AscendC: [_ZN7AscendC19load_gm_to_ca_unzipEPN7float165Fp16TES2_] -> (nil)
AscendC: [_ZN7AscendC19load_gm_to_ca_unzipEPvS0_] -> (nil)
AscendC: [_ZN7AscendC13load_gm_to_cbEPN7float165Fp16TES2_m] -> (nil)
AscendC: [_ZN7AscendC13load_gm_to_cbEPN7float165Fp16TES2_m15addr_cal_mode_t] -> (nil)
AscendC: [_ZN7AscendC13load_gm_to_cbEPN7float165Fp16TES2_thtth15addr_cal_mode_t] -> 0xffffac566a50
AscendC: [_ZN7AscendC13load_gm_to_cbEPN7float165Fp16TES2_thtthb15addr_cal_mode_t] -> (nil)
AscendC: [_ZN7AscendC13load_gm_to_cbEPN7float165Fp16TES2_thth] -> (nil)
AscendC: [_ZN7AscendC13load_gm_to_cbEPN8bfloat165Bf16TES2_m] -> (nil)
AscendC: [_ZN7AscendC13load_gm_to_cbEPN8bfloat165Bf16TES2_m15addr_cal_mode_t] -> (nil)
AscendC: [_ZN7AscendC13load_gm_to_cbEPN8bfloat165Bf16TES2_thtth15addr_cal_mode_t] -> 0xffffac568a70
AscendC: [_ZN7AscendC13load_gm_to_cbEPN8bfloat165Bf16TES2_thtthb15addr_cal_mode_t] -> (nil)
AscendC: [_ZN7AscendC13load_gm_to_cbEPN8bfloat165Bf16TES2_thth] -> (nil)
AscendC: [_ZN7AscendC13load_gm_to_cbEPfS0_m15addr_cal_mode_t] -> (nil)
AscendC: [_ZN7AscendC13load_gm_to_cbEPfS0_thtth15addr_cal_mode_t] -> 0xffffac568268
AscendC: [_ZN7AscendC13load_gm_to_cbEPfS0_thtthb15addr_cal_mode_t] -> (nil)
AscendC: [_ZN7AscendC13load_gm_to_cbEPiS0_m15addr_cal_mode_t] -> (nil)
AscendC: [_ZN7AscendC13load_gm_to_cbEPiS0_thtth15addr_cal_mode_t] -> 0xffffac567a60
AscendC: [_ZN7AscendC13load_gm_to_cbEPiS0_thtthb15addr_cal_mode_t] -> (nil)
AscendC: [_ZN7AscendC13load_gm_to_cbEPaS0_m] -> (nil)
AscendC: [_ZN7AscendC13load_gm_to_cbEPaS0_m15addr_cal_mode_t] -> (nil)
AscendC: [_ZN7AscendC13load_gm_to_cbEPaS0_thtth15addr_cal_mode_t] -> 0xffffac565238
AscendC: [_ZN7AscendC13load_gm_to_cbEPaS0_thtthb15addr_cal_mode_t] -> (nil)
AscendC: [_ZN7AscendC13load_gm_to_cbEPaS0_thth] -> (nil)
AscendC: [_ZN7AscendC13load_gm_to_cbEPjS0_m15addr_cal_mode_t] -> (nil)
AscendC: [_ZN7AscendC13load_gm_to_cbEPjS0_thtth15addr_cal_mode_t] -> 0xffffac567258
AscendC: [_ZN7AscendC13load_gm_to_cbEPjS0_thtthb15addr_cal_mode_t] -> (nil)
AscendC: [_ZN7AscendC13load_gm_to_cbEPhS0_m] -> (nil)
AscendC: [_ZN7AscendC13load_gm_to_cbEPhS0_m15addr_cal_mode_t] -> (nil)
AscendC: [_ZN7AscendC13load_gm_to_cbEPhS0_thtth15addr_cal_mode_t] -> 0xffffac564a30
AscendC: [_ZN7AscendC13load_gm_to_cbEPhS0_thtthb15addr_cal_mode_t] -> (nil)
AscendC: [_ZN7AscendC13load_gm_to_cbEPhS0_thth] -> (nil)
AscendC: [_ZN7AscendC13load_gm_to_cbEPN7float165Fp16TES2_thth15addr_cal_mode_t] -> (nil)
AscendC: [_ZN7AscendC13load_gm_to_cbEPaS0_thth15addr_cal_mode_t] -> (nil)
AscendC: [_ZN7AscendC13load_gm_to_cbEPhS0_thth15addr_cal_mode_t] -> (nil)
AscendC: [_ZN7AscendC16load_gm_to_cb_s4EPvS0_m15addr_cal_mode_t] -> (nil)
AscendC: [_ZN7AscendC16load_gm_to_cb_s4EPvS0_thtth15addr_cal_mode_t] -> (nil)
AscendC: [_ZN7AscendC16load_gm_to_cb_s4EPvS0_thtthb15addr_cal_mode_t] -> (nil)
AscendC: [_ZN7AscendC19load_gm_to_cb_unzipEPN7float165Fp16TES2_] -> (nil)
AscendC: [_ZN7AscendC19load_gm_to_cb_unzipEPvS0_] -> (nil)
AscendC: [_ZN7AscendC15load_gm_to_cbufEPN7float165Fp16TES2_m] -> (nil)
AscendC: [_ZN7AscendC15load_gm_to_cbufEPN7float165Fp16TES2_m15addr_cal_mode_t] -> (nil)
AscendC: [_ZN7AscendC15load_gm_to_cbufEPN7float165Fp16TES2_thtth15addr_cal_mode_t] -> 0xffffac566be8
AscendC: [_ZN7AscendC15load_gm_to_cbufEPN7float165Fp16TES2_thtthb15addr_cal_mode_t] -> (nil)
AscendC: [_ZN7AscendC15load_gm_to_cbufEPN7float165Fp16TES2_thth] -> (nil)
AscendC: [_ZN7AscendC15load_gm_to_cbufEPN8bfloat165Bf16TES2_m] -> (nil)
AscendC: [_ZN7AscendC15load_gm_to_cbufEPN8bfloat165Bf16TES2_m15addr_cal_mode_t] -> (nil)
AscendC: [_ZN7AscendC15load_gm_to_cbufEPN8bfloat165Bf16TES2_thtth15addr_cal_mode_t] -> 0xffffac568c08
AscendC: [_ZN7AscendC15load_gm_to_cbufEPN8bfloat165Bf16TES2_thtthb15addr_cal_mode_t] -> (nil)
AscendC: [_ZN7AscendC15load_gm_to_cbufEPN8bfloat165Bf16TES2_thth] -> (nil)
AscendC: [_ZN7AscendC15load_gm_to_cbufEPfS0_m15addr_cal_mode_t] -> (nil)
AscendC: [_ZN7AscendC15load_gm_to_cbufEPfS0_thtth15addr_cal_mode_t] -> 0xffffac568400
AscendC: [_ZN7AscendC15load_gm_to_cbufEPfS0_thtthb15addr_cal_mode_t] -> (nil)
AscendC: [_ZN7AscendC15load_gm_to_cbufEPiS0_m15addr_cal_mode_t] -> (nil)
AscendC: [_ZN7AscendC15load_gm_to_cbufEPiS0_thtth15addr_cal_mode_t] -> 0xffffac567bf8
AscendC: [_ZN7AscendC15load_gm_to_cbufEPiS0_thtthb15addr_cal_mode_t] -> (nil)
AscendC: [_ZN7AscendC15load_gm_to_cbufEPaS0_m] -> (nil)
AscendC: [_ZN7AscendC15load_gm_to_cbufEPaS0_m15addr_cal_mode_t] -> (nil)
AscendC: [_ZN7AscendC15load_gm_to_cbufEPaS0_thtth15addr_cal_mode_t] -> 0xffffac5653d0
AscendC: [_ZN7AscendC15load_gm_to_cbufEPaS0_thtthb15addr_cal_mode_t] -> (nil)
AscendC: [_ZN7AscendC15load_gm_to_cbufEPaS0_thth] -> (nil)
AscendC: [_ZN7AscendC15load_gm_to_cbufEPjS0_m15addr_cal_mode_t] -> (nil)
AscendC: [_ZN7AscendC15load_gm_to_cbufEPjS0_thtth15addr_cal_mode_t] -> 0xffffac5673f0
AscendC: [_ZN7AscendC15load_gm_to_cbufEPjS0_thtthb15addr_cal_mode_t] -> (nil)
AscendC: [_ZN7AscendC15load_gm_to_cbufEPhS0_m] -> (nil)
AscendC: [_ZN7AscendC15load_gm_to_cbufEPhS0_m15addr_cal_mode_t] -> (nil)
AscendC: [_ZN7AscendC15load_gm_to_cbufEPhS0_thtth15addr_cal_mode_t] -> 0xffffac564bc8
AscendC: [_ZN7AscendC15load_gm_to_cbufEPhS0_thtthb15addr_cal_mode_t] -> (nil)
AscendC: [_ZN7AscendC15load_gm_to_cbufEPhS0_thth] -> (nil)
AscendC: [_ZN7AscendC15load_gm_to_cbufEPN7float165Fp16TES2_thth15addr_cal_mode_t] -> (nil)
AscendC: [_ZN7AscendC15load_gm_to_cbufEPaS0_thth15addr_cal_mode_t] -> (nil)
AscendC: [_ZN7AscendC15load_gm_to_cbufEPhS0_thth15addr_cal_mode_t] -> (nil)
AscendC: [_ZN7AscendC18load_gm_to_cbuf_s4EPvS0_m15addr_cal_mode_t] -> (nil)
AscendC: [_ZN7AscendC18load_gm_to_cbuf_s4EPvS0_thtth15addr_cal_mode_t] -> (nil)
AscendC: [_ZN7AscendC18load_gm_to_cbuf_s4EPvS0_thtthb15addr_cal_mode_t] -> (nil)
AscendC: [_ZN7AscendC21load_gm_to_cbuf_unzipEPN7float165Fp16TES2_] -> (nil)
AscendC: [_ZN7AscendC21load_gm_to_cbuf_unzipEPvS0_] -> (nil)
AscendC: [_ZN7AscendC18load_image_to_cbufEPN7float165Fp16TEmm] -> (nil)
AscendC: [_ZN7AscendC18load_image_to_cbufEPN7float165Fp16TEttttthhtth] -> 0xffffac56ff90
AscendC: [_ZN7AscendC18load_image_to_cbufEPsmm] -> (nil)
AscendC: [_ZN7AscendC18load_image_to_cbufEPsttttthhtth] -> 0xffffac570458
AscendC: [_ZN7AscendC18load_image_to_cbufEPamm] -> (nil)
AscendC: [_ZN7AscendC18load_image_to_cbufEPattttthhtth] -> 0xffffac570128
AscendC: [_ZN7AscendC18load_image_to_cbufEPhmm] -> (nil)
AscendC: [_ZN7AscendC18load_image_to_cbufEPhttttthhtth] -> 0xffffac5702c0
AscendC: [_ZN7AscendC26load_smask_table_from_cbufEtPvm] -> (nil)
AscendC: [_ZN7AscendC24load_smask_table_from_gmEtPvm] -> (nil)
AscendC: [_ZN7AscendC24load_smask_table_from_ubEtPvm] -> (nil)
AscendC: [_ZN7AscendC24load_unzip_index_from_gmEPvm] -> (nil)
AscendC: [_ZN7AscendC24load_unzip_index_from_gmEPvjh] -> (nil)
AscendC: [_ZN7AscendC3madEPN7float165Fp16TES2_S2_m] -> (nil)
AscendC: [_ZN7AscendC3madEPN7float165Fp16TES2_S2_tttb] -> 0xffffac56f940
AscendC: [_ZN7AscendC3madEPN7float165Fp16TES2_S2_ttthhbbbbb] -> (nil)
AscendC: [_ZN7AscendC3madEPN7float165Fp16TES2_S2_ttthbbb] -> 0xffffac56fa20
AscendC: [_ZN7AscendC3madEPfPN7float165Fp16TES3_m] -> (nil)
AscendC: [_ZN7AscendC3madEPfPN7float165Fp16TES3_tttb] -> 0xffffac5691a8
AscendC: [_ZN7AscendC3madEPfPN7float165Fp16TES3_ttthhbbbbb] -> (nil)
AscendC: [_ZN7AscendC3madEPfPN7float165Fp16TES3_ttthbbb] -> 0xffffac5692f0
AscendC: [_ZN7AscendC3madEPfPN7float165Fp16TES3_ttthhhbbbb] -> (nil)
AscendC: [_ZN7AscendC3madEPfPN8bfloat165Bf16TES3_m] -> (nil)
AscendC: [_ZN7AscendC3madEPfPN8bfloat165Bf16TES3_ttthbbb] -> 0xffffac569860
AscendC: [_ZN7AscendC3madEPfPN8bfloat165Bf16TES3_ttthhhbbbb] -> (nil)
AscendC: [_ZN7AscendC3madEPfS0_S0_m] -> (nil)
AscendC: [_ZN7AscendC3madEPfS0_S0_ttthbbb] -> 0xffffac5695b0
AscendC: [_ZN7AscendC3madEPfS0_S0_ttthhhbbbb] -> (nil)
AscendC: [_ZN7AscendC3madEPiPsPam] -> (nil)
AscendC: [_ZN7AscendC3madEPiPsPattth11unit_flag_tbb] -> (nil)
AscendC: [_ZN7AscendC3madEPiPaS1_m] -> (nil)
AscendC: [_ZN7AscendC3madEPiPaS1_tttb] -> 0xffffac568da0
AscendC: [_ZN7AscendC3madEPiPaS1_ttthhbbbbb] -> (nil)
AscendC: [_ZN7AscendC3madEPiPaS1_ttthbbb] -> 0xffffac568ee8
AscendC: [_ZN7AscendC3madEPiPaS1_ttthhhbbbb] -> (nil)
AscendC: [_ZN7AscendC3madEPjPhS1_m] -> (nil)
AscendC: [_ZN7AscendC3madEPjPhS1_tttb] -> 0xffffac56f360
AscendC: [_ZN7AscendC3madEPjPhS1_ttthhbbbbb] -> (nil)
AscendC: [_ZN7AscendC3madEPjPhS1_ttthbbb] -> 0xffffac56f448
AscendC: [_ZN7AscendC3madEPiPhS1_m] -> (nil)
AscendC: [_ZN7AscendC3madEPiPhS1_tttb] -> 0xffffac56f550
AscendC: [_ZN7AscendC3madEPiPhS1_ttthhbbbbb] -> (nil)
AscendC: [_ZN7AscendC3madEPiPhS1_ttthbbb] -> 0xffffac56f638
AscendC: [_ZN7AscendC3madEPiPhS1_ttthhhbbbb] -> (nil)
AscendC: [_ZN7AscendC3madEPiPhPam] -> (nil)
AscendC: [_ZN7AscendC3madEPiPhPatttb] -> 0xffffac56f740
AscendC: [_ZN7AscendC3madEPiPhPattthhbbbbb] -> (nil)
AscendC: [_ZN7AscendC3madEPiPhPattthbbb] -> 0xffffac56f830
AscendC: [_ZN7AscendC3madEPN7float165Fp16TES2_S2_mm] -> (nil)
AscendC: [_ZN7AscendC3madEPN7float165Fp16TES2_S2_mtttb] -> (nil)
AscendC: [_ZN7AscendC3madEPN7float165Fp16TES2_S2_mttthbbb] -> (nil)
AscendC: [_ZN7AscendC3madEPfPN7float165Fp16TES3_mm] -> (nil)
AscendC: [_ZN7AscendC3madEPfPN7float165Fp16TES3_mtttb] -> (nil)
AscendC: [_ZN7AscendC3madEPfPN7float165Fp16TES3_mttthbbb] -> 0xffffac569450
AscendC: [_ZN7AscendC3madEPfPN8bfloat165Bf16TES3_mm] -> (nil)
AscendC: [_ZN7AscendC3madEPfPN8bfloat165Bf16TES3_mttthbbb] -> 0xffffac5699c0
AscendC: [_ZN7AscendC3madEPfS0_S0_mm] -> (nil)
AscendC: [_ZN7AscendC3madEPfS0_S0_mttthbbb] -> 0xffffac569708
AscendC: [_ZN7AscendC3madEPiPsPamm] -> (nil)
AscendC: [_ZN7AscendC3madEPiPsPamttth11unit_flag_tbb] -> (nil)
AscendC: [_ZN7AscendC3madEPiPaS1_mm] -> (nil)
AscendC: [_ZN7AscendC3madEPiPaS1_mtttb] -> (nil)
AscendC: [_ZN7AscendC3madEPiPaS1_mttthbbb] -> 0xffffac569048
AscendC: [_ZN7AscendC3madEPjPhS1_mm] -> (nil)
AscendC: [_ZN7AscendC3madEPjPhS1_mtttb] -> (nil)
AscendC: [_ZN7AscendC3madEPjPhS1_mttthbbb] -> (nil)
AscendC: [_ZN7AscendC3madEPiPhS1_mm] -> (nil)
AscendC: [_ZN7AscendC3madEPiPhS1_mtttb] -> (nil)
AscendC: [_ZN7AscendC3madEPiPhS1_mttthbbb] -> (nil)
AscendC: [_ZN7AscendC3madEPiPhPamm] -> (nil)
AscendC: [_ZN7AscendC3madEPiPhPamtttb] -> (nil)
AscendC: [_ZN7AscendC3madEPiPhPamttthbbb] -> (nil)
AscendC: [_ZN7AscendC8mad_b8u2EPiPaPvm] -> (nil)
AscendC: [_ZN7AscendC8mad_b8u2EPiPaPvtttb] -> (nil)
AscendC: [_ZN7AscendC8mad_b8u2EPiPaPvttthhbbbbb] -> (nil)
AscendC: [_ZN7AscendC8mad_b8u2EPiPhPvm] -> (nil)
AscendC: [_ZN7AscendC8mad_b8u2EPiPhPvtttb] -> (nil)
AscendC: [_ZN7AscendC8mad_b8u2EPiPhPvttthhbbbbb] -> (nil)
AscendC: [_ZN7AscendC12mad_bf162f32EPfPtS1_m] -> (nil)
AscendC: [_ZN7AscendC12mad_bf162f32EPfPtS1_ttthbbb] -> (nil)
AscendC: [_ZN7AscendC12mad_bf162f32EPfPtS1_ttthhhbbbb] -> (nil)
AscendC: [_ZN7AscendC9mad_f16u2EPN7float165Fp16TES2_Pvm] -> (nil)
AscendC: [_ZN7AscendC9mad_f16u2EPN7float165Fp16TES2_Pvtttb] -> (nil)
AscendC: [_ZN7AscendC9mad_f16u2EPN7float165Fp16TES2_Pvttthhbbbbb] -> (nil)
AscendC: [_ZN7AscendC6mad_s4EPiPvS1_m] -> (nil)
AscendC: [_ZN7AscendC6mad_s4EPiPvS1_tttb] -> (nil)
AscendC: [_ZN7AscendC6mad_s4EPiPvS1_ttthhbbbbb] -> (nil)
AscendC: [_ZN7AscendC6mad_s4EPiPvS1_ttthbbb] -> 0xffffac5605e0
AscendC: [_ZN7AscendC6mad_s4EPiPvS1_ttthhhbbbb] -> (nil)
AscendC: [_ZN7AscendC6mad_spEPiPaS1_m] -> (nil)
AscendC: [_ZN7AscendC6mad_spEPiPaS1_ttthbb] -> 0xffffac560a60
AscendC: [_ZN7AscendC12mad_tf322f32EPfS0_S0_m] -> (nil)
AscendC: [_ZN7AscendC12mad_tf322f32EPfS0_S0_ttthbbb] -> (nil)
AscendC: [_ZN7AscendC12mad_tf322f32EPfS0_S0_ttthhhbbbb] -> (nil)
AscendC: [_ZN7AscendC8mov_vsprE6VSPR_tm] -> (nil)
AscendC: [_ZN7AscendC13mte4_mte5_offEv] -> (nil)
AscendC: [_ZN7AscendC12mte4_mte5_onEv] -> (nil)
AscendC: [_ZN7AscendC7mvf_dciEv] -> (nil)
AscendC: [_ZN7AscendC21mvf_gm_to_ub_b128_u16EPvS0_S0_m] -> (nil)
AscendC: [_ZN7AscendC21mvf_gm_to_ub_b128_u16EPvS0_S0_thh] -> (nil)
AscendC: [_ZN7AscendC21mvf_gm_to_ub_b128_u32EPvS0_S0_m] -> (nil)
AscendC: [_ZN7AscendC21mvf_gm_to_ub_b128_u32EPvS0_S0_thh] -> (nil)
AscendC: [_ZN7AscendC21mvf_gm_to_ub_b256_u16EPvS0_S0_m] -> (nil)
AscendC: [_ZN7AscendC21mvf_gm_to_ub_b256_u16EPvS0_S0_thh] -> (nil)
AscendC: [_ZN7AscendC21mvf_gm_to_ub_b256_u32EPvS0_S0_m] -> (nil)
AscendC: [_ZN7AscendC21mvf_gm_to_ub_b256_u32EPvS0_S0_thh] -> (nil)
AscendC: [_ZN7AscendC20mvf_gm_to_ub_b32_u16EPvS0_S0_m] -> (nil)
AscendC: [_ZN7AscendC20mvf_gm_to_ub_b32_u16EPvS0_S0_thh] -> (nil)
AscendC: [_ZN7AscendC20mvf_gm_to_ub_b32_u32EPvS0_S0_m] -> (nil)
AscendC: [_ZN7AscendC20mvf_gm_to_ub_b32_u32EPvS0_S0_thh] -> (nil)
AscendC: [_ZN7AscendC21mvf_gm_to_ub_b512_u16EPvS0_S0_m] -> (nil)
AscendC: [_ZN7AscendC21mvf_gm_to_ub_b512_u16EPvS0_S0_thh] -> (nil)
AscendC: [_ZN7AscendC21mvf_gm_to_ub_b512_u32EPvS0_S0_m] -> (nil)
AscendC: [_ZN7AscendC21mvf_gm_to_ub_b512_u32EPvS0_S0_thh] -> (nil)
AscendC: [_ZN7AscendC20mvf_gm_to_ub_b64_u16EPvS0_S0_m] -> (nil)
AscendC: [_ZN7AscendC20mvf_gm_to_ub_b64_u16EPvS0_S0_thh] -> (nil)
AscendC: [_ZN7AscendC20mvf_gm_to_ub_b64_u32EPvS0_S0_m] -> (nil)
AscendC: [_ZN7AscendC20mvf_gm_to_ub_b64_u32EPvS0_S0_thh] -> (nil)
AscendC: [_ZN7AscendC12pc_trace_offEv] -> (nil)
AscendC: [_ZN7AscendC11pc_trace_onEv] -> (nil)
AscendC: [_ZN7AscendC12pipe_barrierE6pipe_t] -> 0xffffac526300
AscendC: [_ZN7AscendC7preloadEPKv] -> 0xffffac5270c8
AscendC: [_ZN7AscendC7preloadEPKvl] -> 0xffffac526ff8
AscendC: [_ZN7AscendC12release_pbidEm] -> (nil)
AscendC: [_ZN7AscendC7rpn_corEPN7float165Fp16TES2_m] -> (nil)
AscendC: [_ZN7AscendC7rpn_corEPN7float165Fp16TES2_htt] -> (nil)
AscendC: [_ZN7AscendC12rpn_cor_diagEPN7float165Fp16TES2_] -> (nil)
AscendC: [_ZN7AscendC13rpn_cor_diag2EPN7float165Fp16TES2_] -> (nil)
AscendC: [_ZN7AscendC8sbitset0Eml] -> 0xffffac524b90
AscendC: [_ZN7AscendC8sbitset1Eml] -> 0xffffac524b80
AscendC: [_ZN7AscendC12scatter_vabsE7vtype_t10ub_addr8_tS1_m] -> (nil)
AscendC: [_ZN7AscendC12scatter_vabsE7vtype_t10ub_addr8_tS1_htt] -> (nil)
AscendC: [_ZN7AscendC16scatter_vabs_f16E10ub_addr8_tS0_m] -> (nil)
AscendC: [_ZN7AscendC16scatter_vabs_f16E10ub_addr8_tS0_htt] -> (nil)
AscendC: [_ZN7AscendC16scatter_vabs_f32E10ub_addr8_tS0_m] -> (nil)
AscendC: [_ZN7AscendC16scatter_vabs_f32E10ub_addr8_tS0_htt] -> (nil)
AscendC: [_ZN7AscendC16scatter_vabs_s16E10ub_addr8_tS0_m] -> (nil)
AscendC: [_ZN7AscendC16scatter_vabs_s16E10ub_addr8_tS0_htt] -> (nil)
AscendC: [_ZN7AscendC12scatter_vaddE7vtype_t10ub_addr8_tS1_S1_m] -> (nil)
AscendC: [_ZN7AscendC12scatter_vaddE7vtype_t10ub_addr8_tS1_S1_httt] -> (nil)
AscendC: [_ZN7AscendC16scatter_vadd_f16E10ub_addr8_tS0_S0_m] -> (nil)
AscendC: [_ZN7AscendC16scatter_vadd_f16E10ub_addr8_tS0_S0_httt] -> (nil)
AscendC: [_ZN7AscendC16scatter_vadd_f32E10ub_addr8_tS0_S0_m] -> (nil)
AscendC: [_ZN7AscendC16scatter_vadd_f32E10ub_addr8_tS0_S0_httt] -> (nil)
AscendC: [_ZN7AscendC16scatter_vadd_s16E10ub_addr8_tS0_S0_m] -> (nil)
AscendC: [_ZN7AscendC16scatter_vadd_s16E10ub_addr8_tS0_S0_httt] -> (nil)
AscendC: [_ZN7AscendC16scatter_vadd_s32E10ub_addr8_tS0_S0_m] -> (nil)
AscendC: [_ZN7AscendC16scatter_vadd_s32E10ub_addr8_tS0_S0_httt] -> (nil)
AscendC: [_ZN7AscendC13scatter_vaddsE7vtype_t10ub_addr8_tS1_N7float165Fp16TEm] -> (nil)
AscendC: [_ZN7AscendC13scatter_vaddsE7vtype_t10ub_addr8_tS1_N7float165Fp16TEhtt] -> (nil)
AscendC: [_ZN7AscendC13scatter_vaddsE7vtype_t10ub_addr8_tS1_fm] -> (nil)
AscendC: [_ZN7AscendC13scatter_vaddsE7vtype_t10ub_addr8_tS1_fhtt] -> (nil)
AscendC: [_ZN7AscendC17scatter_vadds_f16E10ub_addr8_tS0_N7float165Fp16TEm] -> (nil)
AscendC: [_ZN7AscendC17scatter_vadds_f16E10ub_addr8_tS0_N7float165Fp16TEhtt] -> (nil)
AscendC: [_ZN7AscendC17scatter_vadds_f32E10ub_addr8_tS0_fm] -> (nil)
AscendC: [_ZN7AscendC17scatter_vadds_f32E10ub_addr8_tS0_fhtt] -> (nil)
AscendC: [_ZN7AscendC17scatter_vadds_s16E10ub_addr8_tS0_sm] -> (nil)
AscendC: [_ZN7AscendC17scatter_vadds_s16E10ub_addr8_tS0_shtt] -> (nil)
AscendC: [_ZN7AscendC17scatter_vadds_s32E10ub_addr8_tS0_im] -> (nil)
AscendC: [_ZN7AscendC17scatter_vadds_s32E10ub_addr8_tS0_ihtt] -> (nil)
AscendC: [_ZN7AscendC13scatter_vaxpyE7vtype_t10ub_addr8_tS1_N7float165Fp16TEmb] -> (nil)
AscendC: [_ZN7AscendC13scatter_vaxpyE7vtype_t10ub_addr8_tS1_N7float165Fp16TEhttb] -> (nil)
AscendC: [_ZN7AscendC13scatter_vaxpyE7vtype_t10ub_addr8_tS1_fmb] -> (nil)
AscendC: [_ZN7AscendC13scatter_vaxpyE7vtype_t10ub_addr8_tS1_fhttb] -> (nil)
AscendC: [_ZN7AscendC17scatter_vaxpy_f16E10ub_addr8_tS0_N7float165Fp16TEmb] -> (nil)
AscendC: [_ZN7AscendC17scatter_vaxpy_f16E10ub_addr8_tS0_N7float165Fp16TEhttb] -> (nil)
AscendC: [_ZN7AscendC17scatter_vaxpy_f32E10ub_addr8_tS0_fmb] -> (nil)
AscendC: [_ZN7AscendC17scatter_vaxpy_f32E10ub_addr8_tS0_fhttb] -> (nil)
AscendC: [_ZN7AscendC18scatter_vaxpy_fmixE10ub_addr8_tS0_N7float165Fp16TEmb] -> (nil)
AscendC: [_ZN7AscendC18scatter_vaxpy_fmixE10ub_addr8_tS0_N7float165Fp16TEhttb] -> (nil)
AscendC: [_ZN7AscendC15scatter_vcmp_eqE7vtype_t10ub_addr8_tS1_m] -> (nil)
AscendC: [_ZN7AscendC19scatter_vcmp_eq_f16E10ub_addr8_tS0_m] -> (nil)
AscendC: [_ZN7AscendC19scatter_vcmp_eq_f32E10ub_addr8_tS0_m] -> (nil)
AscendC: [_ZN7AscendC19scatter_vcmp_eq_s16E10ub_addr8_tS0_m] -> (nil)
AscendC: [_ZN7AscendC15scatter_vcmp_geE7vtype_t10ub_addr8_tS1_m] -> (nil)
AscendC: [_ZN7AscendC19scatter_vcmp_ge_f16E10ub_addr8_tS0_m] -> (nil)
AscendC: [_ZN7AscendC19scatter_vcmp_ge_f32E10ub_addr8_tS0_m] -> (nil)
AscendC: [_ZN7AscendC19scatter_vcmp_ge_s16E10ub_addr8_tS0_m] -> (nil)
AscendC: [_ZN7AscendC15scatter_vcmp_gtE7vtype_t10ub_addr8_tS1_m] -> (nil)
AscendC: [_ZN7AscendC19scatter_vcmp_gt_f16E10ub_addr8_tS0_m] -> (nil)
AscendC: [_ZN7AscendC19scatter_vcmp_gt_f32E10ub_addr8_tS0_m] -> (nil)
AscendC: [_ZN7AscendC19scatter_vcmp_gt_s16E10ub_addr8_tS0_m] -> (nil)
AscendC: [_ZN7AscendC15scatter_vcmp_leE7vtype_t10ub_addr8_tS1_m] -> (nil)
AscendC: [_ZN7AscendC19scatter_vcmp_le_f16E10ub_addr8_tS0_m] -> (nil)
AscendC: [_ZN7AscendC19scatter_vcmp_le_f32E10ub_addr8_tS0_m] -> (nil)
AscendC: [_ZN7AscendC19scatter_vcmp_le_s16E10ub_addr8_tS0_m] -> (nil)
AscendC: [_ZN7AscendC15scatter_vcmp_ltE7vtype_t10ub_addr8_tS1_m] -> (nil)
AscendC: [_ZN7AscendC19scatter_vcmp_lt_f16E10ub_addr8_tS0_m] -> (nil)
AscendC: [_ZN7AscendC19scatter_vcmp_lt_f32E10ub_addr8_tS0_m] -> (nil)
AscendC: [_ZN7AscendC19scatter_vcmp_lt_s16E10ub_addr8_tS0_m] -> (nil)
AscendC: [_ZN7AscendC15scatter_vcmp_neE7vtype_t10ub_addr8_tS1_m] -> (nil)
AscendC: [_ZN7AscendC19scatter_vcmp_ne_f16E10ub_addr8_tS0_m] -> (nil)
AscendC: [_ZN7AscendC19scatter_vcmp_ne_f32E10ub_addr8_tS0_m] -> (nil)
AscendC: [_ZN7AscendC19scatter_vcmp_ne_s16E10ub_addr8_tS0_m] -> (nil)
AscendC: [_ZN7AscendC19scatter_vconcat_f16EPN7float165Fp16TE10ub_addr8_tm] -> (nil)
AscendC: [_ZN7AscendC19scatter_vconcat_f16EPN7float165Fp16TE10ub_addr8_thh] -> (nil)
AscendC: [_ZN7AscendC19scatter_vconcat_f32EPf10ub_addr8_tm] -> (nil)
AscendC: [_ZN7AscendC19scatter_vconcat_f32EPf10ub_addr8_thh] -> (nil)
AscendC: [_ZN7AscendC17scatter_vconv_deqE10ub_addr8_tS0_mb] -> (nil)
AscendC: [_ZN7AscendC17scatter_vconv_deqE10ub_addr8_tS0_httb] -> (nil)
AscendC: [_ZN7AscendC21scatter_vconv_f162f32E10ub_addr8_tS0_mb] -> (nil)
AscendC: [_ZN7AscendC21scatter_vconv_f162f32E10ub_addr8_tS0_httb] -> (nil)
AscendC: [_ZN7AscendC22scatter_vconv_f162s32aE10ub_addr8_tS0_mb] -> (nil)
AscendC: [_ZN7AscendC22scatter_vconv_f162s32aE10ub_addr8_tS0_httb] -> (nil)
AscendC: [_ZN7AscendC22scatter_vconv_f162s32cE10ub_addr8_tS0_mb] -> (nil)
AscendC: [_ZN7AscendC22scatter_vconv_f162s32cE10ub_addr8_tS0_httb] -> (nil)
AscendC: [_ZN7AscendC22scatter_vconv_f162s32fE10ub_addr8_tS0_mb] -> (nil)
AscendC: [_ZN7AscendC22scatter_vconv_f162s32fE10ub_addr8_tS0_httb] -> (nil)
AscendC: [_ZN7AscendC22scatter_vconv_f162s32rE10ub_addr8_tS0_mb] -> (nil)
AscendC: [_ZN7AscendC22scatter_vconv_f162s32rE10ub_addr8_tS0_httb] -> (nil)
AscendC: [_ZN7AscendC22scatter_vconv_f162s32zE10ub_addr8_tS0_mb] -> (nil)
AscendC: [_ZN7AscendC22scatter_vconv_f162s32zE10ub_addr8_tS0_httb] -> (nil)
AscendC: [_ZN7AscendC20scatter_vconv_f162s8E10ub_addr8_tS0_mb] -> (nil)
AscendC: [_ZN7AscendC20scatter_vconv_f162s8E10ub_addr8_tS0_httb] -> (nil)
AscendC: [_ZN7AscendC21scatter_vconv_f162s8aE10ub_addr8_tS0_mb] -> (nil)
AscendC: [_ZN7AscendC21scatter_vconv_f162s8aE10ub_addr8_tS0_httb] -> (nil)
AscendC: [_ZN7AscendC21scatter_vconv_f162s8cE10ub_addr8_tS0_mb] -> (nil)
AscendC: [_ZN7AscendC21scatter_vconv_f162s8cE10ub_addr8_tS0_httb] -> (nil)
AscendC: [_ZN7AscendC21scatter_vconv_f162s8fE10ub_addr8_tS0_mb] -> (nil)
AscendC: [_ZN7AscendC21scatter_vconv_f162s8fE10ub_addr8_tS0_httb] -> (nil)
AscendC: [_ZN7AscendC21scatter_vconv_f162s8zE10ub_addr8_tS0_mb] -> (nil)
AscendC: [_ZN7AscendC21scatter_vconv_f162s8zE10ub_addr8_tS0_httb] -> (nil)
AscendC: [_ZN7AscendC20scatter_vconv_f162u8E10ub_addr8_tS0_mb] -> (nil)
AscendC: [_ZN7AscendC20scatter_vconv_f162u8E10ub_addr8_tS0_httb] -> (nil)
AscendC: [_ZN7AscendC21scatter_vconv_f162u8aE10ub_addr8_tS0_mb] -> (nil)
AscendC: [_ZN7AscendC21scatter_vconv_f162u8aE10ub_addr8_tS0_httb] -> (nil)
AscendC: [_ZN7AscendC21scatter_vconv_f162u8cE10ub_addr8_tS0_mb] -> (nil)
AscendC: [_ZN7AscendC21scatter_vconv_f162u8cE10ub_addr8_tS0_httb] -> (nil)
AscendC: [_ZN7AscendC21scatter_vconv_f162u8fE10ub_addr8_tS0_mb] -> (nil)
AscendC: [_ZN7AscendC21scatter_vconv_f162u8fE10ub_addr8_tS0_httb] -> (nil)
AscendC: [_ZN7AscendC21scatter_vconv_f162u8zE10ub_addr8_tS0_mb] -> (nil)
AscendC: [_ZN7AscendC21scatter_vconv_f162u8zE10ub_addr8_tS0_httb] -> (nil)
AscendC: [_ZN7AscendC21scatter_vconv_f322f16E10ub_addr8_tS0_mb] -> (nil)
AscendC: [_ZN7AscendC21scatter_vconv_f322f16E10ub_addr8_tS0_httb] -> (nil)
AscendC: [_ZN7AscendC22scatter_vconv_f322f16oE10ub_addr8_tS0_mb] -> (nil)
AscendC: [_ZN7AscendC22scatter_vconv_f322f16oE10ub_addr8_tS0_httb] -> (nil)
AscendC: [_ZN7AscendC22scatter_vconv_f322s32aE10ub_addr8_tS0_mb] -> (nil)
AscendC: [_ZN7AscendC22scatter_vconv_f322s32aE10ub_addr8_tS0_httb] -> (nil)
AscendC: [_ZN7AscendC22scatter_vconv_f322s32cE10ub_addr8_tS0_mb] -> (nil)
AscendC: [_ZN7AscendC22scatter_vconv_f322s32cE10ub_addr8_tS0_httb] -> (nil)
AscendC: [_ZN7AscendC22scatter_vconv_f322s32fE10ub_addr8_tS0_mb] -> (nil)
AscendC: [_ZN7AscendC22scatter_vconv_f322s32fE10ub_addr8_tS0_httb] -> (nil)
AscendC: [_ZN7AscendC22scatter_vconv_f322s32rE10ub_addr8_tS0_mb] -> (nil)
AscendC: [_ZN7AscendC22scatter_vconv_f322s32rE10ub_addr8_tS0_httb] -> (nil)
AscendC: [_ZN7AscendC22scatter_vconv_f322s32zE10ub_addr8_tS0_mb] -> (nil)
AscendC: [_ZN7AscendC22scatter_vconv_f322s32zE10ub_addr8_tS0_httb] -> (nil)
AscendC: [_ZN7AscendC21scatter_vconv_s322f32E10ub_addr8_tS0_mb] -> (nil)
AscendC: [_ZN7AscendC21scatter_vconv_s322f32E10ub_addr8_tS0_httb] -> (nil)
AscendC: [_ZN7AscendC20scatter_vconv_s82f16E10ub_addr8_tS0_mb] -> (nil)
AscendC: [_ZN7AscendC20scatter_vconv_s82f16E10ub_addr8_tS0_httb] -> (nil)
AscendC: [_ZN7AscendC20scatter_vconv_u82f16E10ub_addr8_tS0_mb] -> (nil)
AscendC: [_ZN7AscendC20scatter_vconv_u82f16E10ub_addr8_tS0_httb] -> (nil)
AscendC: [_ZN7AscendC21scatter_vcshuffle_b16E10ub_addr8_tS0_m] -> (nil)
AscendC: [_ZN7AscendC21scatter_vcshuffle_b16E10ub_addr8_tS0_htth] -> (nil)
AscendC: [_ZN7AscendC21scatter_vcshuffle_b32E10ub_addr8_tS0_m] -> (nil)
AscendC: [_ZN7AscendC21scatter_vcshuffle_b32E10ub_addr8_tS0_htth] -> (nil)
AscendC: [_ZN7AscendC20scatter_vcshuffle_b8E10ub_addr8_tS0_m] -> (nil)
AscendC: [_ZN7AscendC20scatter_vcshuffle_b8E10ub_addr8_tS0_htth] -> (nil)
AscendC: [_ZN7AscendC12scatter_vdivE7vtype_t10ub_addr8_tS1_S1_m] -> (nil)
AscendC: [_ZN7AscendC12scatter_vdivE7vtype_t10ub_addr8_tS1_S1_httt] -> (nil)
AscendC: [_ZN7AscendC16scatter_vdiv_f16E10ub_addr8_tS0_S0_m] -> (nil)
AscendC: [_ZN7AscendC16scatter_vdiv_f16E10ub_addr8_tS0_S0_httt] -> (nil)
AscendC: [_ZN7AscendC16scatter_vdiv_f32E10ub_addr8_tS0_S0_m] -> (nil)
AscendC: [_ZN7AscendC16scatter_vdiv_f32E10ub_addr8_tS0_S0_httt] -> (nil)
AscendC: [_ZN7AscendC18scatter_vector_movE7vtype_t10ub_addr8_tS1_m] -> (nil)
AscendC: [_ZN7AscendC18scatter_vector_movE7vtype_t10ub_addr8_tS1_htt] -> (nil)
AscendC: [_ZN7AscendC22scatter_vector_mov_f16E10ub_addr8_tS0_m] -> (nil)
AscendC: [_ZN7AscendC22scatter_vector_mov_f16E10ub_addr8_tS0_htt] -> (nil)
AscendC: [_ZN7AscendC22scatter_vector_mov_s16E10ub_addr8_tS0_m] -> (nil)
AscendC: [_ZN7AscendC22scatter_vector_mov_s16E10ub_addr8_tS0_htt] -> (nil)
AscendC: [_ZN7AscendC22scatter_vector_mov_u16E10ub_addr8_tS0_m] -> (nil)
AscendC: [_ZN7AscendC22scatter_vector_mov_u16E10ub_addr8_tS0_htt] -> (nil)
AscendC: [_ZN7AscendC12scatter_vexpE7vtype_t10ub_addr8_tS1_m] -> (nil)
AscendC: [_ZN7AscendC12scatter_vexpE7vtype_t10ub_addr8_tS1_htt] -> (nil)
AscendC: [_ZN7AscendC16scatter_vexp_f16E10ub_addr8_tS0_m] -> (nil)
AscendC: [_ZN7AscendC16scatter_vexp_f16E10ub_addr8_tS0_htt] -> (nil)
AscendC: [_ZN7AscendC16scatter_vexp_f32E10ub_addr8_tS0_m] -> (nil)
AscendC: [_ZN7AscendC16scatter_vexp_f32E10ub_addr8_tS0_htt] -> (nil)
AscendC: [_ZN7AscendC20scatter_vextract_f16E10ub_addr8_tPN7float165Fp16TEm] -> (nil)
AscendC: [_ZN7AscendC20scatter_vextract_f16E10ub_addr8_tPN7float165Fp16TEhh] -> (nil)
AscendC: [_ZN7AscendC20scatter_vextract_f32E10ub_addr8_tPfm] -> (nil)
AscendC: [_ZN7AscendC20scatter_vextract_f32E10ub_addr8_tPfhh] -> (nil)
AscendC: [_ZN7AscendC11scatter_vlnE7vtype_t10ub_addr8_tS1_m] -> (nil)
AscendC: [_ZN7AscendC11scatter_vlnE7vtype_t10ub_addr8_tS1_htt] -> (nil)
AscendC: [_ZN7AscendC15scatter_vln_f16E10ub_addr8_tS0_m] -> (nil)
AscendC: [_ZN7AscendC15scatter_vln_f16E10ub_addr8_tS0_htt] -> (nil)
AscendC: [_ZN7AscendC15scatter_vln_f32E10ub_addr8_tS0_m] -> (nil)
AscendC: [_ZN7AscendC15scatter_vln_f32E10ub_addr8_tS0_htt] -> (nil)
AscendC: [_ZN7AscendC13scatter_vmaddE7vtype_t10ub_addr8_tS1_S1_m] -> (nil)
AscendC: [_ZN7AscendC13scatter_vmaddE7vtype_t10ub_addr8_tS1_S1_httt] -> (nil)
AscendC: [_ZN7AscendC17scatter_vmadd_f16E10ub_addr8_tS0_S0_m] -> (nil)
AscendC: [_ZN7AscendC17scatter_vmadd_f16E10ub_addr8_tS0_S0_httt] -> (nil)
AscendC: [_ZN7AscendC17scatter_vmadd_f32E10ub_addr8_tS0_S0_m] -> (nil)
AscendC: [_ZN7AscendC17scatter_vmadd_f32E10ub_addr8_tS0_S0_httt] -> (nil)
AscendC: [_ZN7AscendC17scatter_vmaddreluE7vtype_t10ub_addr8_tS1_S1_m] -> (nil)
AscendC: [_ZN7AscendC17scatter_vmaddreluE7vtype_t10ub_addr8_tS1_S1_httt] -> (nil)
AscendC: [_ZN7AscendC21scatter_vmaddrelu_f16E10ub_addr8_tS0_S0_m] -> (nil)
AscendC: [_ZN7AscendC21scatter_vmaddrelu_f16E10ub_addr8_tS0_S0_httt] -> (nil)
AscendC: [_ZN7AscendC21scatter_vmaddrelu_f32E10ub_addr8_tS0_S0_m] -> (nil)
AscendC: [_ZN7AscendC21scatter_vmaddrelu_f32E10ub_addr8_tS0_S0_httt] -> (nil)
AscendC: [_ZN7AscendC12scatter_vmaxE7vtype_t10ub_addr8_tS1_S1_m] -> (nil)
AscendC: [_ZN7AscendC12scatter_vmaxE7vtype_t10ub_addr8_tS1_S1_httt] -> (nil)
AscendC: [_ZN7AscendC16scatter_vmax_f16E10ub_addr8_tS0_S0_m] -> (nil)
AscendC: [_ZN7AscendC16scatter_vmax_f16E10ub_addr8_tS0_S0_httt] -> (nil)
AscendC: [_ZN7AscendC16scatter_vmax_f32E10ub_addr8_tS0_S0_m] -> (nil)
AscendC: [_ZN7AscendC16scatter_vmax_f32E10ub_addr8_tS0_S0_httt] -> (nil)
AscendC: [_ZN7AscendC16scatter_vmax_s16E10ub_addr8_tS0_S0_m] -> (nil)
AscendC: [_ZN7AscendC16scatter_vmax_s16E10ub_addr8_tS0_S0_httt] -> (nil)
AscendC: [_ZN7AscendC16scatter_vmax_s32E10ub_addr8_tS0_S0_m] -> (nil)
AscendC: [_ZN7AscendC16scatter_vmax_s32E10ub_addr8_tS0_S0_httt] -> (nil)
AscendC: [_ZN7AscendC17scatter_vmaxs_f16E10ub_addr8_tS0_N7float165Fp16TEm] -> (nil)
AscendC: [_ZN7AscendC17scatter_vmaxs_f16E10ub_addr8_tS0_N7float165Fp16TEhtt] -> (nil)
AscendC: [_ZN7AscendC17scatter_vmaxs_f32E10ub_addr8_tS0_fm] -> (nil)
AscendC: [_ZN7AscendC17scatter_vmaxs_f32E10ub_addr8_tS0_fhtt] -> (nil)
AscendC: [_ZN7AscendC17scatter_vmaxs_s16E10ub_addr8_tS0_sm] -> (nil)
AscendC: [_ZN7AscendC17scatter_vmaxs_s16E10ub_addr8_tS0_shtt] -> (nil)
AscendC: [_ZN7AscendC17scatter_vmaxs_s32E10ub_addr8_tS0_im] -> (nil)
AscendC: [_ZN7AscendC17scatter_vmaxs_s32E10ub_addr8_tS0_ihtt] -> (nil)
AscendC: [_ZN7AscendC12scatter_vminE7vtype_t10ub_addr8_tS1_S1_m] -> (nil)
AscendC: [_ZN7AscendC12scatter_vminE7vtype_t10ub_addr8_tS1_S1_httt] -> (nil)
AscendC: [_ZN7AscendC16scatter_vmin_f16E10ub_addr8_tS0_S0_m] -> (nil)
AscendC: [_ZN7AscendC16scatter_vmin_f16E10ub_addr8_tS0_S0_httt] -> (nil)
AscendC: [_ZN7AscendC16scatter_vmin_f32E10ub_addr8_tS0_S0_m] -> (nil)
AscendC: [_ZN7AscendC16scatter_vmin_f32E10ub_addr8_tS0_S0_httt] -> (nil)
AscendC: [_ZN7AscendC16scatter_vmin_s16E10ub_addr8_tS0_S0_m] -> (nil)
AscendC: [_ZN7AscendC16scatter_vmin_s16E10ub_addr8_tS0_S0_httt] -> (nil)
AscendC: [_ZN7AscendC16scatter_vmin_s32E10ub_addr8_tS0_S0_m] -> (nil)
AscendC: [_ZN7AscendC16scatter_vmin_s32E10ub_addr8_tS0_S0_httt] -> (nil)
AscendC: [_ZN7AscendC17scatter_vmins_f16E10ub_addr8_tS0_N7float165Fp16TEm] -> (nil)
AscendC: [_ZN7AscendC17scatter_vmins_f16E10ub_addr8_tS0_N7float165Fp16TEhtt] -> (nil)
AscendC: [_ZN7AscendC17scatter_vmins_f32E10ub_addr8_tS0_fm] -> (nil)
AscendC: [_ZN7AscendC17scatter_vmins_f32E10ub_addr8_tS0_fhtt] -> (nil)
AscendC: [_ZN7AscendC17scatter_vmins_s16E10ub_addr8_tS0_sm] -> (nil)
AscendC: [_ZN7AscendC17scatter_vmins_s16E10ub_addr8_tS0_shtt] -> (nil)
AscendC: [_ZN7AscendC17scatter_vmins_s32E10ub_addr8_tS0_im] -> (nil)
AscendC: [_ZN7AscendC17scatter_vmins_s32E10ub_addr8_tS0_ihtt] -> (nil)
AscendC: [_ZN7AscendC12scatter_vmlaE7vtype_t10ub_addr8_tS1_S1_m] -> (nil)
AscendC: [_ZN7AscendC12scatter_vmlaE7vtype_t10ub_addr8_tS1_S1_httt] -> (nil)
AscendC: [_ZN7AscendC16scatter_vmla_f16E10ub_addr8_tS0_S0_m] -> (nil)
AscendC: [_ZN7AscendC16scatter_vmla_f16E10ub_addr8_tS0_S0_httt] -> (nil)
AscendC: [_ZN7AscendC16scatter_vmla_f32E10ub_addr8_tS0_S0_m] -> (nil)
AscendC: [_ZN7AscendC16scatter_vmla_f32E10ub_addr8_tS0_S0_httt] -> (nil)
AscendC: [_ZN7AscendC17scatter_vmla_fmixE10ub_addr8_tS0_S0_m] -> (nil)
AscendC: [_ZN7AscendC17scatter_vmla_fmixE10ub_addr8_tS0_S0_httt] -> (nil)
AscendC: [_ZN7AscendC12scatter_vmulE7vtype_t10ub_addr8_tS1_S1_m] -> (nil)
AscendC: [_ZN7AscendC12scatter_vmulE7vtype_t10ub_addr8_tS1_S1_httt] -> (nil)
AscendC: [_ZN7AscendC16scatter_vmul_f16E10ub_addr8_tS0_S0_m] -> (nil)
AscendC: [_ZN7AscendC16scatter_vmul_f16E10ub_addr8_tS0_S0_httt] -> (nil)
AscendC: [_ZN7AscendC16scatter_vmul_f32E10ub_addr8_tS0_S0_m] -> (nil)
AscendC: [_ZN7AscendC16scatter_vmul_f32E10ub_addr8_tS0_S0_httt] -> (nil)
AscendC: [_ZN7AscendC16scatter_vmul_s16E10ub_addr8_tS0_S0_m] -> (nil)
AscendC: [_ZN7AscendC16scatter_vmul_s16E10ub_addr8_tS0_S0_httt] -> (nil)
AscendC: [_ZN7AscendC16scatter_vmul_s32E10ub_addr8_tS0_S0_m] -> (nil)
AscendC: [_ZN7AscendC16scatter_vmul_s32E10ub_addr8_tS0_S0_httt] -> (nil)
AscendC: [_ZN7AscendC23scatter_vmulconv_f162s8E10ub_addr8_tS0_S0_mb] -> (nil)
AscendC: [_ZN7AscendC23scatter_vmulconv_f162s8E10ub_addr8_tS0_S0_htttb] -> (nil)
AscendC: [_ZN7AscendC23scatter_vmulconv_f162u8E10ub_addr8_tS0_S0_mb] -> (nil)
AscendC: [_ZN7AscendC23scatter_vmulconv_f162u8E10ub_addr8_tS0_S0_htttb] -> (nil)
AscendC: [_ZN7AscendC13scatter_vmulsE7vtype_t10ub_addr8_tS1_N7float165Fp16TEm] -> (nil)
AscendC: [_ZN7AscendC13scatter_vmulsE7vtype_t10ub_addr8_tS1_N7float165Fp16TEhtt] -> (nil)
AscendC: [_ZN7AscendC13scatter_vmulsE7vtype_t10ub_addr8_tS1_fm] -> (nil)
AscendC: [_ZN7AscendC13scatter_vmulsE7vtype_t10ub_addr8_tS1_fhtt] -> (nil)
AscendC: [_ZN7AscendC17scatter_vmuls_f16E10ub_addr8_tS0_N7float165Fp16TEm] -> (nil)
AscendC: [_ZN7AscendC17scatter_vmuls_f16E10ub_addr8_tS0_N7float165Fp16TEhtt] -> (nil)
AscendC: [_ZN7AscendC17scatter_vmuls_f32E10ub_addr8_tS0_fm] -> (nil)
AscendC: [_ZN7AscendC17scatter_vmuls_f32E10ub_addr8_tS0_fhtt] -> (nil)
AscendC: [_ZN7AscendC17scatter_vmuls_s16E10ub_addr8_tS0_sm] -> (nil)
AscendC: [_ZN7AscendC17scatter_vmuls_s16E10ub_addr8_tS0_shtt] -> (nil)
AscendC: [_ZN7AscendC17scatter_vmuls_s32E10ub_addr8_tS0_im] -> (nil)
AscendC: [_ZN7AscendC17scatter_vmuls_s32E10ub_addr8_tS0_ihtt] -> (nil)
AscendC: [_ZN7AscendC21scatter_vnchwconv_b16E10ub_addr8_tPsm] -> (nil)
AscendC: [_ZN7AscendC21scatter_vnchwconv_b16E10ub_addr8_tPshtt] -> (nil)
AscendC: [_ZN7AscendC21scatter_vnchwconv_b16E10ub_addr8_tPtm] -> (nil)
AscendC: [_ZN7AscendC21scatter_vnchwconv_b16E10ub_addr8_tPthtt] -> (nil)
AscendC: [_ZN7AscendC21scatter_vnchwconv_b16EPs10ub_addr8_tm] -> (nil)
AscendC: [_ZN7AscendC21scatter_vnchwconv_b16EPs10ub_addr8_thtt] -> (nil)
AscendC: [_ZN7AscendC21scatter_vnchwconv_b16EPt10ub_addr8_tm] -> (nil)
AscendC: [_ZN7AscendC21scatter_vnchwconv_b16EPt10ub_addr8_thtt] -> (nil)
AscendC: [_ZN7AscendC21scatter_vnchwconv_b16E10ub_addr8_tS0_m] -> (nil)
AscendC: [_ZN7AscendC21scatter_vnchwconv_b16E10ub_addr8_tS0_htt] -> 0xffffac5b2cb8
AscendC: [_ZN7AscendC21scatter_vnchwconv_b32E10ub_addr8_tPim] -> (nil)
AscendC: [_ZN7AscendC21scatter_vnchwconv_b32E10ub_addr8_tPihtt] -> (nil)
AscendC: [_ZN7AscendC21scatter_vnchwconv_b32E10ub_addr8_tPjm] -> (nil)
AscendC: [_ZN7AscendC21scatter_vnchwconv_b32E10ub_addr8_tPjhtt] -> (nil)
AscendC: [_ZN7AscendC21scatter_vnchwconv_b32EPi10ub_addr8_tm] -> (nil)
AscendC: [_ZN7AscendC21scatter_vnchwconv_b32EPi10ub_addr8_thtt] -> (nil)
AscendC: [_ZN7AscendC21scatter_vnchwconv_b32EPj10ub_addr8_tm] -> (nil)
AscendC: [_ZN7AscendC21scatter_vnchwconv_b32EPj10ub_addr8_thtt] -> (nil)
AscendC: [_ZN7AscendC21scatter_vnchwconv_b32E10ub_addr8_tS0_m] -> (nil)
AscendC: [_ZN7AscendC21scatter_vnchwconv_b32E10ub_addr8_tS0_htt] -> 0xffffac5b2ca8
AscendC: [_ZN7AscendC20scatter_vnchwconv_b8E10ub_addr8_tPambb] -> (nil)
AscendC: [_ZN7AscendC20scatter_vnchwconv_b8E10ub_addr8_tPahttbb] -> (nil)
AscendC: [_ZN7AscendC20scatter_vnchwconv_b8E10ub_addr8_tPhmbb] -> (nil)
AscendC: [_ZN7AscendC20scatter_vnchwconv_b8E10ub_addr8_tPhhttbb] -> (nil)
AscendC: [_ZN7AscendC20scatter_vnchwconv_b8EPa10ub_addr8_tmbb] -> (nil)
AscendC: [_ZN7AscendC20scatter_vnchwconv_b8EPa10ub_addr8_thttbb] -> (nil)
AscendC: [_ZN7AscendC20scatter_vnchwconv_b8EPh10ub_addr8_tmbb] -> (nil)
AscendC: [_ZN7AscendC20scatter_vnchwconv_b8EPh10ub_addr8_thttbb] -> (nil)
AscendC: [_ZN7AscendC20scatter_vnchwconv_b8E10ub_addr8_tS0_mbb] -> (nil)
AscendC: [_ZN7AscendC20scatter_vnchwconv_b8E10ub_addr8_tS0_httbb] -> 0xffffac5b2cc8
AscendC: [_ZN7AscendC12scatter_vrecE7vtype_t10ub_addr8_tS1_m] -> (nil)
AscendC: [_ZN7AscendC12scatter_vrecE7vtype_t10ub_addr8_tS1_htt] -> (nil)
AscendC: [_ZN7AscendC16scatter_vrec_f16E10ub_addr8_tS0_m] -> (nil)
AscendC: [_ZN7AscendC16scatter_vrec_f16E10ub_addr8_tS0_htt] -> (nil)
AscendC: [_ZN7AscendC16scatter_vrec_f32E10ub_addr8_tS0_m] -> (nil)
AscendC: [_ZN7AscendC16scatter_vrec_f32E10ub_addr8_tS0_htt] -> (nil)
AscendC: [_ZN7AscendC13scatter_vreluE7vtype_t10ub_addr8_tS1_m] -> (nil)
AscendC: [_ZN7AscendC13scatter_vreluE7vtype_t10ub_addr8_tS1_htt] -> (nil)
AscendC: [_ZN7AscendC17scatter_vrelu_f16E10ub_addr8_tS0_m] -> (nil)
AscendC: [_ZN7AscendC17scatter_vrelu_f16E10ub_addr8_tS0_htt] -> (nil)
AscendC: [_ZN7AscendC17scatter_vrelu_f32E10ub_addr8_tS0_m] -> (nil)
AscendC: [_ZN7AscendC17scatter_vrelu_f32E10ub_addr8_tS0_htt] -> (nil)
AscendC: [_ZN7AscendC17scatter_vrelu_s32E10ub_addr8_tS0_m] -> (nil)
AscendC: [_ZN7AscendC17scatter_vrelu_s32E10ub_addr8_tS0_htt] -> (nil)
AscendC: [_ZN7AscendC14scatter_vrsqrtE7vtype_t10ub_addr8_tS1_m] -> (nil)
AscendC: [_ZN7AscendC14scatter_vrsqrtE7vtype_t10ub_addr8_tS1_htt] -> (nil)
AscendC: [_ZN7AscendC18scatter_vrsqrt_f16E10ub_addr8_tS0_m] -> (nil)
AscendC: [_ZN7AscendC18scatter_vrsqrt_f16E10ub_addr8_tS0_htt] -> (nil)
AscendC: [_ZN7AscendC18scatter_vrsqrt_f32E10ub_addr8_tS0_m] -> (nil)
AscendC: [_ZN7AscendC18scatter_vrsqrt_f32E10ub_addr8_tS0_htt] -> (nil)
AscendC: [_ZN7AscendC16scatter_vscmergeEPt10ub_addr8_tm] -> (nil)
AscendC: [_ZN7AscendC16scatter_vscmergeEPt10ub_addr8_tth] -> (nil)
AscendC: [_ZN7AscendC16scatter_vscmergeEPh10ub_addr8_tm] -> (nil)
AscendC: [_ZN7AscendC16scatter_vscmergeEPh10ub_addr8_tth] -> (nil)
AscendC: [_ZN7AscendC16scatter_vscmergeEPN7float165Fp16TE10ub_addr8_tm] -> (nil)
AscendC: [_ZN7AscendC16scatter_vscmergeEPN7float165Fp16TE10ub_addr8_tth] -> (nil)
AscendC: [_ZN7AscendC20scatter_vscmerge_b16EPt10ub_addr8_tm] -> (nil)
AscendC: [_ZN7AscendC20scatter_vscmerge_b16EPt10ub_addr8_tth] -> (nil)
AscendC: [_ZN7AscendC19scatter_vscmerge_b8EPh10ub_addr8_tm] -> (nil)
AscendC: [_ZN7AscendC19scatter_vscmerge_b8EPh10ub_addr8_tth] -> (nil)
AscendC: [_ZN7AscendC20scatter_vscmerge_f16EPN7float165Fp16TE10ub_addr8_tm] -> (nil)
AscendC: [_ZN7AscendC20scatter_vscmerge_f16EPN7float165Fp16TE10ub_addr8_tth] -> (nil)
AscendC: [_ZN7AscendC16scatter_vscsplitE10ub_addr8_tPtm] -> (nil)
AscendC: [_ZN7AscendC16scatter_vscsplitE10ub_addr8_tPtth] -> (nil)
AscendC: [_ZN7AscendC16scatter_vscsplitE10ub_addr8_tPhm] -> (nil)
AscendC: [_ZN7AscendC16scatter_vscsplitE10ub_addr8_tPhth] -> (nil)
AscendC: [_ZN7AscendC16scatter_vscsplitE10ub_addr8_tPN7float165Fp16TEm] -> (nil)
AscendC: [_ZN7AscendC16scatter_vscsplitE10ub_addr8_tPN7float165Fp16TEth] -> (nil)
AscendC: [_ZN7AscendC20scatter_vscsplit_b16E10ub_addr8_tPtm] -> (nil)
AscendC: [_ZN7AscendC20scatter_vscsplit_b16E10ub_addr8_tPtth] -> (nil)
AscendC: [_ZN7AscendC20scatter_vscsplit_b16E10ub_addr8_tPsm] -> (nil)
AscendC: [_ZN7AscendC20scatter_vscsplit_b16E10ub_addr8_tPsth] -> (nil)
AscendC: [_ZN7AscendC19scatter_vscsplit_b8E10ub_addr8_tPhm] -> (nil)
AscendC: [_ZN7AscendC19scatter_vscsplit_b8E10ub_addr8_tPhth] -> (nil)
AscendC: [_ZN7AscendC19scatter_vscsplit_b8E10ub_addr8_tPam] -> (nil)
AscendC: [_ZN7AscendC19scatter_vscsplit_b8E10ub_addr8_tPath] -> (nil)
AscendC: [_ZN7AscendC20scatter_vscsplit_f16E10ub_addr8_tPN7float165Fp16TEm] -> (nil)
AscendC: [_ZN7AscendC20scatter_vscsplit_f16E10ub_addr8_tPN7float165Fp16TEth] -> (nil)
AscendC: [_ZN7AscendC12scatter_vselE7vtype_t10ub_addr8_tS1_S1_m] -> (nil)
AscendC: [_ZN7AscendC12scatter_vselE7vtype_t10ub_addr8_tS1_S1_httt] -> (nil)
AscendC: [_ZN7AscendC16scatter_vsel_f16E10ub_addr8_tS0_S0_m] -> (nil)
AscendC: [_ZN7AscendC16scatter_vsel_f16E10ub_addr8_tS0_S0_httth] -> (nil)
AscendC: [_ZN7AscendC16scatter_vsel_f32E10ub_addr8_tS0_S0_m] -> (nil)
AscendC: [_ZN7AscendC16scatter_vsel_f32E10ub_addr8_tS0_S0_httth] -> (nil)
AscendC: [_ZN7AscendC13scatter_vsqrtE7vtype_t10ub_addr8_tS1_m] -> (nil)
AscendC: [_ZN7AscendC13scatter_vsqrtE7vtype_t10ub_addr8_tS1_htt] -> (nil)
AscendC: [_ZN7AscendC17scatter_vsqrt_f16E10ub_addr8_tS0_m] -> (nil)
AscendC: [_ZN7AscendC17scatter_vsqrt_f16E10ub_addr8_tS0_htt] -> (nil)
AscendC: [_ZN7AscendC17scatter_vsqrt_f32E10ub_addr8_tS0_m] -> (nil)
AscendC: [_ZN7AscendC17scatter_vsqrt_f32E10ub_addr8_tS0_htt] -> (nil)
AscendC: [_ZN7AscendC12scatter_vsubE7vtype_t10ub_addr8_tS1_S1_m] -> (nil)
AscendC: [_ZN7AscendC12scatter_vsubE7vtype_t10ub_addr8_tS1_S1_httt] -> (nil)
AscendC: [_ZN7AscendC16scatter_vsub_f16E10ub_addr8_tS0_S0_m] -> (nil)
AscendC: [_ZN7AscendC16scatter_vsub_f16E10ub_addr8_tS0_S0_httt] -> (nil)
AscendC: [_ZN7AscendC16scatter_vsub_f32E10ub_addr8_tS0_S0_m] -> (nil)
AscendC: [_ZN7AscendC16scatter_vsub_f32E10ub_addr8_tS0_S0_httt] -> (nil)
AscendC: [_ZN7AscendC16scatter_vsub_s16E10ub_addr8_tS0_S0_m] -> (nil)
AscendC: [_ZN7AscendC16scatter_vsub_s16E10ub_addr8_tS0_S0_httt] -> (nil)
AscendC: [_ZN7AscendC16scatter_vsub_s32E10ub_addr8_tS0_S0_m] -> (nil)
AscendC: [_ZN7AscendC16scatter_vsub_s32E10ub_addr8_tS0_S0_httt] -> (nil)
AscendC: [_ZN7AscendC14set_aipp_spr_0Em] -> 0xffffac51fe48
AscendC: [_ZN7AscendC14set_aipp_spr_1Em] -> 0xffffac51ffd8
AscendC: [_ZN7AscendC15set_aipp_spr_10Em] -> (nil)
AscendC: [_ZN7AscendC15set_aipp_spr_11Em] -> (nil)
AscendC: [_ZN7AscendC15set_aipp_spr_12Em] -> (nil)
AscendC: [_ZN7AscendC15set_aipp_spr_13Em] -> (nil)
AscendC: [_ZN7AscendC15set_aipp_spr_14Em] -> (nil)
AscendC: [_ZN7AscendC15set_aipp_spr_15Em] -> (nil)
AscendC: [_ZN7AscendC15set_aipp_spr_16Em] -> (nil)
AscendC: [_ZN7AscendC15set_aipp_spr_17Em] -> (nil)
AscendC: [_ZN7AscendC15set_aipp_spr_18Em] -> (nil)
AscendC: [_ZN7AscendC15set_aipp_spr_19Em] -> (nil)
AscendC: [_ZN7AscendC14set_aipp_spr_2Em] -> 0xffffac520170
AscendC: [_ZN7AscendC15set_aipp_spr_20Em] -> (nil)
AscendC: [_ZN7AscendC15set_aipp_spr_21Em] -> (nil)
AscendC: [_ZN7AscendC15set_aipp_spr_22Em] -> (nil)
AscendC: [_ZN7AscendC15set_aipp_spr_23Em] -> (nil)
AscendC: [_ZN7AscendC15set_aipp_spr_24Em] -> (nil)
AscendC: [_ZN7AscendC15set_aipp_spr_25Em] -> (nil)
AscendC: [_ZN7AscendC15set_aipp_spr_26Em] -> (nil)
AscendC: [_ZN7AscendC15set_aipp_spr_27Em] -> (nil)
AscendC: [_ZN7AscendC15set_aipp_spr_28Em] -> (nil)
AscendC: [_ZN7AscendC15set_aipp_spr_29Em] -> (nil)
AscendC: [_ZN7AscendC14set_aipp_spr_3Em] -> 0xffffac520308
AscendC: [_ZN7AscendC15set_aipp_spr_30Em] -> (nil)
AscendC: [_ZN7AscendC15set_aipp_spr_31Em] -> (nil)
AscendC: [_ZN7AscendC14set_aipp_spr_4Em] -> 0xffffac5204a0
AscendC: [_ZN7AscendC14set_aipp_spr_5Em] -> 0xffffac520638
AscendC: [_ZN7AscendC14set_aipp_spr_6Em] -> 0xffffac5207d0
AscendC: [_ZN7AscendC14set_aipp_spr_7Em] -> 0xffffac520968
AscendC: [_ZN7AscendC14set_aipp_spr_8Em] -> 0xffffac520b00
AscendC: [_ZN7AscendC14set_aipp_spr_9Em] -> 0xffffac520c98
AscendC: [_ZN7AscendC14set_atomic_addEv] -> 0xffffac50bea0
AscendC: [_ZN7AscendC15set_atomic_bf16Ev] -> 0xffffac522008
AscendC: [_ZN7AscendC14set_atomic_f16Ev] -> 0xffffac521cf8
AscendC: [_ZN7AscendC14set_atomic_f32Ev] -> 0xffffac521b70
AscendC: [_ZN7AscendC14set_atomic_maxEv] -> 0xffffac50bec0
AscendC: [_ZN7AscendC14set_atomic_minEv] -> 0xffffac50bee8
AscendC: [_ZN7AscendC15set_atomic_noneEv] -> 0xffffac5219e8
AscendC: [_ZN7AscendC14set_atomic_s16Ev] -> 0xffffac521e80
AscendC: [_ZN7AscendC14set_atomic_s32Ev] -> 0xffffac522318
AscendC: [_ZN7AscendC13set_atomic_s8Ev] -> 0xffffac522190
AscendC: [_ZN7AscendC18set_cache_normreadEv] -> (nil)
AscendC: [_ZN7AscendC22set_cache_notwritebackEv] -> (nil)
AscendC: [_ZN7AscendC17set_cache_readinvEv] -> (nil)
AscendC: [_ZN7AscendC18set_cache_readlastEv] -> (nil)
AscendC: [_ZN7AscendC16set_channel_paraEm] -> (nil)
AscendC: [_ZN7AscendC11set_cmpmaskEPv] -> 0xffffac525e70
AscendC: [_ZN7AscendC8set_condEm] -> 0xffffac529ad8
AscendC: [_ZN7AscendC18set_condition_flagEm] -> 0xffffac529e70
AscendC: [_ZN7AscendC8set_ctrlEm] -> 0xffffac525208
AscendC: [_ZN7AscendC14set_data_exp_0Em] -> 0xffffac527190
AscendC: [_ZN7AscendC14set_data_exp_1Em] -> 0xffffac5272c0
AscendC: [_ZN7AscendC14set_data_exp_2Em] -> 0xffffac5273f0
AscendC: [_ZN7AscendC14set_data_exp_3Em] -> 0xffffac527520
AscendC: [_ZN7AscendC12set_deqscaleEN7float165Fp16TE] -> 0xffffac5236e0
AscendC: [_ZN7AscendC12set_deqscaleEm] -> 0xffffac523860
AscendC: [_ZN7AscendC18set_elt_antiq_paraEm] -> (nil)
AscendC: [_ZN7AscendC16set_elt_src_paraEm] -> (nil)
AscendC: [_ZN7AscendC12set_fcol2imgEm] -> (nil)
AscendC: [_ZN7AscendC18set_ffts_base_addrEm] -> 0xffffac524768
AscendC: [_ZN7AscendC17set_fix_clip_reluEm] -> (nil)
AscendC: [_ZN7AscendC13set_fixp_addrEm] -> (nil)
AscendC: [_ZN7AscendC8set_flagE6pipe_tS0_7event_t] -> 0xffffac5279c8
AscendC: [_ZN7AscendC8set_flagE6pipe_t7event_t] -> (nil)
AscendC: [_ZN7AscendC8set_flagE6pipe_tS0_m] -> 0xffffac528098
AscendC: [_ZN7AscendC8set_flagE6pipe_tm] -> (nil)
AscendC: [_ZN7AscendC11set_fmatrixEm] -> 0xffffac5235b0
AscendC: [_ZN7AscendC13set_fmatrix_bEm] -> 0xffffac523c58
AscendC: [_ZN7AscendC18set_fmatrix_dual_0Em] -> (nil)
AscendC: [_ZN7AscendC18set_fmatrix_dual_1Em] -> (nil)
AscendC: [_ZN7AscendC7set_fpcEm] -> 0xffffac523eb8
AscendC: [_ZN7AscendC9set_fpdeqEm] -> (nil)
AscendC: [_ZN7AscendC16set_l0_set_valueEN7float165Fp16TE] -> (nil)
AscendC: [_ZN7AscendC16set_l0_set_valueEj] -> (nil)
AscendC: [_ZN7AscendC10set_l0a_2dEPvl] -> (nil)
AscendC: [_ZN7AscendC10set_l0a_2dEPN7float165Fp16TEl] -> (nil)
AscendC: [_ZN7AscendC10set_l0a_2dEPfl] -> (nil)
AscendC: [_ZN7AscendC10set_l0a_2dEPsl] -> (nil)
AscendC: [_ZN7AscendC10set_l0a_2dEPil] -> (nil)
AscendC: [_ZN7AscendC10set_l0a_2dEPtl] -> (nil)
AscendC: [_ZN7AscendC10set_l0a_2dEPjl] -> (nil)
AscendC: [_ZN7AscendC10set_l0b_2dEPvl] -> (nil)
AscendC: [_ZN7AscendC10set_l0b_2dEPN7float165Fp16TEl] -> (nil)
AscendC: [_ZN7AscendC10set_l0b_2dEPfl] -> (nil)
AscendC: [_ZN7AscendC10set_l0b_2dEPsl] -> (nil)
AscendC: [_ZN7AscendC10set_l0b_2dEPil] -> (nil)
AscendC: [_ZN7AscendC10set_l0b_2dEPtl] -> (nil)
AscendC: [_ZN7AscendC10set_l0b_2dEPjl] -> (nil)
AscendC: [_ZN7AscendC9set_l1_2dEPvl] -> (nil)
AscendC: [_ZN7AscendC9set_l1_2dEPN7float165Fp16TEl] -> (nil)
AscendC: [_ZN7AscendC9set_l1_2dEPfl] -> (nil)
AscendC: [_ZN7AscendC9set_l1_2dEPsl] -> (nil)
AscendC: [_ZN7AscendC9set_l1_2dEPil] -> (nil)
AscendC: [_ZN7AscendC9set_l1_2dEPtl] -> (nil)
AscendC: [_ZN7AscendC9set_l1_2dEPjl] -> (nil)
AscendC: [_ZN7AscendC14set_l1_3d_sizeEm] -> 0xffffac526040
AscendC: [_ZN7AscendC11set_l3d_rptEm] -> 0xffffac561310
AscendC: [_ZN7AscendC14set_loop3_paraEm] -> (nil)
AscendC: [_ZN7AscendC15set_low_pre_tblEm] -> (nil)
AscendC: [_ZN7AscendC9set_lpcntEm] -> (nil)
AscendC: [_ZN7AscendC15set_lrelu_alphaEm] -> (nil)
AscendC: [_ZN7AscendC15set_lrelu_alphaEN7float165Fp16TE] -> 0xffffac523ad0
AscendC: [_ZN7AscendC15set_lrelu_alphaEf] -> 0xffffac523990
AscendC: [_ZN7AscendC14set_mask_countEv] -> 0xffffac524940
AscendC: [_ZN7AscendC13set_mask_normEv] -> 0xffffac524a60
AscendC: [_ZN7AscendC15set_mov_pad_valEm] -> 0xffffac50ded0
AscendC: [_ZN7AscendC11set_nd_paraEm] -> 0xffffac523fe8
AscendC: [_ZN7AscendC11set_paddingEm] -> 0xffffac561148
AscendC: [_ZN7AscendC11set_paddingEN7float165Fp16TE] -> 0xffffac561440
AscendC: [_ZN7AscendC11set_paddingEs] -> 0xffffac560f80
AscendC: [_ZN7AscendC11set_paddingEt] -> 0xffffac560db8
AscendC: [_ZN7AscendC16set_pcie_rd_ctrlEm] -> (nil)
AscendC: [_ZN7AscendC16set_pcie_wr_ctrlEm] -> (nil)
AscendC: [_ZN7AscendC11set_pnt_coeEm] -> (nil)
AscendC: [_ZN7AscendC14set_quant_postEm] -> (nil)
AscendC: [_ZN7AscendC13set_quant_preEm] -> 0xffffac523d88
AscendC: [_ZN7AscendC19set_rawheader_to_gmEPvm] -> (nil)
AscendC: [_ZN7AscendC19set_rawheader_to_gmEPvtbh] -> (nil)
AscendC: [_ZN7AscendC14set_relu_alphaEm] -> (nil)
AscendC: [_ZN7AscendC12set_reqscaleEm] -> (nil)
AscendC: [_ZN7AscendC14set_rpn_cor_irEm] -> (nil)
AscendC: [_ZN7AscendC14set_rpn_offsetEN7float165Fp16TE] -> (nil)
AscendC: [_ZN7AscendC17set_safety_crc_enEm] -> (nil)
AscendC: [_ZN7AscendC19set_safety_crc_excpEm] -> (nil)
AscendC: [_ZN7AscendC15set_smask_indexEm] -> (nil)
AscendC: [_ZN7AscendC17set_st_atomic_cfgEm] -> (nil)
AscendC: [_ZN7AscendC17set_st_atomic_cfgE13atomic_type_t11atomic_op_t] -> 0xffffac52a208
AscendC: [_ZN7AscendC13set_va_reg_sbE10ub_addr8_tPm] -> 0xffffac5b2220
AscendC: [_ZN7AscendC15set_vector_maskEmm] -> 0xffffac524788
AscendC: [_ZN7AscendC19set_vector_mask_dupEm] -> (nil)
AscendC: [_ZN7AscendC9set_vpipeEm] -> (nil)
AscendC: [_ZN7AscendC7set_vspEm] -> (nil)
AscendC: [_ZN7AscendC4sff0Em] -> 0xffffac524ba0
AscendC: [_ZN7AscendC4sff1Em] -> 0xffffac524bd0
AscendC: [_ZN7AscendC7sflbitsEl] -> 0xffffac524c80
AscendC: [_ZN7AscendC6st_devEtPts] -> (nil)
AscendC: [_ZN7AscendC6st_devEjPjs] -> (nil)
AscendC: [_ZN7AscendC6st_devEmPms] -> (nil)
AscendC: [_ZN7AscendC6st_devEhPhs] -> (nil)
AscendC: [_ZN7AscendC21store_l1_to_out_imageEPN7float165Fp16TES2_mm] -> (nil)
AscendC: [_ZN7AscendC21store_l1_to_out_imageEPN7float165Fp16TES2_thththbhm] -> (nil)
AscendC: [_ZN7AscendC21store_l1_to_out_imageEPsS0_mm] -> (nil)
AscendC: [_ZN7AscendC21store_l1_to_out_imageEPsS0_thththbhm] -> (nil)
AscendC: [_ZN7AscendC4trapEm] -> 0xffffac526238
AscendC: [_ZN7AscendC6plt_b8ERj7Literal] -> (nil)
AscendC: [_ZN7AscendC7plt_b16ERj7Literal] -> (nil)
AscendC: [_ZN7AscendC7plt_b32ERj7Literal] -> (nil)
AscendC: [_ZN7AscendC7pltm_b8Etj] -> (nil)
AscendC: [_ZN7AscendC8pltm_b16Etj] -> (nil)
AscendC: [_ZN7AscendC8pltm_b32Etj] -> (nil)
AscendC: [_ZN7AscendC7vag_b32Et] -> (nil)
AscendC: [_ZN7AscendC7vag_b32Ett] -> (nil)
AscendC: [_ZN7AscendC7vag_b32Ettt] -> (nil)
AscendC: [_ZN7AscendC7vag_b32Etttt] -> (nil)
AscendC: [_ZN7AscendC7vag_b16Et] -> (nil)
AscendC: [_ZN7AscendC7vag_b16Ett] -> (nil)
AscendC: [_ZN7AscendC7vag_b16Ettt] -> (nil)
AscendC: [_ZN7AscendC7vag_b16Etttt] -> (nil)
AscendC: [_ZN7AscendC4trapEv] -> (nil)
AscendC: [_ZN7AscendC7mem_barE7Literal] -> (nil)
AscendC: [_ZN7AscendC4vaddERA64_iPiS2_h7Literal] -> (nil)
AscendC: [_ZN7AscendC4vaddERA64_jPjS2_h7Literal] -> (nil)
AscendC: [_ZN7AscendC4vaddERA128_sPsS2_h7Literal] -> (nil)
AscendC: [_ZN7AscendC4vaddERA128_tPtS2_h7Literal] -> (nil)
AscendC: [_ZN7AscendC4vaddERA256_aPaS2_h7Literal] -> (nil)
AscendC: [_ZN7AscendC4vaddERA256_hPhS2_h7Literal] -> (nil)
AscendC: [_ZN7AscendC4vaddERA64_fPfS2_h7Literal] -> (nil)
AscendC: [_ZN7AscendC4vaddERA128_N7float165Fp16TEPS1_S4_h7Literal] -> (nil)
AscendC: [_ZN7AscendC4vabsERA64_fPfh7Literal] -> (nil)
AscendC: [_ZN7AscendC4vabsERA128_N7float165Fp16TEPS1_h7Literal] -> (nil)
AscendC: [_ZN7AscendC4vabsERA256_aPah7Literal] -> (nil)
AscendC: [_ZN7AscendC4vabsERA128_sPsh7Literal] -> (nil)
AscendC: [_ZN7AscendC4vabsERA64_iPih7Literal] -> (nil)
AscendC: [_ZN7AscendC4vrecERA64_fPfh7Literal] -> (nil)
AscendC: [_ZN7AscendC4vrecERA128_N7float165Fp16TEPS1_h7Literal] -> (nil)
AscendC: [_ZN7AscendC6vrsqrtERA64_fPfh7Literal] -> (nil)
AscendC: [_ZN7AscendC6vrsqrtERA128_N7float165Fp16TEPS1_h7Literal] -> (nil)
AscendC: [_ZN7AscendC5vreluERA64_fPfh7Literal] -> (nil)
AscendC: [_ZN7AscendC5vreluERA128_N7float165Fp16TEPS1_h7Literal] -> (nil)
AscendC: [_ZN7AscendC5vreluERA64_iPih7Literal] -> (nil)
AscendC: [_ZN7AscendC5vsqrtERA64_fPfh7Literal] -> (nil)
AscendC: [_ZN7AscendC5vsqrtERA128_N7float165Fp16TEPS1_h7Literal] -> (nil)
AscendC: [_ZN7AscendC3vlnERA64_fPfh7Literal] -> (nil)
AscendC: [_ZN7AscendC3vlnERA128_N7float165Fp16TEPS1_h7Literal] -> (nil)
AscendC: [_ZN7AscendC4vexpERA64_fPfh7Literal] -> (nil)
AscendC: [_ZN7AscendC4vexpERA128_N7float165Fp16TEPS1_h7Literal] -> (nil)
AscendC: [_ZN7AscendC4vnotERA256_hPhh7Literal] -> (nil)
AscendC: [_ZN7AscendC4vnotERA256_aPah7Literal] -> (nil)
AscendC: [_ZN7AscendC4vnotERA128_tPth7Literal] -> (nil)
AscendC: [_ZN7AscendC4vnotERA128_sPsh7Literal] -> (nil)
AscendC: [_ZN7AscendC4vnotERA128_N7float165Fp16TEPS1_h7Literal] -> (nil)
AscendC: [_ZN7AscendC4vnotERA64_iPih7Literal] -> (nil)
AscendC: [_ZN7AscendC4vnotERA64_jPjh7Literal] -> (nil)
AscendC: [_ZN7AscendC4vnotERA64_fPfh7Literal] -> (nil)
AscendC: [_ZN7AscendC4pldsERhPji7Literal] -> (nil)
AscendC: [_ZN7AscendC4pldsERhRPji7LiteralS3_] -> (nil)
AscendC: [_ZN7AscendC8movp_b16Ev] -> (nil)
AscendC: [_ZN7AscendC8movp_b32Ev] -> (nil)
AscendC: [_ZN7AscendC4pstsEhPji7Literal] -> (nil)
AscendC: [_ZN7AscendC5ppackERhh7Literal] -> (nil)
AscendC: [_ZN7AscendC7punpackERhh7Literal] -> (nil)
AscendC: [_ZN7AscendC6vintlvERA256_hS1_PhS2_] -> (nil)
AscendC: [_ZN7AscendC6vintlvERA256_aS1_PaS2_] -> (nil)
AscendC: [_ZN7AscendC6vintlvERA128_N7float165Fp16TES3_PS1_S4_] -> (nil)
AscendC: [_ZN7AscendC6vintlvERA128_sS1_PsS2_] -> (nil)
AscendC: [_ZN7AscendC6vintlvERA128_tS1_PtS2_] -> (nil)
AscendC: [_ZN7AscendC6vintlvERA64_fS1_PfS2_] -> (nil)
AscendC: [_ZN7AscendC6vintlvERA64_iS1_PiS2_] -> (nil)
AscendC: [_ZN7AscendC6vintlvERA64_jS1_PjS2_] -> (nil)
AscendC: [_ZN7AscendC7vdintlvERA256_hS1_PhS2_] -> (nil)
AscendC: [_ZN7AscendC7vdintlvERA256_aS1_PaS2_] -> (nil)
AscendC: [_ZN7AscendC7vdintlvERA128_N7float165Fp16TES3_PS1_S4_] -> (nil)
AscendC: [_ZN7AscendC7vdintlvERA128_sS1_PsS2_] -> (nil)
AscendC: [_ZN7AscendC7vdintlvERA128_tS1_PtS2_] -> (nil)
AscendC: [_ZN7AscendC7vdintlvERA64_fS1_PfS2_] -> (nil)
AscendC: [_ZN7AscendC7vdintlvERA64_iS1_PiS2_] -> (nil)
AscendC: [_ZN7AscendC7vdintlvERA64_jS1_PjS2_] -> (nil)
AscendC: [_ZN7AscendC9pintlv_b8ERhS0_hh] -> (nil)
AscendC: [_ZN7AscendC10pintlv_b16ERhS0_hh] -> (nil)
AscendC: [_ZN7AscendC10pintlv_b32ERhS0_hh] -> (nil)
AscendC: [_ZN7AscendC10pdintlv_b8ERhS0_hh] -> (nil)
AscendC: [_ZN7AscendC11pdintlv_b16ERhS0_hh] -> (nil)
AscendC: [_ZN7AscendC11pdintlv_b32ERhS0_hh] -> (nil)
AscendC: [_ZN7AscendC5vsstbEPaS0_ih] -> (nil)
AscendC: [_ZN7AscendC5vsstbEPhS0_ih] -> (nil)
AscendC: [_ZN7AscendC5vsstbEPsS0_ih] -> (nil)
AscendC: [_ZN7AscendC5vsstbEPtS0_ih] -> (nil)
AscendC: [_ZN7AscendC5vsstbEPiS0_ih] -> (nil)
AscendC: [_ZN7AscendC5vsstbEPjS0_ih] -> (nil)
AscendC: [_ZN7AscendC5vsstbEPN8bfloat165Bf16TES2_ih] -> (nil)
AscendC: [_ZN7AscendC5vsstbEPN7float165Fp16TES2_ih] -> (nil)
AscendC: [_ZN7AscendC5vsstbEPfS0_ih] -> (nil)
AscendC: [_ZN7AscendC5vsstbEPaRS0_ih7Literal] -> (nil)
AscendC: [_ZN7AscendC5vsstbEPhRS0_ih7Literal] -> (nil)
AscendC: [_ZN7AscendC5vsstbEPsRS0_ih7Literal] -> (nil)
AscendC: [_ZN7AscendC5vsstbEPtRS0_ih7Literal] -> (nil)
AscendC: [_ZN7AscendC5vsstbEPiRS0_ih7Literal] -> (nil)
AscendC: [_ZN7AscendC5vsstbEPjRS0_ih7Literal] -> (nil)
AscendC: [_ZN7AscendC5vsstbEPN8bfloat165Bf16TERS2_ih7Literal] -> (nil)
AscendC: [_ZN7AscendC5vsstbEPN7float165Fp16TERS2_ih7Literal] -> (nil)
AscendC: [_ZN7AscendC5vsstbEPfRS0_ih7Literal] -> (nil)
AscendC: [_ZN7AscendC5vsldbERA256_aPaih] -> (nil)
AscendC: [_ZN7AscendC5vsldbERA256_hPhih] -> (nil)
AscendC: [_ZN7AscendC5vsldbERA128_sPsih] -> (nil)
AscendC: [_ZN7AscendC5vsldbERA128_tPtih] -> (nil)
AscendC: [_ZN7AscendC5vsldbERA64_iPiih] -> (nil)
AscendC: [_ZN7AscendC5vsldbERA64_jPjih] -> (nil)
AscendC: [_ZN7AscendC5vsldbERA32_lPlih] -> (nil)
AscendC: [_ZN7AscendC5vsldbERA128_N8bfloat165Bf16TEPS1_ih] -> (nil)
AscendC: [_ZN7AscendC5vsldbERA128_N7float165Fp16TEPS1_ih] -> (nil)
AscendC: [_ZN7AscendC5vsldbERA64_fPfih] -> (nil)
AscendC: [_ZN7AscendC5vsldbERA256_aRPaih7Literal] -> (nil)
AscendC: [_ZN7AscendC5vsldbERA256_hRPhih7Literal] -> (nil)
AscendC: [_ZN7AscendC5vsldbERA128_sRPsih7Literal] -> (nil)
AscendC: [_ZN7AscendC5vsldbERA128_tRPtih7Literal] -> (nil)
AscendC: [_ZN7AscendC5vsldbERA64_iRPiih7Literal] -> (nil)
AscendC: [_ZN7AscendC5vsldbERA64_jRPjih7Literal] -> (nil)
AscendC: [_ZN7AscendC5vsldbERA32_lRPlih7Literal] -> (nil)
AscendC: [_ZN7AscendC5vsldbERA128_N8bfloat165Bf16TERPS1_ih7Literal] -> (nil)
AscendC: [_ZN7AscendC5vsldbERA128_N7float165Fp16TERPS1_ih7Literal] -> (nil)
AscendC: [_ZN7AscendC5vsldbERA64_fRPfih7Literal] -> (nil)
AscendC: [_ZN7AscendC3vstEPaS0_i7Literalh] -> (nil)
AscendC: [_ZN7AscendC3vstEPhS0_i7Literalh] -> (nil)
AscendC: [_ZN7AscendC3vstEPsS0_i7Literalh] -> (nil)
AscendC: [_ZN7AscendC3vstEPtS0_i7Literalh] -> (nil)
AscendC: [_ZN7AscendC3vstEPiS0_i7Literalh] -> (nil)
AscendC: [_ZN7AscendC3vstEPjS0_i7Literalh] -> (nil)
AscendC: [_ZN7AscendC3vstEPmS0_i7Literalh] -> (nil)
AscendC: [_ZN7AscendC3vstEPlS0_i7Literalh] -> (nil)
AscendC: [_ZN7AscendC3vstEPN8bfloat165Bf16TES2_i7Literalh] -> (nil)
AscendC: [_ZN7AscendC3vstEPN7float165Fp16TES2_i7Literalh] -> (nil)
AscendC: [_ZN7AscendC3vstEPfS0_i7Literalh] -> (nil)
AscendC: [_ZN7AscendC3vstEPaS0_S0_i7Literalh] -> (nil)
AscendC: [_ZN7AscendC3vstEPhS0_S0_i7Literalh] -> (nil)
AscendC: [_ZN7AscendC3vstEPsS0_S0_i7Literalh] -> (nil)
AscendC: [_ZN7AscendC3vstEPtS0_S0_i7Literalh] -> (nil)
AscendC: [_ZN7AscendC3vstEPN8bfloat165Bf16TES2_S2_i7Literalh] -> (nil)
AscendC: [_ZN7AscendC3vstEPN7float165Fp16TES2_S2_i7Literalh] -> (nil)
AscendC: [_ZN7AscendC4vstsEPaS0_i7Literalh] -> (nil)
AscendC: [_ZN7AscendC4vstsEPhS0_i7Literalh] -> (nil)
AscendC: [_ZN7AscendC4vstsEPsS0_i7Literalh] -> (nil)
AscendC: [_ZN7AscendC4vstsEPtS0_i7Literalh] -> (nil)
AscendC: [_ZN7AscendC4vstsEPiS0_i7Literalh] -> (nil)
AscendC: [_ZN7AscendC4vstsEPjS0_i7Literalh] -> (nil)
AscendC: [_ZN7AscendC4vstsEPmS0_i7Literalh] -> (nil)
AscendC: [_ZN7AscendC4vstsEPlS0_i7Literalh] -> (nil)
AscendC: [_ZN7AscendC4vstsEPN8bfloat165Bf16TES2_i7Literalh] -> (nil)
AscendC: [_ZN7AscendC4vstsEPN7float165Fp16TES2_i7Literalh] -> (nil)
AscendC: [_ZN7AscendC4vstsEPfS0_i7Literalh] -> (nil)
AscendC: [_ZN7AscendC5vstuiERA32_ajPN7float165Fp16TERS4_] -> (nil)
AscendC: [_ZN7AscendC5vstuiERA32_ajPN7float165Fp16TERS4_7Literal] -> (nil)
AscendC: [_ZN7AscendC5vstuiERA32_ajPfRS2_] -> (nil)
AscendC: [_ZN7AscendC5vstuiERA32_ajPfRS2_7Literal] -> (nil)
AscendC: [_ZN7AscendC5vstusERA32_ajPN7float165Fp16TERS4_] -> (nil)
AscendC: [_ZN7AscendC5vstusERA32_ajPN7float165Fp16TERS4_7Literal] -> (nil)
AscendC: [_ZN7AscendC5vstusERA32_ajPfRS2_] -> (nil)
AscendC: [_ZN7AscendC5vstusERA32_ajPfRS2_7Literal] -> (nil)
AscendC: [_ZN7AscendC5vstaiEPaPN7float165Fp16TEi] -> (nil)
AscendC: [_ZN7AscendC5vstaiEPaRPN7float165Fp16TEi7Literal] -> (nil)
AscendC: [_ZN7AscendC5vstaiEPaPfi] -> (nil)
AscendC: [_ZN7AscendC5vstaiEPaRPfi7Literal] -> (nil)
AscendC: [_ZN7AscendC5vstasEPaPN7float165Fp16TEi] -> (nil)
AscendC: [_ZN7AscendC5vstasEPaRPN7float165Fp16TEi7Literal] -> (nil)
AscendC: [_ZN7AscendC5vstasEPaPfi] -> (nil)
AscendC: [_ZN7AscendC5vstasEPaRPfi7Literal] -> (nil)
AscendC: [_ZN7AscendC3vorERA256_hPhS2_h7Literal] -> (nil)
AscendC: [_ZN7AscendC3vorERA256_aPaS2_h7Literal] -> (nil)
AscendC: [_ZN7AscendC3vorERA128_tPtS2_h7Literal] -> (nil)
AscendC: [_ZN7AscendC3vorERA128_sPsS2_h7Literal] -> (nil)
AscendC: [_ZN7AscendC3vorERA64_iPiS2_h7Literal] -> (nil)
AscendC: [_ZN7AscendC3vorERA64_jPjS2_h7Literal] -> (nil)
AscendC: [_ZN7AscendC3vorERA64_fPfS2_h7Literal] -> (nil)
AscendC: [_ZN7AscendC3vorERA128_N7float165Fp16TEPS1_S4_h7Literal] -> (nil)
AscendC: [_ZN7AscendC4vandERA256_hPhS2_h7Literal] -> (nil)
AscendC: [_ZN7AscendC4vandERA256_aPaS2_h7Literal] -> (nil)
AscendC: [_ZN7AscendC4vandERA128_tPtS2_h7Literal] -> (nil)
AscendC: [_ZN7AscendC4vandERA128_sPsS2_h7Literal] -> (nil)
AscendC: [_ZN7AscendC4vandERA64_iPiS2_h7Literal] -> (nil)
AscendC: [_ZN7AscendC4vandERA64_jPjS2_h7Literal] -> (nil)
AscendC: [_ZN7AscendC4vandERA64_fPfS2_h7Literal] -> (nil)
AscendC: [_ZN7AscendC4vandERA128_N7float165Fp16TEPS1_S4_h7Literal] -> (nil)
AscendC: [_ZN7AscendC4vmaxERA256_hPhS2_h7Literal] -> (nil)
AscendC: [_ZN7AscendC4vmaxERA256_aPaS2_h7Literal] -> (nil)
AscendC: [_ZN7AscendC4vmaxERA128_tPtS2_h7Literal] -> (nil)
AscendC: [_ZN7AscendC4vmaxERA128_sPsS2_h7Literal] -> (nil)
AscendC: [_ZN7AscendC4vmaxERA64_iPiS2_h7Literal] -> (nil)
AscendC: [_ZN7AscendC4vmaxERA64_jPjS2_h7Literal] -> (nil)
AscendC: [_ZN7AscendC4vmaxERA64_fPfS2_h7Literal] -> (nil)
AscendC: [_ZN7AscendC4vmaxERA128_N7float165Fp16TEPS1_S4_h7Literal] -> (nil)
AscendC: [_ZN7AscendC4vminERA256_hPhS2_h7Literal] -> (nil)
AscendC: [_ZN7AscendC4vminERA256_aPaS2_h7Literal] -> (nil)
AscendC: [_ZN7AscendC4vminERA128_tPtS2_h7Literal] -> (nil)
AscendC: [_ZN7AscendC4vminERA128_sPsS2_h7Literal] -> (nil)
AscendC: [_ZN7AscendC4vminERA64_iPiS2_h7Literal] -> (nil)
AscendC: [_ZN7AscendC4vminERA64_jPjS2_h7Literal] -> (nil)
AscendC: [_ZN7AscendC4vminERA64_fPfS2_h7Literal] -> (nil)
AscendC: [_ZN7AscendC4vminERA128_N7float165Fp16TEPS1_S4_h7Literal] -> (nil)
AscendC: [_ZN7AscendC4vsubERA256_hPhS2_h7Literal] -> (nil)
AscendC: [_ZN7AscendC4vsubERA256_aPaS2_h7Literal] -> (nil)
AscendC: [_ZN7AscendC4vsubERA128_tPtS2_h7Literal] -> (nil)
AscendC: [_ZN7AscendC4vsubERA128_sPsS2_h7Literal] -> (nil)
AscendC: [_ZN7AscendC4vsubERA64_iPiS2_h7Literal] -> (nil)
AscendC: [_ZN7AscendC4vsubERA64_jPjS2_h7Literal] -> (nil)
AscendC: [_ZN7AscendC4vsubERA64_fPfS2_h7Literal] -> (nil)
AscendC: [_ZN7AscendC4vsubERA128_N7float165Fp16TEPS1_S4_h7Literal] -> (nil)
AscendC: [_ZN7AscendC4vmulERA256_hPhS2_h7Literal] -> (nil)
AscendC: [_ZN7AscendC4vmulERA256_aPaS2_h7Literal] -> (nil)
AscendC: [_ZN7AscendC4vmulERA128_tPtS2_h7Literal] -> (nil)
AscendC: [_ZN7AscendC4vmulERA128_sPsS2_h7Literal] -> (nil)
AscendC: [_ZN7AscendC4vmulERA64_iPiS2_h7Literal] -> (nil)
AscendC: [_ZN7AscendC4vmulERA64_jPjS2_h7Literal] -> (nil)
AscendC: [_ZN7AscendC4vmulERA64_fPfS2_h7Literal] -> (nil)
AscendC: [_ZN7AscendC4vmulERA128_N7float165Fp16TEPS1_S4_h7Literal] -> (nil)
AscendC: [_ZN7AscendC4vdivERA256_hPhS2_h7Literal] -> (nil)
AscendC: [_ZN7AscendC4vdivERA256_aPaS2_h7Literal] -> (nil)
AscendC: [_ZN7AscendC4vdivERA128_tPtS2_h7Literal] -> (nil)
AscendC: [_ZN7AscendC4vdivERA128_sPsS2_h7Literal] -> (nil)
AscendC: [_ZN7AscendC4vdivERA64_iPiS2_h7Literal] -> (nil)
AscendC: [_ZN7AscendC4vdivERA64_jPjS2_h7Literal] -> (nil)
AscendC: [_ZN7AscendC4vdivERA64_fPfS2_h7Literal] -> (nil)
AscendC: [_ZN7AscendC4vdivERA128_N7float165Fp16TEPS1_S4_h7Literal] -> (nil)
AscendC: [_ZN7AscendC7vcmp_eqERhPN7float165Fp16TES3_h] -> (nil)
AscendC: [_ZN7AscendC7vcmp_neERhPN7float165Fp16TES3_h] -> (nil)
AscendC: [_ZN7AscendC7vcmp_gtERhPN7float165Fp16TES3_h] -> (nil)
AscendC: [_ZN7AscendC7vcmp_geERhPN7float165Fp16TES3_h] -> (nil)
AscendC: [_ZN7AscendC7vcmp_ltERhPN7float165Fp16TES3_h] -> (nil)
AscendC: [_ZN7AscendC7vcmp_leERhPN7float165Fp16TES3_h] -> (nil)
AscendC: [_ZN7AscendC7vcmp_eqERhPfS1_h] -> (nil)
AscendC: [_ZN7AscendC7vcmp_neERhPfS1_h] -> (nil)
AscendC: [_ZN7AscendC7vcmp_gtERhPfS1_h] -> (nil)
AscendC: [_ZN7AscendC7vcmp_geERhPfS1_h] -> (nil)
AscendC: [_ZN7AscendC7vcmp_ltERhPfS1_h] -> (nil)
AscendC: [_ZN7AscendC7vcmp_leERhPfS1_h] -> (nil)
AscendC: [_ZN7AscendC4vselERA128_N7float165Fp16TEPS1_S4_h] -> (nil)
AscendC: [_ZN7AscendC4vselERA64_fPfS2_h] -> (nil)
AscendC: [_ZN7AscendC3vbrERA128_N7float165Fp16TES1_] -> (nil)
AscendC: [_ZN7AscendC3vbrERA128_tt] -> (nil)
AscendC: [_ZN7AscendC3vbrERA128_ss] -> (nil)
AscendC: [_ZN7AscendC3vbrERA64_ff] -> (nil)
AscendC: [_ZN7AscendC3vbrERA64_jj] -> (nil)
AscendC: [_ZN7AscendC3vbrERA64_ii] -> (nil)
AscendC: [_ZN7AscendC6sprclrE7Literal] -> (nil)
AscendC: [_ZN7AscendC4pmovERhhh] -> (nil)
AscendC: [_ZN7AscendC4vsqzERA128_N7float165Fp16TEPS1_h7Literal] -> (nil)
AscendC: [_ZN7AscendC4vsqzERA128_tPth7Literal] -> (nil)
AscendC: [_ZN7AscendC4vsqzERA128_sPsh7Literal] -> (nil)
AscendC: [_ZN7AscendC4vsqzERA64_fPfh7Literal] -> (nil)
AscendC: [_ZN7AscendC4vsqzERA64_jPjh7Literal] -> (nil)
AscendC: [_ZN7AscendC4vsqzERA64_iPih7Literal] -> (nil)
AscendC: [_ZN7AscendC5vsturERA32_aPN7float165Fp16TES4_7Literal] -> (nil)
AscendC: [_ZN7AscendC5vsturERA32_aPtS2_7Literal] -> (nil)
AscendC: [_ZN7AscendC5vsturERA32_aPsS2_7Literal] -> (nil)
AscendC: [_ZN7AscendC5vsturERA32_aPfS2_7Literal] -> (nil)
AscendC: [_ZN7AscendC5vsturERA32_aPjS2_7Literal] -> (nil)
AscendC: [_ZN7AscendC5vsturERA32_aPiS2_7Literal] -> (nil)
AscendC: [_ZN7AscendC5vstarEPaPN7float165Fp16TE] -> (nil)
AscendC: [_ZN7AscendC5vstarEPaPs] -> (nil)
AscendC: [_ZN7AscendC5vstarEPaPt] -> (nil)
AscendC: [_ZN7AscendC5vstarEPaPf] -> (nil)
AscendC: [_ZN7AscendC5vstarEPaPi] -> (nil)
AscendC: [_ZN7AscendC5vstarEPaPj] -> (nil)
AscendC: [_ZN7AscendC6pge_b8E7Literal] -> (nil)
AscendC: [_ZN7AscendC7pge_b16E7Literal] -> (nil)
AscendC: [_ZN7AscendC7pge_b32E7Literal] -> (nil)
AscendC: [_ZN7AscendC7pset_b8E7Literal] -> (nil)
AscendC: [_ZN7AscendC8pset_b16E7Literal] -> (nil)
AscendC: [_ZN7AscendC8pset_b32E7Literal] -> (nil)
AscendC: [_ZN7AscendC5vldasERA32_aPh] -> (nil)
AscendC: [_ZN7AscendC5vldasERA32_aPN7float165Fp16TE] -> (nil)
AscendC: [_ZN7AscendC5vldasERA32_aPt] -> (nil)
AscendC: [_ZN7AscendC5vldasERA32_aPs] -> (nil)
AscendC: [_ZN7AscendC5vldasERA32_aPf] -> (nil)
AscendC: [_ZN7AscendC5vldasERA32_aPj] -> (nil)
AscendC: [_ZN7AscendC5vldasERA32_aPi] -> (nil)
AscendC: [_ZN7AscendC5vldusERA256_hRA32_aRPhj7Literal] -> (nil)
AscendC: [_ZN7AscendC5vldusERA128_N7float165Fp16TERA32_aRPS1_j7Literal] -> (nil)
AscendC: [_ZN7AscendC5vldusERA128_tRA32_aRPtj7Literal] -> (nil)
AscendC: [_ZN7AscendC5vldusERA128_sRA32_aRPsj7Literal] -> (nil)
AscendC: [_ZN7AscendC5vldusERA64_fRA32_aRPfj7Literal] -> (nil)
AscendC: [_ZN7AscendC5vldusERA64_jRA32_aRPjj7Literal] -> (nil)
AscendC: [_ZN7AscendC5vldusERA64_iRA32_aRPij7Literal] -> (nil)
AscendC: [_ZN7AscendC4vdupERA256_hhh7Literal] -> (nil)
AscendC: [_ZN7AscendC4vdupERA256_aah7Literal] -> (nil)
AscendC: [_ZN7AscendC4vdupERA128_tth7Literal] -> (nil)
AscendC: [_ZN7AscendC4vdupERA128_ssh7Literal] -> (nil)
AscendC: [_ZN7AscendC4vdupERA64_iih7Literal] -> (nil)
AscendC: [_ZN7AscendC4vdupERA64_jjh7Literal] -> (nil)
AscendC: [_ZN7AscendC4vdupERA64_ffh7Literal] -> (nil)
AscendC: [_ZN7AscendC4vdupERA128_N7float165Fp16TES1_h7Literal] -> (nil)
AscendC: [_ZN7AscendC3vldERA256_aPai7Literal] -> (nil)
AscendC: [_ZN7AscendC3vldERA256_hPhi7Literal] -> (nil)
AscendC: [_ZN7AscendC3vldERA128_sPsi7Literal] -> (nil)
AscendC: [_ZN7AscendC3vldERA128_tPti7Literal] -> (nil)
AscendC: [_ZN7AscendC3vldERA64_iPii7Literal] -> (nil)
AscendC: [_ZN7AscendC3vldERA64_jPji7Literal] -> (nil)
AscendC: [_ZN7AscendC3vldERA32_lPli7Literal] -> (nil)
AscendC: [_ZN7AscendC3vldERA32_mPmi7Literal] -> (nil)
AscendC: [_ZN7AscendC3vldERA128_N8bfloat165Bf16TEPS1_i7Literal] -> (nil)
AscendC: [_ZN7AscendC3vldERA128_N7float165Fp16TEPS1_i7Literal] -> (nil)
AscendC: [_ZN7AscendC3vldERA64_fPfi7Literal] -> (nil)
AscendC: [_ZN7AscendC3vldERA256_aPa7Literal] -> (nil)
AscendC: [_ZN7AscendC3vldERA256_hPh7Literal] -> (nil)
AscendC: [_ZN7AscendC3vldERA128_sPs7Literal] -> (nil)
AscendC: [_ZN7AscendC3vldERA128_tPt7Literal] -> (nil)
AscendC: [_ZN7AscendC3vldERA64_iPi7Literal] -> (nil)
AscendC: [_ZN7AscendC3vldERA64_jPj7Literal] -> (nil)
AscendC: [_ZN7AscendC3vldERA32_lPl7Literal] -> (nil)
AscendC: [_ZN7AscendC3vldERA32_mPm7Literal] -> (nil)
AscendC: [_ZN7AscendC3vldERA128_N8bfloat165Bf16TEPS1_7Literal] -> (nil)
AscendC: [_ZN7AscendC3vldERA128_N7float165Fp16TEPS1_7Literal] -> (nil)
AscendC: [_ZN7AscendC3vldERA64_fPf7Literal] -> (nil)
AscendC: [_ZN7AscendC3vldERA256_aS1_Pai7Literal] -> (nil)
AscendC: [_ZN7AscendC3vldERA256_hS1_Phi7Literal] -> (nil)
AscendC: [_ZN7AscendC3vldERA128_sS1_Psi7Literal] -> (nil)
AscendC: [_ZN7AscendC3vldERA128_tS1_Pti7Literal] -> (nil)
AscendC: [_ZN7AscendC3vldERA64_iS1_Pii7Literal] -> (nil)
AscendC: [_ZN7AscendC3vldERA64_jS1_Pji7Literal] -> (nil)
AscendC: [_ZN7AscendC3vldERA32_mS1_Pmi7Literal] -> (nil)
AscendC: [_ZN7AscendC3vldERA32_lS1_Pli7Literal] -> (nil)
AscendC: [_ZN7AscendC3vldERA128_N8bfloat165Bf16TES3_PS1_i7Literal] -> (nil)
AscendC: [_ZN7AscendC3vldERA128_N7float165Fp16TES3_PS1_i7Literal] -> (nil)
AscendC: [_ZN7AscendC3vldERA64_fS1_Pfi7Literal] -> (nil)
AscendC: [_ZN7AscendC3vldERA256_aS1_Pa7Literal] -> (nil)
AscendC: [_ZN7AscendC3vldERA256_hS1_Ph7Literal] -> (nil)
AscendC: [_ZN7AscendC3vldERA128_sS1_Ps7Literal] -> (nil)
AscendC: [_ZN7AscendC3vldERA128_tS1_Pt7Literal] -> (nil)
AscendC: [_ZN7AscendC3vldERA64_iS1_Pi7Literal] -> (nil)
AscendC: [_ZN7AscendC3vldERA64_jS1_Pj7Literal] -> (nil)
AscendC: [_ZN7AscendC3vldERA32_mS1_Pm7Literal] -> (nil)
AscendC: [_ZN7AscendC3vldERA32_lS1_Pl7Literal] -> (nil)
AscendC: [_ZN7AscendC3vldERA128_N8bfloat165Bf16TES3_PS1_7Literal] -> (nil)
AscendC: [_ZN7AscendC3vldERA128_N7float165Fp16TES3_PS1_7Literal] -> (nil)
AscendC: [_ZN7AscendC3vldERA64_fS1_Pf7Literal] -> (nil)
AscendC: [_ZN7AscendC4vldsERA256_aPai7Literal] -> (nil)
AscendC: [_ZN7AscendC4vldsERA256_hPhi7Literal] -> (nil)
AscendC: [_ZN7AscendC4vldsERA128_sPsi7Literal] -> (nil)
AscendC: [_ZN7AscendC4vldsERA128_tPti7Literal] -> (nil)
AscendC: [_ZN7AscendC4vldsERA64_iPii7Literal] -> (nil)
AscendC: [_ZN7AscendC4vldsERA64_jPji7Literal] -> (nil)
AscendC: [_ZN7AscendC4vldsERA32_mPmi7Literal] -> (nil)
AscendC: [_ZN7AscendC4vldsERA32_lPli7Literal] -> (nil)
AscendC: [_ZN7AscendC4vldsERA128_N8bfloat165Bf16TEPS1_i7Literal] -> (nil)
AscendC: [_ZN7AscendC4vldsERA128_N7float165Fp16TEPS1_i7Literal] -> (nil)
AscendC: [_ZN7AscendC4vldsERA64_fPfi7Literal] -> (nil)
AscendC: [_ZN7AscendC5vaddsERA64_iPiih7Literal] -> (nil)
AscendC: [_ZN7AscendC5vaddsERA64_jPjjh7Literal] -> (nil)
AscendC: [_ZN7AscendC5vaddsERA128_sPssh7Literal] -> (nil)
AscendC: [_ZN7AscendC5vaddsERA128_tPtth7Literal] -> (nil)
AscendC: [_ZN7AscendC5vaddsERA256_aPaah7Literal] -> (nil)
AscendC: [_ZN7AscendC5vaddsERA256_hPhhh7Literal] -> (nil)
AscendC: [_ZN7AscendC5vaddsERA64_fPffh7Literal] -> (nil)
AscendC: [_ZN7AscendC5vaddsERA128_N7float165Fp16TEPS1_S1_h7Literal] -> (nil)
AscendC: [_ZN7AscendC5vmulsERA64_iPiih7Literal] -> (nil)
AscendC: [_ZN7AscendC5vmulsERA64_jPjjh7Literal] -> (nil)
AscendC: [_ZN7AscendC5vmulsERA128_sPssh7Literal] -> (nil)
AscendC: [_ZN7AscendC5vmulsERA128_tPtth7Literal] -> (nil)
AscendC: [_ZN7AscendC5vmulsERA256_aPaah7Literal] -> (nil)
AscendC: [_ZN7AscendC5vmulsERA256_hPhhh7Literal] -> (nil)
AscendC: [_ZN7AscendC5vmulsERA64_fPffh7Literal] -> (nil)
AscendC: [_ZN7AscendC5vmulsERA128_N7float165Fp16TEPS1_S1_h7Literal] -> (nil)
AscendC: [_ZN7AscendC5vmaxsERA64_iPiih7Literal] -> (nil)
AscendC: [_ZN7AscendC5vmaxsERA64_jPjjh7Literal] -> (nil)
AscendC: [_ZN7AscendC5vmaxsERA128_sPssh7Literal] -> (nil)
AscendC: [_ZN7AscendC5vmaxsERA128_tPtth7Literal] -> (nil)
AscendC: [_ZN7AscendC5vmaxsERA256_aPaah7Literal] -> (nil)
AscendC: [_ZN7AscendC5vmaxsERA256_hPhhh7Literal] -> (nil)
AscendC: [_ZN7AscendC5vmaxsERA64_fPffh7Literal] -> (nil)
AscendC: [_ZN7AscendC5vmaxsERA128_N7float165Fp16TEPS1_S1_h7Literal] -> (nil)
AscendC: [_ZN7AscendC5vminsERA64_iPiih7Literal] -> (nil)
AscendC: [_ZN7AscendC5vminsERA64_jPjjh7Literal] -> (nil)
AscendC: [_ZN7AscendC5vminsERA128_sPssh7Literal] -> (nil)
AscendC: [_ZN7AscendC5vminsERA128_tPtth7Literal] -> (nil)
AscendC: [_ZN7AscendC5vminsERA256_aPaah7Literal] -> (nil)
AscendC: [_ZN7AscendC5vminsERA256_hPhhh7Literal] -> (nil)
AscendC: [_ZN7AscendC5vminsERA64_fPffh7Literal] -> (nil)
AscendC: [_ZN7AscendC5vminsERA128_N7float165Fp16TEPS1_S1_h7Literal] -> (nil)
AscendC: [_ZN7AscendC5vshlsERA64_iPish7Literal] -> (nil)
AscendC: [_ZN7AscendC5vshlsERA64_jPjsh7Literal] -> (nil)
AscendC: [_ZN7AscendC5vshlsERA128_sPssh7Literal] -> (nil)
AscendC: [_ZN7AscendC5vshlsERA128_tPtsh7Literal] -> (nil)
AscendC: [_ZN7AscendC5vshlsERA256_aPash7Literal] -> (nil)
AscendC: [_ZN7AscendC5vshlsERA256_hPhsh7Literal] -> (nil)
AscendC: [_ZN7AscendC5vshrsERA64_iPish7Literal] -> (nil)
AscendC: [_ZN7AscendC5vshrsERA64_jPjsh7Literal] -> (nil)
AscendC: [_ZN7AscendC5vshrsERA128_sPssh7Literal] -> (nil)
AscendC: [_ZN7AscendC5vshrsERA128_tPtsh7Literal] -> (nil)
AscendC: [_ZN7AscendC5vshrsERA256_aPash7Literal] -> (nil)
AscendC: [_ZN7AscendC5vshrsERA256_hPhsh7Literal] -> (nil)
AscendC: [_ZN7AscendC6vlreluERA64_fPffh7Literal] -> (nil)
AscendC: [_ZN7AscendC6vlreluERA128_N7float165Fp16TEPS1_S1_h7Literal] -> (nil)
AscendC: [_ZN7AscendC10use_pipe_vEv] -> (nil)
AscendC: [_ZN7AscendC11use_pipe_v2Ev] -> (nil)
AscendC: [_ZN7AscendC8v4dtransEPtS0_m] -> (nil)
AscendC: [_ZN7AscendC8v4dtransEPtS0_ttb] -> (nil)
AscendC: [_ZN7AscendC8v4dtransEPjS0_m] -> (nil)
AscendC: [_ZN7AscendC8v4dtransEPjS0_ttb] -> (nil)
AscendC: [_ZN7AscendC8v4dtransEPhS0_m] -> (nil)
AscendC: [_ZN7AscendC8v4dtransEPhS0_ttb] -> (nil)
AscendC: [_ZN7AscendC5vaaddEPN7float165Fp16TES2_S2_m] -> (nil)
AscendC: [_ZN7AscendC5vaaddEPN7float165Fp16TES2_S2_hhhhhhh] -> (nil)
AscendC: [_ZN7AscendC5vaaddEPN7float165Fp16TES2_S2_hhhhhhhbb] -> (nil)
AscendC: [_ZN7AscendC5vaaddEPfS0_S0_m] -> (nil)
AscendC: [_ZN7AscendC5vaaddEPfS0_S0_hhhhhhh] -> (nil)
AscendC: [_ZN7AscendC5vaaddEPfS0_S0_hhhhhhhbb] -> (nil)
AscendC: [_ZN7AscendC4vabsEPN7float165Fp16TES2_m] -> (nil)
AscendC: [_ZN7AscendC4vabsEPN7float165Fp16TES2_htthh] -> 0xffffac5b6a18
AscendC: [_ZN7AscendC4vabsEPN7float165Fp16TES2_htthhbb] -> 0xffffac5b6cb0
AscendC: [_ZN7AscendC4vabsEPN7float165Fp16TES2_htttt] -> (nil)
AscendC: [_ZN7AscendC4vabsEPfS0_m] -> (nil)
AscendC: [_ZN7AscendC4vabsEPfS0_htthh] -> 0xffffac5b6f58
AscendC: [_ZN7AscendC4vabsEPfS0_htthhbb] -> 0xffffac5b71f0
AscendC: [_ZN7AscendC4vabsEPfS0_htttt] -> (nil)
AscendC: [_ZN7AscendC4vabsEPsS0_m] -> (nil)
AscendC: [_ZN7AscendC4vabsEPsS0_htthh] -> 0xffffac5b7498
AscendC: [_ZN7AscendC4vabsEPsS0_htthhbb] -> 0xffffac5b7730
AscendC: [_ZN7AscendC4vabsEPsS0_htttt] -> 0xffffac5b9958
AscendC: [_ZN7AscendC4vaddEPN7float165Fp16TES2_S2_m] -> (nil)
AscendC: [_ZN7AscendC4vaddEPN7float165Fp16TES2_S2_hhhhhhh] -> 0xffffac583da0
AscendC: [_ZN7AscendC4vaddEPN7float165Fp16TES2_S2_hhhhhhhbb] -> (nil)
AscendC: [_ZN7AscendC4vaddEPfS0_S0_hhhhhhh] -> 0xffffac582690
AscendC: [_ZN7AscendC4vaddEPfS0_S0_hhhhhhhbb] -> (nil)
AscendC: [_ZN7AscendC4vaddEPsS0_S0_m] -> (nil)
AscendC: [_ZN7AscendC4vaddEPsS0_S0_hhhhhhh] -> 0xffffac5866a0
AscendC: [_ZN7AscendC4vaddEPsS0_S0_hhhhhhhbb] -> (nil)
AscendC: [_ZN7AscendC4vaddEPiS0_S0_m] -> (nil)
AscendC: [_ZN7AscendC4vaddEPiS0_S0_hhhhhhh] -> 0xffffac5854b0
AscendC: [_ZN7AscendC4vaddEPiS0_S0_hhhhhhhbb] -> (nil)
AscendC: [_ZN7AscendC11vadddeqreluEPN7float165Fp16TEPiS3_m] -> (nil)
AscendC: [_ZN7AscendC11vadddeqreluEPN7float165Fp16TEPiS3_hhhhhhh] -> (nil)
AscendC: [_ZN7AscendC11vadddeqreluEPN7float165Fp16TEPiS3_hhhhhhhbb] -> (nil)
AscendC: [_ZN7AscendC8vaddreluEPN7float165Fp16TES2_S2_m] -> (nil)
AscendC: [_ZN7AscendC8vaddreluEPN7float165Fp16TES2_S2_hhhhhhhbb] -> (nil)
AscendC: [_ZN7AscendC8vaddreluEPN7float165Fp16TES2_S2_hhhhhhh] -> 0xffffac584f90
AscendC: [_ZN7AscendC8vaddreluEPfS0_S0_m] -> (nil)
AscendC: [_ZN7AscendC8vaddreluEPfS0_S0_hhhhhhhbb] -> (nil)
AscendC: [_ZN7AscendC8vaddreluEPfS0_S0_hhhhhhh] -> 0xffffac583880
AscendC: [_ZN7AscendC8vaddreluEPsS0_S0_m] -> (nil)
AscendC: [_ZN7AscendC8vaddreluEPsS0_S0_hhhhhhhbb] -> (nil)
AscendC: [_ZN7AscendC8vaddreluEPsS0_S0_hhhhhhh] -> 0xffffac587370
AscendC: [_ZN7AscendC19vaddreluconv_f162s8EPaPN7float165Fp16TES3_mb] -> (nil)
AscendC: [_ZN7AscendC19vaddreluconv_f162s8EPaPN7float165Fp16TES3_hhhhhhhbbb] -> (nil)
AscendC: [_ZN7AscendC19vaddreluconv_f162s8EPaPN7float165Fp16TES3_hhhhhhhb] -> 0xffffac5c96a0
AscendC: [_ZN7AscendC20vaddreluconv_f322f16EPN7float165Fp16TEPfS3_mb] -> (nil)
AscendC: [_ZN7AscendC20vaddreluconv_f322f16EPN7float165Fp16TEPfS3_hhhhhhhbbb] -> (nil)
AscendC: [_ZN7AscendC20vaddreluconv_f322f16EPN7float165Fp16TEPfS3_hhhhhhhb] -> 0xffffac5c9e80
AscendC: [_ZN7AscendC19vaddreluconv_s162s8EPaPsS1_mb] -> (nil)
AscendC: [_ZN7AscendC19vaddreluconv_s162s8EPaPsS1_hhhhhhhbbb] -> (nil)
AscendC: [_ZN7AscendC19vaddreluconv_s162s8EPaPsS1_hhhhhhhb] -> 0xffffac5c9a90
AscendC: [_ZN7AscendC23vaddreluconv_vdeqs162b8EPaPsS1_mb] -> (nil)
AscendC: [_ZN7AscendC23vaddreluconv_vdeqs162b8EPhPsS1_mb] -> (nil)
AscendC: [_ZN7AscendC23vaddreluconv_vdeqs162b8EPhPsS1_hhhhhhhbbb] -> (nil)
AscendC: [_ZN7AscendC23vaddreluconv_vdeqs162b8EPhPsS1_hhhhhhhb] -> (nil)
AscendC: [_ZN7AscendC23vaddreluconv_vdeqs162b8EPaPsS1_hhhhhhhbbb] -> (nil)
AscendC: [_ZN7AscendC23vaddreluconv_vdeqs162b8EPaPsS1_hhhhhhhb] -> (nil)
AscendC: [_ZN7AscendC5vaddsEPN7float165Fp16TES2_S1_m] -> (nil)
AscendC: [_ZN7AscendC5vaddsEPN7float165Fp16TES2_S1_htthh] -> (nil)
AscendC: [_ZN7AscendC5vaddsEPN7float165Fp16TES2_S1_htthhbb] -> (nil)
AscendC: [_ZN7AscendC5vaddsEPN7float165Fp16TES2_S1_htttt] -> 0xffffac58c088
AscendC: [_ZN7AscendC5vaddsEPfS0_fm] -> (nil)
AscendC: [_ZN7AscendC5vaddsEPfS0_fhtthh] -> (nil)
AscendC: [_ZN7AscendC5vaddsEPfS0_fhtthhbb] -> (nil)
AscendC: [_ZN7AscendC5vaddsEPfS0_fhtttt] -> 0xffffac58d208
AscendC: [_ZN7AscendC5vaddsEPsS0_sm] -> (nil)
AscendC: [_ZN7AscendC5vaddsEPsS0_shtthh] -> (nil)
AscendC: [_ZN7AscendC5vaddsEPsS0_shtthhbb] -> (nil)
AscendC: [_ZN7AscendC5vaddsEPsS0_shtttt] -> 0xffffac58e258
AscendC: [_ZN7AscendC5vaddsEPiS0_im] -> (nil)
AscendC: [_ZN7AscendC5vaddsEPiS0_ihtthh] -> (nil)
AscendC: [_ZN7AscendC5vaddsEPiS0_ihtthhbb] -> (nil)
AscendC: [_ZN7AscendC5vaddsEPiS0_ihtttt] -> 0xffffac58efa8
AscendC: [_ZN7AscendC4vandEPsS0_S0_m] -> (nil)
AscendC: [_ZN7AscendC4vandEPsS0_S0_hhhhhhh] -> 0xffffac586180
AscendC: [_ZN7AscendC4vandEPsS0_S0_hhhhhhhbb] -> (nil)
AscendC: [_ZN7AscendC4vandEPtS0_S0_m] -> (nil)
AscendC: [_ZN7AscendC4vandEPtS0_S0_hhhhhhh] -> 0xffffac587890
AscendC: [_ZN7AscendC4vandEPtS0_S0_hhhhhhhbb] -> (nil)
AscendC: [_ZN7AscendC5vaxpyEPN7float165Fp16TES2_S1_m] -> (nil)
AscendC: [_ZN7AscendC5vaxpyEPN7float165Fp16TES2_S1_htthh] -> 0xffffac5aff78
AscendC: [_ZN7AscendC5vaxpyEPN7float165Fp16TES2_S1_htthhbb] -> (nil)
AscendC: [_ZN7AscendC5vaxpyEPN7float165Fp16TES2_S1_htttt] -> (nil)
AscendC: [_ZN7AscendC5vaxpyEPfS0_fm] -> (nil)
AscendC: [_ZN7AscendC5vaxpyEPfS0_fhtthh] -> 0xffffac5afc48
AscendC: [_ZN7AscendC5vaxpyEPfS0_fhtthhbb] -> (nil)
AscendC: [_ZN7AscendC5vaxpyEPfS0_fhtttt] -> (nil)
AscendC: [_ZN7AscendC5vaxpyEPfPN7float165Fp16TES2_m] -> (nil)
AscendC: [_ZN7AscendC5vaxpyEPfPN7float165Fp16TES2_htthh] -> 0xffffac5af8d8
AscendC: [_ZN7AscendC5vaxpyEPfPN7float165Fp16TES2_htthhbb] -> (nil)
AscendC: [_ZN7AscendC5vaxpyEPfPN7float165Fp16TES2_htttt] -> (nil)
AscendC: [_ZN7AscendC3vbiEPN7float165Fp16TEPtS2_m] -> (nil)
AscendC: [_ZN7AscendC3vbiEPN7float165Fp16TEPtS2_hbtth] -> (nil)
AscendC: [_ZN7AscendC8vbitsortEPN7float165Fp16TES2_m] -> 0xffffac57d1c0
AscendC: [_ZN7AscendC8vbitsortEPN7float165Fp16TES2_htthh] -> (nil)
AscendC: [_ZN7AscendC8vbitsortEPN7float165Fp16TES2_htthhbb] -> (nil)
AscendC: [_ZN7AscendC8vbitsortEPfS0_m] -> 0xffffac57d668
AscendC: [_ZN7AscendC8vbitsortEPfS0_htthh] -> (nil)
AscendC: [_ZN7AscendC8vbitsortEPfS0_htthhbb] -> (nil)
AscendC: [_ZN7AscendC8vbitsortEPN7float165Fp16TES2_Pjm] -> 0xffffac57d7f0
AscendC: [_ZN7AscendC8vbitsortEPN7float165Fp16TES2_Pjhhhhhhhbb] -> (nil)
AscendC: [_ZN7AscendC8vbitsortEPfS0_Pjm] -> 0xffffac57d980
AscendC: [_ZN7AscendC8vbitsortEPfS0_Pjhhhhhhhbb] -> (nil)
AscendC: [_ZN7AscendC8vbitsortEPN7float165Fp16TES2_Pjhhhhhhh] -> (nil)
AscendC: [_ZN7AscendC8vbitsortEPfS0_Pjhhhhhhh] -> (nil)
AscendC: [_ZN7AscendC5vbrcbEPtS0_m] -> (nil)
AscendC: [_ZN7AscendC5vbrcbEPtS0_tth] -> 0xffffac594878
AscendC: [_ZN7AscendC5vbrcbEPjS0_m] -> (nil)
AscendC: [_ZN7AscendC5vbrcbEPjS0_tth] -> 0xffffac594ad0
AscendC: [_ZN7AscendC5vcaddEPN7float165Fp16TES2_m] -> (nil)
AscendC: [_ZN7AscendC5vcaddEPN7float165Fp16TES2_httt] -> 0xffffac5ac640
AscendC: [_ZN7AscendC5vcaddEPN7float165Fp16TES2_htttbb] -> 0xffffac5aca38
AscendC: [_ZN7AscendC5vcaddEPN7float165Fp16TES2_mb] -> (nil)
AscendC: [_ZN7AscendC5vcaddEPN7float165Fp16TES2_htttb] -> 0xffffac5ace50
AscendC: [_ZN7AscendC5vcaddEPfS0_m] -> (nil)
AscendC: [_ZN7AscendC5vcaddEPfS0_httt] -> 0xffffac5acfa0
AscendC: [_ZN7AscendC5vcaddEPfS0_htttbb] -> 0xffffac5ad0e8
AscendC: [_ZN7AscendC5vcaddEPfS0_mb] -> (nil)
AscendC: [_ZN7AscendC5vcaddEPfS0_htttb] -> 0xffffac5ad500
AscendC: [_ZN7AscendC5vcaddERA128_N7float165Fp16TEPS1_h7Literal] -> (nil)
AscendC: [_ZN7AscendC5vcaddERA64_fPfh7Literal] -> (nil)
AscendC: [_ZN7AscendC5vcmaxERA128_N7float165Fp16TEPS1_h7Literal] -> (nil)
AscendC: [_ZN7AscendC5vcmaxERA64_fPfh7Literal] -> (nil)
AscendC: [_ZN7AscendC5vcminERA128_N7float165Fp16TEPS1_h7Literal] -> (nil)
AscendC: [_ZN7AscendC5vcminERA64_fPfh7Literal] -> (nil)
AscendC: [_ZN7AscendC12vcbd_s162s32EPiPsm] -> (nil)
AscendC: [_ZN7AscendC12vcbd_s162s32EPiPshtthhbb] -> (nil)
AscendC: [_ZN7AscendC12vcbd_s162u32EPjPsm] -> (nil)
AscendC: [_ZN7AscendC12vcbd_s162u32EPjPshtthhbb] -> (nil)
AscendC: [_ZN7AscendC11vcbd_s162u8EPhPsm] -> (nil)
AscendC: [_ZN7AscendC11vcbd_s162u8EPhPshtthhbb] -> (nil)
AscendC: [_ZN7AscendC12vcbd_s322s16EPsPim] -> (nil)
AscendC: [_ZN7AscendC12vcbd_s322s16EPsPihtthhbb] -> (nil)
AscendC: [_ZN7AscendC12vcbd_s322u16EPtPim] -> (nil)
AscendC: [_ZN7AscendC12vcbd_s322u16EPtPihtthhbb] -> (nil)
AscendC: [_ZN7AscendC11vcbd_s322u8EPhPim] -> (nil)
AscendC: [_ZN7AscendC11vcbd_s322u8EPhPihtthhbb] -> (nil)
AscendC: [_ZN7AscendC12vcbd_u162s32EPiPtm] -> (nil)
AscendC: [_ZN7AscendC12vcbd_u162s32EPiPthtthhbb] -> (nil)
AscendC: [_ZN7AscendC12vcbd_u162u32EPjPtm] -> (nil)
AscendC: [_ZN7AscendC12vcbd_u162u32EPjPthtthhbb] -> (nil)
AscendC: [_ZN7AscendC11vcbd_u162u8EPhPtm] -> (nil)
AscendC: [_ZN7AscendC11vcbd_u162u8EPhPthtthhbb] -> (nil)
AscendC: [_ZN7AscendC12vcbd_u322s16EPsPjm] -> (nil)
AscendC: [_ZN7AscendC12vcbd_u322s16EPsPjhtthhbb] -> (nil)
AscendC: [_ZN7AscendC12vcbd_u322u16EPtPjm] -> (nil)
AscendC: [_ZN7AscendC12vcbd_u322u16EPtPjhtthhbb] -> (nil)
AscendC: [_ZN7AscendC11vcbd_u322u8EPhPjm] -> (nil)
AscendC: [_ZN7AscendC11vcbd_u322u8EPhPjhtthhbb] -> (nil)
AscendC: [_ZN7AscendC11vcbd_u82s16EPsPhm] -> (nil)
AscendC: [_ZN7AscendC11vcbd_u82s16EPsPhhtthhbb] -> (nil)
AscendC: [_ZN7AscendC11vcbd_u82s32EPiPhm] -> (nil)
AscendC: [_ZN7AscendC11vcbd_u82s32EPiPhhtthhbb] -> (nil)
AscendC: [_ZN7AscendC11vcbd_u82u16EPtPhm] -> (nil)
AscendC: [_ZN7AscendC11vcbd_u82u16EPtPhhtthhbb] -> (nil)
AscendC: [_ZN7AscendC11vcbd_u82u32EPjPhm] -> (nil)
AscendC: [_ZN7AscendC11vcbd_u82u32EPjPhhtthhbb] -> (nil)
AscendC: [_ZN7AscendC6vcgaddEPN7float165Fp16TES2_m] -> (nil)
AscendC: [_ZN7AscendC6vcgaddEPN7float165Fp16TES2_httt] -> 0xffffac5ac020
AscendC: [_ZN7AscendC6vcgaddEPN7float165Fp16TES2_htttbb] -> (nil)
AscendC: [_ZN7AscendC6vcgaddEPfS0_m] -> (nil)
AscendC: [_ZN7AscendC6vcgaddEPfS0_httt] -> 0xffffac5ab900
AscendC: [_ZN7AscendC6vcgaddEPfS0_htttbb] -> (nil)
AscendC: [_ZN7AscendC6vcgaddERA128_N7float165Fp16TEPS1_h7Literal] -> (nil)
AscendC: [_ZN7AscendC6vcgaddERA64_fPfh7Literal] -> (nil)
AscendC: [_ZN7AscendC6vcgmaxERA128_N7float165Fp16TEPS1_h7Literal] -> (nil)
AscendC: [_ZN7AscendC6vcgmaxERA64_fPfh7Literal] -> (nil)
AscendC: [_ZN7AscendC6vcgminERA128_N7float165Fp16TEPS1_h7Literal] -> (nil)
AscendC: [_ZN7AscendC6vcgminERA64_fPfh7Literal] -> (nil)
AscendC: [_ZN7AscendC6vcpaddERA128_N7float165Fp16TEPS1_h7Literal] -> (nil)
AscendC: [_ZN7AscendC6vcpaddERA64_fPfh7Literal] -> (nil)
AscendC: [_ZN7AscendC6vcgmaxEPN7float165Fp16TES2_m] -> (nil)
AscendC: [_ZN7AscendC6vcgmaxEPN7float165Fp16TES2_httt] -> 0xffffac5abc90
AscendC: [_ZN7AscendC6vcgmaxEPN7float165Fp16TES2_htttbb] -> (nil)
AscendC: [_ZN7AscendC6vcgmaxEPfS0_m] -> (nil)
AscendC: [_ZN7AscendC6vcgmaxEPfS0_httt] -> 0xffffac5ab570
AscendC: [_ZN7AscendC6vcgmaxEPfS0_htttbb] -> (nil)
AscendC: [_ZN7AscendC6vcgminEPN7float165Fp16TES2_m] -> (nil)
AscendC: [_ZN7AscendC6vcgminEPN7float165Fp16TES2_httt] -> 0xffffac5abe58
AscendC: [_ZN7AscendC6vcgminEPN7float165Fp16TES2_htttbb] -> (nil)
AscendC: [_ZN7AscendC6vcgminEPfS0_m] -> (nil)
AscendC: [_ZN7AscendC6vcgminEPfS0_httt] -> 0xffffac5ab738
AscendC: [_ZN7AscendC6vcgminEPfS0_htttbb] -> (nil)
AscendC: [_ZN7AscendC3vciEPN7float165Fp16TES1_m] -> (nil)
AscendC: [_ZN7AscendC3vciEPN7float165Fp16TES1_hthbb] -> (nil)
AscendC: [_ZN7AscendC3vciEPffm] -> (nil)
AscendC: [_ZN7AscendC3vciEPffhthbb] -> (nil)
AscendC: [_ZN7AscendC3vciEPssm] -> (nil)
AscendC: [_ZN7AscendC3vciEPsshthbb] -> (nil)
AscendC: [_ZN7AscendC3vciEPiim] -> (nil)
AscendC: [_ZN7AscendC3vciEPiihthbb] -> (nil)
AscendC: [_ZN7AscendC5vcmaxEPN7float165Fp16TES2_m] -> (nil)
AscendC: [_ZN7AscendC5vcmaxEPN7float165Fp16TES2_httt] -> 0xffffac5ac3b0
AscendC: [_ZN7AscendC5vcmaxEPN7float165Fp16TES2_htttbb] -> 0xffffac5ac788
AscendC: [_ZN7AscendC5vcmaxEPN7float165Fp16TES2_mb] -> (nil)
AscendC: [_ZN7AscendC5vcmaxEPN7float165Fp16TES2_htttbbb] -> 0xffffac5acb90
AscendC: [_ZN7AscendC5vcmaxEPN7float165Fp16TES2_m7Order_t] -> (nil)
AscendC: [_ZN7AscendC5vcmaxEPN7float165Fp16TES2_httt7Order_t] -> 0xffffac5ad650
AscendC: [_ZN7AscendC5vcmaxEPfS0_mb] -> (nil)
AscendC: [_ZN7AscendC5vcmaxEPfS0_htttbbb] -> 0xffffac5ad240
AscendC: [_ZN7AscendC5vcmaxEPfS0_m7Order_t] -> (nil)
AscendC: [_ZN7AscendC5vcmaxEPfS0_httt7Order_t] -> 0xffffac5ad8d0
AscendC: [_ZN7AscendC5vcmaxEPtS0_mb] -> (nil)
AscendC: [_ZN7AscendC5vcmaxEPtS0_htttbbb] -> (nil)
AscendC: [_ZN7AscendC5vcminEPN7float165Fp16TES2_m] -> (nil)
AscendC: [_ZN7AscendC5vcminEPN7float165Fp16TES2_httt] -> 0xffffac5ac4f8
AscendC: [_ZN7AscendC5vcminEPN7float165Fp16TES2_htttbb] -> 0xffffac5ac8e0
AscendC: [_ZN7AscendC5vcminEPN7float165Fp16TES2_mb] -> (nil)
AscendC: [_ZN7AscendC5vcminEPN7float165Fp16TES2_htttbbb] -> 0xffffac5accf0
AscendC: [_ZN7AscendC5vcminEPN7float165Fp16TES2_m7Order_t] -> (nil)
AscendC: [_ZN7AscendC5vcminEPN7float165Fp16TES2_httt7Order_t] -> 0xffffac5ad790
AscendC: [_ZN7AscendC5vcminEPfS0_mb] -> (nil)
AscendC: [_ZN7AscendC5vcminEPfS0_htttbbb] -> 0xffffac5ad3a0
AscendC: [_ZN7AscendC5vcminEPfS0_m7Order_t] -> (nil)
AscendC: [_ZN7AscendC5vcminEPfS0_httt7Order_t] -> 0xffffac5ada10
AscendC: [_ZN7AscendC5vcminEPtS0_mb] -> (nil)
AscendC: [_ZN7AscendC5vcminEPtS0_htttbbb] -> (nil)
AscendC: [_ZN7AscendC7vcmp_eqEPN7float165Fp16TES2_m] -> (nil)
AscendC: [_ZN7AscendC7vcmp_eqEPN7float165Fp16TES2_hhhhhhh] -> 0xffffac59c380
AscendC: [_ZN7AscendC7vcmp_eqEPN7float165Fp16TES2_hhhhhhhbb] -> (nil)
AscendC: [_ZN7AscendC7vcmp_eqEPfS0_m] -> (nil)
AscendC: [_ZN7AscendC7vcmp_eqEPfS0_hhhhhhh] -> 0xffffac59c5c0
AscendC: [_ZN7AscendC7vcmp_eqEPfS0_hhhhhhhbb] -> (nil)
AscendC: [_ZN7AscendC7vcmp_eqEPtS0_m] -> (nil)
AscendC: [_ZN7AscendC7vcmp_eqEPtS0_hhhhhhh] -> (nil)
AscendC: [_ZN7AscendC7vcmp_eqEPtS0_hhhhhhhbb] -> (nil)
AscendC: [_ZN7AscendC7vcmp_geEPN7float165Fp16TES2_m] -> (nil)
AscendC: [_ZN7AscendC7vcmp_geEPN7float165Fp16TES2_hhhhhhh] -> 0xffffac59c800
AscendC: [_ZN7AscendC7vcmp_geEPN7float165Fp16TES2_hhhhhhhbb] -> (nil)
AscendC: [_ZN7AscendC7vcmp_geEPfS0_m] -> (nil)
AscendC: [_ZN7AscendC7vcmp_geEPfS0_hhhhhhh] -> 0xffffac59ca40
AscendC: [_ZN7AscendC7vcmp_geEPfS0_hhhhhhhbb] -> (nil)
AscendC: [_ZN7AscendC7vcmp_geEPtS0_m] -> (nil)
AscendC: [_ZN7AscendC7vcmp_geEPtS0_hhhhhhh] -> (nil)
AscendC: [_ZN7AscendC7vcmp_geEPtS0_hhhhhhhbb] -> (nil)
AscendC: [_ZN7AscendC7vcmp_gtEPN7float165Fp16TES2_m] -> (nil)
AscendC: [_ZN7AscendC7vcmp_gtEPN7float165Fp16TES2_hhhhhhh] -> 0xffffac59cc80
AscendC: [_ZN7AscendC7vcmp_gtEPN7float165Fp16TES2_hhhhhhhbb] -> (nil)
AscendC: [_ZN7AscendC7vcmp_gtEPfS0_m] -> (nil)
AscendC: [_ZN7AscendC7vcmp_gtEPfS0_hhhhhhh] -> 0xffffac59cec0
AscendC: [_ZN7AscendC7vcmp_gtEPfS0_hhhhhhhbb] -> (nil)
AscendC: [_ZN7AscendC7vcmp_gtEPtS0_m] -> (nil)
AscendC: [_ZN7AscendC7vcmp_gtEPtS0_hhhhhhh] -> (nil)
AscendC: [_ZN7AscendC7vcmp_gtEPtS0_hhhhhhhbb] -> (nil)
AscendC: [_ZN7AscendC7vcmp_leEPN7float165Fp16TES2_m] -> (nil)
AscendC: [_ZN7AscendC7vcmp_leEPN7float165Fp16TES2_hhhhhhh] -> 0xffffac59d100
AscendC: [_ZN7AscendC7vcmp_leEPN7float165Fp16TES2_hhhhhhhbb] -> (nil)
AscendC: [_ZN7AscendC7vcmp_leEPfS0_m] -> (nil)
AscendC: [_ZN7AscendC7vcmp_leEPfS0_hhhhhhh] -> 0xffffac59d340
AscendC: [_ZN7AscendC7vcmp_leEPfS0_hhhhhhhbb] -> (nil)
AscendC: [_ZN7AscendC7vcmp_leEPtS0_m] -> (nil)
AscendC: [_ZN7AscendC7vcmp_leEPtS0_hhhhhhh] -> (nil)
AscendC: [_ZN7AscendC7vcmp_leEPtS0_hhhhhhhbb] -> (nil)
AscendC: [_ZN7AscendC7vcmp_ltEPN7float165Fp16TES2_m] -> (nil)
AscendC: [_ZN7AscendC7vcmp_ltEPN7float165Fp16TES2_hhhhhhh] -> 0xffffac59d580
AscendC: [_ZN7AscendC7vcmp_ltEPN7float165Fp16TES2_hhhhhhhbb] -> (nil)
AscendC: [_ZN7AscendC7vcmp_ltEPfS0_m] -> (nil)
AscendC: [_ZN7AscendC7vcmp_ltEPfS0_hhhhhhh] -> 0xffffac59d7c0
AscendC: [_ZN7AscendC7vcmp_ltEPfS0_hhhhhhhbb] -> (nil)
AscendC: [_ZN7AscendC7vcmp_ltEPtS0_m] -> (nil)
AscendC: [_ZN7AscendC7vcmp_ltEPtS0_hhhhhhh] -> (nil)
AscendC: [_ZN7AscendC7vcmp_ltEPtS0_hhhhhhhbb] -> (nil)
AscendC: [_ZN7AscendC7vcmp_neEPN7float165Fp16TES2_m] -> (nil)
AscendC: [_ZN7AscendC7vcmp_neEPN7float165Fp16TES2_hhhhhhh] -> 0xffffac59da00
AscendC: [_ZN7AscendC7vcmp_neEPN7float165Fp16TES2_hhhhhhhbb] -> (nil)
AscendC: [_ZN7AscendC7vcmp_neEPfS0_m] -> (nil)
AscendC: [_ZN7AscendC7vcmp_neEPfS0_hhhhhhh] -> 0xffffac59dc40
AscendC: [_ZN7AscendC7vcmp_neEPfS0_hhhhhhhbb] -> (nil)
AscendC: [_ZN7AscendC7vcmp_neEPtS0_m] -> (nil)
AscendC: [_ZN7AscendC7vcmp_neEPtS0_hhhhhhh] -> (nil)
AscendC: [_ZN7AscendC7vcmp_neEPtS0_hhhhhhhbb] -> (nil)
AscendC: [_ZN7AscendC8vcmpv_eqEPhPN7float165Fp16TES3_m] -> (nil)
AscendC: [_ZN7AscendC8vcmpv_eqEPhPN7float165Fp16TES3_hhhhhhh] -> 0xffffac595fc0
AscendC: [_ZN7AscendC8vcmpv_eqEPhPfS1_m] -> (nil)
AscendC: [_ZN7AscendC8vcmpv_eqEPhPfS1_hhhhhhh] -> 0xffffac596210
AscendC: [_ZN7AscendC8vcmpv_eqEPhPiS1_m] -> (nil)
AscendC: [_ZN7AscendC8vcmpv_eqEPhPiS1_hhhhhhh] -> 0xffffac597b80
AscendC: [_ZN7AscendC8vcmpv_geEPhPN7float165Fp16TES3_m] -> (nil)
AscendC: [_ZN7AscendC8vcmpv_geEPhPN7float165Fp16TES3_hhhhhhh] -> 0xffffac596460
AscendC: [_ZN7AscendC8vcmpv_geEPhPfS1_m] -> (nil)
AscendC: [_ZN7AscendC8vcmpv_geEPhPfS1_hhhhhhh] -> 0xffffac5966b0
AscendC: [_ZN7AscendC8vcmpv_gtEPhPN7float165Fp16TES3_m] -> (nil)
AscendC: [_ZN7AscendC8vcmpv_gtEPhPN7float165Fp16TES3_hhhhhhh] -> 0xffffac596900
AscendC: [_ZN7AscendC8vcmpv_gtEPhPfS1_m] -> (nil)
AscendC: [_ZN7AscendC8vcmpv_gtEPhPfS1_hhhhhhh] -> 0xffffac596b50
AscendC: [_ZN7AscendC8vcmpv_leEPhPN7float165Fp16TES3_m] -> (nil)
AscendC: [_ZN7AscendC8vcmpv_leEPhPN7float165Fp16TES3_hhhhhhh] -> 0xffffac596da0
AscendC: [_ZN7AscendC8vcmpv_leEPhPfS1_m] -> (nil)
AscendC: [_ZN7AscendC8vcmpv_leEPhPfS1_hhhhhhh] -> 0xffffac596ff0
AscendC: [_ZN7AscendC8vcmpv_ltEPhPN7float165Fp16TES3_m] -> (nil)
AscendC: [_ZN7AscendC8vcmpv_ltEPhPN7float165Fp16TES3_hhhhhhh] -> 0xffffac597240
AscendC: [_ZN7AscendC8vcmpv_ltEPhPfS1_m] -> (nil)
AscendC: [_ZN7AscendC8vcmpv_ltEPhPfS1_hhhhhhh] -> 0xffffac597490
AscendC: [_ZN7AscendC8vcmpv_neEPhPN7float165Fp16TES3_m] -> (nil)
AscendC: [_ZN7AscendC8vcmpv_neEPhPN7float165Fp16TES3_hhhhhhh] -> 0xffffac5976e0
AscendC: [_ZN7AscendC8vcmpv_neEPhPfS1_m] -> (nil)
AscendC: [_ZN7AscendC8vcmpv_neEPhPfS1_hhhhhhh] -> 0xffffac597930
AscendC: [_ZN7AscendC9vcmpvs_eqEPhPN7float165Fp16TES2_m] -> (nil)
AscendC: [_ZN7AscendC9vcmpvs_eqEPhPN7float165Fp16TES2_htthh] -> (nil)
AscendC: [_ZN7AscendC9vcmpvs_eqEPhPN7float165Fp16TES2_htttt] -> 0xffffac598420
AscendC: [_ZN7AscendC9vcmpvs_eqEPhPffm] -> (nil)
AscendC: [_ZN7AscendC9vcmpvs_eqEPhPffhtthh] -> (nil)
AscendC: [_ZN7AscendC9vcmpvs_eqEPhPffhtttt] -> 0xffffac5993d8
AscendC: [_ZN7AscendC9vcmpvs_eqEPhPiim] -> (nil)
AscendC: [_ZN7AscendC9vcmpvs_eqEPhPiihtttt] -> 0xffffac597dd0
AscendC: [_ZN7AscendC9vcmpvs_geEPhPN7float165Fp16TES2_m] -> (nil)
AscendC: [_ZN7AscendC9vcmpvs_geEPhPN7float165Fp16TES2_htthh] -> (nil)
AscendC: [_ZN7AscendC9vcmpvs_geEPhPN7float165Fp16TES2_htttt] -> 0xffffac598690
AscendC: [_ZN7AscendC9vcmpvs_geEPhPffm] -> (nil)
AscendC: [_ZN7AscendC9vcmpvs_geEPhPffhtthh] -> (nil)
AscendC: [_ZN7AscendC9vcmpvs_geEPhPffhtttt] -> 0xffffac599680
AscendC: [_ZN7AscendC9vcmpvs_gtEPhPN7float165Fp16TES2_m] -> (nil)
AscendC: [_ZN7AscendC9vcmpvs_gtEPhPN7float165Fp16TES2_htthh] -> (nil)
AscendC: [_ZN7AscendC9vcmpvs_gtEPhPN7float165Fp16TES2_htttt] -> 0xffffac598938
AscendC: [_ZN7AscendC9vcmpvs_gtEPhPffm] -> (nil)
AscendC: [_ZN7AscendC9vcmpvs_gtEPhPffhtthh] -> (nil)
AscendC: [_ZN7AscendC9vcmpvs_gtEPhPffhtttt] -> 0xffffac599928
AscendC: [_ZN7AscendC9vcmpvs_leEPhPN7float165Fp16TES2_m] -> (nil)
AscendC: [_ZN7AscendC9vcmpvs_leEPhPN7float165Fp16TES2_htthh] -> (nil)
AscendC: [_ZN7AscendC9vcmpvs_leEPhPN7float165Fp16TES2_htttt] -> 0xffffac598be0
AscendC: [_ZN7AscendC9vcmpvs_leEPhPffm] -> (nil)
AscendC: [_ZN7AscendC9vcmpvs_leEPhPffhtthh] -> (nil)
AscendC: [_ZN7AscendC9vcmpvs_leEPhPffhtttt] -> 0xffffac599bd0
AscendC: [_ZN7AscendC9vcmpvs_ltEPhPN7float165Fp16TES2_m] -> (nil)
AscendC: [_ZN7AscendC9vcmpvs_ltEPhPN7float165Fp16TES2_htthh] -> (nil)
AscendC: [_ZN7AscendC9vcmpvs_ltEPhPN7float165Fp16TES2_htttt] -> 0xffffac598e88
AscendC: [_ZN7AscendC9vcmpvs_ltEPhPffm] -> (nil)
AscendC: [_ZN7AscendC9vcmpvs_ltEPhPffhtthh] -> (nil)
AscendC: [_ZN7AscendC9vcmpvs_ltEPhPffhtttt] -> 0xffffac599e78
AscendC: [_ZN7AscendC9vcmpvs_neEPhPN7float165Fp16TES2_m] -> (nil)
AscendC: [_ZN7AscendC9vcmpvs_neEPhPN7float165Fp16TES2_htthh] -> (nil)
AscendC: [_ZN7AscendC9vcmpvs_neEPhPN7float165Fp16TES2_htttt] -> 0xffffac599130
AscendC: [_ZN7AscendC9vcmpvs_neEPhPffm] -> (nil)
AscendC: [_ZN7AscendC9vcmpvs_neEPhPffhtthh] -> (nil)
AscendC: [_ZN7AscendC9vcmpvs_neEPhPffhtttt] -> 0xffffac59a120
AscendC: [_ZN7AscendC7vconcatEPN7float165Fp16TES2_m] -> (nil)
AscendC: [_ZN7AscendC7vconcatEPN7float165Fp16TES2_hh] -> 0xffffac57cea0
AscendC: [_ZN7AscendC7vconcatEPN7float165Fp16TES2_htthh] -> (nil)
AscendC: [_ZN7AscendC7vconcatEPN7float165Fp16TES2_htthhbb] -> (nil)
AscendC: [_ZN7AscendC7vconcatEPfS0_m] -> (nil)
AscendC: [_ZN7AscendC7vconcatEPfS0_hh] -> 0xffffac57d348
AscendC: [_ZN7AscendC7vconcatEPfS0_htthh] -> (nil)
AscendC: [_ZN7AscendC7vconcatEPfS0_htthhbb] -> (nil)
AscendC: [_ZN7AscendC14vconv_bf162f32EPfPN8bfloat165Bf16TEhtttt] -> 0xffffac5c5cc8
AscendC: [_ZN7AscendC14vconv_bf162f32EPfPN8bfloat165Bf16TEm] -> (nil)
AscendC: [_ZN7AscendC15vconv_bf162s32aEPiPN8bfloat165Bf16TEhtttt] -> 0xffffac5c5ec0
AscendC: [_ZN7AscendC15vconv_bf162s32aEPiPN8bfloat165Bf16TEm] -> (nil)
AscendC: [_ZN7AscendC15vconv_bf162s32cEPiPN8bfloat165Bf16TEhtttt] -> 0xffffac5c60b8
AscendC: [_ZN7AscendC15vconv_bf162s32cEPiPN8bfloat165Bf16TEm] -> (nil)
AscendC: [_ZN7AscendC15vconv_bf162s32fEPiPN8bfloat165Bf16TEhtttt] -> 0xffffac5c62b0
AscendC: [_ZN7AscendC15vconv_bf162s32fEPiPN8bfloat165Bf16TEm] -> (nil)
AscendC: [_ZN7AscendC15vconv_bf162s32rEPiPN8bfloat165Bf16TEhtttt] -> 0xffffac5c64a8
AscendC: [_ZN7AscendC15vconv_bf162s32rEPiPN8bfloat165Bf16TEm] -> (nil)
AscendC: [_ZN7AscendC15vconv_bf162s32zEPiPN8bfloat165Bf16TEhtttt] -> 0xffffac5c66a0
AscendC: [_ZN7AscendC15vconv_bf162s32zEPiPN8bfloat165Bf16TEm] -> (nil)
AscendC: [_ZN7AscendC9vconv_deqEPN7float165Fp16TEPim] -> (nil)
AscendC: [_ZN7AscendC9vconv_deqEPN7float165Fp16TEPihtthh] -> 0xffffac5bacc8
AscendC: [_ZN7AscendC9vconv_deqEPN7float165Fp16TEPihtthhbb] -> (nil)
AscendC: [_ZN7AscendC15vconv_deqs162b8EPaPsmb] -> (nil)
AscendC: [_ZN7AscendC15vconv_deqs162b8EPaPshtthhbbb] -> (nil)
AscendC: [_ZN7AscendC15vconv_deqs162b8EPhPsmb] -> (nil)
AscendC: [_ZN7AscendC15vconv_deqs162b8EPhPshtthhbbb] -> (nil)
AscendC: [_ZN7AscendC16vconv_deqs162b8hEPaPshtthh] -> 0xffffac5bf158
AscendC: [_ZN7AscendC16vconv_deqs162b8hEPaPsm] -> (nil)
AscendC: [_ZN7AscendC16vconv_deqs162b8hEPhPshtthh] -> 0xffffac5bf350
AscendC: [_ZN7AscendC16vconv_deqs162b8hEPhPsm] -> (nil)
AscendC: [_ZN7AscendC16vconv_deqs162b8lEPaPshtthh] -> 0xffffac5bf548
AscendC: [_ZN7AscendC16vconv_deqs162b8lEPaPsm] -> (nil)
AscendC: [_ZN7AscendC16vconv_deqs162b8lEPhPshtthh] -> 0xffffac5bf740
AscendC: [_ZN7AscendC16vconv_deqs162b8lEPhPsm] -> (nil)
AscendC: [_ZN7AscendC13vconv_f162f32EPfPN7float165Fp16TEm] -> (nil)
AscendC: [_ZN7AscendC13vconv_f162f32EPfPN7float165Fp16TEhtthh] -> 0xffffac5baec0
AscendC: [_ZN7AscendC13vconv_f162f32EPfPN7float165Fp16TEhtthhbb] -> (nil)
AscendC: [_ZN7AscendC13vconv_f162f32EPfPN7float165Fp16TEhtttt] -> (nil)
AscendC: [_ZN7AscendC14vconv_f162s16aEPsPN7float165Fp16TEhtttt] -> 0xffffac5c6898
AscendC: [_ZN7AscendC14vconv_f162s16aEPsPN7float165Fp16TEm] -> (nil)
AscendC: [_ZN7AscendC14vconv_f162s16cEPsPN7float165Fp16TEhtttt] -> 0xffffac5c6a88
AscendC: [_ZN7AscendC14vconv_f162s16cEPsPN7float165Fp16TEm] -> (nil)
AscendC: [_ZN7AscendC14vconv_f162s16fEPsPN7float165Fp16TEhtttt] -> 0xffffac5c6c78
AscendC: [_ZN7AscendC14vconv_f162s16fEPsPN7float165Fp16TEm] -> (nil)
AscendC: [_ZN7AscendC14vconv_f162s16rEPsPN7float165Fp16TEm] -> (nil)
AscendC: [_ZN7AscendC14vconv_f162s16rEPsPN7float165Fp16TEhtthhbb] -> (nil)
AscendC: [_ZN7AscendC14vconv_f162s16rEPsPN7float165Fp16TEhtttt] -> 0xffffac5c6e68
AscendC: [_ZN7AscendC14vconv_f162s16zEPsPN7float165Fp16TEhtttt] -> 0xffffac5c7058
AscendC: [_ZN7AscendC14vconv_f162s16zEPsPN7float165Fp16TEm] -> (nil)
AscendC: [_ZN7AscendC14vconv_f162s32aEPiPN7float165Fp16TEm] -> (nil)
AscendC: [_ZN7AscendC14vconv_f162s32aEPiPN7float165Fp16TEhtthh] -> 0xffffac5bb0b8
AscendC: [_ZN7AscendC14vconv_f162s32aEPiPN7float165Fp16TEhtthhbb] -> (nil)
AscendC: [_ZN7AscendC14vconv_f162s32aEPiPN7float165Fp16TEhtttt] -> (nil)
AscendC: [_ZN7AscendC14vconv_f162s32cEPiPN7float165Fp16TEm] -> (nil)
AscendC: [_ZN7AscendC14vconv_f162s32cEPiPN7float165Fp16TEhtthh] -> 0xffffac5bb2b0
AscendC: [_ZN7AscendC14vconv_f162s32cEPiPN7float165Fp16TEhtthhbb] -> (nil)
AscendC: [_ZN7AscendC14vconv_f162s32cEPiPN7float165Fp16TEhtttt] -> (nil)
AscendC: [_ZN7AscendC14vconv_f162s32fEPiPN7float165Fp16TEm] -> (nil)
AscendC: [_ZN7AscendC14vconv_f162s32fEPiPN7float165Fp16TEhtthh] -> 0xffffac5bb4a8
AscendC: [_ZN7AscendC14vconv_f162s32fEPiPN7float165Fp16TEhtthhbb] -> (nil)
AscendC: [_ZN7AscendC14vconv_f162s32fEPiPN7float165Fp16TEhtttt] -> (nil)
AscendC: [_ZN7AscendC14vconv_f162s32rEPiPN7float165Fp16TEm] -> (nil)
AscendC: [_ZN7AscendC14vconv_f162s32rEPiPN7float165Fp16TEhtthh] -> 0xffffac5bb6a0
AscendC: [_ZN7AscendC14vconv_f162s32rEPiPN7float165Fp16TEhtthhbb] -> (nil)
AscendC: [_ZN7AscendC14vconv_f162s32rEPiPN7float165Fp16TEhtttt] -> (nil)
AscendC: [_ZN7AscendC14vconv_f162s32zEPiPN7float165Fp16TEm] -> (nil)
AscendC: [_ZN7AscendC14vconv_f162s32zEPiPN7float165Fp16TEhtthh] -> 0xffffac5bb898
AscendC: [_ZN7AscendC14vconv_f162s32zEPiPN7float165Fp16TEhtthhbb] -> (nil)
AscendC: [_ZN7AscendC14vconv_f162s32zEPiPN7float165Fp16TEhtttt] -> (nil)
AscendC: [_ZN7AscendC12vconv_f162s4EPvPN7float165Fp16TEm] -> (nil)
AscendC: [_ZN7AscendC12vconv_f162s4EPvPN7float165Fp16TEhtthhbb] -> (nil)
AscendC: [_ZN7AscendC12vconv_f162s4EPvPN7float165Fp16TEhtttt] -> 0xffffac5c8b90
AscendC: [_ZN7AscendC13vconv_f162s4aEPvPN7float165Fp16TEhtttt] -> 0xffffac5c8d68
AscendC: [_ZN7AscendC13vconv_f162s4aEPvPN7float165Fp16TEm] -> (nil)
AscendC: [_ZN7AscendC13vconv_f162s4cEPvPN7float165Fp16TEhtttt] -> 0xffffac5c8f40
AscendC: [_ZN7AscendC13vconv_f162s4cEPvPN7float165Fp16TEm] -> (nil)
AscendC: [_ZN7AscendC13vconv_f162s4fEPvPN7float165Fp16TEhtttt] -> 0xffffac5c9118
AscendC: [_ZN7AscendC13vconv_f162s4fEPvPN7float165Fp16TEm] -> (nil)
AscendC: [_ZN7AscendC13vconv_f162s4rEPvPN7float165Fp16TEhtttt] -> 0xffffac5c92f0
AscendC: [_ZN7AscendC13vconv_f162s4rEPvPN7float165Fp16TEm] -> (nil)
AscendC: [_ZN7AscendC13vconv_f162s4zEPvPN7float165Fp16TEhtttt] -> 0xffffac5c94c8
AscendC: [_ZN7AscendC13vconv_f162s4zEPvPN7float165Fp16TEm] -> (nil)
AscendC: [_ZN7AscendC12vconv_f162s8EPaPN7float165Fp16TEm] -> (nil)
AscendC: [_ZN7AscendC12vconv_f162s8EPaPN7float165Fp16TEhtthh] -> 0xffffac5bba90
AscendC: [_ZN7AscendC12vconv_f162s8EPaPN7float165Fp16TEhtthhbb] -> (nil)
AscendC: [_ZN7AscendC12vconv_f162s8EPaPN7float165Fp16TEhtttt] -> (nil)
AscendC: [_ZN7AscendC13vconv_f162s8aEPaPN7float165Fp16TEm] -> (nil)
AscendC: [_ZN7AscendC13vconv_f162s8aEPaPN7float165Fp16TEhtthh] -> 0xffffac5bbc88
AscendC: [_ZN7AscendC13vconv_f162s8aEPaPN7float165Fp16TEhtthhbb] -> (nil)
AscendC: [_ZN7AscendC13vconv_f162s8aEPaPN7float165Fp16TEhtttt] -> (nil)
AscendC: [_ZN7AscendC13vconv_f162s8cEPaPN7float165Fp16TEm] -> (nil)
AscendC: [_ZN7AscendC13vconv_f162s8cEPaPN7float165Fp16TEhtthh] -> 0xffffac5bbe80
AscendC: [_ZN7AscendC13vconv_f162s8cEPaPN7float165Fp16TEhtthhbb] -> (nil)
AscendC: [_ZN7AscendC13vconv_f162s8cEPaPN7float165Fp16TEhtttt] -> (nil)
AscendC: [_ZN7AscendC13vconv_f162s8fEPaPN7float165Fp16TEm] -> (nil)
AscendC: [_ZN7AscendC13vconv_f162s8fEPaPN7float165Fp16TEhtthh] -> 0xffffac5bc078
AscendC: [_ZN7AscendC13vconv_f162s8fEPaPN7float165Fp16TEhtthhbb] -> (nil)
AscendC: [_ZN7AscendC13vconv_f162s8fEPaPN7float165Fp16TEhtttt] -> (nil)
AscendC: [_ZN7AscendC13vconv_f162s8rEPaPN7float165Fp16TEhtttt] -> 0xffffac5c0118
AscendC: [_ZN7AscendC13vconv_f162s8rEPaPN7float165Fp16TEm] -> (nil)
AscendC: [_ZN7AscendC13vconv_f162s8zEPaPN7float165Fp16TEm] -> (nil)
AscendC: [_ZN7AscendC13vconv_f162s8zEPaPN7float165Fp16TEhtthh] -> 0xffffac5bc270
AscendC: [_ZN7AscendC13vconv_f162s8zEPaPN7float165Fp16TEhtthhbb] -> (nil)
AscendC: [_ZN7AscendC13vconv_f162s8zEPaPN7float165Fp16TEhtttt] -> (nil)
AscendC: [_ZN7AscendC12vconv_f162u8EPhPN7float165Fp16TEm] -> (nil)
AscendC: [_ZN7AscendC12vconv_f162u8EPhPN7float165Fp16TEhtthh] -> 0xffffac5bc468
AscendC: [_ZN7AscendC12vconv_f162u8EPhPN7float165Fp16TEhtthhbb] -> (nil)
AscendC: [_ZN7AscendC12vconv_f162u8EPhPN7float165Fp16TEhtttt] -> (nil)
AscendC: [_ZN7AscendC13vconv_f162u8aEPhPN7float165Fp16TEm] -> (nil)
AscendC: [_ZN7AscendC13vconv_f162u8aEPhPN7float165Fp16TEhtthh] -> 0xffffac5bc660
AscendC: [_ZN7AscendC13vconv_f162u8aEPhPN7float165Fp16TEhtthhbb] -> (nil)
AscendC: [_ZN7AscendC13vconv_f162u8aEPhPN7float165Fp16TEhtttt] -> (nil)
AscendC: [_ZN7AscendC13vconv_f162u8cEPhPN7float165Fp16TEm] -> (nil)
AscendC: [_ZN7AscendC13vconv_f162u8cEPhPN7float165Fp16TEhtthh] -> 0xffffac5bc858
AscendC: [_ZN7AscendC13vconv_f162u8cEPhPN7float165Fp16TEhtthhbb] -> (nil)
AscendC: [_ZN7AscendC13vconv_f162u8cEPhPN7float165Fp16TEhtttt] -> (nil)
AscendC: [_ZN7AscendC13vconv_f162u8fEPhPN7float165Fp16TEm] -> (nil)
AscendC: [_ZN7AscendC13vconv_f162u8fEPhPN7float165Fp16TEhtthh] -> 0xffffac5bca50
AscendC: [_ZN7AscendC13vconv_f162u8fEPhPN7float165Fp16TEhtthhbb] -> (nil)
AscendC: [_ZN7AscendC13vconv_f162u8fEPhPN7float165Fp16TEhtttt] -> (nil)
AscendC: [_ZN7AscendC13vconv_f162u8rEPhPN7float165Fp16TEhtttt] -> 0xffffac5c0310
AscendC: [_ZN7AscendC13vconv_f162u8rEPhPN7float165Fp16TEm] -> (nil)
AscendC: [_ZN7AscendC13vconv_f162u8zEPhPN7float165Fp16TEm] -> (nil)
AscendC: [_ZN7AscendC13vconv_f162u8zEPhPN7float165Fp16TEhtthh] -> 0xffffac5bcc48
AscendC: [_ZN7AscendC13vconv_f162u8zEPhPN7float165Fp16TEhtthhbb] -> (nil)
AscendC: [_ZN7AscendC13vconv_f162u8zEPhPN7float165Fp16TEhtttt] -> (nil)
AscendC: [_ZN7AscendC15vconv_f322bf16aEPN8bfloat165Bf16TEPfhtttt] -> 0xffffac5c4918
AscendC: [_ZN7AscendC15vconv_f322bf16aEPN8bfloat165Bf16TEPfm] -> (nil)
AscendC: [_ZN7AscendC15vconv_f322bf16cEPN8bfloat165Bf16TEPfhtttt] -> 0xffffac5c4b10
AscendC: [_ZN7AscendC15vconv_f322bf16cEPN8bfloat165Bf16TEPfm] -> (nil)
AscendC: [_ZN7AscendC15vconv_f322bf16fEPN8bfloat165Bf16TEPfhtttt] -> 0xffffac5c4d08
AscendC: [_ZN7AscendC15vconv_f322bf16fEPN8bfloat165Bf16TEPfm] -> (nil)
AscendC: [_ZN7AscendC15vconv_f322bf16rEPN8bfloat165Bf16TEPfhtttt] -> 0xffffac5c4f00
AscendC: [_ZN7AscendC15vconv_f322bf16rEPN8bfloat165Bf16TEPfm] -> (nil)
AscendC: [_ZN7AscendC15vconv_f322bf16zEPN8bfloat165Bf16TEPfhtttt] -> 0xffffac5c50f8
AscendC: [_ZN7AscendC15vconv_f322bf16zEPN8bfloat165Bf16TEPfm] -> (nil)
AscendC: [_ZN7AscendC13vconv_f322f16EPN7float165Fp16TEPfm] -> (nil)
AscendC: [_ZN7AscendC13vconv_f322f16EPN7float165Fp16TEPfhtthh] -> 0xffffac5bce40
AscendC: [_ZN7AscendC13vconv_f322f16EPN7float165Fp16TEPfhtthhbb] -> (nil)
AscendC: [_ZN7AscendC13vconv_f322f16EPN7float165Fp16TEPfhtttt] -> (nil)
AscendC: [_ZN7AscendC14vconv_f322f16aEPN7float165Fp16TEPfhtttt] -> 0xffffac5c0508
AscendC: [_ZN7AscendC14vconv_f322f16aEPN7float165Fp16TEPfm] -> (nil)
AscendC: [_ZN7AscendC14vconv_f322f16cEPN7float165Fp16TEPfhtttt] -> 0xffffac5c0700
AscendC: [_ZN7AscendC14vconv_f322f16cEPN7float165Fp16TEPfm] -> (nil)
AscendC: [_ZN7AscendC14vconv_f322f16fEPN7float165Fp16TEPfhtttt] -> 0xffffac5c08f8
AscendC: [_ZN7AscendC14vconv_f322f16fEPN7float165Fp16TEPfm] -> (nil)
AscendC: [_ZN7AscendC14vconv_f322f16oEPN7float165Fp16TEPfm] -> (nil)
AscendC: [_ZN7AscendC14vconv_f322f16oEPN7float165Fp16TEPfhtthh] -> 0xffffac5bd038
AscendC: [_ZN7AscendC14vconv_f322f16oEPN7float165Fp16TEPfhtthhbb] -> (nil)
AscendC: [_ZN7AscendC14vconv_f322f16oEPN7float165Fp16TEPfhtttt] -> (nil)
AscendC: [_ZN7AscendC14vconv_f322f16rEPN7float165Fp16TEPfhtttt] -> 0xffffac5c0af0
AscendC: [_ZN7AscendC14vconv_f322f16rEPN7float165Fp16TEPfm] -> (nil)
AscendC: [_ZN7AscendC14vconv_f322f16zEPN7float165Fp16TEPfhtttt] -> 0xffffac5c0ce8
AscendC: [_ZN7AscendC14vconv_f322f16zEPN7float165Fp16TEPfm] -> (nil)
AscendC: [_ZN7AscendC14vconv_f322f32aEPfS0_htttt] -> 0xffffac5c3f90
AscendC: [_ZN7AscendC14vconv_f322f32aEPfS0_m] -> (nil)
AscendC: [_ZN7AscendC14vconv_f322f32cEPfS0_htttt] -> 0xffffac5c4178
AscendC: [_ZN7AscendC14vconv_f322f32cEPfS0_m] -> (nil)
AscendC: [_ZN7AscendC14vconv_f322f32fEPfS0_htttt] -> 0xffffac5c4360
AscendC: [_ZN7AscendC14vconv_f322f32fEPfS0_m] -> (nil)
AscendC: [_ZN7AscendC14vconv_f322f32rEPfS0_htttt] -> 0xffffac5c4548
AscendC: [_ZN7AscendC14vconv_f322f32rEPfS0_m] -> (nil)
AscendC: [_ZN7AscendC14vconv_f322f32zEPfS0_htttt] -> 0xffffac5c4730
AscendC: [_ZN7AscendC14vconv_f322f32zEPfS0_m] -> (nil)
AscendC: [_ZN7AscendC14vconv_f322s16aEPsPfhtttt] -> 0xffffac5c0ee0
AscendC: [_ZN7AscendC14vconv_f322s16aEPsPfm] -> (nil)
AscendC: [_ZN7AscendC14vconv_f322s16cEPsPfhtttt] -> 0xffffac5c10d8
AscendC: [_ZN7AscendC14vconv_f322s16cEPsPfm] -> (nil)
AscendC: [_ZN7AscendC14vconv_f322s16fEPsPfhtttt] -> 0xffffac5c12d0
AscendC: [_ZN7AscendC14vconv_f322s16fEPsPfm] -> (nil)
AscendC: [_ZN7AscendC14vconv_f322s16rEPsPfm] -> (nil)
AscendC: [_ZN7AscendC14vconv_f322s16rEPsPfhtthh] -> 0xffffac5bd230
AscendC: [_ZN7AscendC14vconv_f322s16rEPsPfhtthhbb] -> (nil)
AscendC: [_ZN7AscendC14vconv_f322s16rEPsPfhtttt] -> 0xffffac5c14c8
AscendC: [_ZN7AscendC14vconv_f322s16zEPsPfm] -> (nil)
AscendC: [_ZN7AscendC14vconv_f322s16zEPsPfhtthh] -> 0xffffac5bd428
AscendC: [_ZN7AscendC14vconv_f322s16zEPsPfhtthhbb] -> (nil)
AscendC: [_ZN7AscendC14vconv_f322s16zEPsPfhtttt] -> 0xffffac5c16c0
AscendC: [_ZN7AscendC14vconv_f322s32aEPiPfm] -> (nil)
AscendC: [_ZN7AscendC14vconv_f322s32aEPiPfhtthh] -> 0xffffac5bd620
AscendC: [_ZN7AscendC14vconv_f322s32aEPiPfhtthhbb] -> (nil)
AscendC: [_ZN7AscendC14vconv_f322s32aEPiPfhtttt] -> 0xffffac5c18b8
AscendC: [_ZN7AscendC14vconv_f322s32cEPiPfm] -> (nil)
AscendC: [_ZN7AscendC14vconv_f322s32cEPiPfhtthh] -> 0xffffac5bd810
AscendC: [_ZN7AscendC14vconv_f322s32cEPiPfhtthhbb] -> (nil)
AscendC: [_ZN7AscendC14vconv_f322s32cEPiPfhtttt] -> 0xffffac5c1aa8
AscendC: [_ZN7AscendC14vconv_f322s32fEPiPfm] -> (nil)
AscendC: [_ZN7AscendC14vconv_f322s32fEPiPfhtthh] -> 0xffffac5bda00
AscendC: [_ZN7AscendC14vconv_f322s32fEPiPfhtthhbb] -> (nil)
AscendC: [_ZN7AscendC14vconv_f322s32fEPiPfhtttt] -> 0xffffac5c1c98
AscendC: [_ZN7AscendC14vconv_f322s32rEPiPfm] -> (nil)
AscendC: [_ZN7AscendC14vconv_f322s32rEPiPfhtthh] -> 0xffffac5bdbf0
AscendC: [_ZN7AscendC14vconv_f322s32rEPiPfhtthhbb] -> (nil)
AscendC: [_ZN7AscendC14vconv_f322s32rEPiPfhtttt] -> 0xffffac5c1e88
AscendC: [_ZN7AscendC14vconv_f322s32zEPiPfm] -> (nil)
AscendC: [_ZN7AscendC14vconv_f322s32zEPiPfhtthh] -> 0xffffac5bdde0
AscendC: [_ZN7AscendC14vconv_f322s32zEPiPfhtthhbb] -> (nil)
AscendC: [_ZN7AscendC14vconv_f322s32zEPiPfhtttt] -> 0xffffac5c2078
AscendC: [_ZN7AscendC14vconv_f322s64aEPlPfhtttt] -> 0xffffac5c52f0
AscendC: [_ZN7AscendC14vconv_f322s64aEPlPfm] -> (nil)
AscendC: [_ZN7AscendC14vconv_f322s64cEPlPfhtttt] -> 0xffffac5c54e8
AscendC: [_ZN7AscendC14vconv_f322s64cEPlPfm] -> (nil)
AscendC: [_ZN7AscendC14vconv_f322s64fEPlPfhtttt] -> 0xffffac5c56e0
AscendC: [_ZN7AscendC14vconv_f322s64fEPlPfm] -> (nil)
AscendC: [_ZN7AscendC14vconv_f322s64rEPlPfhtttt] -> 0xffffac5c58d8
AscendC: [_ZN7AscendC14vconv_f322s64rEPlPfm] -> (nil)
AscendC: [_ZN7AscendC14vconv_f322s64zEPlPfhtttt] -> 0xffffac5c5ad0
AscendC: [_ZN7AscendC14vconv_f322s64zEPlPfm] -> (nil)
AscendC: [_ZN7AscendC13vconv_s162f16EPN7float165Fp16TEPsm] -> (nil)
AscendC: [_ZN7AscendC13vconv_s162f16EPN7float165Fp16TEPshtthhbb] -> (nil)
AscendC: [_ZN7AscendC13vconv_s162f16EPN7float165Fp16TEPshtttt] -> 0xffffac5c2268
AscendC: [_ZN7AscendC14vconv_s162f16aEPN7float165Fp16TEPshtttt] -> 0xffffac5c2458
AscendC: [_ZN7AscendC14vconv_s162f16aEPN7float165Fp16TEPsm] -> (nil)
AscendC: [_ZN7AscendC14vconv_s162f16cEPN7float165Fp16TEPshtttt] -> 0xffffac5c2648
AscendC: [_ZN7AscendC14vconv_s162f16cEPN7float165Fp16TEPsm] -> (nil)
AscendC: [_ZN7AscendC14vconv_s162f16fEPN7float165Fp16TEPshtttt] -> 0xffffac5c2838
AscendC: [_ZN7AscendC14vconv_s162f16fEPN7float165Fp16TEPsm] -> (nil)
AscendC: [_ZN7AscendC14vconv_s162f16rEPN7float165Fp16TEPshtttt] -> 0xffffac5c2a28
AscendC: [_ZN7AscendC14vconv_s162f16rEPN7float165Fp16TEPsm] -> (nil)
AscendC: [_ZN7AscendC14vconv_s162f16zEPN7float165Fp16TEPshtttt] -> 0xffffac5c2c18
AscendC: [_ZN7AscendC14vconv_s162f16zEPN7float165Fp16TEPsm] -> (nil)
AscendC: [_ZN7AscendC13vconv_s162f32EPfPsm] -> (nil)
AscendC: [_ZN7AscendC13vconv_s162f32EPfPshtthhbb] -> (nil)
AscendC: [_ZN7AscendC13vconv_s162f32EPfPshtttt] -> 0xffffac5c2e08
AscendC: [_ZN7AscendC13vconv_s322f32EPfPim] -> (nil)
AscendC: [_ZN7AscendC13vconv_s322f32EPfPihtthh] -> 0xffffac5be1c8
AscendC: [_ZN7AscendC13vconv_s322f32EPfPihtthhbb] -> (nil)
AscendC: [_ZN7AscendC13vconv_s322f32EPfPihtttt] -> 0xffffac5c3000
AscendC: [_ZN7AscendC14vconv_s322f32aEPfPihtttt] -> 0xffffac5c31f0
AscendC: [_ZN7AscendC14vconv_s322f32aEPfPim] -> (nil)
AscendC: [_ZN7AscendC14vconv_s322f32cEPfPihtttt] -> 0xffffac5c33e0
AscendC: [_ZN7AscendC14vconv_s322f32cEPfPim] -> (nil)
AscendC: [_ZN7AscendC14vconv_s322f32fEPfPihtttt] -> 0xffffac5c35d0
AscendC: [_ZN7AscendC14vconv_s322f32fEPfPim] -> (nil)
AscendC: [_ZN7AscendC14vconv_s322f32rEPfPihtttt] -> 0xffffac5c37c0
AscendC: [_ZN7AscendC14vconv_s322f32rEPfPim] -> (nil)
AscendC: [_ZN7AscendC14vconv_s322f32zEPfPihtttt] -> 0xffffac5c39b0
AscendC: [_ZN7AscendC14vconv_s322f32zEPfPim] -> (nil)
AscendC: [_ZN7AscendC13vconv_s322s16EPsPihtttt] -> 0xffffac5c7248
AscendC: [_ZN7AscendC13vconv_s322s16EPsPim] -> (nil)
AscendC: [_ZN7AscendC13vconv_s322s64EPlPihtttt] -> 0xffffac5c7440
AscendC: [_ZN7AscendC13vconv_s322s64EPlPim] -> (nil)
AscendC: [_ZN7AscendC12vconv_s42f16EPN7float165Fp16TEPvhtthh] -> 0xffffac5c89b8
AscendC: [_ZN7AscendC12vconv_s42f16EPN7float165Fp16TEPvm] -> (nil)
AscendC: [_ZN7AscendC14vconv_s642f32aEPfPlhtttt] -> 0xffffac5c7638
AscendC: [_ZN7AscendC14vconv_s642f32aEPfPlm] -> (nil)
AscendC: [_ZN7AscendC14vconv_s642f32cEPfPlhtttt] -> 0xffffac5c7830
AscendC: [_ZN7AscendC14vconv_s642f32cEPfPlm] -> (nil)
AscendC: [_ZN7AscendC14vconv_s642f32fEPfPlhtttt] -> 0xffffac5c7a28
AscendC: [_ZN7AscendC14vconv_s642f32fEPfPlm] -> (nil)
AscendC: [_ZN7AscendC14vconv_s642f32rEPfPlhtttt] -> 0xffffac5c7c20
AscendC: [_ZN7AscendC14vconv_s642f32rEPfPlm] -> (nil)
AscendC: [_ZN7AscendC14vconv_s642f32zEPfPlhtttt] -> 0xffffac5c7e18
AscendC: [_ZN7AscendC14vconv_s642f32zEPfPlm] -> (nil)
AscendC: [_ZN7AscendC13vconv_s642s32EPiPlhtttt] -> 0xffffac5c8010
AscendC: [_ZN7AscendC13vconv_s642s32EPiPlm] -> (nil)
AscendC: [_ZN7AscendC12vconv_s82f16EPN7float165Fp16TEPam] -> (nil)
AscendC: [_ZN7AscendC12vconv_s82f16EPN7float165Fp16TEPahtthh] -> 0xffffac5bed68
AscendC: [_ZN7AscendC12vconv_s82f16EPN7float165Fp16TEPahtthhbb] -> (nil)
AscendC: [_ZN7AscendC12vconv_s82f16EPN7float165Fp16TEPahtttt] -> 0xffffac5c3ba0
AscendC: [_ZN7AscendC12vconv_u82f16EPN7float165Fp16TEPhm] -> (nil)
AscendC: [_ZN7AscendC12vconv_u82f16EPN7float165Fp16TEPhhtthh] -> 0xffffac5bef60
AscendC: [_ZN7AscendC12vconv_u82f16EPN7float165Fp16TEPhhtthhbb] -> (nil)
AscendC: [_ZN7AscendC12vconv_u82f16EPN7float165Fp16TEPhhtttt] -> 0xffffac5c3d98
AscendC: [_ZN7AscendC16vconv_vdeqs162b8EPaPsmb] -> (nil)
AscendC: [_ZN7AscendC16vconv_vdeqs162b8EPaPshtthhbbb] -> (nil)
AscendC: [_ZN7AscendC16vconv_vdeqs162b8EPhPsmb] -> (nil)
AscendC: [_ZN7AscendC16vconv_vdeqs162b8EPhPshtthhbbb] -> (nil)
AscendC: [_ZN7AscendC17vconv_vdeqs162b8hEPaPshtthh] -> 0xffffac5bf938
AscendC: [_ZN7AscendC17vconv_vdeqs162b8hEPaPsm] -> (nil)
AscendC: [_ZN7AscendC17vconv_vdeqs162b8hEPhPshtthh] -> 0xffffac5bfb30
AscendC: [_ZN7AscendC17vconv_vdeqs162b8hEPhPsm] -> (nil)
AscendC: [_ZN7AscendC17vconv_vdeqs162b8lEPaPshtthh] -> 0xffffac5bfd28
AscendC: [_ZN7AscendC17vconv_vdeqs162b8lEPaPsm] -> (nil)
AscendC: [_ZN7AscendC17vconv_vdeqs162b8lEPhPshtthh] -> 0xffffac5bff20
AscendC: [_ZN7AscendC17vconv_vdeqs162b8lEPhPsm] -> (nil)
AscendC: [_ZN7AscendC4vcvtERA128_N7float165Fp16TEPhh7Literal] -> (nil)
AscendC: [_ZN7AscendC4vcvtERA128_N7float165Fp16TEPah7Literal] -> (nil)
AscendC: [_ZN7AscendC4vcvtERA64_fPN7float165Fp16TEh7Literal] -> (nil)
AscendC: [_ZN7AscendC4vcvtERA64_iPN7float165Fp16TEh7LiteralS5_] -> (nil)
AscendC: [_ZN7AscendC4vcvtERA64_fPN8bfloat165Bf16TEh7Literal] -> (nil)
AscendC: [_ZN7AscendC4vcvtERA64_iPN8bfloat165Bf16TEh7LiteralS5_S5_] -> (nil)
AscendC: [_ZN7AscendC4vcvtERA64_fPsh7Literal] -> (nil)
AscendC: [_ZN7AscendC4vcvtERA32_lPfh7LiteralS3_S3_] -> (nil)
AscendC: [_ZN7AscendC4vcvtERA32_lPih7Literal] -> (nil)
AscendC: [_ZN7AscendC4vcvtERA256_hPN7float165Fp16TEh7LiteralS5_S5_] -> (nil)
AscendC: [_ZN7AscendC4vcvtERA256_aPN7float165Fp16TEh7LiteralS5_S5_] -> (nil)
AscendC: [_ZN7AscendC4vcvtERA128_N7float165Fp16TEPfh7LiteralS5_S5_] -> (nil)
AscendC: [_ZN7AscendC4vcvtERA128_N8bfloat165Bf16TEPfh7LiteralS5_S5_] -> (nil)
AscendC: [_ZN7AscendC4vcvtERA128_sPfh7LiteralS3_S3_] -> (nil)
AscendC: [_ZN7AscendC4vcvtERA128_sPih7LiteralS3_] -> (nil)
AscendC: [_ZN7AscendC4vcvtERA64_iPlh7LiteralS3_] -> (nil)
AscendC: [_ZN7AscendC4vcvtERA64_fPlh7LiteralS3_] -> (nil)
AscendC: [_ZN7AscendC4vcvtERA128_sPN7float165Fp16TEh7LiteralS5_] -> (nil)
AscendC: [_ZN7AscendC4vcvtERA128_N7float165Fp16TEPsh7Literal] -> (nil)
AscendC: [_ZN7AscendC4vcvtERA64_iPfh7LiteralS3_] -> (nil)
AscendC: [_ZN7AscendC4vcvtERA64_fPih7Literal] -> (nil)
AscendC: [_ZN7AscendC4vtrcERA64_fPf7Literalh] -> (nil)
AscendC: [_ZN7AscendC5vcopyEPsS0_m] -> (nil)
AscendC: [_ZN7AscendC5vcopyEPsS0_htttt] -> 0xffffac50ff50
AscendC: [_ZN7AscendC5vcopyEPiS0_m] -> (nil)
AscendC: [_ZN7AscendC5vcopyEPiS0_htttt] -> 0xffffac50fbc0
AscendC: [_ZN7AscendC5vcopyEPtS0_m] -> (nil)
AscendC: [_ZN7AscendC5vcopyEPtS0_htttt] -> 0xffffac50fd88
AscendC: [_ZN7AscendC5vcopyEPjS0_m] -> (nil)
AscendC: [_ZN7AscendC5vcopyEPjS0_htttt] -> 0xffffac510118
AscendC: [_ZN7AscendC6vcpaddEPN7float165Fp16TES2_m] -> (nil)
AscendC: [_ZN7AscendC6vcpaddEPN7float165Fp16TES2_httt] -> 0xffffac5ac1e8
AscendC: [_ZN7AscendC6vcpaddEPN7float165Fp16TES2_htttbb] -> (nil)
AscendC: [_ZN7AscendC6vcpaddEPfS0_m] -> (nil)
AscendC: [_ZN7AscendC6vcpaddEPfS0_httt] -> 0xffffac5abac8
AscendC: [_ZN7AscendC6vcpaddEPfS0_htttbb] -> (nil)
AscendC: [_ZN7AscendC4vdivEPN7float165Fp16TES2_S2_m] -> (nil)
AscendC: [_ZN7AscendC4vdivEPN7float165Fp16TES2_S2_hhhhhhh] -> 0xffffac584550
AscendC: [_ZN7AscendC4vdivEPN7float165Fp16TES2_S2_hhhhhhhbb] -> (nil)
AscendC: [_ZN7AscendC4vdivEPfS0_S0_m] -> (nil)
AscendC: [_ZN7AscendC4vdivEPfS0_S0_hhhhhhh] -> 0xffffac582e40
AscendC: [_ZN7AscendC4vdivEPfS0_S0_hhhhhhhbb] -> (nil)
AscendC: [_ZN7AscendC3vdpEPsS0_S0_m] -> (nil)
AscendC: [_ZN7AscendC3vdpEPsS0_S0_thttbbb] -> (nil)
AscendC: [_ZN7AscendC10vector_dupEPN7float165Fp16TES1_m] -> (nil)
AscendC: [_ZN7AscendC10vector_dupEPN7float165Fp16TES1_htthh] -> 0xffffac59e9a0
AscendC: [_ZN7AscendC10vector_dupEPN7float165Fp16TES1_htthhbb] -> (nil)
AscendC: [_ZN7AscendC10vector_dupEPN7float165Fp16TES1_htttt] -> (nil)
AscendC: [_ZN7AscendC10vector_dupEPffm] -> (nil)
AscendC: [_ZN7AscendC10vector_dupEPffhtthh] -> 0xffffac59f5e0
AscendC: [_ZN7AscendC10vector_dupEPffhtthhbb] -> (nil)
AscendC: [_ZN7AscendC10vector_dupEPffhtttt] -> (nil)
AscendC: [_ZN7AscendC10vector_dupEPssm] -> (nil)
AscendC: [_ZN7AscendC10vector_dupEPsshtthh] -> 0xffffac59f370
AscendC: [_ZN7AscendC10vector_dupEPsshtthhbb] -> (nil)
AscendC: [_ZN7AscendC10vector_dupEPsshtttt] -> (nil)
AscendC: [_ZN7AscendC10vector_dupEPiim] -> (nil)
AscendC: [_ZN7AscendC10vector_dupEPiihtthh] -> 0xffffac59ee90
AscendC: [_ZN7AscendC10vector_dupEPiihtthhbb] -> (nil)
AscendC: [_ZN7AscendC10vector_dupEPiihtttt] -> (nil)
AscendC: [_ZN7AscendC10vector_dupEPttm] -> (nil)
AscendC: [_ZN7AscendC10vector_dupEPtthtthh] -> 0xffffac59ec20
AscendC: [_ZN7AscendC10vector_dupEPtthtthhbb] -> (nil)
AscendC: [_ZN7AscendC10vector_dupEPtthtttt] -> (nil)
AscendC: [_ZN7AscendC10vector_dupEPjjm] -> (nil)
AscendC: [_ZN7AscendC10vector_dupEPjjhtthh] -> 0xffffac59f100
AscendC: [_ZN7AscendC10vector_dupEPjjhtthhbb] -> (nil)
AscendC: [_ZN7AscendC10vector_dupEPjjhtttt] -> (nil)
AscendC: [_ZN7AscendC10vector_dupEPN8bfloat165Bf16TES1_m] -> (nil)
AscendC: [_ZN7AscendC10vector_dupEPN8bfloat165Bf16TES1_htthh] -> 0xffffac59f850
AscendC: [_ZN7AscendC4vexpEPN7float165Fp16TES2_m] -> (nil)
AscendC: [_ZN7AscendC4vexpEPN7float165Fp16TES2_htthh] -> 0xffffac5b5518
AscendC: [_ZN7AscendC4vexpEPN7float165Fp16TES2_htthhbb] -> 0xffffac5b57b0
AscendC: [_ZN7AscendC4vexpEPN7float165Fp16TES2_htttt] -> (nil)
AscendC: [_ZN7AscendC4vexpEPfS0_m] -> (nil)
AscendC: [_ZN7AscendC4vexpEPfS0_htthh] -> 0xffffac5b5a58
AscendC: [_ZN7AscendC4vexpEPfS0_htthhbb] -> 0xffffac5b5cf0
AscendC: [_ZN7AscendC4vexpEPfS0_htttt] -> (nil)
AscendC: [_ZN7AscendC8vextractEPN7float165Fp16TES2_m] -> (nil)
AscendC: [_ZN7AscendC8vextractEPN7float165Fp16TES2_hh] -> 0xffffac57d030
AscendC: [_ZN7AscendC8vextractEPN7float165Fp16TES2_htthh] -> (nil)
AscendC: [_ZN7AscendC8vextractEPN7float165Fp16TES2_htthhbb] -> (nil)
AscendC: [_ZN7AscendC8vextractEPfS0_m] -> (nil)
AscendC: [_ZN7AscendC8vextractEPfS0_hh] -> 0xffffac57d4d8
AscendC: [_ZN7AscendC8vextractEPfS0_htthh] -> (nil)
AscendC: [_ZN7AscendC8vextractEPfS0_htthhbb] -> (nil)
AscendC: [_ZN7AscendC7vgatherEPtPjm] -> (nil)
AscendC: [_ZN7AscendC7vgatherEPtPjjb] -> (nil)
AscendC: [_ZN7AscendC7vgatherEPtPjjth] -> 0xffffac5a6010
AscendC: [_ZN7AscendC7vgatherEPjS0_m] -> (nil)
AscendC: [_ZN7AscendC7vgatherEPjS0_jb] -> (nil)
AscendC: [_ZN7AscendC7vgatherEPjS0_jth] -> 0xffffac5a6260
AscendC: [_ZN7AscendC8vgatherbEPtPjm] -> (nil)
AscendC: [_ZN7AscendC8vgatherbEPtPjjthh] -> 0xffffac5a5b68
AscendC: [_ZN7AscendC8vgatherbEPjS0_m] -> (nil)
AscendC: [_ZN7AscendC8vgatherbEPjS0_jthh] -> 0xffffac5a5db8
AscendC: [_ZN7AscendC4viouEPN7float165Fp16TES2_S2_m] -> (nil)
AscendC: [_ZN7AscendC4viouEPN7float165Fp16TES2_S2_hhhhhhh] -> (nil)
AscendC: [_ZN7AscendC4viouEPN7float165Fp16TES2_S2_hhhhhhhbb] -> (nil)
AscendC: [_ZN7AscendC4viouEPfS0_S0_m] -> (nil)
AscendC: [_ZN7AscendC4viouEPfS0_S0_hhhhhhh] -> (nil)
AscendC: [_ZN7AscendC4viouEPfS0_S0_hhhhhhhbb] -> (nil)
AscendC: [_ZN7AscendC10vld_va_regE10ub_addr8_tPm7vpart_t] -> 0xffffac5b22c0
AscendC: [_ZN7AscendC3vlnEPN7float165Fp16TES2_m] -> (nil)
AscendC: [_ZN7AscendC3vlnEPN7float165Fp16TES2_htthh] -> 0xffffac5b5f98
AscendC: [_ZN7AscendC3vlnEPN7float165Fp16TES2_htthhbb] -> 0xffffac5b6230
AscendC: [_ZN7AscendC3vlnEPN7float165Fp16TES2_htttt] -> (nil)
AscendC: [_ZN7AscendC3vlnEPfS0_m] -> (nil)
AscendC: [_ZN7AscendC3vlnEPfS0_htthh] -> 0xffffac5b64d8
AscendC: [_ZN7AscendC3vlnEPfS0_htthhbb] -> 0xffffac5b6770
AscendC: [_ZN7AscendC3vlnEPfS0_htttt] -> (nil)
AscendC: [_ZN7AscendC6vlreluEPN7float165Fp16TES2_S1_m] -> (nil)
AscendC: [_ZN7AscendC6vlreluEPN7float165Fp16TES2_S1_htthhbb] -> (nil)
AscendC: [_ZN7AscendC6vlreluEPN7float165Fp16TES2_S1_htttt] -> 0xffffac58ce98
AscendC: [_ZN7AscendC6vlreluEPfS0_fm] -> (nil)
AscendC: [_ZN7AscendC6vlreluEPfS0_fhtthhbb] -> (nil)
AscendC: [_ZN7AscendC6vlreluEPfS0_fhtttt] -> 0xffffac58df28
AscendC: [_ZN7AscendC5vmaddEPN7float165Fp16TES2_S2_m] -> (nil)
AscendC: [_ZN7AscendC5vmaddEPN7float165Fp16TES2_S2_hhhhhhh] -> 0xffffac584d00
AscendC: [_ZN7AscendC5vmaddEPN7float165Fp16TES2_S2_hhhhhhhbb] -> (nil)
AscendC: [_ZN7AscendC5vmaddEPfS0_S0_m] -> (nil)
AscendC: [_ZN7AscendC5vmaddEPfS0_S0_hhhhhhh] -> 0xffffac5835f0
AscendC: [_ZN7AscendC5vmaddEPfS0_S0_hhhhhhhbb] -> (nil)
AscendC: [_ZN7AscendC9vmaddreluEPN7float165Fp16TES2_S2_m] -> (nil)
AscendC: [_ZN7AscendC9vmaddreluEPN7float165Fp16TES2_S2_hhhhhhh] -> 0xffffac582368
AscendC: [_ZN7AscendC9vmaddreluEPN7float165Fp16TES2_S2_hhhhhhhbb] -> (nil)
AscendC: [_ZN7AscendC9vmaddreluEPfS0_S0_m] -> (nil)
AscendC: [_ZN7AscendC9vmaddreluEPfS0_S0_hhhhhhh] -> 0xffffac581d18
AscendC: [_ZN7AscendC9vmaddreluEPfS0_S0_hhhhhhhbb] -> (nil)
AscendC: [_ZN7AscendC4vmaxEPN7float165Fp16TES2_S2_m] -> (nil)
AscendC: [_ZN7AscendC4vmaxEPN7float165Fp16TES2_S2_hhhhhhh] -> 0xffffac5847e0
AscendC: [_ZN7AscendC4vmaxEPN7float165Fp16TES2_S2_hhhhhhhbb] -> (nil)
AscendC: [_ZN7AscendC4vmaxEPfS0_S0_m] -> (nil)
AscendC: [_ZN7AscendC4vmaxEPfS0_S0_hhhhhhh] -> 0xffffac5830d0
AscendC: [_ZN7AscendC4vmaxEPfS0_S0_hhhhhhhbb] -> (nil)
AscendC: [_ZN7AscendC4vmaxEPsS0_S0_m] -> (nil)
AscendC: [_ZN7AscendC4vmaxEPsS0_S0_hhhhhhh] -> 0xffffac586e50
AscendC: [_ZN7AscendC4vmaxEPsS0_S0_hhhhhhhbb] -> (nil)
AscendC: [_ZN7AscendC4vmaxEPiS0_S0_m] -> (nil)
AscendC: [_ZN7AscendC4vmaxEPiS0_S0_hhhhhhh] -> 0xffffac585c60
AscendC: [_ZN7AscendC4vmaxEPiS0_S0_hhhhhhhbb] -> (nil)
AscendC: [_ZN7AscendC5vmaxsEPN7float165Fp16TES2_S1_m] -> (nil)
AscendC: [_ZN7AscendC5vmaxsEPN7float165Fp16TES2_S1_htthhbb] -> 0xffffac58c768
AscendC: [_ZN7AscendC5vmaxsEPN7float165Fp16TES2_S1_htttt] -> (nil)
AscendC: [_ZN7AscendC5vmaxsEPfS0_fm] -> (nil)
AscendC: [_ZN7AscendC5vmaxsEPfS0_fhtthhbb] -> 0xffffac58d868
AscendC: [_ZN7AscendC5vmaxsEPfS0_fhtttt] -> (nil)
AscendC: [_ZN7AscendC5vmaxsEPsS0_sm] -> (nil)
AscendC: [_ZN7AscendC5vmaxsEPsS0_shtthhbb] -> 0xffffac58e8d8
AscendC: [_ZN7AscendC5vmaxsEPsS0_shtttt] -> (nil)
AscendC: [_ZN7AscendC5vmaxsEPiS0_im] -> (nil)
AscendC: [_ZN7AscendC5vmaxsEPiS0_ihtthhbb] -> 0xffffac58f628
AscendC: [_ZN7AscendC5vmaxsEPiS0_ihtttt] -> (nil)
AscendC: [_ZN7AscendC8vmergechEPhS0_m] -> (nil)
AscendC: [_ZN7AscendC8vmergechEPhS0_htthh] -> (nil)
AscendC: [_ZN7AscendC8vmergechEPhS0_htthhbb] -> (nil)
AscendC: [_ZN7AscendC8vmergechEPN7float165Fp16TES2_m] -> (nil)
AscendC: [_ZN7AscendC8vmergechEPN7float165Fp16TES2_htthh] -> (nil)
AscendC: [_ZN7AscendC8vmergechEPN7float165Fp16TES2_htthhbb] -> (nil)
AscendC: [_ZN7AscendC4vminEPN7float165Fp16TES2_S2_m] -> (nil)
AscendC: [_ZN7AscendC4vminEPN7float165Fp16TES2_S2_hhhhhhh] -> 0xffffac584a70
AscendC: [_ZN7AscendC4vminEPN7float165Fp16TES2_S2_hhhhhhhbb] -> (nil)
AscendC: [_ZN7AscendC4vminEPfS0_S0_m] -> (nil)
AscendC: [_ZN7AscendC4vminEPfS0_S0_hhhhhhh] -> 0xffffac583360
AscendC: [_ZN7AscendC4vminEPfS0_S0_hhhhhhhbb] -> (nil)
AscendC: [_ZN7AscendC4vminEPsS0_S0_m] -> (nil)
AscendC: [_ZN7AscendC4vminEPsS0_S0_hhhhhhh] -> 0xffffac5870e0
AscendC: [_ZN7AscendC4vminEPsS0_S0_hhhhhhhbb] -> (nil)
AscendC: [_ZN7AscendC4vminEPiS0_S0_m] -> (nil)
AscendC: [_ZN7AscendC4vminEPiS0_S0_hhhhhhh] -> 0xffffac585ef0
AscendC: [_ZN7AscendC4vminEPiS0_S0_hhhhhhhbb] -> (nil)
AscendC: [_ZN7AscendC5vminsEPN7float165Fp16TES2_S1_m] -> (nil)
AscendC: [_ZN7AscendC5vminsEPN7float165Fp16TES2_S1_htthhbb] -> 0xffffac58cb00
AscendC: [_ZN7AscendC5vminsEPN7float165Fp16TES2_S1_htttt] -> (nil)
AscendC: [_ZN7AscendC5vminsEPfS0_fm] -> (nil)
AscendC: [_ZN7AscendC5vminsEPfS0_fhtthhbb] -> 0xffffac58dbc8
AscendC: [_ZN7AscendC5vminsEPfS0_fhtttt] -> (nil)
AscendC: [_ZN7AscendC5vminsEPsS0_sm] -> (nil)
AscendC: [_ZN7AscendC5vminsEPsS0_shtthhbb] -> 0xffffac58ec40
AscendC: [_ZN7AscendC5vminsEPsS0_shtttt] -> (nil)
AscendC: [_ZN7AscendC5vminsEPiS0_im] -> (nil)
AscendC: [_ZN7AscendC5vminsEPiS0_ihtthhbb] -> 0xffffac58f990
AscendC: [_ZN7AscendC5vminsEPiS0_ihtttt] -> (nil)
AscendC: [_ZN7AscendC4vmlaEPN7float165Fp16TES2_S2_m] -> (nil)
AscendC: [_ZN7AscendC4vmlaEPN7float165Fp16TES2_S2_hhhhhhh] -> 0xffffac582040
AscendC: [_ZN7AscendC4vmlaEPN7float165Fp16TES2_S2_hhhhhhhbb] -> (nil)
AscendC: [_ZN7AscendC4vmlaEPfS0_S0_m] -> (nil)
AscendC: [_ZN7AscendC4vmlaEPfS0_S0_hhhhhhh] -> 0xffffac5819f0
AscendC: [_ZN7AscendC4vmlaEPfS0_S0_hhhhhhhbb] -> (nil)
AscendC: [_ZN7AscendC4vmlaEPfPN7float165Fp16TES3_m] -> (nil)
AscendC: [_ZN7AscendC4vmlaEPfPN7float165Fp16TES3_hhhhhhh] -> 0xffffac5816d0
AscendC: [_ZN7AscendC4vmlaEPfPN7float165Fp16TES3_hhhhhhhbb] -> (nil)
AscendC: [_ZN7AscendC9vmrgsort4EPN7float165Fp16TEPS2_m] -> 0xffffac57db10
AscendC: [_ZN7AscendC9vmrgsort4EPfPS0_m] -> 0xffffac57dc10
AscendC: [_ZN7AscendC9vmrgsort4EPN7float165Fp16TEPS2_mm] -> 0xffffac57dd10
AscendC: [_ZN7AscendC9vmrgsort4EPfPS0_mm] -> 0xffffac57de18
AscendC: [_ZN7AscendC4vmulEPN7float165Fp16TES2_S2_m] -> (nil)
AscendC: [_ZN7AscendC4vmulEPN7float165Fp16TES2_S2_hhhhhhh] -> 0xffffac5842c0
AscendC: [_ZN7AscendC4vmulEPN7float165Fp16TES2_S2_hhhhhhhbb] -> (nil)
AscendC: [_ZN7AscendC4vmulEPfS0_S0_m] -> (nil)
AscendC: [_ZN7AscendC4vmulEPfS0_S0_hhhhhhh] -> 0xffffac582bb0
AscendC: [_ZN7AscendC4vmulEPfS0_S0_hhhhhhhbb] -> (nil)
AscendC: [_ZN7AscendC4vmulEPsS0_S0_m] -> (nil)
AscendC: [_ZN7AscendC4vmulEPsS0_S0_hhhhhhh] -> 0xffffac586bc0
AscendC: [_ZN7AscendC4vmulEPsS0_S0_hhhhhhhbb] -> (nil)
AscendC: [_ZN7AscendC4vmulEPiS0_S0_m] -> (nil)
AscendC: [_ZN7AscendC4vmulEPiS0_S0_hhhhhhh] -> 0xffffac5859d0
AscendC: [_ZN7AscendC4vmulEPiS0_S0_hhhhhhhbb] -> (nil)
AscendC: [_ZN7AscendC15vmulconv_f162s8EPaPN7float165Fp16TES3_m] -> (nil)
AscendC: [_ZN7AscendC15vmulconv_f162s8EPaPN7float165Fp16TES3_hhhhhhh] -> 0xffffac5a9060
AscendC: [_ZN7AscendC15vmulconv_f162s8EPaPN7float165Fp16TES3_hhhhhhhbb] -> (nil)
AscendC: [_ZN7AscendC15vmulconv_f162u8EPhPN7float165Fp16TES3_m] -> (nil)
AscendC: [_ZN7AscendC15vmulconv_f162u8EPhPN7float165Fp16TES3_hhhhhhh] -> 0xffffac5a9310
AscendC: [_ZN7AscendC15vmulconv_f162u8EPhPN7float165Fp16TES3_hhhhhhhbb] -> (nil)
AscendC: [_ZN7AscendC5vmulsEPN7float165Fp16TES2_S1_m] -> (nil)
AscendC: [_ZN7AscendC5vmulsEPN7float165Fp16TES2_S1_htthh] -> (nil)
AscendC: [_ZN7AscendC5vmulsEPN7float165Fp16TES2_S1_htthhbb] -> (nil)
AscendC: [_ZN7AscendC5vmulsEPN7float165Fp16TES2_S1_htttt] -> 0xffffac58c3f8
AscendC: [_ZN7AscendC5vmulsEPfS0_fm] -> (nil)
AscendC: [_ZN7AscendC5vmulsEPfS0_fhtthh] -> (nil)
AscendC: [_ZN7AscendC5vmulsEPfS0_fhtthhbb] -> (nil)
AscendC: [_ZN7AscendC5vmulsEPfS0_fhtttt] -> 0xffffac58d538
AscendC: [_ZN7AscendC5vmulsEPsS0_sm] -> (nil)
AscendC: [_ZN7AscendC5vmulsEPsS0_shtthh] -> (nil)
AscendC: [_ZN7AscendC5vmulsEPsS0_shtthhbb] -> (nil)
AscendC: [_ZN7AscendC5vmulsEPsS0_shtttt] -> 0xffffac58e598
AscendC: [_ZN7AscendC5vmulsEPiS0_im] -> (nil)
AscendC: [_ZN7AscendC5vmulsEPiS0_ihtthh] -> (nil)
AscendC: [_ZN7AscendC5vmulsEPiS0_ihtthhbb] -> (nil)
AscendC: [_ZN7AscendC5vmulsEPiS0_ihtttt] -> 0xffffac58f2e8
AscendC: [_ZN7AscendC4vnotEPsS0_m] -> (nil)
AscendC: [_ZN7AscendC4vnotEPsS0_htthh] -> 0xffffac5b8ed8
AscendC: [_ZN7AscendC4vnotEPsS0_htthhbb] -> 0xffffac5b9170
AscendC: [_ZN7AscendC4vnotEPsS0_htttt] -> (nil)
AscendC: [_ZN7AscendC4vnotEPtS0_m] -> (nil)
AscendC: [_ZN7AscendC4vnotEPtS0_htthh] -> 0xffffac5b9418
AscendC: [_ZN7AscendC4vnotEPtS0_htthhbb] -> 0xffffac5b96b0
AscendC: [_ZN7AscendC4vnotEPtS0_htttt] -> (nil)
AscendC: [_ZN7AscendC3vorEPsS0_S0_m] -> (nil)
AscendC: [_ZN7AscendC3vorEPsS0_S0_hhhhhhh] -> 0xffffac586410
AscendC: [_ZN7AscendC3vorEPsS0_S0_hhhhhhhbb] -> (nil)
AscendC: [_ZN7AscendC3vorEPtS0_S0_m] -> (nil)
AscendC: [_ZN7AscendC3vorEPtS0_S0_hhhhhhh] -> 0xffffac587b20
AscendC: [_ZN7AscendC3vorEPtS0_S0_hhhhhhhbb] -> (nil)
AscendC: [_ZN7AscendC8vpaddingEPtS0_m] -> (nil)
AscendC: [_ZN7AscendC8vpaddingEPtS0_htthhbbhb] -> (nil)
AscendC: [_ZN7AscendC8vpaddingEPjS0_m] -> (nil)
AscendC: [_ZN7AscendC8vpaddingEPjS0_htthhbbhb] -> (nil)
AscendC: [_ZN7AscendC4vrecEPN7float165Fp16TES2_m] -> (nil)
AscendC: [_ZN7AscendC4vrecEPN7float165Fp16TES2_htthh] -> 0xffffac5b4a98
AscendC: [_ZN7AscendC4vrecEPN7float165Fp16TES2_htthhbb] -> 0xffffac5b4d30
AscendC: [_ZN7AscendC4vrecEPN7float165Fp16TES2_htttt] -> (nil)
AscendC: [_ZN7AscendC4vrecEPfS0_m] -> (nil)
AscendC: [_ZN7AscendC4vrecEPfS0_htthh] -> 0xffffac5b4fd8
AscendC: [_ZN7AscendC4vrecEPfS0_htthhbb] -> 0xffffac5b5270
AscendC: [_ZN7AscendC4vrecEPfS0_htttt] -> (nil)
AscendC: [_ZN7AscendC7vreduceEPtS0_S0_m] -> (nil)
AscendC: [_ZN7AscendC7vreduceEPtS0_S0_hhhhhhh] -> (nil)
AscendC: [_ZN7AscendC7vreduceEPtS0_S0_hhhhh] -> (nil)
AscendC: [_ZN7AscendC7vreduceEPjS0_S0_m] -> (nil)
AscendC: [_ZN7AscendC7vreduceEPjS0_S0_hhhhhhh] -> (nil)
AscendC: [_ZN7AscendC7vreduceEPjS0_S0_hhhhh] -> (nil)
AscendC: [_ZN7AscendC9vreducev2EPtS0_S0_m] -> (nil)
AscendC: [_ZN7AscendC9vreducev2EPtS0_S0_thhth] -> 0xffffac5a7c70
AscendC: [_ZN7AscendC9vreducev2EPjS0_S0_m] -> (nil)
AscendC: [_ZN7AscendC9vreducev2EPjS0_S0_thhth] -> 0xffffac5a7e60
AscendC: [_ZN7AscendC5vreluEPN7float165Fp16TES2_m] -> (nil)
AscendC: [_ZN7AscendC5vreluEPN7float165Fp16TES2_htthh] -> 0xffffac5b3ad8
AscendC: [_ZN7AscendC5vreluEPN7float165Fp16TES2_htthhbb] -> 0xffffac5b3d70
AscendC: [_ZN7AscendC5vreluEPN7float165Fp16TES2_htttt] -> (nil)
AscendC: [_ZN7AscendC5vreluEPfS0_m] -> (nil)
AscendC: [_ZN7AscendC5vreluEPfS0_htthh] -> 0xffffac5b4018
AscendC: [_ZN7AscendC5vreluEPfS0_htthhbb] -> 0xffffac5b42b0
AscendC: [_ZN7AscendC5vreluEPfS0_htttt] -> (nil)
AscendC: [_ZN7AscendC5vreluEPiS0_m] -> (nil)
AscendC: [_ZN7AscendC5vreluEPiS0_htthh] -> 0xffffac5b4558
AscendC: [_ZN7AscendC5vreluEPiS0_htthhbb] -> 0xffffac5b47f0
AscendC: [_ZN7AscendC5vreluEPiS0_htttt] -> (nil)
AscendC: [_ZN7AscendC5vrpacEPN7float165Fp16TES2_m] -> (nil)
AscendC: [_ZN7AscendC5vrpacEPN7float165Fp16TES2_htthh] -> (nil)
AscendC: [_ZN7AscendC5vrpacEPN7float165Fp16TES2_htthhbb] -> (nil)
AscendC: [_ZN7AscendC5vrpacEPfS0_m] -> (nil)
AscendC: [_ZN7AscendC5vrpacEPfS0_htthh] -> (nil)
AscendC: [_ZN7AscendC5vrpacEPfS0_htthhbb] -> (nil)
AscendC: [_ZN7AscendC6vrsqrtEPN7float165Fp16TES2_m] -> (nil)
AscendC: [_ZN7AscendC6vrsqrtEPN7float165Fp16TES2_htthh] -> 0xffffac5b8458
AscendC: [_ZN7AscendC6vrsqrtEPN7float165Fp16TES2_htthhbb] -> 0xffffac5b86f0
AscendC: [_ZN7AscendC6vrsqrtEPN7float165Fp16TES2_htttt] -> (nil)
AscendC: [_ZN7AscendC6vrsqrtEPfS0_m] -> (nil)
AscendC: [_ZN7AscendC6vrsqrtEPfS0_htthh] -> 0xffffac5b8998
AscendC: [_ZN7AscendC6vrsqrtEPfS0_htthhbb] -> 0xffffac5b8c30
AscendC: [_ZN7AscendC6vrsqrtEPfS0_htttt] -> (nil)
AscendC: [_ZN7AscendC8vscatterEPjPtm] -> (nil)
AscendC: [_ZN7AscendC8vscatterEPjPtjb] -> (nil)
AscendC: [_ZN7AscendC8vscatterEPjS0_m] -> (nil)
AscendC: [_ZN7AscendC8vscatterEPjS0_jb] -> (nil)
AscendC: [_ZN7AscendC4vselEPN7float165Fp16TES2_S2_m] -> (nil)
AscendC: [_ZN7AscendC4vselEPN7float165Fp16TES2_Pvm] -> (nil)
AscendC: [_ZN7AscendC4vselEPN7float165Fp16TES2_Pvhhhhhhh] -> 0xffffac59b7a8
AscendC: [_ZN7AscendC4vselEPN7float165Fp16TES2_Pvhhhhhhhhbb] -> 0xffffac59b548
AscendC: [_ZN7AscendC4vselEPN7float165Fp16TES2_Pvhhhhhhhh] -> 0xffffac59b7e0
AscendC: [_ZN7AscendC4vselEPN7float165Fp16TES2_S2_hhhhhhh] -> 0xffffac59b200
AscendC: [_ZN7AscendC4vselEPN7float165Fp16TES2_S2_hhhhhhhhbb] -> 0xffffac59afa8
AscendC: [_ZN7AscendC4vselEPN7float165Fp16TES2_S2_hhhhhhhh] -> 0xffffac59b238
AscendC: [_ZN7AscendC4vselEPfS0_S0_m] -> (nil)
AscendC: [_ZN7AscendC4vselEPfS0_Pvm] -> (nil)
AscendC: [_ZN7AscendC4vselEPfS0_Pvhhhhhhh] -> 0xffffac59ba80
AscendC: [_ZN7AscendC4vselEPfS0_Pvhhhhhhhhbb] -> 0xffffac59b820
AscendC: [_ZN7AscendC4vselEPfS0_Pvhhhhhhhh] -> 0xffffac59bab8
AscendC: [_ZN7AscendC4vselEPfS0_S0_hhhhhhh] -> 0xffffac59b4d0
AscendC: [_ZN7AscendC4vselEPfS0_S0_hhhhhhhhbb] -> 0xffffac59b278
AscendC: [_ZN7AscendC4vselEPfS0_S0_hhhhhhhh] -> 0xffffac59b508
AscendC: [_ZN7AscendC4vshlEPsS0_jm] -> (nil)
AscendC: [_ZN7AscendC4vshlEPsS0_jhtthh] -> (nil)
AscendC: [_ZN7AscendC4vshlEPsS0_jhtthhbb] -> (nil)
AscendC: [_ZN7AscendC4vshlEPsS0_jhtttt] -> 0xffffac590a18
AscendC: [_ZN7AscendC4vshlEPiS0_jm] -> (nil)
AscendC: [_ZN7AscendC4vshlEPiS0_jhtthh] -> (nil)
AscendC: [_ZN7AscendC4vshlEPiS0_jhtthhbb] -> (nil)
AscendC: [_ZN7AscendC4vshlEPiS0_jhtttt] -> 0xffffac590d58
AscendC: [_ZN7AscendC4vshlEPtS0_jm] -> (nil)
AscendC: [_ZN7AscendC4vshlEPtS0_jhtthh] -> (nil)
AscendC: [_ZN7AscendC4vshlEPtS0_jhtthhbb] -> (nil)
AscendC: [_ZN7AscendC4vshlEPtS0_jhtttt] -> 0xffffac590398
AscendC: [_ZN7AscendC4vshlEPjS0_jm] -> (nil)
AscendC: [_ZN7AscendC4vshlEPjS0_jhtthh] -> (nil)
AscendC: [_ZN7AscendC4vshlEPjS0_jhtthhbb] -> (nil)
AscendC: [_ZN7AscendC4vshlEPjS0_jhtttt] -> 0xffffac5906d8
AscendC: [_ZN7AscendC4vshrEPsS0_imb] -> (nil)
AscendC: [_ZN7AscendC4vshrEPsS0_ihtthhbbb] -> (nil)
AscendC: [_ZN7AscendC4vshrEPsS0_ihttttb] -> 0xffffac58fcf8
AscendC: [_ZN7AscendC4vshrEPiS0_imb] -> (nil)
AscendC: [_ZN7AscendC4vshrEPiS0_ihtthhbbb] -> (nil)
AscendC: [_ZN7AscendC4vshrEPiS0_ihttttb] -> 0xffffac590048
AscendC: [_ZN7AscendC4vshrEPtS0_jmb] -> (nil)
AscendC: [_ZN7AscendC4vshrEPtS0_jhtthhbbb] -> (nil)
AscendC: [_ZN7AscendC4vshrEPtS0_jhttttb] -> 0xffffac591098
AscendC: [_ZN7AscendC4vshrEPjS0_jmb] -> (nil)
AscendC: [_ZN7AscendC4vshrEPjS0_jhtthhbbb] -> (nil)
AscendC: [_ZN7AscendC4vshrEPjS0_jhttttb] -> 0xffffac5913e8
AscendC: [_ZN7AscendC5vsortEPN7float165Fp16TES2_m] -> (nil)
AscendC: [_ZN7AscendC5vsortEPN7float165Fp16TES2_h] -> (nil)
AscendC: [_ZN7AscendC5vsortEPfS0_m] -> (nil)
AscendC: [_ZN7AscendC5vsortEPfS0_h] -> (nil)
AscendC: [_ZN7AscendC5vsqrtEPN7float165Fp16TES2_m] -> (nil)
AscendC: [_ZN7AscendC5vsqrtEPN7float165Fp16TES2_htthh] -> 0xffffac5b79d8
AscendC: [_ZN7AscendC5vsqrtEPN7float165Fp16TES2_htthhbb] -> 0xffffac5b7c70
AscendC: [_ZN7AscendC5vsqrtEPN7float165Fp16TES2_htttt] -> (nil)
AscendC: [_ZN7AscendC5vsqrtEPfS0_m] -> (nil)
AscendC: [_ZN7AscendC5vsqrtEPfS0_htthh] -> 0xffffac5b7f18
AscendC: [_ZN7AscendC5vsqrtEPfS0_htthhbb] -> 0xffffac5b81b0
AscendC: [_ZN7AscendC5vsqrtEPfS0_htttt] -> (nil)
AscendC: [_ZN7AscendC4vsubEPN7float165Fp16TES2_S2_m] -> (nil)
AscendC: [_ZN7AscendC4vsubEPN7float165Fp16TES2_S2_hhhhhhh] -> 0xffffac584030
AscendC: [_ZN7AscendC4vsubEPN7float165Fp16TES2_S2_hhhhhhhbb] -> (nil)
AscendC: [_ZN7AscendC4vsubEPfS0_S0_m] -> (nil)
AscendC: [_ZN7AscendC4vsubEPfS0_S0_hhhhhhh] -> 0xffffac582920
AscendC: [_ZN7AscendC4vsubEPfS0_S0_hhhhhhhbb] -> (nil)
AscendC: [_ZN7AscendC4vsubEPsS0_S0_m] -> (nil)
AscendC: [_ZN7AscendC4vsubEPsS0_S0_hhhhhhh] -> 0xffffac586930
AscendC: [_ZN7AscendC4vsubEPsS0_S0_hhhhhhhbb] -> (nil)
AscendC: [_ZN7AscendC4vsubEPiS0_S0_m] -> (nil)
AscendC: [_ZN7AscendC4vsubEPiS0_S0_hhhhhhh] -> 0xffffac585740
AscendC: [_ZN7AscendC4vsubEPiS0_S0_hhhhhhhbb] -> (nil)
AscendC: [_ZN7AscendC8vsubreluEPN7float165Fp16TES2_S2_m] -> (nil)
AscendC: [_ZN7AscendC8vsubreluEPN7float165Fp16TES2_S2_hhhhhhhbb] -> (nil)
AscendC: [_ZN7AscendC8vsubreluEPN7float165Fp16TES2_S2_hhhhhhh] -> 0xffffac585220
AscendC: [_ZN7AscendC8vsubreluEPfS0_S0_m] -> (nil)
AscendC: [_ZN7AscendC8vsubreluEPfS0_S0_hhhhhhhbb] -> (nil)
AscendC: [_ZN7AscendC8vsubreluEPfS0_S0_hhhhhhh] -> 0xffffac583b10
AscendC: [_ZN7AscendC8vsubreluEPsS0_S0_m] -> (nil)
AscendC: [_ZN7AscendC8vsubreluEPsS0_S0_hhhhhhhbb] -> (nil)
AscendC: [_ZN7AscendC8vsubreluEPsS0_S0_hhhhhhh] -> 0xffffac587600
AscendC: [_ZN7AscendC19vsubreluconv_f162s8EPaPN7float165Fp16TES3_mb] -> (nil)
AscendC: [_ZN7AscendC19vsubreluconv_f162s8EPaPN7float165Fp16TES3_hhhhhhhbbb] -> (nil)
AscendC: [_ZN7AscendC19vsubreluconv_f162s8EPaPN7float165Fp16TES3_hhhhhhhb] -> 0xffffac5c9898
AscendC: [_ZN7AscendC20vsubreluconv_f322f16EPN7float165Fp16TEPfS3_mb] -> (nil)
AscendC: [_ZN7AscendC20vsubreluconv_f322f16EPN7float165Fp16TEPfS3_hhhhhhhbbb] -> (nil)
AscendC: [_ZN7AscendC20vsubreluconv_f322f16EPN7float165Fp16TEPfS3_hhhhhhhb] -> 0xffffac5ca078
AscendC: [_ZN7AscendC19vsubreluconv_s162s8EPaPsS1_mb] -> (nil)
AscendC: [_ZN7AscendC19vsubreluconv_s162s8EPaPsS1_hhhhhhhbbb] -> (nil)
AscendC: [_ZN7AscendC19vsubreluconv_s162s8EPaPsS1_hhhhhhhb] -> 0xffffac5c9c88
AscendC: [_ZN7AscendC23vsubreluconv_vdeqs162b8EPaPsS1_mb] -> (nil)
AscendC: [_ZN7AscendC23vsubreluconv_vdeqs162b8EPhPsS1_mb] -> (nil)
AscendC: [_ZN7AscendC23vsubreluconv_vdeqs162b8EPhPsS1_hhhhhhhbbb] -> (nil)
AscendC: [_ZN7AscendC23vsubreluconv_vdeqs162b8EPhPsS1_hhhhhhhb] -> (nil)
AscendC: [_ZN7AscendC23vsubreluconv_vdeqs162b8EPaPsS1_hhhhhhhbbb] -> (nil)
AscendC: [_ZN7AscendC23vsubreluconv_vdeqs162b8EPaPsS1_hhhhhhhb] -> (nil)
AscendC: [_ZN7AscendC10vtransposeEPsS0_] -> (nil)
AscendC: [_ZN7AscendC10vtransposeEPtS0_] -> 0xffffac5b2080
AscendC: [_ZN7AscendC9wait_flagE6pipe_tS0_7event_t] -> 0xffffac527798
AscendC: [_ZN7AscendC9wait_flagE6pipe_t7event_t] -> (nil)
AscendC: [_ZN7AscendC9wait_flagE6pipe_tS0_m] -> 0xffffac5282c8
AscendC: [_ZN7AscendC9wait_flagE6pipe_tm] -> (nil)
AscendC: [_ZN7AscendC13wait_flag_devEl] -> 0xffffac52a5a8
AscendC: [_ZN7AscendC13winograd_convEPiPsPam] -> (nil)
AscendC: [_ZN7AscendC13winograd_convEPiPsPattthhhb] -> (nil)
AscendC: [_ZN7AscendC13winograd_convEPiPaS1_m] -> (nil)
AscendC: [_ZN7AscendC13winograd_convEPiPaS1_ttthhhb] -> (nil)
AscendC: [_ZN7AscendC13get_workspaceEi] -> 0xffffac526778
AscendC: [_ZN7AscendC13set_core_typeEi] -> 0xffffac526850
AscendC: [_ZN7AscendC15get_process_numEv] -> 0xffffac526ae8
AscendC: [_ZN7AscendC13set_block_dimEi] -> 0xffffac526b98
AscendC: [_ZN7AscendC18AscendCKernelBeginEPKciPm] -> (nil)
AscendC: [_ZN7AscendC16AscendCKernelEndEPKciPm] -> (nil)
AscendC: [_ZN7AscendC17AscendCBlockBeginEiPKciPKm] -> (nil)
AscendC: [_ZN7AscendC15AscendCBlockEndEiPKciPKm] -> (nil)
AscendC: [_ZN7AscendC16AscendCQueCreateEhhh] -> (nil)
AscendC: [_ZN7AscendC14AscendCBufInitEhhhmm] -> (nil)
AscendC: [_ZN7AscendC15AscendCBufAllocEhhmm] -> (nil)
AscendC: [_ZN7AscendC14AscendCBufFreeEhhmm] -> (nil)
AscendC: [_ZN7AscendC15AscendCBufEnqueEhhhm] -> (nil)
AscendC: [_ZN7AscendC15AscendCBufDequeEhhhm] -> (nil)
AscendC: [_ZN7AscendC17AscendCBufAbsAddrEhmm] -> (nil)
AscendC: [_ZN7AscendC13AscendCBufGetEhhmm] -> (nil)
AscendC: [_ZN7AscendC19AscendCTBufPoolInitEhmmm] -> (nil)
AscendC: [_ZN7AscendC27AscendCUpdateTbufPoolStatusEmb] -> (nil)
AscendC: [_ZN7AscendC26AscendCRecordPoolHierarchyEmm] -> (nil)
AscendC: [_ZN7AscendC25AscendCTBufPoolResetCheckEhmmm] -> (nil)
AscendC: [_ZN7AscendC12batch_offsetEmm] -> (nil)
AscendC: [_ZN7AscendC12wait_and_setEPvS0_mm] -> (nil)
AscendC: [_ZN7AscendC9wait_syncEPvS0_S0_] -> (nil)
AscendC: [_ZN7AscendC11set_tensoraEPvS0_] -> (nil)
AscendC: [_ZN7AscendC11set_tensorbEPv] -> (nil)
AscendC: [_ZN7AscendC11get_tensorcEPv] -> (nil)
AscendC: [_ZN7AscendC13__ib_set_stubEiib] -> 0xffffac523c40
AscendC: [_ZN7AscendC14__ib_wait_stubEiib] -> 0xffffac523c48
AscendC: [_ZN7AscendC15__sync_all_stubEib] -> 0xffffac523c50
cceprint: [_ZN8cceprint5bcnt0Em] -> 0xffffad3b83f0
cceprint: [_ZN8cceprint5bcnt1Em] -> 0xffffad3b843c
cceprint: [_ZN8cceprint18broadcast_ub_to_ccEPN7float165Fp16TES2_m] -> 0xffffad3b8488
cceprint: [_ZN8cceprint18broadcast_ub_to_ccEPN7float165Fp16TES2_hhhh] -> 0xffffad3b8590
cceprint: [_ZN8cceprint18broadcast_ub_to_ccEPN7float165Fp16TES2_hhhhb] -> 0xffffad3b8770
cceprint: [_ZN8cceprint18broadcast_ub_to_ccEPfS0_m] -> 0xffffad3b898c
cceprint: [_ZN8cceprint18broadcast_ub_to_ccEPfS0_hhhh] -> 0xffffad3b8a94
cceprint: [_ZN8cceprint18broadcast_ub_to_ccEPfS0_hhhhb] -> 0xffffad3b8c74
cceprint: [_ZN8cceprint18broadcast_ub_to_ccEPfPN7float165Fp16TEm] -> 0xffffad3b8e90
cceprint: [_ZN8cceprint18broadcast_ub_to_ccEPfPN7float165Fp16TEhhhh] -> 0xffffad3b8f98
cceprint: [_ZN8cceprint18broadcast_ub_to_ccEPfPN7float165Fp16TEhhhhb] -> 0xffffad3b9178
cceprint: [_ZN8cceprint18broadcast_ub_to_ccEPiS0_m] -> 0xffffad3b9394
cceprint: [_ZN8cceprint18broadcast_ub_to_ccEPiS0_hhhh] -> 0xffffad3b949c
cceprint: [_ZN8cceprint18broadcast_ub_to_ccEPiS0_hhhhb] -> 0xffffad3b967c
cceprint: [_ZN8cceprint3clzEm] -> 0xffffad3b9898
cceprint: [_ZN8cceprint7col2imgEPN7float165Fp16TES2_mm] -> 0xffffad3b98e4
cceprint: [_ZN8cceprint7col2imgEPN7float165Fp16TES2_shhshhhhhhhb] -> 0xffffad3b9a34
cceprint: [_ZN8cceprint7col2imgEPfS0_mm] -> 0xffffad3b9e18
cceprint: [_ZN8cceprint7col2imgEPfS0_shhshhhhhhhb] -> 0xffffad3b9f68
cceprint: [_ZN8cceprint17compress_ub_to_gmEPhS0_S0_l] -> 0xffffad3ba34c
cceprint: [_ZN8cceprint17compress_ub_to_gmEPhS0_S0_tbhh] -> 0xffffad3ba530
cceprint: [_ZN8cceprint17compress_ub_to_gmEPN7float165Fp16TES2_S2_l] -> 0xffffad3ba7e0
cceprint: [_ZN8cceprint17compress_ub_to_gmEPN7float165Fp16TES2_S2_tbhh] -> 0xffffad3ba9c4
cceprint: [_ZN8cceprint13conv_f322f16oEf] -> 0xffffad3bac74
cceprint: [_ZN8cceprint13conv_f322s32aEf] -> 0xffffad3bad14
cceprint: [_ZN8cceprint13conv_f322s32cEf] -> 0xffffad3bad60
cceprint: [_ZN8cceprint13conv_f322s32fEf] -> 0xffffad3badac
cceprint: [_ZN8cceprint13conv_f322s32rEf] -> 0xffffad3badf8
cceprint: [_ZN8cceprint15copy_cbuf_to_btEmPvm] -> 0xffffad3bae44
cceprint: [_ZN8cceprint15copy_cbuf_to_btEmPvttttt] -> 0xffffad3baf58
cceprint: [_ZN8cceprint17copy_cbuf_to_fbufEPvS0_m] -> 0xffffad3bb150
cceprint: [_ZN8cceprint17copy_cbuf_to_fbufEPvS0_tttt] -> 0xffffad3bb258
cceprint: [_ZN8cceprint15copy_cbuf_to_gmEPvS0_m] -> 0xffffad3bb408
cceprint: [_ZN8cceprint15copy_cbuf_to_gmEPvS0_htttt] -> 0xffffad3bb588
cceprint: [_ZN8cceprint21copy_cbuf_to_gm_alignEPN7float165Fp16TES2_htjjj] -> 0xffffad3bb7f8
cceprint: [_ZN8cceprint21copy_cbuf_to_gm_alignEPfS0_htjjj] -> 0xffffad3bba68
cceprint: [_ZN8cceprint21copy_cbuf_to_gm_alignEPsS0_htjjj] -> 0xffffad3bbcd8
cceprint: [_ZN8cceprint21copy_cbuf_to_gm_alignEPiS0_htjjj] -> 0xffffad3bbf48
cceprint: [_ZN8cceprint21copy_cbuf_to_gm_alignEPaS0_htjjj] -> 0xffffad3bc1b8
cceprint: [_ZN8cceprint21copy_cbuf_to_gm_alignEPtS0_htjjj] -> 0xffffad3bc428
cceprint: [_ZN8cceprint21copy_cbuf_to_gm_alignEPjS0_htjjj] -> 0xffffad3bc698
cceprint: [_ZN8cceprint21copy_cbuf_to_gm_alignEPhS0_htjjj] -> 0xffffad3bc908
cceprint: [_ZN8cceprint17copy_cbuf_to_ubufEPvS0_m] -> 0xffffad3bcb78
cceprint: [_ZN8cceprint17copy_cbuf_to_ubufEPvS0_htttt] -> 0xffffad3bcc80
cceprint: [_ZN8cceprint25copy_depthwise_cc_to_ubufEPN7float165Fp16TES2_m10ConvRelu_t] -> 0xffffad3bce78
cceprint: [_ZN8cceprint25copy_depthwise_cc_to_ubufEPN7float165Fp16TES2_htttt10ConvRelu_t] -> 0xffffad3bcfc8
cceprint: [_ZN8cceprint25copy_depthwise_cc_to_ubufEPfPN7float165Fp16TEm10ConvRelu_t] -> 0xffffad3bd208
cceprint: [_ZN8cceprint25copy_depthwise_cc_to_ubufEPfPN7float165Fp16TEhtttt10ConvRelu_t] -> 0xffffad3bd358
cceprint: [_ZN8cceprint25copy_depthwise_cc_to_ubufEPN7float165Fp16TEPfm10ConvRelu_t] -> 0xffffad3bd598
cceprint: [_ZN8cceprint25copy_depthwise_cc_to_ubufEPN7float165Fp16TEPfhtttt10ConvRelu_t] -> 0xffffad3bd6e8
cceprint: [_ZN8cceprint25copy_depthwise_cc_to_ubufEPfS0_m10ConvRelu_t] -> 0xffffad3bd928
cceprint: [_ZN8cceprint25copy_depthwise_cc_to_ubufEPfS0_htttt10ConvRelu_t] -> 0xffffad3bda78
cceprint: [_ZN8cceprint15copy_gm_to_cbufEPvS0_m5pad_t] -> 0xffffad3bdcb8
cceprint: [_ZN8cceprint15copy_gm_to_cbufEPvS0_htttt5pad_t] -> 0xffffad3bde80
cceprint: [_ZN8cceprint31copy_gm_to_cbuf_multi_nd2nz_b16EPN7float165Fp16TES2_mm] -> 0xffffad3be138
cceprint: [_ZN8cceprint31copy_gm_to_cbuf_multi_nd2nz_b16EPN7float165Fp16TES2_htttttttt] -> 0xffffad3be300
cceprint: [_ZN8cceprint31copy_gm_to_cbuf_multi_nd2nz_b16EPN8bfloat165Bf16TES2_mm] -> 0xffffad3be654
cceprint: [_ZN8cceprint31copy_gm_to_cbuf_multi_nd2nz_b16EPN8bfloat165Bf16TES2_htttttttt] -> 0xffffad3be81c
cceprint: [_ZN8cceprint31copy_gm_to_cbuf_multi_nd2nz_b16EPsS0_mm] -> 0xffffad3beb70
cceprint: [_ZN8cceprint31copy_gm_to_cbuf_multi_nd2nz_b16EPsS0_htttttttt] -> 0xffffad3bed38
cceprint: [_ZN8cceprint31copy_gm_to_cbuf_multi_nd2nz_b16EPtS0_mm] -> 0xffffad3bf08c
cceprint: [_ZN8cceprint31copy_gm_to_cbuf_multi_nd2nz_b16EPtS0_htttttttt] -> 0xffffad3bf254
cceprint: [_ZN8cceprint32copy_gm_to_cbuf_multi_nd2nz_b32sEPfS0_mm] -> 0xffffad3bf5a8
cceprint: [_ZN8cceprint32copy_gm_to_cbuf_multi_nd2nz_b32sEPfS0_htttttttt] -> 0xffffad3bf770
cceprint: [_ZN8cceprint32copy_gm_to_cbuf_multi_nd2nz_b32sEPiS0_mm] -> 0xffffad3bfac4
cceprint: [_ZN8cceprint32copy_gm_to_cbuf_multi_nd2nz_b32sEPiS0_htttttttt] -> 0xffffad3bfc8c
cceprint: [_ZN8cceprint32copy_gm_to_cbuf_multi_nd2nz_b32sEPjS0_mm] -> 0xffffad3bffe0
cceprint: [_ZN8cceprint32copy_gm_to_cbuf_multi_nd2nz_b32sEPjS0_htttttttt] -> 0xffffad3c01a8
cceprint: [_ZN8cceprint30copy_gm_to_cbuf_multi_nd2nz_b8EPaS0_mm] -> 0xffffad3c04fc
cceprint: [_ZN8cceprint30copy_gm_to_cbuf_multi_nd2nz_b8EPaS0_htttttttt] -> 0xffffad3c06c4
cceprint: [_ZN8cceprint30copy_gm_to_cbuf_multi_nd2nz_b8EPhS0_mm] -> 0xffffad3c0a18
cceprint: [_ZN8cceprint30copy_gm_to_cbuf_multi_nd2nz_b8EPhS0_htttttttt] -> 0xffffad3c0be0
cceprint: [_ZN8cceprint15copy_gm_to_ubufEPvS0_m] -> 0xffffad3c0f34
cceprint: [_ZN8cceprint15copy_gm_to_ubufEPvS0_htttt] -> 0xffffad3c10b4
cceprint: [_ZN8cceprint25copy_gm_to_ubuf_align_b16EPvS0_mm] -> 0xffffad3c1324
cceprint: [_ZN8cceprint25copy_gm_to_ubuf_align_b16EPvS0_htjhhjj] -> 0xffffad3c14ec
cceprint: [_ZN8cceprint25copy_gm_to_ubuf_align_b32EPvS0_mm] -> 0xffffad3c17e8
cceprint: [_ZN8cceprint25copy_gm_to_ubuf_align_b32EPvS0_htjhhjj] -> 0xffffad3c19b0
cceprint: [_ZN8cceprint24copy_gm_to_ubuf_align_b8EPvS0_mm] -> 0xffffad3c1cac
cceprint: [_ZN8cceprint24copy_gm_to_ubuf_align_b8EPvS0_htjhhjj] -> 0xffffad3c1e74
cceprint: [_ZN8cceprint21copy_gm_to_ubuf_alignEPaS0_htjhhjj] -> 0xffffad3c2170
cceprint: [_ZN8cceprint21copy_gm_to_ubuf_alignEPhS0_htjhhjj] -> 0xffffad3c246c
cceprint: [_ZN8cceprint21copy_gm_to_ubuf_alignEPsS0_htjhhjj] -> 0xffffad3c2768
cceprint: [_ZN8cceprint21copy_gm_to_ubuf_alignEPtS0_htjhhjj] -> 0xffffad3c2a64
cceprint: [_ZN8cceprint21copy_gm_to_ubuf_alignEPN7float165Fp16TES2_htjhhjj] -> 0xffffad3c2d60
cceprint: [_ZN8cceprint21copy_gm_to_ubuf_alignEPiS0_htjhhjj] -> 0xffffad3c305c
cceprint: [_ZN8cceprint21copy_gm_to_ubuf_alignEPjS0_htjhhjj] -> 0xffffad3c3358
cceprint: [_ZN8cceprint21copy_gm_to_ubuf_alignEPfS0_htjhhjj] -> 0xffffad3c3654
cceprint: [_ZN8cceprint23copy_gm_to_ubuf_pad_b16EPvS0_mm] -> 0xffffad3c3950
cceprint: [_ZN8cceprint23copy_gm_to_ubuf_pad_b16EPvS0_htttthh] -> 0xffffad3c3b18
cceprint: [_ZN8cceprint23copy_gm_to_ubuf_pad_b32EPvS0_mm] -> 0xffffad3c3e14
cceprint: [_ZN8cceprint23copy_gm_to_ubuf_pad_b32EPvS0_htttthh] -> 0xffffad3c3fdc
cceprint: [_ZN8cceprint22copy_gm_to_ubuf_pad_b8EPvS0_mm] -> 0xffffad3c42d8
cceprint: [_ZN8cceprint22copy_gm_to_ubuf_pad_b8EPvS0_htttthh] -> 0xffffad3c44a0
cceprint: [_ZN8cceprint22copy_matrix_cbuf_to_ccEPN7float165Fp16TES2_m] -> 0xffffad3c479c
cceprint: [_ZN8cceprint22copy_matrix_cbuf_to_ccEPN7float165Fp16TES2_tttt] -> 0xffffad3c48a4
cceprint: [_ZN8cceprint22copy_matrix_cbuf_to_ccEPN7float165Fp16TEPfm] -> 0xffffad3c4a54
cceprint: [_ZN8cceprint22copy_matrix_cbuf_to_ccEPN7float165Fp16TEPftttt] -> 0xffffad3c4b5c
cceprint: [_ZN8cceprint22copy_matrix_cbuf_to_ccEPN8bfloat165Bf16TES2_m] -> 0xffffad3c4d0c
cceprint: [_ZN8cceprint22copy_matrix_cbuf_to_ccEPN8bfloat165Bf16TES2_tttt] -> 0xffffad3c4e14
cceprint: [_ZN8cceprint22copy_matrix_cbuf_to_ccEPN8bfloat165Bf16TEPfm] -> 0xffffad3c4fc4
cceprint: [_ZN8cceprint22copy_matrix_cbuf_to_ccEPN8bfloat165Bf16TEPftttt] -> 0xffffad3c50cc
cceprint: [_ZN8cceprint22copy_matrix_cbuf_to_ccEPfS0_m] -> 0xffffad3c527c
cceprint: [_ZN8cceprint22copy_matrix_cbuf_to_ccEPfS0_tttt] -> 0xffffad3c5384
cceprint: [_ZN8cceprint22copy_matrix_cbuf_to_ccEPiS0_m] -> 0xffffad3c5534
cceprint: [_ZN8cceprint22copy_matrix_cbuf_to_ccEPiS0_tttt] -> 0xffffad3c563c
cceprint: [_ZN8cceprint22copy_matrix_cbuf_to_ccEPjS0_m] -> 0xffffad3c57ec
cceprint: [_ZN8cceprint22copy_matrix_cbuf_to_ccEPjS0_tttt] -> 0xffffad3c58f4
cceprint: [_ZN8cceprint22copy_matrix_cc_to_cbufEPN7float165Fp16TEPfmm] -> 0xffffad3c5aa4
cceprint: [_ZN8cceprint22copy_matrix_cc_to_cbufEPN7float165Fp16TEPfhttjthh11QuantMode_thbbb] -> 0xffffad3c5bf4
cceprint: [_ZN8cceprint22copy_matrix_cc_to_cbufEPN7float165Fp16TEPfhttjthh11QuantMode_thbb14QuantMode_posthbhhb] -> 0xffffad3c5fa8
cceprint: [_ZN8cceprint22copy_matrix_cc_to_cbufEPN7float165Fp16TEPfhttjth11QuantMode_thbb] -> 0xffffad3c64a4
cceprint: [_ZN8cceprint22copy_matrix_cc_to_cbufEPN8bfloat165Bf16TEPfhttjth11QuantMode_thbb] -> 0xffffad3c67dc
cceprint: [_ZN8cceprint22copy_matrix_cc_to_cbufEPN8bfloat165Bf16TEPfhttjthh11QuantMode_thbbb] -> 0xffffad3c6b14
cceprint: [_ZN8cceprint22copy_matrix_cc_to_cbufEPfS0_mm] -> 0xffffad3c6ec8
cceprint: [_ZN8cceprint22copy_matrix_cc_to_cbufEPaPfmm] -> 0xffffad3c7018
cceprint: [_ZN8cceprint22copy_matrix_cc_to_cbufEPaPfhttjthh11QuantMode_thbbb] -> 0xffffad3c7168
cceprint: [_ZN8cceprint22copy_matrix_cc_to_cbufEPaPfhttjthh11QuantMode_thbb14QuantMode_posthbhhb] -> 0xffffad3c751c
cceprint: [_ZN8cceprint22copy_matrix_cc_to_cbufEPaPfhttjth11QuantMode_thbb] -> 0xffffad3c7a18
cceprint: [_ZN8cceprint22copy_matrix_cc_to_cbufEPhPfmm] -> 0xffffad3c7d50
cceprint: [_ZN8cceprint22copy_matrix_cc_to_cbufEPhPfhttjthh11QuantMode_thbbb] -> 0xffffad3c7ea0
cceprint: [_ZN8cceprint22copy_matrix_cc_to_cbufEPhPfhttjthh11QuantMode_thbb14QuantMode_posthbhhb] -> 0xffffad3c8254
cceprint: [_ZN8cceprint22copy_matrix_cc_to_cbufEPfS0_httjthh11QuantMode_thbbb] -> 0xffffad3c8750
cceprint: [_ZN8cceprint22copy_matrix_cc_to_cbufEPfS0_httjthh11QuantMode_thbb14QuantMode_posthbhhb] -> 0xffffad3c8b04
cceprint: [_ZN8cceprint22copy_matrix_cc_to_cbufEPiS0_mm] -> 0xffffad3c9000
cceprint: [_ZN8cceprint22copy_matrix_cc_to_cbufEPN7float165Fp16TEPimm] -> 0xffffad3c9150
cceprint: [_ZN8cceprint22copy_matrix_cc_to_cbufEPN7float165Fp16TEPihttjthh11QuantMode_thbbb] -> 0xffffad3c92a0
cceprint: [_ZN8cceprint22copy_matrix_cc_to_cbufEPN7float165Fp16TEPihttjthh11QuantMode_thbb14QuantMode_posthbhhb] -> 0xffffad3c9654
cceprint: [_ZN8cceprint22copy_matrix_cc_to_cbufEPN7float165Fp16TEPihttjth11QuantMode_thbb] -> 0xffffad3c9b50
cceprint: [_ZN8cceprint22copy_matrix_cc_to_cbufEPsPimm] -> 0xffffad3c9e88
cceprint: [_ZN8cceprint22copy_matrix_cc_to_cbufEPsPihttjth11QuantMode_thbb] -> 0xffffad3c9fd8
cceprint: [_ZN8cceprint22copy_matrix_cc_to_cbufEPaPimm] -> 0xffffad3ca310
cceprint: [_ZN8cceprint22copy_matrix_cc_to_cbufEPaPihttjthh11QuantMode_thbbb] -> 0xffffad3ca460
cceprint: [_ZN8cceprint22copy_matrix_cc_to_cbufEPaPihttjthh11QuantMode_thbb14QuantMode_posthbhhb] -> 0xffffad3ca814
cceprint: [_ZN8cceprint22copy_matrix_cc_to_cbufEPaPihttjth11QuantMode_thbb] -> 0xffffad3cad10
cceprint: [_ZN8cceprint22copy_matrix_cc_to_cbufEPhPimm] -> 0xffffad3cb048
cceprint: [_ZN8cceprint22copy_matrix_cc_to_cbufEPhPihttjthh11QuantMode_thbbb] -> 0xffffad3cb198
cceprint: [_ZN8cceprint22copy_matrix_cc_to_cbufEPhPihttjthh11QuantMode_thbb14QuantMode_posthbhhb] -> 0xffffad3cb54c
cceprint: [_ZN8cceprint22copy_matrix_cc_to_cbufEPhPihttjth11QuantMode_thbb] -> 0xffffad3cba48
cceprint: [_ZN8cceprint22copy_matrix_cc_to_cbufEPiS0_httjthh11QuantMode_thbbb] -> 0xffffad3cbd80
cceprint: [_ZN8cceprint22copy_matrix_cc_to_cbufEPiS0_httjthh11QuantMode_thbb14QuantMode_posthbhhb] -> 0xffffad3cc134
cceprint: [_ZN8cceprint25copy_matrix_cc_to_cbuf_b4EPvPfmm] -> 0xffffad3cc630
cceprint: [_ZN8cceprint25copy_matrix_cc_to_cbuf_b4EPvPfhttjth11QuantMode_thbb] -> 0xffffad3cc780
cceprint: [_ZN8cceprint25copy_matrix_cc_to_cbuf_b4EPvPimm] -> 0xffffad3ccab8
cceprint: [_ZN8cceprint25copy_matrix_cc_to_cbuf_b4EPvPihttjth11QuantMode_thbb] -> 0xffffad3ccc08
cceprint: [_ZN8cceprint27copy_matrix_cc_to_cbuf_bf16EPtPfmm] -> 0xffffad3ccf40
cceprint: [_ZN8cceprint27copy_matrix_cc_to_cbuf_bf16EPtPfhttjthh11QuantMode_thbbb] -> 0xffffad3cd090
cceprint: [_ZN8cceprint27copy_matrix_cc_to_cbuf_bf16EPtPfhttjthh11QuantMode_thbb14QuantMode_posthbhhb] -> 0xffffad3cd444
cceprint: [_ZN8cceprint27copy_matrix_cc_to_cbuf_bf16EPtPfhttjth11QuantMode_thbb] -> 0xffffad3cd940
cceprint: [_ZN8cceprint25copy_matrix_cc_to_cbuf_s4EPvPfmm] -> 0xffffad3cdc78
cceprint: [_ZN8cceprint25copy_matrix_cc_to_cbuf_s4EPvPfhttjthh11QuantMode_thbbb] -> 0xffffad3cddc8
cceprint: [_ZN8cceprint25copy_matrix_cc_to_cbuf_s4EPvPfhttjthh11QuantMode_thbb14QuantMode_posthbhhb] -> 0xffffad3ce17c
cceprint: [_ZN8cceprint25copy_matrix_cc_to_cbuf_s4EPvPimm] -> 0xffffad3ce678
cceprint: [_ZN8cceprint25copy_matrix_cc_to_cbuf_s4EPvPihttjthh11QuantMode_thbbb] -> 0xffffad3ce7c8
cceprint: [_ZN8cceprint25copy_matrix_cc_to_cbuf_s4EPvPihttjthh11QuantMode_thbb14QuantMode_posthbhhb] -> 0xffffad3ceb7c
cceprint: [_ZN8cceprint20copy_matrix_cc_to_gmEPN7float165Fp16TEPfmm] -> 0xffffad3cf078
cceprint: [_ZN8cceprint20copy_matrix_cc_to_gmEPN7float165Fp16TEPfhttjthh11QuantMode_thbbb] -> 0xffffad3cf240
cceprint: [_ZN8cceprint20copy_matrix_cc_to_gmEPN7float165Fp16TEPfhttjthh11QuantMode_thbb14QuantMode_posthbhhb] -> 0xffffad3cf66c
cceprint: [_ZN8cceprint20copy_matrix_cc_to_gmEPN7float165Fp16TEPfhttjth11QuantMode_thbb] -> 0xffffad3cfbe0
cceprint: [_ZN8cceprint20copy_matrix_cc_to_gmEPfS0_mm] -> 0xffffad3cff90
cceprint: [_ZN8cceprint20copy_matrix_cc_to_gmEPaPfmm] -> 0xffffad3d0158
cceprint: [_ZN8cceprint20copy_matrix_cc_to_gmEPaPfhttjthh11QuantMode_thbbb] -> 0xffffad3d0320
cceprint: [_ZN8cceprint20copy_matrix_cc_to_gmEPaPfhttjthh11QuantMode_thbb14QuantMode_posthbhhb] -> 0xffffad3d074c
cceprint: [_ZN8cceprint20copy_matrix_cc_to_gmEPaPfhttjth11QuantMode_thbb] -> 0xffffad3d0cc0
cceprint: [_ZN8cceprint20copy_matrix_cc_to_gmEPhPfmm] -> 0xffffad3d1070
cceprint: [_ZN8cceprint20copy_matrix_cc_to_gmEPhPfhttjthh11QuantMode_thbbb] -> 0xffffad3d1238
cceprint: [_ZN8cceprint20copy_matrix_cc_to_gmEPhPfhttjthh11QuantMode_thbb14QuantMode_posthbhhb] -> 0xffffad3d1664
cceprint: [_ZN8cceprint20copy_matrix_cc_to_gmEPhPfhttjth11QuantMode_thbb] -> 0xffffad3d1bd8
cceprint: [_ZN8cceprint20copy_matrix_cc_to_gmEPfS0_httjthh11QuantMode_thbbb] -> 0xffffad3d1f88
cceprint: [_ZN8cceprint20copy_matrix_cc_to_gmEPfS0_httjthh11QuantMode_thbb14QuantMode_posthbhhb] -> 0xffffad3d23b4
cceprint: [_ZN8cceprint20copy_matrix_cc_to_gmEPfS0_httjth11QuantMode_thbb] -> 0xffffad3d2928
cceprint: [_ZN8cceprint20copy_matrix_cc_to_gmEPiS0_mm] -> 0xffffad3d2cd8
cceprint: [_ZN8cceprint20copy_matrix_cc_to_gmEPN7float165Fp16TEPimm] -> 0xffffad3d2ea0
cceprint: [_ZN8cceprint20copy_matrix_cc_to_gmEPN7float165Fp16TEPihttjthh11QuantMode_thbbb] -> 0xffffad3d3068
cceprint: [_ZN8cceprint20copy_matrix_cc_to_gmEPN7float165Fp16TEPihttjthh11QuantMode_thbb14QuantMode_posthbhhb] -> 0xffffad3d3494
cceprint: [_ZN8cceprint20copy_matrix_cc_to_gmEPN7float165Fp16TEPihttjth11QuantMode_thbb] -> 0xffffad3d3a08
cceprint: [_ZN8cceprint20copy_matrix_cc_to_gmEPsPimm] -> 0xffffad3d3db8
cceprint: [_ZN8cceprint20copy_matrix_cc_to_gmEPsPihttjth11QuantMode_thbb] -> 0xffffad3d3f80
cceprint: [_ZN8cceprint20copy_matrix_cc_to_gmEPaPimm] -> 0xffffad3d4330
cceprint: [_ZN8cceprint20copy_matrix_cc_to_gmEPaPihttjthh11QuantMode_thbbb] -> 0xffffad3d44f8
cceprint: [_ZN8cceprint20copy_matrix_cc_to_gmEPaPihttjthh11QuantMode_thbb14QuantMode_posthbhhb] -> 0xffffad3d4924
cceprint: [_ZN8cceprint20copy_matrix_cc_to_gmEPaPihttjth11QuantMode_thbb] -> 0xffffad3d4e98
cceprint: [_ZN8cceprint20copy_matrix_cc_to_gmEPhPimm] -> 0xffffad3d5248
cceprint: [_ZN8cceprint20copy_matrix_cc_to_gmEPhPihttjthh11QuantMode_thbbb] -> 0xffffad3d5410
cceprint: [_ZN8cceprint20copy_matrix_cc_to_gmEPhPihttjthh11QuantMode_thbb14QuantMode_posthbhhb] -> 0xffffad3d583c
cceprint: [_ZN8cceprint20copy_matrix_cc_to_gmEPhPihttjth11QuantMode_thbb] -> 0xffffad3d5db0
cceprint: [_ZN8cceprint20copy_matrix_cc_to_gmEPiS0_httjthh11QuantMode_thbbb] -> 0xffffad3d6160
cceprint: [_ZN8cceprint20copy_matrix_cc_to_gmEPiS0_httjthh11QuantMode_thbb14QuantMode_posthbhhb] -> 0xffffad3d658c
cceprint: [_ZN8cceprint20copy_matrix_cc_to_gmEPiS0_httjth11QuantMode_thbb] -> 0xffffad3d6b00
cceprint: [_ZN8cceprint20copy_matrix_cc_to_gmEPN8bfloat165Bf16TEPfhttjth11QuantMode_thbb] -> 0xffffad3d6eb0
cceprint: [_ZN8cceprint20copy_matrix_cc_to_gmEPN8bfloat165Bf16TEPfhttjthh11QuantMode_thbbb] -> 0xffffad3d7260
cceprint: [_ZN8cceprint23copy_matrix_cc_to_gm_b4EPvPfmm] -> 0xffffad3d768c
cceprint: [_ZN8cceprint23copy_matrix_cc_to_gm_b4EPvPfhttjth11QuantMode_thbb] -> 0xffffad3d7854
cceprint: [_ZN8cceprint23copy_matrix_cc_to_gm_b4EPvPimm] -> 0xffffad3d7c04
cceprint: [_ZN8cceprint23copy_matrix_cc_to_gm_b4EPvPihttjth11QuantMode_thbb] -> 0xffffad3d7dcc
cceprint: [_ZN8cceprint25copy_matrix_cc_to_gm_bf16EPtPfmm] -> 0xffffad3d817c
cceprint: [_ZN8cceprint25copy_matrix_cc_to_gm_bf16EPtPfhttjthh11QuantMode_thbbb] -> 0xffffad3d8344
cceprint: [_ZN8cceprint25copy_matrix_cc_to_gm_bf16EPtPfhttjthh11QuantMode_thbb14QuantMode_posthbhhb] -> 0xffffad3d8770
cceprint: [_ZN8cceprint25copy_matrix_cc_to_gm_bf16EPtPfhttjth11QuantMode_thbb] -> 0xffffad3d8ce4
cceprint: [_ZN8cceprint23copy_matrix_cc_to_gm_s4EPvPfmm] -> 0xffffad3d9094
cceprint: [_ZN8cceprint23copy_matrix_cc_to_gm_s4EPvPfhttjthh11QuantMode_thbbb] -> 0xffffad3d925c
cceprint: [_ZN8cceprint23copy_matrix_cc_to_gm_s4EPvPfhttjthh11QuantMode_thbb14QuantMode_posthbhhb] -> 0xffffad3d9688
cceprint: [_ZN8cceprint23copy_matrix_cc_to_gm_s4EPvPimm] -> 0xffffad3d9bfc
cceprint: [_ZN8cceprint23copy_matrix_cc_to_gm_s4EPvPihttjthh11QuantMode_thbbb] -> 0xffffad3d9dc4
cceprint: [_ZN8cceprint23copy_matrix_cc_to_gm_s4EPvPihttjthh11QuantMode_thbb14QuantMode_posthbhhb] -> 0xffffad3da1f0
cceprint: [_ZN8cceprint20copy_matrix_cc_to_ubEPN7float165Fp16TEPfmm] -> 0xffffad3da764
cceprint: [_ZN8cceprint20copy_matrix_cc_to_ubEPN7float165Fp16TEPfhttjthh11QuantMode_thbbb] -> 0xffffad3da8b4
cceprint: [_ZN8cceprint20copy_matrix_cc_to_ubEPN8bfloat165Bf16TEPfhttjthh11QuantMode_thbbb] -> 0xffffad3dac68
cceprint: [_ZN8cceprint20copy_matrix_cc_to_ubEPN7float165Fp16TEPfhttjthh11QuantMode_thbb14QuantMode_posthbhhb] -> 0xffffad3db01c
cceprint: [_ZN8cceprint20copy_matrix_cc_to_ubEPaPfmm] -> 0xffffad3db518
cceprint: [_ZN8cceprint20copy_matrix_cc_to_ubEPaPfhttjthh11QuantMode_thbbb] -> 0xffffad3db668
cceprint: [_ZN8cceprint20copy_matrix_cc_to_ubEPaPfhttjthh11QuantMode_thbb14QuantMode_posthbhhb] -> 0xffffad3dba1c
cceprint: [_ZN8cceprint20copy_matrix_cc_to_ubEPhPfmm] -> 0xffffad3dbf18
cceprint: [_ZN8cceprint20copy_matrix_cc_to_ubEPhPfhttjthh11QuantMode_thbbb] -> 0xffffad3dc068
cceprint: [_ZN8cceprint20copy_matrix_cc_to_ubEPhPfhttjthh11QuantMode_thbb14QuantMode_posthbhhb] -> 0xffffad3dc41c
cceprint: [_ZN8cceprint20copy_matrix_cc_to_ubEPfS0_mm] -> 0xffffad3dc918
cceprint: [_ZN8cceprint20copy_matrix_cc_to_ubEPfS0_httjthh11QuantMode_thbbb] -> 0xffffad3dca68
cceprint: [_ZN8cceprint20copy_matrix_cc_to_ubEPfS0_httjthh11QuantMode_thbb14QuantMode_posthbhhb] -> 0xffffad3dce1c
cceprint: [_ZN8cceprint20copy_matrix_cc_to_ubEPN7float165Fp16TEPimm] -> 0xffffad3dd318
cceprint: [_ZN8cceprint20copy_matrix_cc_to_ubEPN7float165Fp16TEPihttjthh11QuantMode_thbbb] -> 0xffffad3dd468
cceprint: [_ZN8cceprint20copy_matrix_cc_to_ubEPN7float165Fp16TEPihttjthh11QuantMode_thbb14QuantMode_posthbhhb] -> 0xffffad3dd81c
cceprint: [_ZN8cceprint20copy_matrix_cc_to_ubEPaPimm] -> 0xffffad3ddd18
cceprint: [_ZN8cceprint20copy_matrix_cc_to_ubEPaPihttjthh11QuantMode_thbbb] -> 0xffffad3dde68
cceprint: [_ZN8cceprint20copy_matrix_cc_to_ubEPaPihttjthh11QuantMode_thbb14QuantMode_posthbhhb] -> 0xffffad3de21c
cceprint: [_ZN8cceprint20copy_matrix_cc_to_ubEPhPimm] -> 0xffffad3de718
cceprint: [_ZN8cceprint20copy_matrix_cc_to_ubEPhPihttjthh11QuantMode_thbbb] -> 0xffffad3de868
cceprint: [_ZN8cceprint20copy_matrix_cc_to_ubEPhPihttjthh11QuantMode_thbb14QuantMode_posthbhhb] -> 0xffffad3dec1c
cceprint: [_ZN8cceprint20copy_matrix_cc_to_ubEPiS0_mm] -> 0xffffad3df118
cceprint: [_ZN8cceprint20copy_matrix_cc_to_ubEPiS0_httjthh11QuantMode_thbbb] -> 0xffffad3df268
cceprint: [_ZN8cceprint20copy_matrix_cc_to_ubEPiS0_httjthh11QuantMode_thbb14QuantMode_posthbhhb] -> 0xffffad3df61c
cceprint: [_ZN8cceprint25copy_matrix_cc_to_ub_bf16EPtPfmm] -> 0xffffad3dfb18
cceprint: [_ZN8cceprint25copy_matrix_cc_to_ub_bf16EPtPfhttjthh11QuantMode_thbbb] -> 0xffffad3dfc68
cceprint: [_ZN8cceprint25copy_matrix_cc_to_ub_bf16EPtPfhttjthh11QuantMode_thbb14QuantMode_posthbhhb] -> 0xffffad3e001c
cceprint: [_ZN8cceprint23copy_matrix_cc_to_ub_s4EPvPfmm] -> 0xffffad3e0518
cceprint: [_ZN8cceprint23copy_matrix_cc_to_ub_s4EPvPfhttjthh11QuantMode_thbbb] -> 0xffffad3e0668
cceprint: [_ZN8cceprint23copy_matrix_cc_to_ub_s4EPvPfhttjthh11QuantMode_thbb14QuantMode_posthbhhb] -> 0xffffad3e0a1c
cceprint: [_ZN8cceprint23copy_matrix_cc_to_ub_s4EPvPimm] -> 0xffffad3e0f18
cceprint: [_ZN8cceprint23copy_matrix_cc_to_ub_s4EPvPihttjthh11QuantMode_thbbb] -> 0xffffad3e1068
cceprint: [_ZN8cceprint23copy_matrix_cc_to_ub_s4EPvPihttjthh11QuantMode_thbb14QuantMode_posthbhhb] -> 0xffffad3e141c
cceprint: [_ZN8cceprint22copy_matrix_cc_to_ubufEPN7float165Fp16TES2_m10ConvRelu_t] -> 0xffffad3e1918
cceprint: [_ZN8cceprint22copy_matrix_cc_to_ubufEPN7float165Fp16TES2_htttt10ConvRelu_t] -> 0xffffad3e1a68
cceprint: [_ZN8cceprint22copy_matrix_cc_to_ubufEPN7float165Fp16TEPfm10ConvRelu_t] -> 0xffffad3e1ca8
cceprint: [_ZN8cceprint22copy_matrix_cc_to_ubufEPN7float165Fp16TEPfhtttt10ConvRelu_t] -> 0xffffad3e1df8
cceprint: [_ZN8cceprint22copy_matrix_cc_to_ubufEPfS0_m10ConvRelu_t] -> 0xffffad3e2038
cceprint: [_ZN8cceprint22copy_matrix_cc_to_ubufEPfS0_htttt10ConvRelu_t] -> 0xffffad3e2188
cceprint: [_ZN8cceprint22copy_matrix_cc_to_ubufEPN7float165Fp16TEPim10ConvRelu_t] -> 0xffffad3e23c8
cceprint: [_ZN8cceprint22copy_matrix_cc_to_ubufEPN7float165Fp16TEPihtttt10ConvRelu_t] -> 0xffffad3e2518
cceprint: [_ZN8cceprint22copy_matrix_cc_to_ubufEPsPim10ConvRelu_t] -> 0xffffad3e2758
cceprint: [_ZN8cceprint22copy_matrix_cc_to_ubufEPsPihtttt10ConvRelu_t] -> 0xffffad3e28a8
cceprint: [_ZN8cceprint22copy_matrix_cc_to_ubufEPiS0_m10ConvRelu_t] -> 0xffffad3e2ae8
cceprint: [_ZN8cceprint22copy_matrix_cc_to_ubufEPiS0_htttt10ConvRelu_t] -> 0xffffad3e2c38
cceprint: [_ZN8cceprint22copy_matrix_cc_to_ubufEPaPim10ConvRelu_t] -> 0xffffad3e2e78
cceprint: [_ZN8cceprint22copy_matrix_cc_to_ubufEPaPihtttt10ConvRelu_t] -> 0xffffad3e2fc8
cceprint: [_ZN8cceprint22copy_matrix_cc_to_ubufEPjS0_m10ConvRelu_t] -> 0xffffad3e3208
cceprint: [_ZN8cceprint22copy_matrix_cc_to_ubufEPjS0_htttt10ConvRelu_t] -> 0xffffad3e3358
cceprint: [_ZN8cceprint22copy_matrix_cc_to_ubufEPhPim10ConvRelu_t] -> 0xffffad3e3598
cceprint: [_ZN8cceprint22copy_matrix_cc_to_ubufEPhPihtttt10ConvRelu_t] -> 0xffffad3e36e8
cceprint: [_ZN8cceprint22copy_matrix_ubuf_to_ccEPN7float165Fp16TES2_m10ConvRelu_t] -> 0xffffad3e3928
cceprint: [_ZN8cceprint22copy_matrix_ubuf_to_ccEPN7float165Fp16TES2_htttt10ConvRelu_t] -> 0xffffad3e3a78
cceprint: [_ZN8cceprint22copy_matrix_ubuf_to_ccEPfS0_m10ConvRelu_t] -> 0xffffad3e3cb8
cceprint: [_ZN8cceprint22copy_matrix_ubuf_to_ccEPfS0_htttt10ConvRelu_t] -> 0xffffad3e3e08
cceprint: [_ZN8cceprint22copy_matrix_ubuf_to_ccEPfPN7float165Fp16TEm10ConvRelu_t] -> 0xffffad3e4048
cceprint: [_ZN8cceprint22copy_matrix_ubuf_to_ccEPfPN7float165Fp16TEhtttt10ConvRelu_t] -> 0xffffad3e4198
cceprint: [_ZN8cceprint22copy_matrix_ubuf_to_ccEPiS0_m10ConvRelu_t] -> 0xffffad3e43d8
cceprint: [_ZN8cceprint22copy_matrix_ubuf_to_ccEPiS0_htttt10ConvRelu_t] -> 0xffffad3e4528
cceprint: [_ZN8cceprint22copy_matrix_ubuf_to_ccEPjS0_m10ConvRelu_t] -> 0xffffad3e4768
cceprint: [_ZN8cceprint22copy_matrix_ubuf_to_ccEPjS0_htttt10ConvRelu_t] -> 0xffffad3e48b8
cceprint: [_ZN8cceprint28copy_small_matrix_cc_to_ubufEPN7float165Fp16TEPim10ConvRelu_t] -> 0xffffad3e4af8
cceprint: [_ZN8cceprint28copy_small_matrix_cc_to_ubufEPN7float165Fp16TEPihtttt10ConvRelu_t] -> 0xffffad3e4c48
cceprint: [_ZN8cceprint28copy_small_matrix_cc_to_ubufEPsPim10ConvRelu_t] -> 0xffffad3e4e88
cceprint: [_ZN8cceprint28copy_small_matrix_cc_to_ubufEPsPihtttt10ConvRelu_t] -> 0xffffad3e4fd8
cceprint: [_ZN8cceprint28copy_small_matrix_cc_to_ubufEPiS0_m10ConvRelu_t] -> 0xffffad3e5218
cceprint: [_ZN8cceprint28copy_small_matrix_cc_to_ubufEPiS0_htttt10ConvRelu_t] -> 0xffffad3e5368
cceprint: [_ZN8cceprint28copy_small_matrix_cc_to_ubufEPaPim10ConvRelu_t] -> 0xffffad3e55a8
cceprint: [_ZN8cceprint28copy_small_matrix_cc_to_ubufEPaPihtttt10ConvRelu_t] -> 0xffffad3e56f8
cceprint: [_ZN8cceprint28copy_small_matrix_cc_to_ubufEPjS0_m10ConvRelu_t] -> 0xffffad3e5938
cceprint: [_ZN8cceprint28copy_small_matrix_cc_to_ubufEPjS0_htttt10ConvRelu_t] -> 0xffffad3e5a88
cceprint: [_ZN8cceprint28copy_small_matrix_cc_to_ubufEPhPim10ConvRelu_t] -> 0xffffad3e5cc8
cceprint: [_ZN8cceprint28copy_small_matrix_cc_to_ubufEPhPihtttt10ConvRelu_t] -> 0xffffad3e5e18
cceprint: [_ZN8cceprint28copy_small_matrix_ubuf_to_ccEPiS0_m10ConvRelu_t] -> 0xffffad3e6058
cceprint: [_ZN8cceprint28copy_small_matrix_ubuf_to_ccEPiS0_htttt10ConvRelu_t] -> 0xffffad3e61a8
cceprint: [_ZN8cceprint28copy_small_matrix_ubuf_to_ccEPjS0_m10ConvRelu_t] -> 0xffffad3e63e8
cceprint: [_ZN8cceprint28copy_small_matrix_ubuf_to_ccEPjS0_htttt10ConvRelu_t] -> 0xffffad3e6538
cceprint: [_ZN8cceprint17copy_ubuf_to_cbufEPvS0_m] -> 0xffffad3e6778
cceprint: [_ZN8cceprint17copy_ubuf_to_cbufEPvS0_htttt] -> 0xffffad3e6880
cceprint: [_ZN8cceprint17copy_ubuf_to_fbufEPvS0_m] -> 0xffffad3e6a78
cceprint: [_ZN8cceprint17copy_ubuf_to_fbufEPvS0_9CvtMode_ttttt] -> 0xffffad3e6b80
cceprint: [_ZN8cceprint15copy_ubuf_to_gmEPvS0_m] -> 0xffffad3e6d78
cceprint: [_ZN8cceprint15copy_ubuf_to_gmEPvS0_m4bm_t] -> 0xffffad3e6ef8
cceprint: [_ZN8cceprint15copy_ubuf_to_gmEPvS0_htttt4bm_t] -> 0xffffad3e70c0
cceprint: [_ZN8cceprint15copy_ubuf_to_gmEPvS0_htttt] -> 0xffffad3e7378
cceprint: [_ZN8cceprint25copy_ubuf_to_gm_align_b16EPvS0_mm] -> 0xffffad3e75e8
cceprint: [_ZN8cceprint25copy_ubuf_to_gm_align_b16EPvS0_htjhhjj] -> 0xffffad3e77b0
cceprint: [_ZN8cceprint25copy_ubuf_to_gm_align_b32EPvS0_mm] -> 0xffffad3e7aac
cceprint: [_ZN8cceprint25copy_ubuf_to_gm_align_b32EPvS0_htjhhjj] -> 0xffffad3e7c74
cceprint: [_ZN8cceprint24copy_ubuf_to_gm_align_b8EPvS0_mm] -> 0xffffad3e7f70
cceprint: [_ZN8cceprint24copy_ubuf_to_gm_align_b8EPvS0_htjhhjj] -> 0xffffad3e8138
cceprint: [_ZN8cceprint21copy_ubuf_to_gm_alignEPaS0_htjjj] -> 0xffffad3e8434
cceprint: [_ZN8cceprint21copy_ubuf_to_gm_alignEPhS0_htjjj] -> 0xffffad3e86a4
cceprint: [_ZN8cceprint21copy_ubuf_to_gm_alignEPsS0_htjjj] -> 0xffffad3e8914
cceprint: [_ZN8cceprint21copy_ubuf_to_gm_alignEPtS0_htjjj] -> 0xffffad3e8b84
cceprint: [_ZN8cceprint21copy_ubuf_to_gm_alignEPN7float165Fp16TES2_htjjj] -> 0xffffad3e8df4
cceprint: [_ZN8cceprint21copy_ubuf_to_gm_alignEPiS0_htjjj] -> 0xffffad3e9064
cceprint: [_ZN8cceprint21copy_ubuf_to_gm_alignEPjS0_htjjj] -> 0xffffad3e92d4
cceprint: [_ZN8cceprint21copy_ubuf_to_gm_alignEPfS0_htjjj] -> 0xffffad3e9544
cceprint: [_ZN8cceprint23copy_ubuf_to_gm_pad_b16EPvS0_mm] -> 0xffffad3e97b4
cceprint: [_ZN8cceprint23copy_ubuf_to_gm_pad_b16EPvS0_htttthh] -> 0xffffad3e997c
cceprint: [_ZN8cceprint23copy_ubuf_to_gm_pad_b32EPvS0_mm] -> 0xffffad3e9c78
cceprint: [_ZN8cceprint23copy_ubuf_to_gm_pad_b32EPvS0_htttthh] -> 0xffffad3e9e40
cceprint: [_ZN8cceprint22copy_ubuf_to_gm_pad_b8EPvS0_mm] -> 0xffffad3ea13c
cceprint: [_ZN8cceprint22copy_ubuf_to_gm_pad_b8EPvS0_htttthh] -> 0xffffad3ea304
cceprint: [_ZN8cceprint17copy_ubuf_to_ubufEPvS0_m] -> 0xffffad3ea600
cceprint: [_ZN8cceprint17copy_ubuf_to_ubufEPvS0_htttt] -> 0xffffad3ea708
cceprint: [_ZN8cceprint22copy_vector_cc_to_ubufEPN7float165Fp16TES2_m10ConvRelu_t] -> 0xffffad3ea900
cceprint: [_ZN8cceprint22copy_vector_cc_to_ubufEPN7float165Fp16TES2_htttt10ConvRelu_t] -> 0xffffad3eaa50
cceprint: [_ZN8cceprint22copy_vector_cc_to_ubufEPN7float165Fp16TEPfm10ConvRelu_t] -> 0xffffad3eac90
cceprint: [_ZN8cceprint22copy_vector_cc_to_ubufEPN7float165Fp16TEPfhtttt10ConvRelu_t] -> 0xffffad3eade0
cceprint: [_ZN8cceprint22copy_vector_cc_to_ubufEPfS0_m10ConvRelu_t] -> 0xffffad3eb020
cceprint: [_ZN8cceprint22copy_vector_cc_to_ubufEPfS0_htttt10ConvRelu_t] -> 0xffffad3eb170
cceprint: [_ZN8cceprint22copy_vector_cc_to_ubufEPN7float165Fp16TEPim10ConvRelu_t] -> 0xffffad3eb3b0
cceprint: [_ZN8cceprint22copy_vector_cc_to_ubufEPN7float165Fp16TEPihtttt10ConvRelu_t] -> 0xffffad3eb500
cceprint: [_ZN8cceprint22copy_vector_cc_to_ubufEPsPim10ConvRelu_t] -> 0xffffad3eb740
cceprint: [_ZN8cceprint22copy_vector_cc_to_ubufEPsPihtttt10ConvRelu_t] -> 0xffffad3eb890
cceprint: [_ZN8cceprint22copy_vector_cc_to_ubufEPiS0_m10ConvRelu_t] -> 0xffffad3ebad0
cceprint: [_ZN8cceprint22copy_vector_cc_to_ubufEPiS0_htttt10ConvRelu_t] -> 0xffffad3ebc20
cceprint: [_ZN8cceprint22copy_vector_cc_to_ubufEPaPim10ConvRelu_t] -> 0xffffad3ebe60
cceprint: [_ZN8cceprint22copy_vector_cc_to_ubufEPaPihtttt10ConvRelu_t] -> 0xffffad3ebfb0
cceprint: [_ZN8cceprint22copy_vector_cc_to_ubufEPjS0_m10ConvRelu_t] -> 0xffffad3ec1f0
cceprint: [_ZN8cceprint22copy_vector_cc_to_ubufEPjS0_htttt10ConvRelu_t] -> 0xffffad3ec340
cceprint: [_ZN8cceprint22copy_vector_cc_to_ubufEPhPim10ConvRelu_t] -> 0xffffad3ec580
cceprint: [_ZN8cceprint22copy_vector_cc_to_ubufEPhPihtttt10ConvRelu_t] -> 0xffffad3ec6d0
cceprint: [_ZN8cceprint22copy_vector_ubuf_to_ccEPN7float165Fp16TES2_m10ConvRelu_t] -> 0xffffad3ec910
cceprint: [_ZN8cceprint22copy_vector_ubuf_to_ccEPN7float165Fp16TES2_htttt10ConvRelu_t] -> 0xffffad3eca60
cceprint: [_ZN8cceprint22copy_vector_ubuf_to_ccEPfS0_m10ConvRelu_t] -> 0xffffad3ecca0
cceprint: [_ZN8cceprint22copy_vector_ubuf_to_ccEPfS0_htttt10ConvRelu_t] -> 0xffffad3ecdf0
cceprint: [_ZN8cceprint22copy_vector_ubuf_to_ccEPfPN7float165Fp16TEm10ConvRelu_t] -> 0xffffad3ed030
cceprint: [_ZN8cceprint22copy_vector_ubuf_to_ccEPfPN7float165Fp16TEhtttt10ConvRelu_t] -> 0xffffad3ed180
cceprint: [_ZN8cceprint22copy_vector_ubuf_to_ccEPiS0_m10ConvRelu_t] -> 0xffffad3ed3c0
cceprint: [_ZN8cceprint22copy_vector_ubuf_to_ccEPiS0_htttt10ConvRelu_t] -> 0xffffad3ed510
cceprint: [_ZN8cceprint22copy_vector_ubuf_to_ccEPjS0_m10ConvRelu_t] -> 0xffffad3ed750
cceprint: [_ZN8cceprint22copy_vector_ubuf_to_ccEPjS0_htttt10ConvRelu_t] -> 0xffffad3ed8a0
cceprint: [_ZN8cceprint16create_ca_matrixEPvlN7float165Fp16TE] -> 0xffffad3edae0
cceprint: [_ZN8cceprint16create_ca_matrixEPN7float165Fp16TElS1_] -> 0xffffad3edbf0
cceprint: [_ZN8cceprint16create_ca_matrixEPslN7float165Fp16TE] -> 0xffffad3edd00
cceprint: [_ZN8cceprint16create_ca_matrixEPtlN7float165Fp16TE] -> 0xffffad3ede10
cceprint: [_ZN8cceprint16create_ca_matrixEPN7float165Fp16TElj] -> 0xffffad3edf20
cceprint: [_ZN8cceprint16create_ca_matrixEPflj] -> 0xffffad3ee01c
cceprint: [_ZN8cceprint16create_ca_matrixEPflN7float165Fp16TE] -> 0xffffad3ee118
cceprint: [_ZN8cceprint16create_ca_matrixEPslj] -> 0xffffad3ee228
cceprint: [_ZN8cceprint16create_ca_matrixEPilj] -> 0xffffad3ee324
cceprint: [_ZN8cceprint16create_ca_matrixEPilN7float165Fp16TE] -> 0xffffad3ee420
cceprint: [_ZN8cceprint16create_ca_matrixEPtlj] -> 0xffffad3ee530
cceprint: [_ZN8cceprint16create_ca_matrixEPjlj] -> 0xffffad3ee62c
cceprint: [_ZN8cceprint16create_ca_matrixEPjlN7float165Fp16TE] -> 0xffffad3ee728
cceprint: [_ZN8cceprint21create_ca_matrix_bf16EPN8bfloat165Bf16TElS1_] -> 0xffffad3ee838
cceprint: [_ZN8cceprint16create_cb_matrixEPvlN7float165Fp16TE] -> 0xffffad3ee948
cceprint: [_ZN8cceprint16create_cb_matrixEPN7float165Fp16TElS1_] -> 0xffffad3eea58
cceprint: [_ZN8cceprint16create_cb_matrixEPslN7float165Fp16TE] -> 0xffffad3eeb68
cceprint: [_ZN8cceprint16create_cb_matrixEPtlN7float165Fp16TE] -> 0xffffad3eec78
cceprint: [_ZN8cceprint16create_cb_matrixEPN7float165Fp16TElj] -> 0xffffad3eed88
cceprint: [_ZN8cceprint16create_cb_matrixEPflj] -> 0xffffad3eee84
cceprint: [_ZN8cceprint16create_cb_matrixEPflN7float165Fp16TE] -> 0xffffad3eef80
cceprint: [_ZN8cceprint16create_cb_matrixEPslj] -> 0xffffad3ef090
cceprint: [_ZN8cceprint16create_cb_matrixEPilj] -> 0xffffad3ef18c
cceprint: [_ZN8cceprint16create_cb_matrixEPilN7float165Fp16TE] -> 0xffffad3ef288
cceprint: [_ZN8cceprint16create_cb_matrixEPtlj] -> 0xffffad3ef398
cceprint: [_ZN8cceprint16create_cb_matrixEPjlj] -> 0xffffad3ef494
cceprint: [_ZN8cceprint16create_cb_matrixEPjlN7float165Fp16TE] -> 0xffffad3ef590
cceprint: [_ZN8cceprint21create_cb_matrix_bf16EPN8bfloat165Bf16TElS1_] -> 0xffffad3ef6a0
cceprint: [_ZN8cceprint18create_cbuf_matrixEPvlN7float165Fp16TE] -> 0xffffad3ef7b0
cceprint: [_ZN8cceprint18create_cbuf_matrixEPN7float165Fp16TElS1_] -> 0xffffad3ef8c0
cceprint: [_ZN8cceprint18create_cbuf_matrixEPslN7float165Fp16TE] -> 0xffffad3ef9d0
cceprint: [_ZN8cceprint18create_cbuf_matrixEPtlN7float165Fp16TE] -> 0xffffad3efae0
cceprint: [_ZN8cceprint18create_cbuf_matrixEPN7float165Fp16TElj] -> 0xffffad3efbf0
cceprint: [_ZN8cceprint18create_cbuf_matrixEPflj] -> 0xffffad3efcec
cceprint: [_ZN8cceprint18create_cbuf_matrixEPflN7float165Fp16TE] -> 0xffffad3efde8
cceprint: [_ZN8cceprint18create_cbuf_matrixEPslj] -> 0xffffad3efef8
cceprint: [_ZN8cceprint18create_cbuf_matrixEPilj] -> 0xffffad3efff4
cceprint: [_ZN8cceprint18create_cbuf_matrixEPilN7float165Fp16TE] -> 0xffffad3f00f0
cceprint: [_ZN8cceprint18create_cbuf_matrixEPtlj] -> 0xffffad3f0200
cceprint: [_ZN8cceprint18create_cbuf_matrixEPjlj] -> 0xffffad3f02fc
cceprint: [_ZN8cceprint18create_cbuf_matrixEPjlN7float165Fp16TE] -> 0xffffad3f03f8
cceprint: [_ZN8cceprint23create_cbuf_matrix_bf16EPN8bfloat165Bf16TElS1_] -> 0xffffad3f0508
cceprint: [_ZN8cceprint10dc_preloadEPms] -> 0xffffad3f0618
cceprint: [_ZN8cceprint10dc_preloadEPml] -> 0xffffad3f0750
cceprint: [_ZN8cceprint4dcciEPvm] -> (nil)
cceprint: [_ZN8cceprint4dcciEPvmm] -> (nil)
cceprint: [_ZN8cceprint21decompress_gm_to_cbufEPhS0_l] -> 0xffffad3f0888
cceprint: [_ZN8cceprint21decompress_gm_to_cbufEPhS0_tbhh] -> 0xffffad3f09fc
cceprint: [_ZN8cceprint21decompress_gm_to_cbufEPN7float165Fp16TES2_l] -> 0xffffad3f0c3c
cceprint: [_ZN8cceprint21decompress_gm_to_cbufEPN7float165Fp16TES2_tbhh] -> 0xffffad3f0db0
cceprint: [_ZN8cceprint19decompress_gm_to_ubEPhS0_l] -> 0xffffad3f0ff0
cceprint: [_ZN8cceprint19decompress_gm_to_ubEPhS0_tbhh] -> 0xffffad3f1164
cceprint: [_ZN8cceprint19decompress_gm_to_ubEPN7float165Fp16TES2_l] -> 0xffffad3f13a4
cceprint: [_ZN8cceprint19decompress_gm_to_ubEPN7float165Fp16TES2_tbhh] -> 0xffffad3f1518
cceprint: [_ZN8cceprint14depthwise_convEPN7float165Fp16TES2_S2_mb] -> 0xffffad3f1758
cceprint: [_ZN8cceprint14depthwise_convEPN7float165Fp16TES2_S2_tthhhhb] -> 0xffffad3f18d8
cceprint: [_ZN8cceprint14depthwise_convEPfPN7float165Fp16TES3_mb] -> 0xffffad3f1ba0
cceprint: [_ZN8cceprint14depthwise_convEPfPN7float165Fp16TES3_tthhhhb] -> 0xffffad3f1d20
cceprint: [_ZN8cceprint14depthwise_convEPiPaS1_mb] -> 0xffffad3f1fe8
cceprint: [_ZN8cceprint14depthwise_convEPiPaS1_ttahhhb] -> 0xffffad3f2168
cceprint: [_ZN8cceprint14depthwise_convEPiPhS1_mb] -> 0xffffad3f2430
cceprint: [_ZN8cceprint14depthwise_convEPiPhS1_tthhhhb] -> 0xffffad3f25b0
cceprint: [_ZN8cceprint14depthwise_convEPiPhPamb] -> 0xffffad3f2878
cceprint: [_ZN8cceprint14depthwise_convEPiPhPatthhhhb] -> 0xffffad3f29f8
cceprint: [_ZN8cceprint17depthwise_conv_v2EPN7float165Fp16TES2_S2_m] -> 0xffffad3f2cc0
cceprint: [_ZN8cceprint17depthwise_conv_v2EPN7float165Fp16TES2_S2_tthhhthbbh] -> 0xffffad3f2e04
cceprint: [_ZN8cceprint17depthwise_conv_v2EPfPN7float165Fp16TES3_m] -> 0xffffad3f3180
cceprint: [_ZN8cceprint17depthwise_conv_v2EPfPN7float165Fp16TES3_tthhhthbbh] -> 0xffffad3f32c4
cceprint: [_ZN8cceprint17depthwise_conv_v2EPiPaS1_m] -> 0xffffad3f3640
cceprint: [_ZN8cceprint17depthwise_conv_v2EPiPaS1_tthhhthbbh] -> 0xffffad3f3784
cceprint: [_ZN8cceprint17depthwise_conv_v2EPiPhS1_m] -> 0xffffad3f3b00
cceprint: [_ZN8cceprint17depthwise_conv_v2EPiPhS1_tthhhthbbh] -> 0xffffad3f3c44
cceprint: [_ZN8cceprint17depthwise_conv_v2EPiPhPam] -> 0xffffad3f3fc0
cceprint: [_ZN8cceprint17depthwise_conv_v2EPiPhPatthhhthbbh] -> 0xffffad3f4104
cceprint: [_ZN8cceprint3dsbE9mem_dsb_t] -> 0xffffad3f4480
cceprint: [_ZN8cceprint22fake_overflow_status_1Ev] -> 0xffffad3f4510
cceprint: [_ZN8cceprint22fake_overflow_status_2Ev] -> 0xffffad3f4558
cceprint: [_ZN8cceprint20ffts_cross_core_syncE6pipe_tm] -> 0xffffad3f45a0
cceprint: [_ZN8cceprint5fifr1EPsS0_mm] -> 0xffffad3f4684
cceprint: [_ZN8cceprint5fifr1EPsS0_mm4bm_t] -> 0xffffad3f47d4
cceprint: [_ZN8cceprint5fifr1EPsS0_8w_size_thhhaaaaaaaaaahh4bm_t] -> 0xffffad3f496c
cceprint: [_ZN8cceprint5fifr1EPsS0_8w_size_thhhaaaaaaaaaahh] -> 0xffffad3f4ec8
cceprint: [_ZN8cceprint5fifr1EPsPamm] -> 0xffffad3f53e0
cceprint: [_ZN8cceprint5fifr1EPsPamm4bm_t] -> 0xffffad3f5530
cceprint: [_ZN8cceprint5fifr1EPsPa8w_size_thhhaaaaaaaaaahh4bm_t] -> 0xffffad3f56c8
cceprint: [_ZN8cceprint5fifr1EPsPa8w_size_thhhaaaaaaaaaahh] -> 0xffffad3f5c24
cceprint: [_ZN8cceprint5fifr1EPsPtmm] -> 0xffffad3f613c
cceprint: [_ZN8cceprint5fifr1EPsPtmm4bm_t] -> 0xffffad3f628c
cceprint: [_ZN8cceprint5fifr1EPsPt8w_size_thhhaaaaaaaaaahh4bm_t] -> 0xffffad3f6424
cceprint: [_ZN8cceprint5fifr1EPsPt8w_size_thhhaaaaaaaaaahh] -> 0xffffad3f6980
cceprint: [_ZN8cceprint5fifr1EPsPhmm] -> 0xffffad3f6e98
cceprint: [_ZN8cceprint5fifr1EPsPhmm4bm_t] -> 0xffffad3f6fe8
cceprint: [_ZN8cceprint5fifr1EPsPh8w_size_thhhaaaaaaaaaahh4bm_t] -> 0xffffad3f7180
cceprint: [_ZN8cceprint5fifr1EPsPh8w_size_thhhaaaaaaaaaahh] -> 0xffffad3f76dc
cceprint: [_ZN8cceprint26fix_depthwisein_cc_to_cbufEPaPimm] -> 0xffffad3f7bf4
cceprint: [_ZN8cceprint26fix_depthwisein_cc_to_cbufEPaPi11unit_flag_thtttt13ConvReluFix_tb6Relu_tbS4_6Pool_t5Req_t10DualMode_ttt] -> 0xffffad3f7d44
cceprint: [_ZN8cceprint26fix_depthwisein_cc_to_cbufEPhPimm] -> 0xffffad3f81fc
cceprint: [_ZN8cceprint26fix_depthwisein_cc_to_cbufEPhPi11unit_flag_thtttt13ConvReluFix_tb6Relu_tbS4_6Pool_t5Req_t10DualMode_ttt] -> 0xffffad3f834c
cceprint: [_ZN8cceprint26fix_depthwisein_cc_to_ubufEPaPimm] -> 0xffffad3f8804
cceprint: [_ZN8cceprint26fix_depthwisein_cc_to_ubufEPaPi11unit_flag_thtttt13ConvReluFix_tb6Relu_tbS4_6Pool_t5Req_t10DualMode_ttt] -> 0xffffad3f8954
cceprint: [_ZN8cceprint26fix_depthwisein_cc_to_ubufEPhPimm] -> 0xffffad3f8e0c
cceprint: [_ZN8cceprint26fix_depthwisein_cc_to_ubufEPhPi11unit_flag_thtttt13ConvReluFix_tb6Relu_tbS4_6Pool_t5Req_t10DualMode_ttt] -> 0xffffad3f8f5c
cceprint: [_ZN8cceprint27fix_depthwiseout_cc_to_cbufEPaPimm] -> 0xffffad3f9414
cceprint: [_ZN8cceprint27fix_depthwiseout_cc_to_cbufEPaPi11unit_flag_thtttt13ConvReluFix_tb6Relu_tbS4_6Pool_t5Req_t10DualMode_ttt] -> 0xffffad3f9564
cceprint: [_ZN8cceprint27fix_depthwiseout_cc_to_cbufEPhPimm] -> 0xffffad3f9a1c
cceprint: [_ZN8cceprint27fix_depthwiseout_cc_to_cbufEPhPi11unit_flag_thtttt13ConvReluFix_tb6Relu_tbS4_6Pool_t5Req_t10DualMode_ttt] -> 0xffffad3f9b6c
cceprint: [_ZN8cceprint21fix_matrix_cc_to_cbufEPN7float165Fp16TES2_mm] -> 0xffffad3fa024
cceprint: [_ZN8cceprint21fix_matrix_cc_to_cbufEPaPN7float165Fp16TEmm] -> 0xffffad3fa174
cceprint: [_ZN8cceprint21fix_matrix_cc_to_cbufEPaPN7float165Fp16TE11unit_flag_thtttt13ConvReluFix_tb6Relu_tbS6_6Pool_t5Req_t10DualMode_ttt] -> 0xffffad3fa2c4
cceprint: [_ZN8cceprint21fix_matrix_cc_to_cbufEPhPN7float165Fp16TEmm] -> 0xffffad3fa77c
cceprint: [_ZN8cceprint21fix_matrix_cc_to_cbufEPhPN7float165Fp16TE11unit_flag_thtttt13ConvReluFix_tb6Relu_tbS6_6Pool_t5Req_t10DualMode_ttt] -> 0xffffad3fa8cc
cceprint: [_ZN8cceprint21fix_matrix_cc_to_cbufEPN7float165Fp16TES2_11unit_flag_thtttt13ConvReluFix_tb6Relu_tbS5_6Pool_t5Req_t10DualMode_ttt] -> 0xffffad3fad84
cceprint: [_ZN8cceprint21fix_matrix_cc_to_cbufEPiS0_mm] -> 0xffffad3fb23c
cceprint: [_ZN8cceprint21fix_matrix_cc_to_cbufEPN7float165Fp16TEPimm] -> 0xffffad3fb38c
cceprint: [_ZN8cceprint21fix_matrix_cc_to_cbufEPN7float165Fp16TEPi11unit_flag_thtttt13ConvReluFix_tb6Relu_tbS6_6Pool_t5Req_t10DualMode_ttt] -> 0xffffad3fb4dc
cceprint: [_ZN8cceprint21fix_matrix_cc_to_cbufEPsPimm] -> 0xffffad3fb994
cceprint: [_ZN8cceprint21fix_matrix_cc_to_cbufEPsPi11unit_flag_thtttt13ConvReluFix_tb6Relu_tbS4_6Pool_t5Req_t10DualMode_ttt] -> 0xffffad3fbae4
cceprint: [_ZN8cceprint21fix_matrix_cc_to_cbufEPaPimm] -> 0xffffad3fbf9c
cceprint: [_ZN8cceprint21fix_matrix_cc_to_cbufEPaPi11unit_flag_thtttt13ConvReluFix_tb6Relu_tbS4_6Pool_t5Req_t10DualMode_ttt] -> 0xffffad3fc0ec
cceprint: [_ZN8cceprint21fix_matrix_cc_to_cbufEPhPimm] -> 0xffffad3fc5a4
cceprint: [_ZN8cceprint21fix_matrix_cc_to_cbufEPhPi11unit_flag_thtttt13ConvReluFix_tb6Relu_tbS4_6Pool_t5Req_t10DualMode_ttt] -> 0xffffad3fc6f4
cceprint: [_ZN8cceprint21fix_matrix_cc_to_cbufEPiS0_11unit_flag_thtttt13ConvReluFix_tb6Relu_tbS3_6Pool_t5Req_t10DualMode_ttt] -> 0xffffad3fcbac
cceprint: [_ZN8cceprint21fix_matrix_cc_to_ubufEPN7float165Fp16TES2_mm] -> 0xffffad3fd064
cceprint: [_ZN8cceprint21fix_matrix_cc_to_ubufEPN7float165Fp16TES2_11unit_flag_thtttt13ConvReluFix_tb6Relu_tbS5_6Pool_t5Req_t10DualMode_ttt] -> 0xffffad3fd1b4
cceprint: [_ZN8cceprint21fix_matrix_cc_to_ubufEPN7float165Fp16TEPimm] -> 0xffffad3fd66c
cceprint: [_ZN8cceprint21fix_matrix_cc_to_ubufEPN7float165Fp16TEPi11unit_flag_thtttt13ConvReluFix_tb6Relu_tbS6_6Pool_t5Req_t10DualMode_ttt] -> 0xffffad3fd7bc
cceprint: [_ZN8cceprint21fix_matrix_cc_to_ubufEPsPimm] -> 0xffffad3fdc74
cceprint: [_ZN8cceprint21fix_matrix_cc_to_ubufEPsPi11unit_flag_thtttt13ConvReluFix_tb6Relu_tbS4_6Pool_t5Req_t10DualMode_ttt] -> 0xffffad3fddc4
cceprint: [_ZN8cceprint21fix_matrix_cc_to_ubufEPiS0_mm] -> 0xffffad3fe27c
cceprint: [_ZN8cceprint21fix_matrix_cc_to_ubufEPiS0_11unit_flag_thtttt13ConvReluFix_tb6Relu_tbS3_6Pool_t5Req_t10DualMode_ttt] -> 0xffffad3fe3cc
cceprint: [_ZN8cceprint21fix_matrix_cc_to_ubufEPaPimm] -> 0xffffad3fe884
cceprint: [_ZN8cceprint21fix_matrix_cc_to_ubufEPaPi11unit_flag_thtttt13ConvReluFix_tb6Relu_tbS4_6Pool_t5Req_t10DualMode_ttt] -> 0xffffad3fe9d4
cceprint: [_ZN8cceprint21fix_matrix_cc_to_ubufEPhPimm] -> 0xffffad3fee8c
cceprint: [_ZN8cceprint21fix_matrix_cc_to_ubufEPhPi11unit_flag_thtttt13ConvReluFix_tb6Relu_tbS4_6Pool_t5Req_t10DualMode_ttt] -> 0xffffad3fefdc
cceprint: [_ZN8cceprint23fix_winograd_cc_to_cbufEPiS0_mm] -> 0xffffad3ff494
cceprint: [_ZN8cceprint23fix_winograd_cc_to_cbufEPN7float165Fp16TEPimm] -> 0xffffad3ff5e4
cceprint: [_ZN8cceprint23fix_winograd_cc_to_cbufEPN7float165Fp16TEPi11unit_flag_thtttt13ConvReluFix_tb6Relu_tbS6_6Pool_t5Req_t10DualMode_ttt] -> 0xffffad3ff734
cceprint: [_ZN8cceprint23fix_winograd_cc_to_cbufEPsPimm] -> 0xffffad3ffbec
cceprint: [_ZN8cceprint23fix_winograd_cc_to_cbufEPsPi11unit_flag_thtttt13ConvReluFix_tb6Relu_tbS4_6Pool_t5Req_t10DualMode_ttt] -> 0xffffad3ffd3c
cceprint: [_ZN8cceprint23fix_winograd_cc_to_cbufEPaPimm] -> 0xffffad4001f4
cceprint: [_ZN8cceprint23fix_winograd_cc_to_cbufEPaPi11unit_flag_thtttt13ConvReluFix_tb6Relu_tbS4_6Pool_t5Req_t10DualMode_ttt] -> 0xffffad400344
cceprint: [_ZN8cceprint23fix_winograd_cc_to_cbufEPhPimm] -> 0xffffad4007fc
cceprint: [_ZN8cceprint23fix_winograd_cc_to_cbufEPhPi11unit_flag_thtttt13ConvReluFix_tb6Relu_tbS4_6Pool_t5Req_t10DualMode_ttt] -> 0xffffad40094c
cceprint: [_ZN8cceprint23fix_winograd_cc_to_cbufEPiS0_11unit_flag_thtttt13ConvReluFix_tb6Relu_tbS3_6Pool_t5Req_t10DualMode_ttt] -> 0xffffad400e04
cceprint: [_ZN8cceprint23fix_winograd_cc_to_ubufEPiS0_mm] -> 0xffffad4012bc
cceprint: [_ZN8cceprint23fix_winograd_cc_to_ubufEPN7float165Fp16TEPimm] -> 0xffffad40140c
cceprint: [_ZN8cceprint23fix_winograd_cc_to_ubufEPN7float165Fp16TEPi11unit_flag_thtttt13ConvReluFix_tb6Relu_tbS6_6Pool_t5Req_t10DualMode_ttt] -> 0xffffad40155c
cceprint: [_ZN8cceprint23fix_winograd_cc_to_ubufEPsPimm] -> 0xffffad401a14
cceprint: [_ZN8cceprint23fix_winograd_cc_to_ubufEPsPi11unit_flag_thtttt13ConvReluFix_tb6Relu_tbS4_6Pool_t5Req_t10DualMode_ttt] -> 0xffffad401b64
cceprint: [_ZN8cceprint23fix_winograd_cc_to_ubufEPaPimm] -> 0xffffad40201c
cceprint: [_ZN8cceprint23fix_winograd_cc_to_ubufEPaPi11unit_flag_thtttt13ConvReluFix_tb6Relu_tbS4_6Pool_t5Req_t10DualMode_ttt] -> 0xffffad40216c
cceprint: [_ZN8cceprint23fix_winograd_cc_to_ubufEPhPimm] -> 0xffffad402624
cceprint: [_ZN8cceprint23fix_winograd_cc_to_ubufEPhPi11unit_flag_thtttt13ConvReluFix_tb6Relu_tbS4_6Pool_t5Req_t10DualMode_ttt] -> 0xffffad402774
cceprint: [_ZN8cceprint23fix_winograd_cc_to_ubufEPiS0_11unit_flag_thtttt13ConvReluFix_tb6Relu_tbS3_6Pool_t5Req_t10DualMode_ttt] -> 0xffffad402c2c
cceprint: [_ZN8cceprint4fmaxEPhS0_m] -> 0xffffad4030e4
cceprint: [_ZN8cceprint4fmaxEPhS0_8w_size_thhhaaaaa] -> 0xffffad4031ec
cceprint: [_ZN8cceprint4fminEPhS0_m] -> 0xffffad403528
cceprint: [_ZN8cceprint4fminEPhS0_8w_size_thhhaaaaa] -> 0xffffad403630
cceprint: [_ZN8cceprint11get_acc_valEv] -> 0xffffad40396c
cceprint: [_ZN8cceprint6get_arEv] -> 0xffffad4039b4
cceprint: [_ZN8cceprint12get_arch_verEv] -> 0xffffad4039fc
cceprint: [_ZN8cceprint13get_block_idxEv] -> 0xffffad403a44
cceprint: [_ZN8cceprint13get_block_numEv] -> 0xffffad403a5c
cceprint: [_ZN8cceprint11get_cmpmaskEPv] -> 0xffffad403a74
cceprint: [_ZN8cceprint8get_condEv] -> 0xffffad403af8
cceprint: [_ZN8cceprint18get_condition_flagEv] -> 0xffffad403b40
cceprint: [_ZN8cceprint10get_coreidEv] -> 0xffffad403b88
cceprint: [_ZN8cceprint8get_ctrlEv] -> 0xffffad403bd0
cceprint: [_ZN8cceprint18get_data_main_baseEv] -> 0xffffad403c18
cceprint: [_ZN8cceprint13get_data_sizeEv] -> 0xffffad403c60
cceprint: [_ZN8cceprint16get_data_ub_baseEv] -> 0xffffad403ca8
cceprint: [_ZN8cceprint18get_ffts_base_addrEv] -> 0xffffad403cc0
cceprint: [_ZN8cceprint7get_fpcEv] -> 0xffffad403d08
cceprint: [_ZN8cceprint17get_icache_prl_stEv] -> 0xffffad403d50
cceprint: [_ZN8cceprint7get_immEm] -> 0xffffad403d98
cceprint: [_ZN8cceprint7get_immEmm] -> 0xffffad403dac
cceprint: [_ZN8cceprint7get_immEmmm] -> 0xffffad403dc4
cceprint: [_ZN8cceprint7get_immEmmmm] -> 0xffffad403de0
cceprint: [_ZN8cceprint9get_k_numEv] -> 0xffffad403e00
cceprint: [_ZN8cceprint14get_l2_in_mainEv] -> 0xffffad403e48
cceprint: [_ZN8cceprint17get_l2_vaddr_baseEv] -> 0xffffad403e90
cceprint: [_ZN8cceprint9get_lpcntEv] -> 0xffffad403ed8
cceprint: [_ZN8cceprint15get_max_min_cntEv] -> 0xffffad403f20
cceprint: [_ZN8cceprint19get_overflow_statusEv] -> 0xffffad403f68
cceprint: [_ZN8cceprint13get_para_baseEv] -> 0xffffad403fb0
cceprint: [_ZN8cceprint6get_pcEv] -> 0xffffad403ff8
cceprint: [_ZN8cceprint14get_rpn_cor_irEv] -> 0xffffad404040
cceprint: [_ZN8cceprint12get_rsvd_cntEv] -> 0xffffad404088
cceprint: [_ZN8cceprint19get_safety_crc_dataEv] -> 0xffffad4040d0
cceprint: [_ZN8cceprint17get_safety_crc_enEv] -> 0xffffad404118
cceprint: [_ZN8cceprint16get_smmu_tag_verEv] -> 0xffffad404160
cceprint: [_ZN8cceprint17get_st_atomic_cfgEv] -> 0xffffad4041a8
cceprint: [_ZN8cceprint18get_stack_phy_baseEv] -> 0xffffad4041f0
cceprint: [_ZN8cceprint10get_statusEv] -> 0xffffad404238
cceprint: [_ZN8cceprint15get_subblockdimEv] -> 0xffffad404240
cceprint: [_ZN8cceprint14get_subblockidEv] -> 0xffffad404288
cceprint: [_ZN8cceprint11get_sys_cntEv] -> 0xffffad4042d0
cceprint: [_ZN8cceprint15get_sys_va_baseEv] -> 0xffffad404318
cceprint: [_ZN8cceprint14get_thread_dimEv] -> 0xffffad404360
cceprint: [_ZN8cceprint13get_thread_idEv] -> 0xffffad4043a8
cceprint: [_ZN8cceprint6get_vlEv] -> 0xffffad4043f0
cceprint: [_ZN8cceprint11get_vms4_srEv] -> 0xffffad404438
cceprint: [_ZN8cceprint15hebcd_out_to_ubEPvS0_S0_m] -> 0xffffad404480
cceprint: [_ZN8cceprint15hebcd_out_to_ubEPvS0_S0_hhbbhttht] -> 0xffffad404670
cceprint: [_ZN8cceprint15hebce_l1_to_outEPvS0_S0_m] -> 0xffffad404a54
cceprint: [_ZN8cceprint15hebce_l1_to_outEPvS0_S0_bbhhbbhttht] -> 0xffffad404c44
cceprint: [_ZN8cceprint15hebce_ub_to_outEPvS0_S0_m] -> 0xffffad405098
cceprint: [_ZN8cceprint15hebce_ub_to_outEPvS0_S0_bbhhbbhttht] -> 0xffffad405288
cceprint: [_ZN8cceprint9hset_flagE6pipe_tS0_7event_t5mem_tb] -> 0xffffad4056dc
cceprint: [_ZN8cceprint9hset_flagE6pipe_tS0_m5mem_tb] -> 0xffffad405890
cceprint: [_ZN8cceprint10hwait_flagE6pipe_tS0_7event_t5mem_tb] -> 0xffffad405a44
cceprint: [_ZN8cceprint10hwait_flagE6pipe_tS0_m5mem_tb] -> 0xffffad405bf8
cceprint: [_ZN8cceprint18img2col_cbuf_to_caEPN7float165Fp16TES2_mm7csize_t] -> 0xffffad405dac
cceprint: [_ZN8cceprint18img2col_cbuf_to_caEPN7float165Fp16TES2_hhssthhhhhhhhh7csize_t] -> 0xffffad405f44
cceprint: [_ZN8cceprint18img2col_cbuf_to_caEPaS0_mm7csize_t] -> 0xffffad4063f4
cceprint: [_ZN8cceprint18img2col_cbuf_to_caEPaS0_hhssthhhhhhhhh7csize_t] -> 0xffffad40658c
cceprint: [_ZN8cceprint18img2col_cbuf_to_caEPhS0_mm7csize_t] -> 0xffffad406a3c
cceprint: [_ZN8cceprint18img2col_cbuf_to_caEPhS0_hhssthhhhhhhhh7csize_t] -> 0xffffad406bd4
cceprint: [_ZN8cceprint18img2col_cbuf_to_cbEPN7float165Fp16TES2_mm7csize_t] -> 0xffffad407084
cceprint: [_ZN8cceprint18img2col_cbuf_to_cbEPN7float165Fp16TES2_hhssthhhhhhhhh7csize_t] -> 0xffffad40721c
cceprint: [_ZN8cceprint18img2col_cbuf_to_cbEPaS0_mm7csize_t] -> 0xffffad4076cc
cceprint: [_ZN8cceprint18img2col_cbuf_to_cbEPaS0_hhssthhhhhhhhh7csize_t] -> 0xffffad407864
cceprint: [_ZN8cceprint18img2col_cbuf_to_cbEPhS0_mm7csize_t] -> 0xffffad407d14
cceprint: [_ZN8cceprint18img2col_cbuf_to_cbEPhS0_hhssthhhhhhhhh7csize_t] -> 0xffffad407eac
cceprint: [_ZN8cceprint18img2col_cbuf_to_ubEPN7float165Fp16TES2_mm7csize_t] -> 0xffffad40835c
cceprint: [_ZN8cceprint18img2col_cbuf_to_ubEPN7float165Fp16TES2_hhssthhhhhhhhh7csize_t] -> 0xffffad4084f4
cceprint: [_ZN8cceprint18img2col_cbuf_to_ubEPaS0_mm7csize_t] -> 0xffffad4089a4
cceprint: [_ZN8cceprint18img2col_cbuf_to_ubEPaS0_hhssthhhhhhhhh7csize_t] -> 0xffffad408b3c
cceprint: [_ZN8cceprint18img2col_cbuf_to_ubEPhS0_mm7csize_t] -> 0xffffad408fec
cceprint: [_ZN8cceprint18img2col_cbuf_to_ubEPhS0_hhssthhhhhhhhh7csize_t] -> 0xffffad409184
cceprint: [_ZN8cceprint20img2colv2_cbuf_to_caEPN7float165Fp16TES2_mm] -> 0xffffad409634
cceprint: [_ZN8cceprint20img2colv2_cbuf_to_caEPN7float165Fp16TES2_mm4bm_t] -> 0xffffad409784
cceprint: [_ZN8cceprint20img2colv2_cbuf_to_caEPN7float165Fp16TES2_tttthhhhhhbt] -> 0xffffad40991c
cceprint: [_ZN8cceprint20img2colv2_cbuf_to_caEPN7float165Fp16TES2_tttthhhhhhbt4bm_t] -> 0xffffad409cdc
cceprint: [_ZN8cceprint20img2colv2_cbuf_to_caEPN7float165Fp16TES2_tttthhhhhhbbbbt] -> 0xffffad40a0e0
cceprint: [_ZN8cceprint20img2colv2_cbuf_to_caEPN8bfloat165Bf16TES2_mm] -> 0xffffad40a548
cceprint: [_ZN8cceprint20img2colv2_cbuf_to_caEPN8bfloat165Bf16TES2_mm4bm_t] -> 0xffffad40a698
cceprint: [_ZN8cceprint20img2colv2_cbuf_to_caEPN8bfloat165Bf16TES2_tttthhhhhhbt] -> 0xffffad40a830
cceprint: [_ZN8cceprint20img2colv2_cbuf_to_caEPN8bfloat165Bf16TES2_tttthhhhhhbt4bm_t] -> 0xffffad40abf0
cceprint: [_ZN8cceprint20img2colv2_cbuf_to_caEPN8bfloat165Bf16TES2_tttthhhhhhbbbbt] -> 0xffffad40aff4
cceprint: [_ZN8cceprint20img2colv2_cbuf_to_caEPfS0_mm] -> 0xffffad40b45c
cceprint: [_ZN8cceprint20img2colv2_cbuf_to_caEPfS0_mm4bm_t] -> 0xffffad40b5ac
cceprint: [_ZN8cceprint20img2colv2_cbuf_to_caEPfS0_tttthhhhhhbt] -> 0xffffad40b744
cceprint: [_ZN8cceprint20img2colv2_cbuf_to_caEPfS0_tttthhhhhhbt4bm_t] -> 0xffffad40bb04
cceprint: [_ZN8cceprint20img2colv2_cbuf_to_caEPfS0_tttthhhhhhbbbbt] -> 0xffffad40bf08
cceprint: [_ZN8cceprint20img2colv2_cbuf_to_caEPiS0_mm] -> 0xffffad40c370
cceprint: [_ZN8cceprint20img2colv2_cbuf_to_caEPiS0_mm4bm_t] -> 0xffffad40c4c0
cceprint: [_ZN8cceprint20img2colv2_cbuf_to_caEPiS0_tttthhhhhhbt] -> 0xffffad40c658
cceprint: [_ZN8cceprint20img2colv2_cbuf_to_caEPiS0_tttthhhhhhbt4bm_t] -> 0xffffad40ca18
cceprint: [_ZN8cceprint20img2colv2_cbuf_to_caEPiS0_tttthhhhhhbbbbt] -> 0xffffad40ce1c
cceprint: [_ZN8cceprint20img2colv2_cbuf_to_caEPaS0_mm] -> 0xffffad40d284
cceprint: [_ZN8cceprint20img2colv2_cbuf_to_caEPaS0_mm4bm_t] -> 0xffffad40d3d4
cceprint: [_ZN8cceprint20img2colv2_cbuf_to_caEPaS0_tttthhhhhhbt] -> 0xffffad40d56c
cceprint: [_ZN8cceprint20img2colv2_cbuf_to_caEPaS0_tttthhhhhhbt4bm_t] -> 0xffffad40d92c
cceprint: [_ZN8cceprint20img2colv2_cbuf_to_caEPaS0_tttthhhhhhbbbbt] -> 0xffffad40dd30
cceprint: [_ZN8cceprint20img2colv2_cbuf_to_caEPjS0_mm] -> 0xffffad40e198
cceprint: [_ZN8cceprint20img2colv2_cbuf_to_caEPjS0_mm4bm_t] -> 0xffffad40e2e8
cceprint: [_ZN8cceprint20img2colv2_cbuf_to_caEPjS0_tttthhhhhhbt] -> 0xffffad40e480
cceprint: [_ZN8cceprint20img2colv2_cbuf_to_caEPjS0_tttthhhhhhbt4bm_t] -> 0xffffad40e840
cceprint: [_ZN8cceprint20img2colv2_cbuf_to_caEPjS0_tttthhhhhhbbbbt] -> 0xffffad40ec44
cceprint: [_ZN8cceprint20img2colv2_cbuf_to_caEPhS0_mm] -> 0xffffad40f0ac
cceprint: [_ZN8cceprint20img2colv2_cbuf_to_caEPhS0_mm4bm_t] -> 0xffffad40f1fc
cceprint: [_ZN8cceprint20img2colv2_cbuf_to_caEPhS0_tttthhhhhhbt] -> 0xffffad40f394
cceprint: [_ZN8cceprint20img2colv2_cbuf_to_caEPhS0_tttthhhhhhbt4bm_t] -> 0xffffad40f754
cceprint: [_ZN8cceprint20img2colv2_cbuf_to_caEPhS0_tttthhhhhhbbbbt] -> 0xffffad40fb58
cceprint: [_ZN8cceprint23img2colv2_cbuf_to_ca_s4EPvS0_mm] -> 0xffffad40ffc0
cceprint: [_ZN8cceprint23img2colv2_cbuf_to_ca_s4EPvS0_mm4bm_t] -> 0xffffad410110
cceprint: [_ZN8cceprint23img2colv2_cbuf_to_ca_s4EPvS0_tttthhhhhhbt] -> 0xffffad4102a8
cceprint: [_ZN8cceprint23img2colv2_cbuf_to_ca_s4EPvS0_tttthhhhhhbt4bm_t] -> 0xffffad410668
cceprint: [_ZN8cceprint23img2colv2_cbuf_to_ca_s4EPvS0_tttthhhhhhbbbbt] -> 0xffffad410a6c
cceprint: [_ZN8cceprint20img2colv2_cbuf_to_cbEPN7float165Fp16TES2_mm] -> 0xffffad410ed4
cceprint: [_ZN8cceprint20img2colv2_cbuf_to_cbEPN7float165Fp16TES2_mm4bm_t] -> 0xffffad411024
cceprint: [_ZN8cceprint20img2colv2_cbuf_to_cbEPN7float165Fp16TES2_tttthhhhhhbt] -> 0xffffad4111bc
cceprint: [_ZN8cceprint20img2colv2_cbuf_to_cbEPN7float165Fp16TES2_tttthhhhhhbt4bm_t] -> 0xffffad41157c
cceprint: [_ZN8cceprint20img2colv2_cbuf_to_cbEPN7float165Fp16TES2_tttthhhhhhbbbbt] -> 0xffffad411980
cceprint: [_ZN8cceprint20img2colv2_cbuf_to_cbEPN8bfloat165Bf16TES2_mm] -> 0xffffad411de8
cceprint: [_ZN8cceprint20img2colv2_cbuf_to_cbEPN8bfloat165Bf16TES2_mm4bm_t] -> 0xffffad411f38
cceprint: [_ZN8cceprint20img2colv2_cbuf_to_cbEPN8bfloat165Bf16TES2_tttthhhhhhbt] -> 0xffffad4120d0
cceprint: [_ZN8cceprint20img2colv2_cbuf_to_cbEPN8bfloat165Bf16TES2_tttthhhhhhbt4bm_t] -> 0xffffad412490
cceprint: [_ZN8cceprint20img2colv2_cbuf_to_cbEPN8bfloat165Bf16TES2_tttthhhhhhbbbbt] -> 0xffffad412894
cceprint: [_ZN8cceprint20img2colv2_cbuf_to_cbEPfS0_mm] -> 0xffffad412cfc
cceprint: [_ZN8cceprint20img2colv2_cbuf_to_cbEPfS0_mm4bm_t] -> 0xffffad412e4c
cceprint: [_ZN8cceprint20img2colv2_cbuf_to_cbEPfS0_tttthhhhhhbt] -> 0xffffad412fe4
cceprint: [_ZN8cceprint20img2colv2_cbuf_to_cbEPfS0_tttthhhhhhbt4bm_t] -> 0xffffad4133a4
cceprint: [_ZN8cceprint20img2colv2_cbuf_to_cbEPfS0_tttthhhhhhbbbbt] -> 0xffffad4137a8
cceprint: [_ZN8cceprint20img2colv2_cbuf_to_cbEPiS0_mm] -> 0xffffad413c10
cceprint: [_ZN8cceprint20img2colv2_cbuf_to_cbEPiS0_mm4bm_t] -> 0xffffad413d60
cceprint: [_ZN8cceprint20img2colv2_cbuf_to_cbEPiS0_tttthhhhhhbt] -> 0xffffad413ef8
cceprint: [_ZN8cceprint20img2colv2_cbuf_to_cbEPiS0_tttthhhhhhbt4bm_t] -> 0xffffad4142b8
cceprint: [_ZN8cceprint20img2colv2_cbuf_to_cbEPiS0_tttthhhhhhbbbbt] -> 0xffffad4146bc
cceprint: [_ZN8cceprint20img2colv2_cbuf_to_cbEPaS0_mm] -> 0xffffad414b24
cceprint: [_ZN8cceprint20img2colv2_cbuf_to_cbEPaS0_mm4bm_t] -> 0xffffad414c74
cceprint: [_ZN8cceprint20img2colv2_cbuf_to_cbEPaS0_tttthhhhhhbt] -> 0xffffad414e0c
cceprint: [_ZN8cceprint20img2colv2_cbuf_to_cbEPaS0_tttthhhhhhbt4bm_t] -> 0xffffad4151cc
cceprint: [_ZN8cceprint20img2colv2_cbuf_to_cbEPaS0_tttthhhhhhbbbbt] -> 0xffffad4155d0
cceprint: [_ZN8cceprint20img2colv2_cbuf_to_cbEPjS0_mm] -> 0xffffad415a38
cceprint: [_ZN8cceprint20img2colv2_cbuf_to_cbEPjS0_mm4bm_t] -> 0xffffad415b88
cceprint: [_ZN8cceprint20img2colv2_cbuf_to_cbEPjS0_tttthhhhhhbt] -> 0xffffad415d20
cceprint: [_ZN8cceprint20img2colv2_cbuf_to_cbEPjS0_tttthhhhhhbt4bm_t] -> 0xffffad4160e0
cceprint: [_ZN8cceprint20img2colv2_cbuf_to_cbEPjS0_tttthhhhhhbbbbt] -> 0xffffad4164e4
cceprint: [_ZN8cceprint20img2colv2_cbuf_to_cbEPhS0_mm] -> 0xffffad41694c
cceprint: [_ZN8cceprint20img2colv2_cbuf_to_cbEPhS0_mm4bm_t] -> 0xffffad416a9c
cceprint: [_ZN8cceprint20img2colv2_cbuf_to_cbEPhS0_tttthhhhhhbt] -> 0xffffad416c34
cceprint: [_ZN8cceprint20img2colv2_cbuf_to_cbEPhS0_tttthhhhhhbt4bm_t] -> 0xffffad416ff4
cceprint: [_ZN8cceprint20img2colv2_cbuf_to_cbEPhS0_tttthhhhhhbbbbt] -> 0xffffad4173f8
cceprint: [_ZN8cceprint23img2colv2_cbuf_to_cb_s4EPvS0_mm] -> 0xffffad417860
cceprint: [_ZN8cceprint23img2colv2_cbuf_to_cb_s4EPvS0_mm4bm_t] -> 0xffffad4179b0
cceprint: [_ZN8cceprint23img2colv2_cbuf_to_cb_s4EPvS0_tttthhhhhhbt] -> 0xffffad417b48
cceprint: [_ZN8cceprint23img2colv2_cbuf_to_cb_s4EPvS0_tttthhhhhhbt4bm_t] -> 0xffffad417f08
cceprint: [_ZN8cceprint23img2colv2_cbuf_to_cb_s4EPvS0_tttthhhhhhbbbbt] -> 0xffffad41830c
cceprint: [_ZN8cceprint20img2colv2_cbuf_to_ubEPN7float165Fp16TES2_mm] -> 0xffffad418774
cceprint: [_ZN8cceprint20img2colv2_cbuf_to_ubEPN7float165Fp16TES2_mm4bm_t] -> 0xffffad4188c4
cceprint: [_ZN8cceprint20img2colv2_cbuf_to_ubEPN7float165Fp16TES2_tttthhhhhhbt] -> 0xffffad418a5c
cceprint: [_ZN8cceprint20img2colv2_cbuf_to_ubEPN7float165Fp16TES2_tttthhhhhhbt4bm_t] -> 0xffffad418e1c
cceprint: [_ZN8cceprint20img2colv2_cbuf_to_ubEPN7float165Fp16TES2_tttthhhhhhbbbbt] -> 0xffffad419220
cceprint: [_ZN8cceprint20img2colv2_cbuf_to_ubEPfS0_mm] -> 0xffffad419688
cceprint: [_ZN8cceprint20img2colv2_cbuf_to_ubEPfS0_mm4bm_t] -> 0xffffad4197d8
cceprint: [_ZN8cceprint20img2colv2_cbuf_to_ubEPfS0_tttthhhhhhbt] -> 0xffffad419970
cceprint: [_ZN8cceprint20img2colv2_cbuf_to_ubEPfS0_tttthhhhhhbt4bm_t] -> 0xffffad419d30
cceprint: [_ZN8cceprint20img2colv2_cbuf_to_ubEPfS0_tttthhhhhhbbbbt] -> 0xffffad41a134
cceprint: [_ZN8cceprint20img2colv2_cbuf_to_ubEPiS0_mm] -> 0xffffad41a59c
cceprint: [_ZN8cceprint20img2colv2_cbuf_to_ubEPiS0_mm4bm_t] -> 0xffffad41a6ec
cceprint: [_ZN8cceprint20img2colv2_cbuf_to_ubEPiS0_tttthhhhhhbt] -> 0xffffad41a884
cceprint: [_ZN8cceprint20img2colv2_cbuf_to_ubEPiS0_tttthhhhhhbt4bm_t] -> 0xffffad41ac44
cceprint: [_ZN8cceprint20img2colv2_cbuf_to_ubEPiS0_tttthhhhhhbbbbt] -> 0xffffad41b048
cceprint: [_ZN8cceprint20img2colv2_cbuf_to_ubEPaS0_mm] -> 0xffffad41b4b0
cceprint: [_ZN8cceprint20img2colv2_cbuf_to_ubEPaS0_mm4bm_t] -> 0xffffad41b600
cceprint: [_ZN8cceprint20img2colv2_cbuf_to_ubEPaS0_tttthhhhhhbt] -> 0xffffad41b798
cceprint: [_ZN8cceprint20img2colv2_cbuf_to_ubEPaS0_tttthhhhhhbt4bm_t] -> 0xffffad41bb58
cceprint: [_ZN8cceprint20img2colv2_cbuf_to_ubEPaS0_tttthhhhhhbbbbt] -> 0xffffad41bf5c
cceprint: [_ZN8cceprint20img2colv2_cbuf_to_ubEPjS0_mm] -> 0xffffad41c3c4
cceprint: [_ZN8cceprint20img2colv2_cbuf_to_ubEPjS0_mm4bm_t] -> 0xffffad41c514
cceprint: [_ZN8cceprint20img2colv2_cbuf_to_ubEPjS0_tttthhhhhhbt] -> 0xffffad41c6ac
cceprint: [_ZN8cceprint20img2colv2_cbuf_to_ubEPjS0_tttthhhhhhbt4bm_t] -> 0xffffad41ca6c
cceprint: [_ZN8cceprint20img2colv2_cbuf_to_ubEPjS0_tttthhhhhhbbbbt] -> 0xffffad41ce70
cceprint: [_ZN8cceprint20img2colv2_cbuf_to_ubEPhS0_mm] -> 0xffffad41d2d8
cceprint: [_ZN8cceprint20img2colv2_cbuf_to_ubEPhS0_mm4bm_t] -> 0xffffad41d428
cceprint: [_ZN8cceprint20img2colv2_cbuf_to_ubEPhS0_tttthhhhhhbt] -> 0xffffad41d5c0
cceprint: [_ZN8cceprint20img2colv2_cbuf_to_ubEPhS0_tttthhhhhhbt4bm_t] -> 0xffffad41d980
cceprint: [_ZN8cceprint20img2colv2_cbuf_to_ubEPhS0_tttthhhhhhbbbbt] -> 0xffffad41dd84
cceprint: [_ZN8cceprint23img2colv2_cbuf_to_ub_s4EPvS0_mm] -> 0xffffad41e1ec
cceprint: [_ZN8cceprint23img2colv2_cbuf_to_ub_s4EPvS0_mm4bm_t] -> 0xffffad41e33c
cceprint: [_ZN8cceprint23img2colv2_cbuf_to_ub_s4EPvS0_tttthhhhhhbt] -> 0xffffad41e4d4
cceprint: [_ZN8cceprint23img2colv2_cbuf_to_ub_s4EPvS0_tttthhhhhhbt4bm_t] -> 0xffffad41e894
cceprint: [_ZN8cceprint23img2colv2_cbuf_to_ub_s4EPvS0_tttthhhhhhbbbbt] -> 0xffffad41ec98
cceprint: [_ZN8cceprint10insert_immEmhhb] -> 0xffffad41f100
cceprint: [_ZN8cceprint10insert_regEmmhh] -> 0xffffad41f158
cceprint: [_ZN8cceprint6ld_devEPts] -> 0xffffad41f1b0
cceprint: [_ZN8cceprint6ld_devEPjs] -> 0xffffad41f200
cceprint: [_ZN8cceprint6ld_devEPms] -> 0xffffad41f250
cceprint: [_ZN8cceprint6ld_devEPhs] -> 0xffffad41f2a0
cceprint: [_ZN8cceprint4ldvaE10ub_addr8_tmb] -> 0xffffad41f2f0
cceprint: [_ZN8cceprint15load_cbuf_to_caEPN8bfloat165Bf16TES2_mb] -> 0xffffad41f404
cceprint: [_ZN8cceprint15load_cbuf_to_caEPN8bfloat165Bf16TES2_mb15addr_cal_mode_t] -> 0xffffad41f548
cceprint: [_ZN8cceprint15load_cbuf_to_caEPN8bfloat165Bf16TES2_thtthb15addr_cal_mode_t] -> 0xffffad41f6d4
cceprint: [_ZN8cceprint15load_cbuf_to_caEPN8bfloat165Bf16TES2_thtthbb15addr_cal_mode_t] -> 0xffffad41f958
cceprint: [_ZN8cceprint15load_cbuf_to_caEPN8bfloat165Bf16TES2_ththb] -> 0xffffad41fc14
cceprint: [_ZN8cceprint15load_cbuf_to_caEPN8bfloat165Bf16TES2_thttb15addr_cal_mode_t] -> 0xffffad41fe18
cceprint: [_ZN8cceprint15load_cbuf_to_caEPN8bfloat165Bf16TES2_mmb] -> 0xffffad420058
cceprint: [_ZN8cceprint15load_cbuf_to_caEPN8bfloat165Bf16TES2_tthhttb] -> 0xffffad4201e4
cceprint: [_ZN8cceprint15load_cbuf_to_caEPN7float165Fp16TES2_mb] -> 0xffffad42045c
cceprint: [_ZN8cceprint15load_cbuf_to_caEPN7float165Fp16TES2_mb15addr_cal_mode_t] -> 0xffffad4205a0
cceprint: [_ZN8cceprint15load_cbuf_to_caEPN7float165Fp16TES2_thtthb15addr_cal_mode_t] -> 0xffffad42072c
cceprint: [_ZN8cceprint15load_cbuf_to_caEPN7float165Fp16TES2_thtthbb15addr_cal_mode_t] -> 0xffffad4209b0
cceprint: [_ZN8cceprint15load_cbuf_to_caEPN7float165Fp16TES2_ththb] -> 0xffffad420c6c
cceprint: [_ZN8cceprint15load_cbuf_to_caEPN7float165Fp16TES2_thttb15addr_cal_mode_t] -> 0xffffad420e70
cceprint: [_ZN8cceprint15load_cbuf_to_caEPfS0_mb15addr_cal_mode_t] -> 0xffffad4210b0
cceprint: [_ZN8cceprint15load_cbuf_to_caEPfS0_thtthb15addr_cal_mode_t] -> 0xffffad42123c
cceprint: [_ZN8cceprint15load_cbuf_to_caEPfS0_thtthbb15addr_cal_mode_t] -> 0xffffad4214c0
cceprint: [_ZN8cceprint15load_cbuf_to_caEPfS0_thttb15addr_cal_mode_t] -> 0xffffad42177c
cceprint: [_ZN8cceprint15load_cbuf_to_caEPiS0_mb15addr_cal_mode_t] -> 0xffffad4219bc
cceprint: [_ZN8cceprint15load_cbuf_to_caEPiS0_thtthb15addr_cal_mode_t] -> 0xffffad421b48
cceprint: [_ZN8cceprint15load_cbuf_to_caEPiS0_thtthbb15addr_cal_mode_t] -> 0xffffad421dcc
cceprint: [_ZN8cceprint15load_cbuf_to_caEPiS0_thttb15addr_cal_mode_t] -> 0xffffad422088
cceprint: [_ZN8cceprint15load_cbuf_to_caEPaS0_mb] -> 0xffffad4222c8
cceprint: [_ZN8cceprint15load_cbuf_to_caEPaS0_mb15addr_cal_mode_t] -> 0xffffad42240c
cceprint: [_ZN8cceprint15load_cbuf_to_caEPaS0_thtthb15addr_cal_mode_t] -> 0xffffad422598
cceprint: [_ZN8cceprint15load_cbuf_to_caEPaS0_thtthbb15addr_cal_mode_t] -> 0xffffad42281c
cceprint: [_ZN8cceprint15load_cbuf_to_caEPaS0_ththb] -> 0xffffad422ad8
cceprint: [_ZN8cceprint15load_cbuf_to_caEPaS0_thttb15addr_cal_mode_t] -> 0xffffad422cdc
cceprint: [_ZN8cceprint15load_cbuf_to_caEPjS0_mb15addr_cal_mode_t] -> 0xffffad422f1c
cceprint: [_ZN8cceprint15load_cbuf_to_caEPjS0_thtthb15addr_cal_mode_t] -> 0xffffad4230a8
cceprint: [_ZN8cceprint15load_cbuf_to_caEPjS0_thtthbb15addr_cal_mode_t] -> 0xffffad42332c
cceprint: [_ZN8cceprint15load_cbuf_to_caEPjS0_thttb15addr_cal_mode_t] -> 0xffffad4235e8
cceprint: [_ZN8cceprint15load_cbuf_to_caEPhS0_mb] -> 0xffffad423828
cceprint: [_ZN8cceprint15load_cbuf_to_caEPhS0_mb15addr_cal_mode_t] -> 0xffffad42396c
cceprint: [_ZN8cceprint15load_cbuf_to_caEPhS0_thtthb15addr_cal_mode_t] -> 0xffffad423af8
cceprint: [_ZN8cceprint15load_cbuf_to_caEPhS0_thtthbb15addr_cal_mode_t] -> 0xffffad423d7c
cceprint: [_ZN8cceprint15load_cbuf_to_caEPhS0_ththb] -> 0xffffad424038
cceprint: [_ZN8cceprint15load_cbuf_to_caEPhS0_thttb15addr_cal_mode_t] -> 0xffffad42423c
cceprint: [_ZN8cceprint15load_cbuf_to_caEPN7float165Fp16TES2_ththb15addr_cal_mode_t] -> 0xffffad42447c
cceprint: [_ZN8cceprint15load_cbuf_to_caEPaS0_ththb15addr_cal_mode_t] -> 0xffffad4246c8
cceprint: [_ZN8cceprint15load_cbuf_to_caEPhS0_ththb15addr_cal_mode_t] -> 0xffffad424914
cceprint: [_ZN8cceprint18load_cbuf_to_ca_s4EPvS0_mb15addr_cal_mode_t] -> 0xffffad424b60
cceprint: [_ZN8cceprint18load_cbuf_to_ca_s4EPvS0_thtthb15addr_cal_mode_t] -> 0xffffad424cec
cceprint: [_ZN8cceprint18load_cbuf_to_ca_s4EPvS0_thtthbb15addr_cal_mode_t] -> 0xffffad424f70
cceprint: [_ZN8cceprint25load_cbuf_to_ca_transposeEPN7float165Fp16TES2_mm] -> 0xffffad42522c
cceprint: [_ZN8cceprint25load_cbuf_to_ca_transposeEPN7float165Fp16TES2_thttbt] -> 0xffffad42537c
cceprint: [_ZN8cceprint25load_cbuf_to_ca_transposeEPfS0_mm] -> 0xffffad4255b0
cceprint: [_ZN8cceprint25load_cbuf_to_ca_transposeEPfS0_thttbt] -> 0xffffad425700
cceprint: [_ZN8cceprint25load_cbuf_to_ca_transposeEPiS0_mm] -> 0xffffad425934
cceprint: [_ZN8cceprint25load_cbuf_to_ca_transposeEPiS0_thttbt] -> 0xffffad425a84
cceprint: [_ZN8cceprint25load_cbuf_to_ca_transposeEPaS0_mm] -> 0xffffad425cb8
cceprint: [_ZN8cceprint25load_cbuf_to_ca_transposeEPaS0_thttbt] -> 0xffffad425e08
cceprint: [_ZN8cceprint25load_cbuf_to_ca_transposeEPjS0_mm] -> 0xffffad42603c
cceprint: [_ZN8cceprint25load_cbuf_to_ca_transposeEPjS0_thttbt] -> 0xffffad42618c
cceprint: [_ZN8cceprint25load_cbuf_to_ca_transposeEPhS0_mm] -> 0xffffad4263c0
cceprint: [_ZN8cceprint25load_cbuf_to_ca_transposeEPhS0_thttbt] -> 0xffffad426510
cceprint: [_ZN8cceprint24load_cbuf_to_ca_winogradEPN7float165Fp16TES2_mm] -> 0xffffad426744
cceprint: [_ZN8cceprint24load_cbuf_to_ca_winogradEPN7float165Fp16TES2_ttthhhhtttt] -> 0xffffad426894
cceprint: [_ZN8cceprint24load_cbuf_to_ca_winogradEPaS0_mm] -> 0xffffad426c04
cceprint: [_ZN8cceprint24load_cbuf_to_ca_winogradEPaS0_ttthhhhtttt] -> 0xffffad426d54
cceprint: [_ZN8cceprint24load_cbuf_to_ca_winogradEPhS0_mm] -> 0xffffad4270c4
cceprint: [_ZN8cceprint24load_cbuf_to_ca_winogradEPhS0_ttthhhhtttt] -> 0xffffad427214
cceprint: [_ZN8cceprint27load_cbuf_to_ca_winograd_v2EPsS0_mm] -> 0xffffad427584
cceprint: [_ZN8cceprint27load_cbuf_to_ca_winograd_v2EPsS0_ttthhtttt] -> 0xffffad4276d4
cceprint: [_ZN8cceprint27load_cbuf_to_ca_winograd_v2EPsS0_ttthhttttb] -> 0xffffad4279bc
cceprint: [_ZN8cceprint27load_cbuf_to_ca_winograd_v2EPaS0_mm] -> 0xffffad427cdc
cceprint: [_ZN8cceprint27load_cbuf_to_ca_winograd_v2EPaS0_ttthhtttt] -> 0xffffad427e2c
cceprint: [_ZN8cceprint27load_cbuf_to_ca_winograd_v2EPaS0_ttthhttttb] -> 0xffffad428114
cceprint: [_ZN8cceprint27load_cbuf_to_ca_winograd_v2EPhS0_mm] -> 0xffffad428434
cceprint: [_ZN8cceprint27load_cbuf_to_ca_winograd_v2EPhS0_ttthhttttb] -> 0xffffad428584
cceprint: [_ZN8cceprint15load_cbuf_to_cbEPN8bfloat165Bf16TES2_mb] -> 0xffffad4288a4
cceprint: [_ZN8cceprint15load_cbuf_to_cbEPN8bfloat165Bf16TES2_mb15addr_cal_mode_t] -> 0xffffad4289e8
cceprint: [_ZN8cceprint15load_cbuf_to_cbEPN8bfloat165Bf16TES2_thtthb15addr_cal_mode_t] -> 0xffffad428b74
cceprint: [_ZN8cceprint15load_cbuf_to_cbEPN8bfloat165Bf16TES2_thtthbb15addr_cal_mode_t] -> 0xffffad428df8
cceprint: [_ZN8cceprint15load_cbuf_to_cbEPN8bfloat165Bf16TES2_ththb] -> 0xffffad4290b4
cceprint: [_ZN8cceprint15load_cbuf_to_cbEPN8bfloat165Bf16TES2_thttb15addr_cal_mode_t] -> 0xffffad4292b8
cceprint: [_ZN8cceprint15load_cbuf_to_cbEPN8bfloat165Bf16TES2_mmb] -> 0xffffad4294f8
cceprint: [_ZN8cceprint15load_cbuf_to_cbEPN8bfloat165Bf16TES2_tthhttb] -> 0xffffad429684
cceprint: [_ZN8cceprint15load_cbuf_to_cbEPN7float165Fp16TES2_mb] -> 0xffffad4298fc
cceprint: [_ZN8cceprint15load_cbuf_to_cbEPN7float165Fp16TES2_mb15addr_cal_mode_t] -> 0xffffad429a40
cceprint: [_ZN8cceprint15load_cbuf_to_cbEPN7float165Fp16TES2_thtthb15addr_cal_mode_t] -> 0xffffad429bcc
cceprint: [_ZN8cceprint15load_cbuf_to_cbEPN7float165Fp16TES2_thtthbb15addr_cal_mode_t] -> 0xffffad429e50
cceprint: [_ZN8cceprint15load_cbuf_to_cbEPN7float165Fp16TES2_ththb] -> 0xffffad42a10c
cceprint: [_ZN8cceprint15load_cbuf_to_cbEPN7float165Fp16TES2_thttb15addr_cal_mode_t] -> 0xffffad42a310
cceprint: [_ZN8cceprint15load_cbuf_to_cbEPfS0_mb15addr_cal_mode_t] -> 0xffffad42a550
cceprint: [_ZN8cceprint15load_cbuf_to_cbEPfS0_thtthb15addr_cal_mode_t] -> 0xffffad42a6dc
cceprint: [_ZN8cceprint15load_cbuf_to_cbEPfS0_thtthbb15addr_cal_mode_t] -> 0xffffad42a960
cceprint: [_ZN8cceprint15load_cbuf_to_cbEPfS0_thttb15addr_cal_mode_t] -> 0xffffad42ac1c
cceprint: [_ZN8cceprint15load_cbuf_to_cbEPiS0_mb15addr_cal_mode_t] -> 0xffffad42ae5c
cceprint: [_ZN8cceprint15load_cbuf_to_cbEPiS0_thtthb15addr_cal_mode_t] -> 0xffffad42afe8
cceprint: [_ZN8cceprint15load_cbuf_to_cbEPiS0_thtthbb15addr_cal_mode_t] -> 0xffffad42b26c
cceprint: [_ZN8cceprint15load_cbuf_to_cbEPiS0_thttb15addr_cal_mode_t] -> 0xffffad42b528
cceprint: [_ZN8cceprint15load_cbuf_to_cbEPaS0_mb] -> 0xffffad42b768
cceprint: [_ZN8cceprint15load_cbuf_to_cbEPaS0_mb15addr_cal_mode_t] -> 0xffffad42b8ac
cceprint: [_ZN8cceprint15load_cbuf_to_cbEPaS0_thtthb15addr_cal_mode_t] -> 0xffffad42ba38
cceprint: [_ZN8cceprint15load_cbuf_to_cbEPaS0_thtthbb15addr_cal_mode_t] -> 0xffffad42bcbc
cceprint: [_ZN8cceprint15load_cbuf_to_cbEPaS0_ththb] -> 0xffffad42bf78
cceprint: [_ZN8cceprint15load_cbuf_to_cbEPaS0_thttb15addr_cal_mode_t] -> 0xffffad42c17c
cceprint: [_ZN8cceprint15load_cbuf_to_cbEPjS0_mb15addr_cal_mode_t] -> 0xffffad42c3bc
cceprint: [_ZN8cceprint15load_cbuf_to_cbEPjS0_thtthb15addr_cal_mode_t] -> 0xffffad42c548
cceprint: [_ZN8cceprint15load_cbuf_to_cbEPjS0_thtthbb15addr_cal_mode_t] -> 0xffffad42c7cc
cceprint: [_ZN8cceprint15load_cbuf_to_cbEPjS0_thttb15addr_cal_mode_t] -> 0xffffad42ca88
cceprint: [_ZN8cceprint15load_cbuf_to_cbEPhS0_mb] -> 0xffffad42ccc8
cceprint: [_ZN8cceprint15load_cbuf_to_cbEPhS0_mb15addr_cal_mode_t] -> 0xffffad42ce0c
cceprint: [_ZN8cceprint15load_cbuf_to_cbEPhS0_thtthb15addr_cal_mode_t] -> 0xffffad42cf98
cceprint: [_ZN8cceprint15load_cbuf_to_cbEPhS0_thtthbb15addr_cal_mode_t] -> 0xffffad42d21c
cceprint: [_ZN8cceprint15load_cbuf_to_cbEPhS0_ththb] -> 0xffffad42d4d8
cceprint: [_ZN8cceprint15load_cbuf_to_cbEPhS0_thttb15addr_cal_mode_t] -> 0xffffad42d6dc
cceprint: [_ZN8cceprint15load_cbuf_to_cbEPN7float165Fp16TES2_ththb15addr_cal_mode_t] -> 0xffffad42d91c
cceprint: [_ZN8cceprint15load_cbuf_to_cbEPaS0_ththb15addr_cal_mode_t] -> 0xffffad42db68
cceprint: [_ZN8cceprint15load_cbuf_to_cbEPhS0_ththb15addr_cal_mode_t] -> 0xffffad42ddb4
cceprint: [_ZN8cceprint18load_cbuf_to_cb_b2EPvS0_m] -> 0xffffad42e000
cceprint: [_ZN8cceprint18load_cbuf_to_cb_b2EPN7float165Fp16TES2_m] -> 0xffffad42e108
cceprint: [_ZN8cceprint18load_cbuf_to_cb_b2EPN7float165Fp16TES2_hh] -> 0xffffad42e210
cceprint: [_ZN8cceprint18load_cbuf_to_cb_b2EPN7float165Fp16TES2_h] -> 0xffffad42e360
cceprint: [_ZN8cceprint18load_cbuf_to_cb_b2EPaS0_m] -> 0xffffad42e468
cceprint: [_ZN8cceprint18load_cbuf_to_cb_b2EPaS0_hh] -> 0xffffad42e570
cceprint: [_ZN8cceprint18load_cbuf_to_cb_b2EPaS0_h] -> 0xffffad42e6c0
cceprint: [_ZN8cceprint18load_cbuf_to_cb_b2EPhS0_m] -> 0xffffad42e7c8
cceprint: [_ZN8cceprint18load_cbuf_to_cb_b2EPhS0_hh] -> 0xffffad42e8d0
cceprint: [_ZN8cceprint18load_cbuf_to_cb_b2EPhS0_h] -> 0xffffad42ea20
cceprint: [_ZN8cceprint18load_cbuf_to_cb_s4EPvS0_mb15addr_cal_mode_t] -> 0xffffad42eb28
cceprint: [_ZN8cceprint18load_cbuf_to_cb_s4EPvS0_thtthb15addr_cal_mode_t] -> 0xffffad42ecb4
cceprint: [_ZN8cceprint18load_cbuf_to_cb_s4EPvS0_thtthbb15addr_cal_mode_t] -> 0xffffad42ef38
cceprint: [_ZN8cceprint18load_cbuf_to_cb_spEPaS0_m] -> 0xffffad42f1f4
cceprint: [_ZN8cceprint18load_cbuf_to_cb_spEPaS0_th] -> 0xffffad42f2fc
cceprint: [_ZN8cceprint25load_cbuf_to_cb_transposeEPN7float165Fp16TES2_mm] -> 0xffffad42f440
cceprint: [_ZN8cceprint25load_cbuf_to_cb_transposeEPN7float165Fp16TES2_thttbt] -> 0xffffad42f590
cceprint: [_ZN8cceprint25load_cbuf_to_cb_transposeEPfS0_mm] -> 0xffffad42f7c4
cceprint: [_ZN8cceprint25load_cbuf_to_cb_transposeEPfS0_thttbt] -> 0xffffad42f914
cceprint: [_ZN8cceprint25load_cbuf_to_cb_transposeEPiS0_mm] -> 0xffffad42fb48
cceprint: [_ZN8cceprint25load_cbuf_to_cb_transposeEPiS0_thttbt] -> 0xffffad42fc98
cceprint: [_ZN8cceprint25load_cbuf_to_cb_transposeEPaS0_mm] -> 0xffffad42fecc
cceprint: [_ZN8cceprint25load_cbuf_to_cb_transposeEPaS0_thttbt] -> 0xffffad43001c
cceprint: [_ZN8cceprint25load_cbuf_to_cb_transposeEPjS0_mm] -> 0xffffad430250
cceprint: [_ZN8cceprint25load_cbuf_to_cb_transposeEPjS0_thttbt] -> 0xffffad4303a0
cceprint: [_ZN8cceprint25load_cbuf_to_cb_transposeEPhS0_mm] -> 0xffffad4305d4
cceprint: [_ZN8cceprint25load_cbuf_to_cb_transposeEPhS0_thttbt] -> 0xffffad430724
cceprint: [_ZN8cceprint28load_cbuf_to_cb_transpose_s4EPvS0_mm] -> 0xffffad430958
cceprint: [_ZN8cceprint28load_cbuf_to_cb_transpose_s4EPvS0_thttbt] -> 0xffffad430aa8
cceprint: [_ZN8cceprint24load_cbuf_to_cb_winogradEPN7float165Fp16TES2_m] -> 0xffffad430cdc
cceprint: [_ZN8cceprint24load_cbuf_to_cb_winogradEPN7float165Fp16TES2_hthhhbbh] -> 0xffffad430de4
cceprint: [_ZN8cceprint24load_cbuf_to_cb_winogradEPaS0_m] -> 0xffffad4310b8
cceprint: [_ZN8cceprint24load_cbuf_to_cb_winogradEPaS0_hthhhbbh] -> 0xffffad4311c0
cceprint: [_ZN8cceprint27load_cbuf_to_cb_winograd_v2EPaS0_m] -> 0xffffad431494
cceprint: [_ZN8cceprint27load_cbuf_to_cb_winograd_v2EPaS0_tttb] -> 0xffffad43159c
cceprint: [_ZN8cceprint30load_decompress_header_from_gmEPvm] -> 0xffffad43174c
cceprint: [_ZN8cceprint30load_decompress_header_from_gmEPvth] -> 0xffffad431890
cceprint: [_ZN8cceprint13load_gm_to_caEPN7float165Fp16TES2_m] -> 0xffffad431a10
cceprint: [_ZN8cceprint13load_gm_to_caEPN7float165Fp16TES2_m15addr_cal_mode_t] -> 0xffffad431b90
cceprint: [_ZN8cceprint13load_gm_to_caEPN7float165Fp16TES2_thtth15addr_cal_mode_t] -> 0xffffad431d58
cceprint: [_ZN8cceprint13load_gm_to_caEPN7float165Fp16TES2_thtthb15addr_cal_mode_t] -> 0xffffad43201c
cceprint: [_ZN8cceprint13load_gm_to_caEPN7float165Fp16TES2_thth] -> 0xffffad432318
cceprint: [_ZN8cceprint13load_gm_to_caEPN8bfloat165Bf16TES2_m] -> 0xffffad432558
cceprint: [_ZN8cceprint13load_gm_to_caEPN8bfloat165Bf16TES2_m15addr_cal_mode_t] -> 0xffffad4326d8
cceprint: [_ZN8cceprint13load_gm_to_caEPN8bfloat165Bf16TES2_thtth15addr_cal_mode_t] -> 0xffffad4328a0
cceprint: [_ZN8cceprint13load_gm_to_caEPN8bfloat165Bf16TES2_thtthb15addr_cal_mode_t] -> 0xffffad432b64
cceprint: [_ZN8cceprint13load_gm_to_caEPN8bfloat165Bf16TES2_thth] -> 0xffffad432e60
cceprint: [_ZN8cceprint13load_gm_to_caEPfS0_m15addr_cal_mode_t] -> 0xffffad4330a0
cceprint: [_ZN8cceprint13load_gm_to_caEPfS0_thtth15addr_cal_mode_t] -> 0xffffad433268
cceprint: [_ZN8cceprint13load_gm_to_caEPfS0_thtthb15addr_cal_mode_t] -> 0xffffad43352c
cceprint: [_ZN8cceprint13load_gm_to_caEPiS0_m15addr_cal_mode_t] -> 0xffffad433828
cceprint: [_ZN8cceprint13load_gm_to_caEPiS0_thtth15addr_cal_mode_t] -> 0xffffad4339f0
cceprint: [_ZN8cceprint13load_gm_to_caEPiS0_thtthb15addr_cal_mode_t] -> 0xffffad433cb4
cceprint: [_ZN8cceprint13load_gm_to_caEPaS0_m] -> 0xffffad433fb0
cceprint: [_ZN8cceprint13load_gm_to_caEPaS0_m15addr_cal_mode_t] -> 0xffffad434130
cceprint: [_ZN8cceprint13load_gm_to_caEPaS0_thtth15addr_cal_mode_t] -> 0xffffad4342f8
cceprint: [_ZN8cceprint13load_gm_to_caEPaS0_thtthb15addr_cal_mode_t] -> 0xffffad4345bc
cceprint: [_ZN8cceprint13load_gm_to_caEPaS0_thth] -> 0xffffad4348b8
cceprint: [_ZN8cceprint13load_gm_to_caEPjS0_m15addr_cal_mode_t] -> 0xffffad434af8
cceprint: [_ZN8cceprint13load_gm_to_caEPjS0_thtth15addr_cal_mode_t] -> 0xffffad434cc0
cceprint: [_ZN8cceprint13load_gm_to_caEPjS0_thtthb15addr_cal_mode_t] -> 0xffffad434f84
cceprint: [_ZN8cceprint13load_gm_to_caEPhS0_m] -> 0xffffad435280
cceprint: [_ZN8cceprint13load_gm_to_caEPhS0_m15addr_cal_mode_t] -> 0xffffad435400
cceprint: [_ZN8cceprint13load_gm_to_caEPhS0_thtth15addr_cal_mode_t] -> 0xffffad4355c8
cceprint: [_ZN8cceprint13load_gm_to_caEPhS0_thtthb15addr_cal_mode_t] -> 0xffffad43588c
cceprint: [_ZN8cceprint13load_gm_to_caEPhS0_thth] -> 0xffffad435b88
cceprint: [_ZN8cceprint13load_gm_to_caEPN7float165Fp16TES2_thth15addr_cal_mode_t] -> 0xffffad435dc8
cceprint: [_ZN8cceprint13load_gm_to_caEPaS0_thth15addr_cal_mode_t] -> 0xffffad436050
cceprint: [_ZN8cceprint13load_gm_to_caEPhS0_thth15addr_cal_mode_t] -> 0xffffad4362d8
cceprint: [_ZN8cceprint16load_gm_to_ca_s4EPvS0_m15addr_cal_mode_t] -> 0xffffad436560
cceprint: [_ZN8cceprint16load_gm_to_ca_s4EPvS0_thtth15addr_cal_mode_t] -> 0xffffad436728
cceprint: [_ZN8cceprint16load_gm_to_ca_s4EPvS0_thtthb15addr_cal_mode_t] -> 0xffffad4369ec
cceprint: [_ZN8cceprint19load_gm_to_ca_unzipEPN7float165Fp16TES2_] -> 0xffffad436ce8
cceprint: [_ZN8cceprint19load_gm_to_ca_unzipEPvS0_] -> 0xffffad436e20
cceprint: [_ZN8cceprint13load_gm_to_cbEPN7float165Fp16TES2_m] -> 0xffffad436f58
cceprint: [_ZN8cceprint13load_gm_to_cbEPN7float165Fp16TES2_m15addr_cal_mode_t] -> 0xffffad4370d8
cceprint: [_ZN8cceprint13load_gm_to_cbEPN7float165Fp16TES2_thtth15addr_cal_mode_t] -> 0xffffad4372a0
cceprint: [_ZN8cceprint13load_gm_to_cbEPN7float165Fp16TES2_thtthb15addr_cal_mode_t] -> 0xffffad437564
cceprint: [_ZN8cceprint13load_gm_to_cbEPN7float165Fp16TES2_thth] -> 0xffffad437860
cceprint: [_ZN8cceprint13load_gm_to_cbEPN8bfloat165Bf16TES2_m] -> 0xffffad437aa0
cceprint: [_ZN8cceprint13load_gm_to_cbEPN8bfloat165Bf16TES2_m15addr_cal_mode_t] -> 0xffffad437c20
cceprint: [_ZN8cceprint13load_gm_to_cbEPN8bfloat165Bf16TES2_thtth15addr_cal_mode_t] -> 0xffffad437de8
cceprint: [_ZN8cceprint13load_gm_to_cbEPN8bfloat165Bf16TES2_thtthb15addr_cal_mode_t] -> 0xffffad4380ac
cceprint: [_ZN8cceprint13load_gm_to_cbEPN8bfloat165Bf16TES2_thth] -> 0xffffad4383a8
cceprint: [_ZN8cceprint13load_gm_to_cbEPfS0_m15addr_cal_mode_t] -> 0xffffad4385e8
cceprint: [_ZN8cceprint13load_gm_to_cbEPfS0_thtth15addr_cal_mode_t] -> 0xffffad4387b0
cceprint: [_ZN8cceprint13load_gm_to_cbEPfS0_thtthb15addr_cal_mode_t] -> 0xffffad438a74
cceprint: [_ZN8cceprint13load_gm_to_cbEPiS0_m15addr_cal_mode_t] -> 0xffffad438d70
cceprint: [_ZN8cceprint13load_gm_to_cbEPiS0_thtth15addr_cal_mode_t] -> 0xffffad438f38
cceprint: [_ZN8cceprint13load_gm_to_cbEPiS0_thtthb15addr_cal_mode_t] -> 0xffffad4391fc
cceprint: [_ZN8cceprint13load_gm_to_cbEPaS0_m] -> 0xffffad4394f8
cceprint: [_ZN8cceprint13load_gm_to_cbEPaS0_m15addr_cal_mode_t] -> 0xffffad439678
cceprint: [_ZN8cceprint13load_gm_to_cbEPaS0_thtth15addr_cal_mode_t] -> 0xffffad439840
cceprint: [_ZN8cceprint13load_gm_to_cbEPaS0_thtthb15addr_cal_mode_t] -> 0xffffad439b04
cceprint: [_ZN8cceprint13load_gm_to_cbEPaS0_thth] -> 0xffffad439e00
cceprint: [_ZN8cceprint13load_gm_to_cbEPjS0_m15addr_cal_mode_t] -> 0xffffad43a040
cceprint: [_ZN8cceprint13load_gm_to_cbEPjS0_thtth15addr_cal_mode_t] -> 0xffffad43a208
cceprint: [_ZN8cceprint13load_gm_to_cbEPjS0_thtthb15addr_cal_mode_t] -> 0xffffad43a4cc
cceprint: [_ZN8cceprint13load_gm_to_cbEPhS0_m] -> 0xffffad43a7c8
cceprint: [_ZN8cceprint13load_gm_to_cbEPhS0_m15addr_cal_mode_t] -> 0xffffad43a948
cceprint: [_ZN8cceprint13load_gm_to_cbEPhS0_thtth15addr_cal_mode_t] -> 0xffffad43ab10
cceprint: [_ZN8cceprint13load_gm_to_cbEPhS0_thtthb15addr_cal_mode_t] -> 0xffffad43add4
cceprint: [_ZN8cceprint13load_gm_to_cbEPhS0_thth] -> 0xffffad43b0d0
cceprint: [_ZN8cceprint13load_gm_to_cbEPN7float165Fp16TES2_thth15addr_cal_mode_t] -> 0xffffad43b310
cceprint: [_ZN8cceprint13load_gm_to_cbEPaS0_thth15addr_cal_mode_t] -> 0xffffad43b598
cceprint: [_ZN8cceprint13load_gm_to_cbEPhS0_thth15addr_cal_mode_t] -> 0xffffad43b820
cceprint: [_ZN8cceprint16load_gm_to_cb_s4EPvS0_m15addr_cal_mode_t] -> 0xffffad43baa8
cceprint: [_ZN8cceprint16load_gm_to_cb_s4EPvS0_thtth15addr_cal_mode_t] -> 0xffffad43bc70
cceprint: [_ZN8cceprint16load_gm_to_cb_s4EPvS0_thtthb15addr_cal_mode_t] -> 0xffffad43bf34
cceprint: [_ZN8cceprint19load_gm_to_cb_unzipEPN7float165Fp16TES2_] -> 0xffffad43c230
cceprint: [_ZN8cceprint19load_gm_to_cb_unzipEPvS0_] -> 0xffffad43c368
cceprint: [_ZN8cceprint15load_gm_to_cbufEPN7float165Fp16TES2_m] -> 0xffffad43c4a0
cceprint: [_ZN8cceprint15load_gm_to_cbufEPN7float165Fp16TES2_m15addr_cal_mode_t] -> 0xffffad43c620
cceprint: [_ZN8cceprint15load_gm_to_cbufEPN7float165Fp16TES2_thtth15addr_cal_mode_t] -> 0xffffad43c7e8
cceprint: [_ZN8cceprint15load_gm_to_cbufEPN7float165Fp16TES2_thtthb15addr_cal_mode_t] -> 0xffffad43caac
cceprint: [_ZN8cceprint15load_gm_to_cbufEPN7float165Fp16TES2_thth] -> 0xffffad43cda8
cceprint: [_ZN8cceprint15load_gm_to_cbufEPN8bfloat165Bf16TES2_m] -> 0xffffad43cfe8
cceprint: [_ZN8cceprint15load_gm_to_cbufEPN8bfloat165Bf16TES2_m15addr_cal_mode_t] -> 0xffffad43d168
cceprint: [_ZN8cceprint15load_gm_to_cbufEPN8bfloat165Bf16TES2_thtth15addr_cal_mode_t] -> 0xffffad43d330
cceprint: [_ZN8cceprint15load_gm_to_cbufEPN8bfloat165Bf16TES2_thtthb15addr_cal_mode_t] -> 0xffffad43d5f4
cceprint: [_ZN8cceprint15load_gm_to_cbufEPN8bfloat165Bf16TES2_thth] -> 0xffffad43d8f0
cceprint: [_ZN8cceprint15load_gm_to_cbufEPfS0_m15addr_cal_mode_t] -> 0xffffad43db30
cceprint: [_ZN8cceprint15load_gm_to_cbufEPfS0_thtth15addr_cal_mode_t] -> 0xffffad43dcf8
cceprint: [_ZN8cceprint15load_gm_to_cbufEPfS0_thtthb15addr_cal_mode_t] -> 0xffffad43dfbc
cceprint: [_ZN8cceprint15load_gm_to_cbufEPiS0_m15addr_cal_mode_t] -> 0xffffad43e2b8
cceprint: [_ZN8cceprint15load_gm_to_cbufEPiS0_thtth15addr_cal_mode_t] -> 0xffffad43e480
cceprint: [_ZN8cceprint15load_gm_to_cbufEPiS0_thtthb15addr_cal_mode_t] -> 0xffffad43e744
cceprint: [_ZN8cceprint15load_gm_to_cbufEPaS0_m] -> 0xffffad43ea40
cceprint: [_ZN8cceprint15load_gm_to_cbufEPaS0_m15addr_cal_mode_t] -> 0xffffad43ebc0
cceprint: [_ZN8cceprint15load_gm_to_cbufEPaS0_thtth15addr_cal_mode_t] -> 0xffffad43ed88
cceprint: [_ZN8cceprint15load_gm_to_cbufEPaS0_thtthb15addr_cal_mode_t] -> 0xffffad43f04c
cceprint: [_ZN8cceprint15load_gm_to_cbufEPaS0_thth] -> 0xffffad43f348
cceprint: [_ZN8cceprint15load_gm_to_cbufEPjS0_m15addr_cal_mode_t] -> 0xffffad43f588
cceprint: [_ZN8cceprint15load_gm_to_cbufEPjS0_thtth15addr_cal_mode_t] -> 0xffffad43f750
cceprint: [_ZN8cceprint15load_gm_to_cbufEPjS0_thtthb15addr_cal_mode_t] -> 0xffffad43fa14
cceprint: [_ZN8cceprint15load_gm_to_cbufEPhS0_m] -> 0xffffad43fd10
cceprint: [_ZN8cceprint15load_gm_to_cbufEPhS0_m15addr_cal_mode_t] -> 0xffffad43fe90
cceprint: [_ZN8cceprint15load_gm_to_cbufEPhS0_thtth15addr_cal_mode_t] -> 0xffffad440058
cceprint: [_ZN8cceprint15load_gm_to_cbufEPhS0_thtthb15addr_cal_mode_t] -> 0xffffad44031c
cceprint: [_ZN8cceprint15load_gm_to_cbufEPhS0_thth] -> 0xffffad440618
cceprint: [_ZN8cceprint15load_gm_to_cbufEPN7float165Fp16TES2_thth15addr_cal_mode_t] -> 0xffffad440858
cceprint: [_ZN8cceprint15load_gm_to_cbufEPaS0_thth15addr_cal_mode_t] -> 0xffffad440ae0
cceprint: [_ZN8cceprint15load_gm_to_cbufEPhS0_thth15addr_cal_mode_t] -> 0xffffad440d68
cceprint: [_ZN8cceprint18load_gm_to_cbuf_s4EPvS0_m15addr_cal_mode_t] -> 0xffffad440ff0
cceprint: [_ZN8cceprint18load_gm_to_cbuf_s4EPvS0_thtth15addr_cal_mode_t] -> 0xffffad4411b8
cceprint: [_ZN8cceprint18load_gm_to_cbuf_s4EPvS0_thtthb15addr_cal_mode_t] -> 0xffffad44147c
cceprint: [_ZN8cceprint21load_gm_to_cbuf_unzipEPN7float165Fp16TES2_] -> 0xffffad441778
cceprint: [_ZN8cceprint21load_gm_to_cbuf_unzipEPvS0_] -> 0xffffad4418b0
cceprint: [_ZN8cceprint18load_image_to_cbufEPN7float165Fp16TEmm] -> 0xffffad4419e8
cceprint: [_ZN8cceprint18load_image_to_cbufEPN7float165Fp16TEttttthhtth] -> 0xffffad441afc
cceprint: [_ZN8cceprint18load_image_to_cbufEPsmm] -> 0xffffad441df0
cceprint: [_ZN8cceprint18load_image_to_cbufEPsttttthhtth] -> 0xffffad441f04
cceprint: [_ZN8cceprint18load_image_to_cbufEPamm] -> 0xffffad4421f8
cceprint: [_ZN8cceprint18load_image_to_cbufEPattttthhtth] -> 0xffffad44230c
cceprint: [_ZN8cceprint18load_image_to_cbufEPhmm] -> 0xffffad442600
cceprint: [_ZN8cceprint18load_image_to_cbufEPhttttthhtth] -> 0xffffad442714
cceprint: [_ZN8cceprint26load_smask_table_from_cbufEtPvm] -> 0xffffad442a08
cceprint: [_ZN8cceprint24load_smask_table_from_gmEtPvm] -> 0xffffad442b10
cceprint: [_ZN8cceprint24load_smask_table_from_ubEtPvm] -> 0xffffad442c90
cceprint: [_ZN8cceprint24load_unzip_index_from_gmEPvm] -> 0xffffad442d98
cceprint: [_ZN8cceprint24load_unzip_index_from_gmEPvjh] -> 0xffffad442edc
cceprint: [_ZN8cceprint3madEPN7float165Fp16TES2_S2_m] -> 0xffffad44305c
cceprint: [_ZN8cceprint3madEPN7float165Fp16TES2_S2_tttb] -> 0xffffad4431a0
cceprint: [_ZN8cceprint3madEPN7float165Fp16TES2_S2_ttthhbbbbb] -> 0xffffad44338c
cceprint: [_ZN8cceprint3madEPN7float165Fp16TES2_S2_ttthbbb] -> 0xffffad4436e4
cceprint: [_ZN8cceprint3madEPfPN7float165Fp16TES3_m] -> 0xffffad443988
cceprint: [_ZN8cceprint3madEPfPN7float165Fp16TES3_tttb] -> 0xffffad443acc
cceprint: [_ZN8cceprint3madEPfPN7float165Fp16TES3_ttthhbbbbb] -> 0xffffad443cb8
cceprint: [_ZN8cceprint3madEPfPN7float165Fp16TES3_ttthbbb] -> 0xffffad444010
cceprint: [_ZN8cceprint3madEPfPN7float165Fp16TES3_ttthhhbbbb] -> 0xffffad4442b4
cceprint: [_ZN8cceprint3madEPfPN8bfloat165Bf16TES3_m] -> 0xffffad444618
cceprint: [_ZN8cceprint3madEPfPN8bfloat165Bf16TES3_ttthbbb] -> 0xffffad44475c
cceprint: [_ZN8cceprint3madEPfPN8bfloat165Bf16TES3_ttthhhbbbb] -> 0xffffad444a00
cceprint: [_ZN8cceprint3madEPfS0_S0_m] -> 0xffffad444d64
cceprint: [_ZN8cceprint3madEPfS0_S0_ttthbbb] -> 0xffffad444ea8
cceprint: [_ZN8cceprint3madEPfS0_S0_ttthhhbbbb] -> 0xffffad44514c
cceprint: [_ZN8cceprint3madEPiPsPam] -> 0xffffad4454b0
cceprint: [_ZN8cceprint3madEPiPsPattth11unit_flag_tbb] -> 0xffffad4455f4
cceprint: [_ZN8cceprint3madEPiPaS1_m] -> 0xffffad4458a4
cceprint: [_ZN8cceprint3madEPiPaS1_tttb] -> 0xffffad4459e8
cceprint: [_ZN8cceprint3madEPiPaS1_ttthhbbbbb] -> 0xffffad445bd4
cceprint: [_ZN8cceprint3madEPiPaS1_ttthbbb] -> 0xffffad445f2c
cceprint: [_ZN8cceprint3madEPiPaS1_ttthhhbbbb] -> 0xffffad4461d0
cceprint: [_ZN8cceprint3madEPjPhS1_m] -> 0xffffad446534
cceprint: [_ZN8cceprint3madEPjPhS1_tttb] -> 0xffffad446678
cceprint: [_ZN8cceprint3madEPjPhS1_ttthhbbbbb] -> 0xffffad446864
cceprint: [_ZN8cceprint3madEPjPhS1_ttthbbb] -> 0xffffad446bbc
cceprint: [_ZN8cceprint3madEPiPhS1_m] -> 0xffffad446e60
cceprint: [_ZN8cceprint3madEPiPhS1_tttb] -> 0xffffad446fa4
cceprint: [_ZN8cceprint3madEPiPhS1_ttthhbbbbb] -> 0xffffad447190
cceprint: [_ZN8cceprint3madEPiPhS1_ttthbbb] -> 0xffffad4474e8
cceprint: [_ZN8cceprint3madEPiPhS1_ttthhhbbbb] -> 0xffffad44778c
cceprint: [_ZN8cceprint3madEPiPhPam] -> 0xffffad447af0
cceprint: [_ZN8cceprint3madEPiPhPatttb] -> 0xffffad447c34
cceprint: [_ZN8cceprint3madEPiPhPattthhbbbbb] -> 0xffffad447e20
cceprint: [_ZN8cceprint3madEPiPhPattthbbb] -> 0xffffad448178
cceprint: [_ZN8cceprint3madEPN7float165Fp16TES2_S2_mm] -> 0xffffad44841c
cceprint: [_ZN8cceprint3madEPN7float165Fp16TES2_S2_mtttb] -> 0xffffad4485a8
cceprint: [_ZN8cceprint3madEPN7float165Fp16TES2_S2_mttthbbb] -> 0xffffad4487dc
cceprint: [_ZN8cceprint3madEPfPN7float165Fp16TES3_mm] -> 0xffffad448ac4
cceprint: [_ZN8cceprint3madEPfPN7float165Fp16TES3_mtttb] -> 0xffffad448c50
cceprint: [_ZN8cceprint3madEPfPN7float165Fp16TES3_mttthbbb] -> 0xffffad448e84
cceprint: [_ZN8cceprint3madEPfPN8bfloat165Bf16TES3_mm] -> 0xffffad44916c
cceprint: [_ZN8cceprint3madEPfPN8bfloat165Bf16TES3_mttthbbb] -> 0xffffad4492f8
cceprint: [_ZN8cceprint3madEPfS0_S0_mm] -> 0xffffad4495e0
cceprint: [_ZN8cceprint3madEPfS0_S0_mttthbbb] -> 0xffffad44976c
cceprint: [_ZN8cceprint3madEPiPsPamm] -> 0xffffad449a54
cceprint: [_ZN8cceprint3madEPiPsPamttth11unit_flag_tbb] -> 0xffffad449be0
cceprint: [_ZN8cceprint3madEPiPaS1_mm] -> 0xffffad449ed4
cceprint: [_ZN8cceprint3madEPiPaS1_mtttb] -> 0xffffad44a060
cceprint: [_ZN8cceprint3madEPiPaS1_mttthbbb] -> 0xffffad44a294
cceprint: [_ZN8cceprint3madEPjPhS1_mm] -> 0xffffad44a57c
cceprint: [_ZN8cceprint3madEPjPhS1_mtttb] -> 0xffffad44a708
cceprint: [_ZN8cceprint3madEPjPhS1_mttthbbb] -> 0xffffad44a93c
cceprint: [_ZN8cceprint3madEPiPhS1_mm] -> 0xffffad44ac24
cceprint: [_ZN8cceprint3madEPiPhS1_mtttb] -> 0xffffad44adb0
cceprint: [_ZN8cceprint3madEPiPhS1_mttthbbb] -> 0xffffad44afe4
cceprint: [_ZN8cceprint3madEPiPhPamm] -> 0xffffad44b2cc
cceprint: [_ZN8cceprint3madEPiPhPamtttb] -> 0xffffad44b458
cceprint: [_ZN8cceprint3madEPiPhPamttthbbb] -> 0xffffad44b68c
cceprint: [_ZN8cceprint8mad_b8u2EPiPaPvm] -> 0xffffad44b974
cceprint: [_ZN8cceprint8mad_b8u2EPiPaPvtttb] -> 0xffffad44bab8
cceprint: [_ZN8cceprint8mad_b8u2EPiPaPvttthhbbbbb] -> 0xffffad44bca4
cceprint: [_ZN8cceprint8mad_b8u2EPiPhPvm] -> 0xffffad44bffc
cceprint: [_ZN8cceprint8mad_b8u2EPiPhPvtttb] -> 0xffffad44c140
cceprint: [_ZN8cceprint8mad_b8u2EPiPhPvttthhbbbbb] -> 0xffffad44c32c
cceprint: [_ZN8cceprint12mad_bf162f32EPfPtS1_m] -> 0xffffad44c684
cceprint: [_ZN8cceprint12mad_bf162f32EPfPtS1_ttthbbb] -> 0xffffad44c7c8
cceprint: [_ZN8cceprint12mad_bf162f32EPfPtS1_ttthhhbbbb] -> 0xffffad44ca6c
cceprint: [_ZN8cceprint9mad_f16u2EPN7float165Fp16TES2_Pvm] -> 0xffffad44cdd0
cceprint: [_ZN8cceprint9mad_f16u2EPN7float165Fp16TES2_Pvtttb] -> 0xffffad44cf14
cceprint: [_ZN8cceprint9mad_f16u2EPN7float165Fp16TES2_Pvttthhbbbbb] -> 0xffffad44d100
cceprint: [_ZN8cceprint6mad_s4EPiPvS1_m] -> 0xffffad44d458
cceprint: [_ZN8cceprint6mad_s4EPiPvS1_tttb] -> 0xffffad44d59c
cceprint: [_ZN8cceprint6mad_s4EPiPvS1_ttthhbbbbb] -> 0xffffad44d788
cceprint: [_ZN8cceprint6mad_s4EPiPvS1_ttthbbb] -> 0xffffad44dae0
cceprint: [_ZN8cceprint6mad_s4EPiPvS1_ttthhhbbbb] -> 0xffffad44dd84
cceprint: [_ZN8cceprint6mad_spEPiPaS1_m] -> 0xffffad44e0e8
cceprint: [_ZN8cceprint6mad_spEPiPaS1_ttthbb] -> 0xffffad44e22c
cceprint: [_ZN8cceprint12mad_tf322f32EPfS0_S0_m] -> 0xffffad44e498
cceprint: [_ZN8cceprint12mad_tf322f32EPfS0_S0_ttthbbb] -> 0xffffad44e5dc
cceprint: [_ZN8cceprint12mad_tf322f32EPfS0_S0_ttthhhbbbb] -> 0xffffad44e880
cceprint: [_ZN8cceprint8mov_vsprE6VSPR_tm] -> 0xffffad44ebe4
cceprint: [_ZN8cceprint13mte4_mte5_offEv] -> 0xffffad44ecbc
cceprint: [_ZN8cceprint12mte4_mte5_onEv] -> 0xffffad44ed1c
cceprint: [_ZN8cceprint7mvf_dciEv] -> 0xffffad44ed7c
cceprint: [_ZN8cceprint21mvf_gm_to_ub_b128_u16EPvS0_S0_m] -> 0xffffad44eddc
cceprint: [_ZN8cceprint21mvf_gm_to_ub_b128_u16EPvS0_S0_thh] -> 0xffffad44ef98
cceprint: [_ZN8cceprint21mvf_gm_to_ub_b128_u32EPvS0_S0_m] -> 0xffffad44f1d8
cceprint: [_ZN8cceprint21mvf_gm_to_ub_b128_u32EPvS0_S0_thh] -> 0xffffad44f394
cceprint: [_ZN8cceprint21mvf_gm_to_ub_b256_u16EPvS0_S0_m] -> 0xffffad44f5d4
cceprint: [_ZN8cceprint21mvf_gm_to_ub_b256_u16EPvS0_S0_thh] -> 0xffffad44f790
cceprint: [_ZN8cceprint21mvf_gm_to_ub_b256_u32EPvS0_S0_m] -> 0xffffad44f9d0
cceprint: [_ZN8cceprint21mvf_gm_to_ub_b256_u32EPvS0_S0_thh] -> 0xffffad44fb8c
cceprint: [_ZN8cceprint20mvf_gm_to_ub_b32_u16EPvS0_S0_m] -> 0xffffad44fdcc
cceprint: [_ZN8cceprint20mvf_gm_to_ub_b32_u16EPvS0_S0_thh] -> 0xffffad44ff88
cceprint: [_ZN8cceprint20mvf_gm_to_ub_b32_u32EPvS0_S0_m] -> 0xffffad4501c8
cceprint: [_ZN8cceprint20mvf_gm_to_ub_b32_u32EPvS0_S0_thh] -> 0xffffad450384
cceprint: [_ZN8cceprint21mvf_gm_to_ub_b512_u16EPvS0_S0_m] -> 0xffffad4505c4
cceprint: [_ZN8cceprint21mvf_gm_to_ub_b512_u16EPvS0_S0_thh] -> 0xffffad450780
cceprint: [_ZN8cceprint21mvf_gm_to_ub_b512_u32EPvS0_S0_m] -> 0xffffad4509c0
cceprint: [_ZN8cceprint21mvf_gm_to_ub_b512_u32EPvS0_S0_thh] -> 0xffffad450b7c
cceprint: [_ZN8cceprint20mvf_gm_to_ub_b64_u16EPvS0_S0_m] -> 0xffffad450dbc
cceprint: [_ZN8cceprint20mvf_gm_to_ub_b64_u16EPvS0_S0_thh] -> 0xffffad450f78
cceprint: [_ZN8cceprint20mvf_gm_to_ub_b64_u32EPvS0_S0_m] -> 0xffffad4511b8
cceprint: [_ZN8cceprint20mvf_gm_to_ub_b64_u32EPvS0_S0_thh] -> 0xffffad451374
cceprint: [_ZN8cceprint12pc_trace_offEv] -> 0xffffad4515b4
cceprint: [_ZN8cceprint11pc_trace_onEv] -> 0xffffad451614
cceprint: [_ZN8cceprint12pipe_barrierE6pipe_t] -> 0xffffad451674
cceprint: [_ZN8cceprint7preloadEPKv] -> 0xffffad451710
cceprint: [_ZN8cceprint7preloadEPKvl] -> 0xffffad451794
cceprint: [_ZN8cceprint12release_pbidEm] -> 0xffffad451854
cceprint: [_ZN8cceprint7rpn_corEPN7float165Fp16TES2_m] -> 0xffffad4518e4
cceprint: [_ZN8cceprint7rpn_corEPN7float165Fp16TES2_htt] -> 0xffffad4519ec
cceprint: [_ZN8cceprint12rpn_cor_diagEPN7float165Fp16TES2_] -> 0xffffad451b6c
cceprint: [_ZN8cceprint13rpn_cor_diag2EPN7float165Fp16TES2_] -> 0xffffad451c2c
cceprint: [_ZN8cceprint8sbitset0Eml] -> 0xffffad451cec
cceprint: [_ZN8cceprint8sbitset1Eml] -> 0xffffad451d3c
cceprint: [_ZN8cceprint12scatter_vabsE7vtype_t10ub_addr8_tS1_m] -> 0xffffad451d8c
cceprint: [_ZN8cceprint12scatter_vabsE7vtype_t10ub_addr8_tS1_htt] -> 0xffffad451ef4
cceprint: [_ZN8cceprint16scatter_vabs_f16E10ub_addr8_tS0_m] -> 0xffffad4520d4
cceprint: [_ZN8cceprint16scatter_vabs_f16E10ub_addr8_tS0_htt] -> 0xffffad4521f4
cceprint: [_ZN8cceprint16scatter_vabs_f32E10ub_addr8_tS0_m] -> 0xffffad45238c
cceprint: [_ZN8cceprint16scatter_vabs_f32E10ub_addr8_tS0_htt] -> 0xffffad4524ac
cceprint: [_ZN8cceprint16scatter_vabs_s16E10ub_addr8_tS0_m] -> 0xffffad452644
cceprint: [_ZN8cceprint16scatter_vabs_s16E10ub_addr8_tS0_htt] -> 0xffffad452764
cceprint: [_ZN8cceprint12scatter_vaddE7vtype_t10ub_addr8_tS1_S1_m] -> 0xffffad4528fc
cceprint: [_ZN8cceprint12scatter_vaddE7vtype_t10ub_addr8_tS1_S1_httt] -> 0xffffad452aac
cceprint: [_ZN8cceprint16scatter_vadd_f16E10ub_addr8_tS0_S0_m] -> 0xffffad452d10
cceprint: [_ZN8cceprint16scatter_vadd_f16E10ub_addr8_tS0_S0_httt] -> 0xffffad452e78
cceprint: [_ZN8cceprint16scatter_vadd_f32E10ub_addr8_tS0_S0_m] -> 0xffffad453094
cceprint: [_ZN8cceprint16scatter_vadd_f32E10ub_addr8_tS0_S0_httt] -> 0xffffad4531fc
cceprint: [_ZN8cceprint16scatter_vadd_s16E10ub_addr8_tS0_S0_m] -> 0xffffad453418
cceprint: [_ZN8cceprint16scatter_vadd_s16E10ub_addr8_tS0_S0_httt] -> 0xffffad453580
cceprint: [_ZN8cceprint16scatter_vadd_s32E10ub_addr8_tS0_S0_m] -> 0xffffad45379c
cceprint: [_ZN8cceprint16scatter_vadd_s32E10ub_addr8_tS0_S0_httt] -> 0xffffad453904
cceprint: [_ZN8cceprint13scatter_vaddsE7vtype_t10ub_addr8_tS1_N7float165Fp16TEm] -> 0xffffad453b20
cceprint: [_ZN8cceprint13scatter_vaddsE7vtype_t10ub_addr8_tS1_N7float165Fp16TEhtt] -> 0xffffad453cd8
cceprint: [_ZN8cceprint13scatter_vaddsE7vtype_t10ub_addr8_tS1_fm] -> 0xffffad453f08
cceprint: [_ZN8cceprint13scatter_vaddsE7vtype_t10ub_addr8_tS1_fhtt] -> 0xffffad4540ac
cceprint: [_ZN8cceprint17scatter_vadds_f16E10ub_addr8_tS0_N7float165Fp16TEm] -> 0xffffad4542c8
cceprint: [_ZN8cceprint17scatter_vadds_f16E10ub_addr8_tS0_N7float165Fp16TEhtt] -> 0xffffad454438
cceprint: [_ZN8cceprint17scatter_vadds_f32E10ub_addr8_tS0_fm] -> 0xffffad454620
cceprint: [_ZN8cceprint17scatter_vadds_f32E10ub_addr8_tS0_fhtt] -> 0xffffad45477c
cceprint: [_ZN8cceprint17scatter_vadds_s16E10ub_addr8_tS0_sm] -> 0xffffad454950
cceprint: [_ZN8cceprint17scatter_vadds_s16E10ub_addr8_tS0_shtt] -> 0xffffad454aac
cceprint: [_ZN8cceprint17scatter_vadds_s32E10ub_addr8_tS0_im] -> 0xffffad454c80
cceprint: [_ZN8cceprint17scatter_vadds_s32E10ub_addr8_tS0_ihtt] -> 0xffffad454ddc
cceprint: [_ZN8cceprint13scatter_vaxpyE7vtype_t10ub_addr8_tS1_N7float165Fp16TEmb] -> 0xffffad454fb0
cceprint: [_ZN8cceprint13scatter_vaxpyE7vtype_t10ub_addr8_tS1_N7float165Fp16TEhttb] -> 0xffffad4551a4
cceprint: [_ZN8cceprint13scatter_vaxpyE7vtype_t10ub_addr8_tS1_fmb] -> 0xffffad455410
cceprint: [_ZN8cceprint13scatter_vaxpyE7vtype_t10ub_addr8_tS1_fhttb] -> 0xffffad4555f0
cceprint: [_ZN8cceprint17scatter_vaxpy_f16E10ub_addr8_tS0_N7float165Fp16TEmb] -> 0xffffad455848
cceprint: [_ZN8cceprint17scatter_vaxpy_f16E10ub_addr8_tS0_N7float165Fp16TEhttb] -> 0xffffad4559f4
cceprint: [_ZN8cceprint17scatter_vaxpy_f32E10ub_addr8_tS0_fmb] -> 0xffffad455c18
cceprint: [_ZN8cceprint17scatter_vaxpy_f32E10ub_addr8_tS0_fhttb] -> 0xffffad455db0
cceprint: [_ZN8cceprint18scatter_vaxpy_fmixE10ub_addr8_tS0_N7float165Fp16TEmb] -> 0xffffad455fc0
cceprint: [_ZN8cceprint18scatter_vaxpy_fmixE10ub_addr8_tS0_N7float165Fp16TEhttb] -> 0xffffad45616c
cceprint: [_ZN8cceprint15scatter_vcmp_eqE7vtype_t10ub_addr8_tS1_m] -> 0xffffad456390
cceprint: [_ZN8cceprint19scatter_vcmp_eq_f16E10ub_addr8_tS0_m] -> 0xffffad4564f8
cceprint: [_ZN8cceprint19scatter_vcmp_eq_f32E10ub_addr8_tS0_m] -> 0xffffad456618
cceprint: [_ZN8cceprint19scatter_vcmp_eq_s16E10ub_addr8_tS0_m] -> 0xffffad456738
cceprint: [_ZN8cceprint15scatter_vcmp_geE7vtype_t10ub_addr8_tS1_m] -> 0xffffad456858
cceprint: [_ZN8cceprint19scatter_vcmp_ge_f16E10ub_addr8_tS0_m] -> 0xffffad4569c0
cceprint: [_ZN8cceprint19scatter_vcmp_ge_f32E10ub_addr8_tS0_m] -> 0xffffad456ae0
cceprint: [_ZN8cceprint19scatter_vcmp_ge_s16E10ub_addr8_tS0_m] -> 0xffffad456c00
cceprint: [_ZN8cceprint15scatter_vcmp_gtE7vtype_t10ub_addr8_tS1_m] -> 0xffffad456d20
cceprint: [_ZN8cceprint19scatter_vcmp_gt_f16E10ub_addr8_tS0_m] -> 0xffffad456e88
cceprint: [_ZN8cceprint19scatter_vcmp_gt_f32E10ub_addr8_tS0_m] -> 0xffffad456fa8
cceprint: [_ZN8cceprint19scatter_vcmp_gt_s16E10ub_addr8_tS0_m] -> 0xffffad4570c8
cceprint: [_ZN8cceprint15scatter_vcmp_leE7vtype_t10ub_addr8_tS1_m] -> 0xffffad4571e8
cceprint: [_ZN8cceprint19scatter_vcmp_le_f16E10ub_addr8_tS0_m] -> 0xffffad457350
cceprint: [_ZN8cceprint19scatter_vcmp_le_f32E10ub_addr8_tS0_m] -> 0xffffad457470
cceprint: [_ZN8cceprint19scatter_vcmp_le_s16E10ub_addr8_tS0_m] -> 0xffffad457590
cceprint: [_ZN8cceprint15scatter_vcmp_ltE7vtype_t10ub_addr8_tS1_m] -> 0xffffad4576b0
cceprint: [_ZN8cceprint19scatter_vcmp_lt_f16E10ub_addr8_tS0_m] -> 0xffffad457818
cceprint: [_ZN8cceprint19scatter_vcmp_lt_f32E10ub_addr8_tS0_m] -> 0xffffad457938
cceprint: [_ZN8cceprint19scatter_vcmp_lt_s16E10ub_addr8_tS0_m] -> 0xffffad457a58
cceprint: [_ZN8cceprint15scatter_vcmp_neE7vtype_t10ub_addr8_tS1_m] -> 0xffffad457b78
cceprint: [_ZN8cceprint19scatter_vcmp_ne_f16E10ub_addr8_tS0_m] -> 0xffffad457ce0
cceprint: [_ZN8cceprint19scatter_vcmp_ne_f32E10ub_addr8_tS0_m] -> 0xffffad457e00
cceprint: [_ZN8cceprint19scatter_vcmp_ne_s16E10ub_addr8_tS0_m] -> 0xffffad457f20
cceprint: [_ZN8cceprint19scatter_vconcat_f16EPN7float165Fp16TE10ub_addr8_tm] -> 0xffffad458040
cceprint: [_ZN8cceprint19scatter_vconcat_f16EPN7float165Fp16TE10ub_addr8_thh] -> 0xffffad458154
cceprint: [_ZN8cceprint19scatter_vconcat_f32EPf10ub_addr8_tm] -> 0xffffad4582b0
cceprint: [_ZN8cceprint19scatter_vconcat_f32EPf10ub_addr8_thh] -> 0xffffad4583c4
cceprint: [_ZN8cceprint17scatter_vconv_deqE10ub_addr8_tS0_mb] -> 0xffffad458520
cceprint: [_ZN8cceprint17scatter_vconv_deqE10ub_addr8_tS0_httb] -> 0xffffad45867c
cceprint: [_ZN8cceprint21scatter_vconv_f162f32E10ub_addr8_tS0_mb] -> 0xffffad458850
cceprint: [_ZN8cceprint21scatter_vconv_f162f32E10ub_addr8_tS0_httb] -> 0xffffad4589ac
cceprint: [_ZN8cceprint22scatter_vconv_f162s32aE10ub_addr8_tS0_mb] -> 0xffffad458b80
cceprint: [_ZN8cceprint22scatter_vconv_f162s32aE10ub_addr8_tS0_httb] -> 0xffffad458cdc
cceprint: [_ZN8cceprint22scatter_vconv_f162s32cE10ub_addr8_tS0_mb] -> 0xffffad458eb0
cceprint: [_ZN8cceprint22scatter_vconv_f162s32cE10ub_addr8_tS0_httb] -> 0xffffad45900c
cceprint: [_ZN8cceprint22scatter_vconv_f162s32fE10ub_addr8_tS0_mb] -> 0xffffad4591e0
cceprint: [_ZN8cceprint22scatter_vconv_f162s32fE10ub_addr8_tS0_httb] -> 0xffffad45933c
cceprint: [_ZN8cceprint22scatter_vconv_f162s32rE10ub_addr8_tS0_mb] -> 0xffffad459510
cceprint: [_ZN8cceprint22scatter_vconv_f162s32rE10ub_addr8_tS0_httb] -> 0xffffad45966c
cceprint: [_ZN8cceprint22scatter_vconv_f162s32zE10ub_addr8_tS0_mb] -> 0xffffad459840
cceprint: [_ZN8cceprint22scatter_vconv_f162s32zE10ub_addr8_tS0_httb] -> 0xffffad45999c
cceprint: [_ZN8cceprint20scatter_vconv_f162s8E10ub_addr8_tS0_mb] -> 0xffffad459b70
cceprint: [_ZN8cceprint20scatter_vconv_f162s8E10ub_addr8_tS0_httb] -> 0xffffad459ccc
cceprint: [_ZN8cceprint21scatter_vconv_f162s8aE10ub_addr8_tS0_mb] -> 0xffffad459ea0
cceprint: [_ZN8cceprint21scatter_vconv_f162s8aE10ub_addr8_tS0_httb] -> 0xffffad459ffc
cceprint: [_ZN8cceprint21scatter_vconv_f162s8cE10ub_addr8_tS0_mb] -> 0xffffad45a1d0
cceprint: [_ZN8cceprint21scatter_vconv_f162s8cE10ub_addr8_tS0_httb] -> 0xffffad45a32c
cceprint: [_ZN8cceprint21scatter_vconv_f162s8fE10ub_addr8_tS0_mb] -> 0xffffad45a500
cceprint: [_ZN8cceprint21scatter_vconv_f162s8fE10ub_addr8_tS0_httb] -> 0xffffad45a65c
cceprint: [_ZN8cceprint21scatter_vconv_f162s8zE10ub_addr8_tS0_mb] -> 0xffffad45a830
cceprint: [_ZN8cceprint21scatter_vconv_f162s8zE10ub_addr8_tS0_httb] -> 0xffffad45a98c
cceprint: [_ZN8cceprint20scatter_vconv_f162u8E10ub_addr8_tS0_mb] -> 0xffffad45ab60
cceprint: [_ZN8cceprint20scatter_vconv_f162u8E10ub_addr8_tS0_httb] -> 0xffffad45acbc
cceprint: [_ZN8cceprint21scatter_vconv_f162u8aE10ub_addr8_tS0_mb] -> 0xffffad45ae90
cceprint: [_ZN8cceprint21scatter_vconv_f162u8aE10ub_addr8_tS0_httb] -> 0xffffad45afec
cceprint: [_ZN8cceprint21scatter_vconv_f162u8cE10ub_addr8_tS0_mb] -> 0xffffad45b1c0
cceprint: [_ZN8cceprint21scatter_vconv_f162u8cE10ub_addr8_tS0_httb] -> 0xffffad45b31c
cceprint: [_ZN8cceprint21scatter_vconv_f162u8fE10ub_addr8_tS0_mb] -> 0xffffad45b4f0
cceprint: [_ZN8cceprint21scatter_vconv_f162u8fE10ub_addr8_tS0_httb] -> 0xffffad45b64c
cceprint: [_ZN8cceprint21scatter_vconv_f162u8zE10ub_addr8_tS0_mb] -> 0xffffad45b820
cceprint: [_ZN8cceprint21scatter_vconv_f162u8zE10ub_addr8_tS0_httb] -> 0xffffad45b97c
cceprint: [_ZN8cceprint21scatter_vconv_f322f16E10ub_addr8_tS0_mb] -> 0xffffad45bb50
cceprint: [_ZN8cceprint21scatter_vconv_f322f16E10ub_addr8_tS0_httb] -> 0xffffad45bcac
cceprint: [_ZN8cceprint22scatter_vconv_f322f16oE10ub_addr8_tS0_mb] -> 0xffffad45be80
cceprint: [_ZN8cceprint22scatter_vconv_f322f16oE10ub_addr8_tS0_httb] -> 0xffffad45bfdc
cceprint: [_ZN8cceprint22scatter_vconv_f322s32aE10ub_addr8_tS0_mb] -> 0xffffad45c1b0
cceprint: [_ZN8cceprint22scatter_vconv_f322s32aE10ub_addr8_tS0_httb] -> 0xffffad45c30c
cceprint: [_ZN8cceprint22scatter_vconv_f322s32cE10ub_addr8_tS0_mb] -> 0xffffad45c4e0
cceprint: [_ZN8cceprint22scatter_vconv_f322s32cE10ub_addr8_tS0_httb] -> 0xffffad45c63c
cceprint: [_ZN8cceprint22scatter_vconv_f322s32fE10ub_addr8_tS0_mb] -> 0xffffad45c810
cceprint: [_ZN8cceprint22scatter_vconv_f322s32fE10ub_addr8_tS0_httb] -> 0xffffad45c96c
cceprint: [_ZN8cceprint22scatter_vconv_f322s32rE10ub_addr8_tS0_mb] -> 0xffffad45cb40
cceprint: [_ZN8cceprint22scatter_vconv_f322s32rE10ub_addr8_tS0_httb] -> 0xffffad45cc9c
cceprint: [_ZN8cceprint22scatter_vconv_f322s32zE10ub_addr8_tS0_mb] -> 0xffffad45ce70
cceprint: [_ZN8cceprint22scatter_vconv_f322s32zE10ub_addr8_tS0_httb] -> 0xffffad45cfcc
cceprint: [_ZN8cceprint21scatter_vconv_s322f32E10ub_addr8_tS0_mb] -> 0xffffad45d1a0
cceprint: [_ZN8cceprint21scatter_vconv_s322f32E10ub_addr8_tS0_httb] -> 0xffffad45d2fc
cceprint: [_ZN8cceprint20scatter_vconv_s82f16E10ub_addr8_tS0_mb] -> 0xffffad45d4d0
cceprint: [_ZN8cceprint20scatter_vconv_s82f16E10ub_addr8_tS0_httb] -> 0xffffad45d62c
cceprint: [_ZN8cceprint20scatter_vconv_u82f16E10ub_addr8_tS0_mb] -> 0xffffad45d800
cceprint: [_ZN8cceprint20scatter_vconv_u82f16E10ub_addr8_tS0_httb] -> 0xffffad45d95c
cceprint: [_ZN8cceprint21scatter_vcshuffle_b16E10ub_addr8_tS0_m] -> 0xffffad45db30
cceprint: [_ZN8cceprint21scatter_vcshuffle_b16E10ub_addr8_tS0_htth] -> 0xffffad45dc50
cceprint: [_ZN8cceprint21scatter_vcshuffle_b32E10ub_addr8_tS0_m] -> 0xffffad45de30
cceprint: [_ZN8cceprint21scatter_vcshuffle_b32E10ub_addr8_tS0_htth] -> 0xffffad45df50
cceprint: [_ZN8cceprint20scatter_vcshuffle_b8E10ub_addr8_tS0_m] -> 0xffffad45e130
cceprint: [_ZN8cceprint20scatter_vcshuffle_b8E10ub_addr8_tS0_htth] -> 0xffffad45e250
cceprint: [_ZN8cceprint12scatter_vdivE7vtype_t10ub_addr8_tS1_S1_m] -> 0xffffad45e430
cceprint: [_ZN8cceprint12scatter_vdivE7vtype_t10ub_addr8_tS1_S1_httt] -> 0xffffad45e5e0
cceprint: [_ZN8cceprint16scatter_vdiv_f16E10ub_addr8_tS0_S0_m] -> 0xffffad45e844
cceprint: [_ZN8cceprint16scatter_vdiv_f16E10ub_addr8_tS0_S0_httt] -> 0xffffad45e9ac
cceprint: [_ZN8cceprint16scatter_vdiv_f32E10ub_addr8_tS0_S0_m] -> 0xffffad45ebc8
cceprint: [_ZN8cceprint16scatter_vdiv_f32E10ub_addr8_tS0_S0_httt] -> 0xffffad45ed30
cceprint: [_ZN8cceprint18scatter_vector_movE7vtype_t10ub_addr8_tS1_m] -> 0xffffad45ef4c
cceprint: [_ZN8cceprint18scatter_vector_movE7vtype_t10ub_addr8_tS1_htt] -> 0xffffad45f0b4
cceprint: [_ZN8cceprint22scatter_vector_mov_f16E10ub_addr8_tS0_m] -> 0xffffad45f294
cceprint: [_ZN8cceprint22scatter_vector_mov_f16E10ub_addr8_tS0_htt] -> 0xffffad45f3b4
cceprint: [_ZN8cceprint22scatter_vector_mov_s16E10ub_addr8_tS0_m] -> 0xffffad45f54c
cceprint: [_ZN8cceprint22scatter_vector_mov_s16E10ub_addr8_tS0_htt] -> 0xffffad45f66c
cceprint: [_ZN8cceprint22scatter_vector_mov_u16E10ub_addr8_tS0_m] -> 0xffffad45f804
cceprint: [_ZN8cceprint22scatter_vector_mov_u16E10ub_addr8_tS0_htt] -> 0xffffad45f924
cceprint: [_ZN8cceprint12scatter_vexpE7vtype_t10ub_addr8_tS1_m] -> 0xffffad45fabc
cceprint: [_ZN8cceprint12scatter_vexpE7vtype_t10ub_addr8_tS1_htt] -> 0xffffad45fc24
cceprint: [_ZN8cceprint16scatter_vexp_f16E10ub_addr8_tS0_m] -> 0xffffad45fe04
cceprint: [_ZN8cceprint16scatter_vexp_f16E10ub_addr8_tS0_htt] -> 0xffffad45ff24
cceprint: [_ZN8cceprint16scatter_vexp_f32E10ub_addr8_tS0_m] -> 0xffffad4600bc
cceprint: [_ZN8cceprint16scatter_vexp_f32E10ub_addr8_tS0_htt] -> 0xffffad4601dc
cceprint: [_ZN8cceprint20scatter_vextract_f16E10ub_addr8_tPN7float165Fp16TEm] -> 0xffffad460374
cceprint: [_ZN8cceprint20scatter_vextract_f16E10ub_addr8_tPN7float165Fp16TEhh] -> 0xffffad460488
cceprint: [_ZN8cceprint20scatter_vextract_f32E10ub_addr8_tPfm] -> 0xffffad4605e4
cceprint: [_ZN8cceprint20scatter_vextract_f32E10ub_addr8_tPfhh] -> 0xffffad4606f8
cceprint: [_ZN8cceprint11scatter_vlnE7vtype_t10ub_addr8_tS1_m] -> 0xffffad460854
cceprint: [_ZN8cceprint11scatter_vlnE7vtype_t10ub_addr8_tS1_htt] -> 0xffffad4609bc
cceprint: [_ZN8cceprint15scatter_vln_f16E10ub_addr8_tS0_m] -> 0xffffad460b9c
cceprint: [_ZN8cceprint15scatter_vln_f16E10ub_addr8_tS0_htt] -> 0xffffad460cbc
cceprint: [_ZN8cceprint15scatter_vln_f32E10ub_addr8_tS0_m] -> 0xffffad460e54
cceprint: [_ZN8cceprint15scatter_vln_f32E10ub_addr8_tS0_htt] -> 0xffffad460f74
cceprint: [_ZN8cceprint13scatter_vmaddE7vtype_t10ub_addr8_tS1_S1_m] -> 0xffffad46110c
cceprint: [_ZN8cceprint13scatter_vmaddE7vtype_t10ub_addr8_tS1_S1_httt] -> 0xffffad4612bc
cceprint: [_ZN8cceprint17scatter_vmadd_f16E10ub_addr8_tS0_S0_m] -> 0xffffad461520
cceprint: [_ZN8cceprint17scatter_vmadd_f16E10ub_addr8_tS0_S0_httt] -> 0xffffad461688
cceprint: [_ZN8cceprint17scatter_vmadd_f32E10ub_addr8_tS0_S0_m] -> 0xffffad4618a4
cceprint: [_ZN8cceprint17scatter_vmadd_f32E10ub_addr8_tS0_S0_httt] -> 0xffffad461a0c
cceprint: [_ZN8cceprint17scatter_vmaddreluE7vtype_t10ub_addr8_tS1_S1_m] -> 0xffffad461c28
cceprint: [_ZN8cceprint17scatter_vmaddreluE7vtype_t10ub_addr8_tS1_S1_httt] -> 0xffffad461dd8
cceprint: [_ZN8cceprint21scatter_vmaddrelu_f16E10ub_addr8_tS0_S0_m] -> 0xffffad46203c
cceprint: [_ZN8cceprint21scatter_vmaddrelu_f16E10ub_addr8_tS0_S0_httt] -> 0xffffad4621a4
cceprint: [_ZN8cceprint21scatter_vmaddrelu_f32E10ub_addr8_tS0_S0_m] -> 0xffffad4623c0
cceprint: [_ZN8cceprint21scatter_vmaddrelu_f32E10ub_addr8_tS0_S0_httt] -> 0xffffad462528
cceprint: [_ZN8cceprint12scatter_vmaxE7vtype_t10ub_addr8_tS1_S1_m] -> 0xffffad462744
cceprint: [_ZN8cceprint12scatter_vmaxE7vtype_t10ub_addr8_tS1_S1_httt] -> 0xffffad4628f4
cceprint: [_ZN8cceprint16scatter_vmax_f16E10ub_addr8_tS0_S0_m] -> 0xffffad462b58
cceprint: [_ZN8cceprint16scatter_vmax_f16E10ub_addr8_tS0_S0_httt] -> 0xffffad462cc0
cceprint: [_ZN8cceprint16scatter_vmax_f32E10ub_addr8_tS0_S0_m] -> 0xffffad462edc
cceprint: [_ZN8cceprint16scatter_vmax_f32E10ub_addr8_tS0_S0_httt] -> 0xffffad463044
cceprint: [_ZN8cceprint16scatter_vmax_s16E10ub_addr8_tS0_S0_m] -> 0xffffad463260
cceprint: [_ZN8cceprint16scatter_vmax_s16E10ub_addr8_tS0_S0_httt] -> 0xffffad4633c8
cceprint: [_ZN8cceprint16scatter_vmax_s32E10ub_addr8_tS0_S0_m] -> 0xffffad4635e4
cceprint: [_ZN8cceprint16scatter_vmax_s32E10ub_addr8_tS0_S0_httt] -> 0xffffad46374c
cceprint: [_ZN8cceprint17scatter_vmaxs_f16E10ub_addr8_tS0_N7float165Fp16TEm] -> 0xffffad463968
cceprint: [_ZN8cceprint17scatter_vmaxs_f16E10ub_addr8_tS0_N7float165Fp16TEhtt] -> 0xffffad463ad8
cceprint: [_ZN8cceprint17scatter_vmaxs_f32E10ub_addr8_tS0_fm] -> 0xffffad463cc0
cceprint: [_ZN8cceprint17scatter_vmaxs_f32E10ub_addr8_tS0_fhtt] -> 0xffffad463e1c
cceprint: [_ZN8cceprint17scatter_vmaxs_s16E10ub_addr8_tS0_sm] -> 0xffffad463ff0
cceprint: [_ZN8cceprint17scatter_vmaxs_s16E10ub_addr8_tS0_shtt] -> 0xffffad46414c
cceprint: [_ZN8cceprint17scatter_vmaxs_s32E10ub_addr8_tS0_im] -> 0xffffad464320
cceprint: [_ZN8cceprint17scatter_vmaxs_s32E10ub_addr8_tS0_ihtt] -> 0xffffad46447c
cceprint: [_ZN8cceprint12scatter_vminE7vtype_t10ub_addr8_tS1_S1_m] -> 0xffffad464650
cceprint: [_ZN8cceprint12scatter_vminE7vtype_t10ub_addr8_tS1_S1_httt] -> 0xffffad464800
cceprint: [_ZN8cceprint16scatter_vmin_f16E10ub_addr8_tS0_S0_m] -> 0xffffad464a64
cceprint: [_ZN8cceprint16scatter_vmin_f16E10ub_addr8_tS0_S0_httt] -> 0xffffad464bcc
cceprint: [_ZN8cceprint16scatter_vmin_f32E10ub_addr8_tS0_S0_m] -> 0xffffad464de8
cceprint: [_ZN8cceprint16scatter_vmin_f32E10ub_addr8_tS0_S0_httt] -> 0xffffad464f50
cceprint: [_ZN8cceprint16scatter_vmin_s16E10ub_addr8_tS0_S0_m] -> 0xffffad46516c
cceprint: [_ZN8cceprint16scatter_vmin_s16E10ub_addr8_tS0_S0_httt] -> 0xffffad4652d4
cceprint: [_ZN8cceprint16scatter_vmin_s32E10ub_addr8_tS0_S0_m] -> 0xffffad4654f0
cceprint: [_ZN8cceprint16scatter_vmin_s32E10ub_addr8_tS0_S0_httt] -> 0xffffad465658
cceprint: [_ZN8cceprint17scatter_vmins_f16E10ub_addr8_tS0_N7float165Fp16TEm] -> 0xffffad465874
cceprint: [_ZN8cceprint17scatter_vmins_f16E10ub_addr8_tS0_N7float165Fp16TEhtt] -> 0xffffad4659e4
cceprint: [_ZN8cceprint17scatter_vmins_f32E10ub_addr8_tS0_fm] -> 0xffffad465bcc
cceprint: [_ZN8cceprint17scatter_vmins_f32E10ub_addr8_tS0_fhtt] -> 0xffffad465d28
cceprint: [_ZN8cceprint17scatter_vmins_s16E10ub_addr8_tS0_sm] -> 0xffffad465efc
cceprint: [_ZN8cceprint17scatter_vmins_s16E10ub_addr8_tS0_shtt] -> 0xffffad466058
cceprint: [_ZN8cceprint17scatter_vmins_s32E10ub_addr8_tS0_im] -> 0xffffad46622c
cceprint: [_ZN8cceprint17scatter_vmins_s32E10ub_addr8_tS0_ihtt] -> 0xffffad466388
cceprint: [_ZN8cceprint12scatter_vmlaE7vtype_t10ub_addr8_tS1_S1_m] -> 0xffffad46655c
cceprint: [_ZN8cceprint12scatter_vmlaE7vtype_t10ub_addr8_tS1_S1_httt] -> 0xffffad46670c
cceprint: [_ZN8cceprint16scatter_vmla_f16E10ub_addr8_tS0_S0_m] -> 0xffffad466970
cceprint: [_ZN8cceprint16scatter_vmla_f16E10ub_addr8_tS0_S0_httt] -> 0xffffad466ad8
cceprint: [_ZN8cceprint16scatter_vmla_f32E10ub_addr8_tS0_S0_m] -> 0xffffad466cf4
cceprint: [_ZN8cceprint16scatter_vmla_f32E10ub_addr8_tS0_S0_httt] -> 0xffffad466e5c
cceprint: [_ZN8cceprint17scatter_vmla_fmixE10ub_addr8_tS0_S0_m] -> 0xffffad467078
cceprint: [_ZN8cceprint17scatter_vmla_fmixE10ub_addr8_tS0_S0_httt] -> 0xffffad4671e0
cceprint: [_ZN8cceprint12scatter_vmulE7vtype_t10ub_addr8_tS1_S1_m] -> 0xffffad4673fc
cceprint: [_ZN8cceprint12scatter_vmulE7vtype_t10ub_addr8_tS1_S1_httt] -> 0xffffad4675ac
cceprint: [_ZN8cceprint16scatter_vmul_f16E10ub_addr8_tS0_S0_m] -> 0xffffad467810
cceprint: [_ZN8cceprint16scatter_vmul_f16E10ub_addr8_tS0_S0_httt] -> 0xffffad467978
cceprint: [_ZN8cceprint16scatter_vmul_f32E10ub_addr8_tS0_S0_m] -> 0xffffad467b94
cceprint: [_ZN8cceprint16scatter_vmul_f32E10ub_addr8_tS0_S0_httt] -> 0xffffad467cfc
cceprint: [_ZN8cceprint16scatter_vmul_s16E10ub_addr8_tS0_S0_m] -> 0xffffad467f18
cceprint: [_ZN8cceprint16scatter_vmul_s16E10ub_addr8_tS0_S0_httt] -> 0xffffad468080
cceprint: [_ZN8cceprint16scatter_vmul_s32E10ub_addr8_tS0_S0_m] -> 0xffffad46829c
cceprint: [_ZN8cceprint16scatter_vmul_s32E10ub_addr8_tS0_S0_httt] -> 0xffffad468404
cceprint: [_ZN8cceprint23scatter_vmulconv_f162s8E10ub_addr8_tS0_S0_mb] -> 0xffffad468620
cceprint: [_ZN8cceprint23scatter_vmulconv_f162s8E10ub_addr8_tS0_S0_htttb] -> 0xffffad4687c4
cceprint: [_ZN8cceprint23scatter_vmulconv_f162u8E10ub_addr8_tS0_S0_mb] -> 0xffffad468a1c
cceprint: [_ZN8cceprint23scatter_vmulconv_f162u8E10ub_addr8_tS0_S0_htttb] -> 0xffffad468bc0
cceprint: [_ZN8cceprint13scatter_vmulsE7vtype_t10ub_addr8_tS1_N7float165Fp16TEm] -> 0xffffad468e18
cceprint: [_ZN8cceprint13scatter_vmulsE7vtype_t10ub_addr8_tS1_N7float165Fp16TEhtt] -> 0xffffad468fd0
cceprint: [_ZN8cceprint13scatter_vmulsE7vtype_t10ub_addr8_tS1_fm] -> 0xffffad469200
cceprint: [_ZN8cceprint13scatter_vmulsE7vtype_t10ub_addr8_tS1_fhtt] -> 0xffffad4693a4
cceprint: [_ZN8cceprint17scatter_vmuls_f16E10ub_addr8_tS0_N7float165Fp16TEm] -> 0xffffad4695c0
cceprint: [_ZN8cceprint17scatter_vmuls_f16E10ub_addr8_tS0_N7float165Fp16TEhtt] -> 0xffffad469730
cceprint: [_ZN8cceprint17scatter_vmuls_f32E10ub_addr8_tS0_fm] -> 0xffffad469918
cceprint: [_ZN8cceprint17scatter_vmuls_f32E10ub_addr8_tS0_fhtt] -> 0xffffad469a74
cceprint: [_ZN8cceprint17scatter_vmuls_s16E10ub_addr8_tS0_sm] -> 0xffffad469c48
cceprint: [_ZN8cceprint17scatter_vmuls_s16E10ub_addr8_tS0_shtt] -> 0xffffad469da4
cceprint: [_ZN8cceprint17scatter_vmuls_s32E10ub_addr8_tS0_im] -> 0xffffad469f78
cceprint: [_ZN8cceprint17scatter_vmuls_s32E10ub_addr8_tS0_ihtt] -> 0xffffad46a0d4
cceprint: [_ZN8cceprint21scatter_vnchwconv_b16E10ub_addr8_tPsm] -> 0xffffad46a2a8
cceprint: [_ZN8cceprint21scatter_vnchwconv_b16E10ub_addr8_tPshtt] -> 0xffffad46a3bc
cceprint: [_ZN8cceprint21scatter_vnchwconv_b16E10ub_addr8_tPtm] -> 0xffffad46a548
cceprint: [_ZN8cceprint21scatter_vnchwconv_b16E10ub_addr8_tPthtt] -> 0xffffad46a65c
cceprint: [_ZN8cceprint21scatter_vnchwconv_b16EPs10ub_addr8_tm] -> 0xffffad46a7e8
cceprint: [_ZN8cceprint21scatter_vnchwconv_b16EPs10ub_addr8_thtt] -> 0xffffad46a8fc
cceprint: [_ZN8cceprint21scatter_vnchwconv_b16EPt10ub_addr8_tm] -> 0xffffad46aa88
cceprint: [_ZN8cceprint21scatter_vnchwconv_b16EPt10ub_addr8_thtt] -> 0xffffad46ab9c
cceprint: [_ZN8cceprint21scatter_vnchwconv_b16E10ub_addr8_tS0_m] -> 0xffffad46ad28
cceprint: [_ZN8cceprint21scatter_vnchwconv_b16E10ub_addr8_tS0_htt] -> 0xffffad46ae48
cceprint: [_ZN8cceprint21scatter_vnchwconv_b32E10ub_addr8_tPim] -> 0xffffad46afe0
cceprint: [_ZN8cceprint21scatter_vnchwconv_b32E10ub_addr8_tPihtt] -> 0xffffad46b0f4
cceprint: [_ZN8cceprint21scatter_vnchwconv_b32E10ub_addr8_tPjm] -> 0xffffad46b280
cceprint: [_ZN8cceprint21scatter_vnchwconv_b32E10ub_addr8_tPjhtt] -> 0xffffad46b394
cceprint: [_ZN8cceprint21scatter_vnchwconv_b32EPi10ub_addr8_tm] -> 0xffffad46b520
cceprint: [_ZN8cceprint21scatter_vnchwconv_b32EPi10ub_addr8_thtt] -> 0xffffad46b634
cceprint: [_ZN8cceprint21scatter_vnchwconv_b32EPj10ub_addr8_tm] -> 0xffffad46b7c0
cceprint: [_ZN8cceprint21scatter_vnchwconv_b32EPj10ub_addr8_thtt] -> 0xffffad46b8d4
cceprint: [_ZN8cceprint21scatter_vnchwconv_b32E10ub_addr8_tS0_m] -> 0xffffad46ba60
cceprint: [_ZN8cceprint21scatter_vnchwconv_b32E10ub_addr8_tS0_htt] -> 0xffffad46bb80
cceprint: [_ZN8cceprint20scatter_vnchwconv_b8E10ub_addr8_tPambb] -> 0xffffad46bd18
cceprint: [_ZN8cceprint20scatter_vnchwconv_b8E10ub_addr8_tPahttbb] -> 0xffffad46bea4
cceprint: [_ZN8cceprint20scatter_vnchwconv_b8E10ub_addr8_tPhmbb] -> 0xffffad46c0a8
cceprint: [_ZN8cceprint20scatter_vnchwconv_b8E10ub_addr8_tPhhttbb] -> 0xffffad46c234
cceprint: [_ZN8cceprint20scatter_vnchwconv_b8EPa10ub_addr8_tmbb] -> 0xffffad46c438
cceprint: [_ZN8cceprint20scatter_vnchwconv_b8EPa10ub_addr8_thttbb] -> 0xffffad46c5c4
cceprint: [_ZN8cceprint20scatter_vnchwconv_b8EPh10ub_addr8_tmbb] -> 0xffffad46c7c8
cceprint: [_ZN8cceprint20scatter_vnchwconv_b8EPh10ub_addr8_thttbb] -> 0xffffad46c954
cceprint: [_ZN8cceprint20scatter_vnchwconv_b8E10ub_addr8_tS0_mbb] -> 0xffffad46cb58
cceprint: [_ZN8cceprint20scatter_vnchwconv_b8E10ub_addr8_tS0_httbb] -> 0xffffad46ccf0
cceprint: [_ZN8cceprint12scatter_vrecE7vtype_t10ub_addr8_tS1_m] -> 0xffffad46cf00
cceprint: [_ZN8cceprint12scatter_vrecE7vtype_t10ub_addr8_tS1_htt] -> 0xffffad46d068
cceprint: [_ZN8cceprint16scatter_vrec_f16E10ub_addr8_tS0_m] -> 0xffffad46d248
cceprint: [_ZN8cceprint16scatter_vrec_f16E10ub_addr8_tS0_htt] -> 0xffffad46d368
cceprint: [_ZN8cceprint16scatter_vrec_f32E10ub_addr8_tS0_m] -> 0xffffad46d500
cceprint: [_ZN8cceprint16scatter_vrec_f32E10ub_addr8_tS0_htt] -> 0xffffad46d620
cceprint: [_ZN8cceprint13scatter_vreluE7vtype_t10ub_addr8_tS1_m] -> 0xffffad46d7b8
cceprint: [_ZN8cceprint13scatter_vreluE7vtype_t10ub_addr8_tS1_htt] -> 0xffffad46d920
cceprint: [_ZN8cceprint17scatter_vrelu_f16E10ub_addr8_tS0_m] -> 0xffffad46db00
cceprint: [_ZN8cceprint17scatter_vrelu_f16E10ub_addr8_tS0_htt] -> 0xffffad46dc20
cceprint: [_ZN8cceprint17scatter_vrelu_f32E10ub_addr8_tS0_m] -> 0xffffad46ddb8
cceprint: [_ZN8cceprint17scatter_vrelu_f32E10ub_addr8_tS0_htt] -> 0xffffad46ded8
cceprint: [_ZN8cceprint17scatter_vrelu_s32E10ub_addr8_tS0_m] -> 0xffffad46e070
cceprint: [_ZN8cceprint17scatter_vrelu_s32E10ub_addr8_tS0_htt] -> 0xffffad46e190
cceprint: [_ZN8cceprint14scatter_vrsqrtE7vtype_t10ub_addr8_tS1_m] -> 0xffffad46e328
cceprint: [_ZN8cceprint14scatter_vrsqrtE7vtype_t10ub_addr8_tS1_htt] -> 0xffffad46e490
cceprint: [_ZN8cceprint18scatter_vrsqrt_f16E10ub_addr8_tS0_m] -> 0xffffad46e670
cceprint: [_ZN8cceprint18scatter_vrsqrt_f16E10ub_addr8_tS0_htt] -> 0xffffad46e790
cceprint: [_ZN8cceprint18scatter_vrsqrt_f32E10ub_addr8_tS0_m] -> 0xffffad46e928
cceprint: [_ZN8cceprint18scatter_vrsqrt_f32E10ub_addr8_tS0_htt] -> 0xffffad46ea48
cceprint: [_ZN8cceprint16scatter_vscmergeEPt10ub_addr8_tm] -> 0xffffad46ebe0
cceprint: [_ZN8cceprint16scatter_vscmergeEPt10ub_addr8_tth] -> 0xffffad46ecf4
cceprint: [_ZN8cceprint16scatter_vscmergeEPh10ub_addr8_tm] -> 0xffffad46ee44
cceprint: [_ZN8cceprint16scatter_vscmergeEPh10ub_addr8_tth] -> 0xffffad46ef58
cceprint: [_ZN8cceprint16scatter_vscmergeEPN7float165Fp16TE10ub_addr8_tm] -> 0xffffad46f0a8
cceprint: [_ZN8cceprint16scatter_vscmergeEPN7float165Fp16TE10ub_addr8_tth] -> 0xffffad46f1bc
cceprint: [_ZN8cceprint20scatter_vscmerge_b16EPt10ub_addr8_tm] -> 0xffffad46f30c
cceprint: [_ZN8cceprint20scatter_vscmerge_b16EPt10ub_addr8_tth] -> 0xffffad46f420
cceprint: [_ZN8cceprint19scatter_vscmerge_b8EPh10ub_addr8_tm] -> 0xffffad46f570
cceprint: [_ZN8cceprint19scatter_vscmerge_b8EPh10ub_addr8_tth] -> 0xffffad46f684
cceprint: [_ZN8cceprint20scatter_vscmerge_f16EPN7float165Fp16TE10ub_addr8_tm] -> 0xffffad46f7d4
cceprint: [_ZN8cceprint20scatter_vscmerge_f16EPN7float165Fp16TE10ub_addr8_tth] -> 0xffffad46f8e8
cceprint: [_ZN8cceprint16scatter_vscsplitE10ub_addr8_tPtm] -> 0xffffad46fa38
cceprint: [_ZN8cceprint16scatter_vscsplitE10ub_addr8_tPtth] -> 0xffffad46fb4c
cceprint: [_ZN8cceprint16scatter_vscsplitE10ub_addr8_tPhm] -> 0xffffad46fc9c
cceprint: [_ZN8cceprint16scatter_vscsplitE10ub_addr8_tPhth] -> 0xffffad46fdb0
cceprint: [_ZN8cceprint16scatter_vscsplitE10ub_addr8_tPN7float165Fp16TEm] -> 0xffffad46ff00
cceprint: [_ZN8cceprint16scatter_vscsplitE10ub_addr8_tPN7float165Fp16TEth] -> 0xffffad470014
cceprint: [_ZN8cceprint20scatter_vscsplit_b16E10ub_addr8_tPtm] -> 0xffffad470164
cceprint: [_ZN8cceprint20scatter_vscsplit_b16E10ub_addr8_tPtth] -> 0xffffad470278
cceprint: [_ZN8cceprint20scatter_vscsplit_b16E10ub_addr8_tPsm] -> 0xffffad4703c8
cceprint: [_ZN8cceprint20scatter_vscsplit_b16E10ub_addr8_tPsth] -> 0xffffad4704dc
cceprint: [_ZN8cceprint19scatter_vscsplit_b8E10ub_addr8_tPhm] -> 0xffffad47062c
cceprint: [_ZN8cceprint19scatter_vscsplit_b8E10ub_addr8_tPhth] -> 0xffffad470740
cceprint: [_ZN8cceprint19scatter_vscsplit_b8E10ub_addr8_tPam] -> 0xffffad470890
cceprint: [_ZN8cceprint19scatter_vscsplit_b8E10ub_addr8_tPath] -> 0xffffad4709a4
cceprint: [_ZN8cceprint20scatter_vscsplit_f16E10ub_addr8_tPN7float165Fp16TEm] -> 0xffffad470af4
cceprint: [_ZN8cceprint20scatter_vscsplit_f16E10ub_addr8_tPN7float165Fp16TEth] -> 0xffffad470c08
cceprint: [_ZN8cceprint12scatter_vselE7vtype_t10ub_addr8_tS1_S1_m] -> 0xffffad470d58
cceprint: [_ZN8cceprint12scatter_vselE7vtype_t10ub_addr8_tS1_S1_httt] -> 0xffffad470f08
cceprint: [_ZN8cceprint16scatter_vsel_f16E10ub_addr8_tS0_S0_m] -> 0xffffad47116c
cceprint: [_ZN8cceprint16scatter_vsel_f16E10ub_addr8_tS0_S0_httth] -> 0xffffad4712d4
cceprint: [_ZN8cceprint16scatter_vsel_f32E10ub_addr8_tS0_S0_m] -> 0xffffad471538
cceprint: [_ZN8cceprint16scatter_vsel_f32E10ub_addr8_tS0_S0_httth] -> 0xffffad4716a0
cceprint: [_ZN8cceprint13scatter_vsqrtE7vtype_t10ub_addr8_tS1_m] -> 0xffffad471904
cceprint: [_ZN8cceprint13scatter_vsqrtE7vtype_t10ub_addr8_tS1_htt] -> 0xffffad471a6c
cceprint: [_ZN8cceprint17scatter_vsqrt_f16E10ub_addr8_tS0_m] -> 0xffffad471c4c
cceprint: [_ZN8cceprint17scatter_vsqrt_f16E10ub_addr8_tS0_htt] -> 0xffffad471d6c
cceprint: [_ZN8cceprint17scatter_vsqrt_f32E10ub_addr8_tS0_m] -> 0xffffad471f04
cceprint: [_ZN8cceprint17scatter_vsqrt_f32E10ub_addr8_tS0_htt] -> 0xffffad472024
cceprint: [_ZN8cceprint12scatter_vsubE7vtype_t10ub_addr8_tS1_S1_m] -> 0xffffad4721bc
cceprint: [_ZN8cceprint12scatter_vsubE7vtype_t10ub_addr8_tS1_S1_httt] -> 0xffffad47236c
cceprint: [_ZN8cceprint16scatter_vsub_f16E10ub_addr8_tS0_S0_m] -> 0xffffad4725d0
cceprint: [_ZN8cceprint16scatter_vsub_f16E10ub_addr8_tS0_S0_httt] -> 0xffffad472738
cceprint: [_ZN8cceprint16scatter_vsub_f32E10ub_addr8_tS0_S0_m] -> 0xffffad472954
cceprint: [_ZN8cceprint16scatter_vsub_f32E10ub_addr8_tS0_S0_httt] -> 0xffffad472abc
cceprint: [_ZN8cceprint16scatter_vsub_s16E10ub_addr8_tS0_S0_m] -> 0xffffad472cd8
cceprint: [_ZN8cceprint16scatter_vsub_s16E10ub_addr8_tS0_S0_httt] -> 0xffffad472e40
cceprint: [_ZN8cceprint16scatter_vsub_s32E10ub_addr8_tS0_S0_m] -> 0xffffad47305c
cceprint: [_ZN8cceprint16scatter_vsub_s32E10ub_addr8_tS0_S0_httt] -> 0xffffad4731c4
cceprint: [_ZN8cceprint14set_aipp_spr_0Em] -> 0xffffad4733e0
cceprint: [_ZN8cceprint14set_aipp_spr_1Em] -> 0xffffad473470
cceprint: [_ZN8cceprint15set_aipp_spr_10Em] -> 0xffffad473500
cceprint: [_ZN8cceprint15set_aipp_spr_11Em] -> 0xffffad473590
cceprint: [_ZN8cceprint15set_aipp_spr_12Em] -> 0xffffad473620
cceprint: [_ZN8cceprint15set_aipp_spr_13Em] -> 0xffffad4736b0
cceprint: [_ZN8cceprint15set_aipp_spr_14Em] -> 0xffffad473740
cceprint: [_ZN8cceprint15set_aipp_spr_15Em] -> 0xffffad4737d0
cceprint: [_ZN8cceprint15set_aipp_spr_16Em] -> 0xffffad473860
cceprint: [_ZN8cceprint15set_aipp_spr_17Em] -> 0xffffad4738f0
cceprint: [_ZN8cceprint15set_aipp_spr_18Em] -> 0xffffad473980
cceprint: [_ZN8cceprint15set_aipp_spr_19Em] -> 0xffffad473a10
cceprint: [_ZN8cceprint14set_aipp_spr_2Em] -> 0xffffad473aa0
cceprint: [_ZN8cceprint15set_aipp_spr_20Em] -> 0xffffad473b30
cceprint: [_ZN8cceprint15set_aipp_spr_21Em] -> 0xffffad473bc0
cceprint: [_ZN8cceprint15set_aipp_spr_22Em] -> 0xffffad473c50
cceprint: [_ZN8cceprint15set_aipp_spr_23Em] -> 0xffffad473ce0
cceprint: [_ZN8cceprint15set_aipp_spr_24Em] -> 0xffffad473d70
cceprint: [_ZN8cceprint15set_aipp_spr_25Em] -> 0xffffad473e00
cceprint: [_ZN8cceprint15set_aipp_spr_26Em] -> 0xffffad473e90
cceprint: [_ZN8cceprint15set_aipp_spr_27Em] -> 0xffffad473f20
cceprint: [_ZN8cceprint15set_aipp_spr_28Em] -> 0xffffad473fb0
cceprint: [_ZN8cceprint15set_aipp_spr_29Em] -> 0xffffad474040
cceprint: [_ZN8cceprint14set_aipp_spr_3Em] -> 0xffffad4740d0
cceprint: [_ZN8cceprint15set_aipp_spr_30Em] -> 0xffffad474160
cceprint: [_ZN8cceprint15set_aipp_spr_31Em] -> 0xffffad4741f0
cceprint: [_ZN8cceprint14set_aipp_spr_4Em] -> 0xffffad474280
cceprint: [_ZN8cceprint14set_aipp_spr_5Em] -> 0xffffad474310
cceprint: [_ZN8cceprint14set_aipp_spr_6Em] -> 0xffffad4743a0
cceprint: [_ZN8cceprint14set_aipp_spr_7Em] -> 0xffffad474430
cceprint: [_ZN8cceprint14set_aipp_spr_8Em] -> 0xffffad4744c0
cceprint: [_ZN8cceprint14set_aipp_spr_9Em] -> 0xffffad474550
cceprint: [_ZN8cceprint14set_atomic_addEv] -> 0xffffad4745e0
cceprint: [_ZN8cceprint15set_atomic_bf16Ev] -> 0xffffad474640
cceprint: [_ZN8cceprint14set_atomic_f16Ev] -> 0xffffad4746a0
cceprint: [_ZN8cceprint14set_atomic_f32Ev] -> 0xffffad474700
cceprint: [_ZN8cceprint14set_atomic_maxEv] -> 0xffffad474760
cceprint: [_ZN8cceprint14set_atomic_minEv] -> 0xffffad4747c0
cceprint: [_ZN8cceprint15set_atomic_noneEv] -> 0xffffad474820
cceprint: [_ZN8cceprint14set_atomic_s16Ev] -> 0xffffad474880
cceprint: [_ZN8cceprint14set_atomic_s32Ev] -> 0xffffad4748e0
cceprint: [_ZN8cceprint13set_atomic_s8Ev] -> 0xffffad474940
cceprint: [_ZN8cceprint18set_cache_normreadEv] -> 0xffffad4749a0
cceprint: [_ZN8cceprint22set_cache_notwritebackEv] -> 0xffffad474a00
cceprint: [_ZN8cceprint17set_cache_readinvEv] -> 0xffffad474a60
cceprint: [_ZN8cceprint18set_cache_readlastEv] -> 0xffffad474ac0
cceprint: [_ZN8cceprint16set_channel_paraEm] -> 0xffffad474b20
cceprint: [_ZN8cceprint11set_cmpmaskEPv] -> 0xffffad474bb0
cceprint: [_ZN8cceprint8set_condEm] -> 0xffffad474c34
cceprint: [_ZN8cceprint18set_condition_flagEm] -> 0xffffad474cc4
cceprint: [_ZN8cceprint8set_ctrlEm] -> 0xffffad474d54
cceprint: [_ZN8cceprint14set_data_exp_0Em] -> 0xffffad474de4
cceprint: [_ZN8cceprint14set_data_exp_1Em] -> 0xffffad474e74
cceprint: [_ZN8cceprint14set_data_exp_2Em] -> 0xffffad474f04
cceprint: [_ZN8cceprint14set_data_exp_3Em] -> 0xffffad474f94
cceprint: [_ZN8cceprint12set_deqscaleEN7float165Fp16TE] -> 0xffffad475024
cceprint: [_ZN8cceprint12set_deqscaleEm] -> 0xffffad4750bc
cceprint: [_ZN8cceprint18set_elt_antiq_paraEm] -> 0xffffad47514c
cceprint: [_ZN8cceprint16set_elt_src_paraEm] -> 0xffffad4751dc
cceprint: [_ZN8cceprint12set_fcol2imgEm] -> 0xffffad47526c
cceprint: [_ZN8cceprint18set_ffts_base_addrEm] -> 0xffffad4752fc
cceprint: [_ZN8cceprint17set_fix_clip_reluEm] -> 0xffffad47538c
cceprint: [_ZN8cceprint13set_fixp_addrEm] -> 0xffffad47541c
cceprint: [_ZN8cceprint8set_flagE6pipe_tS0_7event_t] -> 0xffffad4754ac
cceprint: [_ZN8cceprint8set_flagE6pipe_t7event_t] -> 0xffffad4755dc
cceprint: [_ZN8cceprint8set_flagE6pipe_tS0_m] -> 0xffffad4756c0
cceprint: [_ZN8cceprint8set_flagE6pipe_tm] -> 0xffffad4757f0
cceprint: [_ZN8cceprint11set_fmatrixEm] -> 0xffffad4758d4
cceprint: [_ZN8cceprint13set_fmatrix_bEm] -> 0xffffad475964
cceprint: [_ZN8cceprint18set_fmatrix_dual_0Em] -> 0xffffad4759f4
cceprint: [_ZN8cceprint18set_fmatrix_dual_1Em] -> 0xffffad475a84
cceprint: [_ZN8cceprint7set_fpcEm] -> 0xffffad475b14
cceprint: [_ZN8cceprint9set_fpdeqEm] -> 0xffffad475ba4
cceprint: [_ZN8cceprint16set_l0_set_valueEN7float165Fp16TE] -> 0xffffad475c34
cceprint: [_ZN8cceprint16set_l0_set_valueEj] -> 0xffffad475ccc
cceprint: [_ZN8cceprint10set_l0a_2dEPvl] -> 0xffffad475d50
cceprint: [_ZN8cceprint10set_l0a_2dEPN7float165Fp16TEl] -> 0xffffad475e10
cceprint: [_ZN8cceprint10set_l0a_2dEPfl] -> 0xffffad475ed0
cceprint: [_ZN8cceprint10set_l0a_2dEPsl] -> 0xffffad475f90
cceprint: [_ZN8cceprint10set_l0a_2dEPil] -> 0xffffad476050
cceprint: [_ZN8cceprint10set_l0a_2dEPtl] -> 0xffffad476110
cceprint: [_ZN8cceprint10set_l0a_2dEPjl] -> 0xffffad4761d0
cceprint: [_ZN8cceprint10set_l0b_2dEPvl] -> 0xffffad476290
cceprint: [_ZN8cceprint10set_l0b_2dEPN7float165Fp16TEl] -> 0xffffad476350
cceprint: [_ZN8cceprint10set_l0b_2dEPfl] -> 0xffffad476410
cceprint: [_ZN8cceprint10set_l0b_2dEPsl] -> 0xffffad4764d0
cceprint: [_ZN8cceprint10set_l0b_2dEPil] -> 0xffffad476590
cceprint: [_ZN8cceprint10set_l0b_2dEPtl] -> 0xffffad476650
cceprint: [_ZN8cceprint10set_l0b_2dEPjl] -> 0xffffad476710
cceprint: [_ZN8cceprint9set_l1_2dEPvl] -> 0xffffad4767d0
cceprint: [_ZN8cceprint9set_l1_2dEPN7float165Fp16TEl] -> 0xffffad476890
cceprint: [_ZN8cceprint9set_l1_2dEPfl] -> 0xffffad476950
cceprint: [_ZN8cceprint9set_l1_2dEPsl] -> 0xffffad476a10
cceprint: [_ZN8cceprint9set_l1_2dEPil] -> 0xffffad476ad0
cceprint: [_ZN8cceprint9set_l1_2dEPtl] -> 0xffffad476b90
cceprint: [_ZN8cceprint9set_l1_2dEPjl] -> 0xffffad476c50
cceprint: [_ZN8cceprint14set_l1_3d_sizeEm] -> 0xffffad476d10
cceprint: [_ZN8cceprint11set_l3d_rptEm] -> 0xffffad476da0
cceprint: [_ZN8cceprint14set_loop3_paraEm] -> 0xffffad476e30
cceprint: [_ZN8cceprint15set_low_pre_tblEm] -> 0xffffad476ec0
cceprint: [_ZN8cceprint9set_lpcntEm] -> 0xffffad476f50
cceprint: [_ZN8cceprint15set_lrelu_alphaEm] -> 0xffffad476fe0
cceprint: [_ZN8cceprint15set_lrelu_alphaEN7float165Fp16TE] -> 0xffffad477070
cceprint: [_ZN8cceprint15set_lrelu_alphaEf] -> 0xffffad477108
cceprint: [_ZN8cceprint14set_mask_countEv] -> 0xffffad47718c
cceprint: [_ZN8cceprint13set_mask_normEv] -> 0xffffad4771ec
cceprint: [_ZN8cceprint15set_mov_pad_valEm] -> 0xffffad47724c
cceprint: [_ZN8cceprint11set_nd_paraEm] -> 0xffffad4772dc
cceprint: [_ZN8cceprint11set_paddingEm] -> 0xffffad47736c
cceprint: [_ZN8cceprint11set_paddingEN7float165Fp16TE] -> 0xffffad4773fc
cceprint: [_ZN8cceprint11set_paddingEs] -> 0xffffad477494
cceprint: [_ZN8cceprint11set_paddingEt] -> 0xffffad477518
cceprint: [_ZN8cceprint16set_pcie_rd_ctrlEm] -> 0xffffad47759c
cceprint: [_ZN8cceprint16set_pcie_wr_ctrlEm] -> 0xffffad47762c
cceprint: [_ZN8cceprint11set_pnt_coeEm] -> 0xffffad4776bc
cceprint: [_ZN8cceprint14set_quant_postEm] -> 0xffffad47774c
cceprint: [_ZN8cceprint13set_quant_preEm] -> 0xffffad4777dc
cceprint: [_ZN8cceprint19set_rawheader_to_gmEPvm] -> 0xffffad47786c
cceprint: [_ZN8cceprint19set_rawheader_to_gmEPvtbh] -> 0xffffad4779b0
cceprint: [_ZN8cceprint14set_relu_alphaEm] -> 0xffffad477b6c
cceprint: [_ZN8cceprint12set_reqscaleEm] -> 0xffffad477bfc
cceprint: [_ZN8cceprint14set_rpn_cor_irEm] -> 0xffffad477c8c
cceprint: [_ZN8cceprint14set_rpn_offsetEN7float165Fp16TE] -> 0xffffad477d1c
cceprint: [_ZN8cceprint17set_safety_crc_enEm] -> 0xffffad477db4
cceprint: [_ZN8cceprint19set_safety_crc_excpEm] -> 0xffffad477e44
cceprint: [_ZN8cceprint15set_smask_indexEm] -> 0xffffad477ed4
cceprint: [_ZN8cceprint17set_st_atomic_cfgEm] -> 0xffffad477f64
cceprint: [_ZN8cceprint17set_st_atomic_cfgE13atomic_type_t11atomic_op_t] -> 0xffffad477ff4
cceprint: [_ZN8cceprint13set_va_reg_sbE10ub_addr8_tPm] -> 0xffffad4780cc
cceprint: [_ZN8cceprint15set_vector_maskEmm] -> 0xffffad478198
cceprint: [_ZN8cceprint19set_vector_mask_dupEm] -> 0xffffad478270
cceprint: [_ZN8cceprint9set_vpipeEm] -> 0xffffad478300
cceprint: [_ZN8cceprint7set_vspEm] -> 0xffffad478390
cceprint: [_ZN8cceprint4sff0Em] -> 0xffffad478420
cceprint: [_ZN8cceprint4sff1Em] -> 0xffffad47846c
cceprint: [_ZN8cceprint7sflbitsEl] -> 0xffffad4784b8
cceprint: [_ZN8cceprint6st_devEtPts] -> 0xffffad478504
cceprint: [_ZN8cceprint6st_devEjPjs] -> 0xffffad478678
cceprint: [_ZN8cceprint6st_devEmPms] -> 0xffffad4787ec
cceprint: [_ZN8cceprint6st_devEhPhs] -> 0xffffad47896c
cceprint: [_ZN8cceprint21store_l1_to_out_imageEPN7float165Fp16TES2_mm] -> 0xffffad478aec
cceprint: [_ZN8cceprint21store_l1_to_out_imageEPN7float165Fp16TES2_thththbhm] -> 0xffffad478cb4
cceprint: [_ZN8cceprint21store_l1_to_out_imageEPsS0_mm] -> 0xffffad479038
cceprint: [_ZN8cceprint21store_l1_to_out_imageEPsS0_thththbhm] -> 0xffffad479200
cceprint: [_ZN8cceprint4trapEm] -> 0xffffad479584
cceprint: [_ZN8cceprint6plt_b8ERj7Literal] -> 0xffffad479614
cceprint: [_ZN8cceprint7plt_b16ERj7Literal] -> 0xffffad4796f0
cceprint: [_ZN8cceprint7plt_b32ERj7Literal] -> 0xffffad4797cc
cceprint: [_ZN8cceprint7pltm_b8Etj] -> 0xffffad4798a8
cceprint: [_ZN8cceprint8pltm_b16Etj] -> 0xffffad479968
cceprint: [_ZN8cceprint8pltm_b32Etj] -> 0xffffad479a28
cceprint: [_ZN8cceprint7vag_b32Et] -> 0xffffad479ae8
cceprint: [_ZN8cceprint7vag_b32Ett] -> 0xffffad479b6c
cceprint: [_ZN8cceprint7vag_b32Ettt] -> 0xffffad479c2c
cceprint: [_ZN8cceprint7vag_b32Etttt] -> 0xffffad479d28
cceprint: [_ZN8cceprint7vag_b16Et] -> 0xffffad479e60
cceprint: [_ZN8cceprint7vag_b16Ett] -> 0xffffad479ee4
cceprint: [_ZN8cceprint7vag_b16Ettt] -> 0xffffad479fa4
cceprint: [_ZN8cceprint7vag_b16Etttt] -> 0xffffad47a0a0
cceprint: [_ZN8cceprint4trapEv] -> 0xffffad47a1d8
cceprint: [_ZN8cceprint7mem_barE7Literal] -> 0xffffad47a238
cceprint: [_ZN8cceprint4vaddERA64_iPiS2_h7Literal] -> 0xffffad47a2c8
cceprint: [_ZN8cceprint4vaddERA64_jPjS2_h7Literal] -> 0xffffad47a454
cceprint: [_ZN8cceprint4vaddERA128_sPsS2_h7Literal] -> 0xffffad47a5e0
cceprint: [_ZN8cceprint4vaddERA128_tPtS2_h7Literal] -> 0xffffad47a76c
cceprint: [_ZN8cceprint4vaddERA256_aPaS2_h7Literal] -> 0xffffad47a8f8
cceprint: [_ZN8cceprint4vaddERA256_hPhS2_h7Literal] -> 0xffffad47aa84
cceprint: [_ZN8cceprint4vaddERA64_fPfS2_h7Literal] -> 0xffffad47ac10
cceprint: [_ZN8cceprint4vaddERA128_N7float165Fp16TEPS1_S4_h7Literal] -> 0xffffad47ad9c
cceprint: [_ZN8cceprint4vabsERA64_fPfh7Literal] -> 0xffffad47af28
cceprint: [_ZN8cceprint4vabsERA128_N7float165Fp16TEPS1_h7Literal] -> 0xffffad47b078
cceprint: [_ZN8cceprint4vabsERA256_aPah7Literal] -> 0xffffad47b1c8
cceprint: [_ZN8cceprint4vabsERA128_sPsh7Literal] -> 0xffffad47b318
cceprint: [_ZN8cceprint4vabsERA64_iPih7Literal] -> 0xffffad47b468
cceprint: [_ZN8cceprint4vrecERA64_fPfh7Literal] -> 0xffffad47b5b8
cceprint: [_ZN8cceprint4vrecERA128_N7float165Fp16TEPS1_h7Literal] -> 0xffffad47b708
cceprint: [_ZN8cceprint6vrsqrtERA64_fPfh7Literal] -> 0xffffad47b858
cceprint: [_ZN8cceprint6vrsqrtERA128_N7float165Fp16TEPS1_h7Literal] -> 0xffffad47b9a8
cceprint: [_ZN8cceprint5vreluERA64_fPfh7Literal] -> 0xffffad47baf8
cceprint: [_ZN8cceprint5vreluERA128_N7float165Fp16TEPS1_h7Literal] -> 0xffffad47bc48
cceprint: [_ZN8cceprint5vreluERA64_iPih7Literal] -> 0xffffad47bd98
cceprint: [_ZN8cceprint5vsqrtERA64_fPfh7Literal] -> 0xffffad47bee8
cceprint: [_ZN8cceprint5vsqrtERA128_N7float165Fp16TEPS1_h7Literal] -> 0xffffad47c038
cceprint: [_ZN8cceprint3vlnERA64_fPfh7Literal] -> 0xffffad47c188
cceprint: [_ZN8cceprint3vlnERA128_N7float165Fp16TEPS1_h7Literal] -> 0xffffad47c2d8
cceprint: [_ZN8cceprint4vexpERA64_fPfh7Literal] -> 0xffffad47c428
cceprint: [_ZN8cceprint4vexpERA128_N7float165Fp16TEPS1_h7Literal] -> 0xffffad47c578
cceprint: [_ZN8cceprint4vnotERA256_hPhh7Literal] -> 0xffffad47c6c8
cceprint: [_ZN8cceprint4vnotERA256_aPah7Literal] -> 0xffffad47c818
cceprint: [_ZN8cceprint4vnotERA128_tPth7Literal] -> 0xffffad47c968
cceprint: [_ZN8cceprint4vnotERA128_sPsh7Literal] -> 0xffffad47cab8
cceprint: [_ZN8cceprint4vnotERA128_N7float165Fp16TEPS1_h7Literal] -> 0xffffad47cc08
cceprint: [_ZN8cceprint4vnotERA64_iPih7Literal] -> 0xffffad47cd58
cceprint: [_ZN8cceprint4vnotERA64_jPjh7Literal] -> 0xffffad47cea8
cceprint: [_ZN8cceprint4vnotERA64_fPfh7Literal] -> 0xffffad47cff8
cceprint: [_ZN8cceprint4pldsERhPji7Literal] -> 0xffffad47d148
cceprint: [_ZN8cceprint4pldsERhRPji7LiteralS3_] -> 0xffffad47d29c
cceprint: [_ZN8cceprint8movp_b16Ev] -> 0xffffad47d448
cceprint: [_ZN8cceprint8movp_b32Ev] -> 0xffffad47d4a8
cceprint: [_ZN8cceprint4pstsEhPji7Literal] -> 0xffffad47d508
cceprint: [_ZN8cceprint5ppackERhh7Literal] -> 0xffffad47d658
cceprint: [_ZN8cceprint7punpackERhh7Literal] -> 0xffffad47d77c
cceprint: [_ZN8cceprint6vintlvERA256_hS1_PhS2_] -> 0xffffad47d8a0
cceprint: [_ZN8cceprint6vintlvERA256_aS1_PaS2_] -> 0xffffad47d9d8
cceprint: [_ZN8cceprint6vintlvERA128_N7float165Fp16TES3_PS1_S4_] -> 0xffffad47db10
cceprint: [_ZN8cceprint6vintlvERA128_sS1_PsS2_] -> 0xffffad47dc48
cceprint: [_ZN8cceprint6vintlvERA128_tS1_PtS2_] -> 0xffffad47dd80
cceprint: [_ZN8cceprint6vintlvERA64_fS1_PfS2_] -> 0xffffad47deb8
cceprint: [_ZN8cceprint6vintlvERA64_iS1_PiS2_] -> 0xffffad47dff0
cceprint: [_ZN8cceprint6vintlvERA64_jS1_PjS2_] -> 0xffffad47e128
cceprint: [_ZN8cceprint7vdintlvERA256_hS1_PhS2_] -> 0xffffad47e260
cceprint: [_ZN8cceprint7vdintlvERA256_aS1_PaS2_] -> 0xffffad47e398
cceprint: [_ZN8cceprint7vdintlvERA128_N7float165Fp16TES3_PS1_S4_] -> 0xffffad47e4d0
cceprint: [_ZN8cceprint7vdintlvERA128_sS1_PsS2_] -> 0xffffad47e608
cceprint: [_ZN8cceprint7vdintlvERA128_tS1_PtS2_] -> 0xffffad47e740
cceprint: [_ZN8cceprint7vdintlvERA64_fS1_PfS2_] -> 0xffffad47e878
cceprint: [_ZN8cceprint7vdintlvERA64_iS1_PiS2_] -> 0xffffad47e9b0
cceprint: [_ZN8cceprint7vdintlvERA64_jS1_PjS2_] -> 0xffffad47eae8
cceprint: [_ZN8cceprint9pintlv_b8ERhS0_hh] -> 0xffffad47ec20
cceprint: [_ZN8cceprint10pintlv_b16ERhS0_hh] -> 0xffffad47ed90
cceprint: [_ZN8cceprint10pintlv_b32ERhS0_hh] -> 0xffffad47ef00
cceprint: [_ZN8cceprint10pdintlv_b8ERhS0_hh] -> 0xffffad47f070
cceprint: [_ZN8cceprint11pdintlv_b16ERhS0_hh] -> 0xffffad47f1e0
cceprint: [_ZN8cceprint11pdintlv_b32ERhS0_hh] -> 0xffffad47f350
cceprint: [_ZN8cceprint5vsstbEPaS0_ih] -> 0xffffad47f4c0
cceprint: [_ZN8cceprint5vsstbEPhS0_ih] -> 0xffffad47f604
cceprint: [_ZN8cceprint5vsstbEPsS0_ih] -> 0xffffad47f748
cceprint: [_ZN8cceprint5vsstbEPtS0_ih] -> 0xffffad47f88c
cceprint: [_ZN8cceprint5vsstbEPiS0_ih] -> 0xffffad47f9d0
cceprint: [_ZN8cceprint5vsstbEPjS0_ih] -> 0xffffad47fb14
cceprint: [_ZN8cceprint5vsstbEPN8bfloat165Bf16TES2_ih] -> 0xffffad47fc58
cceprint: [_ZN8cceprint5vsstbEPN7float165Fp16TES2_ih] -> 0xffffad47fd9c
cceprint: [_ZN8cceprint5vsstbEPfS0_ih] -> 0xffffad47fee0
cceprint: [_ZN8cceprint5vsstbEPaRS0_ih7Literal] -> 0xffffad480024
cceprint: [_ZN8cceprint5vsstbEPhRS0_ih7Literal] -> 0xffffad4801c0
cceprint: [_ZN8cceprint5vsstbEPsRS0_ih7Literal] -> 0xffffad48035c
cceprint: [_ZN8cceprint5vsstbEPtRS0_ih7Literal] -> 0xffffad4804f8
cceprint: [_ZN8cceprint5vsstbEPiRS0_ih7Literal] -> 0xffffad480694
cceprint: [_ZN8cceprint5vsstbEPjRS0_ih7Literal] -> 0xffffad480830
cceprint: [_ZN8cceprint5vsstbEPN8bfloat165Bf16TERS2_ih7Literal] -> 0xffffad4809cc
cceprint: [_ZN8cceprint5vsstbEPN7float165Fp16TERS2_ih7Literal] -> 0xffffad480b68
cceprint: [_ZN8cceprint5vsstbEPfRS0_ih7Literal] -> 0xffffad480d04
cceprint: [_ZN8cceprint5vsldbERA256_aPaih] -> 0xffffad480ea0
cceprint: [_ZN8cceprint5vsldbERA256_hPhih] -> 0xffffad480fe4
cceprint: [_ZN8cceprint5vsldbERA128_sPsih] -> 0xffffad481128
cceprint: [_ZN8cceprint5vsldbERA128_tPtih] -> 0xffffad48126c
cceprint: [_ZN8cceprint5vsldbERA64_iPiih] -> 0xffffad4813b0
cceprint: [_ZN8cceprint5vsldbERA64_jPjih] -> 0xffffad4814f4
cceprint: [_ZN8cceprint5vsldbERA32_lPlih] -> 0xffffad481638
cceprint: [_ZN8cceprint5vsldbERA128_N8bfloat165Bf16TEPS1_ih] -> 0xffffad48177c
cceprint: [_ZN8cceprint5vsldbERA128_N7float165Fp16TEPS1_ih] -> 0xffffad4818c0
cceprint: [_ZN8cceprint5vsldbERA64_fPfih] -> 0xffffad481a04
cceprint: [_ZN8cceprint5vsldbERA256_aRPaih7Literal] -> 0xffffad481b48
cceprint: [_ZN8cceprint5vsldbERA256_hRPhih7Literal] -> 0xffffad481ce4
cceprint: [_ZN8cceprint5vsldbERA128_sRPsih7Literal] -> 0xffffad481e80
cceprint: [_ZN8cceprint5vsldbERA128_tRPtih7Literal] -> 0xffffad48201c
cceprint: [_ZN8cceprint5vsldbERA64_iRPiih7Literal] -> 0xffffad4821b8
cceprint: [_ZN8cceprint5vsldbERA64_jRPjih7Literal] -> 0xffffad482354
cceprint: [_ZN8cceprint5vsldbERA32_lRPlih7Literal] -> 0xffffad4824f0
cceprint: [_ZN8cceprint5vsldbERA128_N8bfloat165Bf16TERPS1_ih7Literal] -> 0xffffad48268c
cceprint: [_ZN8cceprint5vsldbERA128_N7float165Fp16TERPS1_ih7Literal] -> 0xffffad482828
cceprint: [_ZN8cceprint5vsldbERA64_fRPfih7Literal] -> 0xffffad4829c4
cceprint: [_ZN8cceprint3vstEPaS0_i7Literalh] -> 0xffffad482b60
cceprint: [_ZN8cceprint3vstEPhS0_i7Literalh] -> 0xffffad482cec
cceprint: [_ZN8cceprint3vstEPsS0_i7Literalh] -> 0xffffad482e78
cceprint: [_ZN8cceprint3vstEPtS0_i7Literalh] -> 0xffffad483004
cceprint: [_ZN8cceprint3vstEPiS0_i7Literalh] -> 0xffffad483190
cceprint: [_ZN8cceprint3vstEPjS0_i7Literalh] -> 0xffffad48331c
cceprint: [_ZN8cceprint3vstEPmS0_i7Literalh] -> 0xffffad4834a8
cceprint: [_ZN8cceprint3vstEPlS0_i7Literalh] -> 0xffffad483634
cceprint: [_ZN8cceprint3vstEPN8bfloat165Bf16TES2_i7Literalh] -> 0xffffad4837c0
cceprint: [_ZN8cceprint3vstEPN7float165Fp16TES2_i7Literalh] -> 0xffffad48394c
cceprint: [_ZN8cceprint3vstEPfS0_i7Literalh] -> 0xffffad483ad8
cceprint: [_ZN8cceprint3vstEPaS0_S0_i7Literalh] -> 0xffffad483c64
cceprint: [_ZN8cceprint3vstEPhS0_S0_i7Literalh] -> 0xffffad483e2c
cceprint: [_ZN8cceprint3vstEPsS0_S0_i7Literalh] -> 0xffffad483ff4
cceprint: [_ZN8cceprint3vstEPtS0_S0_i7Literalh] -> 0xffffad4841bc
cceprint: [_ZN8cceprint3vstEPN8bfloat165Bf16TES2_S2_i7Literalh] -> 0xffffad484384
cceprint: [_ZN8cceprint3vstEPN7float165Fp16TES2_S2_i7Literalh] -> 0xffffad48454c
cceprint: [_ZN8cceprint4vstsEPaS0_i7Literalh] -> 0xffffad484714
cceprint: [_ZN8cceprint4vstsEPhS0_i7Literalh] -> 0xffffad4848a0
cceprint: [_ZN8cceprint4vstsEPsS0_i7Literalh] -> 0xffffad484a2c
cceprint: [_ZN8cceprint4vstsEPtS0_i7Literalh] -> 0xffffad484bb8
cceprint: [_ZN8cceprint4vstsEPiS0_i7Literalh] -> 0xffffad484d44
cceprint: [_ZN8cceprint4vstsEPjS0_i7Literalh] -> 0xffffad484ed0
cceprint: [_ZN8cceprint4vstsEPmS0_i7Literalh] -> 0xffffad48505c
cceprint: [_ZN8cceprint4vstsEPlS0_i7Literalh] -> 0xffffad4851e8
cceprint: [_ZN8cceprint4vstsEPN8bfloat165Bf16TES2_i7Literalh] -> 0xffffad485374
cceprint: [_ZN8cceprint4vstsEPN7float165Fp16TES2_i7Literalh] -> 0xffffad485500
cceprint: [_ZN8cceprint4vstsEPfS0_i7Literalh] -> 0xffffad48568c
cceprint: [_ZN8cceprint5vstuiERA32_ajPN7float165Fp16TERS4_] -> 0xffffad485818
cceprint: [_ZN8cceprint5vstuiERA32_ajPN7float165Fp16TERS4_7Literal] -> 0xffffad485960
cceprint: [_ZN8cceprint5vstuiERA32_ajPfRS2_] -> 0xffffad485af0
cceprint: [_ZN8cceprint5vstuiERA32_ajPfRS2_7Literal] -> 0xffffad485c38
cceprint: [_ZN8cceprint5vstusERA32_ajPN7float165Fp16TERS4_] -> 0xffffad485dc8
cceprint: [_ZN8cceprint5vstusERA32_ajPN7float165Fp16TERS4_7Literal] -> 0xffffad485f10
cceprint: [_ZN8cceprint5vstusERA32_ajPfRS2_] -> 0xffffad4860a0
cceprint: [_ZN8cceprint5vstusERA32_ajPfRS2_7Literal] -> 0xffffad4861e8
cceprint: [_ZN8cceprint5vstaiEPaPN7float165Fp16TEi] -> 0xffffad486378
cceprint: [_ZN8cceprint5vstaiEPaRPN7float165Fp16TEi7Literal] -> 0xffffad486474
cceprint: [_ZN8cceprint5vstaiEPaPfi] -> 0xffffad4865c8
cceprint: [_ZN8cceprint5vstaiEPaRPfi7Literal] -> 0xffffad4866c4
cceprint: [_ZN8cceprint5vstasEPaPN7float165Fp16TEi] -> 0xffffad486818
cceprint: [_ZN8cceprint5vstasEPaRPN7float165Fp16TEi7Literal] -> 0xffffad486914
cceprint: [_ZN8cceprint5vstasEPaPfi] -> 0xffffad486a68
cceprint: [_ZN8cceprint5vstasEPaRPfi7Literal] -> 0xffffad486b64
cceprint: [_ZN8cceprint3vorERA256_hPhS2_h7Literal] -> 0xffffad486cb8
cceprint: [_ZN8cceprint3vorERA256_aPaS2_h7Literal] -> 0xffffad486e44
cceprint: [_ZN8cceprint3vorERA128_tPtS2_h7Literal] -> 0xffffad486fd0
cceprint: [_ZN8cceprint3vorERA128_sPsS2_h7Literal] -> 0xffffad48715c
cceprint: [_ZN8cceprint3vorERA64_iPiS2_h7Literal] -> 0xffffad4872e8
cceprint: [_ZN8cceprint3vorERA64_jPjS2_h7Literal] -> 0xffffad487474
cceprint: [_ZN8cceprint3vorERA64_fPfS2_h7Literal] -> 0xffffad487600
cceprint: [_ZN8cceprint3vorERA128_N7float165Fp16TEPS1_S4_h7Literal] -> 0xffffad48778c
cceprint: [_ZN8cceprint4vandERA256_hPhS2_h7Literal] -> 0xffffad487918
cceprint: [_ZN8cceprint4vandERA256_aPaS2_h7Literal] -> 0xffffad487aa4
cceprint: [_ZN8cceprint4vandERA128_tPtS2_h7Literal] -> 0xffffad487c30
cceprint: [_ZN8cceprint4vandERA128_sPsS2_h7Literal] -> 0xffffad487dbc
cceprint: [_ZN8cceprint4vandERA64_iPiS2_h7Literal] -> 0xffffad487f48
cceprint: [_ZN8cceprint4vandERA64_jPjS2_h7Literal] -> 0xffffad4880d4
cceprint: [_ZN8cceprint4vandERA64_fPfS2_h7Literal] -> 0xffffad488260
cceprint: [_ZN8cceprint4vandERA128_N7float165Fp16TEPS1_S4_h7Literal] -> 0xffffad4883ec
cceprint: [_ZN8cceprint4vmaxERA256_hPhS2_h7Literal] -> 0xffffad488578
cceprint: [_ZN8cceprint4vmaxERA256_aPaS2_h7Literal] -> 0xffffad488704
cceprint: [_ZN8cceprint4vmaxERA128_tPtS2_h7Literal] -> 0xffffad488890
cceprint: [_ZN8cceprint4vmaxERA128_sPsS2_h7Literal] -> 0xffffad488a1c
cceprint: [_ZN8cceprint4vmaxERA64_iPiS2_h7Literal] -> 0xffffad488ba8
cceprint: [_ZN8cceprint4vmaxERA64_jPjS2_h7Literal] -> 0xffffad488d34
cceprint: [_ZN8cceprint4vmaxERA64_fPfS2_h7Literal] -> 0xffffad488ec0
cceprint: [_ZN8cceprint4vmaxERA128_N7float165Fp16TEPS1_S4_h7Literal] -> 0xffffad48904c
cceprint: [_ZN8cceprint4vminERA256_hPhS2_h7Literal] -> 0xffffad4891d8
cceprint: [_ZN8cceprint4vminERA256_aPaS2_h7Literal] -> 0xffffad489364
cceprint: [_ZN8cceprint4vminERA128_tPtS2_h7Literal] -> 0xffffad4894f0
cceprint: [_ZN8cceprint4vminERA128_sPsS2_h7Literal] -> 0xffffad48967c
cceprint: [_ZN8cceprint4vminERA64_iPiS2_h7Literal] -> 0xffffad489808
cceprint: [_ZN8cceprint4vminERA64_jPjS2_h7Literal] -> 0xffffad489994
cceprint: [_ZN8cceprint4vminERA64_fPfS2_h7Literal] -> 0xffffad489b20
cceprint: [_ZN8cceprint4vminERA128_N7float165Fp16TEPS1_S4_h7Literal] -> 0xffffad489cac
cceprint: [_ZN8cceprint4vsubERA256_hPhS2_h7Literal] -> 0xffffad489e38
cceprint: [_ZN8cceprint4vsubERA256_aPaS2_h7Literal] -> 0xffffad489fc4
cceprint: [_ZN8cceprint4vsubERA128_tPtS2_h7Literal] -> 0xffffad48a150
cceprint: [_ZN8cceprint4vsubERA128_sPsS2_h7Literal] -> 0xffffad48a2dc
cceprint: [_ZN8cceprint4vsubERA64_iPiS2_h7Literal] -> 0xffffad48a468
cceprint: [_ZN8cceprint4vsubERA64_jPjS2_h7Literal] -> 0xffffad48a5f4
cceprint: [_ZN8cceprint4vsubERA64_fPfS2_h7Literal] -> 0xffffad48a780
cceprint: [_ZN8cceprint4vsubERA128_N7float165Fp16TEPS1_S4_h7Literal] -> 0xffffad48a90c
cceprint: [_ZN8cceprint4vmulERA256_hPhS2_h7Literal] -> 0xffffad48aa98
cceprint: [_ZN8cceprint4vmulERA256_aPaS2_h7Literal] -> 0xffffad48ac24
cceprint: [_ZN8cceprint4vmulERA128_tPtS2_h7Literal] -> 0xffffad48adb0
cceprint: [_ZN8cceprint4vmulERA128_sPsS2_h7Literal] -> 0xffffad48af3c
cceprint: [_ZN8cceprint4vmulERA64_iPiS2_h7Literal] -> 0xffffad48b0c8
cceprint: [_ZN8cceprint4vmulERA64_jPjS2_h7Literal] -> 0xffffad48b254
cceprint: [_ZN8cceprint4vmulERA64_fPfS2_h7Literal] -> 0xffffad48b3e0
cceprint: [_ZN8cceprint4vmulERA128_N7float165Fp16TEPS1_S4_h7Literal] -> 0xffffad48b56c
cceprint: [_ZN8cceprint4vdivERA256_hPhS2_h7Literal] -> 0xffffad48b6f8
cceprint: [_ZN8cceprint4vdivERA256_aPaS2_h7Literal] -> 0xffffad48b884
cceprint: [_ZN8cceprint4vdivERA128_tPtS2_h7Literal] -> 0xffffad48ba10
cceprint: [_ZN8cceprint4vdivERA128_sPsS2_h7Literal] -> 0xffffad48bb9c
cceprint: [_ZN8cceprint4vdivERA64_iPiS2_h7Literal] -> 0xffffad48bd28
cceprint: [_ZN8cceprint4vdivERA64_jPjS2_h7Literal] -> 0xffffad48beb4
cceprint: [_ZN8cceprint4vdivERA64_fPfS2_h7Literal] -> 0xffffad48c040
cceprint: [_ZN8cceprint4vdivERA128_N7float165Fp16TEPS1_S4_h7Literal] -> 0xffffad48c1cc
cceprint: [_ZN8cceprint7vcmp_eqERhPN7float165Fp16TES3_h] -> 0xffffad48c358
cceprint: [_ZN8cceprint7vcmp_neERhPN7float165Fp16TES3_h] -> 0xffffad48c4ac
cceprint: [_ZN8cceprint7vcmp_gtERhPN7float165Fp16TES3_h] -> 0xffffad48c600
cceprint: [_ZN8cceprint7vcmp_geERhPN7float165Fp16TES3_h] -> 0xffffad48c754
cceprint: [_ZN8cceprint7vcmp_ltERhPN7float165Fp16TES3_h] -> 0xffffad48c8a8
cceprint: [_ZN8cceprint7vcmp_leERhPN7float165Fp16TES3_h] -> 0xffffad48c9fc
cceprint: [_ZN8cceprint7vcmp_eqERhPfS1_h] -> 0xffffad48cb50
cceprint: [_ZN8cceprint7vcmp_neERhPfS1_h] -> 0xffffad48cca4
cceprint: [_ZN8cceprint7vcmp_gtERhPfS1_h] -> 0xffffad48cdf8
cceprint: [_ZN8cceprint7vcmp_geERhPfS1_h] -> 0xffffad48cf4c
cceprint: [_ZN8cceprint7vcmp_ltERhPfS1_h] -> 0xffffad48d0a0
cceprint: [_ZN8cceprint7vcmp_leERhPfS1_h] -> 0xffffad48d1f4
cceprint: [_ZN8cceprint4vselERA128_N7float165Fp16TEPS1_S4_h] -> 0xffffad48d348
cceprint: [_ZN8cceprint4vselERA64_fPfS2_h] -> 0xffffad48d48c
cceprint: [_ZN8cceprint3vbrERA128_N7float165Fp16TES1_] -> 0xffffad48d5d0
cceprint: [_ZN8cceprint3vbrERA128_tt] -> 0xffffad48d6a4
cceprint: [_ZN8cceprint3vbrERA128_ss] -> 0xffffad48d764
cceprint: [_ZN8cceprint3vbrERA64_ff] -> 0xffffad48d824
cceprint: [_ZN8cceprint3vbrERA64_jj] -> 0xffffad48d8e4
cceprint: [_ZN8cceprint3vbrERA64_ii] -> 0xffffad48d9a4
cceprint: [_ZN8cceprint6sprclrE7Literal] -> 0xffffad48da64
cceprint: [_ZN8cceprint4pmovERhhh] -> 0xffffad48daf4
cceprint: [_ZN8cceprint4vsqzERA128_N7float165Fp16TEPS1_h7Literal] -> 0xffffad48dc18
cceprint: [_ZN8cceprint4vsqzERA128_tPth7Literal] -> 0xffffad48dd68
cceprint: [_ZN8cceprint4vsqzERA128_sPsh7Literal] -> 0xffffad48deb8
cceprint: [_ZN8cceprint4vsqzERA64_fPfh7Literal] -> 0xffffad48e008
cceprint: [_ZN8cceprint4vsqzERA64_jPjh7Literal] -> 0xffffad48e158
cceprint: [_ZN8cceprint4vsqzERA64_iPih7Literal] -> 0xffffad48e2a8
cceprint: [_ZN8cceprint5vsturERA32_aPN7float165Fp16TES4_7Literal] -> 0xffffad48e3f8
cceprint: [_ZN8cceprint5vsturERA32_aPtS2_7Literal] -> 0xffffad48e53c
cceprint: [_ZN8cceprint5vsturERA32_aPsS2_7Literal] -> 0xffffad48e680
cceprint: [_ZN8cceprint5vsturERA32_aPfS2_7Literal] -> 0xffffad48e7c4
cceprint: [_ZN8cceprint5vsturERA32_aPjS2_7Literal] -> 0xffffad48e908
cceprint: [_ZN8cceprint5vsturERA32_aPiS2_7Literal] -> 0xffffad48ea4c
cceprint: [_ZN8cceprint5vstarEPaPN7float165Fp16TE] -> 0xffffad48eb90
cceprint: [_ZN8cceprint5vstarEPaPs] -> 0xffffad48ec50
cceprint: [_ZN8cceprint5vstarEPaPt] -> 0xffffad48ed10
cceprint: [_ZN8cceprint5vstarEPaPf] -> 0xffffad48edd0
cceprint: [_ZN8cceprint5vstarEPaPi] -> 0xffffad48ee90
cceprint: [_ZN8cceprint5vstarEPaPj] -> 0xffffad48ef50
cceprint: [_ZN8cceprint6pge_b8E7Literal] -> 0xffffad48f010
cceprint: [_ZN8cceprint7pge_b16E7Literal] -> 0xffffad48f0a0
cceprint: [_ZN8cceprint7pge_b32E7Literal] -> 0xffffad48f130
cceprint: [_ZN8cceprint7pset_b8E7Literal] -> 0xffffad48f1c0
cceprint: [_ZN8cceprint8pset_b16E7Literal] -> 0xffffad48f250
cceprint: [_ZN8cceprint8pset_b32E7Literal] -> 0xffffad48f2e0
cceprint: [_ZN8cceprint5vldasERA32_aPh] -> 0xffffad48f370
cceprint: [_ZN8cceprint5vldasERA32_aPN7float165Fp16TE] -> 0xffffad48f430
cceprint: [_ZN8cceprint5vldasERA32_aPt] -> 0xffffad48f4f0
cceprint: [_ZN8cceprint5vldasERA32_aPs] -> 0xffffad48f5b0
cceprint: [_ZN8cceprint5vldasERA32_aPf] -> 0xffffad48f670
cceprint: [_ZN8cceprint5vldasERA32_aPj] -> 0xffffad48f730
cceprint: [_ZN8cceprint5vldasERA32_aPi] -> 0xffffad48f7f0
cceprint: [_ZN8cceprint5vldusERA256_hRA32_aRPhj7Literal] -> 0xffffad48f8b0
cceprint: [_ZN8cceprint5vldusERA128_N7float165Fp16TERA32_aRPS1_j7Literal] -> 0xffffad48fa40
cceprint: [_ZN8cceprint5vldusERA128_tRA32_aRPtj7Literal] -> 0xffffad48fbd0
cceprint: [_ZN8cceprint5vldusERA128_sRA32_aRPsj7Literal] -> 0xffffad48fd60
cceprint: [_ZN8cceprint5vldusERA64_fRA32_aRPfj7Literal] -> 0xffffad48fef0
cceprint: [_ZN8cceprint5vldusERA64_jRA32_aRPjj7Literal] -> 0xffffad490080
cceprint: [_ZN8cceprint5vldusERA64_iRA32_aRPij7Literal] -> 0xffffad490210
cceprint: [_ZN8cceprint4vdupERA256_hhh7Literal] -> 0xffffad4903a0
cceprint: [_ZN8cceprint4vdupERA256_aah7Literal] -> 0xffffad4904fc
cceprint: [_ZN8cceprint4vdupERA128_tth7Literal] -> 0xffffad490658
cceprint: [_ZN8cceprint4vdupERA128_ssh7Literal] -> 0xffffad4907a8
cceprint: [_ZN8cceprint4vdupERA64_iih7Literal] -> 0xffffad4908f8
cceprint: [_ZN8cceprint4vdupERA64_jjh7Literal] -> 0xffffad490a48
cceprint: [_ZN8cceprint4vdupERA64_ffh7Literal] -> 0xffffad490b98
cceprint: [_ZN8cceprint4vdupERA128_N7float165Fp16TES1_h7Literal] -> 0xffffad490ce8
cceprint: [_ZN8cceprint3vldERA256_aPai7Literal] -> 0xffffad490e4c
cceprint: [_ZN8cceprint3vldERA256_hPhi7Literal] -> 0xffffad490f90
cceprint: [_ZN8cceprint3vldERA128_sPsi7Literal] -> 0xffffad4910d4
cceprint: [_ZN8cceprint3vldERA128_tPti7Literal] -> 0xffffad491218
cceprint: [_ZN8cceprint3vldERA64_iPii7Literal] -> 0xffffad49135c
cceprint: [_ZN8cceprint3vldERA64_jPji7Literal] -> 0xffffad4914a0
cceprint: [_ZN8cceprint3vldERA32_lPli7Literal] -> 0xffffad4915e4
cceprint: [_ZN8cceprint3vldERA32_mPmi7Literal] -> 0xffffad491728
cceprint: [_ZN8cceprint3vldERA128_N8bfloat165Bf16TEPS1_i7Literal] -> 0xffffad49186c
cceprint: [_ZN8cceprint3vldERA128_N7float165Fp16TEPS1_i7Literal] -> 0xffffad4919b0
cceprint: [_ZN8cceprint3vldERA64_fPfi7Literal] -> 0xffffad491af4
cceprint: [_ZN8cceprint3vldERA256_aPa7Literal] -> 0xffffad491c38
cceprint: [_ZN8cceprint3vldERA256_hPh7Literal] -> 0xffffad491d40
cceprint: [_ZN8cceprint3vldERA128_sPs7Literal] -> 0xffffad491e48
cceprint: [_ZN8cceprint3vldERA128_tPt7Literal] -> 0xffffad491f50
cceprint: [_ZN8cceprint3vldERA64_iPi7Literal] -> 0xffffad492058
cceprint: [_ZN8cceprint3vldERA64_jPj7Literal] -> 0xffffad492160
cceprint: [_ZN8cceprint3vldERA32_lPl7Literal] -> 0xffffad492268
cceprint: [_ZN8cceprint3vldERA32_mPm7Literal] -> 0xffffad492370
cceprint: [_ZN8cceprint3vldERA128_N8bfloat165Bf16TEPS1_7Literal] -> 0xffffad492478
cceprint: [_ZN8cceprint3vldERA128_N7float165Fp16TEPS1_7Literal] -> 0xffffad492580
cceprint: [_ZN8cceprint3vldERA64_fPf7Literal] -> 0xffffad492688
cceprint: [_ZN8cceprint3vldERA256_aS1_Pai7Literal] -> 0xffffad492790
cceprint: [_ZN8cceprint3vldERA256_hS1_Phi7Literal] -> 0xffffad492910
cceprint: [_ZN8cceprint3vldERA128_sS1_Psi7Literal] -> 0xffffad492a90
cceprint: [_ZN8cceprint3vldERA128_tS1_Pti7Literal] -> 0xffffad492c10
cceprint: [_ZN8cceprint3vldERA64_iS1_Pii7Literal] -> 0xffffad492d90
cceprint: [_ZN8cceprint3vldERA64_jS1_Pji7Literal] -> 0xffffad492f10
cceprint: [_ZN8cceprint3vldERA32_mS1_Pmi7Literal] -> 0xffffad493090
cceprint: [_ZN8cceprint3vldERA32_lS1_Pli7Literal] -> 0xffffad493210
cceprint: [_ZN8cceprint3vldERA128_N8bfloat165Bf16TES3_PS1_i7Literal] -> 0xffffad493390
cceprint: [_ZN8cceprint3vldERA128_N7float165Fp16TES3_PS1_i7Literal] -> 0xffffad493510
cceprint: [_ZN8cceprint3vldERA64_fS1_Pfi7Literal] -> 0xffffad493690
cceprint: [_ZN8cceprint3vldERA256_aS1_Pa7Literal] -> 0xffffad493810
cceprint: [_ZN8cceprint3vldERA256_hS1_Ph7Literal] -> 0xffffad493954
cceprint: [_ZN8cceprint3vldERA128_sS1_Ps7Literal] -> 0xffffad493a98
cceprint: [_ZN8cceprint3vldERA128_tS1_Pt7Literal] -> 0xffffad493bdc
cceprint: [_ZN8cceprint3vldERA64_iS1_Pi7Literal] -> 0xffffad493d20
cceprint: [_ZN8cceprint3vldERA64_jS1_Pj7Literal] -> 0xffffad493e64
cceprint: [_ZN8cceprint3vldERA32_mS1_Pm7Literal] -> 0xffffad493fa8
cceprint: [_ZN8cceprint3vldERA32_lS1_Pl7Literal] -> 0xffffad4940ec
cceprint: [_ZN8cceprint3vldERA128_N8bfloat165Bf16TES3_PS1_7Literal] -> 0xffffad494230
cceprint: [_ZN8cceprint3vldERA128_N7float165Fp16TES3_PS1_7Literal] -> 0xffffad494374
cceprint: [_ZN8cceprint3vldERA64_fS1_Pf7Literal] -> 0xffffad4944b8
cceprint: [_ZN8cceprint4vldsERA256_aPai7Literal] -> 0xffffad4945fc
cceprint: [_ZN8cceprint4vldsERA256_hPhi7Literal] -> 0xffffad494740
cceprint: [_ZN8cceprint4vldsERA128_sPsi7Literal] -> 0xffffad494884
cceprint: [_ZN8cceprint4vldsERA128_tPti7Literal] -> 0xffffad4949c8
cceprint: [_ZN8cceprint4vldsERA64_iPii7Literal] -> 0xffffad494b0c
cceprint: [_ZN8cceprint4vldsERA64_jPji7Literal] -> 0xffffad494c50
cceprint: [_ZN8cceprint4vldsERA32_mPmi7Literal] -> 0xffffad494d94
cceprint: [_ZN8cceprint4vldsERA32_lPli7Literal] -> 0xffffad494ed8
cceprint: [_ZN8cceprint4vldsERA128_N8bfloat165Bf16TEPS1_i7Literal] -> 0xffffad49501c
cceprint: [_ZN8cceprint4vldsERA128_N7float165Fp16TEPS1_i7Literal] -> 0xffffad495160
cceprint: [_ZN8cceprint4vldsERA64_fPfi7Literal] -> 0xffffad4952a4
cceprint: [_ZN8cceprint5vaddsERA64_iPiih7Literal] -> 0xffffad4953e8
cceprint: [_ZN8cceprint5vaddsERA64_jPjjh7Literal] -> 0xffffad495574
cceprint: [_ZN8cceprint5vaddsERA128_sPssh7Literal] -> 0xffffad495700
cceprint: [_ZN8cceprint5vaddsERA128_tPtth7Literal] -> 0xffffad49588c
cceprint: [_ZN8cceprint5vaddsERA256_aPaah7Literal] -> 0xffffad495a18
cceprint: [_ZN8cceprint5vaddsERA256_hPhhh7Literal] -> 0xffffad495bb0
cceprint: [_ZN8cceprint5vaddsERA64_fPffh7Literal] -> 0xffffad495d48
cceprint: [_ZN8cceprint5vaddsERA128_N7float165Fp16TEPS1_S1_h7Literal] -> 0xffffad495ed4
cceprint: [_ZN8cceprint5vmulsERA64_iPiih7Literal] -> 0xffffad496074
cceprint: [_ZN8cceprint5vmulsERA64_jPjjh7Literal] -> 0xffffad496200
cceprint: [_ZN8cceprint5vmulsERA128_sPssh7Literal] -> 0xffffad49638c
cceprint: [_ZN8cceprint5vmulsERA128_tPtth7Literal] -> 0xffffad496518
cceprint: [_ZN8cceprint5vmulsERA256_aPaah7Literal] -> 0xffffad4966a4
cceprint: [_ZN8cceprint5vmulsERA256_hPhhh7Literal] -> 0xffffad49683c
cceprint: [_ZN8cceprint5vmulsERA64_fPffh7Literal] -> 0xffffad4969d4
cceprint: [_ZN8cceprint5vmulsERA128_N7float165Fp16TEPS1_S1_h7Literal] -> 0xffffad496b60
cceprint: [_ZN8cceprint5vmaxsERA64_iPiih7Literal] -> 0xffffad496d00
cceprint: [_ZN8cceprint5vmaxsERA64_jPjjh7Literal] -> 0xffffad496e8c
cceprint: [_ZN8cceprint5vmaxsERA128_sPssh7Literal] -> 0xffffad497018
cceprint: [_ZN8cceprint5vmaxsERA128_tPtth7Literal] -> 0xffffad4971a4
cceprint: [_ZN8cceprint5vmaxsERA256_aPaah7Literal] -> 0xffffad497330
cceprint: [_ZN8cceprint5vmaxsERA256_hPhhh7Literal] -> 0xffffad4974c8
cceprint: [_ZN8cceprint5vmaxsERA64_fPffh7Literal] -> 0xffffad497660
cceprint: [_ZN8cceprint5vmaxsERA128_N7float165Fp16TEPS1_S1_h7Literal] -> 0xffffad4977ec
cceprint: [_ZN8cceprint5vminsERA64_iPiih7Literal] -> 0xffffad49798c
cceprint: [_ZN8cceprint5vminsERA64_jPjjh7Literal] -> 0xffffad497b18
cceprint: [_ZN8cceprint5vminsERA128_sPssh7Literal] -> 0xffffad497ca4
cceprint: [_ZN8cceprint5vminsERA128_tPtth7Literal] -> 0xffffad497e30
cceprint: [_ZN8cceprint5vminsERA256_aPaah7Literal] -> 0xffffad497fbc
cceprint: [_ZN8cceprint5vminsERA256_hPhhh7Literal] -> 0xffffad498154
cceprint: [_ZN8cceprint5vminsERA64_fPffh7Literal] -> 0xffffad4982ec
cceprint: [_ZN8cceprint5vminsERA128_N7float165Fp16TEPS1_S1_h7Literal] -> 0xffffad498478
cceprint: [_ZN8cceprint5vshlsERA64_iPish7Literal] -> 0xffffad498618
cceprint: [_ZN8cceprint5vshlsERA64_jPjsh7Literal] -> 0xffffad4987a4
cceprint: [_ZN8cceprint5vshlsERA128_sPssh7Literal] -> 0xffffad498930
cceprint: [_ZN8cceprint5vshlsERA128_tPtsh7Literal] -> 0xffffad498abc
cceprint: [_ZN8cceprint5vshlsERA256_aPash7Literal] -> 0xffffad498c48
cceprint: [_ZN8cceprint5vshlsERA256_hPhsh7Literal] -> 0xffffad498dd4
cceprint: [_ZN8cceprint5vshrsERA64_iPish7Literal] -> 0xffffad498f60
cceprint: [_ZN8cceprint5vshrsERA64_jPjsh7Literal] -> 0xffffad4990ec
cceprint: [_ZN8cceprint5vshrsERA128_sPssh7Literal] -> 0xffffad499278
cceprint: [_ZN8cceprint5vshrsERA128_tPtsh7Literal] -> 0xffffad499404
cceprint: [_ZN8cceprint5vshrsERA256_aPash7Literal] -> 0xffffad499590
cceprint: [_ZN8cceprint5vshrsERA256_hPhsh7Literal] -> 0xffffad49971c
cceprint: [_ZN8cceprint6vlreluERA64_fPffh7Literal] -> 0xffffad4998a8
cceprint: [_ZN8cceprint6vlreluERA128_N7float165Fp16TEPS1_S1_h7Literal] -> 0xffffad499a34
cceprint: [_ZN8cceprint10use_pipe_vEv] -> 0xffffad499bd4
cceprint: [_ZN8cceprint11use_pipe_v2Ev] -> 0xffffad499c34
cceprint: [_ZN8cceprint8v4dtransEPtS0_m] -> 0xffffad499c94
cceprint: [_ZN8cceprint8v4dtransEPtS0_ttb] -> 0xffffad499d9c
cceprint: [_ZN8cceprint8v4dtransEPjS0_m] -> 0xffffad499f10
cceprint: [_ZN8cceprint8v4dtransEPjS0_ttb] -> 0xffffad49a018
cceprint: [_ZN8cceprint8v4dtransEPhS0_m] -> 0xffffad49a18c
cceprint: [_ZN8cceprint8v4dtransEPhS0_ttb] -> 0xffffad49a294
cceprint: [_ZN8cceprint5vaaddEPN7float165Fp16TES2_S2_m] -> 0xffffad49a408
cceprint: [_ZN8cceprint5vaaddEPN7float165Fp16TES2_S2_hhhhhhh] -> 0xffffad49a54c
cceprint: [_ZN8cceprint5vaaddEPN7float165Fp16TES2_S2_hhhhhhhbb] -> 0xffffad49a838
cceprint: [_ZN8cceprint5vaaddEPfS0_S0_m] -> 0xffffad49ab94
cceprint: [_ZN8cceprint5vaaddEPfS0_S0_hhhhhhh] -> 0xffffad49acd8
cceprint: [_ZN8cceprint5vaaddEPfS0_S0_hhhhhhhbb] -> 0xffffad49afc4
cceprint: [_ZN8cceprint4vabsEPN7float165Fp16TES2_m] -> 0xffffad49b320
cceprint: [_ZN8cceprint4vabsEPN7float165Fp16TES2_htthh] -> 0xffffad49b428
cceprint: [_ZN8cceprint4vabsEPN7float165Fp16TES2_htthhbb] -> 0xffffad49b638
cceprint: [_ZN8cceprint4vabsEPN7float165Fp16TES2_htttt] -> 0xffffad49b8bc
cceprint: [_ZN8cceprint4vabsEPfS0_m] -> 0xffffad49bab4
cceprint: [_ZN8cceprint4vabsEPfS0_htthh] -> 0xffffad49bbbc
cceprint: [_ZN8cceprint4vabsEPfS0_htthhbb] -> 0xffffad49bdcc
cceprint: [_ZN8cceprint4vabsEPfS0_htttt] -> 0xffffad49c050
cceprint: [_ZN8cceprint4vabsEPsS0_m] -> 0xffffad49c248
cceprint: [_ZN8cceprint4vabsEPsS0_htthh] -> 0xffffad49c350
cceprint: [_ZN8cceprint4vabsEPsS0_htthhbb] -> 0xffffad49c560
cceprint: [_ZN8cceprint4vabsEPsS0_htttt] -> 0xffffad49c7e4
cceprint: [_ZN8cceprint4vaddEPN7float165Fp16TES2_S2_m] -> 0xffffad49c9dc
cceprint: [_ZN8cceprint4vaddEPN7float165Fp16TES2_S2_hhhhhhh] -> 0xffffad49cb20
cceprint: [_ZN8cceprint4vaddEPN7float165Fp16TES2_S2_hhhhhhhbb] -> 0xffffad49ce0c
cceprint: [_ZN8cceprint4vaddEPfS0_S0_hhhhhhh] -> 0xffffad49d168
cceprint: [_ZN8cceprint4vaddEPfS0_S0_hhhhhhhbb] -> 0xffffad49d454
cceprint: [_ZN8cceprint4vaddEPsS0_S0_m] -> 0xffffad49d7b0
cceprint: [_ZN8cceprint4vaddEPsS0_S0_hhhhhhh] -> 0xffffad49d8f4
cceprint: [_ZN8cceprint4vaddEPsS0_S0_hhhhhhhbb] -> 0xffffad49dbe0
cceprint: [_ZN8cceprint4vaddEPiS0_S0_m] -> 0xffffad49df3c
cceprint: [_ZN8cceprint4vaddEPiS0_S0_hhhhhhh] -> 0xffffad49e080
cceprint: [_ZN8cceprint4vaddEPiS0_S0_hhhhhhhbb] -> 0xffffad49e36c
cceprint: [_ZN8cceprint11vadddeqreluEPN7float165Fp16TEPiS3_m] -> 0xffffad49e6c8
cceprint: [_ZN8cceprint11vadddeqreluEPN7float165Fp16TEPiS3_hhhhhhh] -> 0xffffad49e80c
cceprint: [_ZN8cceprint11vadddeqreluEPN7float165Fp16TEPiS3_hhhhhhhbb] -> 0xffffad49eaf8
cceprint: [_ZN8cceprint8vaddreluEPN7float165Fp16TES2_S2_m] -> 0xffffad49ee54
cceprint: [_ZN8cceprint8vaddreluEPN7float165Fp16TES2_S2_hhhhhhhbb] -> 0xffffad49ef98
cceprint: [_ZN8cceprint8vaddreluEPN7float165Fp16TES2_S2_hhhhhhh] -> 0xffffad49f2f4
cceprint: [_ZN8cceprint8vaddreluEPfS0_S0_m] -> 0xffffad49f5e0
cceprint: [_ZN8cceprint8vaddreluEPfS0_S0_hhhhhhhbb] -> 0xffffad49f724
cceprint: [_ZN8cceprint8vaddreluEPfS0_S0_hhhhhhh] -> 0xffffad49fa80
cceprint: [_ZN8cceprint8vaddreluEPsS0_S0_m] -> 0xffffad49fd6c
cceprint: [_ZN8cceprint8vaddreluEPsS0_S0_hhhhhhhbb] -> 0xffffad49feb0
cceprint: [_ZN8cceprint8vaddreluEPsS0_S0_hhhhhhh] -> 0xffffad4a020c
cceprint: [_ZN8cceprint19vaddreluconv_f162s8EPaPN7float165Fp16TES3_mb] -> 0xffffad4a04f8
cceprint: [_ZN8cceprint19vaddreluconv_f162s8EPaPN7float165Fp16TES3_hhhhhhhbbb] -> 0xffffad4a0678
cceprint: [_ZN8cceprint19vaddreluconv_f162s8EPaPN7float165Fp16TES3_hhhhhhhb] -> 0xffffad4a0a0c
cceprint: [_ZN8cceprint20vaddreluconv_f322f16EPN7float165Fp16TEPfS3_mb] -> 0xffffad4a0d30
cceprint: [_ZN8cceprint20vaddreluconv_f322f16EPN7float165Fp16TEPfS3_hhhhhhhbbb] -> 0xffffad4a0eb0
cceprint: [_ZN8cceprint20vaddreluconv_f322f16EPN7float165Fp16TEPfS3_hhhhhhhb] -> 0xffffad4a1244
cceprint: [_ZN8cceprint19vaddreluconv_s162s8EPaPsS1_mb] -> 0xffffad4a1568
cceprint: [_ZN8cceprint19vaddreluconv_s162s8EPaPsS1_hhhhhhhbbb] -> 0xffffad4a16e8
cceprint: [_ZN8cceprint19vaddreluconv_s162s8EPaPsS1_hhhhhhhb] -> 0xffffad4a1a7c
cceprint: [_ZN8cceprint23vaddreluconv_vdeqs162b8EPaPsS1_mb] -> 0xffffad4a1da0
cceprint: [_ZN8cceprint23vaddreluconv_vdeqs162b8EPhPsS1_mb] -> 0xffffad4a1f20
cceprint: [_ZN8cceprint23vaddreluconv_vdeqs162b8EPhPsS1_hhhhhhhbbb] -> 0xffffad4a20a0
cceprint: [_ZN8cceprint23vaddreluconv_vdeqs162b8EPhPsS1_hhhhhhhb] -> 0xffffad4a2434
cceprint: [_ZN8cceprint23vaddreluconv_vdeqs162b8EPaPsS1_hhhhhhhbbb] -> 0xffffad4a2758
cceprint: [_ZN8cceprint23vaddreluconv_vdeqs162b8EPaPsS1_hhhhhhhb] -> 0xffffad4a2aec
cceprint: [_ZN8cceprint5vaddsEPN7float165Fp16TES2_S1_m] -> 0xffffad4a2e10
cceprint: [_ZN8cceprint5vaddsEPN7float165Fp16TES2_S1_htthh] -> 0xffffad4a2f68
cceprint: [_ZN8cceprint5vaddsEPN7float165Fp16TES2_S1_htthhbb] -> 0xffffad4a31c8
cceprint: [_ZN8cceprint5vaddsEPN7float165Fp16TES2_S1_htttt] -> 0xffffad4a3498
cceprint: [_ZN8cceprint5vaddsEPfS0_fm] -> 0xffffad4a36e0
cceprint: [_ZN8cceprint5vaddsEPfS0_fhtthh] -> 0xffffad4a3824
cceprint: [_ZN8cceprint5vaddsEPfS0_fhtthhbb] -> 0xffffad4a3a70
cceprint: [_ZN8cceprint5vaddsEPfS0_fhtttt] -> 0xffffad4a3d30
cceprint: [_ZN8cceprint5vaddsEPsS0_sm] -> 0xffffad4a3f64
cceprint: [_ZN8cceprint5vaddsEPsS0_shtthh] -> 0xffffad4a40a8
cceprint: [_ZN8cceprint5vaddsEPsS0_shtthhbb] -> 0xffffad4a42f4
cceprint: [_ZN8cceprint5vaddsEPsS0_shtttt] -> 0xffffad4a45b0
cceprint: [_ZN8cceprint5vaddsEPiS0_im] -> 0xffffad4a47e4
cceprint: [_ZN8cceprint5vaddsEPiS0_ihtthh] -> 0xffffad4a4928
cceprint: [_ZN8cceprint5vaddsEPiS0_ihtthhbb] -> 0xffffad4a4b74
cceprint: [_ZN8cceprint5vaddsEPiS0_ihtttt] -> 0xffffad4a4e30
cceprint: [_ZN8cceprint4vandEPsS0_S0_m] -> 0xffffad4a5064
cceprint: [_ZN8cceprint4vandEPsS0_S0_hhhhhhh] -> 0xffffad4a51a8
cceprint: [_ZN8cceprint4vandEPsS0_S0_hhhhhhhbb] -> 0xffffad4a5494
cceprint: [_ZN8cceprint4vandEPtS0_S0_m] -> 0xffffad4a57f0
cceprint: [_ZN8cceprint4vandEPtS0_S0_hhhhhhh] -> 0xffffad4a5934
cceprint: [_ZN8cceprint4vandEPtS0_S0_hhhhhhhbb] -> 0xffffad4a5c20
cceprint: [_ZN8cceprint5vaxpyEPN7float165Fp16TES2_S1_m] -> 0xffffad4a5f7c
cceprint: [_ZN8cceprint5vaxpyEPN7float165Fp16TES2_S1_htthh] -> 0xffffad4a60d4
cceprint: [_ZN8cceprint5vaxpyEPN7float165Fp16TES2_S1_htthhbb] -> 0xffffad4a6334
cceprint: [_ZN8cceprint5vaxpyEPN7float165Fp16TES2_S1_htttt] -> 0xffffad4a6604
cceprint: [_ZN8cceprint5vaxpyEPfS0_fm] -> 0xffffad4a684c
cceprint: [_ZN8cceprint5vaxpyEPfS0_fhtthh] -> 0xffffad4a6990
cceprint: [_ZN8cceprint5vaxpyEPfS0_fhtthhbb] -> 0xffffad4a6bdc
cceprint: [_ZN8cceprint5vaxpyEPfS0_fhtttt] -> 0xffffad4a6e9c
cceprint: [_ZN8cceprint5vaxpyEPfPN7float165Fp16TES2_m] -> 0xffffad4a70d0
cceprint: [_ZN8cceprint5vaxpyEPfPN7float165Fp16TES2_htthh] -> 0xffffad4a7228
cceprint: [_ZN8cceprint5vaxpyEPfPN7float165Fp16TES2_htthhbb] -> 0xffffad4a7488
cceprint: [_ZN8cceprint5vaxpyEPfPN7float165Fp16TES2_htttt] -> 0xffffad4a7758
cceprint: [_ZN8cceprint3vbiEPN7float165Fp16TEPtS2_m] -> 0xffffad4a79a0
cceprint: [_ZN8cceprint3vbiEPN7float165Fp16TEPtS2_hbtth] -> 0xffffad4a7ae4
cceprint: [_ZN8cceprint8vbitsortEPN7float165Fp16TES2_m] -> 0xffffad4a7d24
cceprint: [_ZN8cceprint8vbitsortEPN7float165Fp16TES2_htthh] -> 0xffffad4a7e2c
cceprint: [_ZN8cceprint8vbitsortEPN7float165Fp16TES2_htthhbb] -> 0xffffad4a803c
cceprint: [_ZN8cceprint8vbitsortEPfS0_m] -> 0xffffad4a82c0
cceprint: [_ZN8cceprint8vbitsortEPfS0_htthh] -> 0xffffad4a83c8
cceprint: [_ZN8cceprint8vbitsortEPfS0_htthhbb] -> 0xffffad4a85d8
cceprint: [_ZN8cceprint8vbitsortEPN7float165Fp16TES2_Pjm] -> 0xffffad4a885c
cceprint: [_ZN8cceprint8vbitsortEPN7float165Fp16TES2_Pjhhhhhhhbb] -> 0xffffad4a89a0
cceprint: [_ZN8cceprint8vbitsortEPfS0_Pjm] -> 0xffffad4a8cfc
cceprint: [_ZN8cceprint8vbitsortEPfS0_Pjhhhhhhhbb] -> 0xffffad4a8e40
cceprint: [_ZN8cceprint8vbitsortEPN7float165Fp16TES2_Pjhhhhhhh] -> 0xffffad4a919c
cceprint: [_ZN8cceprint8vbitsortEPfS0_Pjhhhhhhh] -> 0xffffad4a9488
cceprint: [_ZN8cceprint5vbrcbEPtS0_m] -> 0xffffad4a9774
cceprint: [_ZN8cceprint5vbrcbEPtS0_tth] -> 0xffffad4a987c
cceprint: [_ZN8cceprint5vbrcbEPjS0_m] -> 0xffffad4a99fc
cceprint: [_ZN8cceprint5vbrcbEPjS0_tth] -> 0xffffad4a9b04
cceprint: [_ZN8cceprint5vcaddEPN7float165Fp16TES2_m] -> 0xffffad4a9c84
cceprint: [_ZN8cceprint5vcaddEPN7float165Fp16TES2_httt] -> 0xffffad4a9d8c
cceprint: [_ZN8cceprint5vcaddEPN7float165Fp16TES2_htttbb] -> 0xffffad4a9f48
cceprint: [_ZN8cceprint5vcaddEPN7float165Fp16TES2_mb] -> 0xffffad4aa17c
cceprint: [_ZN8cceprint5vcaddEPN7float165Fp16TES2_htttb] -> 0xffffad4aa2c0
cceprint: [_ZN8cceprint5vcaddEPfS0_m] -> 0xffffad4aa4b8
cceprint: [_ZN8cceprint5vcaddEPfS0_httt] -> 0xffffad4aa5c0
cceprint: [_ZN8cceprint5vcaddEPfS0_htttbb] -> 0xffffad4aa77c
cceprint: [_ZN8cceprint5vcaddEPfS0_mb] -> 0xffffad4aa9b0
cceprint: [_ZN8cceprint5vcaddEPfS0_htttb] -> 0xffffad4aaaf4
cceprint: [_ZN8cceprint5vcaddERA128_N7float165Fp16TEPS1_h7Literal] -> 0xffffad4aacec
cceprint: [_ZN8cceprint5vcaddERA64_fPfh7Literal] -> 0xffffad4aae3c
cceprint: [_ZN8cceprint5vcmaxERA128_N7float165Fp16TEPS1_h7Literal] -> 0xffffad4aaf8c
cceprint: [_ZN8cceprint5vcmaxERA64_fPfh7Literal] -> 0xffffad4ab0dc
cceprint: [_ZN8cceprint5vcminERA128_N7float165Fp16TEPS1_h7Literal] -> 0xffffad4ab22c
cceprint: [_ZN8cceprint5vcminERA64_fPfh7Literal] -> 0xffffad4ab37c
cceprint: [_ZN8cceprint12vcbd_s162s32EPiPsm] -> 0xffffad4ab4cc
cceprint: [_ZN8cceprint12vcbd_s162s32EPiPshtthhbb] -> 0xffffad4ab5d4
cceprint: [_ZN8cceprint12vcbd_s162u32EPjPsm] -> 0xffffad4ab858
cceprint: [_ZN8cceprint12vcbd_s162u32EPjPshtthhbb] -> 0xffffad4ab960
cceprint: [_ZN8cceprint11vcbd_s162u8EPhPsm] -> 0xffffad4abbe4
cceprint: [_ZN8cceprint11vcbd_s162u8EPhPshtthhbb] -> 0xffffad4abcec
cceprint: [_ZN8cceprint12vcbd_s322s16EPsPim] -> 0xffffad4abf70
cceprint: [_ZN8cceprint12vcbd_s322s16EPsPihtthhbb] -> 0xffffad4ac078
cceprint: [_ZN8cceprint12vcbd_s322u16EPtPim] -> 0xffffad4ac2fc
cceprint: [_ZN8cceprint12vcbd_s322u16EPtPihtthhbb] -> 0xffffad4ac404
cceprint: [_ZN8cceprint11vcbd_s322u8EPhPim] -> 0xffffad4ac688
cceprint: [_ZN8cceprint11vcbd_s322u8EPhPihtthhbb] -> 0xffffad4ac790
cceprint: [_ZN8cceprint12vcbd_u162s32EPiPtm] -> 0xffffad4aca14
cceprint: [_ZN8cceprint12vcbd_u162s32EPiPthtthhbb] -> 0xffffad4acb1c
cceprint: [_ZN8cceprint12vcbd_u162u32EPjPtm] -> 0xffffad4acda0
cceprint: [_ZN8cceprint12vcbd_u162u32EPjPthtthhbb] -> 0xffffad4acea8
cceprint: [_ZN8cceprint11vcbd_u162u8EPhPtm] -> 0xffffad4ad12c
cceprint: [_ZN8cceprint11vcbd_u162u8EPhPthtthhbb] -> 0xffffad4ad234
cceprint: [_ZN8cceprint12vcbd_u322s16EPsPjm] -> 0xffffad4ad4b8
cceprint: [_ZN8cceprint12vcbd_u322s16EPsPjhtthhbb] -> 0xffffad4ad5c0
cceprint: [_ZN8cceprint12vcbd_u322u16EPtPjm] -> 0xffffad4ad844
cceprint: [_ZN8cceprint12vcbd_u322u16EPtPjhtthhbb] -> 0xffffad4ad94c
cceprint: [_ZN8cceprint11vcbd_u322u8EPhPjm] -> 0xffffad4adbd0
cceprint: [_ZN8cceprint11vcbd_u322u8EPhPjhtthhbb] -> 0xffffad4adcd8
cceprint: [_ZN8cceprint11vcbd_u82s16EPsPhm] -> 0xffffad4adf5c
cceprint: [_ZN8cceprint11vcbd_u82s16EPsPhhtthhbb] -> 0xffffad4ae064
cceprint: [_ZN8cceprint11vcbd_u82s32EPiPhm] -> 0xffffad4ae2e8
cceprint: [_ZN8cceprint11vcbd_u82s32EPiPhhtthhbb] -> 0xffffad4ae3f0
cceprint: [_ZN8cceprint11vcbd_u82u16EPtPhm] -> 0xffffad4ae674
cceprint: [_ZN8cceprint11vcbd_u82u16EPtPhhtthhbb] -> 0xffffad4ae77c
cceprint: [_ZN8cceprint11vcbd_u82u32EPjPhm] -> 0xffffad4aea00
cceprint: [_ZN8cceprint11vcbd_u82u32EPjPhhtthhbb] -> 0xffffad4aeb08
cceprint: [_ZN8cceprint6vcgaddEPN7float165Fp16TES2_m] -> 0xffffad4aed8c
cceprint: [_ZN8cceprint6vcgaddEPN7float165Fp16TES2_httt] -> 0xffffad4aee94
cceprint: [_ZN8cceprint6vcgaddEPN7float165Fp16TES2_htttbb] -> 0xffffad4af050
cceprint: [_ZN8cceprint6vcgaddEPfS0_m] -> 0xffffad4af284
cceprint: [_ZN8cceprint6vcgaddEPfS0_httt] -> 0xffffad4af38c
cceprint: [_ZN8cceprint6vcgaddEPfS0_htttbb] -> 0xffffad4af548
cceprint: [_ZN8cceprint6vcgaddERA128_N7float165Fp16TEPS1_h7Literal] -> 0xffffad4af77c
cceprint: [_ZN8cceprint6vcgaddERA64_fPfh7Literal] -> 0xffffad4af8cc
cceprint: [_ZN8cceprint6vcgmaxERA128_N7float165Fp16TEPS1_h7Literal] -> 0xffffad4afa1c
cceprint: [_ZN8cceprint6vcgmaxERA64_fPfh7Literal] -> 0xffffad4afb6c
cceprint: [_ZN8cceprint6vcgminERA128_N7float165Fp16TEPS1_h7Literal] -> 0xffffad4afcbc
cceprint: [_ZN8cceprint6vcgminERA64_fPfh7Literal] -> 0xffffad4afe0c
cceprint: [_ZN8cceprint6vcpaddERA128_N7float165Fp16TEPS1_h7Literal] -> 0xffffad4aff5c
cceprint: [_ZN8cceprint6vcpaddERA64_fPfh7Literal] -> 0xffffad4b00ac
cceprint: [_ZN8cceprint6vcgmaxEPN7float165Fp16TES2_m] -> 0xffffad4b01fc
cceprint: [_ZN8cceprint6vcgmaxEPN7float165Fp16TES2_httt] -> 0xffffad4b0304
cceprint: [_ZN8cceprint6vcgmaxEPN7float165Fp16TES2_htttbb] -> 0xffffad4b04c0
cceprint: [_ZN8cceprint6vcgmaxEPfS0_m] -> 0xffffad4b06f4
cceprint: [_ZN8cceprint6vcgmaxEPfS0_httt] -> 0xffffad4b07fc
cceprint: [_ZN8cceprint6vcgmaxEPfS0_htttbb] -> 0xffffad4b09b8
cceprint: [_ZN8cceprint6vcgminEPN7float165Fp16TES2_m] -> 0xffffad4b0bec
cceprint: [_ZN8cceprint6vcgminEPN7float165Fp16TES2_httt] -> 0xffffad4b0cf4
cceprint: [_ZN8cceprint6vcgminEPN7float165Fp16TES2_htttbb] -> 0xffffad4b0eb0
cceprint: [_ZN8cceprint6vcgminEPfS0_m] -> 0xffffad4b10e4
cceprint: [_ZN8cceprint6vcgminEPfS0_httt] -> 0xffffad4b11ec
cceprint: [_ZN8cceprint6vcgminEPfS0_htttbb] -> 0xffffad4b13a8
cceprint: [_ZN8cceprint3vciEPN7float165Fp16TES1_m] -> 0xffffad4b15dc
cceprint: [_ZN8cceprint3vciEPN7float165Fp16TES1_hthbb] -> 0xffffad4b16f8
cceprint: [_ZN8cceprint3vciEPffm] -> 0xffffad4b1910
cceprint: [_ZN8cceprint3vciEPffhthbb] -> 0xffffad4b1a18
cceprint: [_ZN8cceprint3vciEPssm] -> 0xffffad4b1c1c
cceprint: [_ZN8cceprint3vciEPsshthbb] -> 0xffffad4b1d24
cceprint: [_ZN8cceprint3vciEPiim] -> 0xffffad4b1f28
cceprint: [_ZN8cceprint3vciEPiihthbb] -> 0xffffad4b2030
cceprint: [_ZN8cceprint5vcmaxEPN7float165Fp16TES2_m] -> 0xffffad4b2234
cceprint: [_ZN8cceprint5vcmaxEPN7float165Fp16TES2_httt] -> 0xffffad4b233c
cceprint: [_ZN8cceprint5vcmaxEPN7float165Fp16TES2_htttbb] -> 0xffffad4b24f8
cceprint: [_ZN8cceprint5vcmaxEPN7float165Fp16TES2_mb] -> 0xffffad4b272c
cceprint: [_ZN8cceprint5vcmaxEPN7float165Fp16TES2_htttbbb] -> 0xffffad4b2870
cceprint: [_ZN8cceprint5vcmaxEPN7float165Fp16TES2_m7Order_t] -> 0xffffad4b2adc
cceprint: [_ZN8cceprint5vcmaxEPN7float165Fp16TES2_httt7Order_t] -> 0xffffad4b2c2c
cceprint: [_ZN8cceprint5vcmaxEPfS0_mb] -> 0xffffad4b2e30
cceprint: [_ZN8cceprint5vcmaxEPfS0_htttbbb] -> 0xffffad4b2f74
cceprint: [_ZN8cceprint5vcmaxEPfS0_m7Order_t] -> 0xffffad4b31e0
cceprint: [_ZN8cceprint5vcmaxEPfS0_httt7Order_t] -> 0xffffad4b3330
cceprint: [_ZN8cceprint5vcmaxEPtS0_mb] -> 0xffffad4b3534
cceprint: [_ZN8cceprint5vcmaxEPtS0_htttbbb] -> 0xffffad4b3678
cceprint: [_ZN8cceprint5vcminEPN7float165Fp16TES2_m] -> 0xffffad4b38e4
cceprint: [_ZN8cceprint5vcminEPN7float165Fp16TES2_httt] -> 0xffffad4b39ec
cceprint: [_ZN8cceprint5vcminEPN7float165Fp16TES2_htttbb] -> 0xffffad4b3ba8
cceprint: [_ZN8cceprint5vcminEPN7float165Fp16TES2_mb] -> 0xffffad4b3ddc
cceprint: [_ZN8cceprint5vcminEPN7float165Fp16TES2_htttbbb] -> 0xffffad4b3f20
cceprint: [_ZN8cceprint5vcminEPN7float165Fp16TES2_m7Order_t] -> 0xffffad4b418c
cceprint: [_ZN8cceprint5vcminEPN7float165Fp16TES2_httt7Order_t] -> 0xffffad4b42dc
cceprint: [_ZN8cceprint5vcminEPfS0_mb] -> 0xffffad4b44e0
cceprint: [_ZN8cceprint5vcminEPfS0_htttbbb] -> 0xffffad4b4624
cceprint: [_ZN8cceprint5vcminEPfS0_m7Order_t] -> 0xffffad4b4890
cceprint: [_ZN8cceprint5vcminEPfS0_httt7Order_t] -> 0xffffad4b49e0
cceprint: [_ZN8cceprint5vcminEPtS0_mb] -> 0xffffad4b4be4
cceprint: [_ZN8cceprint5vcminEPtS0_htttbbb] -> 0xffffad4b4d28
cceprint: [_ZN8cceprint7vcmp_eqEPN7float165Fp16TES2_m] -> 0xffffad4b4f94
cceprint: [_ZN8cceprint7vcmp_eqEPN7float165Fp16TES2_hhhhhhh] -> 0xffffad4b509c
cceprint: [_ZN8cceprint7vcmp_eqEPN7float165Fp16TES2_hhhhhhhbb] -> 0xffffad4b5350
cceprint: [_ZN8cceprint7vcmp_eqEPfS0_m] -> 0xffffad4b5674
cceprint: [_ZN8cceprint7vcmp_eqEPfS0_hhhhhhh] -> 0xffffad4b577c
cceprint: [_ZN8cceprint7vcmp_eqEPfS0_hhhhhhhbb] -> 0xffffad4b5a30
cceprint: [_ZN8cceprint7vcmp_eqEPtS0_m] -> 0xffffad4b5d54
cceprint: [_ZN8cceprint7vcmp_eqEPtS0_hhhhhhh] -> 0xffffad4b5e5c
cceprint: [_ZN8cceprint7vcmp_eqEPtS0_hhhhhhhbb] -> 0xffffad4b6110
cceprint: [_ZN8cceprint7vcmp_geEPN7float165Fp16TES2_m] -> 0xffffad4b6434
cceprint: [_ZN8cceprint7vcmp_geEPN7float165Fp16TES2_hhhhhhh] -> 0xffffad4b653c
cceprint: [_ZN8cceprint7vcmp_geEPN7float165Fp16TES2_hhhhhhhbb] -> 0xffffad4b67f0
cceprint: [_ZN8cceprint7vcmp_geEPfS0_m] -> 0xffffad4b6b14
cceprint: [_ZN8cceprint7vcmp_geEPfS0_hhhhhhh] -> 0xffffad4b6c1c
cceprint: [_ZN8cceprint7vcmp_geEPfS0_hhhhhhhbb] -> 0xffffad4b6ed0
cceprint: [_ZN8cceprint7vcmp_geEPtS0_m] -> 0xffffad4b71f4
cceprint: [_ZN8cceprint7vcmp_geEPtS0_hhhhhhh] -> 0xffffad4b72fc
cceprint: [_ZN8cceprint7vcmp_geEPtS0_hhhhhhhbb] -> 0xffffad4b75b0
cceprint: [_ZN8cceprint7vcmp_gtEPN7float165Fp16TES2_m] -> 0xffffad4b78d4
cceprint: [_ZN8cceprint7vcmp_gtEPN7float165Fp16TES2_hhhhhhh] -> 0xffffad4b79dc
cceprint: [_ZN8cceprint7vcmp_gtEPN7float165Fp16TES2_hhhhhhhbb] -> 0xffffad4b7c90
cceprint: [_ZN8cceprint7vcmp_gtEPfS0_m] -> 0xffffad4b7fb4
cceprint: [_ZN8cceprint7vcmp_gtEPfS0_hhhhhhh] -> 0xffffad4b80bc
cceprint: [_ZN8cceprint7vcmp_gtEPfS0_hhhhhhhbb] -> 0xffffad4b8370
cceprint: [_ZN8cceprint7vcmp_gtEPtS0_m] -> 0xffffad4b8694
cceprint: [_ZN8cceprint7vcmp_gtEPtS0_hhhhhhh] -> 0xffffad4b879c
cceprint: [_ZN8cceprint7vcmp_gtEPtS0_hhhhhhhbb] -> 0xffffad4b8a50
cceprint: [_ZN8cceprint7vcmp_leEPN7float165Fp16TES2_m] -> 0xffffad4b8d74
cceprint: [_ZN8cceprint7vcmp_leEPN7float165Fp16TES2_hhhhhhh] -> 0xffffad4b8e7c
cceprint: [_ZN8cceprint7vcmp_leEPN7float165Fp16TES2_hhhhhhhbb] -> 0xffffad4b9130
cceprint: [_ZN8cceprint7vcmp_leEPfS0_m] -> 0xffffad4b9454
cceprint: [_ZN8cceprint7vcmp_leEPfS0_hhhhhhh] -> 0xffffad4b955c
cceprint: [_ZN8cceprint7vcmp_leEPfS0_hhhhhhhbb] -> 0xffffad4b9810
cceprint: [_ZN8cceprint7vcmp_leEPtS0_m] -> 0xffffad4b9b34
cceprint: [_ZN8cceprint7vcmp_leEPtS0_hhhhhhh] -> 0xffffad4b9c3c
cceprint: [_ZN8cceprint7vcmp_leEPtS0_hhhhhhhbb] -> 0xffffad4b9ef0
cceprint: [_ZN8cceprint7vcmp_ltEPN7float165Fp16TES2_m] -> 0xffffad4ba214
cceprint: [_ZN8cceprint7vcmp_ltEPN7float165Fp16TES2_hhhhhhh] -> 0xffffad4ba31c
cceprint: [_ZN8cceprint7vcmp_ltEPN7float165Fp16TES2_hhhhhhhbb] -> 0xffffad4ba5d0
cceprint: [_ZN8cceprint7vcmp_ltEPfS0_m] -> 0xffffad4ba8f4
cceprint: [_ZN8cceprint7vcmp_ltEPfS0_hhhhhhh] -> 0xffffad4ba9fc
cceprint: [_ZN8cceprint7vcmp_ltEPfS0_hhhhhhhbb] -> 0xffffad4bacb0
cceprint: [_ZN8cceprint7vcmp_ltEPtS0_m] -> 0xffffad4bafd4
cceprint: [_ZN8cceprint7vcmp_ltEPtS0_hhhhhhh] -> 0xffffad4bb0dc
cceprint: [_ZN8cceprint7vcmp_ltEPtS0_hhhhhhhbb] -> 0xffffad4bb390
cceprint: [_ZN8cceprint7vcmp_neEPN7float165Fp16TES2_m] -> 0xffffad4bb6b4
cceprint: [_ZN8cceprint7vcmp_neEPN7float165Fp16TES2_hhhhhhh] -> 0xffffad4bb7bc
cceprint: [_ZN8cceprint7vcmp_neEPN7float165Fp16TES2_hhhhhhhbb] -> 0xffffad4bba70
cceprint: [_ZN8cceprint7vcmp_neEPfS0_m] -> 0xffffad4bbd94
cceprint: [_ZN8cceprint7vcmp_neEPfS0_hhhhhhh] -> 0xffffad4bbe9c
cceprint: [_ZN8cceprint7vcmp_neEPfS0_hhhhhhhbb] -> 0xffffad4bc150
cceprint: [_ZN8cceprint7vcmp_neEPtS0_m] -> 0xffffad4bc474
cceprint: [_ZN8cceprint7vcmp_neEPtS0_hhhhhhh] -> 0xffffad4bc57c
cceprint: [_ZN8cceprint7vcmp_neEPtS0_hhhhhhhbb] -> 0xffffad4bc830
cceprint: [_ZN8cceprint8vcmpv_eqEPhPN7float165Fp16TES3_m] -> 0xffffad4bcb54
cceprint: [_ZN8cceprint8vcmpv_eqEPhPN7float165Fp16TES3_hhhhhhh] -> 0xffffad4bcc98
cceprint: [_ZN8cceprint8vcmpv_eqEPhPfS1_m] -> 0xffffad4bcf84
cceprint: [_ZN8cceprint8vcmpv_eqEPhPfS1_hhhhhhh] -> 0xffffad4bd0c8
cceprint: [_ZN8cceprint8vcmpv_eqEPhPiS1_m] -> 0xffffad4bd3b4
cceprint: [_ZN8cceprint8vcmpv_eqEPhPiS1_hhhhhhh] -> 0xffffad4bd4f8
cceprint: [_ZN8cceprint8vcmpv_geEPhPN7float165Fp16TES3_m] -> 0xffffad4bd7e4
cceprint: [_ZN8cceprint8vcmpv_geEPhPN7float165Fp16TES3_hhhhhhh] -> 0xffffad4bd928
cceprint: [_ZN8cceprint8vcmpv_geEPhPfS1_m] -> 0xffffad4bdc14
cceprint: [_ZN8cceprint8vcmpv_geEPhPfS1_hhhhhhh] -> 0xffffad4bdd58
cceprint: [_ZN8cceprint8vcmpv_gtEPhPN7float165Fp16TES3_m] -> 0xffffad4be044
cceprint: [_ZN8cceprint8vcmpv_gtEPhPN7float165Fp16TES3_hhhhhhh] -> 0xffffad4be188
cceprint: [_ZN8cceprint8vcmpv_gtEPhPfS1_m] -> 0xffffad4be474
cceprint: [_ZN8cceprint8vcmpv_gtEPhPfS1_hhhhhhh] -> 0xffffad4be5b8
cceprint: [_ZN8cceprint8vcmpv_leEPhPN7float165Fp16TES3_m] -> 0xffffad4be8a4
cceprint: [_ZN8cceprint8vcmpv_leEPhPN7float165Fp16TES3_hhhhhhh] -> 0xffffad4be9e8
cceprint: [_ZN8cceprint8vcmpv_leEPhPfS1_m] -> 0xffffad4becd4
cceprint: [_ZN8cceprint8vcmpv_leEPhPfS1_hhhhhhh] -> 0xffffad4bee18
cceprint: [_ZN8cceprint8vcmpv_ltEPhPN7float165Fp16TES3_m] -> 0xffffad4bf104
cceprint: [_ZN8cceprint8vcmpv_ltEPhPN7float165Fp16TES3_hhhhhhh] -> 0xffffad4bf248
cceprint: [_ZN8cceprint8vcmpv_ltEPhPfS1_m] -> 0xffffad4bf534
cceprint: [_ZN8cceprint8vcmpv_ltEPhPfS1_hhhhhhh] -> 0xffffad4bf678
cceprint: [_ZN8cceprint8vcmpv_neEPhPN7float165Fp16TES3_m] -> 0xffffad4bf964
cceprint: [_ZN8cceprint8vcmpv_neEPhPN7float165Fp16TES3_hhhhhhh] -> 0xffffad4bfaa8
cceprint: [_ZN8cceprint8vcmpv_neEPhPfS1_m] -> 0xffffad4bfd94
cceprint: [_ZN8cceprint8vcmpv_neEPhPfS1_hhhhhhh] -> 0xffffad4bfed8
cceprint: [_ZN8cceprint9vcmpvs_eqEPhPN7float165Fp16TES2_m] -> 0xffffad4c01c4
cceprint: [_ZN8cceprint9vcmpvs_eqEPhPN7float165Fp16TES2_htthh] -> 0xffffad4c031c
cceprint: [_ZN8cceprint9vcmpvs_eqEPhPN7float165Fp16TES2_htttt] -> 0xffffad4c057c
cceprint: [_ZN8cceprint9vcmpvs_eqEPhPffm] -> 0xffffad4c07c4
cceprint: [_ZN8cceprint9vcmpvs_eqEPhPffhtthh] -> 0xffffad4c0908
cceprint: [_ZN8cceprint9vcmpvs_eqEPhPffhtttt] -> 0xffffad4c0b54
cceprint: [_ZN8cceprint9vcmpvs_eqEPhPiim] -> 0xffffad4c0d88
cceprint: [_ZN8cceprint9vcmpvs_eqEPhPiihtttt] -> 0xffffad4c0ecc
cceprint: [_ZN8cceprint9vcmpvs_geEPhPN7float165Fp16TES2_m] -> 0xffffad4c1100
cceprint: [_ZN8cceprint9vcmpvs_geEPhPN7float165Fp16TES2_htthh] -> 0xffffad4c1258
cceprint: [_ZN8cceprint9vcmpvs_geEPhPN7float165Fp16TES2_htttt] -> 0xffffad4c14b8
cceprint: [_ZN8cceprint9vcmpvs_geEPhPffm] -> 0xffffad4c1700
cceprint: [_ZN8cceprint9vcmpvs_geEPhPffhtthh] -> 0xffffad4c1844
cceprint: [_ZN8cceprint9vcmpvs_geEPhPffhtttt] -> 0xffffad4c1a90
cceprint: [_ZN8cceprint9vcmpvs_gtEPhPN7float165Fp16TES2_m] -> 0xffffad4c1cc4
cceprint: [_ZN8cceprint9vcmpvs_gtEPhPN7float165Fp16TES2_htthh] -> 0xffffad4c1e1c
cceprint: [_ZN8cceprint9vcmpvs_gtEPhPN7float165Fp16TES2_htttt] -> 0xffffad4c207c
cceprint: [_ZN8cceprint9vcmpvs_gtEPhPffm] -> 0xffffad4c22c4
cceprint: [_ZN8cceprint9vcmpvs_gtEPhPffhtthh] -> 0xffffad4c2408
cceprint: [_ZN8cceprint9vcmpvs_gtEPhPffhtttt] -> 0xffffad4c2654
cceprint: [_ZN8cceprint9vcmpvs_leEPhPN7float165Fp16TES2_m] -> 0xffffad4c2888
cceprint: [_ZN8cceprint9vcmpvs_leEPhPN7float165Fp16TES2_htthh] -> 0xffffad4c29e0
cceprint: [_ZN8cceprint9vcmpvs_leEPhPN7float165Fp16TES2_htttt] -> 0xffffad4c2c40
cceprint: [_ZN8cceprint9vcmpvs_leEPhPffm] -> 0xffffad4c2e88
cceprint: [_ZN8cceprint9vcmpvs_leEPhPffhtthh] -> 0xffffad4c2fcc
cceprint: [_ZN8cceprint9vcmpvs_leEPhPffhtttt] -> 0xffffad4c3218
cceprint: [_ZN8cceprint9vcmpvs_ltEPhPN7float165Fp16TES2_m] -> 0xffffad4c344c
cceprint: [_ZN8cceprint9vcmpvs_ltEPhPN7float165Fp16TES2_htthh] -> 0xffffad4c35a4
cceprint: [_ZN8cceprint9vcmpvs_ltEPhPN7float165Fp16TES2_htttt] -> 0xffffad4c3804
cceprint: [_ZN8cceprint9vcmpvs_ltEPhPffm] -> 0xffffad4c3a4c
cceprint: [_ZN8cceprint9vcmpvs_ltEPhPffhtthh] -> 0xffffad4c3b90
cceprint: [_ZN8cceprint9vcmpvs_ltEPhPffhtttt] -> 0xffffad4c3ddc
cceprint: [_ZN8cceprint9vcmpvs_neEPhPN7float165Fp16TES2_m] -> 0xffffad4c4010
cceprint: [_ZN8cceprint9vcmpvs_neEPhPN7float165Fp16TES2_htthh] -> 0xffffad4c4168
cceprint: [_ZN8cceprint9vcmpvs_neEPhPN7float165Fp16TES2_htttt] -> 0xffffad4c43c8
cceprint: [_ZN8cceprint9vcmpvs_neEPhPffm] -> 0xffffad4c4610
cceprint: [_ZN8cceprint9vcmpvs_neEPhPffhtthh] -> 0xffffad4c4754
cceprint: [_ZN8cceprint9vcmpvs_neEPhPffhtttt] -> 0xffffad4c49a0
cceprint: [_ZN8cceprint7vconcatEPN7float165Fp16TES2_m] -> 0xffffad4c4bd4
cceprint: [_ZN8cceprint7vconcatEPN7float165Fp16TES2_hh] -> 0xffffad4c4cdc
cceprint: [_ZN8cceprint7vconcatEPN7float165Fp16TES2_htthh] -> 0xffffad4c4e2c
cceprint: [_ZN8cceprint7vconcatEPN7float165Fp16TES2_htthhbb] -> 0xffffad4c503c
cceprint: [_ZN8cceprint7vconcatEPfS0_m] -> 0xffffad4c52c0
cceprint: [_ZN8cceprint7vconcatEPfS0_hh] -> 0xffffad4c53c8
cceprint: [_ZN8cceprint7vconcatEPfS0_htthh] -> 0xffffad4c5518
cceprint: [_ZN8cceprint7vconcatEPfS0_htthhbb] -> 0xffffad4c5728
cceprint: [_ZN8cceprint14vconv_bf162f32EPfPN8bfloat165Bf16TEhtttt] -> 0xffffad4c59ac
cceprint: [_ZN8cceprint14vconv_bf162f32EPfPN8bfloat165Bf16TEm] -> 0xffffad4c5ba4
cceprint: [_ZN8cceprint15vconv_bf162s32aEPiPN8bfloat165Bf16TEhtttt] -> 0xffffad4c5cac
cceprint: [_ZN8cceprint15vconv_bf162s32aEPiPN8bfloat165Bf16TEm] -> 0xffffad4c5ea4
cceprint: [_ZN8cceprint15vconv_bf162s32cEPiPN8bfloat165Bf16TEhtttt] -> 0xffffad4c5fac
cceprint: [_ZN8cceprint15vconv_bf162s32cEPiPN8bfloat165Bf16TEm] -> 0xffffad4c61a4
cceprint: [_ZN8cceprint15vconv_bf162s32fEPiPN8bfloat165Bf16TEhtttt] -> 0xffffad4c62ac
cceprint: [_ZN8cceprint15vconv_bf162s32fEPiPN8bfloat165Bf16TEm] -> 0xffffad4c64a4
cceprint: [_ZN8cceprint15vconv_bf162s32rEPiPN8bfloat165Bf16TEhtttt] -> 0xffffad4c65ac
cceprint: [_ZN8cceprint15vconv_bf162s32rEPiPN8bfloat165Bf16TEm] -> 0xffffad4c67a4
cceprint: [_ZN8cceprint15vconv_bf162s32zEPiPN8bfloat165Bf16TEhtttt] -> 0xffffad4c68ac
cceprint: [_ZN8cceprint15vconv_bf162s32zEPiPN8bfloat165Bf16TEm] -> 0xffffad4c6aa4
cceprint: [_ZN8cceprint9vconv_deqEPN7float165Fp16TEPim] -> 0xffffad4c6bac
cceprint: [_ZN8cceprint9vconv_deqEPN7float165Fp16TEPihtthh] -> 0xffffad4c6cb4
cceprint: [_ZN8cceprint9vconv_deqEPN7float165Fp16TEPihtthhbb] -> 0xffffad4c6ec4
cceprint: [_ZN8cceprint15vconv_deqs162b8EPaPsmb] -> 0xffffad4c7148
cceprint: [_ZN8cceprint15vconv_deqs162b8EPaPshtthhbbb] -> 0xffffad4c728c
cceprint: [_ZN8cceprint15vconv_deqs162b8EPhPsmb] -> 0xffffad4c7548
cceprint: [_ZN8cceprint15vconv_deqs162b8EPhPshtthhbbb] -> 0xffffad4c768c
cceprint: [_ZN8cceprint16vconv_deqs162b8hEPaPshtthh] -> 0xffffad4c7948
cceprint: [_ZN8cceprint16vconv_deqs162b8hEPaPsm] -> 0xffffad4c7b58
cceprint: [_ZN8cceprint16vconv_deqs162b8hEPhPshtthh] -> 0xffffad4c7c60
cceprint: [_ZN8cceprint16vconv_deqs162b8hEPhPsm] -> 0xffffad4c7e70
cceprint: [_ZN8cceprint16vconv_deqs162b8lEPaPshtthh] -> 0xffffad4c7f78
cceprint: [_ZN8cceprint16vconv_deqs162b8lEPaPsm] -> 0xffffad4c8188
cceprint: [_ZN8cceprint16vconv_deqs162b8lEPhPshtthh] -> 0xffffad4c8290
cceprint: [_ZN8cceprint16vconv_deqs162b8lEPhPsm] -> 0xffffad4c84a0
cceprint: [_ZN8cceprint13vconv_f162f32EPfPN7float165Fp16TEm] -> 0xffffad4c85a8
cceprint: [_ZN8cceprint13vconv_f162f32EPfPN7float165Fp16TEhtthh] -> 0xffffad4c86b0
cceprint: [_ZN8cceprint13vconv_f162f32EPfPN7float165Fp16TEhtthhbb] -> 0xffffad4c88c0
cceprint: [_ZN8cceprint13vconv_f162f32EPfPN7float165Fp16TEhtttt] -> 0xffffad4c8b44
cceprint: [_ZN8cceprint14vconv_f162s16aEPsPN7float165Fp16TEhtttt] -> 0xffffad4c8d3c
cceprint: [_ZN8cceprint14vconv_f162s16aEPsPN7float165Fp16TEm] -> 0xffffad4c8f34
cceprint: [_ZN8cceprint14vconv_f162s16cEPsPN7float165Fp16TEhtttt] -> 0xffffad4c903c
cceprint: [_ZN8cceprint14vconv_f162s16cEPsPN7float165Fp16TEm] -> 0xffffad4c9234
cceprint: [_ZN8cceprint14vconv_f162s16fEPsPN7float165Fp16TEhtttt] -> 0xffffad4c933c
cceprint: [_ZN8cceprint14vconv_f162s16fEPsPN7float165Fp16TEm] -> 0xffffad4c9534
cceprint: [_ZN8cceprint14vconv_f162s16rEPsPN7float165Fp16TEm] -> 0xffffad4c963c
cceprint: [_ZN8cceprint14vconv_f162s16rEPsPN7float165Fp16TEhtthhbb] -> 0xffffad4c9744
cceprint: [_ZN8cceprint14vconv_f162s16rEPsPN7float165Fp16TEhtttt] -> 0xffffad4c99c8
cceprint: [_ZN8cceprint14vconv_f162s16zEPsPN7float165Fp16TEhtttt] -> 0xffffad4c9bc0
cceprint: [_ZN8cceprint14vconv_f162s16zEPsPN7float165Fp16TEm] -> 0xffffad4c9db8
cceprint: [_ZN8cceprint14vconv_f162s32aEPiPN7float165Fp16TEm] -> 0xffffad4c9ec0
cceprint: [_ZN8cceprint14vconv_f162s32aEPiPN7float165Fp16TEhtthh] -> 0xffffad4c9fc8
cceprint: [_ZN8cceprint14vconv_f162s32aEPiPN7float165Fp16TEhtthhbb] -> 0xffffad4ca1d8
cceprint: [_ZN8cceprint14vconv_f162s32aEPiPN7float165Fp16TEhtttt] -> 0xffffad4ca45c
cceprint: [_ZN8cceprint14vconv_f162s32cEPiPN7float165Fp16TEm] -> 0xffffad4ca654
cceprint: [_ZN8cceprint14vconv_f162s32cEPiPN7float165Fp16TEhtthh] -> 0xffffad4ca75c
cceprint: [_ZN8cceprint14vconv_f162s32cEPiPN7float165Fp16TEhtthhbb] -> 0xffffad4ca96c
cceprint: [_ZN8cceprint14vconv_f162s32cEPiPN7float165Fp16TEhtttt] -> 0xffffad4cabf0
cceprint: [_ZN8cceprint14vconv_f162s32fEPiPN7float165Fp16TEm] -> 0xffffad4cade8
cceprint: [_ZN8cceprint14vconv_f162s32fEPiPN7float165Fp16TEhtthh] -> 0xffffad4caef0
cceprint: [_ZN8cceprint14vconv_f162s32fEPiPN7float165Fp16TEhtthhbb] -> 0xffffad4cb100
cceprint: [_ZN8cceprint14vconv_f162s32fEPiPN7float165Fp16TEhtttt] -> 0xffffad4cb384
cceprint: [_ZN8cceprint14vconv_f162s32rEPiPN7float165Fp16TEm] -> 0xffffad4cb57c
cceprint: [_ZN8cceprint14vconv_f162s32rEPiPN7float165Fp16TEhtthh] -> 0xffffad4cb684
cceprint: [_ZN8cceprint14vconv_f162s32rEPiPN7float165Fp16TEhtthhbb] -> 0xffffad4cb894
cceprint: [_ZN8cceprint14vconv_f162s32rEPiPN7float165Fp16TEhtttt] -> 0xffffad4cbb18
cceprint: [_ZN8cceprint14vconv_f162s32zEPiPN7float165Fp16TEm] -> 0xffffad4cbd10
cceprint: [_ZN8cceprint14vconv_f162s32zEPiPN7float165Fp16TEhtthh] -> 0xffffad4cbe18
cceprint: [_ZN8cceprint14vconv_f162s32zEPiPN7float165Fp16TEhtthhbb] -> 0xffffad4cc028
cceprint: [_ZN8cceprint14vconv_f162s32zEPiPN7float165Fp16TEhtttt] -> 0xffffad4cc2ac
cceprint: [_ZN8cceprint12vconv_f162s4EPvPN7float165Fp16TEm] -> 0xffffad4cc4a4
cceprint: [_ZN8cceprint12vconv_f162s4EPvPN7float165Fp16TEhtthhbb] -> 0xffffad4cc5ac
cceprint: [_ZN8cceprint12vconv_f162s4EPvPN7float165Fp16TEhtttt] -> 0xffffad4cc830
cceprint: [_ZN8cceprint13vconv_f162s4aEPvPN7float165Fp16TEhtttt] -> 0xffffad4cca28
cceprint: [_ZN8cceprint13vconv_f162s4aEPvPN7float165Fp16TEm] -> 0xffffad4ccc20
cceprint: [_ZN8cceprint13vconv_f162s4cEPvPN7float165Fp16TEhtttt] -> 0xffffad4ccd28
cceprint: [_ZN8cceprint13vconv_f162s4cEPvPN7float165Fp16TEm] -> 0xffffad4ccf20
cceprint: [_ZN8cceprint13vconv_f162s4fEPvPN7float165Fp16TEhtttt] -> 0xffffad4cd028
cceprint: [_ZN8cceprint13vconv_f162s4fEPvPN7float165Fp16TEm] -> 0xffffad4cd220
cceprint: [_ZN8cceprint13vconv_f162s4rEPvPN7float165Fp16TEhtttt] -> 0xffffad4cd328
cceprint: [_ZN8cceprint13vconv_f162s4rEPvPN7float165Fp16TEm] -> 0xffffad4cd520
cceprint: [_ZN8cceprint13vconv_f162s4zEPvPN7float165Fp16TEhtttt] -> 0xffffad4cd628
cceprint: [_ZN8cceprint13vconv_f162s4zEPvPN7float165Fp16TEm] -> 0xffffad4cd820
cceprint: [_ZN8cceprint12vconv_f162s8EPaPN7float165Fp16TEm] -> 0xffffad4cd928
cceprint: [_ZN8cceprint12vconv_f162s8EPaPN7float165Fp16TEhtthh] -> 0xffffad4cda30
cceprint: [_ZN8cceprint12vconv_f162s8EPaPN7float165Fp16TEhtthhbb] -> 0xffffad4cdc40
cceprint: [_ZN8cceprint12vconv_f162s8EPaPN7float165Fp16TEhtttt] -> 0xffffad4cdec4
cceprint: [_ZN8cceprint13vconv_f162s8aEPaPN7float165Fp16TEm] -> 0xffffad4ce0bc
cceprint: [_ZN8cceprint13vconv_f162s8aEPaPN7float165Fp16TEhtthh] -> 0xffffad4ce1c4
cceprint: [_ZN8cceprint13vconv_f162s8aEPaPN7float165Fp16TEhtthhbb] -> 0xffffad4ce3d4
cceprint: [_ZN8cceprint13vconv_f162s8aEPaPN7float165Fp16TEhtttt] -> 0xffffad4ce658
cceprint: [_ZN8cceprint13vconv_f162s8cEPaPN7float165Fp16TEm] -> 0xffffad4ce850
cceprint: [_ZN8cceprint13vconv_f162s8cEPaPN7float165Fp16TEhtthh] -> 0xffffad4ce958
cceprint: [_ZN8cceprint13vconv_f162s8cEPaPN7float165Fp16TEhtthhbb] -> 0xffffad4ceb68
cceprint: [_ZN8cceprint13vconv_f162s8cEPaPN7float165Fp16TEhtttt] -> 0xffffad4cedec
cceprint: [_ZN8cceprint13vconv_f162s8fEPaPN7float165Fp16TEm] -> 0xffffad4cefe4
cceprint: [_ZN8cceprint13vconv_f162s8fEPaPN7float165Fp16TEhtthh] -> 0xffffad4cf0ec
cceprint: [_ZN8cceprint13vconv_f162s8fEPaPN7float165Fp16TEhtthhbb] -> 0xffffad4cf2fc
cceprint: [_ZN8cceprint13vconv_f162s8fEPaPN7float165Fp16TEhtttt] -> 0xffffad4cf580
cceprint: [_ZN8cceprint13vconv_f162s8rEPaPN7float165Fp16TEhtttt] -> 0xffffad4cf778
cceprint: [_ZN8cceprint13vconv_f162s8rEPaPN7float165Fp16TEm] -> 0xffffad4cf970
cceprint: [_ZN8cceprint13vconv_f162s8zEPaPN7float165Fp16TEm] -> 0xffffad4cfa78
cceprint: [_ZN8cceprint13vconv_f162s8zEPaPN7float165Fp16TEhtthh] -> 0xffffad4cfb80
cceprint: [_ZN8cceprint13vconv_f162s8zEPaPN7float165Fp16TEhtthhbb] -> 0xffffad4cfd90
cceprint: [_ZN8cceprint13vconv_f162s8zEPaPN7float165Fp16TEhtttt] -> 0xffffad4d0014
cceprint: [_ZN8cceprint12vconv_f162u8EPhPN7float165Fp16TEm] -> 0xffffad4d020c
cceprint: [_ZN8cceprint12vconv_f162u8EPhPN7float165Fp16TEhtthh] -> 0xffffad4d0314
cceprint: [_ZN8cceprint12vconv_f162u8EPhPN7float165Fp16TEhtthhbb] -> 0xffffad4d0524
cceprint: [_ZN8cceprint12vconv_f162u8EPhPN7float165Fp16TEhtttt] -> 0xffffad4d07a8
cceprint: [_ZN8cceprint13vconv_f162u8aEPhPN7float165Fp16TEm] -> 0xffffad4d09a0
cceprint: [_ZN8cceprint13vconv_f162u8aEPhPN7float165Fp16TEhtthh] -> 0xffffad4d0aa8
cceprint: [_ZN8cceprint13vconv_f162u8aEPhPN7float165Fp16TEhtthhbb] -> 0xffffad4d0cb8
cceprint: [_ZN8cceprint13vconv_f162u8aEPhPN7float165Fp16TEhtttt] -> 0xffffad4d0f3c
cceprint: [_ZN8cceprint13vconv_f162u8cEPhPN7float165Fp16TEm] -> 0xffffad4d1134
cceprint: [_ZN8cceprint13vconv_f162u8cEPhPN7float165Fp16TEhtthh] -> 0xffffad4d123c
cceprint: [_ZN8cceprint13vconv_f162u8cEPhPN7float165Fp16TEhtthhbb] -> 0xffffad4d144c
cceprint: [_ZN8cceprint13vconv_f162u8cEPhPN7float165Fp16TEhtttt] -> 0xffffad4d16d0
cceprint: [_ZN8cceprint13vconv_f162u8fEPhPN7float165Fp16TEm] -> 0xffffad4d18c8
cceprint: [_ZN8cceprint13vconv_f162u8fEPhPN7float165Fp16TEhtthh] -> 0xffffad4d19d0
cceprint: [_ZN8cceprint13vconv_f162u8fEPhPN7float165Fp16TEhtthhbb] -> 0xffffad4d1be0
cceprint: [_ZN8cceprint13vconv_f162u8fEPhPN7float165Fp16TEhtttt] -> 0xffffad4d1e64
cceprint: [_ZN8cceprint13vconv_f162u8rEPhPN7float165Fp16TEhtttt] -> 0xffffad4d205c
cceprint: [_ZN8cceprint13vconv_f162u8rEPhPN7float165Fp16TEm] -> 0xffffad4d2254
cceprint: [_ZN8cceprint13vconv_f162u8zEPhPN7float165Fp16TEm] -> 0xffffad4d235c
cceprint: [_ZN8cceprint13vconv_f162u8zEPhPN7float165Fp16TEhtthh] -> 0xffffad4d2464
cceprint: [_ZN8cceprint13vconv_f162u8zEPhPN7float165Fp16TEhtthhbb] -> 0xffffad4d2674
cceprint: [_ZN8cceprint13vconv_f162u8zEPhPN7float165Fp16TEhtttt] -> 0xffffad4d28f8
cceprint: [_ZN8cceprint15vconv_f322bf16aEPN8bfloat165Bf16TEPfhtttt] -> 0xffffad4d2af0
cceprint: [_ZN8cceprint15vconv_f322bf16aEPN8bfloat165Bf16TEPfm] -> 0xffffad4d2ce8
cceprint: [_ZN8cceprint15vconv_f322bf16cEPN8bfloat165Bf16TEPfhtttt] -> 0xffffad4d2df0
cceprint: [_ZN8cceprint15vconv_f322bf16cEPN8bfloat165Bf16TEPfm] -> 0xffffad4d2fe8
cceprint: [_ZN8cceprint15vconv_f322bf16fEPN8bfloat165Bf16TEPfhtttt] -> 0xffffad4d30f0
cceprint: [_ZN8cceprint15vconv_f322bf16fEPN8bfloat165Bf16TEPfm] -> 0xffffad4d32e8
cceprint: [_ZN8cceprint15vconv_f322bf16rEPN8bfloat165Bf16TEPfhtttt] -> 0xffffad4d33f0
cceprint: [_ZN8cceprint15vconv_f322bf16rEPN8bfloat165Bf16TEPfm] -> 0xffffad4d35e8
cceprint: [_ZN8cceprint15vconv_f322bf16zEPN8bfloat165Bf16TEPfhtttt] -> 0xffffad4d36f0
cceprint: [_ZN8cceprint15vconv_f322bf16zEPN8bfloat165Bf16TEPfm] -> 0xffffad4d38e8
cceprint: [_ZN8cceprint13vconv_f322f16EPN7float165Fp16TEPfm] -> 0xffffad4d39f0
cceprint: [_ZN8cceprint13vconv_f322f16EPN7float165Fp16TEPfhtthh] -> 0xffffad4d3af8
cceprint: [_ZN8cceprint13vconv_f322f16EPN7float165Fp16TEPfhtthhbb] -> 0xffffad4d3d08
cceprint: [_ZN8cceprint13vconv_f322f16EPN7float165Fp16TEPfhtttt] -> 0xffffad4d3f8c
cceprint: [_ZN8cceprint14vconv_f322f16aEPN7float165Fp16TEPfhtttt] -> 0xffffad4d4184
cceprint: [_ZN8cceprint14vconv_f322f16aEPN7float165Fp16TEPfm] -> 0xffffad4d437c
cceprint: [_ZN8cceprint14vconv_f322f16cEPN7float165Fp16TEPfhtttt] -> 0xffffad4d4484
cceprint: [_ZN8cceprint14vconv_f322f16cEPN7float165Fp16TEPfm] -> 0xffffad4d467c
cceprint: [_ZN8cceprint14vconv_f322f16fEPN7float165Fp16TEPfhtttt] -> 0xffffad4d4784
cceprint: [_ZN8cceprint14vconv_f322f16fEPN7float165Fp16TEPfm] -> 0xffffad4d497c
cceprint: [_ZN8cceprint14vconv_f322f16oEPN7float165Fp16TEPfm] -> 0xffffad4d4a84
cceprint: [_ZN8cceprint14vconv_f322f16oEPN7float165Fp16TEPfhtthh] -> 0xffffad4d4b8c
cceprint: [_ZN8cceprint14vconv_f322f16oEPN7float165Fp16TEPfhtthhbb] -> 0xffffad4d4d9c
cceprint: [_ZN8cceprint14vconv_f322f16oEPN7float165Fp16TEPfhtttt] -> 0xffffad4d5020
cceprint: [_ZN8cceprint14vconv_f322f16rEPN7float165Fp16TEPfhtttt] -> 0xffffad4d5218
cceprint: [_ZN8cceprint14vconv_f322f16rEPN7float165Fp16TEPfm] -> 0xffffad4d5410
cceprint: [_ZN8cceprint14vconv_f322f16zEPN7float165Fp16TEPfhtttt] -> 0xffffad4d5518
cceprint: [_ZN8cceprint14vconv_f322f16zEPN7float165Fp16TEPfm] -> 0xffffad4d5710
cceprint: [_ZN8cceprint14vconv_f322f32aEPfS0_htttt] -> 0xffffad4d5818
cceprint: [_ZN8cceprint14vconv_f322f32aEPfS0_m] -> 0xffffad4d5a10
cceprint: [_ZN8cceprint14vconv_f322f32cEPfS0_htttt] -> 0xffffad4d5b18
cceprint: [_ZN8cceprint14vconv_f322f32cEPfS0_m] -> 0xffffad4d5d10
cceprint: [_ZN8cceprint14vconv_f322f32fEPfS0_htttt] -> 0xffffad4d5e18
cceprint: [_ZN8cceprint14vconv_f322f32fEPfS0_m] -> 0xffffad4d6010
cceprint: [_ZN8cceprint14vconv_f322f32rEPfS0_htttt] -> 0xffffad4d6118
cceprint: [_ZN8cceprint14vconv_f322f32rEPfS0_m] -> 0xffffad4d6310
cceprint: [_ZN8cceprint14vconv_f322f32zEPfS0_htttt] -> 0xffffad4d6418
cceprint: [_ZN8cceprint14vconv_f322f32zEPfS0_m] -> 0xffffad4d6610
cceprint: [_ZN8cceprint14vconv_f322s16aEPsPfhtttt] -> 0xffffad4d6718
cceprint: [_ZN8cceprint14vconv_f322s16aEPsPfm] -> 0xffffad4d6910
cceprint: [_ZN8cceprint14vconv_f322s16cEPsPfhtttt] -> 0xffffad4d6a18
cceprint: [_ZN8cceprint14vconv_f322s16cEPsPfm] -> 0xffffad4d6c10
cceprint: [_ZN8cceprint14vconv_f322s16fEPsPfhtttt] -> 0xffffad4d6d18
cceprint: [_ZN8cceprint14vconv_f322s16fEPsPfm] -> 0xffffad4d6f10
cceprint: [_ZN8cceprint14vconv_f322s16rEPsPfm] -> 0xffffad4d7018
cceprint: [_ZN8cceprint14vconv_f322s16rEPsPfhtthh] -> 0xffffad4d7120
cceprint: [_ZN8cceprint14vconv_f322s16rEPsPfhtthhbb] -> 0xffffad4d7330
cceprint: [_ZN8cceprint14vconv_f322s16rEPsPfhtttt] -> 0xffffad4d75b4
cceprint: [_ZN8cceprint14vconv_f322s16zEPsPfm] -> 0xffffad4d77ac
cceprint: [_ZN8cceprint14vconv_f322s16zEPsPfhtthh] -> 0xffffad4d78b4
cceprint: [_ZN8cceprint14vconv_f322s16zEPsPfhtthhbb] -> 0xffffad4d7ac4
cceprint: [_ZN8cceprint14vconv_f322s16zEPsPfhtttt] -> 0xffffad4d7d48
cceprint: [_ZN8cceprint14vconv_f322s32aEPiPfm] -> 0xffffad4d7f40
cceprint: [_ZN8cceprint14vconv_f322s32aEPiPfhtthh] -> 0xffffad4d8048
cceprint: [_ZN8cceprint14vconv_f322s32aEPiPfhtthhbb] -> 0xffffad4d8258
cceprint: [_ZN8cceprint14vconv_f322s32aEPiPfhtttt] -> 0xffffad4d84dc
cceprint: [_ZN8cceprint14vconv_f322s32cEPiPfm] -> 0xffffad4d86d4
cceprint: [_ZN8cceprint14vconv_f322s32cEPiPfhtthh] -> 0xffffad4d87dc
cceprint: [_ZN8cceprint14vconv_f322s32cEPiPfhtthhbb] -> 0xffffad4d89ec
cceprint: [_ZN8cceprint14vconv_f322s32cEPiPfhtttt] -> 0xffffad4d8c70
cceprint: [_ZN8cceprint14vconv_f322s32fEPiPfm] -> 0xffffad4d8e68
cceprint: [_ZN8cceprint14vconv_f322s32fEPiPfhtthh] -> 0xffffad4d8f70
cceprint: [_ZN8cceprint14vconv_f322s32fEPiPfhtthhbb] -> 0xffffad4d9180
cceprint: [_ZN8cceprint14vconv_f322s32fEPiPfhtttt] -> 0xffffad4d9404
cceprint: [_ZN8cceprint14vconv_f322s32rEPiPfm] -> 0xffffad4d95fc
cceprint: [_ZN8cceprint14vconv_f322s32rEPiPfhtthh] -> 0xffffad4d9704
cceprint: [_ZN8cceprint14vconv_f322s32rEPiPfhtthhbb] -> 0xffffad4d9914
cceprint: [_ZN8cceprint14vconv_f322s32rEPiPfhtttt] -> 0xffffad4d9b98
cceprint: [_ZN8cceprint14vconv_f322s32zEPiPfm] -> 0xffffad4d9d90
cceprint: [_ZN8cceprint14vconv_f322s32zEPiPfhtthh] -> 0xffffad4d9e98
cceprint: [_ZN8cceprint14vconv_f322s32zEPiPfhtthhbb] -> 0xffffad4da0a8
cceprint: [_ZN8cceprint14vconv_f322s32zEPiPfhtttt] -> 0xffffad4da32c
cceprint: [_ZN8cceprint14vconv_f322s64aEPlPfhtttt] -> 0xffffad4da524
cceprint: [_ZN8cceprint14vconv_f322s64aEPlPfm] -> 0xffffad4da71c
cceprint: [_ZN8cceprint14vconv_f322s64cEPlPfhtttt] -> 0xffffad4da824
cceprint: [_ZN8cceprint14vconv_f322s64cEPlPfm] -> 0xffffad4daa1c
cceprint: [_ZN8cceprint14vconv_f322s64fEPlPfhtttt] -> 0xffffad4dab24
cceprint: [_ZN8cceprint14vconv_f322s64fEPlPfm] -> 0xffffad4dad1c
cceprint: [_ZN8cceprint14vconv_f322s64rEPlPfhtttt] -> 0xffffad4dae24
cceprint: [_ZN8cceprint14vconv_f322s64rEPlPfm] -> 0xffffad4db01c
cceprint: [_ZN8cceprint14vconv_f322s64zEPlPfhtttt] -> 0xffffad4db124
cceprint: [_ZN8cceprint14vconv_f322s64zEPlPfm] -> 0xffffad4db31c
cceprint: [_ZN8cceprint13vconv_s162f16EPN7float165Fp16TEPsm] -> 0xffffad4db424
cceprint: [_ZN8cceprint13vconv_s162f16EPN7float165Fp16TEPshtthhbb] -> 0xffffad4db52c
cceprint: [_ZN8cceprint13vconv_s162f16EPN7float165Fp16TEPshtttt] -> 0xffffad4db7b0
cceprint: [_ZN8cceprint14vconv_s162f16aEPN7float165Fp16TEPshtttt] -> 0xffffad4db9a8
cceprint: [_ZN8cceprint14vconv_s162f16aEPN7float165Fp16TEPsm] -> 0xffffad4dbba0
cceprint: [_ZN8cceprint14vconv_s162f16cEPN7float165Fp16TEPshtttt] -> 0xffffad4dbca8
cceprint: [_ZN8cceprint14vconv_s162f16cEPN7float165Fp16TEPsm] -> 0xffffad4dbea0
cceprint: [_ZN8cceprint14vconv_s162f16fEPN7float165Fp16TEPshtttt] -> 0xffffad4dbfa8
cceprint: [_ZN8cceprint14vconv_s162f16fEPN7float165Fp16TEPsm] -> 0xffffad4dc1a0
cceprint: [_ZN8cceprint14vconv_s162f16rEPN7float165Fp16TEPshtttt] -> 0xffffad4dc2a8
cceprint: [_ZN8cceprint14vconv_s162f16rEPN7float165Fp16TEPsm] -> 0xffffad4dc4a0
cceprint: [_ZN8cceprint14vconv_s162f16zEPN7float165Fp16TEPshtttt] -> 0xffffad4dc5a8
cceprint: [_ZN8cceprint14vconv_s162f16zEPN7float165Fp16TEPsm] -> 0xffffad4dc7a0
cceprint: [_ZN8cceprint13vconv_s162f32EPfPsm] -> 0xffffad4dc8a8
cceprint: [_ZN8cceprint13vconv_s162f32EPfPshtthhbb] -> 0xffffad4dc9b0
cceprint: [_ZN8cceprint13vconv_s162f32EPfPshtttt] -> 0xffffad4dcc34
cceprint: [_ZN8cceprint13vconv_s322f32EPfPim] -> 0xffffad4dce2c
cceprint: [_ZN8cceprint13vconv_s322f32EPfPihtthh] -> 0xffffad4dcf34
cceprint: [_ZN8cceprint13vconv_s322f32EPfPihtthhbb] -> 0xffffad4dd144
cceprint: [_ZN8cceprint13vconv_s322f32EPfPihtttt] -> 0xffffad4dd3c8
cceprint: [_ZN8cceprint14vconv_s322f32aEPfPihtttt] -> 0xffffad4dd5c0
cceprint: [_ZN8cceprint14vconv_s322f32aEPfPim] -> 0xffffad4dd7b8
cceprint: [_ZN8cceprint14vconv_s322f32cEPfPihtttt] -> 0xffffad4dd8c0
cceprint: [_ZN8cceprint14vconv_s322f32cEPfPim] -> 0xffffad4ddab8
cceprint: [_ZN8cceprint14vconv_s322f32fEPfPihtttt] -> 0xffffad4ddbc0
cceprint: [_ZN8cceprint14vconv_s322f32fEPfPim] -> 0xffffad4dddb8
cceprint: [_ZN8cceprint14vconv_s322f32rEPfPihtttt] -> 0xffffad4ddec0
cceprint: [_ZN8cceprint14vconv_s322f32rEPfPim] -> 0xffffad4de0b8
cceprint: [_ZN8cceprint14vconv_s322f32zEPfPihtttt] -> 0xffffad4de1c0
cceprint: [_ZN8cceprint14vconv_s322f32zEPfPim] -> 0xffffad4de3b8
cceprint: [_ZN8cceprint13vconv_s322s16EPsPihtttt] -> 0xffffad4de4c0
cceprint: [_ZN8cceprint13vconv_s322s16EPsPim] -> 0xffffad4de6b8
cceprint: [_ZN8cceprint13vconv_s322s64EPlPihtttt] -> 0xffffad4de7c0
cceprint: [_ZN8cceprint13vconv_s322s64EPlPim] -> 0xffffad4de9b8
cceprint: [_ZN8cceprint12vconv_s42f16EPN7float165Fp16TEPvhtthh] -> 0xffffad4deac0
cceprint: [_ZN8cceprint12vconv_s42f16EPN7float165Fp16TEPvm] -> 0xffffad4decd0
cceprint: [_ZN8cceprint14vconv_s642f32aEPfPlhtttt] -> 0xffffad4dedd8
cceprint: [_ZN8cceprint14vconv_s642f32aEPfPlm] -> 0xffffad4defd0
cceprint: [_ZN8cceprint14vconv_s642f32cEPfPlhtttt] -> 0xffffad4df0d8
cceprint: [_ZN8cceprint14vconv_s642f32cEPfPlm] -> 0xffffad4df2d0
cceprint: [_ZN8cceprint14vconv_s642f32fEPfPlhtttt] -> 0xffffad4df3d8
cceprint: [_ZN8cceprint14vconv_s642f32fEPfPlm] -> 0xffffad4df5d0
cceprint: [_ZN8cceprint14vconv_s642f32rEPfPlhtttt] -> 0xffffad4df6d8
cceprint: [_ZN8cceprint14vconv_s642f32rEPfPlm] -> 0xffffad4df8d0
cceprint: [_ZN8cceprint14vconv_s642f32zEPfPlhtttt] -> 0xffffad4df9d8
cceprint: [_ZN8cceprint14vconv_s642f32zEPfPlm] -> 0xffffad4dfbd0
cceprint: [_ZN8cceprint13vconv_s642s32EPiPlhtttt] -> 0xffffad4dfcd8
cceprint: [_ZN8cceprint13vconv_s642s32EPiPlm] -> 0xffffad4dfed0
cceprint: [_ZN8cceprint12vconv_s82f16EPN7float165Fp16TEPam] -> 0xffffad4dffd8
cceprint: [_ZN8cceprint12vconv_s82f16EPN7float165Fp16TEPahtthh] -> 0xffffad4e00e0
cceprint: [_ZN8cceprint12vconv_s82f16EPN7float165Fp16TEPahtthhbb] -> 0xffffad4e02f0
cceprint: [_ZN8cceprint12vconv_s82f16EPN7float165Fp16TEPahtttt] -> 0xffffad4e0574
cceprint: [_ZN8cceprint12vconv_u82f16EPN7float165Fp16TEPhm] -> 0xffffad4e076c
cceprint: [_ZN8cceprint12vconv_u82f16EPN7float165Fp16TEPhhtthh] -> 0xffffad4e0874
cceprint: [_ZN8cceprint12vconv_u82f16EPN7float165Fp16TEPhhtthhbb] -> 0xffffad4e0a84
cceprint: [_ZN8cceprint12vconv_u82f16EPN7float165Fp16TEPhhtttt] -> 0xffffad4e0d08
cceprint: [_ZN8cceprint16vconv_vdeqs162b8EPaPsmb] -> 0xffffad4e0f00
cceprint: [_ZN8cceprint16vconv_vdeqs162b8EPaPshtthhbbb] -> 0xffffad4e1044
cceprint: [_ZN8cceprint16vconv_vdeqs162b8EPhPsmb] -> 0xffffad4e1300
cceprint: [_ZN8cceprint16vconv_vdeqs162b8EPhPshtthhbbb] -> 0xffffad4e1444
cceprint: [_ZN8cceprint17vconv_vdeqs162b8hEPaPshtthh] -> 0xffffad4e1700
cceprint: [_ZN8cceprint17vconv_vdeqs162b8hEPaPsm] -> 0xffffad4e1910
cceprint: [_ZN8cceprint17vconv_vdeqs162b8hEPhPshtthh] -> 0xffffad4e1a18
cceprint: [_ZN8cceprint17vconv_vdeqs162b8hEPhPsm] -> 0xffffad4e1c28
cceprint: [_ZN8cceprint17vconv_vdeqs162b8lEPaPshtthh] -> 0xffffad4e1d30
cceprint: [_ZN8cceprint17vconv_vdeqs162b8lEPaPsm] -> 0xffffad4e1f40
cceprint: [_ZN8cceprint17vconv_vdeqs162b8lEPhPshtthh] -> 0xffffad4e2048
cceprint: [_ZN8cceprint17vconv_vdeqs162b8lEPhPsm] -> 0xffffad4e2258
cceprint: [_ZN8cceprint4vcvtERA128_N7float165Fp16TEPhh7Literal] -> 0xffffad4e2360
cceprint: [_ZN8cceprint4vcvtERA128_N7float165Fp16TEPah7Literal] -> 0xffffad4e24b0
cceprint: [_ZN8cceprint4vcvtERA64_fPN7float165Fp16TEh7Literal] -> 0xffffad4e2600
cceprint: [_ZN8cceprint4vcvtERA64_iPN7float165Fp16TEh7LiteralS5_] -> 0xffffad4e2750
cceprint: [_ZN8cceprint4vcvtERA64_fPN8bfloat165Bf16TEh7Literal] -> 0xffffad4e28e8
cceprint: [_ZN8cceprint4vcvtERA64_iPN8bfloat165Bf16TEh7LiteralS5_S5_] -> 0xffffad4e2a38
cceprint: [_ZN8cceprint4vcvtERA64_fPsh7Literal] -> 0xffffad4e2c18
cceprint: [_ZN8cceprint4vcvtERA32_lPfh7LiteralS3_S3_] -> 0xffffad4e2d68
cceprint: [_ZN8cceprint4vcvtERA32_lPih7Literal] -> 0xffffad4e2f48
cceprint: [_ZN8cceprint4vcvtERA256_hPN7float165Fp16TEh7LiteralS5_S5_] -> 0xffffad4e3098
cceprint: [_ZN8cceprint4vcvtERA256_aPN7float165Fp16TEh7LiteralS5_S5_] -> 0xffffad4e3278
cceprint: [_ZN8cceprint4vcvtERA128_N7float165Fp16TEPfh7LiteralS5_S5_] -> 0xffffad4e3458
cceprint: [_ZN8cceprint4vcvtERA128_N8bfloat165Bf16TEPfh7LiteralS5_S5_] -> 0xffffad4e3638
cceprint: [_ZN8cceprint4vcvtERA128_sPfh7LiteralS3_S3_] -> 0xffffad4e3818
cceprint: [_ZN8cceprint4vcvtERA128_sPih7LiteralS3_] -> 0xffffad4e39f8
cceprint: [_ZN8cceprint4vcvtERA64_iPlh7LiteralS3_] -> 0xffffad4e3b90
cceprint: [_ZN8cceprint4vcvtERA64_fPlh7LiteralS3_] -> 0xffffad4e3d28
cceprint: [_ZN8cceprint4vcvtERA128_sPN7float165Fp16TEh7LiteralS5_] -> 0xffffad4e3ec0
cceprint: [_ZN8cceprint4vcvtERA128_N7float165Fp16TEPsh7Literal] -> 0xffffad4e4058
cceprint: [_ZN8cceprint4vcvtERA64_iPfh7LiteralS3_] -> 0xffffad4e41a8
cceprint: [_ZN8cceprint4vcvtERA64_fPih7Literal] -> 0xffffad4e4340
cceprint: [_ZN8cceprint4vtrcERA64_fPf7Literalh] -> 0xffffad4e4490
cceprint: [_ZN8cceprint5vcopyEPsS0_m] -> 0xffffad4e45e0
cceprint: [_ZN8cceprint5vcopyEPsS0_htttt] -> 0xffffad4e46e8
cceprint: [_ZN8cceprint5vcopyEPiS0_m] -> 0xffffad4e48e0
cceprint: [_ZN8cceprint5vcopyEPiS0_htttt] -> 0xffffad4e49e8
cceprint: [_ZN8cceprint5vcopyEPtS0_m] -> 0xffffad4e4be0
cceprint: [_ZN8cceprint5vcopyEPtS0_htttt] -> 0xffffad4e4ce8
cceprint: [_ZN8cceprint5vcopyEPjS0_m] -> 0xffffad4e4ee0
cceprint: [_ZN8cceprint5vcopyEPjS0_htttt] -> 0xffffad4e4fe8
cceprint: [_ZN8cceprint6vcpaddEPN7float165Fp16TES2_m] -> 0xffffad4e51e0
cceprint: [_ZN8cceprint6vcpaddEPN7float165Fp16TES2_httt] -> 0xffffad4e52e8
cceprint: [_ZN8cceprint6vcpaddEPN7float165Fp16TES2_htttbb] -> 0xffffad4e54a4
cceprint: [_ZN8cceprint6vcpaddEPfS0_m] -> 0xffffad4e56d8
cceprint: [_ZN8cceprint6vcpaddEPfS0_httt] -> 0xffffad4e57e0
cceprint: [_ZN8cceprint6vcpaddEPfS0_htttbb] -> 0xffffad4e599c
cceprint: [_ZN8cceprint4vdivEPN7float165Fp16TES2_S2_m] -> 0xffffad4e5bd0
cceprint: [_ZN8cceprint4vdivEPN7float165Fp16TES2_S2_hhhhhhh] -> 0xffffad4e5d14
cceprint: [_ZN8cceprint4vdivEPN7float165Fp16TES2_S2_hhhhhhhbb] -> 0xffffad4e6000
cceprint: [_ZN8cceprint4vdivEPfS0_S0_m] -> 0xffffad4e635c
cceprint: [_ZN8cceprint4vdivEPfS0_S0_hhhhhhh] -> 0xffffad4e64a0
cceprint: [_ZN8cceprint4vdivEPfS0_S0_hhhhhhhbb] -> 0xffffad4e678c
cceprint: [_ZN8cceprint3vdpEPsS0_S0_m] -> 0xffffad4e6ae8
cceprint: [_ZN8cceprint3vdpEPsS0_S0_thttbbb] -> 0xffffad4e6c2c
cceprint: [_ZN8cceprint10vector_dupEPN7float165Fp16TES1_m] -> 0xffffad4e6ed0
cceprint: [_ZN8cceprint10vector_dupEPN7float165Fp16TES1_htthh] -> 0xffffad4e6fec
cceprint: [_ZN8cceprint10vector_dupEPN7float165Fp16TES1_htthhbb] -> 0xffffad4e7210
cceprint: [_ZN8cceprint10vector_dupEPN7float165Fp16TES1_htttt] -> 0xffffad4e74a8
cceprint: [_ZN8cceprint10vector_dupEPffm] -> 0xffffad4e76b4
cceprint: [_ZN8cceprint10vector_dupEPffhtthh] -> 0xffffad4e77bc
cceprint: [_ZN8cceprint10vector_dupEPffhtthhbb] -> 0xffffad4e79cc
cceprint: [_ZN8cceprint10vector_dupEPffhtttt] -> 0xffffad4e7c54
cceprint: [_ZN8cceprint10vector_dupEPssm] -> 0xffffad4e7e4c
cceprint: [_ZN8cceprint10vector_dupEPsshtthh] -> 0xffffad4e7f54
cceprint: [_ZN8cceprint10vector_dupEPsshtthhbb] -> 0xffffad4e8164
cceprint: [_ZN8cceprint10vector_dupEPsshtttt] -> 0xffffad4e83e8
cceprint: [_ZN8cceprint10vector_dupEPiim] -> 0xffffad4e85e0
cceprint: [_ZN8cceprint10vector_dupEPiihtthh] -> 0xffffad4e86e8
cceprint: [_ZN8cceprint10vector_dupEPiihtthhbb] -> 0xffffad4e88f8
cceprint: [_ZN8cceprint10vector_dupEPiihtttt] -> 0xffffad4e8b7c
cceprint: [_ZN8cceprint10vector_dupEPttm] -> 0xffffad4e8d74
cceprint: [_ZN8cceprint10vector_dupEPtthtthh] -> 0xffffad4e8e7c
cceprint: [_ZN8cceprint10vector_dupEPtthtthhbb] -> 0xffffad4e908c
cceprint: [_ZN8cceprint10vector_dupEPtthtttt] -> 0xffffad4e9310
cceprint: [_ZN8cceprint10vector_dupEPjjm] -> 0xffffad4e9508
cceprint: [_ZN8cceprint10vector_dupEPjjhtthh] -> 0xffffad4e9610
cceprint: [_ZN8cceprint10vector_dupEPjjhtthhbb] -> 0xffffad4e9820
cceprint: [_ZN8cceprint10vector_dupEPjjhtttt] -> 0xffffad4e9aa4
cceprint: [_ZN8cceprint10vector_dupEPN8bfloat165Bf16TES1_m] -> 0xffffad4e9c9c
cceprint: [_ZN8cceprint10vector_dupEPN8bfloat165Bf16TES1_htthh] -> 0xffffad4e9db8
cceprint: [_ZN8cceprint4vexpEPN7float165Fp16TES2_m] -> 0xffffad4e9fdc
cceprint: [_ZN8cceprint4vexpEPN7float165Fp16TES2_htthh] -> 0xffffad4ea0e4
cceprint: [_ZN8cceprint4vexpEPN7float165Fp16TES2_htthhbb] -> 0xffffad4ea2f4
cceprint: [_ZN8cceprint4vexpEPN7float165Fp16TES2_htttt] -> 0xffffad4ea578
cceprint: [_ZN8cceprint4vexpEPfS0_m] -> 0xffffad4ea770
cceprint: [_ZN8cceprint4vexpEPfS0_htthh] -> 0xffffad4ea878
cceprint: [_ZN8cceprint4vexpEPfS0_htthhbb] -> 0xffffad4eaa88
cceprint: [_ZN8cceprint4vexpEPfS0_htttt] -> 0xffffad4ead0c
cceprint: [_ZN8cceprint8vextractEPN7float165Fp16TES2_m] -> 0xffffad4eaf04
cceprint: [_ZN8cceprint8vextractEPN7float165Fp16TES2_hh] -> 0xffffad4eb00c
cceprint: [_ZN8cceprint8vextractEPN7float165Fp16TES2_htthh] -> 0xffffad4eb15c
cceprint: [_ZN8cceprint8vextractEPN7float165Fp16TES2_htthhbb] -> 0xffffad4eb36c
cceprint: [_ZN8cceprint8vextractEPfS0_m] -> 0xffffad4eb5f0
cceprint: [_ZN8cceprint8vextractEPfS0_hh] -> 0xffffad4eb6f8
cceprint: [_ZN8cceprint8vextractEPfS0_htthh] -> 0xffffad4eb848
cceprint: [_ZN8cceprint8vextractEPfS0_htthhbb] -> 0xffffad4eba58
cceprint: [_ZN8cceprint7vgatherEPtPjm] -> 0xffffad4ebcdc
cceprint: [_ZN8cceprint7vgatherEPtPjjb] -> 0xffffad4ebde4
cceprint: [_ZN8cceprint7vgatherEPtPjjth] -> 0xffffad4ebf1c
cceprint: [_ZN8cceprint7vgatherEPjS0_m] -> 0xffffad4ec09c
cceprint: [_ZN8cceprint7vgatherEPjS0_jb] -> 0xffffad4ec1a4
cceprint: [_ZN8cceprint7vgatherEPjS0_jth] -> 0xffffad4ec2dc
cceprint: [_ZN8cceprint8vgatherbEPtPjm] -> 0xffffad4ec45c
cceprint: [_ZN8cceprint8vgatherbEPtPjjthh] -> 0xffffad4ec564
cceprint: [_ZN8cceprint8vgatherbEPjS0_m] -> 0xffffad4ec72c
cceprint: [_ZN8cceprint8vgatherbEPjS0_jthh] -> 0xffffad4ec834
cceprint: [_ZN8cceprint4viouEPN7float165Fp16TES2_S2_m] -> 0xffffad4ec9fc
cceprint: [_ZN8cceprint4viouEPN7float165Fp16TES2_S2_hhhhhhh] -> 0xffffad4ecb40
cceprint: [_ZN8cceprint4viouEPN7float165Fp16TES2_S2_hhhhhhhbb] -> 0xffffad4ece2c
cceprint: [_ZN8cceprint4viouEPfS0_S0_m] -> 0xffffad4ed188
cceprint: [_ZN8cceprint4viouEPfS0_S0_hhhhhhh] -> 0xffffad4ed2cc
cceprint: [_ZN8cceprint4viouEPfS0_S0_hhhhhhhbb] -> 0xffffad4ed5b8
cceprint: [_ZN8cceprint10vld_va_regE10ub_addr8_tPm7vpart_t] -> 0xffffad4ed914
cceprint: [_ZN8cceprint3vlnEPN7float165Fp16TES2_m] -> 0xffffad4eda28
cceprint: [_ZN8cceprint3vlnEPN7float165Fp16TES2_htthh] -> 0xffffad4edb30
cceprint: [_ZN8cceprint3vlnEPN7float165Fp16TES2_htthhbb] -> 0xffffad4edd40
cceprint: [_ZN8cceprint3vlnEPN7float165Fp16TES2_htttt] -> 0xffffad4edfc4
cceprint: [_ZN8cceprint3vlnEPfS0_m] -> 0xffffad4ee1bc
cceprint: [_ZN8cceprint3vlnEPfS0_htthh] -> 0xffffad4ee2c4
cceprint: [_ZN8cceprint3vlnEPfS0_htthhbb] -> 0xffffad4ee4d4
cceprint: [_ZN8cceprint3vlnEPfS0_htttt] -> 0xffffad4ee758
cceprint: [_ZN8cceprint6vlreluEPN7float165Fp16TES2_S1_m] -> 0xffffad4ee950
cceprint: [_ZN8cceprint6vlreluEPN7float165Fp16TES2_S1_htthhbb] -> 0xffffad4eeaa8
cceprint: [_ZN8cceprint6vlreluEPN7float165Fp16TES2_S1_htttt] -> 0xffffad4eed78
cceprint: [_ZN8cceprint6vlreluEPfS0_fm] -> 0xffffad4eefc0
cceprint: [_ZN8cceprint6vlreluEPfS0_fhtthhbb] -> 0xffffad4ef104
cceprint: [_ZN8cceprint6vlreluEPfS0_fhtttt] -> 0xffffad4ef3c4
cceprint: [_ZN8cceprint5vmaddEPN7float165Fp16TES2_S2_m] -> 0xffffad4ef5f8
cceprint: [_ZN8cceprint5vmaddEPN7float165Fp16TES2_S2_hhhhhhh] -> 0xffffad4ef73c
cceprint: [_ZN8cceprint5vmaddEPN7float165Fp16TES2_S2_hhhhhhhbb] -> 0xffffad4efa28
cceprint: [_ZN8cceprint5vmaddEPfS0_S0_m] -> 0xffffad4efd84
cceprint: [_ZN8cceprint5vmaddEPfS0_S0_hhhhhhh] -> 0xffffad4efec8
cceprint: [_ZN8cceprint5vmaddEPfS0_S0_hhhhhhhbb] -> 0xffffad4f01b4
cceprint: [_ZN8cceprint9vmaddreluEPN7float165Fp16TES2_S2_m] -> 0xffffad4f0510
cceprint: [_ZN8cceprint9vmaddreluEPN7float165Fp16TES2_S2_hhhhhhh] -> 0xffffad4f0654
cceprint: [_ZN8cceprint9vmaddreluEPN7float165Fp16TES2_S2_hhhhhhhbb] -> 0xffffad4f0940
cceprint: [_ZN8cceprint9vmaddreluEPfS0_S0_m] -> 0xffffad4f0c9c
cceprint: [_ZN8cceprint9vmaddreluEPfS0_S0_hhhhhhh] -> 0xffffad4f0de0
cceprint: [_ZN8cceprint9vmaddreluEPfS0_S0_hhhhhhhbb] -> 0xffffad4f10cc
cceprint: [_ZN8cceprint4vmaxEPN7float165Fp16TES2_S2_m] -> 0xffffad4f1428
cceprint: [_ZN8cceprint4vmaxEPN7float165Fp16TES2_S2_hhhhhhh] -> 0xffffad4f156c
cceprint: [_ZN8cceprint4vmaxEPN7float165Fp16TES2_S2_hhhhhhhbb] -> 0xffffad4f1858
cceprint: [_ZN8cceprint4vmaxEPfS0_S0_m] -> 0xffffad4f1bb4
cceprint: [_ZN8cceprint4vmaxEPfS0_S0_hhhhhhh] -> 0xffffad4f1cf8
cceprint: [_ZN8cceprint4vmaxEPfS0_S0_hhhhhhhbb] -> 0xffffad4f1fe4
cceprint: [_ZN8cceprint4vmaxEPsS0_S0_m] -> 0xffffad4f2340
cceprint: [_ZN8cceprint4vmaxEPsS0_S0_hhhhhhh] -> 0xffffad4f2484
cceprint: [_ZN8cceprint4vmaxEPsS0_S0_hhhhhhhbb] -> 0xffffad4f2770
cceprint: [_ZN8cceprint4vmaxEPiS0_S0_m] -> 0xffffad4f2acc
cceprint: [_ZN8cceprint4vmaxEPiS0_S0_hhhhhhh] -> 0xffffad4f2c10
cceprint: [_ZN8cceprint4vmaxEPiS0_S0_hhhhhhhbb] -> 0xffffad4f2efc
cceprint: [_ZN8cceprint5vmaxsEPN7float165Fp16TES2_S1_m] -> 0xffffad4f3258
cceprint: [_ZN8cceprint5vmaxsEPN7float165Fp16TES2_S1_htthhbb] -> 0xffffad4f33b0
cceprint: [_ZN8cceprint5vmaxsEPN7float165Fp16TES2_S1_htttt] -> 0xffffad4f3680
cceprint: [_ZN8cceprint5vmaxsEPfS0_fm] -> 0xffffad4f38c8
cceprint: [_ZN8cceprint5vmaxsEPfS0_fhtthhbb] -> 0xffffad4f3a0c
cceprint: [_ZN8cceprint5vmaxsEPfS0_fhtttt] -> 0xffffad4f3ccc
cceprint: [_ZN8cceprint5vmaxsEPsS0_sm] -> 0xffffad4f3f00
cceprint: [_ZN8cceprint5vmaxsEPsS0_shtthhbb] -> 0xffffad4f4044
cceprint: [_ZN8cceprint5vmaxsEPsS0_shtttt] -> 0xffffad4f4300
cceprint: [_ZN8cceprint5vmaxsEPiS0_im] -> 0xffffad4f4534
cceprint: [_ZN8cceprint5vmaxsEPiS0_ihtthhbb] -> 0xffffad4f4678
cceprint: [_ZN8cceprint5vmaxsEPiS0_ihtttt] -> 0xffffad4f4934
cceprint: [_ZN8cceprint8vmergechEPhS0_m] -> 0xffffad4f4b68
cceprint: [_ZN8cceprint8vmergechEPhS0_htthh] -> 0xffffad4f4c70
cceprint: [_ZN8cceprint8vmergechEPhS0_htthhbb] -> 0xffffad4f4e80
cceprint: [_ZN8cceprint8vmergechEPN7float165Fp16TES2_m] -> 0xffffad4f5104
cceprint: [_ZN8cceprint8vmergechEPN7float165Fp16TES2_htthh] -> 0xffffad4f520c
cceprint: [_ZN8cceprint8vmergechEPN7float165Fp16TES2_htthhbb] -> 0xffffad4f541c
cceprint: [_ZN8cceprint4vminEPN7float165Fp16TES2_S2_m] -> 0xffffad4f56a0
cceprint: [_ZN8cceprint4vminEPN7float165Fp16TES2_S2_hhhhhhh] -> 0xffffad4f57e4
cceprint: [_ZN8cceprint4vminEPN7float165Fp16TES2_S2_hhhhhhhbb] -> 0xffffad4f5ad0
cceprint: [_ZN8cceprint4vminEPfS0_S0_m] -> 0xffffad4f5e2c
cceprint: [_ZN8cceprint4vminEPfS0_S0_hhhhhhh] -> 0xffffad4f5f70
cceprint: [_ZN8cceprint4vminEPfS0_S0_hhhhhhhbb] -> 0xffffad4f625c
cceprint: [_ZN8cceprint4vminEPsS0_S0_m] -> 0xffffad4f65b8
cceprint: [_ZN8cceprint4vminEPsS0_S0_hhhhhhh] -> 0xffffad4f66fc
cceprint: [_ZN8cceprint4vminEPsS0_S0_hhhhhhhbb] -> 0xffffad4f69e8
cceprint: [_ZN8cceprint4vminEPiS0_S0_m] -> 0xffffad4f6d44
cceprint: [_ZN8cceprint4vminEPiS0_S0_hhhhhhh] -> 0xffffad4f6e88
cceprint: [_ZN8cceprint4vminEPiS0_S0_hhhhhhhbb] -> 0xffffad4f7174
cceprint: [_ZN8cceprint5vminsEPN7float165Fp16TES2_S1_m] -> 0xffffad4f74d0
cceprint: [_ZN8cceprint5vminsEPN7float165Fp16TES2_S1_htthhbb] -> 0xffffad4f7628
cceprint: [_ZN8cceprint5vminsEPN7float165Fp16TES2_S1_htttt] -> 0xffffad4f78f8
cceprint: [_ZN8cceprint5vminsEPfS0_fm] -> 0xffffad4f7b40
cceprint: [_ZN8cceprint5vminsEPfS0_fhtthhbb] -> 0xffffad4f7c84
cceprint: [_ZN8cceprint5vminsEPfS0_fhtttt] -> 0xffffad4f7f44
cceprint: [_ZN8cceprint5vminsEPsS0_sm] -> 0xffffad4f8178
cceprint: [_ZN8cceprint5vminsEPsS0_shtthhbb] -> 0xffffad4f82bc
cceprint: [_ZN8cceprint5vminsEPsS0_shtttt] -> 0xffffad4f8578
cceprint: [_ZN8cceprint5vminsEPiS0_im] -> 0xffffad4f87ac
cceprint: [_ZN8cceprint5vminsEPiS0_ihtthhbb] -> 0xffffad4f88f0
cceprint: [_ZN8cceprint5vminsEPiS0_ihtttt] -> 0xffffad4f8bac
cceprint: [_ZN8cceprint4vmlaEPN7float165Fp16TES2_S2_m] -> 0xffffad4f8de0
cceprint: [_ZN8cceprint4vmlaEPN7float165Fp16TES2_S2_hhhhhhh] -> 0xffffad4f8f24
cceprint: [_ZN8cceprint4vmlaEPN7float165Fp16TES2_S2_hhhhhhhbb] -> 0xffffad4f9210
cceprint: [_ZN8cceprint4vmlaEPfS0_S0_m] -> 0xffffad4f956c
cceprint: [_ZN8cceprint4vmlaEPfS0_S0_hhhhhhh] -> 0xffffad4f96b0
cceprint: [_ZN8cceprint4vmlaEPfS0_S0_hhhhhhhbb] -> 0xffffad4f999c
cceprint: [_ZN8cceprint4vmlaEPfPN7float165Fp16TES3_m] -> 0xffffad4f9cf8
cceprint: [_ZN8cceprint4vmlaEPfPN7float165Fp16TES3_hhhhhhh] -> 0xffffad4f9e3c
cceprint: [_ZN8cceprint4vmlaEPfPN7float165Fp16TES3_hhhhhhhbb] -> 0xffffad4fa128
cceprint: [_ZN8cceprint9vmrgsort4EPN7float165Fp16TEPS2_m] -> 0xffffad4fa484
cceprint: [_ZN8cceprint9vmrgsort4EPfPS0_m] -> 0xffffad4fa58c
cceprint: [_ZN8cceprint9vmrgsort4EPN7float165Fp16TEPS2_mm] -> 0xffffad4fa694
cceprint: [_ZN8cceprint9vmrgsort4EPfPS0_mm] -> 0xffffad4fa7e4
cceprint: [_ZN8cceprint4vmulEPN7float165Fp16TES2_S2_m] -> 0xffffad4fa934
cceprint: [_ZN8cceprint4vmulEPN7float165Fp16TES2_S2_hhhhhhh] -> 0xffffad4faa78
cceprint: [_ZN8cceprint4vmulEPN7float165Fp16TES2_S2_hhhhhhhbb] -> 0xffffad4fad64
cceprint: [_ZN8cceprint4vmulEPfS0_S0_m] -> 0xffffad4fb0c0
cceprint: [_ZN8cceprint4vmulEPfS0_S0_hhhhhhh] -> 0xffffad4fb204
cceprint: [_ZN8cceprint4vmulEPfS0_S0_hhhhhhhbb] -> 0xffffad4fb4f0
cceprint: [_ZN8cceprint4vmulEPsS0_S0_m] -> 0xffffad4fb84c
cceprint: [_ZN8cceprint4vmulEPsS0_S0_hhhhhhh] -> 0xffffad4fb990
cceprint: [_ZN8cceprint4vmulEPsS0_S0_hhhhhhhbb] -> 0xffffad4fbc7c
cceprint: [_ZN8cceprint4vmulEPiS0_S0_m] -> 0xffffad4fbfd8
cceprint: [_ZN8cceprint4vmulEPiS0_S0_hhhhhhh] -> 0xffffad4fc11c
cceprint: [_ZN8cceprint4vmulEPiS0_S0_hhhhhhhbb] -> 0xffffad4fc408
cceprint: [_ZN8cceprint15vmulconv_f162s8EPaPN7float165Fp16TES3_m] -> 0xffffad4fc764
cceprint: [_ZN8cceprint15vmulconv_f162s8EPaPN7float165Fp16TES3_hhhhhhh] -> 0xffffad4fc8a8
cceprint: [_ZN8cceprint15vmulconv_f162s8EPaPN7float165Fp16TES3_hhhhhhhbb] -> 0xffffad4fcb94
cceprint: [_ZN8cceprint15vmulconv_f162u8EPhPN7float165Fp16TES3_m] -> 0xffffad4fcef0
cceprint: [_ZN8cceprint15vmulconv_f162u8EPhPN7float165Fp16TES3_hhhhhhh] -> 0xffffad4fd034
cceprint: [_ZN8cceprint15vmulconv_f162u8EPhPN7float165Fp16TES3_hhhhhhhbb] -> 0xffffad4fd320
cceprint: [_ZN8cceprint5vmulsEPN7float165Fp16TES2_S1_m] -> 0xffffad4fd67c
cceprint: [_ZN8cceprint5vmulsEPN7float165Fp16TES2_S1_htthh] -> 0xffffad4fd7d4
cceprint: [_ZN8cceprint5vmulsEPN7float165Fp16TES2_S1_htthhbb] -> 0xffffad4fda34
cceprint: [_ZN8cceprint5vmulsEPN7float165Fp16TES2_S1_htttt] -> 0xffffad4fdd04
cceprint: [_ZN8cceprint5vmulsEPfS0_fm] -> 0xffffad4fdf4c
cceprint: [_ZN8cceprint5vmulsEPfS0_fhtthh] -> 0xffffad4fe090
cceprint: [_ZN8cceprint5vmulsEPfS0_fhtthhbb] -> 0xffffad4fe2dc
cceprint: [_ZN8cceprint5vmulsEPfS0_fhtttt] -> 0xffffad4fe59c
cceprint: [_ZN8cceprint5vmulsEPsS0_sm] -> 0xffffad4fe7d0
cceprint: [_ZN8cceprint5vmulsEPsS0_shtthh] -> 0xffffad4fe914
cceprint: [_ZN8cceprint5vmulsEPsS0_shtthhbb] -> 0xffffad4feb60
cceprint: [_ZN8cceprint5vmulsEPsS0_shtttt] -> 0xffffad4fee1c
cceprint: [_ZN8cceprint5vmulsEPiS0_im] -> 0xffffad4ff050
cceprint: [_ZN8cceprint5vmulsEPiS0_ihtthh] -> 0xffffad4ff194
cceprint: [_ZN8cceprint5vmulsEPiS0_ihtthhbb] -> 0xffffad4ff3e0
cceprint: [_ZN8cceprint5vmulsEPiS0_ihtttt] -> 0xffffad4ff69c
cceprint: [_ZN8cceprint4vnotEPsS0_m] -> 0xffffad4ff8d0
cceprint: [_ZN8cceprint4vnotEPsS0_htthh] -> 0xffffad4ff9d8
cceprint: [_ZN8cceprint4vnotEPsS0_htthhbb] -> 0xffffad4ffbe8
cceprint: [_ZN8cceprint4vnotEPsS0_htttt] -> 0xffffad4ffe6c
cceprint: [_ZN8cceprint4vnotEPtS0_m] -> 0xffffad500064
cceprint: [_ZN8cceprint4vnotEPtS0_htthh] -> 0xffffad50016c
cceprint: [_ZN8cceprint4vnotEPtS0_htthhbb] -> 0xffffad50037c
cceprint: [_ZN8cceprint4vnotEPtS0_htttt] -> 0xffffad500600
cceprint: [_ZN8cceprint3vorEPsS0_S0_m] -> 0xffffad5007f8
cceprint: [_ZN8cceprint3vorEPsS0_S0_hhhhhhh] -> 0xffffad50093c
cceprint: [_ZN8cceprint3vorEPsS0_S0_hhhhhhhbb] -> 0xffffad500c28
cceprint: [_ZN8cceprint3vorEPtS0_S0_m] -> 0xffffad500f84
cceprint: [_ZN8cceprint3vorEPtS0_S0_hhhhhhh] -> 0xffffad5010c8
cceprint: [_ZN8cceprint3vorEPtS0_S0_hhhhhhhbb] -> 0xffffad5013b4
cceprint: [_ZN8cceprint8vpaddingEPtS0_m] -> 0xffffad501710
cceprint: [_ZN8cceprint8vpaddingEPtS0_htthhbbhb] -> 0xffffad501818
cceprint: [_ZN8cceprint8vpaddingEPjS0_m] -> 0xffffad501b18
cceprint: [_ZN8cceprint8vpaddingEPjS0_htthhbbhb] -> 0xffffad501c20
cceprint: [_ZN8cceprint4vrecEPN7float165Fp16TES2_m] -> 0xffffad501f20
cceprint: [_ZN8cceprint4vrecEPN7float165Fp16TES2_htthh] -> 0xffffad502028
cceprint: [_ZN8cceprint4vrecEPN7float165Fp16TES2_htthhbb] -> 0xffffad502238
cceprint: [_ZN8cceprint4vrecEPN7float165Fp16TES2_htttt] -> 0xffffad5024bc
cceprint: [_ZN8cceprint4vrecEPfS0_m] -> 0xffffad5026b4
cceprint: [_ZN8cceprint4vrecEPfS0_htthh] -> 0xffffad5027bc
cceprint: [_ZN8cceprint4vrecEPfS0_htthhbb] -> 0xffffad5029cc
cceprint: [_ZN8cceprint4vrecEPfS0_htttt] -> 0xffffad502c50
cceprint: [_ZN8cceprint7vreduceEPtS0_S0_m] -> 0xffffad502e48
cceprint: [_ZN8cceprint7vreduceEPtS0_S0_hhhhhhh] -> 0xffffad502f8c
cceprint: [_ZN8cceprint7vreduceEPtS0_S0_hhhhh] -> 0xffffad503278
cceprint: [_ZN8cceprint7vreduceEPjS0_S0_m] -> 0xffffad5034dc
cceprint: [_ZN8cceprint7vreduceEPjS0_S0_hhhhhhh] -> 0xffffad503620
cceprint: [_ZN8cceprint7vreduceEPjS0_S0_hhhhh] -> 0xffffad50390c
cceprint: [_ZN8cceprint9vreducev2EPtS0_S0_m] -> 0xffffad503b70
cceprint: [_ZN8cceprint9vreducev2EPtS0_S0_thhth] -> 0xffffad503cb4
cceprint: [_ZN8cceprint9vreducev2EPjS0_S0_m] -> 0xffffad503f00
cceprint: [_ZN8cceprint9vreducev2EPjS0_S0_thhth] -> 0xffffad504044
cceprint: [_ZN8cceprint5vreluEPN7float165Fp16TES2_m] -> 0xffffad504290
cceprint: [_ZN8cceprint5vreluEPN7float165Fp16TES2_htthh] -> 0xffffad504398
cceprint: [_ZN8cceprint5vreluEPN7float165Fp16TES2_htthhbb] -> 0xffffad5045a8
cceprint: [_ZN8cceprint5vreluEPN7float165Fp16TES2_htttt] -> 0xffffad50482c
cceprint: [_ZN8cceprint5vreluEPfS0_m] -> 0xffffad504a24
cceprint: [_ZN8cceprint5vreluEPfS0_htthh] -> 0xffffad504b2c
cceprint: [_ZN8cceprint5vreluEPfS0_htthhbb] -> 0xffffad504d3c
cceprint: [_ZN8cceprint5vreluEPfS0_htttt] -> 0xffffad504fc0
cceprint: [_ZN8cceprint5vreluEPiS0_m] -> 0xffffad5051b8
cceprint: [_ZN8cceprint5vreluEPiS0_htthh] -> 0xffffad5052c0
cceprint: [_ZN8cceprint5vreluEPiS0_htthhbb] -> 0xffffad5054d0
cceprint: [_ZN8cceprint5vreluEPiS0_htttt] -> 0xffffad505754
cceprint: [_ZN8cceprint5vrpacEPN7float165Fp16TES2_m] -> 0xffffad50594c
cceprint: [_ZN8cceprint5vrpacEPN7float165Fp16TES2_htthh] -> 0xffffad505a54
cceprint: [_ZN8cceprint5vrpacEPN7float165Fp16TES2_htthhbb] -> 0xffffad505c64
cceprint: [_ZN8cceprint5vrpacEPfS0_m] -> 0xffffad505ee8
cceprint: [_ZN8cceprint5vrpacEPfS0_htthh] -> 0xffffad505ff0
cceprint: [_ZN8cceprint5vrpacEPfS0_htthhbb] -> 0xffffad506200
cceprint: [_ZN8cceprint6vrsqrtEPN7float165Fp16TES2_m] -> 0xffffad506484
cceprint: [_ZN8cceprint6vrsqrtEPN7float165Fp16TES2_htthh] -> 0xffffad50658c
cceprint: [_ZN8cceprint6vrsqrtEPN7float165Fp16TES2_htthhbb] -> 0xffffad50679c
cceprint: [_ZN8cceprint6vrsqrtEPN7float165Fp16TES2_htttt] -> 0xffffad506a20
cceprint: [_ZN8cceprint6vrsqrtEPfS0_m] -> 0xffffad506c18
cceprint: [_ZN8cceprint6vrsqrtEPfS0_htthh] -> 0xffffad506d20
cceprint: [_ZN8cceprint6vrsqrtEPfS0_htthhbb] -> 0xffffad506f30
cceprint: [_ZN8cceprint6vrsqrtEPfS0_htttt] -> 0xffffad5071b4
cceprint: [_ZN8cceprint8vscatterEPjPtm] -> 0xffffad5073ac
cceprint: [_ZN8cceprint8vscatterEPjPtjb] -> 0xffffad5074b4
cceprint: [_ZN8cceprint8vscatterEPjS0_m] -> 0xffffad5075ec
cceprint: [_ZN8cceprint8vscatterEPjS0_jb] -> 0xffffad5076f4
cceprint: [_ZN8cceprint4vselEPN7float165Fp16TES2_S2_m] -> 0xffffad50782c
cceprint: [_ZN8cceprint4vselEPN7float165Fp16TES2_Pvm] -> 0xffffad507970
cceprint: [_ZN8cceprint4vselEPN7float165Fp16TES2_Pvhhhhhhh] -> 0xffffad507ab4
cceprint: [_ZN8cceprint4vselEPN7float165Fp16TES2_Pvhhhhhhhhbb] -> 0xffffad507da0
cceprint: [_ZN8cceprint4vselEPN7float165Fp16TES2_Pvhhhhhhhh] -> 0xffffad508140
cceprint: [_ZN8cceprint4vselEPN7float165Fp16TES2_S2_hhhhhhh] -> 0xffffad508470
cceprint: [_ZN8cceprint4vselEPN7float165Fp16TES2_S2_hhhhhhhhbb] -> 0xffffad50875c
cceprint: [_ZN8cceprint4vselEPN7float165Fp16TES2_S2_hhhhhhhh] -> 0xffffad508afc
cceprint: [_ZN8cceprint4vselEPfS0_S0_m] -> 0xffffad508e2c
cceprint: [_ZN8cceprint4vselEPfS0_Pvm] -> 0xffffad508f70
cceprint: [_ZN8cceprint4vselEPfS0_Pvhhhhhhh] -> 0xffffad5090b4
cceprint: [_ZN8cceprint4vselEPfS0_Pvhhhhhhhhbb] -> 0xffffad5093a0
cceprint: [_ZN8cceprint4vselEPfS0_Pvhhhhhhhh] -> 0xffffad509740
cceprint: [_ZN8cceprint4vselEPfS0_S0_hhhhhhh] -> 0xffffad509a70
cceprint: [_ZN8cceprint4vselEPfS0_S0_hhhhhhhhbb] -> 0xffffad509d5c
cceprint: [_ZN8cceprint4vselEPfS0_S0_hhhhhhhh] -> 0xffffad50a0fc
cceprint: [_ZN8cceprint4vshlEPsS0_jm] -> 0xffffad50a42c
cceprint: [_ZN8cceprint4vshlEPsS0_jhtthh] -> 0xffffad50a570
cceprint: [_ZN8cceprint4vshlEPsS0_jhtthhbb] -> 0xffffad50a7bc
cceprint: [_ZN8cceprint4vshlEPsS0_jhtttt] -> 0xffffad50aa78
cceprint: [_ZN8cceprint4vshlEPiS0_jm] -> 0xffffad50acac
cceprint: [_ZN8cceprint4vshlEPiS0_jhtthh] -> 0xffffad50adf0
cceprint: [_ZN8cceprint4vshlEPiS0_jhtthhbb] -> 0xffffad50b03c
cceprint: [_ZN8cceprint4vshlEPiS0_jhtttt] -> 0xffffad50b2f8
cceprint: [_ZN8cceprint4vshlEPtS0_jm] -> 0xffffad50b52c
cceprint: [_ZN8cceprint4vshlEPtS0_jhtthh] -> 0xffffad50b670
cceprint: [_ZN8cceprint4vshlEPtS0_jhtthhbb] -> 0xffffad50b8bc
cceprint: [_ZN8cceprint4vshlEPtS0_jhtttt] -> 0xffffad50bb78
cceprint: [_ZN8cceprint4vshlEPjS0_jm] -> 0xffffad50bdac
cceprint: [_ZN8cceprint4vshlEPjS0_jhtthh] -> 0xffffad50bef0
cceprint: [_ZN8cceprint4vshlEPjS0_jhtthhbb] -> 0xffffad50c13c
cceprint: [_ZN8cceprint4vshlEPjS0_jhtttt] -> 0xffffad50c3f8
cceprint: [_ZN8cceprint4vshrEPsS0_imb] -> 0xffffad50c62c
cceprint: [_ZN8cceprint4vshrEPsS0_ihtthhbbb] -> 0xffffad50c7ac
cceprint: [_ZN8cceprint4vshrEPsS0_ihttttb] -> 0xffffad50caa0
cceprint: [_ZN8cceprint4vshrEPiS0_imb] -> 0xffffad50cd0c
cceprint: [_ZN8cceprint4vshrEPiS0_ihtthhbbb] -> 0xffffad50ce8c
cceprint: [_ZN8cceprint4vshrEPiS0_ihttttb] -> 0xffffad50d180
cceprint: [_ZN8cceprint4vshrEPtS0_jmb] -> 0xffffad50d3ec
cceprint: [_ZN8cceprint4vshrEPtS0_jhtthhbbb] -> 0xffffad50d56c
cceprint: [_ZN8cceprint4vshrEPtS0_jhttttb] -> 0xffffad50d860
cceprint: [_ZN8cceprint4vshrEPjS0_jmb] -> 0xffffad50dacc
cceprint: [_ZN8cceprint4vshrEPjS0_jhtthhbbb] -> 0xffffad50dc4c
cceprint: [_ZN8cceprint4vshrEPjS0_jhttttb] -> 0xffffad50df40
cceprint: [_ZN8cceprint5vsortEPN7float165Fp16TES2_m] -> 0xffffad50e1ac
cceprint: [_ZN8cceprint5vsortEPN7float165Fp16TES2_h] -> 0xffffad50e2b4
cceprint: [_ZN8cceprint5vsortEPfS0_m] -> 0xffffad50e3bc
cceprint: [_ZN8cceprint5vsortEPfS0_h] -> 0xffffad50e4c4
cceprint: [_ZN8cceprint5vsqrtEPN7float165Fp16TES2_m] -> 0xffffad50e5cc
cceprint: [_ZN8cceprint5vsqrtEPN7float165Fp16TES2_htthh] -> 0xffffad50e6d4
cceprint: [_ZN8cceprint5vsqrtEPN7float165Fp16TES2_htthhbb] -> 0xffffad50e8e4
cceprint: [_ZN8cceprint5vsqrtEPN7float165Fp16TES2_htttt] -> 0xffffad50eb68
cceprint: [_ZN8cceprint5vsqrtEPfS0_m] -> 0xffffad50ed60
cceprint: [_ZN8cceprint5vsqrtEPfS0_htthh] -> 0xffffad50ee68
cceprint: [_ZN8cceprint5vsqrtEPfS0_htthhbb] -> 0xffffad50f078
cceprint: [_ZN8cceprint5vsqrtEPfS0_htttt] -> 0xffffad50f2fc
cceprint: [_ZN8cceprint4vsubEPN7float165Fp16TES2_S2_m] -> 0xffffad50f4f4
cceprint: [_ZN8cceprint4vsubEPN7float165Fp16TES2_S2_hhhhhhh] -> 0xffffad50f638
cceprint: [_ZN8cceprint4vsubEPN7float165Fp16TES2_S2_hhhhhhhbb] -> 0xffffad50f924
cceprint: [_ZN8cceprint4vsubEPfS0_S0_m] -> 0xffffad50fc80
cceprint: [_ZN8cceprint4vsubEPfS0_S0_hhhhhhh] -> 0xffffad50fdc4
cceprint: [_ZN8cceprint4vsubEPfS0_S0_hhhhhhhbb] -> 0xffffad5100b0
cceprint: [_ZN8cceprint4vsubEPsS0_S0_m] -> 0xffffad51040c
cceprint: [_ZN8cceprint4vsubEPsS0_S0_hhhhhhh] -> 0xffffad510550
cceprint: [_ZN8cceprint4vsubEPsS0_S0_hhhhhhhbb] -> 0xffffad51083c
cceprint: [_ZN8cceprint4vsubEPiS0_S0_m] -> 0xffffad510b98
cceprint: [_ZN8cceprint4vsubEPiS0_S0_hhhhhhh] -> 0xffffad510cdc
cceprint: [_ZN8cceprint4vsubEPiS0_S0_hhhhhhhbb] -> 0xffffad510fc8
cceprint: [_ZN8cceprint8vsubreluEPN7float165Fp16TES2_S2_m] -> 0xffffad511324
cceprint: [_ZN8cceprint8vsubreluEPN7float165Fp16TES2_S2_hhhhhhhbb] -> 0xffffad511468
cceprint: [_ZN8cceprint8vsubreluEPN7float165Fp16TES2_S2_hhhhhhh] -> 0xffffad5117c4
cceprint: [_ZN8cceprint8vsubreluEPfS0_S0_m] -> 0xffffad511ab0
cceprint: [_ZN8cceprint8vsubreluEPfS0_S0_hhhhhhhbb] -> 0xffffad511bf4
cceprint: [_ZN8cceprint8vsubreluEPfS0_S0_hhhhhhh] -> 0xffffad511f50
cceprint: [_ZN8cceprint8vsubreluEPsS0_S0_m] -> 0xffffad51223c
cceprint: [_ZN8cceprint8vsubreluEPsS0_S0_hhhhhhhbb] -> 0xffffad512380
cceprint: [_ZN8cceprint8vsubreluEPsS0_S0_hhhhhhh] -> 0xffffad5126dc
cceprint: [_ZN8cceprint19vsubreluconv_f162s8EPaPN7float165Fp16TES3_mb] -> 0xffffad5129c8
cceprint: [_ZN8cceprint19vsubreluconv_f162s8EPaPN7float165Fp16TES3_hhhhhhhbbb] -> 0xffffad512b48
cceprint: [_ZN8cceprint19vsubreluconv_f162s8EPaPN7float165Fp16TES3_hhhhhhhb] -> 0xffffad512edc
cceprint: [_ZN8cceprint20vsubreluconv_f322f16EPN7float165Fp16TEPfS3_mb] -> 0xffffad513200
cceprint: [_ZN8cceprint20vsubreluconv_f322f16EPN7float165Fp16TEPfS3_hhhhhhhbbb] -> 0xffffad513380
cceprint: [_ZN8cceprint20vsubreluconv_f322f16EPN7float165Fp16TEPfS3_hhhhhhhb] -> 0xffffad513714
cceprint: [_ZN8cceprint19vsubreluconv_s162s8EPaPsS1_mb] -> 0xffffad513a38
cceprint: [_ZN8cceprint19vsubreluconv_s162s8EPaPsS1_hhhhhhhbbb] -> 0xffffad513bb8
cceprint: [_ZN8cceprint19vsubreluconv_s162s8EPaPsS1_hhhhhhhb] -> 0xffffad513f4c
cceprint: [_ZN8cceprint23vsubreluconv_vdeqs162b8EPaPsS1_mb] -> 0xffffad514270
cceprint: [_ZN8cceprint23vsubreluconv_vdeqs162b8EPhPsS1_mb] -> 0xffffad5143f0
cceprint: [_ZN8cceprint23vsubreluconv_vdeqs162b8EPhPsS1_hhhhhhhbbb] -> 0xffffad514570
cceprint: [_ZN8cceprint23vsubreluconv_vdeqs162b8EPhPsS1_hhhhhhhb] -> 0xffffad514904
cceprint: [_ZN8cceprint23vsubreluconv_vdeqs162b8EPaPsS1_hhhhhhhbbb] -> 0xffffad514c28
cceprint: [_ZN8cceprint23vsubreluconv_vdeqs162b8EPaPsS1_hhhhhhhb] -> 0xffffad514fbc
cceprint: [_ZN8cceprint10vtransposeEPsS0_] -> 0xffffad5152e0
cceprint: [_ZN8cceprint10vtransposeEPtS0_] -> 0xffffad5153a0
cceprint: [_ZN8cceprint9wait_flagE6pipe_tS0_7event_t] -> 0xffffad515460
cceprint: [_ZN8cceprint9wait_flagE6pipe_t7event_t] -> 0xffffad515590
cceprint: [_ZN8cceprint9wait_flagE6pipe_tS0_m] -> 0xffffad515674
cceprint: [_ZN8cceprint9wait_flagE6pipe_tm] -> 0xffffad5157a4
cceprint: [_ZN8cceprint13wait_flag_devEl] -> 0xffffad515888
cceprint: [_ZN8cceprint13winograd_convEPiPsPam] -> 0xffffad51590c
cceprint: [_ZN8cceprint13winograd_convEPiPsPattthhhb] -> 0xffffad515a50
cceprint: [_ZN8cceprint13winograd_convEPiPaS1_m] -> 0xffffad515d0c
cceprint: [_ZN8cceprint13winograd_convEPiPaS1_ttthhhb] -> 0xffffad515e50
cceprint: [_ZN8cceprint13get_workspaceEi] -> (nil)
cceprint: [_ZN8cceprint13set_core_typeEi] -> (nil)
cceprint: [_ZN8cceprint15get_process_numEv] -> (nil)
cceprint: [_ZN8cceprint13set_block_dimEi] -> (nil)
cceprint: [_ZN8cceprint18AscendCKernelBeginEPKciPm] -> 0xffffad516b44
cceprint: [_ZN8cceprint16AscendCKernelEndEPKciPm] -> (nil)
cceprint: [_ZN8cceprint17AscendCBlockBeginEiPKciPKm] -> 0xffffad516c58
cceprint: [_ZN8cceprint15AscendCBlockEndEiPKciPKm] -> 0xffffad517124
cceprint: [_ZN8cceprint16AscendCQueCreateEhhh] -> (nil)
cceprint: [_ZN8cceprint14AscendCBufInitEhhhmm] -> (nil)
cceprint: [_ZN8cceprint15AscendCBufAllocEhhmm] -> (nil)
cceprint: [_ZN8cceprint14AscendCBufFreeEhhmm] -> (nil)
cceprint: [_ZN8cceprint15AscendCBufEnqueEhhhm] -> (nil)
cceprint: [_ZN8cceprint15AscendCBufDequeEhhhm] -> (nil)
cceprint: [_ZN8cceprint17AscendCBufAbsAddrEhmm] -> (nil)
cceprint: [_ZN8cceprint13AscendCBufGetEhhmm] -> (nil)
cceprint: [_ZN8cceprint19AscendCTBufPoolInitEhmmm] -> (nil)
cceprint: [_ZN8cceprint27AscendCUpdateTbufPoolStatusEmb] -> (nil)
cceprint: [_ZN8cceprint26AscendCRecordPoolHierarchyEmm] -> (nil)
cceprint: [_ZN8cceprint25AscendCTBufPoolResetCheckEhmmm] -> (nil)
cceprint: [_ZN8cceprint12batch_offsetEmm] -> 0xffffad51610c
cceprint: [_ZN8cceprint12wait_and_setEPvS0_mm] -> 0xffffad5161e4
cceprint: [_ZN8cceprint9wait_syncEPvS0_S0_] -> 0xffffad5163ac
cceprint: [_ZN8cceprint11set_tensoraEPvS0_] -> 0xffffad516554
cceprint: [_ZN8cceprint11set_tensorbEPv] -> 0xffffad516614
cceprint: [_ZN8cceprint11get_tensorcEPv] -> 0xffffad516698
cceprint: [_ZN8cceprint13__ib_set_stubEiib] -> 0xffffad51671c
cceprint: [_ZN8cceprint14__ib_wait_stubEiib] -> 0xffffad516818
cceprint: [_ZN8cceprint15__sync_all_stubEib] -> 0xffffad516914
npuchk: [_ZN6npuchk5bcnt0Em] -> (nil)
npuchk: [_ZN6npuchk5bcnt1Em] -> (nil)
npuchk: [_ZN6npuchk18broadcast_ub_to_ccEPN7float165Fp16TES2_m] -> 0xffffad281548
npuchk: [_ZN6npuchk18broadcast_ub_to_ccEPN7float165Fp16TES2_hhhh] -> 0xffffad2817c4
npuchk: [_ZN6npuchk18broadcast_ub_to_ccEPN7float165Fp16TES2_hhhhb] -> 0xffffad281b48
npuchk: [_ZN6npuchk18broadcast_ub_to_ccEPfS0_m] -> 0xffffad281f14
npuchk: [_ZN6npuchk18broadcast_ub_to_ccEPfS0_hhhh] -> 0xffffad282194
npuchk: [_ZN6npuchk18broadcast_ub_to_ccEPfS0_hhhhb] -> 0xffffad28251c
npuchk: [_ZN6npuchk18broadcast_ub_to_ccEPfPN7float165Fp16TEm] -> 0xffffad2828ec
npuchk: [_ZN6npuchk18broadcast_ub_to_ccEPfPN7float165Fp16TEhhhh] -> 0xffffad282b6c
npuchk: [_ZN6npuchk18broadcast_ub_to_ccEPfPN7float165Fp16TEhhhhb] -> 0xffffad282ef4
npuchk: [_ZN6npuchk18broadcast_ub_to_ccEPiS0_m] -> 0xffffad2832c4
npuchk: [_ZN6npuchk18broadcast_ub_to_ccEPiS0_hhhh] -> 0xffffad283544
npuchk: [_ZN6npuchk18broadcast_ub_to_ccEPiS0_hhhhb] -> 0xffffad2838cc
npuchk: [_ZN6npuchk3clzEm] -> (nil)
npuchk: [_ZN6npuchk7col2imgEPN7float165Fp16TES2_mm] -> 0xffffad283c9c
npuchk: [_ZN6npuchk7col2imgEPN7float165Fp16TES2_shhshhhhhhhb] -> 0xffffad283f74
npuchk: [_ZN6npuchk7col2imgEPfS0_mm] -> 0xffffad284574
npuchk: [_ZN6npuchk7col2imgEPfS0_shhshhhhhhhb] -> 0xffffad284848
npuchk: [_ZN6npuchk17compress_ub_to_gmEPhS0_S0_l] -> 0xffffad284e44
npuchk: [_ZN6npuchk17compress_ub_to_gmEPhS0_S0_tbhh] -> 0xffffad285120
npuchk: [_ZN6npuchk17compress_ub_to_gmEPN7float165Fp16TES2_S2_l] -> 0xffffad2854ec
npuchk: [_ZN6npuchk17compress_ub_to_gmEPN7float165Fp16TES2_S2_tbhh] -> 0xffffad2857cc
npuchk: [_ZN6npuchk13conv_f322f16oEf] -> (nil)
npuchk: [_ZN6npuchk13conv_f322s32aEf] -> (nil)
npuchk: [_ZN6npuchk13conv_f322s32cEf] -> (nil)
npuchk: [_ZN6npuchk13conv_f322s32fEf] -> (nil)
npuchk: [_ZN6npuchk13conv_f322s32rEf] -> (nil)
npuchk: [_ZN6npuchk15copy_cbuf_to_btEmPvm] -> 0xffffad18d85c
npuchk: [_ZN6npuchk15copy_cbuf_to_btEmPvttttt] -> 0xffffad18dae4
npuchk: [_ZN6npuchk17copy_cbuf_to_fbufEPvS0_m] -> 0xffffad18de90
npuchk: [_ZN6npuchk17copy_cbuf_to_fbufEPvS0_tttt] -> 0xffffad18e114
npuchk: [_ZN6npuchk15copy_cbuf_to_gmEPvS0_m] -> 0xffffad18e474
npuchk: [_ZN6npuchk15copy_cbuf_to_gmEPvS0_htttt] -> 0xffffad18e6fc
npuchk: [_ZN6npuchk21copy_cbuf_to_gm_alignEPN7float165Fp16TES2_htjjj] -> (nil)
npuchk: [_ZN6npuchk21copy_cbuf_to_gm_alignEPfS0_htjjj] -> (nil)
npuchk: [_ZN6npuchk21copy_cbuf_to_gm_alignEPsS0_htjjj] -> (nil)
npuchk: [_ZN6npuchk21copy_cbuf_to_gm_alignEPiS0_htjjj] -> (nil)
npuchk: [_ZN6npuchk21copy_cbuf_to_gm_alignEPaS0_htjjj] -> (nil)
npuchk: [_ZN6npuchk21copy_cbuf_to_gm_alignEPtS0_htjjj] -> (nil)
npuchk: [_ZN6npuchk21copy_cbuf_to_gm_alignEPjS0_htjjj] -> (nil)
npuchk: [_ZN6npuchk21copy_cbuf_to_gm_alignEPhS0_htjjj] -> (nil)
npuchk: [_ZN6npuchk17copy_cbuf_to_ubufEPvS0_m] -> 0xffffad285b9c
npuchk: [_ZN6npuchk17copy_cbuf_to_ubufEPvS0_htttt] -> 0xffffad285e24
npuchk: [_ZN6npuchk25copy_depthwise_cc_to_ubufEPN7float165Fp16TES2_m10ConvRelu_t] -> 0xffffad2861d8
npuchk: [_ZN6npuchk25copy_depthwise_cc_to_ubufEPN7float165Fp16TES2_htttt10ConvRelu_t] -> 0xffffad2864fc
npuchk: [_ZN6npuchk25copy_depthwise_cc_to_ubufEPfPN7float165Fp16TEm10ConvRelu_t] -> 0xffffad28694c
npuchk: [_ZN6npuchk25copy_depthwise_cc_to_ubufEPfPN7float165Fp16TEhtttt10ConvRelu_t] -> 0xffffad286c70
npuchk: [_ZN6npuchk25copy_depthwise_cc_to_ubufEPN7float165Fp16TEPfm10ConvRelu_t] -> 0xffffad2870c0
npuchk: [_ZN6npuchk25copy_depthwise_cc_to_ubufEPN7float165Fp16TEPfhtttt10ConvRelu_t] -> 0xffffad2873e4
npuchk: [_ZN6npuchk25copy_depthwise_cc_to_ubufEPfS0_m10ConvRelu_t] -> 0xffffad287834
npuchk: [_ZN6npuchk25copy_depthwise_cc_to_ubufEPfS0_htttt10ConvRelu_t] -> 0xffffad287b58
npuchk: [_ZN6npuchk15copy_gm_to_cbufEPvS0_m5pad_t] -> 0xffffad18eab0
npuchk: [_ZN6npuchk15copy_gm_to_cbufEPvS0_htttt5pad_t] -> 0xffffad18eda8
npuchk: [_ZN6npuchk31copy_gm_to_cbuf_multi_nd2nz_b16EPN7float165Fp16TES2_mm] -> 0xffffad18f1cc
npuchk: [_ZN6npuchk31copy_gm_to_cbuf_multi_nd2nz_b16EPN7float165Fp16TES2_htttttttt] -> 0xffffad18f4ac
npuchk: [_ZN6npuchk31copy_gm_to_cbuf_multi_nd2nz_b16EPN8bfloat165Bf16TES2_mm] -> 0xffffad18f984
npuchk: [_ZN6npuchk31copy_gm_to_cbuf_multi_nd2nz_b16EPN8bfloat165Bf16TES2_htttttttt] -> 0xffffad18fc64
npuchk: [_ZN6npuchk31copy_gm_to_cbuf_multi_nd2nz_b16EPsS0_mm] -> 0xffffad19013c
npuchk: [_ZN6npuchk31copy_gm_to_cbuf_multi_nd2nz_b16EPsS0_htttttttt] -> 0xffffad19041c
npuchk: [_ZN6npuchk31copy_gm_to_cbuf_multi_nd2nz_b16EPtS0_mm] -> 0xffffad1908f4
npuchk: [_ZN6npuchk31copy_gm_to_cbuf_multi_nd2nz_b16EPtS0_htttttttt] -> 0xffffad190bd4
npuchk: [_ZN6npuchk32copy_gm_to_cbuf_multi_nd2nz_b32sEPfS0_mm] -> 0xffffad1910ac
npuchk: [_ZN6npuchk32copy_gm_to_cbuf_multi_nd2nz_b32sEPfS0_htttttttt] -> 0xffffad19138c
npuchk: [_ZN6npuchk32copy_gm_to_cbuf_multi_nd2nz_b32sEPiS0_mm] -> 0xffffad191864
npuchk: [_ZN6npuchk32copy_gm_to_cbuf_multi_nd2nz_b32sEPiS0_htttttttt] -> 0xffffad191b44
npuchk: [_ZN6npuchk32copy_gm_to_cbuf_multi_nd2nz_b32sEPjS0_mm] -> 0xffffad19201c
npuchk: [_ZN6npuchk32copy_gm_to_cbuf_multi_nd2nz_b32sEPjS0_htttttttt] -> 0xffffad1922fc
npuchk: [_ZN6npuchk30copy_gm_to_cbuf_multi_nd2nz_b8EPaS0_mm] -> 0xffffad1927d4
npuchk: [_ZN6npuchk30copy_gm_to_cbuf_multi_nd2nz_b8EPaS0_htttttttt] -> 0xffffad192ab0
npuchk: [_ZN6npuchk30copy_gm_to_cbuf_multi_nd2nz_b8EPhS0_mm] -> 0xffffad192f84
npuchk: [_ZN6npuchk30copy_gm_to_cbuf_multi_nd2nz_b8EPhS0_htttttttt] -> 0xffffad193260
npuchk: [_ZN6npuchk15copy_gm_to_ubufEPvS0_m] -> 0xffffad1e8fa0
npuchk: [_ZN6npuchk15copy_gm_to_ubufEPvS0_htttt] -> 0xffffad1e9228
npuchk: [_ZN6npuchk25copy_gm_to_ubuf_align_b16EPvS0_mm] -> 0xffffad1e95dc
npuchk: [_ZN6npuchk25copy_gm_to_ubuf_align_b16EPvS0_htjhhjj] -> 0xffffad1e98bc
npuchk: [_ZN6npuchk25copy_gm_to_ubuf_align_b32EPvS0_mm] -> 0xffffad1e9d24
npuchk: [_ZN6npuchk25copy_gm_to_ubuf_align_b32EPvS0_htjhhjj] -> 0xffffad1ea004
npuchk: [_ZN6npuchk24copy_gm_to_ubuf_align_b8EPvS0_mm] -> 0xffffad1ea46c
npuchk: [_ZN6npuchk24copy_gm_to_ubuf_align_b8EPvS0_htjhhjj] -> 0xffffad1ea748
npuchk: [_ZN6npuchk21copy_gm_to_ubuf_alignEPaS0_htjhhjj] -> (nil)
npuchk: [_ZN6npuchk21copy_gm_to_ubuf_alignEPhS0_htjhhjj] -> (nil)
npuchk: [_ZN6npuchk21copy_gm_to_ubuf_alignEPsS0_htjhhjj] -> (nil)
npuchk: [_ZN6npuchk21copy_gm_to_ubuf_alignEPtS0_htjhhjj] -> (nil)
npuchk: [_ZN6npuchk21copy_gm_to_ubuf_alignEPN7float165Fp16TES2_htjhhjj] -> (nil)
npuchk: [_ZN6npuchk21copy_gm_to_ubuf_alignEPiS0_htjhhjj] -> (nil)
npuchk: [_ZN6npuchk21copy_gm_to_ubuf_alignEPjS0_htjhhjj] -> (nil)
npuchk: [_ZN6npuchk21copy_gm_to_ubuf_alignEPfS0_htjhhjj] -> (nil)
npuchk: [_ZN6npuchk23copy_gm_to_ubuf_pad_b16EPvS0_mm] -> (nil)
npuchk: [_ZN6npuchk23copy_gm_to_ubuf_pad_b16EPvS0_htttthh] -> (nil)
npuchk: [_ZN6npuchk23copy_gm_to_ubuf_pad_b32EPvS0_mm] -> (nil)
npuchk: [_ZN6npuchk23copy_gm_to_ubuf_pad_b32EPvS0_htttthh] -> (nil)
npuchk: [_ZN6npuchk22copy_gm_to_ubuf_pad_b8EPvS0_mm] -> (nil)
npuchk: [_ZN6npuchk22copy_gm_to_ubuf_pad_b8EPvS0_htttthh] -> (nil)
npuchk: [_ZN6npuchk22copy_matrix_cbuf_to_ccEPN7float165Fp16TES2_m] -> 0xffffad193734
npuchk: [_ZN6npuchk22copy_matrix_cbuf_to_ccEPN7float165Fp16TES2_tttt] -> 0xffffad1939b8
npuchk: [_ZN6npuchk22copy_matrix_cbuf_to_ccEPN7float165Fp16TEPfm] -> 0xffffad193d18
npuchk: [_ZN6npuchk22copy_matrix_cbuf_to_ccEPN7float165Fp16TEPftttt] -> 0xffffad193fa0
npuchk: [_ZN6npuchk22copy_matrix_cbuf_to_ccEPN8bfloat165Bf16TES2_m] -> 0xffffad194304
npuchk: [_ZN6npuchk22copy_matrix_cbuf_to_ccEPN8bfloat165Bf16TES2_tttt] -> 0xffffad194588
npuchk: [_ZN6npuchk22copy_matrix_cbuf_to_ccEPN8bfloat165Bf16TEPfm] -> 0xffffad1948e8
npuchk: [_ZN6npuchk22copy_matrix_cbuf_to_ccEPN8bfloat165Bf16TEPftttt] -> 0xffffad194b70
npuchk: [_ZN6npuchk22copy_matrix_cbuf_to_ccEPfS0_m] -> 0xffffad194ed4
npuchk: [_ZN6npuchk22copy_matrix_cbuf_to_ccEPfS0_tttt] -> 0xffffad19515c
npuchk: [_ZN6npuchk22copy_matrix_cbuf_to_ccEPiS0_m] -> 0xffffad1954c0
npuchk: [_ZN6npuchk22copy_matrix_cbuf_to_ccEPiS0_tttt] -> 0xffffad195748
npuchk: [_ZN6npuchk22copy_matrix_cbuf_to_ccEPjS0_m] -> 0xffffad195aac
npuchk: [_ZN6npuchk22copy_matrix_cbuf_to_ccEPjS0_tttt] -> 0xffffad195d34
npuchk: [_ZN6npuchk22copy_matrix_cc_to_cbufEPN7float165Fp16TEPfmm] -> 0xffffad196098
npuchk: [_ZN6npuchk22copy_matrix_cc_to_cbufEPN7float165Fp16TEPfhttjthh11QuantMode_thbbb] -> (nil)
npuchk: [_ZN6npuchk22copy_matrix_cc_to_cbufEPN7float165Fp16TEPfhttjthh11QuantMode_thbb14QuantMode_posthbhhb] -> (nil)
npuchk: [_ZN6npuchk22copy_matrix_cc_to_cbufEPN7float165Fp16TEPfhttjth11QuantMode_thbb] -> 0xffffad19636c
npuchk: [_ZN6npuchk22copy_matrix_cc_to_cbufEPN8bfloat165Bf16TEPfhttjth11QuantMode_thbb] -> 0xffffad1968a0
npuchk: [_ZN6npuchk22copy_matrix_cc_to_cbufEPN8bfloat165Bf16TEPfhttjthh11QuantMode_thbbb] -> (nil)
npuchk: [_ZN6npuchk22copy_matrix_cc_to_cbufEPfS0_mm] -> 0xffffad196dd4
npuchk: [_ZN6npuchk22copy_matrix_cc_to_cbufEPaPfmm] -> 0xffffad1970a8
npuchk: [_ZN6npuchk22copy_matrix_cc_to_cbufEPaPfhttjthh11QuantMode_thbbb] -> (nil)
npuchk: [_ZN6npuchk22copy_matrix_cc_to_cbufEPaPfhttjthh11QuantMode_thbb14QuantMode_posthbhhb] -> (nil)
npuchk: [_ZN6npuchk22copy_matrix_cc_to_cbufEPaPfhttjth11QuantMode_thbb] -> 0xffffad19737c
npuchk: [_ZN6npuchk22copy_matrix_cc_to_cbufEPhPfmm] -> (nil)
npuchk: [_ZN6npuchk22copy_matrix_cc_to_cbufEPhPfhttjthh11QuantMode_thbbb] -> (nil)
npuchk: [_ZN6npuchk22copy_matrix_cc_to_cbufEPhPfhttjthh11QuantMode_thbb14QuantMode_posthbhhb] -> (nil)
npuchk: [_ZN6npuchk22copy_matrix_cc_to_cbufEPfS0_httjthh11QuantMode_thbbb] -> (nil)
npuchk: [_ZN6npuchk22copy_matrix_cc_to_cbufEPfS0_httjthh11QuantMode_thbb14QuantMode_posthbhhb] -> (nil)
npuchk: [_ZN6npuchk22copy_matrix_cc_to_cbufEPiS0_mm] -> 0xffffad197de4
npuchk: [_ZN6npuchk22copy_matrix_cc_to_cbufEPN7float165Fp16TEPimm] -> 0xffffad1980bc
npuchk: [_ZN6npuchk22copy_matrix_cc_to_cbufEPN7float165Fp16TEPihttjthh11QuantMode_thbbb] -> (nil)
npuchk: [_ZN6npuchk22copy_matrix_cc_to_cbufEPN7float165Fp16TEPihttjthh11QuantMode_thbb14QuantMode_posthbhhb] -> (nil)
npuchk: [_ZN6npuchk22copy_matrix_cc_to_cbufEPN7float165Fp16TEPihttjth11QuantMode_thbb] -> 0xffffad198394
npuchk: [_ZN6npuchk22copy_matrix_cc_to_cbufEPsPimm] -> 0xffffad1988cc
npuchk: [_ZN6npuchk22copy_matrix_cc_to_cbufEPsPihttjth11QuantMode_thbb] -> 0xffffad198ba4
npuchk: [_ZN6npuchk22copy_matrix_cc_to_cbufEPaPimm] -> 0xffffad1990dc
npuchk: [_ZN6npuchk22copy_matrix_cc_to_cbufEPaPihttjthh11QuantMode_thbbb] -> (nil)
npuchk: [_ZN6npuchk22copy_matrix_cc_to_cbufEPaPihttjthh11QuantMode_thbb14QuantMode_posthbhhb] -> (nil)
npuchk: [_ZN6npuchk22copy_matrix_cc_to_cbufEPaPihttjth11QuantMode_thbb] -> 0xffffad1993b4
npuchk: [_ZN6npuchk22copy_matrix_cc_to_cbufEPhPimm] -> 0xffffad1998ec
npuchk: [_ZN6npuchk22copy_matrix_cc_to_cbufEPhPihttjthh11QuantMode_thbbb] -> (nil)
npuchk: [_ZN6npuchk22copy_matrix_cc_to_cbufEPhPihttjthh11QuantMode_thbb14QuantMode_posthbhhb] -> (nil)
npuchk: [_ZN6npuchk22copy_matrix_cc_to_cbufEPhPihttjth11QuantMode_thbb] -> 0xffffad199bc4
npuchk: [_ZN6npuchk22copy_matrix_cc_to_cbufEPiS0_httjthh11QuantMode_thbbb] -> (nil)
npuchk: [_ZN6npuchk22copy_matrix_cc_to_cbufEPiS0_httjthh11QuantMode_thbb14QuantMode_posthbhhb] -> (nil)
npuchk: [_ZN6npuchk25copy_matrix_cc_to_cbuf_b4EPvPfmm] -> 0xffffad19a634
npuchk: [_ZN6npuchk25copy_matrix_cc_to_cbuf_b4EPvPfhttjth11QuantMode_thbb] -> 0xffffad19a908
npuchk: [_ZN6npuchk25copy_matrix_cc_to_cbuf_b4EPvPimm] -> 0xffffad19ae3c
npuchk: [_ZN6npuchk25copy_matrix_cc_to_cbuf_b4EPvPihttjth11QuantMode_thbb] -> 0xffffad19b114
npuchk: [_ZN6npuchk27copy_matrix_cc_to_cbuf_bf16EPtPfmm] -> (nil)
npuchk: [_ZN6npuchk27copy_matrix_cc_to_cbuf_bf16EPtPfhttjthh11QuantMode_thbbb] -> (nil)
npuchk: [_ZN6npuchk27copy_matrix_cc_to_cbuf_bf16EPtPfhttjthh11QuantMode_thbb14QuantMode_posthbhhb] -> (nil)
npuchk: [_ZN6npuchk27copy_matrix_cc_to_cbuf_bf16EPtPfhttjth11QuantMode_thbb] -> (nil)
npuchk: [_ZN6npuchk25copy_matrix_cc_to_cbuf_s4EPvPfmm] -> (nil)
npuchk: [_ZN6npuchk25copy_matrix_cc_to_cbuf_s4EPvPfhttjthh11QuantMode_thbbb] -> (nil)
npuchk: [_ZN6npuchk25copy_matrix_cc_to_cbuf_s4EPvPfhttjthh11QuantMode_thbb14QuantMode_posthbhhb] -> (nil)
npuchk: [_ZN6npuchk25copy_matrix_cc_to_cbuf_s4EPvPimm] -> (nil)
npuchk: [_ZN6npuchk25copy_matrix_cc_to_cbuf_s4EPvPihttjthh11QuantMode_thbbb] -> (nil)
npuchk: [_ZN6npuchk25copy_matrix_cc_to_cbuf_s4EPvPihttjthh11QuantMode_thbb14QuantMode_posthbhhb] -> (nil)
npuchk: [_ZN6npuchk20copy_matrix_cc_to_gmEPN7float165Fp16TEPfmm] -> 0xffffad19b64c
npuchk: [_ZN6npuchk20copy_matrix_cc_to_gmEPN7float165Fp16TEPfhttjthh11QuantMode_thbbb] -> (nil)
npuchk: [_ZN6npuchk20copy_matrix_cc_to_gmEPN7float165Fp16TEPfhttjthh11QuantMode_thbb14QuantMode_posthbhhb] -> (nil)
npuchk: [_ZN6npuchk20copy_matrix_cc_to_gmEPN7float165Fp16TEPfhttjth11QuantMode_thbb] -> 0xffffad19b920
npuchk: [_ZN6npuchk20copy_matrix_cc_to_gmEPfS0_mm] -> 0xffffad19be54
npuchk: [_ZN6npuchk20copy_matrix_cc_to_gmEPaPfmm] -> 0xffffad19c128
npuchk: [_ZN6npuchk20copy_matrix_cc_to_gmEPaPfhttjthh11QuantMode_thbbb] -> (nil)
npuchk: [_ZN6npuchk20copy_matrix_cc_to_gmEPaPfhttjthh11QuantMode_thbb14QuantMode_posthbhhb] -> (nil)
npuchk: [_ZN6npuchk20copy_matrix_cc_to_gmEPaPfhttjth11QuantMode_thbb] -> 0xffffad19c3fc
npuchk: [_ZN6npuchk20copy_matrix_cc_to_gmEPhPfmm] -> (nil)
npuchk: [_ZN6npuchk20copy_matrix_cc_to_gmEPhPfhttjthh11QuantMode_thbbb] -> (nil)
npuchk: [_ZN6npuchk20copy_matrix_cc_to_gmEPhPfhttjthh11QuantMode_thbb14QuantMode_posthbhhb] -> (nil)
npuchk: [_ZN6npuchk20copy_matrix_cc_to_gmEPhPfhttjth11QuantMode_thbb] -> (nil)
npuchk: [_ZN6npuchk20copy_matrix_cc_to_gmEPfS0_httjthh11QuantMode_thbbb] -> (nil)
npuchk: [_ZN6npuchk20copy_matrix_cc_to_gmEPfS0_httjthh11QuantMode_thbb14QuantMode_posthbhhb] -> (nil)
npuchk: [_ZN6npuchk20copy_matrix_cc_to_gmEPfS0_httjth11QuantMode_thbb] -> 0xffffad19c930
npuchk: [_ZN6npuchk20copy_matrix_cc_to_gmEPiS0_mm] -> 0xffffad19ce64
npuchk: [_ZN6npuchk20copy_matrix_cc_to_gmEPN7float165Fp16TEPimm] -> 0xffffad19d13c
npuchk: [_ZN6npuchk20copy_matrix_cc_to_gmEPN7float165Fp16TEPihttjthh11QuantMode_thbbb] -> (nil)
npuchk: [_ZN6npuchk20copy_matrix_cc_to_gmEPN7float165Fp16TEPihttjthh11QuantMode_thbb14QuantMode_posthbhhb] -> (nil)
npuchk: [_ZN6npuchk20copy_matrix_cc_to_gmEPN7float165Fp16TEPihttjth11QuantMode_thbb] -> 0xffffad19d414
npuchk: [_ZN6npuchk20copy_matrix_cc_to_gmEPsPimm] -> 0xffffad19d94c
npuchk: [_ZN6npuchk20copy_matrix_cc_to_gmEPsPihttjth11QuantMode_thbb] -> 0xffffad19dc24
npuchk: [_ZN6npuchk20copy_matrix_cc_to_gmEPaPimm] -> 0xffffad19e15c
npuchk: [_ZN6npuchk20copy_matrix_cc_to_gmEPaPihttjthh11QuantMode_thbbb] -> (nil)
npuchk: [_ZN6npuchk20copy_matrix_cc_to_gmEPaPihttjthh11QuantMode_thbb14QuantMode_posthbhhb] -> (nil)
npuchk: [_ZN6npuchk20copy_matrix_cc_to_gmEPaPihttjth11QuantMode_thbb] -> 0xffffad19e434
npuchk: [_ZN6npuchk20copy_matrix_cc_to_gmEPhPimm] -> 0xffffad19e96c
npuchk: [_ZN6npuchk20copy_matrix_cc_to_gmEPhPihttjthh11QuantMode_thbbb] -> (nil)
npuchk: [_ZN6npuchk20copy_matrix_cc_to_gmEPhPihttjthh11QuantMode_thbb14QuantMode_posthbhhb] -> (nil)
npuchk: [_ZN6npuchk20copy_matrix_cc_to_gmEPhPihttjth11QuantMode_thbb] -> 0xffffad19ec44
npuchk: [_ZN6npuchk20copy_matrix_cc_to_gmEPiS0_httjthh11QuantMode_thbbb] -> (nil)
npuchk: [_ZN6npuchk20copy_matrix_cc_to_gmEPiS0_httjthh11QuantMode_thbb14QuantMode_posthbhhb] -> (nil)
npuchk: [_ZN6npuchk20copy_matrix_cc_to_gmEPiS0_httjth11QuantMode_thbb] -> 0xffffad19f17c
npuchk: [_ZN6npuchk20copy_matrix_cc_to_gmEPN8bfloat165Bf16TEPfhttjth11QuantMode_thbb] -> 0xffffad19f6b4
npuchk: [_ZN6npuchk20copy_matrix_cc_to_gmEPN8bfloat165Bf16TEPfhttjthh11QuantMode_thbbb] -> (nil)
npuchk: [_ZN6npuchk23copy_matrix_cc_to_gm_b4EPvPfmm] -> 0xffffad19fbe8
npuchk: [_ZN6npuchk23copy_matrix_cc_to_gm_b4EPvPfhttjth11QuantMode_thbb] -> 0xffffad19febc
npuchk: [_ZN6npuchk23copy_matrix_cc_to_gm_b4EPvPimm] -> 0xffffad1a03f0
npuchk: [_ZN6npuchk23copy_matrix_cc_to_gm_b4EPvPihttjth11QuantMode_thbb] -> 0xffffad1a06c8
npuchk: [_ZN6npuchk25copy_matrix_cc_to_gm_bf16EPtPfmm] -> (nil)
npuchk: [_ZN6npuchk25copy_matrix_cc_to_gm_bf16EPtPfhttjthh11QuantMode_thbbb] -> (nil)
npuchk: [_ZN6npuchk25copy_matrix_cc_to_gm_bf16EPtPfhttjthh11QuantMode_thbb14QuantMode_posthbhhb] -> (nil)
npuchk: [_ZN6npuchk25copy_matrix_cc_to_gm_bf16EPtPfhttjth11QuantMode_thbb] -> (nil)
npuchk: [_ZN6npuchk23copy_matrix_cc_to_gm_s4EPvPfmm] -> (nil)
npuchk: [_ZN6npuchk23copy_matrix_cc_to_gm_s4EPvPfhttjthh11QuantMode_thbbb] -> (nil)
npuchk: [_ZN6npuchk23copy_matrix_cc_to_gm_s4EPvPfhttjthh11QuantMode_thbb14QuantMode_posthbhhb] -> (nil)
npuchk: [_ZN6npuchk23copy_matrix_cc_to_gm_s4EPvPimm] -> (nil)
npuchk: [_ZN6npuchk23copy_matrix_cc_to_gm_s4EPvPihttjthh11QuantMode_thbbb] -> (nil)
npuchk: [_ZN6npuchk23copy_matrix_cc_to_gm_s4EPvPihttjthh11QuantMode_thbb14QuantMode_posthbhhb] -> (nil)
npuchk: [_ZN6npuchk20copy_matrix_cc_to_ubEPN7float165Fp16TEPfmm] -> (nil)
npuchk: [_ZN6npuchk20copy_matrix_cc_to_ubEPN7float165Fp16TEPfhttjthh11QuantMode_thbbb] -> (nil)
npuchk: [_ZN6npuchk20copy_matrix_cc_to_ubEPN8bfloat165Bf16TEPfhttjthh11QuantMode_thbbb] -> (nil)
npuchk: [_ZN6npuchk20copy_matrix_cc_to_ubEPN7float165Fp16TEPfhttjthh11QuantMode_thbb14QuantMode_posthbhhb] -> (nil)
npuchk: [_ZN6npuchk20copy_matrix_cc_to_ubEPaPfmm] -> (nil)
npuchk: [_ZN6npuchk20copy_matrix_cc_to_ubEPaPfhttjthh11QuantMode_thbbb] -> (nil)
npuchk: [_ZN6npuchk20copy_matrix_cc_to_ubEPaPfhttjthh11QuantMode_thbb14QuantMode_posthbhhb] -> (nil)
npuchk: [_ZN6npuchk20copy_matrix_cc_to_ubEPhPfmm] -> (nil)
npuchk: [_ZN6npuchk20copy_matrix_cc_to_ubEPhPfhttjthh11QuantMode_thbbb] -> (nil)
npuchk: [_ZN6npuchk20copy_matrix_cc_to_ubEPhPfhttjthh11QuantMode_thbb14QuantMode_posthbhhb] -> (nil)
npuchk: [_ZN6npuchk20copy_matrix_cc_to_ubEPfS0_mm] -> (nil)
npuchk: [_ZN6npuchk20copy_matrix_cc_to_ubEPfS0_httjthh11QuantMode_thbbb] -> (nil)
npuchk: [_ZN6npuchk20copy_matrix_cc_to_ubEPfS0_httjthh11QuantMode_thbb14QuantMode_posthbhhb] -> (nil)
npuchk: [_ZN6npuchk20copy_matrix_cc_to_ubEPN7float165Fp16TEPimm] -> (nil)
npuchk: [_ZN6npuchk20copy_matrix_cc_to_ubEPN7float165Fp16TEPihttjthh11QuantMode_thbbb] -> (nil)
npuchk: [_ZN6npuchk20copy_matrix_cc_to_ubEPN7float165Fp16TEPihttjthh11QuantMode_thbb14QuantMode_posthbhhb] -> (nil)
npuchk: [_ZN6npuchk20copy_matrix_cc_to_ubEPaPimm] -> (nil)
npuchk: [_ZN6npuchk20copy_matrix_cc_to_ubEPaPihttjthh11QuantMode_thbbb] -> (nil)
npuchk: [_ZN6npuchk20copy_matrix_cc_to_ubEPaPihttjthh11QuantMode_thbb14QuantMode_posthbhhb] -> (nil)
npuchk: [_ZN6npuchk20copy_matrix_cc_to_ubEPhPimm] -> (nil)
npuchk: [_ZN6npuchk20copy_matrix_cc_to_ubEPhPihttjthh11QuantMode_thbbb] -> (nil)
npuchk: [_ZN6npuchk20copy_matrix_cc_to_ubEPhPihttjthh11QuantMode_thbb14QuantMode_posthbhhb] -> (nil)
npuchk: [_ZN6npuchk20copy_matrix_cc_to_ubEPiS0_mm] -> (nil)
npuchk: [_ZN6npuchk20copy_matrix_cc_to_ubEPiS0_httjthh11QuantMode_thbbb] -> (nil)
npuchk: [_ZN6npuchk20copy_matrix_cc_to_ubEPiS0_httjthh11QuantMode_thbb14QuantMode_posthbhhb] -> (nil)
npuchk: [_ZN6npuchk25copy_matrix_cc_to_ub_bf16EPtPfmm] -> (nil)
npuchk: [_ZN6npuchk25copy_matrix_cc_to_ub_bf16EPtPfhttjthh11QuantMode_thbbb] -> (nil)
npuchk: [_ZN6npuchk25copy_matrix_cc_to_ub_bf16EPtPfhttjthh11QuantMode_thbb14QuantMode_posthbhhb] -> (nil)
npuchk: [_ZN6npuchk23copy_matrix_cc_to_ub_s4EPvPfmm] -> (nil)
npuchk: [_ZN6npuchk23copy_matrix_cc_to_ub_s4EPvPfhttjthh11QuantMode_thbbb] -> (nil)
npuchk: [_ZN6npuchk23copy_matrix_cc_to_ub_s4EPvPfhttjthh11QuantMode_thbb14QuantMode_posthbhhb] -> (nil)
npuchk: [_ZN6npuchk23copy_matrix_cc_to_ub_s4EPvPimm] -> (nil)
npuchk: [_ZN6npuchk23copy_matrix_cc_to_ub_s4EPvPihttjthh11QuantMode_thbbb] -> (nil)
npuchk: [_ZN6npuchk23copy_matrix_cc_to_ub_s4EPvPihttjthh11QuantMode_thbb14QuantMode_posthbhhb] -> (nil)
npuchk: [_ZN6npuchk22copy_matrix_cc_to_ubufEPN7float165Fp16TES2_m10ConvRelu_t] -> 0xffffad287fa8
npuchk: [_ZN6npuchk22copy_matrix_cc_to_ubufEPN7float165Fp16TES2_htttt10ConvRelu_t] -> 0xffffad2882cc
npuchk: [_ZN6npuchk22copy_matrix_cc_to_ubufEPN7float165Fp16TEPfm10ConvRelu_t] -> 0xffffad28871c
npuchk: [_ZN6npuchk22copy_matrix_cc_to_ubufEPN7float165Fp16TEPfhtttt10ConvRelu_t] -> 0xffffad288a40
npuchk: [_ZN6npuchk22copy_matrix_cc_to_ubufEPfS0_m10ConvRelu_t] -> 0xffffad288e90
npuchk: [_ZN6npuchk22copy_matrix_cc_to_ubufEPfS0_htttt10ConvRelu_t] -> 0xffffad2891b4
npuchk: [_ZN6npuchk22copy_matrix_cc_to_ubufEPN7float165Fp16TEPim10ConvRelu_t] -> 0xffffad289604
npuchk: [_ZN6npuchk22copy_matrix_cc_to_ubufEPN7float165Fp16TEPihtttt10ConvRelu_t] -> 0xffffad289928
npuchk: [_ZN6npuchk22copy_matrix_cc_to_ubufEPsPim10ConvRelu_t] -> 0xffffad289d78
npuchk: [_ZN6npuchk22copy_matrix_cc_to_ubufEPsPihtttt10ConvRelu_t] -> 0xffffad28a09c
npuchk: [_ZN6npuchk22copy_matrix_cc_to_ubufEPiS0_m10ConvRelu_t] -> 0xffffad28a4ec
npuchk: [_ZN6npuchk22copy_matrix_cc_to_ubufEPiS0_htttt10ConvRelu_t] -> 0xffffad28a810
npuchk: [_ZN6npuchk22copy_matrix_cc_to_ubufEPaPim10ConvRelu_t] -> 0xffffad28ac60
npuchk: [_ZN6npuchk22copy_matrix_cc_to_ubufEPaPihtttt10ConvRelu_t] -> 0xffffad28af84
npuchk: [_ZN6npuchk22copy_matrix_cc_to_ubufEPjS0_m10ConvRelu_t] -> 0xffffad28b3d4
npuchk: [_ZN6npuchk22copy_matrix_cc_to_ubufEPjS0_htttt10ConvRelu_t] -> 0xffffad28b6f8
npuchk: [_ZN6npuchk22copy_matrix_cc_to_ubufEPhPim10ConvRelu_t] -> 0xffffad28bb48
npuchk: [_ZN6npuchk22copy_matrix_cc_to_ubufEPhPihtttt10ConvRelu_t] -> 0xffffad28be6c
npuchk: [_ZN6npuchk22copy_matrix_ubuf_to_ccEPN7float165Fp16TES2_m10ConvRelu_t] -> 0xffffad28c2bc
npuchk: [_ZN6npuchk22copy_matrix_ubuf_to_ccEPN7float165Fp16TES2_htttt10ConvRelu_t] -> 0xffffad28c5e0
npuchk: [_ZN6npuchk22copy_matrix_ubuf_to_ccEPfS0_m10ConvRelu_t] -> 0xffffad28ca30
npuchk: [_ZN6npuchk22copy_matrix_ubuf_to_ccEPfS0_htttt10ConvRelu_t] -> 0xffffad28cd54
npuchk: [_ZN6npuchk22copy_matrix_ubuf_to_ccEPfPN7float165Fp16TEm10ConvRelu_t] -> 0xffffad28d1a4
npuchk: [_ZN6npuchk22copy_matrix_ubuf_to_ccEPfPN7float165Fp16TEhtttt10ConvRelu_t] -> 0xffffad28d4c8
npuchk: [_ZN6npuchk22copy_matrix_ubuf_to_ccEPiS0_m10ConvRelu_t] -> 0xffffad28d918
npuchk: [_ZN6npuchk22copy_matrix_ubuf_to_ccEPiS0_htttt10ConvRelu_t] -> 0xffffad28dc3c
npuchk: [_ZN6npuchk22copy_matrix_ubuf_to_ccEPjS0_m10ConvRelu_t] -> 0xffffad28e08c
npuchk: [_ZN6npuchk22copy_matrix_ubuf_to_ccEPjS0_htttt10ConvRelu_t] -> 0xffffad28e3b0
npuchk: [_ZN6npuchk28copy_small_matrix_cc_to_ubufEPN7float165Fp16TEPim10ConvRelu_t] -> (nil)
npuchk: [_ZN6npuchk28copy_small_matrix_cc_to_ubufEPN7float165Fp16TEPihtttt10ConvRelu_t] -> (nil)
npuchk: [_ZN6npuchk28copy_small_matrix_cc_to_ubufEPsPim10ConvRelu_t] -> (nil)
npuchk: [_ZN6npuchk28copy_small_matrix_cc_to_ubufEPsPihtttt10ConvRelu_t] -> (nil)
npuchk: [_ZN6npuchk28copy_small_matrix_cc_to_ubufEPiS0_m10ConvRelu_t] -> (nil)
npuchk: [_ZN6npuchk28copy_small_matrix_cc_to_ubufEPiS0_htttt10ConvRelu_t] -> (nil)
npuchk: [_ZN6npuchk28copy_small_matrix_cc_to_ubufEPaPim10ConvRelu_t] -> (nil)
npuchk: [_ZN6npuchk28copy_small_matrix_cc_to_ubufEPaPihtttt10ConvRelu_t] -> (nil)
npuchk: [_ZN6npuchk28copy_small_matrix_cc_to_ubufEPjS0_m10ConvRelu_t] -> (nil)
npuchk: [_ZN6npuchk28copy_small_matrix_cc_to_ubufEPjS0_htttt10ConvRelu_t] -> (nil)
npuchk: [_ZN6npuchk28copy_small_matrix_cc_to_ubufEPhPim10ConvRelu_t] -> (nil)
npuchk: [_ZN6npuchk28copy_small_matrix_cc_to_ubufEPhPihtttt10ConvRelu_t] -> (nil)
npuchk: [_ZN6npuchk28copy_small_matrix_ubuf_to_ccEPiS0_m10ConvRelu_t] -> (nil)
npuchk: [_ZN6npuchk28copy_small_matrix_ubuf_to_ccEPiS0_htttt10ConvRelu_t] -> (nil)
npuchk: [_ZN6npuchk28copy_small_matrix_ubuf_to_ccEPjS0_m10ConvRelu_t] -> (nil)
npuchk: [_ZN6npuchk28copy_small_matrix_ubuf_to_ccEPjS0_htttt10ConvRelu_t] -> (nil)
npuchk: [_ZN6npuchk17copy_ubuf_to_cbufEPvS0_m] -> 0xffffad28e800
npuchk: [_ZN6npuchk17copy_ubuf_to_cbufEPvS0_htttt] -> 0xffffad28ea84
npuchk: [_ZN6npuchk17copy_ubuf_to_fbufEPvS0_m] -> (nil)
npuchk: [_ZN6npuchk17copy_ubuf_to_fbufEPvS0_9CvtMode_ttttt] -> (nil)
npuchk: [_ZN6npuchk15copy_ubuf_to_gmEPvS0_m] -> 0xffffad1eabac
npuchk: [_ZN6npuchk15copy_ubuf_to_gmEPvS0_m4bm_t] -> 0xffffad1eae34
npuchk: [_ZN6npuchk15copy_ubuf_to_gmEPvS0_htttt4bm_t] -> 0xffffad1eb128
npuchk: [_ZN6npuchk15copy_ubuf_to_gmEPvS0_htttt] -> 0xffffad1eb548
npuchk: [_ZN6npuchk25copy_ubuf_to_gm_align_b16EPvS0_mm] -> 0xffffad1eb8fc
npuchk: [_ZN6npuchk25copy_ubuf_to_gm_align_b16EPvS0_htjhhjj] -> 0xffffad1ebbdc
npuchk: [_ZN6npuchk25copy_ubuf_to_gm_align_b32EPvS0_mm] -> 0xffffad1ec044
npuchk: [_ZN6npuchk25copy_ubuf_to_gm_align_b32EPvS0_htjhhjj] -> 0xffffad1ec324
npuchk: [_ZN6npuchk24copy_ubuf_to_gm_align_b8EPvS0_mm] -> 0xffffad1ec78c
npuchk: [_ZN6npuchk24copy_ubuf_to_gm_align_b8EPvS0_htjhhjj] -> 0xffffad1eca68
npuchk: [_ZN6npuchk21copy_ubuf_to_gm_alignEPaS0_htjjj] -> (nil)
npuchk: [_ZN6npuchk21copy_ubuf_to_gm_alignEPhS0_htjjj] -> (nil)
npuchk: [_ZN6npuchk21copy_ubuf_to_gm_alignEPsS0_htjjj] -> (nil)
npuchk: [_ZN6npuchk21copy_ubuf_to_gm_alignEPtS0_htjjj] -> (nil)
npuchk: [_ZN6npuchk21copy_ubuf_to_gm_alignEPN7float165Fp16TES2_htjjj] -> (nil)
npuchk: [_ZN6npuchk21copy_ubuf_to_gm_alignEPiS0_htjjj] -> (nil)
npuchk: [_ZN6npuchk21copy_ubuf_to_gm_alignEPjS0_htjjj] -> (nil)
npuchk: [_ZN6npuchk21copy_ubuf_to_gm_alignEPfS0_htjjj] -> (nil)
npuchk: [_ZN6npuchk23copy_ubuf_to_gm_pad_b16EPvS0_mm] -> (nil)
npuchk: [_ZN6npuchk23copy_ubuf_to_gm_pad_b16EPvS0_htttthh] -> (nil)
npuchk: [_ZN6npuchk23copy_ubuf_to_gm_pad_b32EPvS0_mm] -> (nil)
npuchk: [_ZN6npuchk23copy_ubuf_to_gm_pad_b32EPvS0_htttthh] -> (nil)
npuchk: [_ZN6npuchk22copy_ubuf_to_gm_pad_b8EPvS0_mm] -> (nil)
npuchk: [_ZN6npuchk22copy_ubuf_to_gm_pad_b8EPvS0_htttthh] -> (nil)
npuchk: [_ZN6npuchk17copy_ubuf_to_ubufEPvS0_m] -> 0xffffad1ececc
npuchk: [_ZN6npuchk17copy_ubuf_to_ubufEPvS0_htttt] -> 0xffffad1ed154
npuchk: [_ZN6npuchk22copy_vector_cc_to_ubufEPN7float165Fp16TES2_m10ConvRelu_t] -> 0xffffad28ee34
npuchk: [_ZN6npuchk22copy_vector_cc_to_ubufEPN7float165Fp16TES2_htttt10ConvRelu_t] -> 0xffffad28f15c
npuchk: [_ZN6npuchk22copy_vector_cc_to_ubufEPN7float165Fp16TEPfm10ConvRelu_t] -> 0xffffad28f5b0
npuchk: [_ZN6npuchk22copy_vector_cc_to_ubufEPN7float165Fp16TEPfhtttt10ConvRelu_t] -> 0xffffad28f8d8
npuchk: [_ZN6npuchk22copy_vector_cc_to_ubufEPfS0_m10ConvRelu_t] -> 0xffffad28fd2c
npuchk: [_ZN6npuchk22copy_vector_cc_to_ubufEPfS0_htttt10ConvRelu_t] -> 0xffffad290054
npuchk: [_ZN6npuchk22copy_vector_cc_to_ubufEPN7float165Fp16TEPim10ConvRelu_t] -> 0xffffad2904a8
npuchk: [_ZN6npuchk22copy_vector_cc_to_ubufEPN7float165Fp16TEPihtttt10ConvRelu_t] -> 0xffffad2907d0
npuchk: [_ZN6npuchk22copy_vector_cc_to_ubufEPsPim10ConvRelu_t] -> 0xffffad290c24
npuchk: [_ZN6npuchk22copy_vector_cc_to_ubufEPsPihtttt10ConvRelu_t] -> 0xffffad290f4c
npuchk: [_ZN6npuchk22copy_vector_cc_to_ubufEPiS0_m10ConvRelu_t] -> 0xffffad2913a0
npuchk: [_ZN6npuchk22copy_vector_cc_to_ubufEPiS0_htttt10ConvRelu_t] -> 0xffffad2916c8
npuchk: [_ZN6npuchk22copy_vector_cc_to_ubufEPaPim10ConvRelu_t] -> 0xffffad291b1c
npuchk: [_ZN6npuchk22copy_vector_cc_to_ubufEPaPihtttt10ConvRelu_t] -> 0xffffad291e44
npuchk: [_ZN6npuchk22copy_vector_cc_to_ubufEPjS0_m10ConvRelu_t] -> 0xffffad292298
npuchk: [_ZN6npuchk22copy_vector_cc_to_ubufEPjS0_htttt10ConvRelu_t] -> 0xffffad2925c0
npuchk: [_ZN6npuchk22copy_vector_cc_to_ubufEPhPim10ConvRelu_t] -> 0xffffad292a14
npuchk: [_ZN6npuchk22copy_vector_cc_to_ubufEPhPihtttt10ConvRelu_t] -> 0xffffad292d3c
npuchk: [_ZN6npuchk22copy_vector_ubuf_to_ccEPN7float165Fp16TES2_m10ConvRelu_t] -> 0xffffad293190
npuchk: [_ZN6npuchk22copy_vector_ubuf_to_ccEPN7float165Fp16TES2_htttt10ConvRelu_t] -> 0xffffad2934b4
npuchk: [_ZN6npuchk22copy_vector_ubuf_to_ccEPfS0_m10ConvRelu_t] -> 0xffffad293904
npuchk: [_ZN6npuchk22copy_vector_ubuf_to_ccEPfS0_htttt10ConvRelu_t] -> 0xffffad293c28
npuchk: [_ZN6npuchk22copy_vector_ubuf_to_ccEPfPN7float165Fp16TEm10ConvRelu_t] -> 0xffffad294078
npuchk: [_ZN6npuchk22copy_vector_ubuf_to_ccEPfPN7float165Fp16TEhtttt10ConvRelu_t] -> 0xffffad29439c
npuchk: [_ZN6npuchk22copy_vector_ubuf_to_ccEPiS0_m10ConvRelu_t] -> 0xffffad2947ec
npuchk: [_ZN6npuchk22copy_vector_ubuf_to_ccEPiS0_htttt10ConvRelu_t] -> 0xffffad294b10
npuchk: [_ZN6npuchk22copy_vector_ubuf_to_ccEPjS0_m10ConvRelu_t] -> 0xffffad294f60
npuchk: [_ZN6npuchk22copy_vector_ubuf_to_ccEPjS0_htttt10ConvRelu_t] -> 0xffffad295284
npuchk: [_ZN6npuchk16create_ca_matrixEPvlN7float165Fp16TE] -> 0xffffad2956d4
npuchk: [_ZN6npuchk16create_ca_matrixEPN7float165Fp16TElS1_] -> 0xffffad1a0c00
npuchk: [_ZN6npuchk16create_ca_matrixEPslN7float165Fp16TE] -> 0xffffad1a0dd0
npuchk: [_ZN6npuchk16create_ca_matrixEPtlN7float165Fp16TE] -> 0xffffad1a0fa0
npuchk: [_ZN6npuchk16create_ca_matrixEPN7float165Fp16TElj] -> 0xffffad1a1170
npuchk: [_ZN6npuchk16create_ca_matrixEPflj] -> 0xffffad1a1334
npuchk: [_ZN6npuchk16create_ca_matrixEPflN7float165Fp16TE] -> 0xffffad1a14fc
npuchk: [_ZN6npuchk16create_ca_matrixEPslj] -> 0xffffad1a16d0
npuchk: [_ZN6npuchk16create_ca_matrixEPilj] -> 0xffffad1a1894
npuchk: [_ZN6npuchk16create_ca_matrixEPilN7float165Fp16TE] -> 0xffffad1a1a5c
npuchk: [_ZN6npuchk16create_ca_matrixEPtlj] -> 0xffffad1a1c30
npuchk: [_ZN6npuchk16create_ca_matrixEPjlj] -> 0xffffad1a1df4
npuchk: [_ZN6npuchk16create_ca_matrixEPjlN7float165Fp16TE] -> 0xffffad1a1fbc
npuchk: [_ZN6npuchk21create_ca_matrix_bf16EPN8bfloat165Bf16TElS1_] -> (nil)
npuchk: [_ZN6npuchk16create_cb_matrixEPvlN7float165Fp16TE] -> 0xffffad2958a4
npuchk: [_ZN6npuchk16create_cb_matrixEPN7float165Fp16TElS1_] -> 0xffffad1a2190
npuchk: [_ZN6npuchk16create_cb_matrixEPslN7float165Fp16TE] -> 0xffffad1a2364
npuchk: [_ZN6npuchk16create_cb_matrixEPtlN7float165Fp16TE] -> 0xffffad1a2538
npuchk: [_ZN6npuchk16create_cb_matrixEPN7float165Fp16TElj] -> 0xffffad1a270c
npuchk: [_ZN6npuchk16create_cb_matrixEPflj] -> 0xffffad1a28d4
npuchk: [_ZN6npuchk16create_cb_matrixEPflN7float165Fp16TE] -> 0xffffad1a2a9c
npuchk: [_ZN6npuchk16create_cb_matrixEPslj] -> 0xffffad1a2c70
npuchk: [_ZN6npuchk16create_cb_matrixEPilj] -> 0xffffad1a2e38
npuchk: [_ZN6npuchk16create_cb_matrixEPilN7float165Fp16TE] -> 0xffffad1a3000
npuchk: [_ZN6npuchk16create_cb_matrixEPtlj] -> 0xffffad1a31d4
npuchk: [_ZN6npuchk16create_cb_matrixEPjlj] -> 0xffffad1a339c
npuchk: [_ZN6npuchk16create_cb_matrixEPjlN7float165Fp16TE] -> 0xffffad1a3564
npuchk: [_ZN6npuchk21create_cb_matrix_bf16EPN8bfloat165Bf16TElS1_] -> (nil)
npuchk: [_ZN6npuchk18create_cbuf_matrixEPvlN7float165Fp16TE] -> 0xffffad295a78
npuchk: [_ZN6npuchk18create_cbuf_matrixEPN7float165Fp16TElS1_] -> 0xffffad1a3738
npuchk: [_ZN6npuchk18create_cbuf_matrixEPslN7float165Fp16TE] -> 0xffffad1a390c
npuchk: [_ZN6npuchk18create_cbuf_matrixEPtlN7float165Fp16TE] -> 0xffffad1a3ae0
npuchk: [_ZN6npuchk18create_cbuf_matrixEPN7float165Fp16TElj] -> 0xffffad1a3cb4
npuchk: [_ZN6npuchk18create_cbuf_matrixEPflj] -> 0xffffad1a3e7c
npuchk: [_ZN6npuchk18create_cbuf_matrixEPflN7float165Fp16TE] -> 0xffffad1a4044
npuchk: [_ZN6npuchk18create_cbuf_matrixEPslj] -> 0xffffad1a4218
npuchk: [_ZN6npuchk18create_cbuf_matrixEPilj] -> 0xffffad1a43e0
npuchk: [_ZN6npuchk18create_cbuf_matrixEPilN7float165Fp16TE] -> 0xffffad1a45a8
npuchk: [_ZN6npuchk18create_cbuf_matrixEPtlj] -> 0xffffad1a477c
npuchk: [_ZN6npuchk18create_cbuf_matrixEPjlj] -> 0xffffad1a4944
npuchk: [_ZN6npuchk18create_cbuf_matrixEPjlN7float165Fp16TE] -> 0xffffad1a4b0c
npuchk: [_ZN6npuchk23create_cbuf_matrix_bf16EPN8bfloat165Bf16TElS1_] -> (nil)
npuchk: [_ZN6npuchk10dc_preloadEPms] -> 0xffffad1a4ce0
npuchk: [_ZN6npuchk10dc_preloadEPml] -> 0xffffad1a4f04
npuchk: [_ZN6npuchk4dcciEPvm] -> 0xffffad1a5128
npuchk: [_ZN6npuchk4dcciEPvmm] -> 0xffffad1a5348
npuchk: [_ZN6npuchk21decompress_gm_to_cbufEPhS0_l] -> 0xffffad295c4c
npuchk: [_ZN6npuchk21decompress_gm_to_cbufEPhS0_tbhh] -> 0xffffad295ecc
npuchk: [_ZN6npuchk21decompress_gm_to_cbufEPN7float165Fp16TES2_l] -> 0xffffad29623c
npuchk: [_ZN6npuchk21decompress_gm_to_cbufEPN7float165Fp16TES2_tbhh] -> 0xffffad2964bc
npuchk: [_ZN6npuchk19decompress_gm_to_ubEPhS0_l] -> 0xffffad29682c
npuchk: [_ZN6npuchk19decompress_gm_to_ubEPhS0_tbhh] -> 0xffffad296aa8
npuchk: [_ZN6npuchk19decompress_gm_to_ubEPN7float165Fp16TES2_l] -> 0xffffad296e14
npuchk: [_ZN6npuchk19decompress_gm_to_ubEPN7float165Fp16TES2_tbhh] -> 0xffffad297094
npuchk: [_ZN6npuchk14depthwise_convEPN7float165Fp16TES2_S2_mb] -> 0xffffad297404
npuchk: [_ZN6npuchk14depthwise_convEPN7float165Fp16TES2_S2_tthhhhb] -> 0xffffad297740
npuchk: [_ZN6npuchk14depthwise_convEPfPN7float165Fp16TES3_mb] -> 0xffffad297c0c
npuchk: [_ZN6npuchk14depthwise_convEPfPN7float165Fp16TES3_tthhhhb] -> 0xffffad297f48
npuchk: [_ZN6npuchk14depthwise_convEPiPaS1_mb] -> 0xffffad298414
npuchk: [_ZN6npuchk14depthwise_convEPiPaS1_ttahhhb] -> 0xffffad298750
npuchk: [_ZN6npuchk14depthwise_convEPiPhS1_mb] -> 0xffffad298c1c
npuchk: [_ZN6npuchk14depthwise_convEPiPhS1_tthhhhb] -> 0xffffad298f58
npuchk: [_ZN6npuchk14depthwise_convEPiPhPamb] -> 0xffffad299424
npuchk: [_ZN6npuchk14depthwise_convEPiPhPatthhhhb] -> 0xffffad299760
npuchk: [_ZN6npuchk17depthwise_conv_v2EPN7float165Fp16TES2_S2_m] -> (nil)
npuchk: [_ZN6npuchk17depthwise_conv_v2EPN7float165Fp16TES2_S2_tthhhthbbh] -> (nil)
npuchk: [_ZN6npuchk17depthwise_conv_v2EPfPN7float165Fp16TES3_m] -> (nil)
npuchk: [_ZN6npuchk17depthwise_conv_v2EPfPN7float165Fp16TES3_tthhhthbbh] -> (nil)
npuchk: [_ZN6npuchk17depthwise_conv_v2EPiPaS1_m] -> (nil)
npuchk: [_ZN6npuchk17depthwise_conv_v2EPiPaS1_tthhhthbbh] -> (nil)
npuchk: [_ZN6npuchk17depthwise_conv_v2EPiPhS1_m] -> (nil)
npuchk: [_ZN6npuchk17depthwise_conv_v2EPiPhS1_tthhhthbbh] -> (nil)
npuchk: [_ZN6npuchk17depthwise_conv_v2EPiPhPam] -> (nil)
npuchk: [_ZN6npuchk17depthwise_conv_v2EPiPhPatthhhthbbh] -> (nil)
npuchk: [_ZN6npuchk3dsbE9mem_dsb_t] -> 0xffffad1a55ac
npuchk: [_ZN6npuchk22fake_overflow_status_1Ev] -> (nil)
npuchk: [_ZN6npuchk22fake_overflow_status_2Ev] -> (nil)
npuchk: [_ZN6npuchk20ffts_cross_core_syncE6pipe_tm] -> 0xffffad1a5780
npuchk: [_ZN6npuchk5fifr1EPsS0_mm] -> (nil)
npuchk: [_ZN6npuchk5fifr1EPsS0_mm4bm_t] -> (nil)
npuchk: [_ZN6npuchk5fifr1EPsS0_8w_size_thhhaaaaaaaaaahh4bm_t] -> (nil)
npuchk: [_ZN6npuchk5fifr1EPsS0_8w_size_thhhaaaaaaaaaahh] -> (nil)
npuchk: [_ZN6npuchk5fifr1EPsPamm] -> (nil)
npuchk: [_ZN6npuchk5fifr1EPsPamm4bm_t] -> (nil)
npuchk: [_ZN6npuchk5fifr1EPsPa8w_size_thhhaaaaaaaaaahh4bm_t] -> (nil)
npuchk: [_ZN6npuchk5fifr1EPsPa8w_size_thhhaaaaaaaaaahh] -> (nil)
npuchk: [_ZN6npuchk5fifr1EPsPtmm] -> (nil)
npuchk: [_ZN6npuchk5fifr1EPsPtmm4bm_t] -> (nil)
npuchk: [_ZN6npuchk5fifr1EPsPt8w_size_thhhaaaaaaaaaahh4bm_t] -> (nil)
npuchk: [_ZN6npuchk5fifr1EPsPt8w_size_thhhaaaaaaaaaahh] -> (nil)
npuchk: [_ZN6npuchk5fifr1EPsPhmm] -> (nil)
npuchk: [_ZN6npuchk5fifr1EPsPhmm4bm_t] -> (nil)
npuchk: [_ZN6npuchk5fifr1EPsPh8w_size_thhhaaaaaaaaaahh4bm_t] -> (nil)
npuchk: [_ZN6npuchk5fifr1EPsPh8w_size_thhhaaaaaaaaaahh] -> (nil)
npuchk: [_ZN6npuchk26fix_depthwisein_cc_to_cbufEPaPimm] -> (nil)
npuchk: [_ZN6npuchk26fix_depthwisein_cc_to_cbufEPaPi11unit_flag_thtttt13ConvReluFix_tb6Relu_tbS4_6Pool_t5Req_t10DualMode_ttt] -> (nil)
npuchk: [_ZN6npuchk26fix_depthwisein_cc_to_cbufEPhPimm] -> (nil)
npuchk: [_ZN6npuchk26fix_depthwisein_cc_to_cbufEPhPi11unit_flag_thtttt13ConvReluFix_tb6Relu_tbS4_6Pool_t5Req_t10DualMode_ttt] -> (nil)
npuchk: [_ZN6npuchk26fix_depthwisein_cc_to_ubufEPaPimm] -> (nil)
npuchk: [_ZN6npuchk26fix_depthwisein_cc_to_ubufEPaPi11unit_flag_thtttt13ConvReluFix_tb6Relu_tbS4_6Pool_t5Req_t10DualMode_ttt] -> (nil)
npuchk: [_ZN6npuchk26fix_depthwisein_cc_to_ubufEPhPimm] -> (nil)
npuchk: [_ZN6npuchk26fix_depthwisein_cc_to_ubufEPhPi11unit_flag_thtttt13ConvReluFix_tb6Relu_tbS4_6Pool_t5Req_t10DualMode_ttt] -> (nil)
npuchk: [_ZN6npuchk27fix_depthwiseout_cc_to_cbufEPaPimm] -> (nil)
npuchk: [_ZN6npuchk27fix_depthwiseout_cc_to_cbufEPaPi11unit_flag_thtttt13ConvReluFix_tb6Relu_tbS4_6Pool_t5Req_t10DualMode_ttt] -> (nil)
npuchk: [_ZN6npuchk27fix_depthwiseout_cc_to_cbufEPhPimm] -> (nil)
npuchk: [_ZN6npuchk27fix_depthwiseout_cc_to_cbufEPhPi11unit_flag_thtttt13ConvReluFix_tb6Relu_tbS4_6Pool_t5Req_t10DualMode_ttt] -> (nil)
npuchk: [_ZN6npuchk21fix_matrix_cc_to_cbufEPN7float165Fp16TES2_mm] -> (nil)
npuchk: [_ZN6npuchk21fix_matrix_cc_to_cbufEPaPN7float165Fp16TEmm] -> (nil)
npuchk: [_ZN6npuchk21fix_matrix_cc_to_cbufEPaPN7float165Fp16TE11unit_flag_thtttt13ConvReluFix_tb6Relu_tbS6_6Pool_t5Req_t10DualMode_ttt] -> (nil)
npuchk: [_ZN6npuchk21fix_matrix_cc_to_cbufEPhPN7float165Fp16TEmm] -> (nil)
npuchk: [_ZN6npuchk21fix_matrix_cc_to_cbufEPhPN7float165Fp16TE11unit_flag_thtttt13ConvReluFix_tb6Relu_tbS6_6Pool_t5Req_t10DualMode_ttt] -> (nil)
npuchk: [_ZN6npuchk21fix_matrix_cc_to_cbufEPN7float165Fp16TES2_11unit_flag_thtttt13ConvReluFix_tb6Relu_tbS5_6Pool_t5Req_t10DualMode_ttt] -> (nil)
npuchk: [_ZN6npuchk21fix_matrix_cc_to_cbufEPiS0_mm] -> (nil)
npuchk: [_ZN6npuchk21fix_matrix_cc_to_cbufEPN7float165Fp16TEPimm] -> (nil)
npuchk: [_ZN6npuchk21fix_matrix_cc_to_cbufEPN7float165Fp16TEPi11unit_flag_thtttt13ConvReluFix_tb6Relu_tbS6_6Pool_t5Req_t10DualMode_ttt] -> (nil)
npuchk: [_ZN6npuchk21fix_matrix_cc_to_cbufEPsPimm] -> (nil)
npuchk: [_ZN6npuchk21fix_matrix_cc_to_cbufEPsPi11unit_flag_thtttt13ConvReluFix_tb6Relu_tbS4_6Pool_t5Req_t10DualMode_ttt] -> (nil)
npuchk: [_ZN6npuchk21fix_matrix_cc_to_cbufEPaPimm] -> (nil)
npuchk: [_ZN6npuchk21fix_matrix_cc_to_cbufEPaPi11unit_flag_thtttt13ConvReluFix_tb6Relu_tbS4_6Pool_t5Req_t10DualMode_ttt] -> (nil)
npuchk: [_ZN6npuchk21fix_matrix_cc_to_cbufEPhPimm] -> (nil)
npuchk: [_ZN6npuchk21fix_matrix_cc_to_cbufEPhPi11unit_flag_thtttt13ConvReluFix_tb6Relu_tbS4_6Pool_t5Req_t10DualMode_ttt] -> (nil)
npuchk: [_ZN6npuchk21fix_matrix_cc_to_cbufEPiS0_11unit_flag_thtttt13ConvReluFix_tb6Relu_tbS3_6Pool_t5Req_t10DualMode_ttt] -> (nil)
npuchk: [_ZN6npuchk21fix_matrix_cc_to_ubufEPN7float165Fp16TES2_mm] -> (nil)
npuchk: [_ZN6npuchk21fix_matrix_cc_to_ubufEPN7float165Fp16TES2_11unit_flag_thtttt13ConvReluFix_tb6Relu_tbS5_6Pool_t5Req_t10DualMode_ttt] -> (nil)
npuchk: [_ZN6npuchk21fix_matrix_cc_to_ubufEPN7float165Fp16TEPimm] -> (nil)
npuchk: [_ZN6npuchk21fix_matrix_cc_to_ubufEPN7float165Fp16TEPi11unit_flag_thtttt13ConvReluFix_tb6Relu_tbS6_6Pool_t5Req_t10DualMode_ttt] -> (nil)
npuchk: [_ZN6npuchk21fix_matrix_cc_to_ubufEPsPimm] -> (nil)
npuchk: [_ZN6npuchk21fix_matrix_cc_to_ubufEPsPi11unit_flag_thtttt13ConvReluFix_tb6Relu_tbS4_6Pool_t5Req_t10DualMode_ttt] -> (nil)
npuchk: [_ZN6npuchk21fix_matrix_cc_to_ubufEPiS0_mm] -> (nil)
npuchk: [_ZN6npuchk21fix_matrix_cc_to_ubufEPiS0_11unit_flag_thtttt13ConvReluFix_tb6Relu_tbS3_6Pool_t5Req_t10DualMode_ttt] -> (nil)
npuchk: [_ZN6npuchk21fix_matrix_cc_to_ubufEPaPimm] -> (nil)
npuchk: [_ZN6npuchk21fix_matrix_cc_to_ubufEPaPi11unit_flag_thtttt13ConvReluFix_tb6Relu_tbS4_6Pool_t5Req_t10DualMode_ttt] -> (nil)
npuchk: [_ZN6npuchk21fix_matrix_cc_to_ubufEPhPimm] -> (nil)
npuchk: [_ZN6npuchk21fix_matrix_cc_to_ubufEPhPi11unit_flag_thtttt13ConvReluFix_tb6Relu_tbS4_6Pool_t5Req_t10DualMode_ttt] -> (nil)
npuchk: [_ZN6npuchk23fix_winograd_cc_to_cbufEPiS0_mm] -> (nil)
npuchk: [_ZN6npuchk23fix_winograd_cc_to_cbufEPN7float165Fp16TEPimm] -> (nil)
npuchk: [_ZN6npuchk23fix_winograd_cc_to_cbufEPN7float165Fp16TEPi11unit_flag_thtttt13ConvReluFix_tb6Relu_tbS6_6Pool_t5Req_t10DualMode_ttt] -> (nil)
npuchk: [_ZN6npuchk23fix_winograd_cc_to_cbufEPsPimm] -> (nil)
npuchk: [_ZN6npuchk23fix_winograd_cc_to_cbufEPsPi11unit_flag_thtttt13ConvReluFix_tb6Relu_tbS4_6Pool_t5Req_t10DualMode_ttt] -> (nil)
npuchk: [_ZN6npuchk23fix_winograd_cc_to_cbufEPaPimm] -> (nil)
npuchk: [_ZN6npuchk23fix_winograd_cc_to_cbufEPaPi11unit_flag_thtttt13ConvReluFix_tb6Relu_tbS4_6Pool_t5Req_t10DualMode_ttt] -> (nil)
npuchk: [_ZN6npuchk23fix_winograd_cc_to_cbufEPhPimm] -> (nil)
npuchk: [_ZN6npuchk23fix_winograd_cc_to_cbufEPhPi11unit_flag_thtttt13ConvReluFix_tb6Relu_tbS4_6Pool_t5Req_t10DualMode_ttt] -> (nil)
npuchk: [_ZN6npuchk23fix_winograd_cc_to_cbufEPiS0_11unit_flag_thtttt13ConvReluFix_tb6Relu_tbS3_6Pool_t5Req_t10DualMode_ttt] -> (nil)
npuchk: [_ZN6npuchk23fix_winograd_cc_to_ubufEPiS0_mm] -> (nil)
npuchk: [_ZN6npuchk23fix_winograd_cc_to_ubufEPN7float165Fp16TEPimm] -> (nil)
npuchk: [_ZN6npuchk23fix_winograd_cc_to_ubufEPN7float165Fp16TEPi11unit_flag_thtttt13ConvReluFix_tb6Relu_tbS6_6Pool_t5Req_t10DualMode_ttt] -> (nil)
npuchk: [_ZN6npuchk23fix_winograd_cc_to_ubufEPsPimm] -> (nil)
npuchk: [_ZN6npuchk23fix_winograd_cc_to_ubufEPsPi11unit_flag_thtttt13ConvReluFix_tb6Relu_tbS4_6Pool_t5Req_t10DualMode_ttt] -> (nil)
npuchk: [_ZN6npuchk23fix_winograd_cc_to_ubufEPaPimm] -> (nil)
npuchk: [_ZN6npuchk23fix_winograd_cc_to_ubufEPaPi11unit_flag_thtttt13ConvReluFix_tb6Relu_tbS4_6Pool_t5Req_t10DualMode_ttt] -> (nil)
npuchk: [_ZN6npuchk23fix_winograd_cc_to_ubufEPhPimm] -> (nil)
npuchk: [_ZN6npuchk23fix_winograd_cc_to_ubufEPhPi11unit_flag_thtttt13ConvReluFix_tb6Relu_tbS4_6Pool_t5Req_t10DualMode_ttt] -> (nil)
npuchk: [_ZN6npuchk23fix_winograd_cc_to_ubufEPiS0_11unit_flag_thtttt13ConvReluFix_tb6Relu_tbS3_6Pool_t5Req_t10DualMode_ttt] -> (nil)
npuchk: [_ZN6npuchk4fmaxEPhS0_m] -> (nil)
npuchk: [_ZN6npuchk4fmaxEPhS0_8w_size_thhhaaaaa] -> (nil)
npuchk: [_ZN6npuchk4fminEPhS0_m] -> (nil)
npuchk: [_ZN6npuchk4fminEPhS0_8w_size_thhhaaaaa] -> (nil)
npuchk: [_ZN6npuchk11get_acc_valEv] -> (nil)
npuchk: [_ZN6npuchk6get_arEv] -> (nil)
npuchk: [_ZN6npuchk12get_arch_verEv] -> (nil)
npuchk: [_ZN6npuchk13get_block_idxEv] -> (nil)
npuchk: [_ZN6npuchk13get_block_numEv] -> (nil)
npuchk: [_ZN6npuchk11get_cmpmaskEPv] -> 0xffffad1ed508
npuchk: [_ZN6npuchk8get_condEv] -> (nil)
npuchk: [_ZN6npuchk18get_condition_flagEv] -> (nil)
npuchk: [_ZN6npuchk10get_coreidEv] -> (nil)
npuchk: [_ZN6npuchk8get_ctrlEv] -> (nil)
npuchk: [_ZN6npuchk18get_data_main_baseEv] -> (nil)
npuchk: [_ZN6npuchk13get_data_sizeEv] -> (nil)
npuchk: [_ZN6npuchk16get_data_ub_baseEv] -> (nil)
npuchk: [_ZN6npuchk18get_ffts_base_addrEv] -> (nil)
npuchk: [_ZN6npuchk7get_fpcEv] -> (nil)
npuchk: [_ZN6npuchk17get_icache_prl_stEv] -> (nil)
npuchk: [_ZN6npuchk7get_immEm] -> (nil)
npuchk: [_ZN6npuchk7get_immEmm] -> (nil)
npuchk: [_ZN6npuchk7get_immEmmm] -> (nil)
npuchk: [_ZN6npuchk7get_immEmmmm] -> (nil)
npuchk: [_ZN6npuchk9get_k_numEv] -> (nil)
npuchk: [_ZN6npuchk14get_l2_in_mainEv] -> (nil)
npuchk: [_ZN6npuchk17get_l2_vaddr_baseEv] -> (nil)
npuchk: [_ZN6npuchk9get_lpcntEv] -> (nil)
npuchk: [_ZN6npuchk15get_max_min_cntEv] -> (nil)
npuchk: [_ZN6npuchk19get_overflow_statusEv] -> (nil)
npuchk: [_ZN6npuchk13get_para_baseEv] -> (nil)
npuchk: [_ZN6npuchk6get_pcEv] -> (nil)
npuchk: [_ZN6npuchk14get_rpn_cor_irEv] -> (nil)
npuchk: [_ZN6npuchk12get_rsvd_cntEv] -> (nil)
npuchk: [_ZN6npuchk19get_safety_crc_dataEv] -> (nil)
npuchk: [_ZN6npuchk17get_safety_crc_enEv] -> (nil)
npuchk: [_ZN6npuchk16get_smmu_tag_verEv] -> (nil)
npuchk: [_ZN6npuchk17get_st_atomic_cfgEv] -> (nil)
npuchk: [_ZN6npuchk18get_stack_phy_baseEv] -> (nil)
npuchk: [_ZN6npuchk10get_statusEv] -> (nil)
npuchk: [_ZN6npuchk15get_subblockdimEv] -> (nil)
npuchk: [_ZN6npuchk14get_subblockidEv] -> (nil)
npuchk: [_ZN6npuchk11get_sys_cntEv] -> (nil)
npuchk: [_ZN6npuchk15get_sys_va_baseEv] -> (nil)
npuchk: [_ZN6npuchk14get_thread_dimEv] -> (nil)
npuchk: [_ZN6npuchk13get_thread_idEv] -> (nil)
npuchk: [_ZN6npuchk6get_vlEv] -> (nil)
npuchk: [_ZN6npuchk11get_vms4_srEv] -> (nil)
npuchk: [_ZN6npuchk15hebcd_out_to_ubEPvS0_S0_m] -> (nil)
npuchk: [_ZN6npuchk15hebcd_out_to_ubEPvS0_S0_hhbbhttht] -> (nil)
npuchk: [_ZN6npuchk15hebce_l1_to_outEPvS0_S0_m] -> (nil)
npuchk: [_ZN6npuchk15hebce_l1_to_outEPvS0_S0_bbhhbbhttht] -> (nil)
npuchk: [_ZN6npuchk15hebce_ub_to_outEPvS0_S0_m] -> (nil)
npuchk: [_ZN6npuchk15hebce_ub_to_outEPvS0_S0_bbhhbbhttht] -> (nil)
npuchk: [_ZN6npuchk9hset_flagE6pipe_tS0_7event_t5mem_tb] -> (nil)
npuchk: [_ZN6npuchk9hset_flagE6pipe_tS0_m5mem_tb] -> (nil)
npuchk: [_ZN6npuchk10hwait_flagE6pipe_tS0_7event_t5mem_tb] -> (nil)
npuchk: [_ZN6npuchk10hwait_flagE6pipe_tS0_m5mem_tb] -> (nil)
npuchk: [_ZN6npuchk18img2col_cbuf_to_caEPN7float165Fp16TES2_mm7csize_t] -> 0xffffad299c2c
npuchk: [_ZN6npuchk18img2col_cbuf_to_caEPN7float165Fp16TES2_hhssthhhhhhhhh7csize_t] -> 0xffffad299f74
npuchk: [_ZN6npuchk18img2col_cbuf_to_caEPaS0_mm7csize_t] -> 0xffffad29a67c
npuchk: [_ZN6npuchk18img2col_cbuf_to_caEPaS0_hhssthhhhhhhhh7csize_t] -> 0xffffad29a9c4
npuchk: [_ZN6npuchk18img2col_cbuf_to_caEPhS0_mm7csize_t] -> 0xffffad29b0cc
npuchk: [_ZN6npuchk18img2col_cbuf_to_caEPhS0_hhssthhhhhhhhh7csize_t] -> 0xffffad29b414
npuchk: [_ZN6npuchk18img2col_cbuf_to_cbEPN7float165Fp16TES2_mm7csize_t] -> 0xffffad29bb1c
npuchk: [_ZN6npuchk18img2col_cbuf_to_cbEPN7float165Fp16TES2_hhssthhhhhhhhh7csize_t] -> 0xffffad29be68
npuchk: [_ZN6npuchk18img2col_cbuf_to_cbEPaS0_mm7csize_t] -> 0xffffad29c574
npuchk: [_ZN6npuchk18img2col_cbuf_to_cbEPaS0_hhssthhhhhhhhh7csize_t] -> 0xffffad29c8c0
npuchk: [_ZN6npuchk18img2col_cbuf_to_cbEPhS0_mm7csize_t] -> 0xffffad29cfcc
npuchk: [_ZN6npuchk18img2col_cbuf_to_cbEPhS0_hhssthhhhhhhhh7csize_t] -> 0xffffad29d318
npuchk: [_ZN6npuchk18img2col_cbuf_to_ubEPN7float165Fp16TES2_mm7csize_t] -> 0xffffad29da24
npuchk: [_ZN6npuchk18img2col_cbuf_to_ubEPN7float165Fp16TES2_hhssthhhhhhhhh7csize_t] -> 0xffffad29dd6c
npuchk: [_ZN6npuchk18img2col_cbuf_to_ubEPaS0_mm7csize_t] -> 0xffffad29e474
npuchk: [_ZN6npuchk18img2col_cbuf_to_ubEPaS0_hhssthhhhhhhhh7csize_t] -> 0xffffad29e7bc
npuchk: [_ZN6npuchk18img2col_cbuf_to_ubEPhS0_mm7csize_t] -> 0xffffad29eec4
npuchk: [_ZN6npuchk18img2col_cbuf_to_ubEPhS0_hhssthhhhhhhhh7csize_t] -> 0xffffad29f20c
npuchk: [_ZN6npuchk20img2colv2_cbuf_to_caEPN7float165Fp16TES2_mm] -> 0xffffad1a5918
npuchk: [_ZN6npuchk20img2colv2_cbuf_to_caEPN7float165Fp16TES2_mm4bm_t] -> 0xffffad29f914
npuchk: [_ZN6npuchk20img2colv2_cbuf_to_caEPN7float165Fp16TES2_tttthhhhhhbt] -> 0xffffad29fb5c
npuchk: [_ZN6npuchk20img2colv2_cbuf_to_caEPN7float165Fp16TES2_tttthhhhhhbt4bm_t] -> (nil)
npuchk: [_ZN6npuchk20img2colv2_cbuf_to_caEPN7float165Fp16TES2_tttthhhhhhbbbbt] -> 0xffffad1a5bf4
npuchk: [_ZN6npuchk20img2colv2_cbuf_to_caEPN8bfloat165Bf16TES2_mm] -> 0xffffad1a629c
npuchk: [_ZN6npuchk20img2colv2_cbuf_to_caEPN8bfloat165Bf16TES2_mm4bm_t] -> (nil)
npuchk: [_ZN6npuchk20img2colv2_cbuf_to_caEPN8bfloat165Bf16TES2_tttthhhhhhbt] -> (nil)
npuchk: [_ZN6npuchk20img2colv2_cbuf_to_caEPN8bfloat165Bf16TES2_tttthhhhhhbt4bm_t] -> (nil)
npuchk: [_ZN6npuchk20img2colv2_cbuf_to_caEPN8bfloat165Bf16TES2_tttthhhhhhbbbbt] -> 0xffffad1a6578
npuchk: [_ZN6npuchk20img2colv2_cbuf_to_caEPfS0_mm] -> 0xffffad1a6c20
npuchk: [_ZN6npuchk20img2colv2_cbuf_to_caEPfS0_mm4bm_t] -> 0xffffad2a0138
npuchk: [_ZN6npuchk20img2colv2_cbuf_to_caEPfS0_tttthhhhhhbt] -> 0xffffad2a0380
npuchk: [_ZN6npuchk20img2colv2_cbuf_to_caEPfS0_tttthhhhhhbt4bm_t] -> (nil)
npuchk: [_ZN6npuchk20img2colv2_cbuf_to_caEPfS0_tttthhhhhhbbbbt] -> 0xffffad1a6efc
npuchk: [_ZN6npuchk20img2colv2_cbuf_to_caEPiS0_mm] -> 0xffffad1a75a4
npuchk: [_ZN6npuchk20img2colv2_cbuf_to_caEPiS0_mm4bm_t] -> 0xffffad2a095c
npuchk: [_ZN6npuchk20img2colv2_cbuf_to_caEPiS0_tttthhhhhhbt] -> 0xffffad2a0ba4
npuchk: [_ZN6npuchk20img2colv2_cbuf_to_caEPiS0_tttthhhhhhbt4bm_t] -> (nil)
npuchk: [_ZN6npuchk20img2colv2_cbuf_to_caEPiS0_tttthhhhhhbbbbt] -> 0xffffad1a7880
npuchk: [_ZN6npuchk20img2colv2_cbuf_to_caEPaS0_mm] -> 0xffffad1a7f28
npuchk: [_ZN6npuchk20img2colv2_cbuf_to_caEPaS0_mm4bm_t] -> 0xffffad2a1180
npuchk: [_ZN6npuchk20img2colv2_cbuf_to_caEPaS0_tttthhhhhhbt] -> 0xffffad2a13c8
npuchk: [_ZN6npuchk20img2colv2_cbuf_to_caEPaS0_tttthhhhhhbt4bm_t] -> (nil)
npuchk: [_ZN6npuchk20img2colv2_cbuf_to_caEPaS0_tttthhhhhhbbbbt] -> 0xffffad1a8204
npuchk: [_ZN6npuchk20img2colv2_cbuf_to_caEPjS0_mm] -> 0xffffad1a88ac
npuchk: [_ZN6npuchk20img2colv2_cbuf_to_caEPjS0_mm4bm_t] -> 0xffffad2a19a4
npuchk: [_ZN6npuchk20img2colv2_cbuf_to_caEPjS0_tttthhhhhhbt] -> 0xffffad2a1bec
npuchk: [_ZN6npuchk20img2colv2_cbuf_to_caEPjS0_tttthhhhhhbt4bm_t] -> (nil)
npuchk: [_ZN6npuchk20img2colv2_cbuf_to_caEPjS0_tttthhhhhhbbbbt] -> 0xffffad1a8b88
npuchk: [_ZN6npuchk20img2colv2_cbuf_to_caEPhS0_mm] -> 0xffffad1a9230
npuchk: [_ZN6npuchk20img2colv2_cbuf_to_caEPhS0_mm4bm_t] -> 0xffffad2a21c8
npuchk: [_ZN6npuchk20img2colv2_cbuf_to_caEPhS0_tttthhhhhhbt] -> 0xffffad2a2410
npuchk: [_ZN6npuchk20img2colv2_cbuf_to_caEPhS0_tttthhhhhhbt4bm_t] -> (nil)
npuchk: [_ZN6npuchk20img2colv2_cbuf_to_caEPhS0_tttthhhhhhbbbbt] -> 0xffffad1a950c
npuchk: [_ZN6npuchk23img2colv2_cbuf_to_ca_s4EPvS0_mm] -> 0xffffad1a9bb4
npuchk: [_ZN6npuchk23img2colv2_cbuf_to_ca_s4EPvS0_mm4bm_t] -> 0xffffad2a29ec
npuchk: [_ZN6npuchk23img2colv2_cbuf_to_ca_s4EPvS0_tttthhhhhhbt] -> 0xffffad2a2c34
npuchk: [_ZN6npuchk23img2colv2_cbuf_to_ca_s4EPvS0_tttthhhhhhbt4bm_t] -> (nil)
npuchk: [_ZN6npuchk23img2colv2_cbuf_to_ca_s4EPvS0_tttthhhhhhbbbbt] -> 0xffffad1a9e90
npuchk: [_ZN6npuchk20img2colv2_cbuf_to_cbEPN7float165Fp16TES2_mm] -> 0xffffad1aa538
npuchk: [_ZN6npuchk20img2colv2_cbuf_to_cbEPN7float165Fp16TES2_mm4bm_t] -> 0xffffad2a3210
npuchk: [_ZN6npuchk20img2colv2_cbuf_to_cbEPN7float165Fp16TES2_tttthhhhhhbt] -> 0xffffad2a345c
npuchk: [_ZN6npuchk20img2colv2_cbuf_to_cbEPN7float165Fp16TES2_tttthhhhhhbt4bm_t] -> (nil)
npuchk: [_ZN6npuchk20img2colv2_cbuf_to_cbEPN7float165Fp16TES2_tttthhhhhhbbbbt] -> 0xffffad1aa818
npuchk: [_ZN6npuchk20img2colv2_cbuf_to_cbEPN8bfloat165Bf16TES2_mm] -> 0xffffad1aaec4
npuchk: [_ZN6npuchk20img2colv2_cbuf_to_cbEPN8bfloat165Bf16TES2_mm4bm_t] -> (nil)
npuchk: [_ZN6npuchk20img2colv2_cbuf_to_cbEPN8bfloat165Bf16TES2_tttthhhhhhbt] -> (nil)
npuchk: [_ZN6npuchk20img2colv2_cbuf_to_cbEPN8bfloat165Bf16TES2_tttthhhhhhbt4bm_t] -> (nil)
npuchk: [_ZN6npuchk20img2colv2_cbuf_to_cbEPN8bfloat165Bf16TES2_tttthhhhhhbbbbt] -> 0xffffad1ab0c8
npuchk: [_ZN6npuchk20img2colv2_cbuf_to_cbEPfS0_mm] -> 0xffffad1ab5fc
npuchk: [_ZN6npuchk20img2colv2_cbuf_to_cbEPfS0_mm4bm_t] -> 0xffffad2a3a3c
npuchk: [_ZN6npuchk20img2colv2_cbuf_to_cbEPfS0_tttthhhhhhbt] -> 0xffffad2a3c88
npuchk: [_ZN6npuchk20img2colv2_cbuf_to_cbEPfS0_tttthhhhhhbt4bm_t] -> (nil)
npuchk: [_ZN6npuchk20img2colv2_cbuf_to_cbEPfS0_tttthhhhhhbbbbt] -> 0xffffad1ab8dc
npuchk: [_ZN6npuchk20img2colv2_cbuf_to_cbEPiS0_mm] -> 0xffffad1abf88
npuchk: [_ZN6npuchk20img2colv2_cbuf_to_cbEPiS0_mm4bm_t] -> 0xffffad2a4268
npuchk: [_ZN6npuchk20img2colv2_cbuf_to_cbEPiS0_tttthhhhhhbt] -> 0xffffad2a44b4
npuchk: [_ZN6npuchk20img2colv2_cbuf_to_cbEPiS0_tttthhhhhhbt4bm_t] -> (nil)
npuchk: [_ZN6npuchk20img2colv2_cbuf_to_cbEPiS0_tttthhhhhhbbbbt] -> 0xffffad1ac268
npuchk: [_ZN6npuchk20img2colv2_cbuf_to_cbEPaS0_mm] -> 0xffffad2a4a94
npuchk: [_ZN6npuchk20img2colv2_cbuf_to_cbEPaS0_mm4bm_t] -> 0xffffad2a4d74
npuchk: [_ZN6npuchk20img2colv2_cbuf_to_cbEPaS0_tttthhhhhhbt] -> 0xffffad2a4fc0
npuchk: [_ZN6npuchk20img2colv2_cbuf_to_cbEPaS0_tttthhhhhhbt4bm_t] -> (nil)
npuchk: [_ZN6npuchk20img2colv2_cbuf_to_cbEPaS0_tttthhhhhhbbbbt] -> (nil)
npuchk: [_ZN6npuchk20img2colv2_cbuf_to_cbEPjS0_mm] -> 0xffffad1ac914
npuchk: [_ZN6npuchk20img2colv2_cbuf_to_cbEPjS0_mm4bm_t] -> 0xffffad2a55a0
npuchk: [_ZN6npuchk20img2colv2_cbuf_to_cbEPjS0_tttthhhhhhbt] -> 0xffffad2a57ec
npuchk: [_ZN6npuchk20img2colv2_cbuf_to_cbEPjS0_tttthhhhhhbt4bm_t] -> (nil)
npuchk: [_ZN6npuchk20img2colv2_cbuf_to_cbEPjS0_tttthhhhhhbbbbt] -> 0xffffad1acbf4
npuchk: [_ZN6npuchk20img2colv2_cbuf_to_cbEPhS0_mm] -> 0xffffad2a5dcc
npuchk: [_ZN6npuchk20img2colv2_cbuf_to_cbEPhS0_mm4bm_t] -> 0xffffad2a60ac
npuchk: [_ZN6npuchk20img2colv2_cbuf_to_cbEPhS0_tttthhhhhhbt] -> 0xffffad2a62f8
npuchk: [_ZN6npuchk20img2colv2_cbuf_to_cbEPhS0_tttthhhhhhbt4bm_t] -> (nil)
npuchk: [_ZN6npuchk20img2colv2_cbuf_to_cbEPhS0_tttthhhhhhbbbbt] -> (nil)
npuchk: [_ZN6npuchk23img2colv2_cbuf_to_cb_s4EPvS0_mm] -> 0xffffad2a68d8
npuchk: [_ZN6npuchk23img2colv2_cbuf_to_cb_s4EPvS0_mm4bm_t] -> 0xffffad2a6bb8
npuchk: [_ZN6npuchk23img2colv2_cbuf_to_cb_s4EPvS0_tttthhhhhhbt] -> 0xffffad2a6e04
npuchk: [_ZN6npuchk23img2colv2_cbuf_to_cb_s4EPvS0_tttthhhhhhbt4bm_t] -> (nil)
npuchk: [_ZN6npuchk23img2colv2_cbuf_to_cb_s4EPvS0_tttthhhhhhbbbbt] -> (nil)
npuchk: [_ZN6npuchk20img2colv2_cbuf_to_ubEPN7float165Fp16TES2_mm] -> 0xffffad2a73e4
npuchk: [_ZN6npuchk20img2colv2_cbuf_to_ubEPN7float165Fp16TES2_mm4bm_t] -> 0xffffad2a76c0
npuchk: [_ZN6npuchk20img2colv2_cbuf_to_ubEPN7float165Fp16TES2_tttthhhhhhbt] -> 0xffffad2a7908
npuchk: [_ZN6npuchk20img2colv2_cbuf_to_ubEPN7float165Fp16TES2_tttthhhhhhbt4bm_t] -> (nil)
npuchk: [_ZN6npuchk20img2colv2_cbuf_to_ubEPN7float165Fp16TES2_tttthhhhhhbbbbt] -> (nil)
npuchk: [_ZN6npuchk20img2colv2_cbuf_to_ubEPfS0_mm] -> 0xffffad2a7ee4
npuchk: [_ZN6npuchk20img2colv2_cbuf_to_ubEPfS0_mm4bm_t] -> 0xffffad2a81c0
npuchk: [_ZN6npuchk20img2colv2_cbuf_to_ubEPfS0_tttthhhhhhbt] -> 0xffffad2a8408
npuchk: [_ZN6npuchk20img2colv2_cbuf_to_ubEPfS0_tttthhhhhhbt4bm_t] -> (nil)
npuchk: [_ZN6npuchk20img2colv2_cbuf_to_ubEPfS0_tttthhhhhhbbbbt] -> (nil)
npuchk: [_ZN6npuchk20img2colv2_cbuf_to_ubEPiS0_mm] -> 0xffffad2a89e4
npuchk: [_ZN6npuchk20img2colv2_cbuf_to_ubEPiS0_mm4bm_t] -> 0xffffad2a8cc0
npuchk: [_ZN6npuchk20img2colv2_cbuf_to_ubEPiS0_tttthhhhhhbt] -> 0xffffad2a8f08
npuchk: [_ZN6npuchk20img2colv2_cbuf_to_ubEPiS0_tttthhhhhhbt4bm_t] -> (nil)
npuchk: [_ZN6npuchk20img2colv2_cbuf_to_ubEPiS0_tttthhhhhhbbbbt] -> (nil)
npuchk: [_ZN6npuchk20img2colv2_cbuf_to_ubEPaS0_mm] -> 0xffffad2a94e4
npuchk: [_ZN6npuchk20img2colv2_cbuf_to_ubEPaS0_mm4bm_t] -> 0xffffad2a97c0
npuchk: [_ZN6npuchk20img2colv2_cbuf_to_ubEPaS0_tttthhhhhhbt] -> 0xffffad2a9a08
npuchk: [_ZN6npuchk20img2colv2_cbuf_to_ubEPaS0_tttthhhhhhbt4bm_t] -> (nil)
npuchk: [_ZN6npuchk20img2colv2_cbuf_to_ubEPaS0_tttthhhhhhbbbbt] -> (nil)
npuchk: [_ZN6npuchk20img2colv2_cbuf_to_ubEPjS0_mm] -> 0xffffad2a9fe4
npuchk: [_ZN6npuchk20img2colv2_cbuf_to_ubEPjS0_mm4bm_t] -> 0xffffad2aa2c0
npuchk: [_ZN6npuchk20img2colv2_cbuf_to_ubEPjS0_tttthhhhhhbt] -> 0xffffad2aa508
npuchk: [_ZN6npuchk20img2colv2_cbuf_to_ubEPjS0_tttthhhhhhbt4bm_t] -> (nil)
npuchk: [_ZN6npuchk20img2colv2_cbuf_to_ubEPjS0_tttthhhhhhbbbbt] -> (nil)
npuchk: [_ZN6npuchk20img2colv2_cbuf_to_ubEPhS0_mm] -> 0xffffad2aaae4
npuchk: [_ZN6npuchk20img2colv2_cbuf_to_ubEPhS0_mm4bm_t] -> 0xffffad2aadc0
npuchk: [_ZN6npuchk20img2colv2_cbuf_to_ubEPhS0_tttthhhhhhbt] -> 0xffffad2ab008
npuchk: [_ZN6npuchk20img2colv2_cbuf_to_ubEPhS0_tttthhhhhhbt4bm_t] -> (nil)
npuchk: [_ZN6npuchk20img2colv2_cbuf_to_ubEPhS0_tttthhhhhhbbbbt] -> (nil)
npuchk: [_ZN6npuchk23img2colv2_cbuf_to_ub_s4EPvS0_mm] -> 0xffffad2ab5e4
npuchk: [_ZN6npuchk23img2colv2_cbuf_to_ub_s4EPvS0_mm4bm_t] -> 0xffffad2ab8c0
npuchk: [_ZN6npuchk23img2colv2_cbuf_to_ub_s4EPvS0_tttthhhhhhbt] -> 0xffffad2abb08
npuchk: [_ZN6npuchk23img2colv2_cbuf_to_ub_s4EPvS0_tttthhhhhhbt4bm_t] -> (nil)
npuchk: [_ZN6npuchk23img2colv2_cbuf_to_ub_s4EPvS0_tttthhhhhhbbbbt] -> (nil)
npuchk: [_ZN6npuchk10insert_immEmhhb] -> (nil)
npuchk: [_ZN6npuchk10insert_regEmmhh] -> (nil)
npuchk: [_ZN6npuchk6ld_devEPts] -> (nil)
npuchk: [_ZN6npuchk6ld_devEPjs] -> (nil)
npuchk: [_ZN6npuchk6ld_devEPms] -> (nil)
npuchk: [_ZN6npuchk6ld_devEPhs] -> (nil)
npuchk: [_ZN6npuchk4ldvaE10ub_addr8_tmb] -> (nil)
npuchk: [_ZN6npuchk15load_cbuf_to_caEPN8bfloat165Bf16TES2_mb] -> 0xffffad1ad2a0
npuchk: [_ZN6npuchk15load_cbuf_to_caEPN8bfloat165Bf16TES2_mb15addr_cal_mode_t] -> 0xffffad1ad588
npuchk: [_ZN6npuchk15load_cbuf_to_caEPN8bfloat165Bf16TES2_thtthb15addr_cal_mode_t] -> 0xffffad1ad8c4
npuchk: [_ZN6npuchk15load_cbuf_to_caEPN8bfloat165Bf16TES2_thtthbb15addr_cal_mode_t] -> 0xffffad1add34
npuchk: [_ZN6npuchk15load_cbuf_to_caEPN8bfloat165Bf16TES2_ththb] -> 0xffffad1ae1e8
npuchk: [_ZN6npuchk15load_cbuf_to_caEPN8bfloat165Bf16TES2_thttb15addr_cal_mode_t] -> (nil)
npuchk: [_ZN6npuchk15load_cbuf_to_caEPN8bfloat165Bf16TES2_mmb] -> (nil)
npuchk: [_ZN6npuchk15load_cbuf_to_caEPN8bfloat165Bf16TES2_tthhttb] -> (nil)
npuchk: [_ZN6npuchk15load_cbuf_to_caEPN7float165Fp16TES2_mb] -> 0xffffad1ae5c0
npuchk: [_ZN6npuchk15load_cbuf_to_caEPN7float165Fp16TES2_mb15addr_cal_mode_t] -> 0xffffad1ae8a8
npuchk: [_ZN6npuchk15load_cbuf_to_caEPN7float165Fp16TES2_thtthb15addr_cal_mode_t] -> 0xffffad1aebe4
npuchk: [_ZN6npuchk15load_cbuf_to_caEPN7float165Fp16TES2_thtthbb15addr_cal_mode_t] -> 0xffffad1af054
npuchk: [_ZN6npuchk15load_cbuf_to_caEPN7float165Fp16TES2_ththb] -> 0xffffad1af508
npuchk: [_ZN6npuchk15load_cbuf_to_caEPN7float165Fp16TES2_thttb15addr_cal_mode_t] -> (nil)
npuchk: [_ZN6npuchk15load_cbuf_to_caEPfS0_mb15addr_cal_mode_t] -> 0xffffad1af8e0
npuchk: [_ZN6npuchk15load_cbuf_to_caEPfS0_thtthb15addr_cal_mode_t] -> 0xffffad1afc1c
npuchk: [_ZN6npuchk15load_cbuf_to_caEPfS0_thtthbb15addr_cal_mode_t] -> 0xffffad1b008c
npuchk: [_ZN6npuchk15load_cbuf_to_caEPfS0_thttb15addr_cal_mode_t] -> (nil)
npuchk: [_ZN6npuchk15load_cbuf_to_caEPiS0_mb15addr_cal_mode_t] -> 0xffffad1b0540
npuchk: [_ZN6npuchk15load_cbuf_to_caEPiS0_thtthb15addr_cal_mode_t] -> 0xffffad1b087c
npuchk: [_ZN6npuchk15load_cbuf_to_caEPiS0_thtthbb15addr_cal_mode_t] -> 0xffffad1b0cec
npuchk: [_ZN6npuchk15load_cbuf_to_caEPiS0_thttb15addr_cal_mode_t] -> (nil)
npuchk: [_ZN6npuchk15load_cbuf_to_caEPaS0_mb] -> 0xffffad1b11a0
npuchk: [_ZN6npuchk15load_cbuf_to_caEPaS0_mb15addr_cal_mode_t] -> 0xffffad1b1488
npuchk: [_ZN6npuchk15load_cbuf_to_caEPaS0_thtthb15addr_cal_mode_t] -> 0xffffad1b17c4
npuchk: [_ZN6npuchk15load_cbuf_to_caEPaS0_thtthbb15addr_cal_mode_t] -> 0xffffad1b1c34
npuchk: [_ZN6npuchk15load_cbuf_to_caEPaS0_ththb] -> 0xffffad1b20e8
npuchk: [_ZN6npuchk15load_cbuf_to_caEPaS0_thttb15addr_cal_mode_t] -> (nil)
npuchk: [_ZN6npuchk15load_cbuf_to_caEPjS0_mb15addr_cal_mode_t] -> 0xffffad1b24c0
npuchk: [_ZN6npuchk15load_cbuf_to_caEPjS0_thtthb15addr_cal_mode_t] -> 0xffffad1b27fc
npuchk: [_ZN6npuchk15load_cbuf_to_caEPjS0_thtthbb15addr_cal_mode_t] -> 0xffffad1b2c6c
npuchk: [_ZN6npuchk15load_cbuf_to_caEPjS0_thttb15addr_cal_mode_t] -> (nil)
npuchk: [_ZN6npuchk15load_cbuf_to_caEPhS0_mb] -> 0xffffad1b3120
npuchk: [_ZN6npuchk15load_cbuf_to_caEPhS0_mb15addr_cal_mode_t] -> 0xffffad1b3408
npuchk: [_ZN6npuchk15load_cbuf_to_caEPhS0_thtthb15addr_cal_mode_t] -> 0xffffad1b3744
npuchk: [_ZN6npuchk15load_cbuf_to_caEPhS0_thtthbb15addr_cal_mode_t] -> 0xffffad1b3bb4
npuchk: [_ZN6npuchk15load_cbuf_to_caEPhS0_ththb] -> 0xffffad1b4068
npuchk: [_ZN6npuchk15load_cbuf_to_caEPhS0_thttb15addr_cal_mode_t] -> (nil)
npuchk: [_ZN6npuchk15load_cbuf_to_caEPN7float165Fp16TES2_ththb15addr_cal_mode_t] -> 0xffffad30dc54
npuchk: [_ZN6npuchk15load_cbuf_to_caEPaS0_ththb15addr_cal_mode_t] -> 0xffffad30e084
npuchk: [_ZN6npuchk15load_cbuf_to_caEPhS0_ththb15addr_cal_mode_t] -> 0xffffad30e4b0
npuchk: [_ZN6npuchk18load_cbuf_to_ca_s4EPvS0_mb15addr_cal_mode_t] -> 0xffffad1b4440
npuchk: [_ZN6npuchk18load_cbuf_to_ca_s4EPvS0_thtthb15addr_cal_mode_t] -> 0xffffad1b477c
npuchk: [_ZN6npuchk18load_cbuf_to_ca_s4EPvS0_thtthbb15addr_cal_mode_t] -> 0xffffad1b4bec
npuchk: [_ZN6npuchk25load_cbuf_to_ca_transposeEPN7float165Fp16TES2_mm] -> 0xffffad1b50a0
npuchk: [_ZN6npuchk25load_cbuf_to_ca_transposeEPN7float165Fp16TES2_thttbt] -> 0xffffad1b537c
npuchk: [_ZN6npuchk25load_cbuf_to_ca_transposeEPfS0_mm] -> 0xffffad1b5784
npuchk: [_ZN6npuchk25load_cbuf_to_ca_transposeEPfS0_thttbt] -> 0xffffad1b5a60
npuchk: [_ZN6npuchk25load_cbuf_to_ca_transposeEPiS0_mm] -> 0xffffad1b5e68
npuchk: [_ZN6npuchk25load_cbuf_to_ca_transposeEPiS0_thttbt] -> 0xffffad1b6144
npuchk: [_ZN6npuchk25load_cbuf_to_ca_transposeEPaS0_mm] -> 0xffffad1b654c
npuchk: [_ZN6npuchk25load_cbuf_to_ca_transposeEPaS0_thttbt] -> 0xffffad1b6828
npuchk: [_ZN6npuchk25load_cbuf_to_ca_transposeEPjS0_mm] -> 0xffffad1b6c30
npuchk: [_ZN6npuchk25load_cbuf_to_ca_transposeEPjS0_thttbt] -> 0xffffad1b6f0c
npuchk: [_ZN6npuchk25load_cbuf_to_ca_transposeEPhS0_mm] -> 0xffffad1b7314
npuchk: [_ZN6npuchk25load_cbuf_to_ca_transposeEPhS0_thttbt] -> 0xffffad1b75f0
npuchk: [_ZN6npuchk24load_cbuf_to_ca_winogradEPN7float165Fp16TES2_mm] -> 0xffffad2ac0e4
npuchk: [_ZN6npuchk24load_cbuf_to_ca_winogradEPN7float165Fp16TES2_ttthhhhtttt] -> 0xffffad2ac3c4
npuchk: [_ZN6npuchk24load_cbuf_to_ca_winogradEPaS0_mm] -> 0xffffad2ac94c
npuchk: [_ZN6npuchk24load_cbuf_to_ca_winogradEPaS0_ttthhhhtttt] -> 0xffffad2acc28
npuchk: [_ZN6npuchk24load_cbuf_to_ca_winogradEPhS0_mm] -> 0xffffad2ad1ac
npuchk: [_ZN6npuchk24load_cbuf_to_ca_winogradEPhS0_ttthhhhtttt] -> 0xffffad2ad48c
npuchk: [_ZN6npuchk27load_cbuf_to_ca_winograd_v2EPsS0_mm] -> (nil)
npuchk: [_ZN6npuchk27load_cbuf_to_ca_winograd_v2EPsS0_ttthhtttt] -> (nil)
npuchk: [_ZN6npuchk27load_cbuf_to_ca_winograd_v2EPsS0_ttthhttttb] -> (nil)
npuchk: [_ZN6npuchk27load_cbuf_to_ca_winograd_v2EPaS0_mm] -> (nil)
npuchk: [_ZN6npuchk27load_cbuf_to_ca_winograd_v2EPaS0_ttthhtttt] -> (nil)
npuchk: [_ZN6npuchk27load_cbuf_to_ca_winograd_v2EPaS0_ttthhttttb] -> (nil)
npuchk: [_ZN6npuchk27load_cbuf_to_ca_winograd_v2EPhS0_mm] -> (nil)
npuchk: [_ZN6npuchk27load_cbuf_to_ca_winograd_v2EPhS0_ttthhttttb] -> (nil)
npuchk: [_ZN6npuchk15load_cbuf_to_cbEPN8bfloat165Bf16TES2_mb] -> (nil)
npuchk: [_ZN6npuchk15load_cbuf_to_cbEPN8bfloat165Bf16TES2_mb15addr_cal_mode_t] -> (nil)
npuchk: [_ZN6npuchk15load_cbuf_to_cbEPN8bfloat165Bf16TES2_thtthb15addr_cal_mode_t] -> (nil)
npuchk: [_ZN6npuchk15load_cbuf_to_cbEPN8bfloat165Bf16TES2_thtthbb15addr_cal_mode_t] -> (nil)
npuchk: [_ZN6npuchk15load_cbuf_to_cbEPN8bfloat165Bf16TES2_ththb] -> (nil)
npuchk: [_ZN6npuchk15load_cbuf_to_cbEPN8bfloat165Bf16TES2_thttb15addr_cal_mode_t] -> (nil)
npuchk: [_ZN6npuchk15load_cbuf_to_cbEPN8bfloat165Bf16TES2_mmb] -> (nil)
npuchk: [_ZN6npuchk15load_cbuf_to_cbEPN8bfloat165Bf16TES2_tthhttb] -> (nil)
npuchk: [_ZN6npuchk15load_cbuf_to_cbEPN7float165Fp16TES2_mb] -> 0xffffad1b79f8
npuchk: [_ZN6npuchk15load_cbuf_to_cbEPN7float165Fp16TES2_mb15addr_cal_mode_t] -> 0xffffad1b7ce4
npuchk: [_ZN6npuchk15load_cbuf_to_cbEPN7float165Fp16TES2_thtthb15addr_cal_mode_t] -> 0xffffad1b8024
npuchk: [_ZN6npuchk15load_cbuf_to_cbEPN7float165Fp16TES2_thtthbb15addr_cal_mode_t] -> 0xffffad1b8498
npuchk: [_ZN6npuchk15load_cbuf_to_cbEPN7float165Fp16TES2_ththb] -> 0xffffad1b8950
npuchk: [_ZN6npuchk15load_cbuf_to_cbEPN7float165Fp16TES2_thttb15addr_cal_mode_t] -> (nil)
npuchk: [_ZN6npuchk15load_cbuf_to_cbEPfS0_mb15addr_cal_mode_t] -> 0xffffad1b8d2c
npuchk: [_ZN6npuchk15load_cbuf_to_cbEPfS0_thtthb15addr_cal_mode_t] -> 0xffffad1b906c
npuchk: [_ZN6npuchk15load_cbuf_to_cbEPfS0_thtthbb15addr_cal_mode_t] -> 0xffffad1b94e0
npuchk: [_ZN6npuchk15load_cbuf_to_cbEPfS0_thttb15addr_cal_mode_t] -> (nil)
npuchk: [_ZN6npuchk15load_cbuf_to_cbEPiS0_mb15addr_cal_mode_t] -> 0xffffad1b9998
npuchk: [_ZN6npuchk15load_cbuf_to_cbEPiS0_thtthb15addr_cal_mode_t] -> 0xffffad1b9cd8
npuchk: [_ZN6npuchk15load_cbuf_to_cbEPiS0_thtthbb15addr_cal_mode_t] -> 0xffffad1ba14c
npuchk: [_ZN6npuchk15load_cbuf_to_cbEPiS0_thttb15addr_cal_mode_t] -> (nil)
npuchk: [_ZN6npuchk15load_cbuf_to_cbEPaS0_mb] -> 0xffffad1ba604
npuchk: [_ZN6npuchk15load_cbuf_to_cbEPaS0_mb15addr_cal_mode_t] -> 0xffffad1ba8f0
npuchk: [_ZN6npuchk15load_cbuf_to_cbEPaS0_thtthb15addr_cal_mode_t] -> 0xffffad1bac30
npuchk: [_ZN6npuchk15load_cbuf_to_cbEPaS0_thtthbb15addr_cal_mode_t] -> 0xffffad1bb0a4
npuchk: [_ZN6npuchk15load_cbuf_to_cbEPaS0_ththb] -> 0xffffad1bb55c
npuchk: [_ZN6npuchk15load_cbuf_to_cbEPaS0_thttb15addr_cal_mode_t] -> (nil)
npuchk: [_ZN6npuchk15load_cbuf_to_cbEPjS0_mb15addr_cal_mode_t] -> 0xffffad1bb938
npuchk: [_ZN6npuchk15load_cbuf_to_cbEPjS0_thtthb15addr_cal_mode_t] -> 0xffffad1bbc78
npuchk: [_ZN6npuchk15load_cbuf_to_cbEPjS0_thtthbb15addr_cal_mode_t] -> 0xffffad1bc0ec
npuchk: [_ZN6npuchk15load_cbuf_to_cbEPjS0_thttb15addr_cal_mode_t] -> (nil)
npuchk: [_ZN6npuchk15load_cbuf_to_cbEPhS0_mb] -> 0xffffad1bc5a4
npuchk: [_ZN6npuchk15load_cbuf_to_cbEPhS0_mb15addr_cal_mode_t] -> 0xffffad1bc890
npuchk: [_ZN6npuchk15load_cbuf_to_cbEPhS0_thtthb15addr_cal_mode_t] -> 0xffffad1bcbd0
npuchk: [_ZN6npuchk15load_cbuf_to_cbEPhS0_thtthbb15addr_cal_mode_t] -> 0xffffad1bd044
npuchk: [_ZN6npuchk15load_cbuf_to_cbEPhS0_ththb] -> 0xffffad1bd4fc
npuchk: [_ZN6npuchk15load_cbuf_to_cbEPhS0_thttb15addr_cal_mode_t] -> (nil)
npuchk: [_ZN6npuchk15load_cbuf_to_cbEPN7float165Fp16TES2_ththb15addr_cal_mode_t] -> 0xffffad30e8dc
npuchk: [_ZN6npuchk15load_cbuf_to_cbEPaS0_ththb15addr_cal_mode_t] -> 0xffffad30ed0c
npuchk: [_ZN6npuchk15load_cbuf_to_cbEPhS0_ththb15addr_cal_mode_t] -> 0xffffad30f13c
npuchk: [_ZN6npuchk18load_cbuf_to_cb_b2EPvS0_m] -> (nil)
npuchk: [_ZN6npuchk18load_cbuf_to_cb_b2EPN7float165Fp16TES2_m] -> 0xffffad2ada14
npuchk: [_ZN6npuchk18load_cbuf_to_cb_b2EPN7float165Fp16TES2_hh] -> 0xffffad2adc98
npuchk: [_ZN6npuchk18load_cbuf_to_cb_b2EPN7float165Fp16TES2_h] -> 0xffffad2adeb0
npuchk: [_ZN6npuchk18load_cbuf_to_cb_b2EPaS0_m] -> 0xffffad2ae140
npuchk: [_ZN6npuchk18load_cbuf_to_cb_b2EPaS0_hh] -> 0xffffad2ae3c8
npuchk: [_ZN6npuchk18load_cbuf_to_cb_b2EPaS0_h] -> 0xffffad2ae5e4
npuchk: [_ZN6npuchk18load_cbuf_to_cb_b2EPhS0_m] -> 0xffffad2ae878
npuchk: [_ZN6npuchk18load_cbuf_to_cb_b2EPhS0_hh] -> 0xffffad2aeb00
npuchk: [_ZN6npuchk18load_cbuf_to_cb_b2EPhS0_h] -> 0xffffad2aed1c
npuchk: [_ZN6npuchk18load_cbuf_to_cb_s4EPvS0_mb15addr_cal_mode_t] -> 0xffffad1bd8d8
npuchk: [_ZN6npuchk18load_cbuf_to_cb_s4EPvS0_thtthb15addr_cal_mode_t] -> 0xffffad1bdc18
npuchk: [_ZN6npuchk18load_cbuf_to_cb_s4EPvS0_thtthbb15addr_cal_mode_t] -> 0xffffad1be08c
npuchk: [_ZN6npuchk18load_cbuf_to_cb_spEPaS0_m] -> 0xffffad1be544
npuchk: [_ZN6npuchk18load_cbuf_to_cb_spEPaS0_th] -> 0xffffad1be7c8
npuchk: [_ZN6npuchk25load_cbuf_to_cb_transposeEPN7float165Fp16TES2_mm] -> 0xffffad1beaa0
npuchk: [_ZN6npuchk25load_cbuf_to_cb_transposeEPN7float165Fp16TES2_thttbt] -> 0xffffad1bed80
npuchk: [_ZN6npuchk25load_cbuf_to_cb_transposeEPfS0_mm] -> 0xffffad1bf18c
npuchk: [_ZN6npuchk25load_cbuf_to_cb_transposeEPfS0_thttbt] -> 0xffffad1bf46c
npuchk: [_ZN6npuchk25load_cbuf_to_cb_transposeEPiS0_mm] -> 0xffffad1bf878
npuchk: [_ZN6npuchk25load_cbuf_to_cb_transposeEPiS0_thttbt] -> 0xffffad1bfb58
npuchk: [_ZN6npuchk25load_cbuf_to_cb_transposeEPaS0_mm] -> 0xffffad1bff64
npuchk: [_ZN6npuchk25load_cbuf_to_cb_transposeEPaS0_thttbt] -> 0xffffad1c0244
npuchk: [_ZN6npuchk25load_cbuf_to_cb_transposeEPjS0_mm] -> 0xffffad1c0650
npuchk: [_ZN6npuchk25load_cbuf_to_cb_transposeEPjS0_thttbt] -> 0xffffad1c0930
npuchk: [_ZN6npuchk25load_cbuf_to_cb_transposeEPhS0_mm] -> 0xffffad1c0d3c
npuchk: [_ZN6npuchk25load_cbuf_to_cb_transposeEPhS0_thttbt] -> 0xffffad1c101c
npuchk: [_ZN6npuchk28load_cbuf_to_cb_transpose_s4EPvS0_mm] -> 0xffffad1c1428
npuchk: [_ZN6npuchk28load_cbuf_to_cb_transpose_s4EPvS0_thttbt] -> 0xffffad1c1708
npuchk: [_ZN6npuchk24load_cbuf_to_cb_winogradEPN7float165Fp16TES2_m] -> 0xffffad2aefb0
npuchk: [_ZN6npuchk24load_cbuf_to_cb_winogradEPN7float165Fp16TES2_hthhhbbh] -> 0xffffad2af238
npuchk: [_ZN6npuchk24load_cbuf_to_cb_winogradEPaS0_m] -> 0xffffad2af6f0
npuchk: [_ZN6npuchk24load_cbuf_to_cb_winogradEPaS0_hthhhbbh] -> 0xffffad2af974
npuchk: [_ZN6npuchk27load_cbuf_to_cb_winograd_v2EPaS0_m] -> (nil)
npuchk: [_ZN6npuchk27load_cbuf_to_cb_winograd_v2EPaS0_tttb] -> (nil)
npuchk: [_ZN6npuchk30load_decompress_header_from_gmEPvm] -> 0xffffad2afe28
npuchk: [_ZN6npuchk30load_decompress_header_from_gmEPvth] -> 0xffffad2b0044
npuchk: [_ZN6npuchk13load_gm_to_caEPN7float165Fp16TES2_m] -> 0xffffad1c1b14
npuchk: [_ZN6npuchk13load_gm_to_caEPN7float165Fp16TES2_m15addr_cal_mode_t] -> 0xffffad1c1d9c
npuchk: [_ZN6npuchk13load_gm_to_caEPN7float165Fp16TES2_thtth15addr_cal_mode_t] -> 0xffffad1c2094
npuchk: [_ZN6npuchk13load_gm_to_caEPN7float165Fp16TES2_thtthb15addr_cal_mode_t] -> 0xffffad1c24c4
npuchk: [_ZN6npuchk13load_gm_to_caEPN7float165Fp16TES2_thth] -> 0xffffad1c2938
npuchk: [_ZN6npuchk13load_gm_to_caEPN8bfloat165Bf16TES2_m] -> 0xffffad1c2cb0
npuchk: [_ZN6npuchk13load_gm_to_caEPN8bfloat165Bf16TES2_m15addr_cal_mode_t] -> 0xffffad1c2f38
npuchk: [_ZN6npuchk13load_gm_to_caEPN8bfloat165Bf16TES2_thtth15addr_cal_mode_t] -> 0xffffad1c3230
npuchk: [_ZN6npuchk13load_gm_to_caEPN8bfloat165Bf16TES2_thtthb15addr_cal_mode_t] -> 0xffffad1c3660
npuchk: [_ZN6npuchk13load_gm_to_caEPN8bfloat165Bf16TES2_thth] -> 0xffffad1c3ad4
npuchk: [_ZN6npuchk13load_gm_to_caEPfS0_m15addr_cal_mode_t] -> 0xffffad1c3e4c
npuchk: [_ZN6npuchk13load_gm_to_caEPfS0_thtth15addr_cal_mode_t] -> 0xffffad1c4144
npuchk: [_ZN6npuchk13load_gm_to_caEPfS0_thtthb15addr_cal_mode_t] -> 0xffffad1c4574
npuchk: [_ZN6npuchk13load_gm_to_caEPiS0_m15addr_cal_mode_t] -> 0xffffad1c49e8
npuchk: [_ZN6npuchk13load_gm_to_caEPiS0_thtth15addr_cal_mode_t] -> 0xffffad1c4ce0
npuchk: [_ZN6npuchk13load_gm_to_caEPiS0_thtthb15addr_cal_mode_t] -> 0xffffad1c5110
npuchk: [_ZN6npuchk13load_gm_to_caEPaS0_m] -> 0xffffad1c5584
npuchk: [_ZN6npuchk13load_gm_to_caEPaS0_m15addr_cal_mode_t] -> 0xffffad1c580c
npuchk: [_ZN6npuchk13load_gm_to_caEPaS0_thtth15addr_cal_mode_t] -> 0xffffad1c5b04
npuchk: [_ZN6npuchk13load_gm_to_caEPaS0_thtthb15addr_cal_mode_t] -> 0xffffad1c5f34
npuchk: [_ZN6npuchk13load_gm_to_caEPaS0_thth] -> 0xffffad1c63a8
npuchk: [_ZN6npuchk13load_gm_to_caEPjS0_m15addr_cal_mode_t] -> 0xffffad1c6720
npuchk: [_ZN6npuchk13load_gm_to_caEPjS0_thtth15addr_cal_mode_t] -> 0xffffad1c6a18
npuchk: [_ZN6npuchk13load_gm_to_caEPjS0_thtthb15addr_cal_mode_t] -> 0xffffad1c6e48
npuchk: [_ZN6npuchk13load_gm_to_caEPhS0_m] -> 0xffffad1c72bc
npuchk: [_ZN6npuchk13load_gm_to_caEPhS0_m15addr_cal_mode_t] -> 0xffffad1c7544
npuchk: [_ZN6npuchk13load_gm_to_caEPhS0_thtth15addr_cal_mode_t] -> 0xffffad1c783c
npuchk: [_ZN6npuchk13load_gm_to_caEPhS0_thtthb15addr_cal_mode_t] -> 0xffffad1c7c6c
npuchk: [_ZN6npuchk13load_gm_to_caEPhS0_thth] -> 0xffffad1c80e0
npuchk: [_ZN6npuchk13load_gm_to_caEPN7float165Fp16TES2_thth15addr_cal_mode_t] -> 0xffffad30f56c
npuchk: [_ZN6npuchk13load_gm_to_caEPaS0_thth15addr_cal_mode_t] -> 0xffffad30f954
npuchk: [_ZN6npuchk13load_gm_to_caEPhS0_thth15addr_cal_mode_t] -> 0xffffad30fd3c
npuchk: [_ZN6npuchk16load_gm_to_ca_s4EPvS0_m15addr_cal_mode_t] -> 0xffffad1c8458
npuchk: [_ZN6npuchk16load_gm_to_ca_s4EPvS0_thtth15addr_cal_mode_t] -> 0xffffad1c8750
npuchk: [_ZN6npuchk16load_gm_to_ca_s4EPvS0_thtthb15addr_cal_mode_t] -> 0xffffad1c8b80
npuchk: [_ZN6npuchk19load_gm_to_ca_unzipEPN7float165Fp16TES2_] -> 0xffffad310124
npuchk: [_ZN6npuchk19load_gm_to_ca_unzipEPvS0_] -> 0xffffad310350
npuchk: [_ZN6npuchk13load_gm_to_cbEPN7float165Fp16TES2_m] -> 0xffffad1c8ff4
npuchk: [_ZN6npuchk13load_gm_to_cbEPN7float165Fp16TES2_m15addr_cal_mode_t] -> 0xffffad1c927c
npuchk: [_ZN6npuchk13load_gm_to_cbEPN7float165Fp16TES2_thtth15addr_cal_mode_t] -> 0xffffad1c9574
npuchk: [_ZN6npuchk13load_gm_to_cbEPN7float165Fp16TES2_thtthb15addr_cal_mode_t] -> 0xffffad1c99a4
npuchk: [_ZN6npuchk13load_gm_to_cbEPN7float165Fp16TES2_thth] -> 0xffffad1c9e18
npuchk: [_ZN6npuchk13load_gm_to_cbEPN8bfloat165Bf16TES2_m] -> 0xffffad1ca190
npuchk: [_ZN6npuchk13load_gm_to_cbEPN8bfloat165Bf16TES2_m15addr_cal_mode_t] -> 0xffffad1ca418
npuchk: [_ZN6npuchk13load_gm_to_cbEPN8bfloat165Bf16TES2_thtth15addr_cal_mode_t] -> 0xffffad1ca710
npuchk: [_ZN6npuchk13load_gm_to_cbEPN8bfloat165Bf16TES2_thtthb15addr_cal_mode_t] -> 0xffffad1cab40
npuchk: [_ZN6npuchk13load_gm_to_cbEPN8bfloat165Bf16TES2_thth] -> 0xffffad1cafb4
npuchk: [_ZN6npuchk13load_gm_to_cbEPfS0_m15addr_cal_mode_t] -> 0xffffad1cb32c
npuchk: [_ZN6npuchk13load_gm_to_cbEPfS0_thtth15addr_cal_mode_t] -> 0xffffad1cb624
npuchk: [_ZN6npuchk13load_gm_to_cbEPfS0_thtthb15addr_cal_mode_t] -> 0xffffad1cba54
npuchk: [_ZN6npuchk13load_gm_to_cbEPiS0_m15addr_cal_mode_t] -> 0xffffad1cbec8
npuchk: [_ZN6npuchk13load_gm_to_cbEPiS0_thtth15addr_cal_mode_t] -> 0xffffad1cc1c0
npuchk: [_ZN6npuchk13load_gm_to_cbEPiS0_thtthb15addr_cal_mode_t] -> 0xffffad1cc5f0
npuchk: [_ZN6npuchk13load_gm_to_cbEPaS0_m] -> 0xffffad1cca64
npuchk: [_ZN6npuchk13load_gm_to_cbEPaS0_m15addr_cal_mode_t] -> 0xffffad1cccec
npuchk: [_ZN6npuchk13load_gm_to_cbEPaS0_thtth15addr_cal_mode_t] -> 0xffffad1ccfe4
npuchk: [_ZN6npuchk13load_gm_to_cbEPaS0_thtthb15addr_cal_mode_t] -> 0xffffad1cd414
npuchk: [_ZN6npuchk13load_gm_to_cbEPaS0_thth] -> 0xffffad1cd888
npuchk: [_ZN6npuchk13load_gm_to_cbEPjS0_m15addr_cal_mode_t] -> 0xffffad1cdc00
npuchk: [_ZN6npuchk13load_gm_to_cbEPjS0_thtth15addr_cal_mode_t] -> 0xffffad1cdef8
npuchk: [_ZN6npuchk13load_gm_to_cbEPjS0_thtthb15addr_cal_mode_t] -> 0xffffad1ce328
npuchk: [_ZN6npuchk13load_gm_to_cbEPhS0_m] -> 0xffffad1ce79c
npuchk: [_ZN6npuchk13load_gm_to_cbEPhS0_m15addr_cal_mode_t] -> 0xffffad1cea24
npuchk: [_ZN6npuchk13load_gm_to_cbEPhS0_thtth15addr_cal_mode_t] -> 0xffffad1ced1c
npuchk: [_ZN6npuchk13load_gm_to_cbEPhS0_thtthb15addr_cal_mode_t] -> 0xffffad1cf14c
npuchk: [_ZN6npuchk13load_gm_to_cbEPhS0_thth] -> 0xffffad1cf5c0
npuchk: [_ZN6npuchk13load_gm_to_cbEPN7float165Fp16TES2_thth15addr_cal_mode_t] -> 0xffffad31057c
npuchk: [_ZN6npuchk13load_gm_to_cbEPaS0_thth15addr_cal_mode_t] -> 0xffffad310964
npuchk: [_ZN6npuchk13load_gm_to_cbEPhS0_thth15addr_cal_mode_t] -> 0xffffad310d4c
npuchk: [_ZN6npuchk16load_gm_to_cb_s4EPvS0_m15addr_cal_mode_t] -> 0xffffad1cf938
npuchk: [_ZN6npuchk16load_gm_to_cb_s4EPvS0_thtth15addr_cal_mode_t] -> 0xffffad1cfc30
npuchk: [_ZN6npuchk16load_gm_to_cb_s4EPvS0_thtthb15addr_cal_mode_t] -> 0xffffad1d0060
npuchk: [_ZN6npuchk19load_gm_to_cb_unzipEPN7float165Fp16TES2_] -> 0xffffad2b02b4
npuchk: [_ZN6npuchk19load_gm_to_cb_unzipEPvS0_] -> 0xffffad2b04e4
npuchk: [_ZN6npuchk15load_gm_to_cbufEPN7float165Fp16TES2_m] -> 0xffffad1d04d4
npuchk: [_ZN6npuchk15load_gm_to_cbufEPN7float165Fp16TES2_m15addr_cal_mode_t] -> 0xffffad1d075c
npuchk: [_ZN6npuchk15load_gm_to_cbufEPN7float165Fp16TES2_thtth15addr_cal_mode_t] -> 0xffffad1d0a54
npuchk: [_ZN6npuchk15load_gm_to_cbufEPN7float165Fp16TES2_thtthb15addr_cal_mode_t] -> 0xffffad1d0e84
npuchk: [_ZN6npuchk15load_gm_to_cbufEPN7float165Fp16TES2_thth] -> 0xffffad1d12f8
npuchk: [_ZN6npuchk15load_gm_to_cbufEPN8bfloat165Bf16TES2_m] -> 0xffffad1d1670
npuchk: [_ZN6npuchk15load_gm_to_cbufEPN8bfloat165Bf16TES2_m15addr_cal_mode_t] -> 0xffffad1d18f8
npuchk: [_ZN6npuchk15load_gm_to_cbufEPN8bfloat165Bf16TES2_thtth15addr_cal_mode_t] -> 0xffffad1d1bf0
npuchk: [_ZN6npuchk15load_gm_to_cbufEPN8bfloat165Bf16TES2_thtthb15addr_cal_mode_t] -> 0xffffad1d2020
npuchk: [_ZN6npuchk15load_gm_to_cbufEPN8bfloat165Bf16TES2_thth] -> 0xffffad1d2494
npuchk: [_ZN6npuchk15load_gm_to_cbufEPfS0_m15addr_cal_mode_t] -> 0xffffad1d280c
npuchk: [_ZN6npuchk15load_gm_to_cbufEPfS0_thtth15addr_cal_mode_t] -> 0xffffad1d2b04
npuchk: [_ZN6npuchk15load_gm_to_cbufEPfS0_thtthb15addr_cal_mode_t] -> 0xffffad1d2f34
npuchk: [_ZN6npuchk15load_gm_to_cbufEPiS0_m15addr_cal_mode_t] -> 0xffffad1d33a8
npuchk: [_ZN6npuchk15load_gm_to_cbufEPiS0_thtth15addr_cal_mode_t] -> 0xffffad1d36a0
npuchk: [_ZN6npuchk15load_gm_to_cbufEPiS0_thtthb15addr_cal_mode_t] -> 0xffffad1d3ad0
npuchk: [_ZN6npuchk15load_gm_to_cbufEPaS0_m] -> 0xffffad1d3f44
npuchk: [_ZN6npuchk15load_gm_to_cbufEPaS0_m15addr_cal_mode_t] -> 0xffffad1d41cc
npuchk: [_ZN6npuchk15load_gm_to_cbufEPaS0_thtth15addr_cal_mode_t] -> 0xffffad1d44c4
npuchk: [_ZN6npuchk15load_gm_to_cbufEPaS0_thtthb15addr_cal_mode_t] -> 0xffffad1d48f4
npuchk: [_ZN6npuchk15load_gm_to_cbufEPaS0_thth] -> 0xffffad1d4d68
npuchk: [_ZN6npuchk15load_gm_to_cbufEPjS0_m15addr_cal_mode_t] -> 0xffffad1d50e0
npuchk: [_ZN6npuchk15load_gm_to_cbufEPjS0_thtth15addr_cal_mode_t] -> 0xffffad1d53d8
npuchk: [_ZN6npuchk15load_gm_to_cbufEPjS0_thtthb15addr_cal_mode_t] -> 0xffffad1d5808
npuchk: [_ZN6npuchk15load_gm_to_cbufEPhS0_m] -> 0xffffad1d5c7c
npuchk: [_ZN6npuchk15load_gm_to_cbufEPhS0_m15addr_cal_mode_t] -> 0xffffad1d5f04
npuchk: [_ZN6npuchk15load_gm_to_cbufEPhS0_thtth15addr_cal_mode_t] -> 0xffffad1d61fc
npuchk: [_ZN6npuchk15load_gm_to_cbufEPhS0_thtthb15addr_cal_mode_t] -> 0xffffad1d662c
npuchk: [_ZN6npuchk15load_gm_to_cbufEPhS0_thth] -> 0xffffad1d6aa0
npuchk: [_ZN6npuchk15load_gm_to_cbufEPN7float165Fp16TES2_thth15addr_cal_mode_t] -> 0xffffad311134
npuchk: [_ZN6npuchk15load_gm_to_cbufEPaS0_thth15addr_cal_mode_t] -> 0xffffad31151c
npuchk: [_ZN6npuchk15load_gm_to_cbufEPhS0_thth15addr_cal_mode_t] -> 0xffffad311904
npuchk: [_ZN6npuchk18load_gm_to_cbuf_s4EPvS0_m15addr_cal_mode_t] -> 0xffffad1d6e18
npuchk: [_ZN6npuchk18load_gm_to_cbuf_s4EPvS0_thtth15addr_cal_mode_t] -> 0xffffad1d7110
npuchk: [_ZN6npuchk18load_gm_to_cbuf_s4EPvS0_thtthb15addr_cal_mode_t] -> 0xffffad1d7540
npuchk: [_ZN6npuchk21load_gm_to_cbuf_unzipEPN7float165Fp16TES2_] -> 0xffffad2b0714
npuchk: [_ZN6npuchk21load_gm_to_cbuf_unzipEPvS0_] -> 0xffffad2b0944
npuchk: [_ZN6npuchk18load_image_to_cbufEPN7float165Fp16TEmm] -> 0xffffad1d79b4
npuchk: [_ZN6npuchk18load_image_to_cbufEPN7float165Fp16TEttttthhtth] -> 0xffffad1d7c34
npuchk: [_ZN6npuchk18load_image_to_cbufEPsmm] -> (nil)
npuchk: [_ZN6npuchk18load_image_to_cbufEPsttttthhtth] -> (nil)
npuchk: [_ZN6npuchk18load_image_to_cbufEPamm] -> 0xffffad1d810c
npuchk: [_ZN6npuchk18load_image_to_cbufEPattttthhtth] -> 0xffffad1d8388
npuchk: [_ZN6npuchk18load_image_to_cbufEPhmm] -> 0xffffad2b0b74
npuchk: [_ZN6npuchk18load_image_to_cbufEPhttttthhtth] -> 0xffffad2b0df4
npuchk: [_ZN6npuchk26load_smask_table_from_cbufEtPvm] -> (nil)
npuchk: [_ZN6npuchk24load_smask_table_from_gmEtPvm] -> 0xffffad2b12cc
npuchk: [_ZN6npuchk24load_smask_table_from_ubEtPvm] -> 0xffffad2b1550
npuchk: [_ZN6npuchk24load_unzip_index_from_gmEPvm] -> 0xffffad2b17d8
npuchk: [_ZN6npuchk24load_unzip_index_from_gmEPvjh] -> 0xffffad2b19f4
npuchk: [_ZN6npuchk3madEPN7float165Fp16TES2_S2_m] -> 0xffffad2b1c64
npuchk: [_ZN6npuchk3madEPN7float165Fp16TES2_S2_tttb] -> 0xffffad2b1f54
npuchk: [_ZN6npuchk3madEPN7float165Fp16TES2_S2_ttthhbbbbb] -> 0xffffad2b231c
npuchk: [_ZN6npuchk3madEPN7float165Fp16TES2_S2_ttthbbb] -> (nil)
npuchk: [_ZN6npuchk3madEPfPN7float165Fp16TES3_m] -> 0xffffad1d885c
npuchk: [_ZN6npuchk3madEPfPN7float165Fp16TES3_tttb] -> 0xffffad1d8b4c
npuchk: [_ZN6npuchk3madEPfPN7float165Fp16TES3_ttthhbbbbb] -> 0xffffad1d8f14
npuchk: [_ZN6npuchk3madEPfPN7float165Fp16TES3_ttthbbb] -> 0xffffad1d9490
npuchk: [_ZN6npuchk3madEPfPN7float165Fp16TES3_ttthhhbbbb] -> 0xffffad1d9934
npuchk: [_ZN6npuchk3madEPfPN8bfloat165Bf16TES3_m] -> 0xffffad1d9ebc
npuchk: [_ZN6npuchk3madEPfPN8bfloat165Bf16TES3_ttthbbb] -> 0xffffad1da19c
npuchk: [_ZN6npuchk3madEPfPN8bfloat165Bf16TES3_ttthhhbbbb] -> 0xffffad1da630
npuchk: [_ZN6npuchk3madEPfS0_S0_m] -> 0xffffad1daba8
npuchk: [_ZN6npuchk3madEPfS0_S0_ttthbbb] -> 0xffffad1dae9c
npuchk: [_ZN6npuchk3madEPfS0_S0_ttthhhbbbb] -> 0xffffad1db344
npuchk: [_ZN6npuchk3madEPiPsPam] -> (nil)
npuchk: [_ZN6npuchk3madEPiPsPattth11unit_flag_tbb] -> (nil)
npuchk: [_ZN6npuchk3madEPiPaS1_m] -> 0xffffad1db8d0
npuchk: [_ZN6npuchk3madEPiPaS1_tttb] -> 0xffffad1dbbc0
npuchk: [_ZN6npuchk3madEPiPaS1_ttthhbbbbb] -> 0xffffad1dbf88
npuchk: [_ZN6npuchk3madEPiPaS1_ttthbbb] -> 0xffffad1dc504
npuchk: [_ZN6npuchk3madEPiPaS1_ttthhhbbbb] -> 0xffffad1dc9a8
npuchk: [_ZN6npuchk3madEPjPhS1_m] -> 0xffffad2b2898
npuchk: [_ZN6npuchk3madEPjPhS1_tttb] -> 0xffffad2b2b88
npuchk: [_ZN6npuchk3madEPjPhS1_ttthhbbbbb] -> 0xffffad2b2f50
npuchk: [_ZN6npuchk3madEPjPhS1_ttthbbb] -> (nil)
npuchk: [_ZN6npuchk3madEPiPhS1_m] -> 0xffffad2b34cc
npuchk: [_ZN6npuchk3madEPiPhS1_tttb] -> 0xffffad2b37bc
npuchk: [_ZN6npuchk3madEPiPhS1_ttthhbbbbb] -> 0xffffad2b3b84
npuchk: [_ZN6npuchk3madEPiPhS1_ttthbbb] -> (nil)
npuchk: [_ZN6npuchk3madEPiPhS1_ttthhhbbbb] -> 0xffffad2b4100
npuchk: [_ZN6npuchk3madEPiPhPam] -> 0xffffad2b4688
npuchk: [_ZN6npuchk3madEPiPhPatttb] -> 0xffffad2b4978
npuchk: [_ZN6npuchk3madEPiPhPattthhbbbbb] -> 0xffffad2b4d40
npuchk: [_ZN6npuchk3madEPiPhPattthbbb] -> (nil)
npuchk: [_ZN6npuchk3madEPN7float165Fp16TES2_S2_mm] -> (nil)
npuchk: [_ZN6npuchk3madEPN7float165Fp16TES2_S2_mtttb] -> (nil)
npuchk: [_ZN6npuchk3madEPN7float165Fp16TES2_S2_mttthbbb] -> (nil)
npuchk: [_ZN6npuchk3madEPfPN7float165Fp16TES3_mm] -> (nil)
npuchk: [_ZN6npuchk3madEPfPN7float165Fp16TES3_mtttb] -> (nil)
npuchk: [_ZN6npuchk3madEPfPN7float165Fp16TES3_mttthbbb] -> (nil)
npuchk: [_ZN6npuchk3madEPfPN8bfloat165Bf16TES3_mm] -> (nil)
npuchk: [_ZN6npuchk3madEPfPN8bfloat165Bf16TES3_mttthbbb] -> (nil)
npuchk: [_ZN6npuchk3madEPfS0_S0_mm] -> (nil)
npuchk: [_ZN6npuchk3madEPfS0_S0_mttthbbb] -> (nil)
npuchk: [_ZN6npuchk3madEPiPsPamm] -> (nil)
npuchk: [_ZN6npuchk3madEPiPsPamttth11unit_flag_tbb] -> (nil)
npuchk: [_ZN6npuchk3madEPiPaS1_mm] -> (nil)
npuchk: [_ZN6npuchk3madEPiPaS1_mtttb] -> (nil)
npuchk: [_ZN6npuchk3madEPiPaS1_mttthbbb] -> (nil)
npuchk: [_ZN6npuchk3madEPjPhS1_mm] -> (nil)
npuchk: [_ZN6npuchk3madEPjPhS1_mtttb] -> (nil)
npuchk: [_ZN6npuchk3madEPjPhS1_mttthbbb] -> (nil)
npuchk: [_ZN6npuchk3madEPiPhS1_mm] -> (nil)
npuchk: [_ZN6npuchk3madEPiPhS1_mtttb] -> (nil)
npuchk: [_ZN6npuchk3madEPiPhS1_mttthbbb] -> (nil)
npuchk: [_ZN6npuchk3madEPiPhPamm] -> (nil)
npuchk: [_ZN6npuchk3madEPiPhPamtttb] -> (nil)
npuchk: [_ZN6npuchk3madEPiPhPamttthbbb] -> (nil)
npuchk: [_ZN6npuchk8mad_b8u2EPiPaPvm] -> 0xffffad2b52bc
npuchk: [_ZN6npuchk8mad_b8u2EPiPaPvtttb] -> 0xffffad2b55ac
npuchk: [_ZN6npuchk8mad_b8u2EPiPaPvttthhbbbbb] -> 0xffffad2b5974
npuchk: [_ZN6npuchk8mad_b8u2EPiPhPvm] -> 0xffffad2b5ef0
npuchk: [_ZN6npuchk8mad_b8u2EPiPhPvtttb] -> 0xffffad2b61e0
npuchk: [_ZN6npuchk8mad_b8u2EPiPhPvttthhbbbbb] -> 0xffffad2b65a8
npuchk: [_ZN6npuchk12mad_bf162f32EPfPtS1_m] -> (nil)
npuchk: [_ZN6npuchk12mad_bf162f32EPfPtS1_ttthbbb] -> (nil)
npuchk: [_ZN6npuchk12mad_bf162f32EPfPtS1_ttthhhbbbb] -> (nil)
npuchk: [_ZN6npuchk9mad_f16u2EPN7float165Fp16TES2_Pvm] -> 0xffffad2b6b24
npuchk: [_ZN6npuchk9mad_f16u2EPN7float165Fp16TES2_Pvtttb] -> 0xffffad2b6e14
npuchk: [_ZN6npuchk9mad_f16u2EPN7float165Fp16TES2_Pvttthhbbbbb] -> 0xffffad2b71dc
npuchk: [_ZN6npuchk6mad_s4EPiPvS1_m] -> 0xffffad1dcf30
npuchk: [_ZN6npuchk6mad_s4EPiPvS1_tttb] -> 0xffffad1dd220
npuchk: [_ZN6npuchk6mad_s4EPiPvS1_ttthhbbbbb] -> 0xffffad1dd5e8
npuchk: [_ZN6npuchk6mad_s4EPiPvS1_ttthbbb] -> 0xffffad1ddb64
npuchk: [_ZN6npuchk6mad_s4EPiPvS1_ttthhhbbbb] -> 0xffffad1de008
npuchk: [_ZN6npuchk6mad_spEPiPaS1_m] -> 0xffffad1de590
npuchk: [_ZN6npuchk6mad_spEPiPaS1_ttthbb] -> 0xffffad1de880
npuchk: [_ZN6npuchk12mad_tf322f32EPfS0_S0_m] -> 0xffffad1dece0
npuchk: [_ZN6npuchk12mad_tf322f32EPfS0_S0_ttthbbb] -> 0xffffad1defd4
npuchk: [_ZN6npuchk12mad_tf322f32EPfS0_S0_ttthhhbbbb] -> 0xffffad1df47c
npuchk: [_ZN6npuchk8mov_vsprE6VSPR_tm] -> (nil)
npuchk: [_ZN6npuchk13mte4_mte5_offEv] -> 0xffffad1dfa08
npuchk: [_ZN6npuchk12mte4_mte5_onEv] -> 0xffffad1dfb34
npuchk: [_ZN6npuchk7mvf_dciEv] -> (nil)
npuchk: [_ZN6npuchk21mvf_gm_to_ub_b128_u16EPvS0_S0_m] -> (nil)
npuchk: [_ZN6npuchk21mvf_gm_to_ub_b128_u16EPvS0_S0_thh] -> (nil)
npuchk: [_ZN6npuchk21mvf_gm_to_ub_b128_u32EPvS0_S0_m] -> (nil)
npuchk: [_ZN6npuchk21mvf_gm_to_ub_b128_u32EPvS0_S0_thh] -> (nil)
npuchk: [_ZN6npuchk21mvf_gm_to_ub_b256_u16EPvS0_S0_m] -> (nil)
npuchk: [_ZN6npuchk21mvf_gm_to_ub_b256_u16EPvS0_S0_thh] -> (nil)
npuchk: [_ZN6npuchk21mvf_gm_to_ub_b256_u32EPvS0_S0_m] -> (nil)
npuchk: [_ZN6npuchk21mvf_gm_to_ub_b256_u32EPvS0_S0_thh] -> (nil)
npuchk: [_ZN6npuchk20mvf_gm_to_ub_b32_u16EPvS0_S0_m] -> (nil)
npuchk: [_ZN6npuchk20mvf_gm_to_ub_b32_u16EPvS0_S0_thh] -> (nil)
npuchk: [_ZN6npuchk20mvf_gm_to_ub_b32_u32EPvS0_S0_m] -> (nil)
npuchk: [_ZN6npuchk20mvf_gm_to_ub_b32_u32EPvS0_S0_thh] -> (nil)
npuchk: [_ZN6npuchk21mvf_gm_to_ub_b512_u16EPvS0_S0_m] -> (nil)
npuchk: [_ZN6npuchk21mvf_gm_to_ub_b512_u16EPvS0_S0_thh] -> (nil)
npuchk: [_ZN6npuchk21mvf_gm_to_ub_b512_u32EPvS0_S0_m] -> (nil)
npuchk: [_ZN6npuchk21mvf_gm_to_ub_b512_u32EPvS0_S0_thh] -> (nil)
npuchk: [_ZN6npuchk20mvf_gm_to_ub_b64_u16EPvS0_S0_m] -> (nil)
npuchk: [_ZN6npuchk20mvf_gm_to_ub_b64_u16EPvS0_S0_thh] -> (nil)
npuchk: [_ZN6npuchk20mvf_gm_to_ub_b64_u32EPvS0_S0_m] -> (nil)
npuchk: [_ZN6npuchk20mvf_gm_to_ub_b64_u32EPvS0_S0_thh] -> (nil)
npuchk: [_ZN6npuchk12pc_trace_offEv] -> 0xffffad1dfc60
npuchk: [_ZN6npuchk11pc_trace_onEv] -> 0xffffad1dfd8c
npuchk: [_ZN6npuchk12pipe_barrierE6pipe_t] -> 0xffffad1dfeb8
npuchk: [_ZN6npuchk7preloadEPKv] -> 0xffffad2b7758
npuchk: [_ZN6npuchk7preloadEPKvl] -> (nil)
npuchk: [_ZN6npuchk12release_pbidEm] -> (nil)
npuchk: [_ZN6npuchk7rpn_corEPN7float165Fp16TES2_m] -> 0xffffad2b7914
npuchk: [_ZN6npuchk7rpn_corEPN7float165Fp16TES2_htt] -> 0xffffad2b7b94
npuchk: [_ZN6npuchk12rpn_cor_diagEPN7float165Fp16TES2_] -> 0xffffad2b7eb4
npuchk: [_ZN6npuchk13rpn_cor_diag2EPN7float165Fp16TES2_] -> (nil)
npuchk: [_ZN6npuchk8sbitset0Eml] -> (nil)
npuchk: [_ZN6npuchk8sbitset1Eml] -> (nil)
npuchk: [_ZN6npuchk12scatter_vabsE7vtype_t10ub_addr8_tS1_m] -> (nil)
npuchk: [_ZN6npuchk12scatter_vabsE7vtype_t10ub_addr8_tS1_htt] -> (nil)
npuchk: [_ZN6npuchk16scatter_vabs_f16E10ub_addr8_tS0_m] -> 0xffffad2b80dc
npuchk: [_ZN6npuchk16scatter_vabs_f16E10ub_addr8_tS0_htt] -> 0xffffad2b82bc
npuchk: [_ZN6npuchk16scatter_vabs_f32E10ub_addr8_tS0_m] -> 0xffffad2b8520
npuchk: [_ZN6npuchk16scatter_vabs_f32E10ub_addr8_tS0_htt] -> 0xffffad2b8700
npuchk: [_ZN6npuchk16scatter_vabs_s16E10ub_addr8_tS0_m] -> (nil)
npuchk: [_ZN6npuchk16scatter_vabs_s16E10ub_addr8_tS0_htt] -> (nil)
npuchk: [_ZN6npuchk12scatter_vaddE7vtype_t10ub_addr8_tS1_S1_m] -> (nil)
npuchk: [_ZN6npuchk12scatter_vaddE7vtype_t10ub_addr8_tS1_S1_httt] -> (nil)
npuchk: [_ZN6npuchk16scatter_vadd_f16E10ub_addr8_tS0_S0_m] -> 0xffffad2b8964
npuchk: [_ZN6npuchk16scatter_vadd_f16E10ub_addr8_tS0_S0_httt] -> 0xffffad2b8b8c
npuchk: [_ZN6npuchk16scatter_vadd_f32E10ub_addr8_tS0_S0_m] -> 0xffffad2b8e74
npuchk: [_ZN6npuchk16scatter_vadd_f32E10ub_addr8_tS0_S0_httt] -> 0xffffad2b909c
npuchk: [_ZN6npuchk16scatter_vadd_s16E10ub_addr8_tS0_S0_m] -> 0xffffad2b9384
npuchk: [_ZN6npuchk16scatter_vadd_s16E10ub_addr8_tS0_S0_httt] -> 0xffffad2b95ac
npuchk: [_ZN6npuchk16scatter_vadd_s32E10ub_addr8_tS0_S0_m] -> 0xffffad2b9894
npuchk: [_ZN6npuchk16scatter_vadd_s32E10ub_addr8_tS0_S0_httt] -> 0xffffad2b9abc
npuchk: [_ZN6npuchk13scatter_vaddsE7vtype_t10ub_addr8_tS1_N7float165Fp16TEm] -> (nil)
npuchk: [_ZN6npuchk13scatter_vaddsE7vtype_t10ub_addr8_tS1_N7float165Fp16TEhtt] -> (nil)
npuchk: [_ZN6npuchk13scatter_vaddsE7vtype_t10ub_addr8_tS1_fm] -> (nil)
npuchk: [_ZN6npuchk13scatter_vaddsE7vtype_t10ub_addr8_tS1_fhtt] -> (nil)
npuchk: [_ZN6npuchk17scatter_vadds_f16E10ub_addr8_tS0_N7float165Fp16TEm] -> 0xffffad2b9da4
npuchk: [_ZN6npuchk17scatter_vadds_f16E10ub_addr8_tS0_N7float165Fp16TEhtt] -> 0xffffad2b9fcc
npuchk: [_ZN6npuchk17scatter_vadds_f32E10ub_addr8_tS0_fm] -> 0xffffad2ba278
npuchk: [_ZN6npuchk17scatter_vadds_f32E10ub_addr8_tS0_fhtt] -> 0xffffad2ba494
npuchk: [_ZN6npuchk17scatter_vadds_s16E10ub_addr8_tS0_sm] -> 0xffffad2ba734
npuchk: [_ZN6npuchk17scatter_vadds_s16E10ub_addr8_tS0_shtt] -> 0xffffad2ba950
npuchk: [_ZN6npuchk17scatter_vadds_s32E10ub_addr8_tS0_im] -> 0xffffad2babf0
npuchk: [_ZN6npuchk17scatter_vadds_s32E10ub_addr8_tS0_ihtt] -> 0xffffad2bae0c
npuchk: [_ZN6npuchk13scatter_vaxpyE7vtype_t10ub_addr8_tS1_N7float165Fp16TEmb] -> (nil)
npuchk: [_ZN6npuchk13scatter_vaxpyE7vtype_t10ub_addr8_tS1_N7float165Fp16TEhttb] -> (nil)
npuchk: [_ZN6npuchk13scatter_vaxpyE7vtype_t10ub_addr8_tS1_fmb] -> (nil)
npuchk: [_ZN6npuchk13scatter_vaxpyE7vtype_t10ub_addr8_tS1_fhttb] -> (nil)
npuchk: [_ZN6npuchk17scatter_vaxpy_f16E10ub_addr8_tS0_N7float165Fp16TEmb] -> 0xffffad2bb0ac
npuchk: [_ZN6npuchk17scatter_vaxpy_f16E10ub_addr8_tS0_N7float165Fp16TEhttb] -> 0xffffad2bb310
npuchk: [_ZN6npuchk17scatter_vaxpy_f32E10ub_addr8_tS0_fmb] -> 0xffffad2bb5f8
npuchk: [_ZN6npuchk17scatter_vaxpy_f32E10ub_addr8_tS0_fhttb] -> 0xffffad2bb850
npuchk: [_ZN6npuchk18scatter_vaxpy_fmixE10ub_addr8_tS0_N7float165Fp16TEmb] -> 0xffffad2bbb2c
npuchk: [_ZN6npuchk18scatter_vaxpy_fmixE10ub_addr8_tS0_N7float165Fp16TEhttb] -> 0xffffad2bbd90
npuchk: [_ZN6npuchk15scatter_vcmp_eqE7vtype_t10ub_addr8_tS1_m] -> (nil)
npuchk: [_ZN6npuchk19scatter_vcmp_eq_f16E10ub_addr8_tS0_m] -> 0xffffad2bc078
npuchk: [_ZN6npuchk19scatter_vcmp_eq_f32E10ub_addr8_tS0_m] -> 0xffffad2bc258
npuchk: [_ZN6npuchk19scatter_vcmp_eq_s16E10ub_addr8_tS0_m] -> (nil)
npuchk: [_ZN6npuchk15scatter_vcmp_geE7vtype_t10ub_addr8_tS1_m] -> (nil)
npuchk: [_ZN6npuchk19scatter_vcmp_ge_f16E10ub_addr8_tS0_m] -> 0xffffad2bc438
npuchk: [_ZN6npuchk19scatter_vcmp_ge_f32E10ub_addr8_tS0_m] -> 0xffffad2bc618
npuchk: [_ZN6npuchk19scatter_vcmp_ge_s16E10ub_addr8_tS0_m] -> (nil)
npuchk: [_ZN6npuchk15scatter_vcmp_gtE7vtype_t10ub_addr8_tS1_m] -> (nil)
npuchk: [_ZN6npuchk19scatter_vcmp_gt_f16E10ub_addr8_tS0_m] -> 0xffffad2bc7f8
npuchk: [_ZN6npuchk19scatter_vcmp_gt_f32E10ub_addr8_tS0_m] -> 0xffffad2bc9d8
npuchk: [_ZN6npuchk19scatter_vcmp_gt_s16E10ub_addr8_tS0_m] -> (nil)
npuchk: [_ZN6npuchk15scatter_vcmp_leE7vtype_t10ub_addr8_tS1_m] -> (nil)
npuchk: [_ZN6npuchk19scatter_vcmp_le_f16E10ub_addr8_tS0_m] -> 0xffffad2bcbb8
npuchk: [_ZN6npuchk19scatter_vcmp_le_f32E10ub_addr8_tS0_m] -> 0xffffad2bcd98
npuchk: [_ZN6npuchk19scatter_vcmp_le_s16E10ub_addr8_tS0_m] -> (nil)
npuchk: [_ZN6npuchk15scatter_vcmp_ltE7vtype_t10ub_addr8_tS1_m] -> (nil)
npuchk: [_ZN6npuchk19scatter_vcmp_lt_f16E10ub_addr8_tS0_m] -> 0xffffad2bcf78
npuchk: [_ZN6npuchk19scatter_vcmp_lt_f32E10ub_addr8_tS0_m] -> 0xffffad2bd158
npuchk: [_ZN6npuchk19scatter_vcmp_lt_s16E10ub_addr8_tS0_m] -> (nil)
npuchk: [_ZN6npuchk15scatter_vcmp_neE7vtype_t10ub_addr8_tS1_m] -> (nil)
npuchk: [_ZN6npuchk19scatter_vcmp_ne_f16E10ub_addr8_tS0_m] -> 0xffffad2bd338
npuchk: [_ZN6npuchk19scatter_vcmp_ne_f32E10ub_addr8_tS0_m] -> 0xffffad2bd518
npuchk: [_ZN6npuchk19scatter_vcmp_ne_s16E10ub_addr8_tS0_m] -> (nil)
npuchk: [_ZN6npuchk19scatter_vconcat_f16EPN7float165Fp16TE10ub_addr8_tm] -> 0xffffad2bd6f8
npuchk: [_ZN6npuchk19scatter_vconcat_f16EPN7float165Fp16TE10ub_addr8_thh] -> 0xffffad2bd8cc
npuchk: [_ZN6npuchk19scatter_vconcat_f32EPf10ub_addr8_tm] -> 0xffffad2bdaf4
npuchk: [_ZN6npuchk19scatter_vconcat_f32EPf10ub_addr8_thh] -> 0xffffad2bdcc8
npuchk: [_ZN6npuchk17scatter_vconv_deqE10ub_addr8_tS0_mb] -> 0xffffad2bdef0
npuchk: [_ZN6npuchk17scatter_vconv_deqE10ub_addr8_tS0_httb] -> 0xffffad2be10c
npuchk: [_ZN6npuchk21scatter_vconv_f162f32E10ub_addr8_tS0_mb] -> 0xffffad2be3ac
npuchk: [_ZN6npuchk21scatter_vconv_f162f32E10ub_addr8_tS0_httb] -> 0xffffad2be5c8
npuchk: [_ZN6npuchk22scatter_vconv_f162s32aE10ub_addr8_tS0_mb] -> 0xffffad2be868
npuchk: [_ZN6npuchk22scatter_vconv_f162s32aE10ub_addr8_tS0_httb] -> 0xffffad2bea84
npuchk: [_ZN6npuchk22scatter_vconv_f162s32cE10ub_addr8_tS0_mb] -> 0xffffad2bed24
npuchk: [_ZN6npuchk22scatter_vconv_f162s32cE10ub_addr8_tS0_httb] -> 0xffffad2bef40
npuchk: [_ZN6npuchk22scatter_vconv_f162s32fE10ub_addr8_tS0_mb] -> 0xffffad2bf1e0
npuchk: [_ZN6npuchk22scatter_vconv_f162s32fE10ub_addr8_tS0_httb] -> 0xffffad2bf3fc
npuchk: [_ZN6npuchk22scatter_vconv_f162s32rE10ub_addr8_tS0_mb] -> 0xffffad2bf69c
npuchk: [_ZN6npuchk22scatter_vconv_f162s32rE10ub_addr8_tS0_httb] -> 0xffffad2bf8b8
npuchk: [_ZN6npuchk22scatter_vconv_f162s32zE10ub_addr8_tS0_mb] -> 0xffffad2bfb58
npuchk: [_ZN6npuchk22scatter_vconv_f162s32zE10ub_addr8_tS0_httb] -> 0xffffad2bfd74
npuchk: [_ZN6npuchk20scatter_vconv_f162s8E10ub_addr8_tS0_mb] -> 0xffffad2c0014
npuchk: [_ZN6npuchk20scatter_vconv_f162s8E10ub_addr8_tS0_httb] -> 0xffffad2c0230
npuchk: [_ZN6npuchk21scatter_vconv_f162s8aE10ub_addr8_tS0_mb] -> 0xffffad2c04d0
npuchk: [_ZN6npuchk21scatter_vconv_f162s8aE10ub_addr8_tS0_httb] -> 0xffffad2c06ec
npuchk: [_ZN6npuchk21scatter_vconv_f162s8cE10ub_addr8_tS0_mb] -> 0xffffad2c098c
npuchk: [_ZN6npuchk21scatter_vconv_f162s8cE10ub_addr8_tS0_httb] -> 0xffffad2c0ba8
npuchk: [_ZN6npuchk21scatter_vconv_f162s8fE10ub_addr8_tS0_mb] -> 0xffffad2c0e48
npuchk: [_ZN6npuchk21scatter_vconv_f162s8fE10ub_addr8_tS0_httb] -> 0xffffad2c1064
npuchk: [_ZN6npuchk21scatter_vconv_f162s8zE10ub_addr8_tS0_mb] -> 0xffffad2c1304
npuchk: [_ZN6npuchk21scatter_vconv_f162s8zE10ub_addr8_tS0_httb] -> 0xffffad2c1520
npuchk: [_ZN6npuchk20scatter_vconv_f162u8E10ub_addr8_tS0_mb] -> 0xffffad2c17c0
npuchk: [_ZN6npuchk20scatter_vconv_f162u8E10ub_addr8_tS0_httb] -> 0xffffad2c19dc
npuchk: [_ZN6npuchk21scatter_vconv_f162u8aE10ub_addr8_tS0_mb] -> 0xffffad2c1c7c
npuchk: [_ZN6npuchk21scatter_vconv_f162u8aE10ub_addr8_tS0_httb] -> 0xffffad2c1e98
npuchk: [_ZN6npuchk21scatter_vconv_f162u8cE10ub_addr8_tS0_mb] -> 0xffffad2c2138
npuchk: [_ZN6npuchk21scatter_vconv_f162u8cE10ub_addr8_tS0_httb] -> 0xffffad2c2354
npuchk: [_ZN6npuchk21scatter_vconv_f162u8fE10ub_addr8_tS0_mb] -> 0xffffad2c25f4
npuchk: [_ZN6npuchk21scatter_vconv_f162u8fE10ub_addr8_tS0_httb] -> 0xffffad2c2810
npuchk: [_ZN6npuchk21scatter_vconv_f162u8zE10ub_addr8_tS0_mb] -> 0xffffad2c2ab0
npuchk: [_ZN6npuchk21scatter_vconv_f162u8zE10ub_addr8_tS0_httb] -> 0xffffad2c2ccc
npuchk: [_ZN6npuchk21scatter_vconv_f322f16E10ub_addr8_tS0_mb] -> 0xffffad2c2f6c
npuchk: [_ZN6npuchk21scatter_vconv_f322f16E10ub_addr8_tS0_httb] -> 0xffffad2c3188
npuchk: [_ZN6npuchk22scatter_vconv_f322f16oE10ub_addr8_tS0_mb] -> 0xffffad2c3428
npuchk: [_ZN6npuchk22scatter_vconv_f322f16oE10ub_addr8_tS0_httb] -> 0xffffad2c3644
npuchk: [_ZN6npuchk22scatter_vconv_f322s32aE10ub_addr8_tS0_mb] -> 0xffffad2c38e4
npuchk: [_ZN6npuchk22scatter_vconv_f322s32aE10ub_addr8_tS0_httb] -> 0xffffad2c3b00
npuchk: [_ZN6npuchk22scatter_vconv_f322s32cE10ub_addr8_tS0_mb] -> 0xffffad2c3da0
npuchk: [_ZN6npuchk22scatter_vconv_f322s32cE10ub_addr8_tS0_httb] -> 0xffffad2c3fbc
npuchk: [_ZN6npuchk22scatter_vconv_f322s32fE10ub_addr8_tS0_mb] -> 0xffffad2c425c
npuchk: [_ZN6npuchk22scatter_vconv_f322s32fE10ub_addr8_tS0_httb] -> 0xffffad2c4478
npuchk: [_ZN6npuchk22scatter_vconv_f322s32rE10ub_addr8_tS0_mb] -> 0xffffad2c4718
npuchk: [_ZN6npuchk22scatter_vconv_f322s32rE10ub_addr8_tS0_httb] -> 0xffffad2c4934
npuchk: [_ZN6npuchk22scatter_vconv_f322s32zE10ub_addr8_tS0_mb] -> 0xffffad2c4bd4
npuchk: [_ZN6npuchk22scatter_vconv_f322s32zE10ub_addr8_tS0_httb] -> 0xffffad2c4df0
npuchk: [_ZN6npuchk21scatter_vconv_s322f32E10ub_addr8_tS0_mb] -> 0xffffad2c5090
npuchk: [_ZN6npuchk21scatter_vconv_s322f32E10ub_addr8_tS0_httb] -> 0xffffad2c52ac
npuchk: [_ZN6npuchk20scatter_vconv_s82f16E10ub_addr8_tS0_mb] -> 0xffffad2c554c
npuchk: [_ZN6npuchk20scatter_vconv_s82f16E10ub_addr8_tS0_httb] -> 0xffffad2c5768
npuchk: [_ZN6npuchk20scatter_vconv_u82f16E10ub_addr8_tS0_mb] -> 0xffffad2c5a08
npuchk: [_ZN6npuchk20scatter_vconv_u82f16E10ub_addr8_tS0_httb] -> 0xffffad2c5c24
npuchk: [_ZN6npuchk21scatter_vcshuffle_b16E10ub_addr8_tS0_m] -> 0xffffad2c5ec4
npuchk: [_ZN6npuchk21scatter_vcshuffle_b16E10ub_addr8_tS0_htth] -> 0xffffad2c60a0
npuchk: [_ZN6npuchk21scatter_vcshuffle_b32E10ub_addr8_tS0_m] -> 0xffffad2c6348
npuchk: [_ZN6npuchk21scatter_vcshuffle_b32E10ub_addr8_tS0_htth] -> 0xffffad2c6528
npuchk: [_ZN6npuchk20scatter_vcshuffle_b8E10ub_addr8_tS0_m] -> 0xffffad2c67d4
npuchk: [_ZN6npuchk20scatter_vcshuffle_b8E10ub_addr8_tS0_htth] -> 0xffffad2c69b0
npuchk: [_ZN6npuchk12scatter_vdivE7vtype_t10ub_addr8_tS1_S1_m] -> (nil)
npuchk: [_ZN6npuchk12scatter_vdivE7vtype_t10ub_addr8_tS1_S1_httt] -> (nil)
npuchk: [_ZN6npuchk16scatter_vdiv_f16E10ub_addr8_tS0_S0_m] -> 0xffffad2c6c58
npuchk: [_ZN6npuchk16scatter_vdiv_f16E10ub_addr8_tS0_S0_httt] -> 0xffffad2c6e80
npuchk: [_ZN6npuchk16scatter_vdiv_f32E10ub_addr8_tS0_S0_m] -> 0xffffad2c7168
npuchk: [_ZN6npuchk16scatter_vdiv_f32E10ub_addr8_tS0_S0_httt] -> 0xffffad2c7390
npuchk: [_ZN6npuchk18scatter_vector_movE7vtype_t10ub_addr8_tS1_m] -> (nil)
npuchk: [_ZN6npuchk18scatter_vector_movE7vtype_t10ub_addr8_tS1_htt] -> (nil)
npuchk: [_ZN6npuchk22scatter_vector_mov_f16E10ub_addr8_tS0_m] -> 0xffffad2c7678
npuchk: [_ZN6npuchk22scatter_vector_mov_f16E10ub_addr8_tS0_htt] -> 0xffffad2c7858
npuchk: [_ZN6npuchk22scatter_vector_mov_s16E10ub_addr8_tS0_m] -> 0xffffad2c7abc
npuchk: [_ZN6npuchk22scatter_vector_mov_s16E10ub_addr8_tS0_htt] -> 0xffffad2c7c9c
npuchk: [_ZN6npuchk22scatter_vector_mov_u16E10ub_addr8_tS0_m] -> 0xffffad2c7f00
npuchk: [_ZN6npuchk22scatter_vector_mov_u16E10ub_addr8_tS0_htt] -> 0xffffad2c80e0
npuchk: [_ZN6npuchk12scatter_vexpE7vtype_t10ub_addr8_tS1_m] -> (nil)
npuchk: [_ZN6npuchk12scatter_vexpE7vtype_t10ub_addr8_tS1_htt] -> (nil)
npuchk: [_ZN6npuchk16scatter_vexp_f16E10ub_addr8_tS0_m] -> 0xffffad2c8344
npuchk: [_ZN6npuchk16scatter_vexp_f16E10ub_addr8_tS0_htt] -> 0xffffad2c8524
npuchk: [_ZN6npuchk16scatter_vexp_f32E10ub_addr8_tS0_m] -> 0xffffad2c8788
npuchk: [_ZN6npuchk16scatter_vexp_f32E10ub_addr8_tS0_htt] -> 0xffffad2c8968
npuchk: [_ZN6npuchk20scatter_vextract_f16E10ub_addr8_tPN7float165Fp16TEm] -> 0xffffad2c8bcc
npuchk: [_ZN6npuchk20scatter_vextract_f16E10ub_addr8_tPN7float165Fp16TEhh] -> 0xffffad2c8da0
npuchk: [_ZN6npuchk20scatter_vextract_f32E10ub_addr8_tPfm] -> 0xffffad2c8fc8
npuchk: [_ZN6npuchk20scatter_vextract_f32E10ub_addr8_tPfhh] -> 0xffffad2c919c
npuchk: [_ZN6npuchk11scatter_vlnE7vtype_t10ub_addr8_tS1_m] -> (nil)
npuchk: [_ZN6npuchk11scatter_vlnE7vtype_t10ub_addr8_tS1_htt] -> (nil)
npuchk: [_ZN6npuchk15scatter_vln_f16E10ub_addr8_tS0_m] -> 0xffffad2c93c4
npuchk: [_ZN6npuchk15scatter_vln_f16E10ub_addr8_tS0_htt] -> 0xffffad2c95a4
npuchk: [_ZN6npuchk15scatter_vln_f32E10ub_addr8_tS0_m] -> 0xffffad2c9808
npuchk: [_ZN6npuchk15scatter_vln_f32E10ub_addr8_tS0_htt] -> 0xffffad2c99e8
npuchk: [_ZN6npuchk13scatter_vmaddE7vtype_t10ub_addr8_tS1_S1_m] -> (nil)
npuchk: [_ZN6npuchk13scatter_vmaddE7vtype_t10ub_addr8_tS1_S1_httt] -> (nil)
npuchk: [_ZN6npuchk17scatter_vmadd_f16E10ub_addr8_tS0_S0_m] -> 0xffffad2c9c4c
npuchk: [_ZN6npuchk17scatter_vmadd_f16E10ub_addr8_tS0_S0_httt] -> 0xffffad2c9e74
npuchk: [_ZN6npuchk17scatter_vmadd_f32E10ub_addr8_tS0_S0_m] -> 0xffffad2ca15c
npuchk: [_ZN6npuchk17scatter_vmadd_f32E10ub_addr8_tS0_S0_httt] -> 0xffffad2ca384
npuchk: [_ZN6npuchk17scatter_vmaddreluE7vtype_t10ub_addr8_tS1_S1_m] -> (nil)
npuchk: [_ZN6npuchk17scatter_vmaddreluE7vtype_t10ub_addr8_tS1_S1_httt] -> (nil)
npuchk: [_ZN6npuchk21scatter_vmaddrelu_f16E10ub_addr8_tS0_S0_m] -> 0xffffad2ca66c
npuchk: [_ZN6npuchk21scatter_vmaddrelu_f16E10ub_addr8_tS0_S0_httt] -> 0xffffad2ca894
npuchk: [_ZN6npuchk21scatter_vmaddrelu_f32E10ub_addr8_tS0_S0_m] -> 0xffffad2cab7c
npuchk: [_ZN6npuchk21scatter_vmaddrelu_f32E10ub_addr8_tS0_S0_httt] -> 0xffffad2cada4
npuchk: [_ZN6npuchk12scatter_vmaxE7vtype_t10ub_addr8_tS1_S1_m] -> (nil)
npuchk: [_ZN6npuchk12scatter_vmaxE7vtype_t10ub_addr8_tS1_S1_httt] -> (nil)
npuchk: [_ZN6npuchk16scatter_vmax_f16E10ub_addr8_tS0_S0_m] -> 0xffffad2cb08c
npuchk: [_ZN6npuchk16scatter_vmax_f16E10ub_addr8_tS0_S0_httt] -> 0xffffad2cb2b4
npuchk: [_ZN6npuchk16scatter_vmax_f32E10ub_addr8_tS0_S0_m] -> 0xffffad2cb59c
npuchk: [_ZN6npuchk16scatter_vmax_f32E10ub_addr8_tS0_S0_httt] -> 0xffffad2cb7c4
npuchk: [_ZN6npuchk16scatter_vmax_s16E10ub_addr8_tS0_S0_m] -> 0xffffad2cbaac
npuchk: [_ZN6npuchk16scatter_vmax_s16E10ub_addr8_tS0_S0_httt] -> 0xffffad2cbcd4
npuchk: [_ZN6npuchk16scatter_vmax_s32E10ub_addr8_tS0_S0_m] -> 0xffffad2cbfbc
npuchk: [_ZN6npuchk16scatter_vmax_s32E10ub_addr8_tS0_S0_httt] -> 0xffffad2cc1e4
npuchk: [_ZN6npuchk17scatter_vmaxs_f16E10ub_addr8_tS0_N7float165Fp16TEm] -> 0xffffad2cc4cc
npuchk: [_ZN6npuchk17scatter_vmaxs_f16E10ub_addr8_tS0_N7float165Fp16TEhtt] -> 0xffffad2cc6f4
npuchk: [_ZN6npuchk17scatter_vmaxs_f32E10ub_addr8_tS0_fm] -> 0xffffad2cc9a0
npuchk: [_ZN6npuchk17scatter_vmaxs_f32E10ub_addr8_tS0_fhtt] -> 0xffffad2ccbbc
npuchk: [_ZN6npuchk17scatter_vmaxs_s16E10ub_addr8_tS0_sm] -> 0xffffad2cce5c
npuchk: [_ZN6npuchk17scatter_vmaxs_s16E10ub_addr8_tS0_shtt] -> 0xffffad2cd078
npuchk: [_ZN6npuchk17scatter_vmaxs_s32E10ub_addr8_tS0_im] -> 0xffffad2cd318
npuchk: [_ZN6npuchk17scatter_vmaxs_s32E10ub_addr8_tS0_ihtt] -> 0xffffad2cd534
npuchk: [_ZN6npuchk12scatter_vminE7vtype_t10ub_addr8_tS1_S1_m] -> (nil)
npuchk: [_ZN6npuchk12scatter_vminE7vtype_t10ub_addr8_tS1_S1_httt] -> (nil)
npuchk: [_ZN6npuchk16scatter_vmin_f16E10ub_addr8_tS0_S0_m] -> 0xffffad2cd7d4
npuchk: [_ZN6npuchk16scatter_vmin_f16E10ub_addr8_tS0_S0_httt] -> 0xffffad2cd9fc
npuchk: [_ZN6npuchk16scatter_vmin_f32E10ub_addr8_tS0_S0_m] -> 0xffffad2cdce4
npuchk: [_ZN6npuchk16scatter_vmin_f32E10ub_addr8_tS0_S0_httt] -> 0xffffad2cdf0c
npuchk: [_ZN6npuchk16scatter_vmin_s16E10ub_addr8_tS0_S0_m] -> 0xffffad2ce1f4
npuchk: [_ZN6npuchk16scatter_vmin_s16E10ub_addr8_tS0_S0_httt] -> 0xffffad2ce41c
npuchk: [_ZN6npuchk16scatter_vmin_s32E10ub_addr8_tS0_S0_m] -> 0xffffad2ce704
npuchk: [_ZN6npuchk16scatter_vmin_s32E10ub_addr8_tS0_S0_httt] -> 0xffffad2ce92c
npuchk: [_ZN6npuchk17scatter_vmins_f16E10ub_addr8_tS0_N7float165Fp16TEm] -> 0xffffad2cec14
npuchk: [_ZN6npuchk17scatter_vmins_f16E10ub_addr8_tS0_N7float165Fp16TEhtt] -> 0xffffad2cee3c
npuchk: [_ZN6npuchk17scatter_vmins_f32E10ub_addr8_tS0_fm] -> 0xffffad2cf0e8
npuchk: [_ZN6npuchk17scatter_vmins_f32E10ub_addr8_tS0_fhtt] -> 0xffffad2cf304
npuchk: [_ZN6npuchk17scatter_vmins_s16E10ub_addr8_tS0_sm] -> 0xffffad2cf5a4
npuchk: [_ZN6npuchk17scatter_vmins_s16E10ub_addr8_tS0_shtt] -> 0xffffad2cf7c0
npuchk: [_ZN6npuchk17scatter_vmins_s32E10ub_addr8_tS0_im] -> 0xffffad2cfa60
npuchk: [_ZN6npuchk17scatter_vmins_s32E10ub_addr8_tS0_ihtt] -> 0xffffad2cfc7c
npuchk: [_ZN6npuchk12scatter_vmlaE7vtype_t10ub_addr8_tS1_S1_m] -> (nil)
npuchk: [_ZN6npuchk12scatter_vmlaE7vtype_t10ub_addr8_tS1_S1_httt] -> (nil)
npuchk: [_ZN6npuchk16scatter_vmla_f16E10ub_addr8_tS0_S0_m] -> 0xffffad2cff1c
npuchk: [_ZN6npuchk16scatter_vmla_f16E10ub_addr8_tS0_S0_httt] -> 0xffffad2d0144
npuchk: [_ZN6npuchk16scatter_vmla_f32E10ub_addr8_tS0_S0_m] -> 0xffffad2d042c
npuchk: [_ZN6npuchk16scatter_vmla_f32E10ub_addr8_tS0_S0_httt] -> 0xffffad2d0654
npuchk: [_ZN6npuchk17scatter_vmla_fmixE10ub_addr8_tS0_S0_m] -> 0xffffad2d093c
npuchk: [_ZN6npuchk17scatter_vmla_fmixE10ub_addr8_tS0_S0_httt] -> 0xffffad2d0b64
npuchk: [_ZN6npuchk12scatter_vmulE7vtype_t10ub_addr8_tS1_S1_m] -> (nil)
npuchk: [_ZN6npuchk12scatter_vmulE7vtype_t10ub_addr8_tS1_S1_httt] -> (nil)
npuchk: [_ZN6npuchk16scatter_vmul_f16E10ub_addr8_tS0_S0_m] -> 0xffffad2d0e4c
npuchk: [_ZN6npuchk16scatter_vmul_f16E10ub_addr8_tS0_S0_httt] -> 0xffffad2d1074
npuchk: [_ZN6npuchk16scatter_vmul_f32E10ub_addr8_tS0_S0_m] -> 0xffffad2d135c
npuchk: [_ZN6npuchk16scatter_vmul_f32E10ub_addr8_tS0_S0_httt] -> 0xffffad2d1584
npuchk: [_ZN6npuchk16scatter_vmul_s16E10ub_addr8_tS0_S0_m] -> 0xffffad2d186c
npuchk: [_ZN6npuchk16scatter_vmul_s16E10ub_addr8_tS0_S0_httt] -> 0xffffad2d1a94
npuchk: [_ZN6npuchk16scatter_vmul_s32E10ub_addr8_tS0_S0_m] -> 0xffffad2d1d7c
npuchk: [_ZN6npuchk16scatter_vmul_s32E10ub_addr8_tS0_S0_httt] -> 0xffffad2d1fa4
npuchk: [_ZN6npuchk23scatter_vmulconv_f162s8E10ub_addr8_tS0_S0_mb] -> 0xffffad2d228c
npuchk: [_ZN6npuchk23scatter_vmulconv_f162s8E10ub_addr8_tS0_S0_htttb] -> 0xffffad2d24f0
npuchk: [_ZN6npuchk23scatter_vmulconv_f162u8E10ub_addr8_tS0_S0_mb] -> 0xffffad2d2814
npuchk: [_ZN6npuchk23scatter_vmulconv_f162u8E10ub_addr8_tS0_S0_htttb] -> 0xffffad2d2a78
npuchk: [_ZN6npuchk13scatter_vmulsE7vtype_t10ub_addr8_tS1_N7float165Fp16TEm] -> (nil)
npuchk: [_ZN6npuchk13scatter_vmulsE7vtype_t10ub_addr8_tS1_N7float165Fp16TEhtt] -> (nil)
npuchk: [_ZN6npuchk13scatter_vmulsE7vtype_t10ub_addr8_tS1_fm] -> (nil)
npuchk: [_ZN6npuchk13scatter_vmulsE7vtype_t10ub_addr8_tS1_fhtt] -> (nil)
npuchk: [_ZN6npuchk17scatter_vmuls_f16E10ub_addr8_tS0_N7float165Fp16TEm] -> 0xffffad2d2d9c
npuchk: [_ZN6npuchk17scatter_vmuls_f16E10ub_addr8_tS0_N7float165Fp16TEhtt] -> 0xffffad2d2fc4
npuchk: [_ZN6npuchk17scatter_vmuls_f32E10ub_addr8_tS0_fm] -> 0xffffad2d3270
npuchk: [_ZN6npuchk17scatter_vmuls_f32E10ub_addr8_tS0_fhtt] -> 0xffffad2d348c
npuchk: [_ZN6npuchk17scatter_vmuls_s16E10ub_addr8_tS0_sm] -> 0xffffad2d372c
npuchk: [_ZN6npuchk17scatter_vmuls_s16E10ub_addr8_tS0_shtt] -> 0xffffad2d3948
npuchk: [_ZN6npuchk17scatter_vmuls_s32E10ub_addr8_tS0_im] -> 0xffffad2d3be8
npuchk: [_ZN6npuchk17scatter_vmuls_s32E10ub_addr8_tS0_ihtt] -> 0xffffad2d3e04
npuchk: [_ZN6npuchk21scatter_vnchwconv_b16E10ub_addr8_tPsm] -> (nil)
npuchk: [_ZN6npuchk21scatter_vnchwconv_b16E10ub_addr8_tPshtt] -> (nil)
npuchk: [_ZN6npuchk21scatter_vnchwconv_b16E10ub_addr8_tPtm] -> (nil)
npuchk: [_ZN6npuchk21scatter_vnchwconv_b16E10ub_addr8_tPthtt] -> (nil)
npuchk: [_ZN6npuchk21scatter_vnchwconv_b16EPs10ub_addr8_tm] -> (nil)
npuchk: [_ZN6npuchk21scatter_vnchwconv_b16EPs10ub_addr8_thtt] -> (nil)
npuchk: [_ZN6npuchk21scatter_vnchwconv_b16EPt10ub_addr8_tm] -> (nil)
npuchk: [_ZN6npuchk21scatter_vnchwconv_b16EPt10ub_addr8_thtt] -> (nil)
npuchk: [_ZN6npuchk21scatter_vnchwconv_b16E10ub_addr8_tS0_m] -> 0xffffad1ed6d0
npuchk: [_ZN6npuchk21scatter_vnchwconv_b16E10ub_addr8_tS0_htt] -> 0xffffad1ed8b0
npuchk: [_ZN6npuchk21scatter_vnchwconv_b32E10ub_addr8_tPim] -> (nil)
npuchk: [_ZN6npuchk21scatter_vnchwconv_b32E10ub_addr8_tPihtt] -> (nil)
npuchk: [_ZN6npuchk21scatter_vnchwconv_b32E10ub_addr8_tPjm] -> (nil)
npuchk: [_ZN6npuchk21scatter_vnchwconv_b32E10ub_addr8_tPjhtt] -> (nil)
npuchk: [_ZN6npuchk21scatter_vnchwconv_b32EPi10ub_addr8_tm] -> (nil)
npuchk: [_ZN6npuchk21scatter_vnchwconv_b32EPi10ub_addr8_thtt] -> (nil)
npuchk: [_ZN6npuchk21scatter_vnchwconv_b32EPj10ub_addr8_tm] -> (nil)
npuchk: [_ZN6npuchk21scatter_vnchwconv_b32EPj10ub_addr8_thtt] -> (nil)
npuchk: [_ZN6npuchk21scatter_vnchwconv_b32E10ub_addr8_tS0_m] -> 0xffffad1edb14
npuchk: [_ZN6npuchk21scatter_vnchwconv_b32E10ub_addr8_tS0_htt] -> 0xffffad1edcf4
npuchk: [_ZN6npuchk20scatter_vnchwconv_b8E10ub_addr8_tPambb] -> (nil)
npuchk: [_ZN6npuchk20scatter_vnchwconv_b8E10ub_addr8_tPahttbb] -> (nil)
npuchk: [_ZN6npuchk20scatter_vnchwconv_b8E10ub_addr8_tPhmbb] -> (nil)
npuchk: [_ZN6npuchk20scatter_vnchwconv_b8E10ub_addr8_tPhhttbb] -> (nil)
npuchk: [_ZN6npuchk20scatter_vnchwconv_b8EPa10ub_addr8_tmbb] -> (nil)
npuchk: [_ZN6npuchk20scatter_vnchwconv_b8EPa10ub_addr8_thttbb] -> (nil)
npuchk: [_ZN6npuchk20scatter_vnchwconv_b8EPh10ub_addr8_tmbb] -> (nil)
npuchk: [_ZN6npuchk20scatter_vnchwconv_b8EPh10ub_addr8_thttbb] -> (nil)
npuchk: [_ZN6npuchk20scatter_vnchwconv_b8E10ub_addr8_tS0_mbb] -> 0xffffad1edf58
npuchk: [_ZN6npuchk20scatter_vnchwconv_b8E10ub_addr8_tS0_httbb] -> 0xffffad1ee1b0
npuchk: [_ZN6npuchk12scatter_vrecE7vtype_t10ub_addr8_tS1_m] -> (nil)
npuchk: [_ZN6npuchk12scatter_vrecE7vtype_t10ub_addr8_tS1_htt] -> (nil)
npuchk: [_ZN6npuchk16scatter_vrec_f16E10ub_addr8_tS0_m] -> 0xffffad2d40a4
npuchk: [_ZN6npuchk16scatter_vrec_f16E10ub_addr8_tS0_htt] -> 0xffffad2d4284
npuchk: [_ZN6npuchk16scatter_vrec_f32E10ub_addr8_tS0_m] -> 0xffffad2d44e8
npuchk: [_ZN6npuchk16scatter_vrec_f32E10ub_addr8_tS0_htt] -> 0xffffad2d46c8
npuchk: [_ZN6npuchk13scatter_vreluE7vtype_t10ub_addr8_tS1_m] -> (nil)
npuchk: [_ZN6npuchk13scatter_vreluE7vtype_t10ub_addr8_tS1_htt] -> (nil)
npuchk: [_ZN6npuchk17scatter_vrelu_f16E10ub_addr8_tS0_m] -> 0xffffad2d492c
npuchk: [_ZN6npuchk17scatter_vrelu_f16E10ub_addr8_tS0_htt] -> 0xffffad2d4b0c
npuchk: [_ZN6npuchk17scatter_vrelu_f32E10ub_addr8_tS0_m] -> 0xffffad2d4d70
npuchk: [_ZN6npuchk17scatter_vrelu_f32E10ub_addr8_tS0_htt] -> 0xffffad2d4f50
npuchk: [_ZN6npuchk17scatter_vrelu_s32E10ub_addr8_tS0_m] -> 0xffffad2d51b4
npuchk: [_ZN6npuchk17scatter_vrelu_s32E10ub_addr8_tS0_htt] -> 0xffffad2d5394
npuchk: [_ZN6npuchk14scatter_vrsqrtE7vtype_t10ub_addr8_tS1_m] -> (nil)
npuchk: [_ZN6npuchk14scatter_vrsqrtE7vtype_t10ub_addr8_tS1_htt] -> (nil)
npuchk: [_ZN6npuchk18scatter_vrsqrt_f16E10ub_addr8_tS0_m] -> 0xffffad2d55f8
npuchk: [_ZN6npuchk18scatter_vrsqrt_f16E10ub_addr8_tS0_htt] -> 0xffffad2d57d8
npuchk: [_ZN6npuchk18scatter_vrsqrt_f32E10ub_addr8_tS0_m] -> 0xffffad2d5a3c
npuchk: [_ZN6npuchk18scatter_vrsqrt_f32E10ub_addr8_tS0_htt] -> 0xffffad2d5c1c
npuchk: [_ZN6npuchk16scatter_vscmergeEPt10ub_addr8_tm] -> (nil)
npuchk: [_ZN6npuchk16scatter_vscmergeEPt10ub_addr8_tth] -> (nil)
npuchk: [_ZN6npuchk16scatter_vscmergeEPh10ub_addr8_tm] -> (nil)
npuchk: [_ZN6npuchk16scatter_vscmergeEPh10ub_addr8_tth] -> (nil)
npuchk: [_ZN6npuchk16scatter_vscmergeEPN7float165Fp16TE10ub_addr8_tm] -> (nil)
npuchk: [_ZN6npuchk16scatter_vscmergeEPN7float165Fp16TE10ub_addr8_tth] -> (nil)
npuchk: [_ZN6npuchk20scatter_vscmerge_b16EPt10ub_addr8_tm] -> 0xffffad2d5e80
npuchk: [_ZN6npuchk20scatter_vscmerge_b16EPt10ub_addr8_tth] -> (nil)
npuchk: [_ZN6npuchk19scatter_vscmerge_b8EPh10ub_addr8_tm] -> 0xffffad2d6054
npuchk: [_ZN6npuchk19scatter_vscmerge_b8EPh10ub_addr8_tth] -> (nil)
npuchk: [_ZN6npuchk20scatter_vscmerge_f16EPN7float165Fp16TE10ub_addr8_tm] -> (nil)
npuchk: [_ZN6npuchk20scatter_vscmerge_f16EPN7float165Fp16TE10ub_addr8_tth] -> (nil)
npuchk: [_ZN6npuchk16scatter_vscsplitE10ub_addr8_tPtm] -> (nil)
npuchk: [_ZN6npuchk16scatter_vscsplitE10ub_addr8_tPtth] -> (nil)
npuchk: [_ZN6npuchk16scatter_vscsplitE10ub_addr8_tPhm] -> (nil)
npuchk: [_ZN6npuchk16scatter_vscsplitE10ub_addr8_tPhth] -> (nil)
npuchk: [_ZN6npuchk16scatter_vscsplitE10ub_addr8_tPN7float165Fp16TEm] -> (nil)
npuchk: [_ZN6npuchk16scatter_vscsplitE10ub_addr8_tPN7float165Fp16TEth] -> (nil)
npuchk: [_ZN6npuchk20scatter_vscsplit_b16E10ub_addr8_tPtm] -> 0xffffad2d6224
npuchk: [_ZN6npuchk20scatter_vscsplit_b16E10ub_addr8_tPtth] -> (nil)
npuchk: [_ZN6npuchk20scatter_vscsplit_b16E10ub_addr8_tPsm] -> (nil)
npuchk: [_ZN6npuchk20scatter_vscsplit_b16E10ub_addr8_tPsth] -> (nil)
npuchk: [_ZN6npuchk19scatter_vscsplit_b8E10ub_addr8_tPhm] -> 0xffffad2d63f8
npuchk: [_ZN6npuchk19scatter_vscsplit_b8E10ub_addr8_tPhth] -> (nil)
npuchk: [_ZN6npuchk19scatter_vscsplit_b8E10ub_addr8_tPam] -> (nil)
npuchk: [_ZN6npuchk19scatter_vscsplit_b8E10ub_addr8_tPath] -> (nil)
npuchk: [_ZN6npuchk20scatter_vscsplit_f16E10ub_addr8_tPN7float165Fp16TEm] -> (nil)
npuchk: [_ZN6npuchk20scatter_vscsplit_f16E10ub_addr8_tPN7float165Fp16TEth] -> (nil)
npuchk: [_ZN6npuchk12scatter_vselE7vtype_t10ub_addr8_tS1_S1_m] -> (nil)
npuchk: [_ZN6npuchk12scatter_vselE7vtype_t10ub_addr8_tS1_S1_httt] -> (nil)
npuchk: [_ZN6npuchk16scatter_vsel_f16E10ub_addr8_tS0_S0_m] -> 0xffffad2d65cc
npuchk: [_ZN6npuchk16scatter_vsel_f16E10ub_addr8_tS0_S0_httth] -> 0xffffad2d67f4
npuchk: [_ZN6npuchk16scatter_vsel_f32E10ub_addr8_tS0_S0_m] -> 0xffffad2d6b24
npuchk: [_ZN6npuchk16scatter_vsel_f32E10ub_addr8_tS0_S0_httth] -> 0xffffad2d6d4c
npuchk: [_ZN6npuchk13scatter_vsqrtE7vtype_t10ub_addr8_tS1_m] -> (nil)
npuchk: [_ZN6npuchk13scatter_vsqrtE7vtype_t10ub_addr8_tS1_htt] -> (nil)
npuchk: [_ZN6npuchk17scatter_vsqrt_f16E10ub_addr8_tS0_m] -> 0xffffad2d707c
npuchk: [_ZN6npuchk17scatter_vsqrt_f16E10ub_addr8_tS0_htt] -> 0xffffad2d725c
npuchk: [_ZN6npuchk17scatter_vsqrt_f32E10ub_addr8_tS0_m] -> 0xffffad2d74c0
npuchk: [_ZN6npuchk17scatter_vsqrt_f32E10ub_addr8_tS0_htt] -> 0xffffad2d76a0
npuchk: [_ZN6npuchk12scatter_vsubE7vtype_t10ub_addr8_tS1_S1_m] -> (nil)
npuchk: [_ZN6npuchk12scatter_vsubE7vtype_t10ub_addr8_tS1_S1_httt] -> (nil)
npuchk: [_ZN6npuchk16scatter_vsub_f16E10ub_addr8_tS0_S0_m] -> 0xffffad2d7904
npuchk: [_ZN6npuchk16scatter_vsub_f16E10ub_addr8_tS0_S0_httt] -> 0xffffad2d7b2c
npuchk: [_ZN6npuchk16scatter_vsub_f32E10ub_addr8_tS0_S0_m] -> 0xffffad2d7e14
npuchk: [_ZN6npuchk16scatter_vsub_f32E10ub_addr8_tS0_S0_httt] -> 0xffffad2d803c
npuchk: [_ZN6npuchk16scatter_vsub_s16E10ub_addr8_tS0_S0_m] -> 0xffffad2d8324
npuchk: [_ZN6npuchk16scatter_vsub_s16E10ub_addr8_tS0_S0_httt] -> 0xffffad2d854c
npuchk: [_ZN6npuchk16scatter_vsub_s32E10ub_addr8_tS0_S0_m] -> 0xffffad2d8834
npuchk: [_ZN6npuchk16scatter_vsub_s32E10ub_addr8_tS0_S0_httt] -> 0xffffad2d8a5c
npuchk: [_ZN6npuchk14set_aipp_spr_0Em] -> 0xffffad1e00a4
npuchk: [_ZN6npuchk14set_aipp_spr_1Em] -> 0xffffad1e0264
npuchk: [_ZN6npuchk15set_aipp_spr_10Em] -> 0xffffad1e0424
npuchk: [_ZN6npuchk15set_aipp_spr_11Em] -> 0xffffad1e05e4
npuchk: [_ZN6npuchk15set_aipp_spr_12Em] -> 0xffffad1e07a4
npuchk: [_ZN6npuchk15set_aipp_spr_13Em] -> 0xffffad1e0964
npuchk: [_ZN6npuchk15set_aipp_spr_14Em] -> 0xffffad1e0b24
npuchk: [_ZN6npuchk15set_aipp_spr_15Em] -> 0xffffad1e0ce4
npuchk: [_ZN6npuchk15set_aipp_spr_16Em] -> 0xffffad1e0ea4
npuchk: [_ZN6npuchk15set_aipp_spr_17Em] -> 0xffffad1e1064
npuchk: [_ZN6npuchk15set_aipp_spr_18Em] -> 0xffffad1e1224
npuchk: [_ZN6npuchk15set_aipp_spr_19Em] -> 0xffffad1e13e4
npuchk: [_ZN6npuchk14set_aipp_spr_2Em] -> 0xffffad1e15a4
npuchk: [_ZN6npuchk15set_aipp_spr_20Em] -> 0xffffad1e1764
npuchk: [_ZN6npuchk15set_aipp_spr_21Em] -> 0xffffad1e1924
npuchk: [_ZN6npuchk15set_aipp_spr_22Em] -> 0xffffad1e1ae4
npuchk: [_ZN6npuchk15set_aipp_spr_23Em] -> 0xffffad1e1ca4
npuchk: [_ZN6npuchk15set_aipp_spr_24Em] -> 0xffffad1e1e64
npuchk: [_ZN6npuchk15set_aipp_spr_25Em] -> (nil)
npuchk: [_ZN6npuchk15set_aipp_spr_26Em] -> (nil)
npuchk: [_ZN6npuchk15set_aipp_spr_27Em] -> (nil)
npuchk: [_ZN6npuchk15set_aipp_spr_28Em] -> (nil)
npuchk: [_ZN6npuchk15set_aipp_spr_29Em] -> (nil)
npuchk: [_ZN6npuchk14set_aipp_spr_3Em] -> 0xffffad1e2024
npuchk: [_ZN6npuchk15set_aipp_spr_30Em] -> (nil)
npuchk: [_ZN6npuchk15set_aipp_spr_31Em] -> (nil)
npuchk: [_ZN6npuchk14set_aipp_spr_4Em] -> 0xffffad1e21e4
npuchk: [_ZN6npuchk14set_aipp_spr_5Em] -> 0xffffad1e23a4
npuchk: [_ZN6npuchk14set_aipp_spr_6Em] -> 0xffffad1e2564
npuchk: [_ZN6npuchk14set_aipp_spr_7Em] -> 0xffffad1e2724
npuchk: [_ZN6npuchk14set_aipp_spr_8Em] -> 0xffffad1e28e4
npuchk: [_ZN6npuchk14set_aipp_spr_9Em] -> 0xffffad1e2aa4
npuchk: [_ZN6npuchk14set_atomic_addEv] -> (nil)
npuchk: [_ZN6npuchk15set_atomic_bf16Ev] -> 0xffffad163368
npuchk: [_ZN6npuchk14set_atomic_f16Ev] -> 0xffffad163348
npuchk: [_ZN6npuchk14set_atomic_f32Ev] -> 0xffffad1633c8
npuchk: [_ZN6npuchk14set_atomic_maxEv] -> (nil)
npuchk: [_ZN6npuchk14set_atomic_minEv] -> (nil)
npuchk: [_ZN6npuchk15set_atomic_noneEv] -> 0xffffad1633a8
npuchk: [_ZN6npuchk14set_atomic_s16Ev] -> 0xffffad163328
npuchk: [_ZN6npuchk14set_atomic_s32Ev] -> 0xffffad163308
npuchk: [_ZN6npuchk13set_atomic_s8Ev] -> 0xffffad163388
npuchk: [_ZN6npuchk18set_cache_normreadEv] -> 0xffffad2d8d44
npuchk: [_ZN6npuchk22set_cache_notwritebackEv] -> 0xffffad2d8e70
npuchk: [_ZN6npuchk17set_cache_readinvEv] -> 0xffffad2d8f9c
npuchk: [_ZN6npuchk18set_cache_readlastEv] -> 0xffffad2d90c8
npuchk: [_ZN6npuchk16set_channel_paraEm] -> (nil)
npuchk: [_ZN6npuchk11set_cmpmaskEPv] -> 0xffffad1ee48c
npuchk: [_ZN6npuchk8set_condEm] -> 0xffffad1e2c64
npuchk: [_ZN6npuchk18set_condition_flagEm] -> 0xffffad1e2e24
npuchk: [_ZN6npuchk8set_ctrlEm] -> 0xffffad1e2fe4
npuchk: [_ZN6npuchk14set_data_exp_0Em] -> 0xffffad1ee654
npuchk: [_ZN6npuchk14set_data_exp_1Em] -> 0xffffad1ee814
npuchk: [_ZN6npuchk14set_data_exp_2Em] -> 0xffffad1ee9d4
npuchk: [_ZN6npuchk14set_data_exp_3Em] -> 0xffffad1eeb94
npuchk: [_ZN6npuchk12set_deqscaleEN7float165Fp16TE] -> 0xffffad1eed54
npuchk: [_ZN6npuchk12set_deqscaleEm] -> 0xffffad1eef28
npuchk: [_ZN6npuchk18set_elt_antiq_paraEm] -> (nil)
npuchk: [_ZN6npuchk16set_elt_src_paraEm] -> (nil)
npuchk: [_ZN6npuchk12set_fcol2imgEm] -> 0xffffad2d91f4
npuchk: [_ZN6npuchk18set_ffts_base_addrEm] -> 0xffffad1e31a4
npuchk: [_ZN6npuchk17set_fix_clip_reluEm] -> (nil)
npuchk: [_ZN6npuchk13set_fixp_addrEm] -> (nil)
npuchk: [_ZN6npuchk8set_flagE6pipe_tS0_7event_t] -> 0xffffad1e3364
npuchk: [_ZN6npuchk8set_flagE6pipe_t7event_t] -> (nil)
npuchk: [_ZN6npuchk8set_flagE6pipe_tS0_m] -> (nil)
npuchk: [_ZN6npuchk8set_flagE6pipe_tm] -> (nil)
npuchk: [_ZN6npuchk11set_fmatrixEm] -> 0xffffad1e3624
npuchk: [_ZN6npuchk13set_fmatrix_bEm] -> 0xffffad1e37e4
npuchk: [_ZN6npuchk18set_fmatrix_dual_0Em] -> (nil)
npuchk: [_ZN6npuchk18set_fmatrix_dual_1Em] -> (nil)
npuchk: [_ZN6npuchk7set_fpcEm] -> 0xffffad1e39a4
npuchk: [_ZN6npuchk9set_fpdeqEm] -> (nil)
npuchk: [_ZN6npuchk16set_l0_set_valueEN7float165Fp16TE] -> 0xffffad1e3b64
npuchk: [_ZN6npuchk16set_l0_set_valueEj] -> 0xffffad1e3d38
npuchk: [_ZN6npuchk10set_l0a_2dEPvl] -> 0xffffad2d9398
npuchk: [_ZN6npuchk10set_l0a_2dEPN7float165Fp16TEl] -> 0xffffad1e3ef8
npuchk: [_ZN6npuchk10set_l0a_2dEPfl] -> 0xffffad1e4114
npuchk: [_ZN6npuchk10set_l0a_2dEPsl] -> 0xffffad1e4334
npuchk: [_ZN6npuchk10set_l0a_2dEPil] -> 0xffffad1e4550
npuchk: [_ZN6npuchk10set_l0a_2dEPtl] -> 0xffffad1e4770
npuchk: [_ZN6npuchk10set_l0a_2dEPjl] -> 0xffffad1e498c
npuchk: [_ZN6npuchk10set_l0b_2dEPvl] -> 0xffffad2d95b4
npuchk: [_ZN6npuchk10set_l0b_2dEPN7float165Fp16TEl] -> 0xffffad1e4bac
npuchk: [_ZN6npuchk10set_l0b_2dEPfl] -> 0xffffad1e4dcc
npuchk: [_ZN6npuchk10set_l0b_2dEPsl] -> 0xffffad1e4fec
npuchk: [_ZN6npuchk10set_l0b_2dEPil] -> 0xffffad1e520c
npuchk: [_ZN6npuchk10set_l0b_2dEPtl] -> 0xffffad1e542c
npuchk: [_ZN6npuchk10set_l0b_2dEPjl] -> 0xffffad1e564c
npuchk: [_ZN6npuchk9set_l1_2dEPvl] -> 0xffffad2d97d4
npuchk: [_ZN6npuchk9set_l1_2dEPN7float165Fp16TEl] -> 0xffffad1e586c
npuchk: [_ZN6npuchk9set_l1_2dEPfl] -> 0xffffad1e5a8c
npuchk: [_ZN6npuchk9set_l1_2dEPsl] -> 0xffffad1e5cac
npuchk: [_ZN6npuchk9set_l1_2dEPil] -> 0xffffad1e5ecc
npuchk: [_ZN6npuchk9set_l1_2dEPtl] -> 0xffffad1e60ec
npuchk: [_ZN6npuchk9set_l1_2dEPjl] -> 0xffffad1e630c
npuchk: [_ZN6npuchk14set_l1_3d_sizeEm] -> 0xffffad1e652c
npuchk: [_ZN6npuchk11set_l3d_rptEm] -> 0xffffad1e66ec
npuchk: [_ZN6npuchk14set_loop3_paraEm] -> (nil)
npuchk: [_ZN6npuchk15set_low_pre_tblEm] -> 0xffffad2d99f4
npuchk: [_ZN6npuchk9set_lpcntEm] -> 0xffffad1e68ac
npuchk: [_ZN6npuchk15set_lrelu_alphaEm] -> 0xffffad1e6a6c
npuchk: [_ZN6npuchk15set_lrelu_alphaEN7float165Fp16TE] -> 0xffffad1e6bbc
npuchk: [_ZN6npuchk15set_lrelu_alphaEf] -> 0xffffad1e6d90
npuchk: [_ZN6npuchk14set_mask_countEv] -> 0xffffad1e6f58
npuchk: [_ZN6npuchk13set_mask_normEv] -> 0xffffad1e7084
npuchk: [_ZN6npuchk15set_mov_pad_valEm] -> 0xffffad1ef0e8
npuchk: [_ZN6npuchk11set_nd_paraEm] -> 0xffffad1e71b0
npuchk: [_ZN6npuchk11set_paddingEm] -> 0xffffad1e7370
npuchk: [_ZN6npuchk11set_paddingEN7float165Fp16TE] -> 0xffffad1e7530
npuchk: [_ZN6npuchk11set_paddingEs] -> 0xffffad1e7704
npuchk: [_ZN6npuchk11set_paddingEt] -> 0xffffad1e78c4
npuchk: [_ZN6npuchk16set_pcie_rd_ctrlEm] -> 0xffffad1ef2a8
npuchk: [_ZN6npuchk16set_pcie_wr_ctrlEm] -> 0xffffad1ef468
npuchk: [_ZN6npuchk11set_pnt_coeEm] -> (nil)
npuchk: [_ZN6npuchk14set_quant_postEm] -> (nil)
npuchk: [_ZN6npuchk13set_quant_preEm] -> 0xffffad1e7a84
npuchk: [_ZN6npuchk19set_rawheader_to_gmEPvm] -> 0xffffad2d9bb4
npuchk: [_ZN6npuchk19set_rawheader_to_gmEPvtbh] -> 0xffffad2d9dd0
npuchk: [_ZN6npuchk14set_relu_alphaEm] -> (nil)
npuchk: [_ZN6npuchk12set_reqscaleEm] -> (nil)
npuchk: [_ZN6npuchk14set_rpn_cor_irEm] -> (nil)
npuchk: [_ZN6npuchk14set_rpn_offsetEN7float165Fp16TE] -> 0xffffad2da088
npuchk: [_ZN6npuchk17set_safety_crc_enEm] -> (nil)
npuchk: [_ZN6npuchk19set_safety_crc_excpEm] -> (nil)
npuchk: [_ZN6npuchk15set_smask_indexEm] -> 0xffffad2da25c
npuchk: [_ZN6npuchk17set_st_atomic_cfgEm] -> 0xffffad1e7c44
npuchk: [_ZN6npuchk17set_st_atomic_cfgE13atomic_type_t11atomic_op_t] -> 0xffffad1e7e04
npuchk: [_ZN6npuchk13set_va_reg_sbE10ub_addr8_tPm] -> 0xffffad1ef628
npuchk: [_ZN6npuchk15set_vector_maskEmm] -> 0xffffad1ef7c0
npuchk: [_ZN6npuchk19set_vector_mask_dupEm] -> 0xffffad1ef980
npuchk: [_ZN6npuchk9set_vpipeEm] -> 0xffffad2da41c
npuchk: [_ZN6npuchk7set_vspEm] -> (nil)
npuchk: [_ZN6npuchk4sff0Em] -> (nil)
npuchk: [_ZN6npuchk4sff1Em] -> (nil)
npuchk: [_ZN6npuchk7sflbitsEl] -> (nil)
npuchk: [_ZN6npuchk6st_devEtPts] -> 0xffffad1e8018
npuchk: [_ZN6npuchk6st_devEjPjs] -> 0xffffad1e8294
npuchk: [_ZN6npuchk6st_devEmPms] -> 0xffffad1e8510
npuchk: [_ZN6npuchk6st_devEhPhs] -> 0xffffad1e878c
npuchk: [_ZN6npuchk21store_l1_to_out_imageEPN7float165Fp16TES2_mm] -> (nil)
npuchk: [_ZN6npuchk21store_l1_to_out_imageEPN7float165Fp16TES2_thththbhm] -> (nil)
npuchk: [_ZN6npuchk21store_l1_to_out_imageEPsS0_mm] -> (nil)
npuchk: [_ZN6npuchk21store_l1_to_out_imageEPsS0_thththbhm] -> (nil)
npuchk: [_ZN6npuchk4trapEm] -> (nil)
npuchk: [_ZN6npuchk6plt_b8ERj7Literal] -> (nil)
npuchk: [_ZN6npuchk7plt_b16ERj7Literal] -> (nil)
npuchk: [_ZN6npuchk7plt_b32ERj7Literal] -> (nil)
npuchk: [_ZN6npuchk7pltm_b8Etj] -> (nil)
npuchk: [_ZN6npuchk8pltm_b16Etj] -> (nil)
npuchk: [_ZN6npuchk8pltm_b32Etj] -> (nil)
npuchk: [_ZN6npuchk7vag_b32Et] -> (nil)
npuchk: [_ZN6npuchk7vag_b32Ett] -> (nil)
npuchk: [_ZN6npuchk7vag_b32Ettt] -> (nil)
npuchk: [_ZN6npuchk7vag_b32Etttt] -> (nil)
npuchk: [_ZN6npuchk7vag_b16Et] -> (nil)
npuchk: [_ZN6npuchk7vag_b16Ett] -> (nil)
npuchk: [_ZN6npuchk7vag_b16Ettt] -> (nil)
npuchk: [_ZN6npuchk7vag_b16Etttt] -> (nil)
npuchk: [_ZN6npuchk4trapEv] -> 0xffffad1e8a14
npuchk: [_ZN6npuchk7mem_barE7Literal] -> (nil)
npuchk: [_ZN6npuchk4vaddERA64_iPiS2_h7Literal] -> (nil)
npuchk: [_ZN6npuchk4vaddERA64_jPjS2_h7Literal] -> (nil)
npuchk: [_ZN6npuchk4vaddERA128_sPsS2_h7Literal] -> (nil)
npuchk: [_ZN6npuchk4vaddERA128_tPtS2_h7Literal] -> (nil)
npuchk: [_ZN6npuchk4vaddERA256_aPaS2_h7Literal] -> (nil)
npuchk: [_ZN6npuchk4vaddERA256_hPhS2_h7Literal] -> (nil)
npuchk: [_ZN6npuchk4vaddERA64_fPfS2_h7Literal] -> (nil)
npuchk: [_ZN6npuchk4vaddERA128_N7float165Fp16TEPS1_S4_h7Literal] -> (nil)
npuchk: [_ZN6npuchk4vabsERA64_fPfh7Literal] -> (nil)
npuchk: [_ZN6npuchk4vabsERA128_N7float165Fp16TEPS1_h7Literal] -> (nil)
npuchk: [_ZN6npuchk4vabsERA256_aPah7Literal] -> (nil)
npuchk: [_ZN6npuchk4vabsERA128_sPsh7Literal] -> (nil)
npuchk: [_ZN6npuchk4vabsERA64_iPih7Literal] -> (nil)
npuchk: [_ZN6npuchk4vrecERA64_fPfh7Literal] -> (nil)
npuchk: [_ZN6npuchk4vrecERA128_N7float165Fp16TEPS1_h7Literal] -> (nil)
npuchk: [_ZN6npuchk6vrsqrtERA64_fPfh7Literal] -> (nil)
npuchk: [_ZN6npuchk6vrsqrtERA128_N7float165Fp16TEPS1_h7Literal] -> (nil)
npuchk: [_ZN6npuchk5vreluERA64_fPfh7Literal] -> (nil)
npuchk: [_ZN6npuchk5vreluERA128_N7float165Fp16TEPS1_h7Literal] -> (nil)
npuchk: [_ZN6npuchk5vreluERA64_iPih7Literal] -> (nil)
npuchk: [_ZN6npuchk5vsqrtERA64_fPfh7Literal] -> (nil)
npuchk: [_ZN6npuchk5vsqrtERA128_N7float165Fp16TEPS1_h7Literal] -> (nil)
npuchk: [_ZN6npuchk3vlnERA64_fPfh7Literal] -> (nil)
npuchk: [_ZN6npuchk3vlnERA128_N7float165Fp16TEPS1_h7Literal] -> (nil)
npuchk: [_ZN6npuchk4vexpERA64_fPfh7Literal] -> (nil)
npuchk: [_ZN6npuchk4vexpERA128_N7float165Fp16TEPS1_h7Literal] -> (nil)
npuchk: [_ZN6npuchk4vnotERA256_hPhh7Literal] -> (nil)
npuchk: [_ZN6npuchk4vnotERA256_aPah7Literal] -> (nil)
npuchk: [_ZN6npuchk4vnotERA128_tPth7Literal] -> (nil)
npuchk: [_ZN6npuchk4vnotERA128_sPsh7Literal] -> (nil)
npuchk: [_ZN6npuchk4vnotERA128_N7float165Fp16TEPS1_h7Literal] -> (nil)
npuchk: [_ZN6npuchk4vnotERA64_iPih7Literal] -> (nil)
npuchk: [_ZN6npuchk4vnotERA64_jPjh7Literal] -> (nil)
npuchk: [_ZN6npuchk4vnotERA64_fPfh7Literal] -> (nil)
npuchk: [_ZN6npuchk4pldsERhPji7Literal] -> (nil)
npuchk: [_ZN6npuchk4pldsERhRPji7LiteralS3_] -> (nil)
npuchk: [_ZN6npuchk8movp_b16Ev] -> (nil)
npuchk: [_ZN6npuchk8movp_b32Ev] -> (nil)
npuchk: [_ZN6npuchk4pstsEhPji7Literal] -> (nil)
npuchk: [_ZN6npuchk5ppackERhh7Literal] -> (nil)
npuchk: [_ZN6npuchk7punpackERhh7Literal] -> (nil)
npuchk: [_ZN6npuchk6vintlvERA256_hS1_PhS2_] -> (nil)
npuchk: [_ZN6npuchk6vintlvERA256_aS1_PaS2_] -> (nil)
npuchk: [_ZN6npuchk6vintlvERA128_N7float165Fp16TES3_PS1_S4_] -> (nil)
npuchk: [_ZN6npuchk6vintlvERA128_sS1_PsS2_] -> (nil)
npuchk: [_ZN6npuchk6vintlvERA128_tS1_PtS2_] -> (nil)
npuchk: [_ZN6npuchk6vintlvERA64_fS1_PfS2_] -> (nil)
npuchk: [_ZN6npuchk6vintlvERA64_iS1_PiS2_] -> (nil)
npuchk: [_ZN6npuchk6vintlvERA64_jS1_PjS2_] -> (nil)
npuchk: [_ZN6npuchk7vdintlvERA256_hS1_PhS2_] -> (nil)
npuchk: [_ZN6npuchk7vdintlvERA256_aS1_PaS2_] -> (nil)
npuchk: [_ZN6npuchk7vdintlvERA128_N7float165Fp16TES3_PS1_S4_] -> (nil)
npuchk: [_ZN6npuchk7vdintlvERA128_sS1_PsS2_] -> (nil)
npuchk: [_ZN6npuchk7vdintlvERA128_tS1_PtS2_] -> (nil)
npuchk: [_ZN6npuchk7vdintlvERA64_fS1_PfS2_] -> (nil)
npuchk: [_ZN6npuchk7vdintlvERA64_iS1_PiS2_] -> (nil)
npuchk: [_ZN6npuchk7vdintlvERA64_jS1_PjS2_] -> (nil)
npuchk: [_ZN6npuchk9pintlv_b8ERhS0_hh] -> (nil)
npuchk: [_ZN6npuchk10pintlv_b16ERhS0_hh] -> (nil)
npuchk: [_ZN6npuchk10pintlv_b32ERhS0_hh] -> (nil)
npuchk: [_ZN6npuchk10pdintlv_b8ERhS0_hh] -> (nil)
npuchk: [_ZN6npuchk11pdintlv_b16ERhS0_hh] -> (nil)
npuchk: [_ZN6npuchk11pdintlv_b32ERhS0_hh] -> (nil)
npuchk: [_ZN6npuchk5vsstbEPaS0_ih] -> (nil)
npuchk: [_ZN6npuchk5vsstbEPhS0_ih] -> (nil)
npuchk: [_ZN6npuchk5vsstbEPsS0_ih] -> (nil)
npuchk: [_ZN6npuchk5vsstbEPtS0_ih] -> (nil)
npuchk: [_ZN6npuchk5vsstbEPiS0_ih] -> (nil)
npuchk: [_ZN6npuchk5vsstbEPjS0_ih] -> (nil)
npuchk: [_ZN6npuchk5vsstbEPN8bfloat165Bf16TES2_ih] -> (nil)
npuchk: [_ZN6npuchk5vsstbEPN7float165Fp16TES2_ih] -> (nil)
npuchk: [_ZN6npuchk5vsstbEPfS0_ih] -> (nil)
npuchk: [_ZN6npuchk5vsstbEPaRS0_ih7Literal] -> (nil)
npuchk: [_ZN6npuchk5vsstbEPhRS0_ih7Literal] -> (nil)
npuchk: [_ZN6npuchk5vsstbEPsRS0_ih7Literal] -> (nil)
npuchk: [_ZN6npuchk5vsstbEPtRS0_ih7Literal] -> (nil)
npuchk: [_ZN6npuchk5vsstbEPiRS0_ih7Literal] -> (nil)
npuchk: [_ZN6npuchk5vsstbEPjRS0_ih7Literal] -> (nil)
npuchk: [_ZN6npuchk5vsstbEPN8bfloat165Bf16TERS2_ih7Literal] -> (nil)
npuchk: [_ZN6npuchk5vsstbEPN7float165Fp16TERS2_ih7Literal] -> (nil)
npuchk: [_ZN6npuchk5vsstbEPfRS0_ih7Literal] -> (nil)
npuchk: [_ZN6npuchk5vsldbERA256_aPaih] -> (nil)
npuchk: [_ZN6npuchk5vsldbERA256_hPhih] -> (nil)
npuchk: [_ZN6npuchk5vsldbERA128_sPsih] -> (nil)
npuchk: [_ZN6npuchk5vsldbERA128_tPtih] -> (nil)
npuchk: [_ZN6npuchk5vsldbERA64_iPiih] -> (nil)
npuchk: [_ZN6npuchk5vsldbERA64_jPjih] -> (nil)
npuchk: [_ZN6npuchk5vsldbERA32_lPlih] -> (nil)
npuchk: [_ZN6npuchk5vsldbERA128_N8bfloat165Bf16TEPS1_ih] -> (nil)
npuchk: [_ZN6npuchk5vsldbERA128_N7float165Fp16TEPS1_ih] -> (nil)
npuchk: [_ZN6npuchk5vsldbERA64_fPfih] -> (nil)
npuchk: [_ZN6npuchk5vsldbERA256_aRPaih7Literal] -> (nil)
npuchk: [_ZN6npuchk5vsldbERA256_hRPhih7Literal] -> (nil)
npuchk: [_ZN6npuchk5vsldbERA128_sRPsih7Literal] -> (nil)
npuchk: [_ZN6npuchk5vsldbERA128_tRPtih7Literal] -> (nil)
npuchk: [_ZN6npuchk5vsldbERA64_iRPiih7Literal] -> (nil)
npuchk: [_ZN6npuchk5vsldbERA64_jRPjih7Literal] -> (nil)
npuchk: [_ZN6npuchk5vsldbERA32_lRPlih7Literal] -> (nil)
npuchk: [_ZN6npuchk5vsldbERA128_N8bfloat165Bf16TERPS1_ih7Literal] -> (nil)
npuchk: [_ZN6npuchk5vsldbERA128_N7float165Fp16TERPS1_ih7Literal] -> (nil)
npuchk: [_ZN6npuchk5vsldbERA64_fRPfih7Literal] -> (nil)
npuchk: [_ZN6npuchk3vstEPaS0_i7Literalh] -> (nil)
npuchk: [_ZN6npuchk3vstEPhS0_i7Literalh] -> (nil)
npuchk: [_ZN6npuchk3vstEPsS0_i7Literalh] -> (nil)
npuchk: [_ZN6npuchk3vstEPtS0_i7Literalh] -> (nil)
npuchk: [_ZN6npuchk3vstEPiS0_i7Literalh] -> (nil)
npuchk: [_ZN6npuchk3vstEPjS0_i7Literalh] -> (nil)
npuchk: [_ZN6npuchk3vstEPmS0_i7Literalh] -> (nil)
npuchk: [_ZN6npuchk3vstEPlS0_i7Literalh] -> (nil)
npuchk: [_ZN6npuchk3vstEPN8bfloat165Bf16TES2_i7Literalh] -> (nil)
npuchk: [_ZN6npuchk3vstEPN7float165Fp16TES2_i7Literalh] -> (nil)
npuchk: [_ZN6npuchk3vstEPfS0_i7Literalh] -> (nil)
npuchk: [_ZN6npuchk3vstEPaS0_S0_i7Literalh] -> (nil)
npuchk: [_ZN6npuchk3vstEPhS0_S0_i7Literalh] -> (nil)
npuchk: [_ZN6npuchk3vstEPsS0_S0_i7Literalh] -> (nil)
npuchk: [_ZN6npuchk3vstEPtS0_S0_i7Literalh] -> (nil)
npuchk: [_ZN6npuchk3vstEPN8bfloat165Bf16TES2_S2_i7Literalh] -> (nil)
npuchk: [_ZN6npuchk3vstEPN7float165Fp16TES2_S2_i7Literalh] -> (nil)
npuchk: [_ZN6npuchk4vstsEPaS0_i7Literalh] -> (nil)
npuchk: [_ZN6npuchk4vstsEPhS0_i7Literalh] -> (nil)
npuchk: [_ZN6npuchk4vstsEPsS0_i7Literalh] -> (nil)
npuchk: [_ZN6npuchk4vstsEPtS0_i7Literalh] -> (nil)
npuchk: [_ZN6npuchk4vstsEPiS0_i7Literalh] -> (nil)
npuchk: [_ZN6npuchk4vstsEPjS0_i7Literalh] -> (nil)
npuchk: [_ZN6npuchk4vstsEPmS0_i7Literalh] -> (nil)
npuchk: [_ZN6npuchk4vstsEPlS0_i7Literalh] -> (nil)
npuchk: [_ZN6npuchk4vstsEPN8bfloat165Bf16TES2_i7Literalh] -> (nil)
npuchk: [_ZN6npuchk4vstsEPN7float165Fp16TES2_i7Literalh] -> (nil)
npuchk: [_ZN6npuchk4vstsEPfS0_i7Literalh] -> (nil)
npuchk: [_ZN6npuchk5vstuiERA32_ajPN7float165Fp16TERS4_] -> (nil)
npuchk: [_ZN6npuchk5vstuiERA32_ajPN7float165Fp16TERS4_7Literal] -> (nil)
npuchk: [_ZN6npuchk5vstuiERA32_ajPfRS2_] -> (nil)
npuchk: [_ZN6npuchk5vstuiERA32_ajPfRS2_7Literal] -> (nil)
npuchk: [_ZN6npuchk5vstusERA32_ajPN7float165Fp16TERS4_] -> (nil)
npuchk: [_ZN6npuchk5vstusERA32_ajPN7float165Fp16TERS4_7Literal] -> (nil)
npuchk: [_ZN6npuchk5vstusERA32_ajPfRS2_] -> (nil)
npuchk: [_ZN6npuchk5vstusERA32_ajPfRS2_7Literal] -> (nil)
npuchk: [_ZN6npuchk5vstaiEPaPN7float165Fp16TEi] -> (nil)
npuchk: [_ZN6npuchk5vstaiEPaRPN7float165Fp16TEi7Literal] -> (nil)
npuchk: [_ZN6npuchk5vstaiEPaPfi] -> (nil)
npuchk: [_ZN6npuchk5vstaiEPaRPfi7Literal] -> (nil)
npuchk: [_ZN6npuchk5vstasEPaPN7float165Fp16TEi] -> (nil)
npuchk: [_ZN6npuchk5vstasEPaRPN7float165Fp16TEi7Literal] -> (nil)
npuchk: [_ZN6npuchk5vstasEPaPfi] -> (nil)
npuchk: [_ZN6npuchk5vstasEPaRPfi7Literal] -> (nil)
npuchk: [_ZN6npuchk3vorERA256_hPhS2_h7Literal] -> (nil)
npuchk: [_ZN6npuchk3vorERA256_aPaS2_h7Literal] -> (nil)
npuchk: [_ZN6npuchk3vorERA128_tPtS2_h7Literal] -> (nil)
npuchk: [_ZN6npuchk3vorERA128_sPsS2_h7Literal] -> (nil)
npuchk: [_ZN6npuchk3vorERA64_iPiS2_h7Literal] -> (nil)
npuchk: [_ZN6npuchk3vorERA64_jPjS2_h7Literal] -> (nil)
npuchk: [_ZN6npuchk3vorERA64_fPfS2_h7Literal] -> (nil)
npuchk: [_ZN6npuchk3vorERA128_N7float165Fp16TEPS1_S4_h7Literal] -> (nil)
npuchk: [_ZN6npuchk4vandERA256_hPhS2_h7Literal] -> (nil)
npuchk: [_ZN6npuchk4vandERA256_aPaS2_h7Literal] -> (nil)
npuchk: [_ZN6npuchk4vandERA128_tPtS2_h7Literal] -> (nil)
npuchk: [_ZN6npuchk4vandERA128_sPsS2_h7Literal] -> (nil)
npuchk: [_ZN6npuchk4vandERA64_iPiS2_h7Literal] -> (nil)
npuchk: [_ZN6npuchk4vandERA64_jPjS2_h7Literal] -> (nil)
npuchk: [_ZN6npuchk4vandERA64_fPfS2_h7Literal] -> (nil)
npuchk: [_ZN6npuchk4vandERA128_N7float165Fp16TEPS1_S4_h7Literal] -> (nil)
npuchk: [_ZN6npuchk4vmaxERA256_hPhS2_h7Literal] -> (nil)
npuchk: [_ZN6npuchk4vmaxERA256_aPaS2_h7Literal] -> (nil)
npuchk: [_ZN6npuchk4vmaxERA128_tPtS2_h7Literal] -> (nil)
npuchk: [_ZN6npuchk4vmaxERA128_sPsS2_h7Literal] -> (nil)
npuchk: [_ZN6npuchk4vmaxERA64_iPiS2_h7Literal] -> (nil)
npuchk: [_ZN6npuchk4vmaxERA64_jPjS2_h7Literal] -> (nil)
npuchk: [_ZN6npuchk4vmaxERA64_fPfS2_h7Literal] -> (nil)
npuchk: [_ZN6npuchk4vmaxERA128_N7float165Fp16TEPS1_S4_h7Literal] -> (nil)
npuchk: [_ZN6npuchk4vminERA256_hPhS2_h7Literal] -> (nil)
npuchk: [_ZN6npuchk4vminERA256_aPaS2_h7Literal] -> (nil)
npuchk: [_ZN6npuchk4vminERA128_tPtS2_h7Literal] -> (nil)
npuchk: [_ZN6npuchk4vminERA128_sPsS2_h7Literal] -> (nil)
npuchk: [_ZN6npuchk4vminERA64_iPiS2_h7Literal] -> (nil)
npuchk: [_ZN6npuchk4vminERA64_jPjS2_h7Literal] -> (nil)
npuchk: [_ZN6npuchk4vminERA64_fPfS2_h7Literal] -> (nil)
npuchk: [_ZN6npuchk4vminERA128_N7float165Fp16TEPS1_S4_h7Literal] -> (nil)
npuchk: [_ZN6npuchk4vsubERA256_hPhS2_h7Literal] -> (nil)
npuchk: [_ZN6npuchk4vsubERA256_aPaS2_h7Literal] -> (nil)
npuchk: [_ZN6npuchk4vsubERA128_tPtS2_h7Literal] -> (nil)
npuchk: [_ZN6npuchk4vsubERA128_sPsS2_h7Literal] -> (nil)
npuchk: [_ZN6npuchk4vsubERA64_iPiS2_h7Literal] -> (nil)
npuchk: [_ZN6npuchk4vsubERA64_jPjS2_h7Literal] -> (nil)
npuchk: [_ZN6npuchk4vsubERA64_fPfS2_h7Literal] -> (nil)
npuchk: [_ZN6npuchk4vsubERA128_N7float165Fp16TEPS1_S4_h7Literal] -> (nil)
npuchk: [_ZN6npuchk4vmulERA256_hPhS2_h7Literal] -> (nil)
npuchk: [_ZN6npuchk4vmulERA256_aPaS2_h7Literal] -> (nil)
npuchk: [_ZN6npuchk4vmulERA128_tPtS2_h7Literal] -> (nil)
npuchk: [_ZN6npuchk4vmulERA128_sPsS2_h7Literal] -> (nil)
npuchk: [_ZN6npuchk4vmulERA64_iPiS2_h7Literal] -> (nil)
npuchk: [_ZN6npuchk4vmulERA64_jPjS2_h7Literal] -> (nil)
npuchk: [_ZN6npuchk4vmulERA64_fPfS2_h7Literal] -> (nil)
npuchk: [_ZN6npuchk4vmulERA128_N7float165Fp16TEPS1_S4_h7Literal] -> (nil)
npuchk: [_ZN6npuchk4vdivERA256_hPhS2_h7Literal] -> (nil)
npuchk: [_ZN6npuchk4vdivERA256_aPaS2_h7Literal] -> (nil)
npuchk: [_ZN6npuchk4vdivERA128_tPtS2_h7Literal] -> (nil)
npuchk: [_ZN6npuchk4vdivERA128_sPsS2_h7Literal] -> (nil)
npuchk: [_ZN6npuchk4vdivERA64_iPiS2_h7Literal] -> (nil)
npuchk: [_ZN6npuchk4vdivERA64_jPjS2_h7Literal] -> (nil)
npuchk: [_ZN6npuchk4vdivERA64_fPfS2_h7Literal] -> (nil)
npuchk: [_ZN6npuchk4vdivERA128_N7float165Fp16TEPS1_S4_h7Literal] -> (nil)
npuchk: [_ZN6npuchk7vcmp_eqERhPN7float165Fp16TES3_h] -> (nil)
npuchk: [_ZN6npuchk7vcmp_neERhPN7float165Fp16TES3_h] -> (nil)
npuchk: [_ZN6npuchk7vcmp_gtERhPN7float165Fp16TES3_h] -> (nil)
npuchk: [_ZN6npuchk7vcmp_geERhPN7float165Fp16TES3_h] -> (nil)
npuchk: [_ZN6npuchk7vcmp_ltERhPN7float165Fp16TES3_h] -> (nil)
npuchk: [_ZN6npuchk7vcmp_leERhPN7float165Fp16TES3_h] -> (nil)
npuchk: [_ZN6npuchk7vcmp_eqERhPfS1_h] -> (nil)
npuchk: [_ZN6npuchk7vcmp_neERhPfS1_h] -> (nil)
npuchk: [_ZN6npuchk7vcmp_gtERhPfS1_h] -> (nil)
npuchk: [_ZN6npuchk7vcmp_geERhPfS1_h] -> (nil)
npuchk: [_ZN6npuchk7vcmp_ltERhPfS1_h] -> (nil)
npuchk: [_ZN6npuchk7vcmp_leERhPfS1_h] -> (nil)
npuchk: [_ZN6npuchk4vselERA128_N7float165Fp16TEPS1_S4_h] -> (nil)
npuchk: [_ZN6npuchk4vselERA64_fPfS2_h] -> (nil)
npuchk: [_ZN6npuchk3vbrERA128_N7float165Fp16TES1_] -> (nil)
npuchk: [_ZN6npuchk3vbrERA128_tt] -> (nil)
npuchk: [_ZN6npuchk3vbrERA128_ss] -> (nil)
npuchk: [_ZN6npuchk3vbrERA64_ff] -> (nil)
npuchk: [_ZN6npuchk3vbrERA64_jj] -> (nil)
npuchk: [_ZN6npuchk3vbrERA64_ii] -> (nil)
npuchk: [_ZN6npuchk6sprclrE7Literal] -> (nil)
npuchk: [_ZN6npuchk4pmovERhhh] -> (nil)
npuchk: [_ZN6npuchk4vsqzERA128_N7float165Fp16TEPS1_h7Literal] -> (nil)
npuchk: [_ZN6npuchk4vsqzERA128_tPth7Literal] -> (nil)
npuchk: [_ZN6npuchk4vsqzERA128_sPsh7Literal] -> (nil)
npuchk: [_ZN6npuchk4vsqzERA64_fPfh7Literal] -> (nil)
npuchk: [_ZN6npuchk4vsqzERA64_jPjh7Literal] -> (nil)
npuchk: [_ZN6npuchk4vsqzERA64_iPih7Literal] -> (nil)
npuchk: [_ZN6npuchk5vsturERA32_aPN7float165Fp16TES4_7Literal] -> (nil)
npuchk: [_ZN6npuchk5vsturERA32_aPtS2_7Literal] -> (nil)
npuchk: [_ZN6npuchk5vsturERA32_aPsS2_7Literal] -> (nil)
npuchk: [_ZN6npuchk5vsturERA32_aPfS2_7Literal] -> (nil)
npuchk: [_ZN6npuchk5vsturERA32_aPjS2_7Literal] -> (nil)
npuchk: [_ZN6npuchk5vsturERA32_aPiS2_7Literal] -> (nil)
npuchk: [_ZN6npuchk5vstarEPaPN7float165Fp16TE] -> (nil)
npuchk: [_ZN6npuchk5vstarEPaPs] -> (nil)
npuchk: [_ZN6npuchk5vstarEPaPt] -> (nil)
npuchk: [_ZN6npuchk5vstarEPaPf] -> (nil)
npuchk: [_ZN6npuchk5vstarEPaPi] -> (nil)
npuchk: [_ZN6npuchk5vstarEPaPj] -> (nil)
npuchk: [_ZN6npuchk6pge_b8E7Literal] -> (nil)
npuchk: [_ZN6npuchk7pge_b16E7Literal] -> (nil)
npuchk: [_ZN6npuchk7pge_b32E7Literal] -> (nil)
npuchk: [_ZN6npuchk7pset_b8E7Literal] -> (nil)
npuchk: [_ZN6npuchk8pset_b16E7Literal] -> (nil)
npuchk: [_ZN6npuchk8pset_b32E7Literal] -> (nil)
npuchk: [_ZN6npuchk5vldasERA32_aPh] -> (nil)
npuchk: [_ZN6npuchk5vldasERA32_aPN7float165Fp16TE] -> (nil)
npuchk: [_ZN6npuchk5vldasERA32_aPt] -> (nil)
npuchk: [_ZN6npuchk5vldasERA32_aPs] -> (nil)
npuchk: [_ZN6npuchk5vldasERA32_aPf] -> (nil)
npuchk: [_ZN6npuchk5vldasERA32_aPj] -> (nil)
npuchk: [_ZN6npuchk5vldasERA32_aPi] -> (nil)
npuchk: [_ZN6npuchk5vldusERA256_hRA32_aRPhj7Literal] -> (nil)
npuchk: [_ZN6npuchk5vldusERA128_N7float165Fp16TERA32_aRPS1_j7Literal] -> (nil)
npuchk: [_ZN6npuchk5vldusERA128_tRA32_aRPtj7Literal] -> (nil)
npuchk: [_ZN6npuchk5vldusERA128_sRA32_aRPsj7Literal] -> (nil)
npuchk: [_ZN6npuchk5vldusERA64_fRA32_aRPfj7Literal] -> (nil)
npuchk: [_ZN6npuchk5vldusERA64_jRA32_aRPjj7Literal] -> (nil)
npuchk: [_ZN6npuchk5vldusERA64_iRA32_aRPij7Literal] -> (nil)
npuchk: [_ZN6npuchk4vdupERA256_hhh7Literal] -> (nil)
npuchk: [_ZN6npuchk4vdupERA256_aah7Literal] -> (nil)
npuchk: [_ZN6npuchk4vdupERA128_tth7Literal] -> (nil)
npuchk: [_ZN6npuchk4vdupERA128_ssh7Literal] -> (nil)
npuchk: [_ZN6npuchk4vdupERA64_iih7Literal] -> (nil)
npuchk: [_ZN6npuchk4vdupERA64_jjh7Literal] -> (nil)
npuchk: [_ZN6npuchk4vdupERA64_ffh7Literal] -> (nil)
npuchk: [_ZN6npuchk4vdupERA128_N7float165Fp16TES1_h7Literal] -> (nil)
npuchk: [_ZN6npuchk3vldERA256_aPai7Literal] -> (nil)
npuchk: [_ZN6npuchk3vldERA256_hPhi7Literal] -> (nil)
npuchk: [_ZN6npuchk3vldERA128_sPsi7Literal] -> (nil)
npuchk: [_ZN6npuchk3vldERA128_tPti7Literal] -> (nil)
npuchk: [_ZN6npuchk3vldERA64_iPii7Literal] -> (nil)
npuchk: [_ZN6npuchk3vldERA64_jPji7Literal] -> (nil)
npuchk: [_ZN6npuchk3vldERA32_lPli7Literal] -> (nil)
npuchk: [_ZN6npuchk3vldERA32_mPmi7Literal] -> (nil)
npuchk: [_ZN6npuchk3vldERA128_N8bfloat165Bf16TEPS1_i7Literal] -> (nil)
npuchk: [_ZN6npuchk3vldERA128_N7float165Fp16TEPS1_i7Literal] -> (nil)
npuchk: [_ZN6npuchk3vldERA64_fPfi7Literal] -> (nil)
npuchk: [_ZN6npuchk3vldERA256_aPa7Literal] -> (nil)
npuchk: [_ZN6npuchk3vldERA256_hPh7Literal] -> (nil)
npuchk: [_ZN6npuchk3vldERA128_sPs7Literal] -> (nil)
npuchk: [_ZN6npuchk3vldERA128_tPt7Literal] -> (nil)
npuchk: [_ZN6npuchk3vldERA64_iPi7Literal] -> (nil)
npuchk: [_ZN6npuchk3vldERA64_jPj7Literal] -> (nil)
npuchk: [_ZN6npuchk3vldERA32_lPl7Literal] -> (nil)
npuchk: [_ZN6npuchk3vldERA32_mPm7Literal] -> (nil)
npuchk: [_ZN6npuchk3vldERA128_N8bfloat165Bf16TEPS1_7Literal] -> (nil)
npuchk: [_ZN6npuchk3vldERA128_N7float165Fp16TEPS1_7Literal] -> (nil)
npuchk: [_ZN6npuchk3vldERA64_fPf7Literal] -> (nil)
npuchk: [_ZN6npuchk3vldERA256_aS1_Pai7Literal] -> (nil)
npuchk: [_ZN6npuchk3vldERA256_hS1_Phi7Literal] -> (nil)
npuchk: [_ZN6npuchk3vldERA128_sS1_Psi7Literal] -> (nil)
npuchk: [_ZN6npuchk3vldERA128_tS1_Pti7Literal] -> (nil)
npuchk: [_ZN6npuchk3vldERA64_iS1_Pii7Literal] -> (nil)
npuchk: [_ZN6npuchk3vldERA64_jS1_Pji7Literal] -> (nil)
npuchk: [_ZN6npuchk3vldERA32_mS1_Pmi7Literal] -> (nil)
npuchk: [_ZN6npuchk3vldERA32_lS1_Pli7Literal] -> (nil)
npuchk: [_ZN6npuchk3vldERA128_N8bfloat165Bf16TES3_PS1_i7Literal] -> (nil)
npuchk: [_ZN6npuchk3vldERA128_N7float165Fp16TES3_PS1_i7Literal] -> (nil)
npuchk: [_ZN6npuchk3vldERA64_fS1_Pfi7Literal] -> (nil)
npuchk: [_ZN6npuchk3vldERA256_aS1_Pa7Literal] -> (nil)
npuchk: [_ZN6npuchk3vldERA256_hS1_Ph7Literal] -> (nil)
npuchk: [_ZN6npuchk3vldERA128_sS1_Ps7Literal] -> (nil)
npuchk: [_ZN6npuchk3vldERA128_tS1_Pt7Literal] -> (nil)
npuchk: [_ZN6npuchk3vldERA64_iS1_Pi7Literal] -> (nil)
npuchk: [_ZN6npuchk3vldERA64_jS1_Pj7Literal] -> (nil)
npuchk: [_ZN6npuchk3vldERA32_mS1_Pm7Literal] -> (nil)
npuchk: [_ZN6npuchk3vldERA32_lS1_Pl7Literal] -> (nil)
npuchk: [_ZN6npuchk3vldERA128_N8bfloat165Bf16TES3_PS1_7Literal] -> (nil)
npuchk: [_ZN6npuchk3vldERA128_N7float165Fp16TES3_PS1_7Literal] -> (nil)
npuchk: [_ZN6npuchk3vldERA64_fS1_Pf7Literal] -> (nil)
npuchk: [_ZN6npuchk4vldsERA256_aPai7Literal] -> (nil)
npuchk: [_ZN6npuchk4vldsERA256_hPhi7Literal] -> (nil)
npuchk: [_ZN6npuchk4vldsERA128_sPsi7Literal] -> (nil)
npuchk: [_ZN6npuchk4vldsERA128_tPti7Literal] -> (nil)
npuchk: [_ZN6npuchk4vldsERA64_iPii7Literal] -> (nil)
npuchk: [_ZN6npuchk4vldsERA64_jPji7Literal] -> (nil)
npuchk: [_ZN6npuchk4vldsERA32_mPmi7Literal] -> (nil)
npuchk: [_ZN6npuchk4vldsERA32_lPli7Literal] -> (nil)
npuchk: [_ZN6npuchk4vldsERA128_N8bfloat165Bf16TEPS1_i7Literal] -> (nil)
npuchk: [_ZN6npuchk4vldsERA128_N7float165Fp16TEPS1_i7Literal] -> (nil)
npuchk: [_ZN6npuchk4vldsERA64_fPfi7Literal] -> (nil)
npuchk: [_ZN6npuchk5vaddsERA64_iPiih7Literal] -> (nil)
npuchk: [_ZN6npuchk5vaddsERA64_jPjjh7Literal] -> (nil)
npuchk: [_ZN6npuchk5vaddsERA128_sPssh7Literal] -> (nil)
npuchk: [_ZN6npuchk5vaddsERA128_tPtth7Literal] -> (nil)
npuchk: [_ZN6npuchk5vaddsERA256_aPaah7Literal] -> (nil)
npuchk: [_ZN6npuchk5vaddsERA256_hPhhh7Literal] -> (nil)
npuchk: [_ZN6npuchk5vaddsERA64_fPffh7Literal] -> (nil)
npuchk: [_ZN6npuchk5vaddsERA128_N7float165Fp16TEPS1_S1_h7Literal] -> (nil)
npuchk: [_ZN6npuchk5vmulsERA64_iPiih7Literal] -> (nil)
npuchk: [_ZN6npuchk5vmulsERA64_jPjjh7Literal] -> (nil)
npuchk: [_ZN6npuchk5vmulsERA128_sPssh7Literal] -> (nil)
npuchk: [_ZN6npuchk5vmulsERA128_tPtth7Literal] -> (nil)
npuchk: [_ZN6npuchk5vmulsERA256_aPaah7Literal] -> (nil)
npuchk: [_ZN6npuchk5vmulsERA256_hPhhh7Literal] -> (nil)
npuchk: [_ZN6npuchk5vmulsERA64_fPffh7Literal] -> (nil)
npuchk: [_ZN6npuchk5vmulsERA128_N7float165Fp16TEPS1_S1_h7Literal] -> (nil)
npuchk: [_ZN6npuchk5vmaxsERA64_iPiih7Literal] -> (nil)
npuchk: [_ZN6npuchk5vmaxsERA64_jPjjh7Literal] -> (nil)
npuchk: [_ZN6npuchk5vmaxsERA128_sPssh7Literal] -> (nil)
npuchk: [_ZN6npuchk5vmaxsERA128_tPtth7Literal] -> (nil)
npuchk: [_ZN6npuchk5vmaxsERA256_aPaah7Literal] -> (nil)
npuchk: [_ZN6npuchk5vmaxsERA256_hPhhh7Literal] -> (nil)
npuchk: [_ZN6npuchk5vmaxsERA64_fPffh7Literal] -> (nil)
npuchk: [_ZN6npuchk5vmaxsERA128_N7float165Fp16TEPS1_S1_h7Literal] -> (nil)
npuchk: [_ZN6npuchk5vminsERA64_iPiih7Literal] -> (nil)
npuchk: [_ZN6npuchk5vminsERA64_jPjjh7Literal] -> (nil)
npuchk: [_ZN6npuchk5vminsERA128_sPssh7Literal] -> (nil)
npuchk: [_ZN6npuchk5vminsERA128_tPtth7Literal] -> (nil)
npuchk: [_ZN6npuchk5vminsERA256_aPaah7Literal] -> (nil)
npuchk: [_ZN6npuchk5vminsERA256_hPhhh7Literal] -> (nil)
npuchk: [_ZN6npuchk5vminsERA64_fPffh7Literal] -> (nil)
npuchk: [_ZN6npuchk5vminsERA128_N7float165Fp16TEPS1_S1_h7Literal] -> (nil)
npuchk: [_ZN6npuchk5vshlsERA64_iPish7Literal] -> (nil)
npuchk: [_ZN6npuchk5vshlsERA64_jPjsh7Literal] -> (nil)
npuchk: [_ZN6npuchk5vshlsERA128_sPssh7Literal] -> (nil)
npuchk: [_ZN6npuchk5vshlsERA128_tPtsh7Literal] -> (nil)
npuchk: [_ZN6npuchk5vshlsERA256_aPash7Literal] -> (nil)
npuchk: [_ZN6npuchk5vshlsERA256_hPhsh7Literal] -> (nil)
npuchk: [_ZN6npuchk5vshrsERA64_iPish7Literal] -> (nil)
npuchk: [_ZN6npuchk5vshrsERA64_jPjsh7Literal] -> (nil)
npuchk: [_ZN6npuchk5vshrsERA128_sPssh7Literal] -> (nil)
npuchk: [_ZN6npuchk5vshrsERA128_tPtsh7Literal] -> (nil)
npuchk: [_ZN6npuchk5vshrsERA256_aPash7Literal] -> (nil)
npuchk: [_ZN6npuchk5vshrsERA256_hPhsh7Literal] -> (nil)
npuchk: [_ZN6npuchk6vlreluERA64_fPffh7Literal] -> (nil)
npuchk: [_ZN6npuchk6vlreluERA128_N7float165Fp16TEPS1_S1_h7Literal] -> (nil)
npuchk: [_ZN6npuchk10use_pipe_vEv] -> 0xffffad2da5dc
npuchk: [_ZN6npuchk11use_pipe_v2Ev] -> 0xffffad2da758
npuchk: [_ZN6npuchk8v4dtransEPtS0_m] -> 0xffffad2da8d8
npuchk: [_ZN6npuchk8v4dtransEPtS0_ttb] -> 0xffffad2dab68
npuchk: [_ZN6npuchk8v4dtransEPjS0_m] -> 0xffffad2dae88
npuchk: [_ZN6npuchk8v4dtransEPjS0_ttb] -> 0xffffad2db118
npuchk: [_ZN6npuchk8v4dtransEPhS0_m] -> 0xffffad2db438
npuchk: [_ZN6npuchk8v4dtransEPhS0_ttb] -> 0xffffad2db6c8
npuchk: [_ZN6npuchk5vaaddEPN7float165Fp16TES2_S2_m] -> 0xffffad2db9e8
npuchk: [_ZN6npuchk5vaaddEPN7float165Fp16TES2_S2_hhhhhhh] -> (nil)
npuchk: [_ZN6npuchk5vaaddEPN7float165Fp16TES2_S2_hhhhhhhbb] -> (nil)
npuchk: [_ZN6npuchk5vaaddEPfS0_S0_m] -> 0xffffad2dbcd8
npuchk: [_ZN6npuchk5vaaddEPfS0_S0_hhhhhhh] -> (nil)
npuchk: [_ZN6npuchk5vaaddEPfS0_S0_hhhhhhhbb] -> (nil)
npuchk: [_ZN6npuchk4vabsEPN7float165Fp16TES2_m] -> 0xffffad1efacc
npuchk: [_ZN6npuchk4vabsEPN7float165Fp16TES2_htthh] -> 0xffffad1efd5c
npuchk: [_ZN6npuchk4vabsEPN7float165Fp16TES2_htthhbb] -> 0xffffad2dbfc8
npuchk: [_ZN6npuchk4vabsEPN7float165Fp16TES2_htttt] -> 0xffffad1f0130
npuchk: [_ZN6npuchk4vabsEPfS0_m] -> 0xffffad1f0518
npuchk: [_ZN6npuchk4vabsEPfS0_htthh] -> 0xffffad1f07a8
npuchk: [_ZN6npuchk4vabsEPfS0_htthhbb] -> 0xffffad2dc428
npuchk: [_ZN6npuchk4vabsEPfS0_htttt] -> 0xffffad1f0b7c
npuchk: [_ZN6npuchk4vabsEPsS0_m] -> (nil)
npuchk: [_ZN6npuchk4vabsEPsS0_htthh] -> (nil)
npuchk: [_ZN6npuchk4vabsEPsS0_htthhbb] -> (nil)
npuchk: [_ZN6npuchk4vabsEPsS0_htttt] -> (nil)
npuchk: [_ZN6npuchk4vaddEPN7float165Fp16TES2_S2_m] -> 0xffffad1f0f64
npuchk: [_ZN6npuchk4vaddEPN7float165Fp16TES2_S2_hhhhhhh] -> 0xffffad1f1250
npuchk: [_ZN6npuchk4vaddEPN7float165Fp16TES2_S2_hhhhhhhbb] -> 0xffffad2dc888
npuchk: [_ZN6npuchk4vaddEPfS0_S0_hhhhhhh] -> 0xffffad1f1738
npuchk: [_ZN6npuchk4vaddEPfS0_S0_hhhhhhhbb] -> 0xffffad2dcdf8
npuchk: [_ZN6npuchk4vaddEPsS0_S0_m] -> 0xffffad1f1c20
npuchk: [_ZN6npuchk4vaddEPsS0_S0_hhhhhhh] -> 0xffffad1f1f0c
npuchk: [_ZN6npuchk4vaddEPsS0_S0_hhhhhhhbb] -> 0xffffad2dd368
npuchk: [_ZN6npuchk4vaddEPiS0_S0_m] -> 0xffffad1f23f4
npuchk: [_ZN6npuchk4vaddEPiS0_S0_hhhhhhh] -> 0xffffad1f26e0
npuchk: [_ZN6npuchk4vaddEPiS0_S0_hhhhhhhbb] -> 0xffffad2dd8d8
npuchk: [_ZN6npuchk11vadddeqreluEPN7float165Fp16TEPiS3_m] -> 0xffffad2dde48
npuchk: [_ZN6npuchk11vadddeqreluEPN7float165Fp16TEPiS3_hhhhhhh] -> 0xffffad2de138
npuchk: [_ZN6npuchk11vadddeqreluEPN7float165Fp16TEPiS3_hhhhhhhbb] -> 0xffffad2de624
npuchk: [_ZN6npuchk8vaddreluEPN7float165Fp16TES2_S2_m] -> 0xffffad1f2bc8
npuchk: [_ZN6npuchk8vaddreluEPN7float165Fp16TES2_S2_hhhhhhhbb] -> 0xffffad2deb98
npuchk: [_ZN6npuchk8vaddreluEPN7float165Fp16TES2_S2_hhhhhhh] -> 0xffffad1f2eb4
npuchk: [_ZN6npuchk8vaddreluEPfS0_S0_m] -> 0xffffad1f339c
npuchk: [_ZN6npuchk8vaddreluEPfS0_S0_hhhhhhhbb] -> 0xffffad2df108
npuchk: [_ZN6npuchk8vaddreluEPfS0_S0_hhhhhhh] -> 0xffffad1f3688
npuchk: [_ZN6npuchk8vaddreluEPsS0_S0_m] -> 0xffffad1f3b70
npuchk: [_ZN6npuchk8vaddreluEPsS0_S0_hhhhhhhbb] -> 0xffffad2df678
npuchk: [_ZN6npuchk8vaddreluEPsS0_S0_hhhhhhh] -> 0xffffad1f3e5c
npuchk: [_ZN6npuchk19vaddreluconv_f162s8EPaPN7float165Fp16TES3_mb] -> 0xffffad1f4344
npuchk: [_ZN6npuchk19vaddreluconv_f162s8EPaPN7float165Fp16TES3_hhhhhhhbbb] -> 0xffffad2dfbe8
npuchk: [_ZN6npuchk19vaddreluconv_f162s8EPaPN7float165Fp16TES3_hhhhhhhb] -> 0xffffad1f4690
npuchk: [_ZN6npuchk20vaddreluconv_f322f16EPN7float165Fp16TEPfS3_mb] -> 0xffffad1f4bd4
npuchk: [_ZN6npuchk20vaddreluconv_f322f16EPN7float165Fp16TEPfS3_hhhhhhhbbb] -> 0xffffad2e01b4
npuchk: [_ZN6npuchk20vaddreluconv_f322f16EPN7float165Fp16TEPfS3_hhhhhhhb] -> 0xffffad1f4f20
npuchk: [_ZN6npuchk19vaddreluconv_s162s8EPaPsS1_mb] -> 0xffffad1f5464
npuchk: [_ZN6npuchk19vaddreluconv_s162s8EPaPsS1_hhhhhhhbbb] -> 0xffffad2e0780
npuchk: [_ZN6npuchk19vaddreluconv_s162s8EPaPsS1_hhhhhhhb] -> 0xffffad1f57b0
npuchk: [_ZN6npuchk23vaddreluconv_vdeqs162b8EPaPsS1_mb] -> (nil)
npuchk: [_ZN6npuchk23vaddreluconv_vdeqs162b8EPhPsS1_mb] -> (nil)
npuchk: [_ZN6npuchk23vaddreluconv_vdeqs162b8EPhPsS1_hhhhhhhbbb] -> (nil)
npuchk: [_ZN6npuchk23vaddreluconv_vdeqs162b8EPhPsS1_hhhhhhhb] -> (nil)
npuchk: [_ZN6npuchk23vaddreluconv_vdeqs162b8EPaPsS1_hhhhhhhbbb] -> (nil)
npuchk: [_ZN6npuchk23vaddreluconv_vdeqs162b8EPaPsS1_hhhhhhhb] -> (nil)
npuchk: [_ZN6npuchk5vaddsEPN7float165Fp16TES2_S1_m] -> 0xffffad1f5cf4
npuchk: [_ZN6npuchk5vaddsEPN7float165Fp16TES2_S1_htthh] -> 0xffffad1f5fec
npuchk: [_ZN6npuchk5vaddsEPN7float165Fp16TES2_S1_htthhbb] -> 0xffffad2e0d4c
npuchk: [_ZN6npuchk5vaddsEPN7float165Fp16TES2_S1_htttt] -> 0xffffad1f6428
npuchk: [_ZN6npuchk5vaddsEPfS0_fm] -> 0xffffad1f6878
npuchk: [_ZN6npuchk5vaddsEPfS0_fhtthh] -> 0xffffad1f6b64
npuchk: [_ZN6npuchk5vaddsEPfS0_fhtthhbb] -> 0xffffad2e1210
npuchk: [_ZN6npuchk5vaddsEPfS0_fhtttt] -> 0xffffad1f6f94
npuchk: [_ZN6npuchk5vaddsEPsS0_sm] -> 0xffffad1f73d8
npuchk: [_ZN6npuchk5vaddsEPsS0_shtthh] -> 0xffffad1f76bc
npuchk: [_ZN6npuchk5vaddsEPsS0_shtthhbb] -> 0xffffad2e16cc
npuchk: [_ZN6npuchk5vaddsEPsS0_shtttt] -> 0xffffad1f7ae4
npuchk: [_ZN6npuchk5vaddsEPiS0_im] -> 0xffffad1f7f20
npuchk: [_ZN6npuchk5vaddsEPiS0_ihtthh] -> 0xffffad1f8204
npuchk: [_ZN6npuchk5vaddsEPiS0_ihtthhbb] -> 0xffffad2e1b7c
npuchk: [_ZN6npuchk5vaddsEPiS0_ihtttt] -> 0xffffad1f862c
npuchk: [_ZN6npuchk4vandEPsS0_S0_m] -> 0xffffad1f8a68
npuchk: [_ZN6npuchk4vandEPsS0_S0_hhhhhhh] -> 0xffffad1f8d58
npuchk: [_ZN6npuchk4vandEPsS0_S0_hhhhhhhbb] -> 0xffffad2e202c
npuchk: [_ZN6npuchk4vandEPtS0_S0_m] -> 0xffffad1f9244
npuchk: [_ZN6npuchk4vandEPtS0_S0_hhhhhhh] -> 0xffffad1f9534
npuchk: [_ZN6npuchk4vandEPtS0_S0_hhhhhhhbb] -> 0xffffad2e25a0
npuchk: [_ZN6npuchk5vaxpyEPN7float165Fp16TES2_S1_m] -> 0xffffad1f9a20
npuchk: [_ZN6npuchk5vaxpyEPN7float165Fp16TES2_S1_htthh] -> 0xffffad1f9d18
npuchk: [_ZN6npuchk5vaxpyEPN7float165Fp16TES2_S1_htthhbb] -> 0xffffad2e2b14
npuchk: [_ZN6npuchk5vaxpyEPN7float165Fp16TES2_S1_htttt] -> 0xffffad1fa154
npuchk: [_ZN6npuchk5vaxpyEPfS0_fm] -> 0xffffad1fa5a4
npuchk: [_ZN6npuchk5vaxpyEPfS0_fhtthh] -> 0xffffad1fa890
npuchk: [_ZN6npuchk5vaxpyEPfS0_fhtthhbb] -> 0xffffad2e2fd8
npuchk: [_ZN6npuchk5vaxpyEPfS0_fhtttt] -> 0xffffad1facc0
npuchk: [_ZN6npuchk5vaxpyEPfPN7float165Fp16TES2_m] -> 0xffffad1fb104
npuchk: [_ZN6npuchk5vaxpyEPfPN7float165Fp16TES2_htthh] -> 0xffffad1fb3fc
npuchk: [_ZN6npuchk5vaxpyEPfPN7float165Fp16TES2_htthhbb] -> 0xffffad2e3494
npuchk: [_ZN6npuchk5vaxpyEPfPN7float165Fp16TES2_htttt] -> 0xffffad1fb838
npuchk: [_ZN6npuchk3vbiEPN7float165Fp16TEPtS2_m] -> 0xffffad2e3958
npuchk: [_ZN6npuchk3vbiEPN7float165Fp16TEPtS2_hbtth] -> 0xffffad2e3c40
npuchk: [_ZN6npuchk8vbitsortEPN7float165Fp16TES2_m] -> 0xffffad2e4060
npuchk: [_ZN6npuchk8vbitsortEPN7float165Fp16TES2_htthh] -> (nil)
npuchk: [_ZN6npuchk8vbitsortEPN7float165Fp16TES2_htthhbb] -> (nil)
npuchk: [_ZN6npuchk8vbitsortEPfS0_m] -> 0xffffad2e42f4
npuchk: [_ZN6npuchk8vbitsortEPfS0_htthh] -> (nil)
npuchk: [_ZN6npuchk8vbitsortEPfS0_htthhbb] -> (nil)
npuchk: [_ZN6npuchk8vbitsortEPN7float165Fp16TES2_Pjm] -> 0xffffad1fbc88
npuchk: [_ZN6npuchk8vbitsortEPN7float165Fp16TES2_Pjhhhhhhhbb] -> (nil)
npuchk: [_ZN6npuchk8vbitsortEPfS0_Pjm] -> 0xffffad1fbf7c
npuchk: [_ZN6npuchk8vbitsortEPfS0_Pjhhhhhhhbb] -> (nil)
npuchk: [_ZN6npuchk8vbitsortEPN7float165Fp16TES2_Pjhhhhhhh] -> (nil)
npuchk: [_ZN6npuchk8vbitsortEPfS0_Pjhhhhhhh] -> (nil)
npuchk: [_ZN6npuchk5vbrcbEPtS0_m] -> 0xffffad1fc270
npuchk: [_ZN6npuchk5vbrcbEPtS0_tth] -> 0xffffad1fc500
npuchk: [_ZN6npuchk5vbrcbEPjS0_m] -> 0xffffad1fc858
npuchk: [_ZN6npuchk5vbrcbEPjS0_tth] -> 0xffffad1fcae8
npuchk: [_ZN6npuchk5vcaddEPN7float165Fp16TES2_m] -> 0xffffad2e4588
npuchk: [_ZN6npuchk5vcaddEPN7float165Fp16TES2_httt] -> 0xffffad2e4818
npuchk: [_ZN6npuchk5vcaddEPN7float165Fp16TES2_htttbb] -> 0xffffad2e4b8c
npuchk: [_ZN6npuchk5vcaddEPN7float165Fp16TES2_mb] -> 0xffffad1fce40
npuchk: [_ZN6npuchk5vcaddEPN7float165Fp16TES2_htttb] -> 0xffffad1fd134
npuchk: [_ZN6npuchk5vcaddEPfS0_m] -> 0xffffad2e4f90
npuchk: [_ZN6npuchk5vcaddEPfS0_httt] -> 0xffffad2e5220
npuchk: [_ZN6npuchk5vcaddEPfS0_htttbb] -> 0xffffad2e5594
npuchk: [_ZN6npuchk5vcaddEPfS0_mb] -> 0xffffad1fd50c
npuchk: [_ZN6npuchk5vcaddEPfS0_htttb] -> 0xffffad1fd800
npuchk: [_ZN6npuchk5vcaddERA128_N7float165Fp16TEPS1_h7Literal] -> (nil)
npuchk: [_ZN6npuchk5vcaddERA64_fPfh7Literal] -> (nil)
npuchk: [_ZN6npuchk5vcmaxERA128_N7float165Fp16TEPS1_h7Literal] -> (nil)
npuchk: [_ZN6npuchk5vcmaxERA64_fPfh7Literal] -> (nil)
npuchk: [_ZN6npuchk5vcminERA128_N7float165Fp16TEPS1_h7Literal] -> (nil)
npuchk: [_ZN6npuchk5vcminERA64_fPfh7Literal] -> (nil)
npuchk: [_ZN6npuchk12vcbd_s162s32EPiPsm] -> (nil)
npuchk: [_ZN6npuchk12vcbd_s162s32EPiPshtthhbb] -> (nil)
npuchk: [_ZN6npuchk12vcbd_s162u32EPjPsm] -> (nil)
npuchk: [_ZN6npuchk12vcbd_s162u32EPjPshtthhbb] -> (nil)
npuchk: [_ZN6npuchk11vcbd_s162u8EPhPsm] -> (nil)
npuchk: [_ZN6npuchk11vcbd_s162u8EPhPshtthhbb] -> (nil)
npuchk: [_ZN6npuchk12vcbd_s322s16EPsPim] -> 0xffffad2e5998
npuchk: [_ZN6npuchk12vcbd_s322s16EPsPihtthhbb] -> 0xffffad2e5c28
npuchk: [_ZN6npuchk12vcbd_s322u16EPtPim] -> (nil)
npuchk: [_ZN6npuchk12vcbd_s322u16EPtPihtthhbb] -> (nil)
npuchk: [_ZN6npuchk11vcbd_s322u8EPhPim] -> (nil)
npuchk: [_ZN6npuchk11vcbd_s322u8EPhPihtthhbb] -> (nil)
npuchk: [_ZN6npuchk12vcbd_u162s32EPiPtm] -> (nil)
npuchk: [_ZN6npuchk12vcbd_u162s32EPiPthtthhbb] -> (nil)
npuchk: [_ZN6npuchk12vcbd_u162u32EPjPtm] -> (nil)
npuchk: [_ZN6npuchk12vcbd_u162u32EPjPthtthhbb] -> (nil)
npuchk: [_ZN6npuchk11vcbd_u162u8EPhPtm] -> (nil)
npuchk: [_ZN6npuchk11vcbd_u162u8EPhPthtthhbb] -> (nil)
npuchk: [_ZN6npuchk12vcbd_u322s16EPsPjm] -> (nil)
npuchk: [_ZN6npuchk12vcbd_u322s16EPsPjhtthhbb] -> (nil)
npuchk: [_ZN6npuchk12vcbd_u322u16EPtPjm] -> (nil)
npuchk: [_ZN6npuchk12vcbd_u322u16EPtPjhtthhbb] -> (nil)
npuchk: [_ZN6npuchk11vcbd_u322u8EPhPjm] -> (nil)
npuchk: [_ZN6npuchk11vcbd_u322u8EPhPjhtthhbb] -> (nil)
npuchk: [_ZN6npuchk11vcbd_u82s16EPsPhm] -> (nil)
npuchk: [_ZN6npuchk11vcbd_u82s16EPsPhhtthhbb] -> (nil)
npuchk: [_ZN6npuchk11vcbd_u82s32EPiPhm] -> (nil)
npuchk: [_ZN6npuchk11vcbd_u82s32EPiPhhtthhbb] -> (nil)
npuchk: [_ZN6npuchk11vcbd_u82u16EPtPhm] -> (nil)
npuchk: [_ZN6npuchk11vcbd_u82u16EPtPhhtthhbb] -> (nil)
npuchk: [_ZN6npuchk11vcbd_u82u32EPjPhm] -> (nil)
npuchk: [_ZN6npuchk11vcbd_u82u32EPjPhhtthhbb] -> (nil)
npuchk: [_ZN6npuchk6vcgaddEPN7float165Fp16TES2_m] -> 0xffffad1fdbd8
npuchk: [_ZN6npuchk6vcgaddEPN7float165Fp16TES2_httt] -> 0xffffad1fde68
npuchk: [_ZN6npuchk6vcgaddEPN7float165Fp16TES2_htttbb] -> 0xffffad2e6088
npuchk: [_ZN6npuchk6vcgaddEPfS0_m] -> 0xffffad1fe1dc
npuchk: [_ZN6npuchk6vcgaddEPfS0_httt] -> 0xffffad1fe46c
npuchk: [_ZN6npuchk6vcgaddEPfS0_htttbb] -> 0xffffad2e648c
npuchk: [_ZN6npuchk6vcgaddERA128_N7float165Fp16TEPS1_h7Literal] -> (nil)
npuchk: [_ZN6npuchk6vcgaddERA64_fPfh7Literal] -> (nil)
npuchk: [_ZN6npuchk6vcgmaxERA128_N7float165Fp16TEPS1_h7Literal] -> (nil)
npuchk: [_ZN6npuchk6vcgmaxERA64_fPfh7Literal] -> (nil)
npuchk: [_ZN6npuchk6vcgminERA128_N7float165Fp16TEPS1_h7Literal] -> (nil)
npuchk: [_ZN6npuchk6vcgminERA64_fPfh7Literal] -> (nil)
npuchk: [_ZN6npuchk6vcpaddERA128_N7float165Fp16TEPS1_h7Literal] -> (nil)
npuchk: [_ZN6npuchk6vcpaddERA64_fPfh7Literal] -> (nil)
npuchk: [_ZN6npuchk6vcgmaxEPN7float165Fp16TES2_m] -> 0xffffad1fe7e0
npuchk: [_ZN6npuchk6vcgmaxEPN7float165Fp16TES2_httt] -> 0xffffad1fea70
npuchk: [_ZN6npuchk6vcgmaxEPN7float165Fp16TES2_htttbb] -> 0xffffad2e6890
npuchk: [_ZN6npuchk6vcgmaxEPfS0_m] -> 0xffffad1fede4
npuchk: [_ZN6npuchk6vcgmaxEPfS0_httt] -> 0xffffad1ff074
npuchk: [_ZN6npuchk6vcgmaxEPfS0_htttbb] -> 0xffffad2e6c94
npuchk: [_ZN6npuchk6vcgminEPN7float165Fp16TES2_m] -> 0xffffad1ff3e8
npuchk: [_ZN6npuchk6vcgminEPN7float165Fp16TES2_httt] -> 0xffffad1ff678
npuchk: [_ZN6npuchk6vcgminEPN7float165Fp16TES2_htttbb] -> 0xffffad2e7098
npuchk: [_ZN6npuchk6vcgminEPfS0_m] -> 0xffffad1ff9ec
npuchk: [_ZN6npuchk6vcgminEPfS0_httt] -> 0xffffad1ffc7c
npuchk: [_ZN6npuchk6vcgminEPfS0_htttbb] -> 0xffffad2e749c
npuchk: [_ZN6npuchk3vciEPN7float165Fp16TES1_m] -> (nil)
npuchk: [_ZN6npuchk3vciEPN7float165Fp16TES1_hthbb] -> (nil)
npuchk: [_ZN6npuchk3vciEPffm] -> (nil)
npuchk: [_ZN6npuchk3vciEPffhthbb] -> (nil)
npuchk: [_ZN6npuchk3vciEPssm] -> (nil)
npuchk: [_ZN6npuchk3vciEPsshthbb] -> (nil)
npuchk: [_ZN6npuchk3vciEPiim] -> (nil)
npuchk: [_ZN6npuchk3vciEPiihthbb] -> (nil)
npuchk: [_ZN6npuchk5vcmaxEPN7float165Fp16TES2_m] -> 0xffffad2e78a0
npuchk: [_ZN6npuchk5vcmaxEPN7float165Fp16TES2_httt] -> 0xffffad2e7b30
npuchk: [_ZN6npuchk5vcmaxEPN7float165Fp16TES2_htttbb] -> 0xffffad2e7ea4
npuchk: [_ZN6npuchk5vcmaxEPN7float165Fp16TES2_mb] -> 0xffffad2e82a8
npuchk: [_ZN6npuchk5vcmaxEPN7float165Fp16TES2_htttbbb] -> 0xffffad2e859c
npuchk: [_ZN6npuchk5vcmaxEPN7float165Fp16TES2_m7Order_t] -> 0xffffad1ffff0
npuchk: [_ZN6npuchk5vcmaxEPN7float165Fp16TES2_httt7Order_t] -> 0xffffad2002ec
npuchk: [_ZN6npuchk5vcmaxEPfS0_mb] -> 0xffffad2e8a00
npuchk: [_ZN6npuchk5vcmaxEPfS0_htttbbb] -> 0xffffad2e8cf4
npuchk: [_ZN6npuchk5vcmaxEPfS0_m7Order_t] -> 0xffffad2006cc
npuchk: [_ZN6npuchk5vcmaxEPfS0_httt7Order_t] -> 0xffffad2009c8
npuchk: [_ZN6npuchk5vcmaxEPtS0_mb] -> (nil)
npuchk: [_ZN6npuchk5vcmaxEPtS0_htttbbb] -> (nil)
npuchk: [_ZN6npuchk5vcminEPN7float165Fp16TES2_m] -> 0xffffad2e9158
npuchk: [_ZN6npuchk5vcminEPN7float165Fp16TES2_httt] -> 0xffffad2e93e8
npuchk: [_ZN6npuchk5vcminEPN7float165Fp16TES2_htttbb] -> 0xffffad2e975c
npuchk: [_ZN6npuchk5vcminEPN7float165Fp16TES2_mb] -> 0xffffad2e9b60
npuchk: [_ZN6npuchk5vcminEPN7float165Fp16TES2_htttbbb] -> 0xffffad2e9e54
npuchk: [_ZN6npuchk5vcminEPN7float165Fp16TES2_m7Order_t] -> 0xffffad200da8
npuchk: [_ZN6npuchk5vcminEPN7float165Fp16TES2_httt7Order_t] -> 0xffffad2010a4
npuchk: [_ZN6npuchk5vcminEPfS0_mb] -> 0xffffad2ea2b8
npuchk: [_ZN6npuchk5vcminEPfS0_htttbbb] -> 0xffffad2ea5ac
npuchk: [_ZN6npuchk5vcminEPfS0_m7Order_t] -> 0xffffad201484
npuchk: [_ZN6npuchk5vcminEPfS0_httt7Order_t] -> 0xffffad201780
npuchk: [_ZN6npuchk5vcminEPtS0_mb] -> (nil)
npuchk: [_ZN6npuchk5vcminEPtS0_htttbbb] -> (nil)
npuchk: [_ZN6npuchk7vcmp_eqEPN7float165Fp16TES2_m] -> 0xffffad201b60
npuchk: [_ZN6npuchk7vcmp_eqEPN7float165Fp16TES2_hhhhhhh] -> 0xffffad201dec
npuchk: [_ZN6npuchk7vcmp_eqEPN7float165Fp16TES2_hhhhhhhbb] -> 0xffffad2eaa10
npuchk: [_ZN6npuchk7vcmp_eqEPfS0_m] -> 0xffffad202278
npuchk: [_ZN6npuchk7vcmp_eqEPfS0_hhhhhhh] -> 0xffffad202504
npuchk: [_ZN6npuchk7vcmp_eqEPfS0_hhhhhhhbb] -> 0xffffad2eaf24
npuchk: [_ZN6npuchk7vcmp_eqEPtS0_m] -> (nil)
npuchk: [_ZN6npuchk7vcmp_eqEPtS0_hhhhhhh] -> (nil)
npuchk: [_ZN6npuchk7vcmp_eqEPtS0_hhhhhhhbb] -> (nil)
npuchk: [_ZN6npuchk7vcmp_geEPN7float165Fp16TES2_m] -> 0xffffad202990
npuchk: [_ZN6npuchk7vcmp_geEPN7float165Fp16TES2_hhhhhhh] -> 0xffffad202c1c
npuchk: [_ZN6npuchk7vcmp_geEPN7float165Fp16TES2_hhhhhhhbb] -> 0xffffad2eb438
npuchk: [_ZN6npuchk7vcmp_geEPfS0_m] -> 0xffffad2030a8
npuchk: [_ZN6npuchk7vcmp_geEPfS0_hhhhhhh] -> 0xffffad203334
npuchk: [_ZN6npuchk7vcmp_geEPfS0_hhhhhhhbb] -> 0xffffad2eb94c
npuchk: [_ZN6npuchk7vcmp_geEPtS0_m] -> (nil)
npuchk: [_ZN6npuchk7vcmp_geEPtS0_hhhhhhh] -> (nil)
npuchk: [_ZN6npuchk7vcmp_geEPtS0_hhhhhhhbb] -> (nil)
npuchk: [_ZN6npuchk7vcmp_gtEPN7float165Fp16TES2_m] -> 0xffffad2037c0
npuchk: [_ZN6npuchk7vcmp_gtEPN7float165Fp16TES2_hhhhhhh] -> 0xffffad203a4c
npuchk: [_ZN6npuchk7vcmp_gtEPN7float165Fp16TES2_hhhhhhhbb] -> 0xffffad2ebe60
npuchk: [_ZN6npuchk7vcmp_gtEPfS0_m] -> 0xffffad203ed8
npuchk: [_ZN6npuchk7vcmp_gtEPfS0_hhhhhhh] -> 0xffffad204164
npuchk: [_ZN6npuchk7vcmp_gtEPfS0_hhhhhhhbb] -> 0xffffad2ec374
npuchk: [_ZN6npuchk7vcmp_gtEPtS0_m] -> (nil)
npuchk: [_ZN6npuchk7vcmp_gtEPtS0_hhhhhhh] -> (nil)
npuchk: [_ZN6npuchk7vcmp_gtEPtS0_hhhhhhhbb] -> (nil)
npuchk: [_ZN6npuchk7vcmp_leEPN7float165Fp16TES2_m] -> 0xffffad2045f0
npuchk: [_ZN6npuchk7vcmp_leEPN7float165Fp16TES2_hhhhhhh] -> 0xffffad20487c
npuchk: [_ZN6npuchk7vcmp_leEPN7float165Fp16TES2_hhhhhhhbb] -> 0xffffad2ec888
npuchk: [_ZN6npuchk7vcmp_leEPfS0_m] -> 0xffffad204d08
npuchk: [_ZN6npuchk7vcmp_leEPfS0_hhhhhhh] -> 0xffffad204f94
npuchk: [_ZN6npuchk7vcmp_leEPfS0_hhhhhhhbb] -> 0xffffad2ecd9c
npuchk: [_ZN6npuchk7vcmp_leEPtS0_m] -> (nil)
npuchk: [_ZN6npuchk7vcmp_leEPtS0_hhhhhhh] -> (nil)
npuchk: [_ZN6npuchk7vcmp_leEPtS0_hhhhhhhbb] -> (nil)
npuchk: [_ZN6npuchk7vcmp_ltEPN7float165Fp16TES2_m] -> 0xffffad205420
npuchk: [_ZN6npuchk7vcmp_ltEPN7float165Fp16TES2_hhhhhhh] -> 0xffffad2056ac
npuchk: [_ZN6npuchk7vcmp_ltEPN7float165Fp16TES2_hhhhhhhbb] -> 0xffffad2ed2b0
npuchk: [_ZN6npuchk7vcmp_ltEPfS0_m] -> 0xffffad205b38
npuchk: [_ZN6npuchk7vcmp_ltEPfS0_hhhhhhh] -> 0xffffad205dc4
npuchk: [_ZN6npuchk7vcmp_ltEPfS0_hhhhhhhbb] -> 0xffffad2ed7c4
npuchk: [_ZN6npuchk7vcmp_ltEPtS0_m] -> (nil)
npuchk: [_ZN6npuchk7vcmp_ltEPtS0_hhhhhhh] -> (nil)
npuchk: [_ZN6npuchk7vcmp_ltEPtS0_hhhhhhhbb] -> (nil)
npuchk: [_ZN6npuchk7vcmp_neEPN7float165Fp16TES2_m] -> 0xffffad206250
npuchk: [_ZN6npuchk7vcmp_neEPN7float165Fp16TES2_hhhhhhh] -> 0xffffad2064dc
npuchk: [_ZN6npuchk7vcmp_neEPN7float165Fp16TES2_hhhhhhhbb] -> 0xffffad2edcd8
npuchk: [_ZN6npuchk7vcmp_neEPfS0_m] -> 0xffffad206968
npuchk: [_ZN6npuchk7vcmp_neEPfS0_hhhhhhh] -> 0xffffad206bf4
npuchk: [_ZN6npuchk7vcmp_neEPfS0_hhhhhhhbb] -> 0xffffad2ee1ec
npuchk: [_ZN6npuchk7vcmp_neEPtS0_m] -> (nil)
npuchk: [_ZN6npuchk7vcmp_neEPtS0_hhhhhhh] -> (nil)
npuchk: [_ZN6npuchk7vcmp_neEPtS0_hhhhhhhbb] -> (nil)
npuchk: [_ZN6npuchk8vcmpv_eqEPhPN7float165Fp16TES3_m] -> 0xffffad207080
npuchk: [_ZN6npuchk8vcmpv_eqEPhPN7float165Fp16TES3_hhhhhhh] -> 0xffffad207370
npuchk: [_ZN6npuchk8vcmpv_eqEPhPfS1_m] -> 0xffffad20785c
npuchk: [_ZN6npuchk8vcmpv_eqEPhPfS1_hhhhhhh] -> 0xffffad207b4c
npuchk: [_ZN6npuchk8vcmpv_eqEPhPiS1_m] -> 0xffffad208038
npuchk: [_ZN6npuchk8vcmpv_eqEPhPiS1_hhhhhhh] -> 0xffffad208328
npuchk: [_ZN6npuchk8vcmpv_geEPhPN7float165Fp16TES3_m] -> 0xffffad208814
npuchk: [_ZN6npuchk8vcmpv_geEPhPN7float165Fp16TES3_hhhhhhh] -> 0xffffad208b04
npuchk: [_ZN6npuchk8vcmpv_geEPhPfS1_m] -> 0xffffad208ff0
npuchk: [_ZN6npuchk8vcmpv_geEPhPfS1_hhhhhhh] -> 0xffffad2092e0
npuchk: [_ZN6npuchk8vcmpv_gtEPhPN7float165Fp16TES3_m] -> 0xffffad2097cc
npuchk: [_ZN6npuchk8vcmpv_gtEPhPN7float165Fp16TES3_hhhhhhh] -> 0xffffad209abc
npuchk: [_ZN6npuchk8vcmpv_gtEPhPfS1_m] -> 0xffffad209fa8
npuchk: [_ZN6npuchk8vcmpv_gtEPhPfS1_hhhhhhh] -> 0xffffad20a298
npuchk: [_ZN6npuchk8vcmpv_leEPhPN7float165Fp16TES3_m] -> 0xffffad20a784
npuchk: [_ZN6npuchk8vcmpv_leEPhPN7float165Fp16TES3_hhhhhhh] -> 0xffffad20aa74
npuchk: [_ZN6npuchk8vcmpv_leEPhPfS1_m] -> 0xffffad20af60
npuchk: [_ZN6npuchk8vcmpv_leEPhPfS1_hhhhhhh] -> 0xffffad20b250
npuchk: [_ZN6npuchk8vcmpv_ltEPhPN7float165Fp16TES3_m] -> 0xffffad20b73c
npuchk: [_ZN6npuchk8vcmpv_ltEPhPN7float165Fp16TES3_hhhhhhh] -> 0xffffad20ba2c
npuchk: [_ZN6npuchk8vcmpv_ltEPhPfS1_m] -> 0xffffad20bf18
npuchk: [_ZN6npuchk8vcmpv_ltEPhPfS1_hhhhhhh] -> 0xffffad20c208
npuchk: [_ZN6npuchk8vcmpv_neEPhPN7float165Fp16TES3_m] -> 0xffffad20c6f4
npuchk: [_ZN6npuchk8vcmpv_neEPhPN7float165Fp16TES3_hhhhhhh] -> 0xffffad20c9e4
npuchk: [_ZN6npuchk8vcmpv_neEPhPfS1_m] -> 0xffffad20ced0
npuchk: [_ZN6npuchk8vcmpv_neEPhPfS1_hhhhhhh] -> 0xffffad20d1c0
npuchk: [_ZN6npuchk9vcmpvs_eqEPhPN7float165Fp16TES2_m] -> 0xffffad20d6ac
npuchk: [_ZN6npuchk9vcmpvs_eqEPhPN7float165Fp16TES2_htthh] -> 0xffffad20d9a8
npuchk: [_ZN6npuchk9vcmpvs_eqEPhPN7float165Fp16TES2_htttt] -> 0xffffad20dde8
npuchk: [_ZN6npuchk9vcmpvs_eqEPhPffm] -> 0xffffad20e23c
npuchk: [_ZN6npuchk9vcmpvs_eqEPhPffhtthh] -> 0xffffad20e52c
npuchk: [_ZN6npuchk9vcmpvs_eqEPhPffhtttt] -> 0xffffad20e960
npuchk: [_ZN6npuchk9vcmpvs_eqEPhPiim] -> 0xffffad20eda8
npuchk: [_ZN6npuchk9vcmpvs_eqEPhPiihtttt] -> 0xffffad20f098
npuchk: [_ZN6npuchk9vcmpvs_geEPhPN7float165Fp16TES2_m] -> 0xffffad20f4e0
npuchk: [_ZN6npuchk9vcmpvs_geEPhPN7float165Fp16TES2_htthh] -> 0xffffad20f7dc
npuchk: [_ZN6npuchk9vcmpvs_geEPhPN7float165Fp16TES2_htttt] -> 0xffffad20fc1c
npuchk: [_ZN6npuchk9vcmpvs_geEPhPffm] -> 0xffffad210070
npuchk: [_ZN6npuchk9vcmpvs_geEPhPffhtthh] -> 0xffffad210360
npuchk: [_ZN6npuchk9vcmpvs_geEPhPffhtttt] -> 0xffffad210794
npuchk: [_ZN6npuchk9vcmpvs_gtEPhPN7float165Fp16TES2_m] -> 0xffffad210bdc
npuchk: [_ZN6npuchk9vcmpvs_gtEPhPN7float165Fp16TES2_htthh] -> 0xffffad210ed8
npuchk: [_ZN6npuchk9vcmpvs_gtEPhPN7float165Fp16TES2_htttt] -> 0xffffad211318
npuchk: [_ZN6npuchk9vcmpvs_gtEPhPffm] -> 0xffffad21176c
npuchk: [_ZN6npuchk9vcmpvs_gtEPhPffhtthh] -> 0xffffad211a5c
npuchk: [_ZN6npuchk9vcmpvs_gtEPhPffhtttt] -> 0xffffad211e90
npuchk: [_ZN6npuchk9vcmpvs_leEPhPN7float165Fp16TES2_m] -> 0xffffad2122d8
npuchk: [_ZN6npuchk9vcmpvs_leEPhPN7float165Fp16TES2_htthh] -> 0xffffad2125d4
npuchk: [_ZN6npuchk9vcmpvs_leEPhPN7float165Fp16TES2_htttt] -> 0xffffad212a14
npuchk: [_ZN6npuchk9vcmpvs_leEPhPffm] -> 0xffffad212e68
npuchk: [_ZN6npuchk9vcmpvs_leEPhPffhtthh] -> 0xffffad213158
npuchk: [_ZN6npuchk9vcmpvs_leEPhPffhtttt] -> 0xffffad21358c
npuchk: [_ZN6npuchk9vcmpvs_ltEPhPN7float165Fp16TES2_m] -> 0xffffad2139d4
npuchk: [_ZN6npuchk9vcmpvs_ltEPhPN7float165Fp16TES2_htthh] -> 0xffffad213cd0
npuchk: [_ZN6npuchk9vcmpvs_ltEPhPN7float165Fp16TES2_htttt] -> 0xffffad214110
npuchk: [_ZN6npuchk9vcmpvs_ltEPhPffm] -> 0xffffad214564
npuchk: [_ZN6npuchk9vcmpvs_ltEPhPffhtthh] -> 0xffffad214854
npuchk: [_ZN6npuchk9vcmpvs_ltEPhPffhtttt] -> 0xffffad214c88
npuchk: [_ZN6npuchk9vcmpvs_neEPhPN7float165Fp16TES2_m] -> 0xffffad2150d0
npuchk: [_ZN6npuchk9vcmpvs_neEPhPN7float165Fp16TES2_htthh] -> 0xffffad2153cc
npuchk: [_ZN6npuchk9vcmpvs_neEPhPN7float165Fp16TES2_htttt] -> 0xffffad21580c
npuchk: [_ZN6npuchk9vcmpvs_neEPhPffm] -> 0xffffad215c60
npuchk: [_ZN6npuchk9vcmpvs_neEPhPffhtthh] -> 0xffffad215f50
npuchk: [_ZN6npuchk9vcmpvs_neEPhPffhtttt] -> 0xffffad216384
npuchk: [_ZN6npuchk7vconcatEPN7float165Fp16TES2_m] -> 0xffffad2ee700
npuchk: [_ZN6npuchk7vconcatEPN7float165Fp16TES2_hh] -> 0xffffad2ee990
npuchk: [_ZN6npuchk7vconcatEPN7float165Fp16TES2_htthh] -> (nil)
npuchk: [_ZN6npuchk7vconcatEPN7float165Fp16TES2_htthhbb] -> (nil)
npuchk: [_ZN6npuchk7vconcatEPfS0_m] -> 0xffffad2eec84
npuchk: [_ZN6npuchk7vconcatEPfS0_hh] -> (nil)
npuchk: [_ZN6npuchk7vconcatEPfS0_htthh] -> (nil)
npuchk: [_ZN6npuchk7vconcatEPfS0_htthhbb] -> (nil)
npuchk: [_ZN6npuchk14vconv_bf162f32EPfPN8bfloat165Bf16TEhtttt] -> 0xffffad2167cc
npuchk: [_ZN6npuchk14vconv_bf162f32EPfPN8bfloat165Bf16TEm] -> 0xffffad216bb0
npuchk: [_ZN6npuchk15vconv_bf162s32aEPiPN8bfloat165Bf16TEhtttt] -> 0xffffad216e3c
npuchk: [_ZN6npuchk15vconv_bf162s32aEPiPN8bfloat165Bf16TEm] -> 0xffffad217224
npuchk: [_ZN6npuchk15vconv_bf162s32cEPiPN8bfloat165Bf16TEhtttt] -> 0xffffad2174b4
npuchk: [_ZN6npuchk15vconv_bf162s32cEPiPN8bfloat165Bf16TEm] -> 0xffffad21789c
npuchk: [_ZN6npuchk15vconv_bf162s32fEPiPN8bfloat165Bf16TEhtttt] -> 0xffffad217b2c
npuchk: [_ZN6npuchk15vconv_bf162s32fEPiPN8bfloat165Bf16TEm] -> 0xffffad217f14
npuchk: [_ZN6npuchk15vconv_bf162s32rEPiPN8bfloat165Bf16TEhtttt] -> 0xffffad2181a4
npuchk: [_ZN6npuchk15vconv_bf162s32rEPiPN8bfloat165Bf16TEm] -> 0xffffad21858c
npuchk: [_ZN6npuchk15vconv_bf162s32zEPiPN8bfloat165Bf16TEhtttt] -> 0xffffad21881c
npuchk: [_ZN6npuchk15vconv_bf162s32zEPiPN8bfloat165Bf16TEm] -> 0xffffad218c04
npuchk: [_ZN6npuchk9vconv_deqEPN7float165Fp16TEPim] -> 0xffffad218e94
npuchk: [_ZN6npuchk9vconv_deqEPN7float165Fp16TEPihtthh] -> 0xffffad219124
npuchk: [_ZN6npuchk9vconv_deqEPN7float165Fp16TEPihtthhbb] -> 0xffffad2eef14
npuchk: [_ZN6npuchk15vconv_deqs162b8EPaPsmb] -> 0xffffad2ef374
npuchk: [_ZN6npuchk15vconv_deqs162b8EPaPshtthhbbb] -> 0xffffad2ef664
npuchk: [_ZN6npuchk15vconv_deqs162b8EPhPsmb] -> 0xffffad2efb20
npuchk: [_ZN6npuchk15vconv_deqs162b8EPhPshtthhbbb] -> 0xffffad2efe10
npuchk: [_ZN6npuchk16vconv_deqs162b8hEPaPshtthh] -> 0xffffad2194f8
npuchk: [_ZN6npuchk16vconv_deqs162b8hEPaPsm] -> 0xffffad2198cc
npuchk: [_ZN6npuchk16vconv_deqs162b8hEPhPshtthh] -> 0xffffad219b5c
npuchk: [_ZN6npuchk16vconv_deqs162b8hEPhPsm] -> 0xffffad219f30
npuchk: [_ZN6npuchk16vconv_deqs162b8lEPaPshtthh] -> 0xffffad21a1c0
npuchk: [_ZN6npuchk16vconv_deqs162b8lEPaPsm] -> 0xffffad21a594
npuchk: [_ZN6npuchk16vconv_deqs162b8lEPhPshtthh] -> 0xffffad21a824
npuchk: [_ZN6npuchk16vconv_deqs162b8lEPhPsm] -> 0xffffad21abf8
npuchk: [_ZN6npuchk13vconv_f162f32EPfPN7float165Fp16TEm] -> 0xffffad21ae88
npuchk: [_ZN6npuchk13vconv_f162f32EPfPN7float165Fp16TEhtthh] -> 0xffffad21b114
npuchk: [_ZN6npuchk13vconv_f162f32EPfPN7float165Fp16TEhtthhbb] -> 0xffffad2f02cc
npuchk: [_ZN6npuchk13vconv_f162f32EPfPN7float165Fp16TEhtttt] -> 0xffffad21b4e4
npuchk: [_ZN6npuchk14vconv_f162s16aEPsPN7float165Fp16TEhtttt] -> 0xffffad21b8c8
npuchk: [_ZN6npuchk14vconv_f162s16aEPsPN7float165Fp16TEm] -> 0xffffad21bcb0
npuchk: [_ZN6npuchk14vconv_f162s16cEPsPN7float165Fp16TEhtttt] -> 0xffffad21bf40
npuchk: [_ZN6npuchk14vconv_f162s16cEPsPN7float165Fp16TEm] -> 0xffffad21c328
npuchk: [_ZN6npuchk14vconv_f162s16fEPsPN7float165Fp16TEhtttt] -> 0xffffad21c5b8
npuchk: [_ZN6npuchk14vconv_f162s16fEPsPN7float165Fp16TEm] -> 0xffffad21c9a0
npuchk: [_ZN6npuchk14vconv_f162s16rEPsPN7float165Fp16TEm] -> 0xffffad21cc30
npuchk: [_ZN6npuchk14vconv_f162s16rEPsPN7float165Fp16TEhtthhbb] -> 0xffffad2f072c
npuchk: [_ZN6npuchk14vconv_f162s16rEPsPN7float165Fp16TEhtttt] -> 0xffffad21cec0
npuchk: [_ZN6npuchk14vconv_f162s16zEPsPN7float165Fp16TEhtttt] -> 0xffffad21d2a8
npuchk: [_ZN6npuchk14vconv_f162s16zEPsPN7float165Fp16TEm] -> 0xffffad21d690
npuchk: [_ZN6npuchk14vconv_f162s32aEPiPN7float165Fp16TEm] -> 0xffffad21d920
npuchk: [_ZN6npuchk14vconv_f162s32aEPiPN7float165Fp16TEhtthh] -> 0xffffad21dbb0
npuchk: [_ZN6npuchk14vconv_f162s32aEPiPN7float165Fp16TEhtthhbb] -> 0xffffad2f0b8c
npuchk: [_ZN6npuchk14vconv_f162s32aEPiPN7float165Fp16TEhtttt] -> 0xffffad21df84
npuchk: [_ZN6npuchk14vconv_f162s32cEPiPN7float165Fp16TEm] -> 0xffffad21e36c
npuchk: [_ZN6npuchk14vconv_f162s32cEPiPN7float165Fp16TEhtthh] -> 0xffffad21e5fc
npuchk: [_ZN6npuchk14vconv_f162s32cEPiPN7float165Fp16TEhtthhbb] -> 0xffffad2f0fec
npuchk: [_ZN6npuchk14vconv_f162s32cEPiPN7float165Fp16TEhtttt] -> 0xffffad21e9d0
npuchk: [_ZN6npuchk14vconv_f162s32fEPiPN7float165Fp16TEm] -> 0xffffad21edb8
npuchk: [_ZN6npuchk14vconv_f162s32fEPiPN7float165Fp16TEhtthh] -> 0xffffad21f048
npuchk: [_ZN6npuchk14vconv_f162s32fEPiPN7float165Fp16TEhtthhbb] -> 0xffffad2f144c
npuchk: [_ZN6npuchk14vconv_f162s32fEPiPN7float165Fp16TEhtttt] -> 0xffffad21f41c
npuchk: [_ZN6npuchk14vconv_f162s32rEPiPN7float165Fp16TEm] -> 0xffffad21f804
npuchk: [_ZN6npuchk14vconv_f162s32rEPiPN7float165Fp16TEhtthh] -> 0xffffad21fa94
npuchk: [_ZN6npuchk14vconv_f162s32rEPiPN7float165Fp16TEhtthhbb] -> 0xffffad2f18ac
npuchk: [_ZN6npuchk14vconv_f162s32rEPiPN7float165Fp16TEhtttt] -> 0xffffad21fe68
npuchk: [_ZN6npuchk14vconv_f162s32zEPiPN7float165Fp16TEm] -> 0xffffad220250
npuchk: [_ZN6npuchk14vconv_f162s32zEPiPN7float165Fp16TEhtthh] -> 0xffffad2204e0
npuchk: [_ZN6npuchk14vconv_f162s32zEPiPN7float165Fp16TEhtthhbb] -> 0xffffad2f1d0c
npuchk: [_ZN6npuchk14vconv_f162s32zEPiPN7float165Fp16TEhtttt] -> 0xffffad2208b4
npuchk: [_ZN6npuchk12vconv_f162s4EPvPN7float165Fp16TEm] -> 0xffffad220c9c
npuchk: [_ZN6npuchk12vconv_f162s4EPvPN7float165Fp16TEhtthhbb] -> 0xffffad2f216c
npuchk: [_ZN6npuchk12vconv_f162s4EPvPN7float165Fp16TEhtttt] -> 0xffffad220f2c
npuchk: [_ZN6npuchk13vconv_f162s4aEPvPN7float165Fp16TEhtttt] -> 0xffffad221314
npuchk: [_ZN6npuchk13vconv_f162s4aEPvPN7float165Fp16TEm] -> 0xffffad2216fc
npuchk: [_ZN6npuchk13vconv_f162s4cEPvPN7float165Fp16TEhtttt] -> 0xffffad22198c
npuchk: [_ZN6npuchk13vconv_f162s4cEPvPN7float165Fp16TEm] -> 0xffffad221d74
npuchk: [_ZN6npuchk13vconv_f162s4fEPvPN7float165Fp16TEhtttt] -> 0xffffad222004
npuchk: [_ZN6npuchk13vconv_f162s4fEPvPN7float165Fp16TEm] -> 0xffffad2223ec
npuchk: [_ZN6npuchk13vconv_f162s4rEPvPN7float165Fp16TEhtttt] -> 0xffffad22267c
npuchk: [_ZN6npuchk13vconv_f162s4rEPvPN7float165Fp16TEm] -> 0xffffad222a64
npuchk: [_ZN6npuchk13vconv_f162s4zEPvPN7float165Fp16TEhtttt] -> 0xffffad222cf4
npuchk: [_ZN6npuchk13vconv_f162s4zEPvPN7float165Fp16TEm] -> 0xffffad2230dc
npuchk: [_ZN6npuchk12vconv_f162s8EPaPN7float165Fp16TEm] -> 0xffffad22336c
npuchk: [_ZN6npuchk12vconv_f162s8EPaPN7float165Fp16TEhtthh] -> 0xffffad2235fc
npuchk: [_ZN6npuchk12vconv_f162s8EPaPN7float165Fp16TEhtthhbb] -> 0xffffad2f25cc
npuchk: [_ZN6npuchk12vconv_f162s8EPaPN7float165Fp16TEhtttt] -> 0xffffad2239d0
npuchk: [_ZN6npuchk13vconv_f162s8aEPaPN7float165Fp16TEm] -> 0xffffad223db8
npuchk: [_ZN6npuchk13vconv_f162s8aEPaPN7float165Fp16TEhtthh] -> 0xffffad224048
npuchk: [_ZN6npuchk13vconv_f162s8aEPaPN7float165Fp16TEhtthhbb] -> 0xffffad2f2a2c
npuchk: [_ZN6npuchk13vconv_f162s8aEPaPN7float165Fp16TEhtttt] -> 0xffffad22441c
npuchk: [_ZN6npuchk13vconv_f162s8cEPaPN7float165Fp16TEm] -> 0xffffad224804
npuchk: [_ZN6npuchk13vconv_f162s8cEPaPN7float165Fp16TEhtthh] -> 0xffffad224a94
npuchk: [_ZN6npuchk13vconv_f162s8cEPaPN7float165Fp16TEhtthhbb] -> 0xffffad2f2e8c
npuchk: [_ZN6npuchk13vconv_f162s8cEPaPN7float165Fp16TEhtttt] -> 0xffffad224e68
npuchk: [_ZN6npuchk13vconv_f162s8fEPaPN7float165Fp16TEm] -> 0xffffad225250
npuchk: [_ZN6npuchk13vconv_f162s8fEPaPN7float165Fp16TEhtthh] -> 0xffffad2254e0
npuchk: [_ZN6npuchk13vconv_f162s8fEPaPN7float165Fp16TEhtthhbb] -> 0xffffad2f32ec
npuchk: [_ZN6npuchk13vconv_f162s8fEPaPN7float165Fp16TEhtttt] -> 0xffffad2258b4
npuchk: [_ZN6npuchk13vconv_f162s8rEPaPN7float165Fp16TEhtttt] -> 0xffffad225c9c
npuchk: [_ZN6npuchk13vconv_f162s8rEPaPN7float165Fp16TEm] -> 0xffffad226084
npuchk: [_ZN6npuchk13vconv_f162s8zEPaPN7float165Fp16TEm] -> 0xffffad226314
npuchk: [_ZN6npuchk13vconv_f162s8zEPaPN7float165Fp16TEhtthh] -> 0xffffad2265a4
npuchk: [_ZN6npuchk13vconv_f162s8zEPaPN7float165Fp16TEhtthhbb] -> 0xffffad2f374c
npuchk: [_ZN6npuchk13vconv_f162s8zEPaPN7float165Fp16TEhtttt] -> 0xffffad226978
npuchk: [_ZN6npuchk12vconv_f162u8EPhPN7float165Fp16TEm] -> 0xffffad226d60
npuchk: [_ZN6npuchk12vconv_f162u8EPhPN7float165Fp16TEhtthh] -> 0xffffad226ff0
npuchk: [_ZN6npuchk12vconv_f162u8EPhPN7float165Fp16TEhtthhbb] -> 0xffffad2f3bac
npuchk: [_ZN6npuchk12vconv_f162u8EPhPN7float165Fp16TEhtttt] -> 0xffffad2273c4
npuchk: [_ZN6npuchk13vconv_f162u8aEPhPN7float165Fp16TEm] -> 0xffffad2277ac
npuchk: [_ZN6npuchk13vconv_f162u8aEPhPN7float165Fp16TEhtthh] -> 0xffffad227a3c
npuchk: [_ZN6npuchk13vconv_f162u8aEPhPN7float165Fp16TEhtthhbb] -> 0xffffad2f400c
npuchk: [_ZN6npuchk13vconv_f162u8aEPhPN7float165Fp16TEhtttt] -> 0xffffad227e10
npuchk: [_ZN6npuchk13vconv_f162u8cEPhPN7float165Fp16TEm] -> 0xffffad2281f8
npuchk: [_ZN6npuchk13vconv_f162u8cEPhPN7float165Fp16TEhtthh] -> 0xffffad228488
npuchk: [_ZN6npuchk13vconv_f162u8cEPhPN7float165Fp16TEhtthhbb] -> 0xffffad2f446c
npuchk: [_ZN6npuchk13vconv_f162u8cEPhPN7float165Fp16TEhtttt] -> 0xffffad22885c
npuchk: [_ZN6npuchk13vconv_f162u8fEPhPN7float165Fp16TEm] -> 0xffffad228c44
npuchk: [_ZN6npuchk13vconv_f162u8fEPhPN7float165Fp16TEhtthh] -> 0xffffad228ed4
npuchk: [_ZN6npuchk13vconv_f162u8fEPhPN7float165Fp16TEhtthhbb] -> 0xffffad2f48cc
npuchk: [_ZN6npuchk13vconv_f162u8fEPhPN7float165Fp16TEhtttt] -> 0xffffad2292a8
npuchk: [_ZN6npuchk13vconv_f162u8rEPhPN7float165Fp16TEhtttt] -> 0xffffad229690
npuchk: [_ZN6npuchk13vconv_f162u8rEPhPN7float165Fp16TEm] -> 0xffffad229a78
npuchk: [_ZN6npuchk13vconv_f162u8zEPhPN7float165Fp16TEm] -> 0xffffad229d08
npuchk: [_ZN6npuchk13vconv_f162u8zEPhPN7float165Fp16TEhtthh] -> 0xffffad229f98
npuchk: [_ZN6npuchk13vconv_f162u8zEPhPN7float165Fp16TEhtthhbb] -> 0xffffad2f4d2c
npuchk: [_ZN6npuchk13vconv_f162u8zEPhPN7float165Fp16TEhtttt] -> 0xffffad22a36c
npuchk: [_ZN6npuchk15vconv_f322bf16aEPN8bfloat165Bf16TEPfhtttt] -> 0xffffad22a754
npuchk: [_ZN6npuchk15vconv_f322bf16aEPN8bfloat165Bf16TEPfm] -> 0xffffad22ab3c
npuchk: [_ZN6npuchk15vconv_f322bf16cEPN8bfloat165Bf16TEPfhtttt] -> 0xffffad22adcc
npuchk: [_ZN6npuchk15vconv_f322bf16cEPN8bfloat165Bf16TEPfm] -> 0xffffad22b1b4
npuchk: [_ZN6npuchk15vconv_f322bf16fEPN8bfloat165Bf16TEPfhtttt] -> 0xffffad22b444
npuchk: [_ZN6npuchk15vconv_f322bf16fEPN8bfloat165Bf16TEPfm] -> 0xffffad22b82c
npuchk: [_ZN6npuchk15vconv_f322bf16rEPN8bfloat165Bf16TEPfhtttt] -> 0xffffad22babc
npuchk: [_ZN6npuchk15vconv_f322bf16rEPN8bfloat165Bf16TEPfm] -> 0xffffad22bea4
npuchk: [_ZN6npuchk15vconv_f322bf16zEPN8bfloat165Bf16TEPfhtttt] -> 0xffffad22c134
npuchk: [_ZN6npuchk15vconv_f322bf16zEPN8bfloat165Bf16TEPfm] -> 0xffffad22c51c
npuchk: [_ZN6npuchk13vconv_f322f16EPN7float165Fp16TEPfm] -> 0xffffad22c7ac
npuchk: [_ZN6npuchk13vconv_f322f16EPN7float165Fp16TEPfhtthh] -> 0xffffad22ca3c
npuchk: [_ZN6npuchk13vconv_f322f16EPN7float165Fp16TEPfhtthhbb] -> 0xffffad2f518c
npuchk: [_ZN6npuchk13vconv_f322f16EPN7float165Fp16TEPfhtttt] -> 0xffffad22ce10
npuchk: [_ZN6npuchk14vconv_f322f16aEPN7float165Fp16TEPfhtttt] -> 0xffffad22d1f8
npuchk: [_ZN6npuchk14vconv_f322f16aEPN7float165Fp16TEPfm] -> 0xffffad22d5e0
npuchk: [_ZN6npuchk14vconv_f322f16cEPN7float165Fp16TEPfhtttt] -> 0xffffad22d870
npuchk: [_ZN6npuchk14vconv_f322f16cEPN7float165Fp16TEPfm] -> 0xffffad22dc58
npuchk: [_ZN6npuchk14vconv_f322f16fEPN7float165Fp16TEPfhtttt] -> 0xffffad22dee8
npuchk: [_ZN6npuchk14vconv_f322f16fEPN7float165Fp16TEPfm] -> 0xffffad22e2d0
npuchk: [_ZN6npuchk14vconv_f322f16oEPN7float165Fp16TEPfm] -> 0xffffad22e560
npuchk: [_ZN6npuchk14vconv_f322f16oEPN7float165Fp16TEPfhtthh] -> 0xffffad22e7f0
npuchk: [_ZN6npuchk14vconv_f322f16oEPN7float165Fp16TEPfhtthhbb] -> 0xffffad2f55ec
npuchk: [_ZN6npuchk14vconv_f322f16oEPN7float165Fp16TEPfhtttt] -> 0xffffad22ebc4
npuchk: [_ZN6npuchk14vconv_f322f16rEPN7float165Fp16TEPfhtttt] -> 0xffffad22efac
npuchk: [_ZN6npuchk14vconv_f322f16rEPN7float165Fp16TEPfm] -> 0xffffad22f394
npuchk: [_ZN6npuchk14vconv_f322f16zEPN7float165Fp16TEPfhtttt] -> 0xffffad22f624
npuchk: [_ZN6npuchk14vconv_f322f16zEPN7float165Fp16TEPfm] -> 0xffffad22fa0c
npuchk: [_ZN6npuchk14vconv_f322f32aEPfS0_htttt] -> 0xffffad22fc9c
npuchk: [_ZN6npuchk14vconv_f322f32aEPfS0_m] -> 0xffffad230084
npuchk: [_ZN6npuchk14vconv_f322f32cEPfS0_htttt] -> 0xffffad230314
npuchk: [_ZN6npuchk14vconv_f322f32cEPfS0_m] -> 0xffffad2306fc
npuchk: [_ZN6npuchk14vconv_f322f32fEPfS0_htttt] -> 0xffffad23098c
npuchk: [_ZN6npuchk14vconv_f322f32fEPfS0_m] -> 0xffffad230d74
npuchk: [_ZN6npuchk14vconv_f322f32rEPfS0_htttt] -> 0xffffad231004
npuchk: [_ZN6npuchk14vconv_f322f32rEPfS0_m] -> 0xffffad2313e8
npuchk: [_ZN6npuchk14vconv_f322f32zEPfS0_htttt] -> 0xffffad231674
npuchk: [_ZN6npuchk14vconv_f322f32zEPfS0_m] -> 0xffffad231a5c
npuchk: [_ZN6npuchk14vconv_f322s16aEPsPfhtttt] -> 0xffffad231cec
npuchk: [_ZN6npuchk14vconv_f322s16aEPsPfm] -> 0xffffad2320d4
npuchk: [_ZN6npuchk14vconv_f322s16cEPsPfhtttt] -> 0xffffad232364
npuchk: [_ZN6npuchk14vconv_f322s16cEPsPfm] -> 0xffffad23274c
npuchk: [_ZN6npuchk14vconv_f322s16fEPsPfhtttt] -> 0xffffad2329dc
npuchk: [_ZN6npuchk14vconv_f322s16fEPsPfm] -> 0xffffad232dc4
npuchk: [_ZN6npuchk14vconv_f322s16rEPsPfm] -> 0xffffad233054
npuchk: [_ZN6npuchk14vconv_f322s16rEPsPfhtthh] -> 0xffffad2332e4
npuchk: [_ZN6npuchk14vconv_f322s16rEPsPfhtthhbb] -> (nil)
npuchk: [_ZN6npuchk14vconv_f322s16rEPsPfhtttt] -> 0xffffad2336b8
npuchk: [_ZN6npuchk14vconv_f322s16zEPsPfm] -> 0xffffad233aa0
npuchk: [_ZN6npuchk14vconv_f322s16zEPsPfhtthh] -> 0xffffad233d30
npuchk: [_ZN6npuchk14vconv_f322s16zEPsPfhtthhbb] -> (nil)
npuchk: [_ZN6npuchk14vconv_f322s16zEPsPfhtttt] -> 0xffffad234104
npuchk: [_ZN6npuchk14vconv_f322s32aEPiPfm] -> 0xffffad2344ec
npuchk: [_ZN6npuchk14vconv_f322s32aEPiPfhtthh] -> 0xffffad23477c
npuchk: [_ZN6npuchk14vconv_f322s32aEPiPfhtthhbb] -> 0xffffad2f5a4c
npuchk: [_ZN6npuchk14vconv_f322s32aEPiPfhtttt] -> 0xffffad234b50
npuchk: [_ZN6npuchk14vconv_f322s32cEPiPfm] -> 0xffffad234f38
npuchk: [_ZN6npuchk14vconv_f322s32cEPiPfhtthh] -> 0xffffad2351c8
npuchk: [_ZN6npuchk14vconv_f322s32cEPiPfhtthhbb] -> 0xffffad2f5eac
npuchk: [_ZN6npuchk14vconv_f322s32cEPiPfhtttt] -> 0xffffad23559c
npuchk: [_ZN6npuchk14vconv_f322s32fEPiPfm] -> 0xffffad235984
npuchk: [_ZN6npuchk14vconv_f322s32fEPiPfhtthh] -> 0xffffad235c14
npuchk: [_ZN6npuchk14vconv_f322s32fEPiPfhtthhbb] -> 0xffffad2f630c
npuchk: [_ZN6npuchk14vconv_f322s32fEPiPfhtttt] -> 0xffffad235fe8
npuchk: [_ZN6npuchk14vconv_f322s32rEPiPfm] -> 0xffffad2363d0
npuchk: [_ZN6npuchk14vconv_f322s32rEPiPfhtthh] -> 0xffffad236660
npuchk: [_ZN6npuchk14vconv_f322s32rEPiPfhtthhbb] -> 0xffffad2f676c
npuchk: [_ZN6npuchk14vconv_f322s32rEPiPfhtttt] -> 0xffffad236a34
npuchk: [_ZN6npuchk14vconv_f322s32zEPiPfm] -> 0xffffad236e1c
npuchk: [_ZN6npuchk14vconv_f322s32zEPiPfhtthh] -> 0xffffad2370ac
npuchk: [_ZN6npuchk14vconv_f322s32zEPiPfhtthhbb] -> 0xffffad2f6bcc
npuchk: [_ZN6npuchk14vconv_f322s32zEPiPfhtttt] -> 0xffffad237480
npuchk: [_ZN6npuchk14vconv_f322s64aEPlPfhtttt] -> 0xffffad237868
npuchk: [_ZN6npuchk14vconv_f322s64aEPlPfm] -> 0xffffad237c50
npuchk: [_ZN6npuchk14vconv_f322s64cEPlPfhtttt] -> 0xffffad237ee0
npuchk: [_ZN6npuchk14vconv_f322s64cEPlPfm] -> 0xffffad2382c8
npuchk: [_ZN6npuchk14vconv_f322s64fEPlPfhtttt] -> 0xffffad238558
npuchk: [_ZN6npuchk14vconv_f322s64fEPlPfm] -> 0xffffad238940
npuchk: [_ZN6npuchk14vconv_f322s64rEPlPfhtttt] -> 0xffffad238bd0
npuchk: [_ZN6npuchk14vconv_f322s64rEPlPfm] -> 0xffffad238fb8
npuchk: [_ZN6npuchk14vconv_f322s64zEPlPfhtttt] -> 0xffffad239248
npuchk: [_ZN6npuchk14vconv_f322s64zEPlPfm] -> 0xffffad239630
npuchk: [_ZN6npuchk13vconv_s162f16EPN7float165Fp16TEPsm] -> 0xffffad2398c0
npuchk: [_ZN6npuchk13vconv_s162f16EPN7float165Fp16TEPshtthhbb] -> 0xffffad2f702c
npuchk: [_ZN6npuchk13vconv_s162f16EPN7float165Fp16TEPshtttt] -> 0xffffad239b50
npuchk: [_ZN6npuchk14vconv_s162f16aEPN7float165Fp16TEPshtttt] -> 0xffffad239f38
npuchk: [_ZN6npuchk14vconv_s162f16aEPN7float165Fp16TEPsm] -> 0xffffad23a320
npuchk: [_ZN6npuchk14vconv_s162f16cEPN7float165Fp16TEPshtttt] -> 0xffffad23a5b0
npuchk: [_ZN6npuchk14vconv_s162f16cEPN7float165Fp16TEPsm] -> 0xffffad23a998
npuchk: [_ZN6npuchk14vconv_s162f16fEPN7float165Fp16TEPshtttt] -> 0xffffad23ac28
npuchk: [_ZN6npuchk14vconv_s162f16fEPN7float165Fp16TEPsm] -> 0xffffad23b010
npuchk: [_ZN6npuchk14vconv_s162f16rEPN7float165Fp16TEPshtttt] -> 0xffffad23b2a0
npuchk: [_ZN6npuchk14vconv_s162f16rEPN7float165Fp16TEPsm] -> 0xffffad23b688
npuchk: [_ZN6npuchk14vconv_s162f16zEPN7float165Fp16TEPshtttt] -> 0xffffad23b918
npuchk: [_ZN6npuchk14vconv_s162f16zEPN7float165Fp16TEPsm] -> 0xffffad23bd00
npuchk: [_ZN6npuchk13vconv_s162f32EPfPsm] -> 0xffffad23bf90
npuchk: [_ZN6npuchk13vconv_s162f32EPfPshtthhbb] -> (nil)
npuchk: [_ZN6npuchk13vconv_s162f32EPfPshtttt] -> 0xffffad23c21c
npuchk: [_ZN6npuchk13vconv_s322f32EPfPim] -> 0xffffad23c600
npuchk: [_ZN6npuchk13vconv_s322f32EPfPihtthh] -> 0xffffad23c88c
npuchk: [_ZN6npuchk13vconv_s322f32EPfPihtthhbb] -> 0xffffad2f748c
npuchk: [_ZN6npuchk13vconv_s322f32EPfPihtttt] -> 0xffffad23cc5c
npuchk: [_ZN6npuchk14vconv_s322f32aEPfPihtttt] -> 0xffffad23d040
npuchk: [_ZN6npuchk14vconv_s322f32aEPfPim] -> 0xffffad23d428
npuchk: [_ZN6npuchk14vconv_s322f32cEPfPihtttt] -> 0xffffad23d6b8
npuchk: [_ZN6npuchk14vconv_s322f32cEPfPim] -> 0xffffad23daa0
npuchk: [_ZN6npuchk14vconv_s322f32fEPfPihtttt] -> 0xffffad23dd30
npuchk: [_ZN6npuchk14vconv_s322f32fEPfPim] -> 0xffffad23e118
npuchk: [_ZN6npuchk14vconv_s322f32rEPfPihtttt] -> 0xffffad23e3a8
npuchk: [_ZN6npuchk14vconv_s322f32rEPfPim] -> 0xffffad23e78c
npuchk: [_ZN6npuchk14vconv_s322f32zEPfPihtttt] -> 0xffffad23ea18
npuchk: [_ZN6npuchk14vconv_s322f32zEPfPim] -> 0xffffad23ee00
npuchk: [_ZN6npuchk13vconv_s322s16EPsPihtttt] -> 0xffffad23f090
npuchk: [_ZN6npuchk13vconv_s322s16EPsPim] -> 0xffffad23f478
npuchk: [_ZN6npuchk13vconv_s322s64EPlPihtttt] -> 0xffffad23f708
npuchk: [_ZN6npuchk13vconv_s322s64EPlPim] -> 0xffffad23faf0
npuchk: [_ZN6npuchk12vconv_s42f16EPN7float165Fp16TEPvhtthh] -> 0xffffad23fd80
npuchk: [_ZN6npuchk12vconv_s42f16EPN7float165Fp16TEPvm] -> 0xffffad240154
npuchk: [_ZN6npuchk14vconv_s642f32aEPfPlhtttt] -> 0xffffad2403e4
npuchk: [_ZN6npuchk14vconv_s642f32aEPfPlm] -> 0xffffad2407cc
npuchk: [_ZN6npuchk14vconv_s642f32cEPfPlhtttt] -> 0xffffad240a5c
npuchk: [_ZN6npuchk14vconv_s642f32cEPfPlm] -> 0xffffad240e44
npuchk: [_ZN6npuchk14vconv_s642f32fEPfPlhtttt] -> 0xffffad2410d4
npuchk: [_ZN6npuchk14vconv_s642f32fEPfPlm] -> 0xffffad2414bc
npuchk: [_ZN6npuchk14vconv_s642f32rEPfPlhtttt] -> 0xffffad24174c
npuchk: [_ZN6npuchk14vconv_s642f32rEPfPlm] -> 0xffffad241b30
npuchk: [_ZN6npuchk14vconv_s642f32zEPfPlhtttt] -> 0xffffad241dbc
npuchk: [_ZN6npuchk14vconv_s642f32zEPfPlm] -> 0xffffad2421a4
npuchk: [_ZN6npuchk13vconv_s642s32EPiPlhtttt] -> 0xffffad242434
npuchk: [_ZN6npuchk13vconv_s642s32EPiPlm] -> 0xffffad24281c
npuchk: [_ZN6npuchk12vconv_s82f16EPN7float165Fp16TEPam] -> 0xffffad242aac
npuchk: [_ZN6npuchk12vconv_s82f16EPN7float165Fp16TEPahtthh] -> 0xffffad242d3c
npuchk: [_ZN6npuchk12vconv_s82f16EPN7float165Fp16TEPahtthhbb] -> 0xffffad2f78ec
npuchk: [_ZN6npuchk12vconv_s82f16EPN7float165Fp16TEPahtttt] -> 0xffffad243110
npuchk: [_ZN6npuchk12vconv_u82f16EPN7float165Fp16TEPhm] -> 0xffffad2434f8
npuchk: [_ZN6npuchk12vconv_u82f16EPN7float165Fp16TEPhhtthh] -> 0xffffad243788
npuchk: [_ZN6npuchk12vconv_u82f16EPN7float165Fp16TEPhhtthhbb] -> 0xffffad2f7d4c
npuchk: [_ZN6npuchk12vconv_u82f16EPN7float165Fp16TEPhhtttt] -> 0xffffad243b5c
npuchk: [_ZN6npuchk16vconv_vdeqs162b8EPaPsmb] -> 0xffffad2f81ac
npuchk: [_ZN6npuchk16vconv_vdeqs162b8EPaPshtthhbbb] -> 0xffffad2f849c
npuchk: [_ZN6npuchk16vconv_vdeqs162b8EPhPsmb] -> 0xffffad2f8958
npuchk: [_ZN6npuchk16vconv_vdeqs162b8EPhPshtthhbbb] -> 0xffffad2f8c48
npuchk: [_ZN6npuchk17vconv_vdeqs162b8hEPaPshtthh] -> 0xffffad243f44
npuchk: [_ZN6npuchk17vconv_vdeqs162b8hEPaPsm] -> 0xffffad244318
npuchk: [_ZN6npuchk17vconv_vdeqs162b8hEPhPshtthh] -> 0xffffad2445a8
npuchk: [_ZN6npuchk17vconv_vdeqs162b8hEPhPsm] -> 0xffffad24497c
npuchk: [_ZN6npuchk17vconv_vdeqs162b8lEPaPshtthh] -> 0xffffad244c0c
npuchk: [_ZN6npuchk17vconv_vdeqs162b8lEPaPsm] -> 0xffffad244fe0
npuchk: [_ZN6npuchk17vconv_vdeqs162b8lEPhPshtthh] -> 0xffffad245270
npuchk: [_ZN6npuchk17vconv_vdeqs162b8lEPhPsm] -> 0xffffad245644
npuchk: [_ZN6npuchk4vcvtERA128_N7float165Fp16TEPhh7Literal] -> (nil)
npuchk: [_ZN6npuchk4vcvtERA128_N7float165Fp16TEPah7Literal] -> (nil)
npuchk: [_ZN6npuchk4vcvtERA64_fPN7float165Fp16TEh7Literal] -> (nil)
npuchk: [_ZN6npuchk4vcvtERA64_iPN7float165Fp16TEh7LiteralS5_] -> (nil)
npuchk: [_ZN6npuchk4vcvtERA64_fPN8bfloat165Bf16TEh7Literal] -> (nil)
npuchk: [_ZN6npuchk4vcvtERA64_iPN8bfloat165Bf16TEh7LiteralS5_S5_] -> (nil)
npuchk: [_ZN6npuchk4vcvtERA64_fPsh7Literal] -> (nil)
npuchk: [_ZN6npuchk4vcvtERA32_lPfh7LiteralS3_S3_] -> (nil)
npuchk: [_ZN6npuchk4vcvtERA32_lPih7Literal] -> (nil)
npuchk: [_ZN6npuchk4vcvtERA256_hPN7float165Fp16TEh7LiteralS5_S5_] -> (nil)
npuchk: [_ZN6npuchk4vcvtERA256_aPN7float165Fp16TEh7LiteralS5_S5_] -> (nil)
npuchk: [_ZN6npuchk4vcvtERA128_N7float165Fp16TEPfh7LiteralS5_S5_] -> (nil)
npuchk: [_ZN6npuchk4vcvtERA128_N8bfloat165Bf16TEPfh7LiteralS5_S5_] -> (nil)
npuchk: [_ZN6npuchk4vcvtERA128_sPfh7LiteralS3_S3_] -> (nil)
npuchk: [_ZN6npuchk4vcvtERA128_sPih7LiteralS3_] -> (nil)
npuchk: [_ZN6npuchk4vcvtERA64_iPlh7LiteralS3_] -> (nil)
npuchk: [_ZN6npuchk4vcvtERA64_fPlh7LiteralS3_] -> (nil)
npuchk: [_ZN6npuchk4vcvtERA128_sPN7float165Fp16TEh7LiteralS5_] -> (nil)
npuchk: [_ZN6npuchk4vcvtERA128_N7float165Fp16TEPsh7Literal] -> (nil)
npuchk: [_ZN6npuchk4vcvtERA64_iPfh7LiteralS3_] -> (nil)
npuchk: [_ZN6npuchk4vcvtERA64_fPih7Literal] -> (nil)
npuchk: [_ZN6npuchk4vtrcERA64_fPf7Literalh] -> (nil)
npuchk: [_ZN6npuchk5vcopyEPsS0_m] -> 0xffffad2458d4
npuchk: [_ZN6npuchk5vcopyEPsS0_htttt] -> 0xffffad245b64
npuchk: [_ZN6npuchk5vcopyEPiS0_m] -> 0xffffad245f4c
npuchk: [_ZN6npuchk5vcopyEPiS0_htttt] -> 0xffffad2461dc
npuchk: [_ZN6npuchk5vcopyEPtS0_m] -> 0xffffad2465c4
npuchk: [_ZN6npuchk5vcopyEPtS0_htttt] -> 0xffffad246854
npuchk: [_ZN6npuchk5vcopyEPjS0_m] -> 0xffffad246c3c
npuchk: [_ZN6npuchk5vcopyEPjS0_htttt] -> 0xffffad246ecc
npuchk: [_ZN6npuchk6vcpaddEPN7float165Fp16TES2_m] -> 0xffffad2472b4
npuchk: [_ZN6npuchk6vcpaddEPN7float165Fp16TES2_httt] -> 0xffffad247544
npuchk: [_ZN6npuchk6vcpaddEPN7float165Fp16TES2_htttbb] -> 0xffffad2f9104
npuchk: [_ZN6npuchk6vcpaddEPfS0_m] -> 0xffffad2478b8
npuchk: [_ZN6npuchk6vcpaddEPfS0_httt] -> 0xffffad247b48
npuchk: [_ZN6npuchk6vcpaddEPfS0_htttbb] -> 0xffffad2f9508
npuchk: [_ZN6npuchk4vdivEPN7float165Fp16TES2_S2_m] -> 0xffffad247ebc
npuchk: [_ZN6npuchk4vdivEPN7float165Fp16TES2_S2_hhhhhhh] -> 0xffffad2481a8
npuchk: [_ZN6npuchk4vdivEPN7float165Fp16TES2_S2_hhhhhhhbb] -> 0xffffad2f990c
npuchk: [_ZN6npuchk4vdivEPfS0_S0_m] -> 0xffffad248690
npuchk: [_ZN6npuchk4vdivEPfS0_S0_hhhhhhh] -> 0xffffad24897c
npuchk: [_ZN6npuchk4vdivEPfS0_S0_hhhhhhhbb] -> 0xffffad2f9e7c
npuchk: [_ZN6npuchk3vdpEPsS0_S0_m] -> (nil)
npuchk: [_ZN6npuchk3vdpEPsS0_S0_thttbbb] -> (nil)
npuchk: [_ZN6npuchk10vector_dupEPN7float165Fp16TES1_m] -> 0xffffad248e64
npuchk: [_ZN6npuchk10vector_dupEPN7float165Fp16TES1_htthh] -> 0xffffad2490fc
npuchk: [_ZN6npuchk10vector_dupEPN7float165Fp16TES1_htthhbb] -> 0xffffad2fa3ec
npuchk: [_ZN6npuchk10vector_dupEPN7float165Fp16TES1_htttt] -> 0xffffad2494d8
npuchk: [_ZN6npuchk10vector_dupEPffm] -> 0xffffad2498c8
npuchk: [_ZN6npuchk10vector_dupEPffhtthh] -> 0xffffad249b54
npuchk: [_ZN6npuchk10vector_dupEPffhtthhbb] -> 0xffffad2fa854
npuchk: [_ZN6npuchk10vector_dupEPffhtttt] -> 0xffffad249f24
npuchk: [_ZN6npuchk10vector_dupEPssm] -> 0xffffad24a308
npuchk: [_ZN6npuchk10vector_dupEPsshtthh] -> 0xffffad24a58c
npuchk: [_ZN6npuchk10vector_dupEPsshtthhbb] -> 0xffffad2facb4
npuchk: [_ZN6npuchk10vector_dupEPsshtttt] -> 0xffffad24a954
npuchk: [_ZN6npuchk10vector_dupEPiim] -> 0xffffad24ad30
npuchk: [_ZN6npuchk10vector_dupEPiihtthh] -> 0xffffad24afb4
npuchk: [_ZN6npuchk10vector_dupEPiihtthhbb] -> 0xffffad2fb108
npuchk: [_ZN6npuchk10vector_dupEPiihtttt] -> 0xffffad24b37c
npuchk: [_ZN6npuchk10vector_dupEPttm] -> 0xffffad24b758
npuchk: [_ZN6npuchk10vector_dupEPtthtthh] -> 0xffffad24b9dc
npuchk: [_ZN6npuchk10vector_dupEPtthtthhbb] -> 0xffffad2fb55c
npuchk: [_ZN6npuchk10vector_dupEPtthtttt] -> 0xffffad24bda4
npuchk: [_ZN6npuchk10vector_dupEPjjm] -> 0xffffad24c180
npuchk: [_ZN6npuchk10vector_dupEPjjhtthh] -> 0xffffad24c404
npuchk: [_ZN6npuchk10vector_dupEPjjhtthhbb] -> 0xffffad2fb9b0
npuchk: [_ZN6npuchk10vector_dupEPjjhtttt] -> 0xffffad24c7cc
npuchk: [_ZN6npuchk10vector_dupEPN8bfloat165Bf16TES1_m] -> (nil)
npuchk: [_ZN6npuchk10vector_dupEPN8bfloat165Bf16TES1_htthh] -> (nil)
npuchk: [_ZN6npuchk4vexpEPN7float165Fp16TES2_m] -> 0xffffad24cba8
npuchk: [_ZN6npuchk4vexpEPN7float165Fp16TES2_htthh] -> 0xffffad24ce38
npuchk: [_ZN6npuchk4vexpEPN7float165Fp16TES2_htthhbb] -> 0xffffad2fbe04
npuchk: [_ZN6npuchk4vexpEPN7float165Fp16TES2_htttt] -> 0xffffad24d20c
npuchk: [_ZN6npuchk4vexpEPfS0_m] -> 0xffffad24d5f4
npuchk: [_ZN6npuchk4vexpEPfS0_htthh] -> 0xffffad24d884
npuchk: [_ZN6npuchk4vexpEPfS0_htthhbb] -> 0xffffad2fc264
npuchk: [_ZN6npuchk4vexpEPfS0_htttt] -> 0xffffad24dc58
npuchk: [_ZN6npuchk8vextractEPN7float165Fp16TES2_m] -> 0xffffad2fc6c4
npuchk: [_ZN6npuchk8vextractEPN7float165Fp16TES2_hh] -> 0xffffad2fc954
npuchk: [_ZN6npuchk8vextractEPN7float165Fp16TES2_htthh] -> (nil)
npuchk: [_ZN6npuchk8vextractEPN7float165Fp16TES2_htthhbb] -> (nil)
npuchk: [_ZN6npuchk8vextractEPfS0_m] -> 0xffffad2fcc48
npuchk: [_ZN6npuchk8vextractEPfS0_hh] -> (nil)
npuchk: [_ZN6npuchk8vextractEPfS0_htthh] -> (nil)
npuchk: [_ZN6npuchk8vextractEPfS0_htthhbb] -> (nil)
npuchk: [_ZN6npuchk7vgatherEPtPjm] -> 0xffffad24e040
npuchk: [_ZN6npuchk7vgatherEPtPjjb] -> 0xffffad2fced8
npuchk: [_ZN6npuchk7vgatherEPtPjjth] -> 0xffffad24e2c8
npuchk: [_ZN6npuchk7vgatherEPjS0_m] -> 0xffffad24e618
npuchk: [_ZN6npuchk7vgatherEPjS0_jb] -> 0xffffad2fd1a8
npuchk: [_ZN6npuchk7vgatherEPjS0_jth] -> 0xffffad24e8a0
npuchk: [_ZN6npuchk8vgatherbEPtPjm] -> 0xffffad24ebf0
npuchk: [_ZN6npuchk8vgatherbEPtPjjthh] -> 0xffffad24ee78
npuchk: [_ZN6npuchk8vgatherbEPjS0_m] -> 0xffffad24f21c
npuchk: [_ZN6npuchk8vgatherbEPjS0_jthh] -> 0xffffad24f4a4
npuchk: [_ZN6npuchk4viouEPN7float165Fp16TES2_S2_m] -> 0xffffad2fd478
npuchk: [_ZN6npuchk4viouEPN7float165Fp16TES2_S2_hhhhhhh] -> (nil)
npuchk: [_ZN6npuchk4viouEPN7float165Fp16TES2_S2_hhhhhhhbb] -> (nil)
npuchk: [_ZN6npuchk4viouEPfS0_S0_m] -> 0xffffad2fd76c
npuchk: [_ZN6npuchk4viouEPfS0_S0_hhhhhhh] -> (nil)
npuchk: [_ZN6npuchk4viouEPfS0_S0_hhhhhhhbb] -> (nil)
npuchk: [_ZN6npuchk10vld_va_regE10ub_addr8_tPm7vpart_t] -> 0xffffad24f848
npuchk: [_ZN6npuchk3vlnEPN7float165Fp16TES2_m] -> 0xffffad24fa24
npuchk: [_ZN6npuchk3vlnEPN7float165Fp16TES2_htthh] -> 0xffffad24fcb4
npuchk: [_ZN6npuchk3vlnEPN7float165Fp16TES2_htthhbb] -> 0xffffad2fda60
npuchk: [_ZN6npuchk3vlnEPN7float165Fp16TES2_htttt] -> 0xffffad250088
npuchk: [_ZN6npuchk3vlnEPfS0_m] -> 0xffffad250470
npuchk: [_ZN6npuchk3vlnEPfS0_htthh] -> 0xffffad250700
npuchk: [_ZN6npuchk3vlnEPfS0_htthhbb] -> 0xffffad2fdec0
npuchk: [_ZN6npuchk3vlnEPfS0_htttt] -> 0xffffad250ad4
npuchk: [_ZN6npuchk6vlreluEPN7float165Fp16TES2_S1_m] -> 0xffffad250ebc
npuchk: [_ZN6npuchk6vlreluEPN7float165Fp16TES2_S1_htthhbb] -> 0xffffad2fe320
npuchk: [_ZN6npuchk6vlreluEPN7float165Fp16TES2_S1_htttt] -> 0xffffad2511b4
npuchk: [_ZN6npuchk6vlreluEPfS0_fm] -> 0xffffad251604
npuchk: [_ZN6npuchk6vlreluEPfS0_fhtthhbb] -> 0xffffad2fe7e4
npuchk: [_ZN6npuchk6vlreluEPfS0_fhtttt] -> 0xffffad2518f0
npuchk: [_ZN6npuchk5vmaddEPN7float165Fp16TES2_S2_m] -> 0xffffad251d34
npuchk: [_ZN6npuchk5vmaddEPN7float165Fp16TES2_S2_hhhhhhh] -> 0xffffad252020
npuchk: [_ZN6npuchk5vmaddEPN7float165Fp16TES2_S2_hhhhhhhbb] -> 0xffffad2feca0
npuchk: [_ZN6npuchk5vmaddEPfS0_S0_m] -> 0xffffad252508
npuchk: [_ZN6npuchk5vmaddEPfS0_S0_hhhhhhh] -> 0xffffad2527f4
npuchk: [_ZN6npuchk5vmaddEPfS0_S0_hhhhhhhbb] -> 0xffffad2ff210
npuchk: [_ZN6npuchk9vmaddreluEPN7float165Fp16TES2_S2_m] -> 0xffffad252cdc
npuchk: [_ZN6npuchk9vmaddreluEPN7float165Fp16TES2_S2_hhhhhhh] -> 0xffffad252fcc
npuchk: [_ZN6npuchk9vmaddreluEPN7float165Fp16TES2_S2_hhhhhhhbb] -> 0xffffad2ff780
npuchk: [_ZN6npuchk9vmaddreluEPfS0_S0_m] -> 0xffffad2534b8
npuchk: [_ZN6npuchk9vmaddreluEPfS0_S0_hhhhhhh] -> 0xffffad2537a8
npuchk: [_ZN6npuchk9vmaddreluEPfS0_S0_hhhhhhhbb] -> 0xffffad2ffcf4
npuchk: [_ZN6npuchk4vmaxEPN7float165Fp16TES2_S2_m] -> 0xffffad253c94
npuchk: [_ZN6npuchk4vmaxEPN7float165Fp16TES2_S2_hhhhhhh] -> 0xffffad253f80
npuchk: [_ZN6npuchk4vmaxEPN7float165Fp16TES2_S2_hhhhhhhbb] -> 0xffffad300268
npuchk: [_ZN6npuchk4vmaxEPfS0_S0_m] -> 0xffffad254468
npuchk: [_ZN6npuchk4vmaxEPfS0_S0_hhhhhhh] -> 0xffffad254754
npuchk: [_ZN6npuchk4vmaxEPfS0_S0_hhhhhhhbb] -> 0xffffad3007d8
npuchk: [_ZN6npuchk4vmaxEPsS0_S0_m] -> 0xffffad254c3c
npuchk: [_ZN6npuchk4vmaxEPsS0_S0_hhhhhhh] -> 0xffffad254f28
npuchk: [_ZN6npuchk4vmaxEPsS0_S0_hhhhhhhbb] -> 0xffffad300d48
npuchk: [_ZN6npuchk4vmaxEPiS0_S0_m] -> 0xffffad255410
npuchk: [_ZN6npuchk4vmaxEPiS0_S0_hhhhhhh] -> 0xffffad2556fc
npuchk: [_ZN6npuchk4vmaxEPiS0_S0_hhhhhhhbb] -> 0xffffad3012b8
npuchk: [_ZN6npuchk5vmaxsEPN7float165Fp16TES2_S1_m] -> 0xffffad255be4
npuchk: [_ZN6npuchk5vmaxsEPN7float165Fp16TES2_S1_htthhbb] -> 0xffffad255edc
npuchk: [_ZN6npuchk5vmaxsEPN7float165Fp16TES2_S1_htttt] -> 0xffffad2563a0
npuchk: [_ZN6npuchk5vmaxsEPfS0_fm] -> 0xffffad2567f0
npuchk: [_ZN6npuchk5vmaxsEPfS0_fhtthhbb] -> 0xffffad256adc
npuchk: [_ZN6npuchk5vmaxsEPfS0_fhtttt] -> 0xffffad256f98
npuchk: [_ZN6npuchk5vmaxsEPsS0_sm] -> 0xffffad2573dc
npuchk: [_ZN6npuchk5vmaxsEPsS0_shtthhbb] -> 0xffffad2576c0
npuchk: [_ZN6npuchk5vmaxsEPsS0_shtttt] -> 0xffffad257b70
npuchk: [_ZN6npuchk5vmaxsEPiS0_im] -> 0xffffad257fac
npuchk: [_ZN6npuchk5vmaxsEPiS0_ihtthhbb] -> 0xffffad258290
npuchk: [_ZN6npuchk5vmaxsEPiS0_ihtttt] -> 0xffffad258740
npuchk: [_ZN6npuchk8vmergechEPhS0_m] -> 0xffffad301828
npuchk: [_ZN6npuchk8vmergechEPhS0_htthh] -> (nil)
npuchk: [_ZN6npuchk8vmergechEPhS0_htthhbb] -> (nil)
npuchk: [_ZN6npuchk8vmergechEPN7float165Fp16TES2_m] -> 0xffffad301abc
npuchk: [_ZN6npuchk8vmergechEPN7float165Fp16TES2_htthh] -> (nil)
npuchk: [_ZN6npuchk8vmergechEPN7float165Fp16TES2_htthhbb] -> (nil)
npuchk: [_ZN6npuchk4vminEPN7float165Fp16TES2_S2_m] -> 0xffffad258b7c
npuchk: [_ZN6npuchk4vminEPN7float165Fp16TES2_S2_hhhhhhh] -> 0xffffad258e6c
npuchk: [_ZN6npuchk4vminEPN7float165Fp16TES2_S2_hhhhhhhbb] -> 0xffffad259358
npuchk: [_ZN6npuchk4vminEPfS0_S0_m] -> 0xffffad2598cc
npuchk: [_ZN6npuchk4vminEPfS0_S0_hhhhhhh] -> 0xffffad259bbc
npuchk: [_ZN6npuchk4vminEPfS0_S0_hhhhhhhbb] -> 0xffffad25a0a8
npuchk: [_ZN6npuchk4vminEPsS0_S0_m] -> 0xffffad25a61c
npuchk: [_ZN6npuchk4vminEPsS0_S0_hhhhhhh] -> 0xffffad25a90c
npuchk: [_ZN6npuchk4vminEPsS0_S0_hhhhhhhbb] -> 0xffffad25adf8
npuchk: [_ZN6npuchk4vminEPiS0_S0_m] -> 0xffffad25b36c
npuchk: [_ZN6npuchk4vminEPiS0_S0_hhhhhhh] -> 0xffffad25b65c
npuchk: [_ZN6npuchk4vminEPiS0_S0_hhhhhhhbb] -> 0xffffad25bb48
npuchk: [_ZN6npuchk5vminsEPN7float165Fp16TES2_S1_m] -> 0xffffad25c0bc
npuchk: [_ZN6npuchk5vminsEPN7float165Fp16TES2_S1_htthhbb] -> 0xffffad25c3b8
npuchk: [_ZN6npuchk5vminsEPN7float165Fp16TES2_S1_htttt] -> 0xffffad25c880
npuchk: [_ZN6npuchk5vminsEPfS0_fm] -> 0xffffad25ccd4
npuchk: [_ZN6npuchk5vminsEPfS0_fhtthhbb] -> 0xffffad25cfc4
npuchk: [_ZN6npuchk5vminsEPfS0_fhtttt] -> 0xffffad25d484
npuchk: [_ZN6npuchk5vminsEPsS0_sm] -> 0xffffad25d8cc
npuchk: [_ZN6npuchk5vminsEPsS0_shtthhbb] -> 0xffffad25dbb4
npuchk: [_ZN6npuchk5vminsEPsS0_shtttt] -> 0xffffad25e068
npuchk: [_ZN6npuchk5vminsEPiS0_im] -> 0xffffad25e4a8
npuchk: [_ZN6npuchk5vminsEPiS0_ihtthhbb] -> 0xffffad25e790
npuchk: [_ZN6npuchk5vminsEPiS0_ihtttt] -> 0xffffad25ec44
npuchk: [_ZN6npuchk4vmlaEPN7float165Fp16TES2_S2_m] -> 0xffffad25f084
npuchk: [_ZN6npuchk4vmlaEPN7float165Fp16TES2_S2_hhhhhhh] -> 0xffffad25f374
npuchk: [_ZN6npuchk4vmlaEPN7float165Fp16TES2_S2_hhhhhhhbb] -> 0xffffad25f860
npuchk: [_ZN6npuchk4vmlaEPfS0_S0_m] -> 0xffffad25fdd4
npuchk: [_ZN6npuchk4vmlaEPfS0_S0_hhhhhhh] -> 0xffffad2600c4
npuchk: [_ZN6npuchk4vmlaEPfS0_S0_hhhhhhhbb] -> 0xffffad2605b0
npuchk: [_ZN6npuchk4vmlaEPfPN7float165Fp16TES3_m] -> 0xffffad260b24
npuchk: [_ZN6npuchk4vmlaEPfPN7float165Fp16TES3_hhhhhhh] -> 0xffffad260e14
npuchk: [_ZN6npuchk4vmlaEPfPN7float165Fp16TES3_hhhhhhhbb] -> 0xffffad261300
npuchk: [_ZN6npuchk9vmrgsort4EPN7float165Fp16TEPS2_m] -> 0xffffad301d50
npuchk: [_ZN6npuchk9vmrgsort4EPfPS0_m] -> 0xffffad301f18
npuchk: [_ZN6npuchk9vmrgsort4EPN7float165Fp16TEPS2_mm] -> 0xffffad261874
npuchk: [_ZN6npuchk9vmrgsort4EPfPS0_mm] -> 0xffffad261a78
npuchk: [_ZN6npuchk4vmulEPN7float165Fp16TES2_S2_m] -> 0xffffad261c7c
npuchk: [_ZN6npuchk4vmulEPN7float165Fp16TES2_S2_hhhhhhh] -> 0xffffad261f68
npuchk: [_ZN6npuchk4vmulEPN7float165Fp16TES2_S2_hhhhhhhbb] -> 0xffffad262450
npuchk: [_ZN6npuchk4vmulEPfS0_S0_m] -> 0xffffad2629c0
npuchk: [_ZN6npuchk4vmulEPfS0_S0_hhhhhhh] -> 0xffffad262cac
npuchk: [_ZN6npuchk4vmulEPfS0_S0_hhhhhhhbb] -> 0xffffad263194
npuchk: [_ZN6npuchk4vmulEPsS0_S0_m] -> 0xffffad263704
npuchk: [_ZN6npuchk4vmulEPsS0_S0_hhhhhhh] -> 0xffffad2639f0
npuchk: [_ZN6npuchk4vmulEPsS0_S0_hhhhhhhbb] -> 0xffffad263ed8
npuchk: [_ZN6npuchk4vmulEPiS0_S0_m] -> 0xffffad264448
npuchk: [_ZN6npuchk4vmulEPiS0_S0_hhhhhhh] -> 0xffffad264734
npuchk: [_ZN6npuchk4vmulEPiS0_S0_hhhhhhhbb] -> 0xffffad264c1c
npuchk: [_ZN6npuchk15vmulconv_f162s8EPaPN7float165Fp16TES3_m] -> 0xffffad26518c
npuchk: [_ZN6npuchk15vmulconv_f162s8EPaPN7float165Fp16TES3_hhhhhhh] -> 0xffffad26547c
npuchk: [_ZN6npuchk15vmulconv_f162s8EPaPN7float165Fp16TES3_hhhhhhhbb] -> 0xffffad3020e0
npuchk: [_ZN6npuchk15vmulconv_f162u8EPhPN7float165Fp16TES3_m] -> 0xffffad265968
npuchk: [_ZN6npuchk15vmulconv_f162u8EPhPN7float165Fp16TES3_hhhhhhh] -> 0xffffad265c58
npuchk: [_ZN6npuchk15vmulconv_f162u8EPhPN7float165Fp16TES3_hhhhhhhbb] -> 0xffffad302654
npuchk: [_ZN6npuchk5vmulsEPN7float165Fp16TES2_S1_m] -> 0xffffad266144
npuchk: [_ZN6npuchk5vmulsEPN7float165Fp16TES2_S1_htthh] -> 0xffffad266440
npuchk: [_ZN6npuchk5vmulsEPN7float165Fp16TES2_S1_htthhbb] -> 0xffffad302bc8
npuchk: [_ZN6npuchk5vmulsEPN7float165Fp16TES2_S1_htttt] -> 0xffffad266880
npuchk: [_ZN6npuchk5vmulsEPfS0_fm] -> 0xffffad266cd4
npuchk: [_ZN6npuchk5vmulsEPfS0_fhtthh] -> 0xffffad266fc4
npuchk: [_ZN6npuchk5vmulsEPfS0_fhtthhbb] -> 0xffffad303090
npuchk: [_ZN6npuchk5vmulsEPfS0_fhtttt] -> 0xffffad2673f8
npuchk: [_ZN6npuchk5vmulsEPsS0_sm] -> 0xffffad267840
npuchk: [_ZN6npuchk5vmulsEPsS0_shtthh] -> 0xffffad267b28
npuchk: [_ZN6npuchk5vmulsEPsS0_shtthhbb] -> 0xffffad303550
npuchk: [_ZN6npuchk5vmulsEPsS0_shtttt] -> 0xffffad267f54
npuchk: [_ZN6npuchk5vmulsEPiS0_im] -> 0xffffad268394
npuchk: [_ZN6npuchk5vmulsEPiS0_ihtthh] -> 0xffffad26867c
npuchk: [_ZN6npuchk5vmulsEPiS0_ihtthhbb] -> 0xffffad303a04
npuchk: [_ZN6npuchk5vmulsEPiS0_ihtttt] -> 0xffffad268aa8
npuchk: [_ZN6npuchk4vnotEPsS0_m] -> 0xffffad268ee8
npuchk: [_ZN6npuchk4vnotEPsS0_htthh] -> 0xffffad269178
npuchk: [_ZN6npuchk4vnotEPsS0_htthhbb] -> 0xffffad303eb8
npuchk: [_ZN6npuchk4vnotEPsS0_htttt] -> 0xffffad26954c
npuchk: [_ZN6npuchk4vnotEPtS0_m] -> 0xffffad269934
npuchk: [_ZN6npuchk4vnotEPtS0_htthh] -> 0xffffad269bc4
npuchk: [_ZN6npuchk4vnotEPtS0_htthhbb] -> 0xffffad304318
npuchk: [_ZN6npuchk4vnotEPtS0_htttt] -> 0xffffad269f98
npuchk: [_ZN6npuchk3vorEPsS0_S0_m] -> 0xffffad26a380
npuchk: [_ZN6npuchk3vorEPsS0_S0_hhhhhhh] -> 0xffffad26a66c
npuchk: [_ZN6npuchk3vorEPsS0_S0_hhhhhhhbb] -> 0xffffad26ab54
npuchk: [_ZN6npuchk3vorEPtS0_S0_m] -> 0xffffad26b0c4
npuchk: [_ZN6npuchk3vorEPtS0_S0_hhhhhhh] -> 0xffffad26b3b0
npuchk: [_ZN6npuchk3vorEPtS0_S0_hhhhhhhbb] -> 0xffffad26b898
npuchk: [_ZN6npuchk8vpaddingEPtS0_m] -> 0xffffad304778
npuchk: [_ZN6npuchk8vpaddingEPtS0_htthhbbhb] -> 0xffffad304a08
npuchk: [_ZN6npuchk8vpaddingEPjS0_m] -> 0xffffad304efc
npuchk: [_ZN6npuchk8vpaddingEPjS0_htthhbbhb] -> 0xffffad30518c
npuchk: [_ZN6npuchk4vrecEPN7float165Fp16TES2_m] -> 0xffffad26be08
npuchk: [_ZN6npuchk4vrecEPN7float165Fp16TES2_htthh] -> 0xffffad26c098
npuchk: [_ZN6npuchk4vrecEPN7float165Fp16TES2_htthhbb] -> 0xffffad305680
npuchk: [_ZN6npuchk4vrecEPN7float165Fp16TES2_htttt] -> 0xffffad26c46c
npuchk: [_ZN6npuchk4vrecEPfS0_m] -> 0xffffad26c854
npuchk: [_ZN6npuchk4vrecEPfS0_htthh] -> 0xffffad26cae4
npuchk: [_ZN6npuchk4vrecEPfS0_htthhbb] -> 0xffffad305ae0
npuchk: [_ZN6npuchk4vrecEPfS0_htttt] -> 0xffffad26ceb8
npuchk: [_ZN6npuchk7vreduceEPtS0_S0_m] -> 0xffffad26d2a0
npuchk: [_ZN6npuchk7vreduceEPtS0_S0_hhhhhhh] -> 0xffffad26d590
npuchk: [_ZN6npuchk7vreduceEPtS0_S0_hhhhh] -> 0xffffad26da7c
npuchk: [_ZN6npuchk7vreduceEPjS0_S0_m] -> 0xffffad26decc
npuchk: [_ZN6npuchk7vreduceEPjS0_S0_hhhhhhh] -> 0xffffad26e1bc
npuchk: [_ZN6npuchk7vreduceEPjS0_S0_hhhhh] -> 0xffffad26e6a8
npuchk: [_ZN6npuchk9vreducev2EPtS0_S0_m] -> 0xffffad26eaf8
npuchk: [_ZN6npuchk9vreducev2EPtS0_S0_thhth] -> 0xffffad26ede8
npuchk: [_ZN6npuchk9vreducev2EPjS0_S0_m] -> 0xffffad26f100
npuchk: [_ZN6npuchk9vreducev2EPjS0_S0_thhth] -> 0xffffad26f3f0
npuchk: [_ZN6npuchk5vreluEPN7float165Fp16TES2_m] -> 0xffffad26f708
npuchk: [_ZN6npuchk5vreluEPN7float165Fp16TES2_htthh] -> 0xffffad26f998
npuchk: [_ZN6npuchk5vreluEPN7float165Fp16TES2_htthhbb] -> 0xffffad305f40
npuchk: [_ZN6npuchk5vreluEPN7float165Fp16TES2_htttt] -> 0xffffad26fd6c
npuchk: [_ZN6npuchk5vreluEPfS0_m] -> 0xffffad270154
npuchk: [_ZN6npuchk5vreluEPfS0_htthh] -> 0xffffad2703e4
npuchk: [_ZN6npuchk5vreluEPfS0_htthhbb] -> 0xffffad3063a0
npuchk: [_ZN6npuchk5vreluEPfS0_htttt] -> 0xffffad2707b8
npuchk: [_ZN6npuchk5vreluEPiS0_m] -> 0xffffad270ba0
npuchk: [_ZN6npuchk5vreluEPiS0_htthh] -> 0xffffad270e30
npuchk: [_ZN6npuchk5vreluEPiS0_htthhbb] -> 0xffffad306800
npuchk: [_ZN6npuchk5vreluEPiS0_htttt] -> 0xffffad271204
npuchk: [_ZN6npuchk5vrpacEPN7float165Fp16TES2_m] -> 0xffffad306c60
npuchk: [_ZN6npuchk5vrpacEPN7float165Fp16TES2_htthh] -> (nil)
npuchk: [_ZN6npuchk5vrpacEPN7float165Fp16TES2_htthhbb] -> (nil)
npuchk: [_ZN6npuchk5vrpacEPfS0_m] -> 0xffffad306ef4
npuchk: [_ZN6npuchk5vrpacEPfS0_htthh] -> (nil)
npuchk: [_ZN6npuchk5vrpacEPfS0_htthhbb] -> (nil)
npuchk: [_ZN6npuchk6vrsqrtEPN7float165Fp16TES2_m] -> 0xffffad2715ec
npuchk: [_ZN6npuchk6vrsqrtEPN7float165Fp16TES2_htthh] -> 0xffffad27187c
npuchk: [_ZN6npuchk6vrsqrtEPN7float165Fp16TES2_htthhbb] -> 0xffffad307188
npuchk: [_ZN6npuchk6vrsqrtEPN7float165Fp16TES2_htttt] -> 0xffffad271c50
npuchk: [_ZN6npuchk6vrsqrtEPfS0_m] -> 0xffffad272038
npuchk: [_ZN6npuchk6vrsqrtEPfS0_htthh] -> 0xffffad2722c8
npuchk: [_ZN6npuchk6vrsqrtEPfS0_htthhbb] -> 0xffffad3075e8
npuchk: [_ZN6npuchk6vrsqrtEPfS0_htttt] -> 0xffffad27269c
npuchk: [_ZN6npuchk8vscatterEPjPtm] -> 0xffffad307a48
npuchk: [_ZN6npuchk8vscatterEPjPtjb] -> 0xffffad307cd0
npuchk: [_ZN6npuchk8vscatterEPjS0_m] -> 0xffffad307fa0
npuchk: [_ZN6npuchk8vscatterEPjS0_jb] -> 0xffffad308228
npuchk: [_ZN6npuchk4vselEPN7float165Fp16TES2_S2_m] -> 0xffffad272a84
npuchk: [_ZN6npuchk4vselEPN7float165Fp16TES2_Pvm] -> 0xffffad272d70
npuchk: [_ZN6npuchk4vselEPN7float165Fp16TES2_Pvhhhhhhh] -> 0xffffad27305c
npuchk: [_ZN6npuchk4vselEPN7float165Fp16TES2_Pvhhhhhhhhbb] -> 0xffffad3084f8
npuchk: [_ZN6npuchk4vselEPN7float165Fp16TES2_Pvhhhhhhhh] -> 0xffffad273544
npuchk: [_ZN6npuchk4vselEPN7float165Fp16TES2_S2_hhhhhhh] -> 0xffffad273a7c
npuchk: [_ZN6npuchk4vselEPN7float165Fp16TES2_S2_hhhhhhhhbb] -> 0xffffad308ab8
npuchk: [_ZN6npuchk4vselEPN7float165Fp16TES2_S2_hhhhhhhh] -> 0xffffad273f64
npuchk: [_ZN6npuchk4vselEPfS0_S0_m] -> 0xffffad27449c
npuchk: [_ZN6npuchk4vselEPfS0_Pvm] -> 0xffffad274788
npuchk: [_ZN6npuchk4vselEPfS0_Pvhhhhhhh] -> 0xffffad274a74
npuchk: [_ZN6npuchk4vselEPfS0_Pvhhhhhhhhbb] -> 0xffffad309078
npuchk: [_ZN6npuchk4vselEPfS0_Pvhhhhhhhh] -> 0xffffad274f5c
npuchk: [_ZN6npuchk4vselEPfS0_S0_hhhhhhh] -> 0xffffad275494
npuchk: [_ZN6npuchk4vselEPfS0_S0_hhhhhhhhbb] -> 0xffffad309638
npuchk: [_ZN6npuchk4vselEPfS0_S0_hhhhhhhh] -> 0xffffad27597c
npuchk: [_ZN6npuchk4vshlEPsS0_jm] -> 0xffffad275eb4
npuchk: [_ZN6npuchk4vshlEPsS0_jhtthh] -> 0xffffad27619c
npuchk: [_ZN6npuchk4vshlEPsS0_jhtthhbb] -> (nil)
npuchk: [_ZN6npuchk4vshlEPsS0_jhtttt] -> 0xffffad2765c8
npuchk: [_ZN6npuchk4vshlEPiS0_jm] -> 0xffffad276a08
npuchk: [_ZN6npuchk4vshlEPiS0_jhtthh] -> 0xffffad276cf0
npuchk: [_ZN6npuchk4vshlEPiS0_jhtthhbb] -> (nil)
npuchk: [_ZN6npuchk4vshlEPiS0_jhtttt] -> 0xffffad27711c
npuchk: [_ZN6npuchk4vshlEPtS0_jm] -> 0xffffad27755c
npuchk: [_ZN6npuchk4vshlEPtS0_jhtthh] -> 0xffffad277844
npuchk: [_ZN6npuchk4vshlEPtS0_jhtthhbb] -> (nil)
npuchk: [_ZN6npuchk4vshlEPtS0_jhtttt] -> 0xffffad277c70
npuchk: [_ZN6npuchk4vshlEPjS0_jm] -> 0xffffad2780b0
npuchk: [_ZN6npuchk4vshlEPjS0_jhtthh] -> 0xffffad278398
npuchk: [_ZN6npuchk4vshlEPjS0_jhtthhbb] -> (nil)
npuchk: [_ZN6npuchk4vshlEPjS0_jhtttt] -> 0xffffad2787c4
npuchk: [_ZN6npuchk4vshrEPsS0_imb] -> 0xffffad278c04
npuchk: [_ZN6npuchk4vshrEPsS0_ihtthhbbb] -> (nil)
npuchk: [_ZN6npuchk4vshrEPsS0_ihttttb] -> 0xffffad278f48
npuchk: [_ZN6npuchk4vshrEPiS0_imb] -> 0xffffad2793e0
npuchk: [_ZN6npuchk4vshrEPiS0_ihtthhbbb] -> (nil)
npuchk: [_ZN6npuchk4vshrEPiS0_ihttttb] -> 0xffffad279724
npuchk: [_ZN6npuchk4vshrEPtS0_jmb] -> 0xffffad279bbc
npuchk: [_ZN6npuchk4vshrEPtS0_jhtthhbbb] -> (nil)
npuchk: [_ZN6npuchk4vshrEPtS0_jhttttb] -> 0xffffad279f00
npuchk: [_ZN6npuchk4vshrEPjS0_jmb] -> 0xffffad27a398
npuchk: [_ZN6npuchk4vshrEPjS0_jhtthhbbb] -> (nil)
npuchk: [_ZN6npuchk4vshrEPjS0_jhttttb] -> 0xffffad27a6dc
npuchk: [_ZN6npuchk5vsortEPN7float165Fp16TES2_m] -> (nil)
npuchk: [_ZN6npuchk5vsortEPN7float165Fp16TES2_h] -> (nil)
npuchk: [_ZN6npuchk5vsortEPfS0_m] -> (nil)
npuchk: [_ZN6npuchk5vsortEPfS0_h] -> (nil)
npuchk: [_ZN6npuchk5vsqrtEPN7float165Fp16TES2_m] -> 0xffffad27ab74
npuchk: [_ZN6npuchk5vsqrtEPN7float165Fp16TES2_htthh] -> 0xffffad27ae04
npuchk: [_ZN6npuchk5vsqrtEPN7float165Fp16TES2_htthhbb] -> 0xffffad309bf8
npuchk: [_ZN6npuchk5vsqrtEPN7float165Fp16TES2_htttt] -> 0xffffad27b1d8
npuchk: [_ZN6npuchk5vsqrtEPfS0_m] -> 0xffffad27b5c0
npuchk: [_ZN6npuchk5vsqrtEPfS0_htthh] -> 0xffffad27b850
npuchk: [_ZN6npuchk5vsqrtEPfS0_htthhbb] -> 0xffffad30a058
npuchk: [_ZN6npuchk5vsqrtEPfS0_htttt] -> 0xffffad27bc24
npuchk: [_ZN6npuchk4vsubEPN7float165Fp16TES2_S2_m] -> 0xffffad27c00c
npuchk: [_ZN6npuchk4vsubEPN7float165Fp16TES2_S2_hhhhhhh] -> 0xffffad27c2fc
npuchk: [_ZN6npuchk4vsubEPN7float165Fp16TES2_S2_hhhhhhhbb] -> 0xffffad30a4b8
npuchk: [_ZN6npuchk4vsubEPfS0_S0_m] -> 0xffffad27c7e8
npuchk: [_ZN6npuchk4vsubEPfS0_S0_hhhhhhh] -> 0xffffad27cad8
npuchk: [_ZN6npuchk4vsubEPfS0_S0_hhhhhhhbb] -> 0xffffad30aa2c
npuchk: [_ZN6npuchk4vsubEPsS0_S0_m] -> 0xffffad27cfc4
npuchk: [_ZN6npuchk4vsubEPsS0_S0_hhhhhhh] -> 0xffffad27d2b4
npuchk: [_ZN6npuchk4vsubEPsS0_S0_hhhhhhhbb] -> 0xffffad30afa0
npuchk: [_ZN6npuchk4vsubEPiS0_S0_m] -> 0xffffad27d7a0
npuchk: [_ZN6npuchk4vsubEPiS0_S0_hhhhhhh] -> 0xffffad27da90
npuchk: [_ZN6npuchk4vsubEPiS0_S0_hhhhhhhbb] -> 0xffffad30b514
npuchk: [_ZN6npuchk8vsubreluEPN7float165Fp16TES2_S2_m] -> 0xffffad27df7c
npuchk: [_ZN6npuchk8vsubreluEPN7float165Fp16TES2_S2_hhhhhhhbb] -> 0xffffad30ba88
npuchk: [_ZN6npuchk8vsubreluEPN7float165Fp16TES2_S2_hhhhhhh] -> 0xffffad27e26c
npuchk: [_ZN6npuchk8vsubreluEPfS0_S0_m] -> 0xffffad27e758
npuchk: [_ZN6npuchk8vsubreluEPfS0_S0_hhhhhhhbb] -> 0xffffad30bffc
npuchk: [_ZN6npuchk8vsubreluEPfS0_S0_hhhhhhh] -> 0xffffad27ea48
npuchk: [_ZN6npuchk8vsubreluEPsS0_S0_m] -> 0xffffad27ef34
npuchk: [_ZN6npuchk8vsubreluEPsS0_S0_hhhhhhhbb] -> 0xffffad30c570
npuchk: [_ZN6npuchk8vsubreluEPsS0_S0_hhhhhhh] -> 0xffffad27f224
npuchk: [_ZN6npuchk19vsubreluconv_f162s8EPaPN7float165Fp16TES3_mb] -> 0xffffad27f710
npuchk: [_ZN6npuchk19vsubreluconv_f162s8EPaPN7float165Fp16TES3_hhhhhhhbbb] -> 0xffffad30cae4
npuchk: [_ZN6npuchk19vsubreluconv_f162s8EPaPN7float165Fp16TES3_hhhhhhhb] -> 0xffffad27fa60
npuchk: [_ZN6npuchk20vsubreluconv_f322f16EPN7float165Fp16TEPfS3_mb] -> 0xffffad27ffa8
npuchk: [_ZN6npuchk20vsubreluconv_f322f16EPN7float165Fp16TEPfS3_hhhhhhhbbb] -> 0xffffad30d0b4
npuchk: [_ZN6npuchk20vsubreluconv_f322f16EPN7float165Fp16TEPfS3_hhhhhhhb] -> 0xffffad2802f8
npuchk: [_ZN6npuchk19vsubreluconv_s162s8EPaPsS1_mb] -> 0xffffad280840
npuchk: [_ZN6npuchk19vsubreluconv_s162s8EPaPsS1_hhhhhhhbbb] -> 0xffffad30d684
npuchk: [_ZN6npuchk19vsubreluconv_s162s8EPaPsS1_hhhhhhhb] -> 0xffffad280b90
npuchk: [_ZN6npuchk23vsubreluconv_vdeqs162b8EPaPsS1_mb] -> (nil)
npuchk: [_ZN6npuchk23vsubreluconv_vdeqs162b8EPhPsS1_mb] -> (nil)
npuchk: [_ZN6npuchk23vsubreluconv_vdeqs162b8EPhPsS1_hhhhhhhbbb] -> (nil)
npuchk: [_ZN6npuchk23vsubreluconv_vdeqs162b8EPhPsS1_hhhhhhhb] -> (nil)
npuchk: [_ZN6npuchk23vsubreluconv_vdeqs162b8EPaPsS1_hhhhhhhbbb] -> (nil)
npuchk: [_ZN6npuchk23vsubreluconv_vdeqs162b8EPaPsS1_hhhhhhhb] -> (nil)
npuchk: [_ZN6npuchk10vtransposeEPsS0_] -> 0xffffad2810d8
npuchk: [_ZN6npuchk10vtransposeEPtS0_] -> 0xffffad281310
npuchk: [_ZN6npuchk9wait_flagE6pipe_tS0_7event_t] -> 0xffffad1e8b94
npuchk: [_ZN6npuchk9wait_flagE6pipe_t7event_t] -> (nil)
npuchk: [_ZN6npuchk9wait_flagE6pipe_tS0_m] -> (nil)
npuchk: [_ZN6npuchk9wait_flagE6pipe_tm] -> (nil)
npuchk: [_ZN6npuchk13wait_flag_devEl] -> 0xffffad1e8e54
npuchk: [_ZN6npuchk13winograd_convEPiPsPam] -> (nil)
npuchk: [_ZN6npuchk13winograd_convEPiPsPattthhhb] -> (nil)
npuchk: [_ZN6npuchk13winograd_convEPiPaS1_m] -> (nil)
npuchk: [_ZN6npuchk13winograd_convEPiPaS1_ttthhhb] -> (nil)
npuchk: [_ZN6npuchk13get_workspaceEi] -> (nil)
npuchk: [_ZN6npuchk13set_core_typeEi] -> (nil)
npuchk: [_ZN6npuchk15get_process_numEv] -> (nil)
npuchk: [_ZN6npuchk13set_block_dimEi] -> (nil)
npuchk: [_ZN6npuchk18AscendCKernelBeginEPKciPm] -> 0xffffad162ac8
npuchk: [_ZN6npuchk16AscendCKernelEndEPKciPm] -> 0xffffad162b00
npuchk: [_ZN6npuchk17AscendCBlockBeginEiPKciPKm] -> 0xffffad162e24
npuchk: [_ZN6npuchk15AscendCBlockEndEiPKciPKm] -> 0xffffad162b28
npuchk: [_ZN6npuchk16AscendCQueCreateEhhh] -> 0xffffad1631ec
npuchk: [_ZN6npuchk14AscendCBufInitEhhhmm] -> 0xffffad1633e8
npuchk: [_ZN6npuchk15AscendCBufAllocEhhmm] -> 0xffffad163208
npuchk: [_ZN6npuchk14AscendCBufFreeEhhmm] -> 0xffffad16326c
npuchk: [_ZN6npuchk15AscendCBufEnqueEhhhm] -> 0xffffad1634a4
npuchk: [_ZN6npuchk15AscendCBufDequeEhhhm] -> 0xffffad163500
npuchk: [_ZN6npuchk17AscendCBufAbsAddrEhmm] -> 0xffffad1632d0
npuchk: [_ZN6npuchk13AscendCBufGetEhhmm] -> 0xffffad16355c
npuchk: [_ZN6npuchk19AscendCTBufPoolInitEhmmm] -> 0xffffad1635d8
npuchk: [_ZN6npuchk27AscendCUpdateTbufPoolStatusEmb] -> 0xffffad163634
npuchk: [_ZN6npuchk26AscendCRecordPoolHierarchyEmm] -> 0xffffad163660
npuchk: [_ZN6npuchk25AscendCTBufPoolResetCheckEhmmm] -> 0xffffad16368c
npuchk: [_ZN6npuchk12batch_offsetEmm] -> (nil)
npuchk: [_ZN6npuchk12wait_and_setEPvS0_mm] -> (nil)
npuchk: [_ZN6npuchk9wait_syncEPvS0_S0_] -> (nil)
npuchk: [_ZN6npuchk11set_tensoraEPvS0_] -> (nil)
npuchk: [_ZN6npuchk11set_tensorbEPv] -> (nil)
npuchk: [_ZN6npuchk11get_tensorcEPv] -> (nil)
npuchk: [_ZN6npuchk13__ib_set_stubEiib] -> (nil)
npuchk: [_ZN6npuchk14__ib_wait_stubEiib] -> (nil)
npuchk: [_ZN6npuchk15__sync_all_stubEib] -> (nil)
