AscendC: [_ZN7AscendC5bcnt0Em] -> 0xffff9d9d4c00
AscendC: [_ZN7AscendC5bcnt1Em] -> 0xffff9d9d4c28
AscendC: [_ZN7AscendC18broadcast_ub_to_ccEPN7float165Fp16TES2_m] -> (nil)
AscendC: [_ZN7AscendC18broadcast_ub_to_ccEPN7float165Fp16TES2_hhhh] -> 0xffff9da127e0
AscendC: [_ZN7AscendC18broadcast_ub_to_ccEPN7float165Fp16TES2_hhhhb] -> (nil)
AscendC: [_ZN7AscendC18broadcast_ub_to_ccEPfS0_m] -> (nil)
AscendC: [_ZN7AscendC18broadcast_ub_to_ccEPfS0_hhhh] -> 0xffff9da12640
AscendC: [_ZN7AscendC18broadcast_ub_to_ccEPfS0_hhhhb] -> (nil)
AscendC: [_ZN7AscendC18broadcast_ub_to_ccEPfPN7float165Fp16TEm] -> (nil)
AscendC: [_ZN7AscendC18broadcast_ub_to_ccEPfPN7float165Fp16TEhhhh] -> 0xffff9da12980
AscendC: [_ZN7AscendC18broadcast_ub_to_ccEPfPN7float165Fp16TEhhhhb] -> (nil)
AscendC: [_ZN7AscendC18broadcast_ub_to_ccEPiS0_m] -> (nil)
AscendC: [_ZN7AscendC18broadcast_ub_to_ccEPiS0_hhhh] -> 0xffff9da124a0
AscendC: [_ZN7AscendC18broadcast_ub_to_ccEPiS0_hhhhb] -> (nil)
AscendC: [_ZN7AscendC3clzEm] -> 0xffff9d9d4c50
AscendC: [_ZN7AscendC7col2imgEPN7float165Fp16TES2_mm] -> (nil)
AscendC: [_ZN7AscendC7col2imgEPN7float165Fp16TES2_shhshhhhhhhb] -> (nil)
AscendC: [_ZN7AscendC7col2imgEPfS0_mm] -> (nil)
AscendC: [_ZN7AscendC7col2imgEPfS0_shhshhhhhhhb] -> (nil)
AscendC: [_ZN7AscendC17compress_ub_to_gmEPhS0_S0_l] -> (nil)
AscendC: [_ZN7AscendC17compress_ub_to_gmEPhS0_S0_tbhh] -> (nil)
AscendC: [_ZN7AscendC17compress_ub_to_gmEPN7float165Fp16TES2_S2_l] -> (nil)
AscendC: [_ZN7AscendC17compress_ub_to_gmEPN7float165Fp16TES2_S2_tbhh] -> (nil)
AscendC: [_ZN7AscendC13conv_f322f16oEf] -> 0xffff9d9d84f8
AscendC: [_ZN7AscendC13conv_f322s32aEf] -> 0xffff9d9d8b88
AscendC: [_ZN7AscendC13conv_f322s32cEf] -> 0xffff9d9d8f58
AscendC: [_ZN7AscendC13conv_f322s32fEf] -> 0xffff9d9d9310
AscendC: [_ZN7AscendC13conv_f322s32rEf] -> 0xffff9d9d96c8
AscendC: [_ZN7AscendC15copy_cbuf_to_btEmPvm] -> (nil)
AscendC: [_ZN7AscendC15copy_cbuf_to_btEmPvttttt] -> 0xffff9d9c1aa0
AscendC: [_ZN7AscendC17copy_cbuf_to_fbufEPvS0_m] -> (nil)
AscendC: [_ZN7AscendC17copy_cbuf_to_fbufEPvS0_tttt] -> 0xffff9d9bf160
AscendC: [_ZN7AscendC15copy_cbuf_to_gmEPvS0_m] -> (nil)
AscendC: [_ZN7AscendC15copy_cbuf_to_gmEPvS0_htttt] -> 0xffff9d9c18b8
AscendC: [_ZN7AscendC21copy_cbuf_to_gm_alignEPN7float165Fp16TES2_htjjj] -> (nil)
AscendC: [_ZN7AscendC21copy_cbuf_to_gm_alignEPfS0_htjjj] -> (nil)
AscendC: [_ZN7AscendC21copy_cbuf_to_gm_alignEPsS0_htjjj] -> (nil)
AscendC: [_ZN7AscendC21copy_cbuf_to_gm_alignEPiS0_htjjj] -> (nil)
AscendC: [_ZN7AscendC21copy_cbuf_to_gm_alignEPaS0_htjjj] -> (nil)
AscendC: [_ZN7AscendC21copy_cbuf_to_gm_alignEPtS0_htjjj] -> (nil)
AscendC: [_ZN7AscendC21copy_cbuf_to_gm_alignEPjS0_htjjj] -> (nil)
AscendC: [_ZN7AscendC21copy_cbuf_to_gm_alignEPhS0_htjjj] -> (nil)
AscendC: [_ZN7AscendC17copy_cbuf_to_ubufEPvS0_m] -> (nil)
AscendC: [_ZN7AscendC17copy_cbuf_to_ubufEPvS0_htttt] -> 0xffff9d9c0d38
AscendC: [_ZN7AscendC25copy_depthwise_cc_to_ubufEPN7float165Fp16TES2_m10ConvRelu_t] -> (nil)
AscendC: [_ZN7AscendC25copy_depthwise_cc_to_ubufEPN7float165Fp16TES2_htttt10ConvRelu_t] -> 0xffff9d9c1c98
AscendC: [_ZN7AscendC25copy_depthwise_cc_to_ubufEPfPN7float165Fp16TEm10ConvRelu_t] -> (nil)
AscendC: [_ZN7AscendC25copy_depthwise_cc_to_ubufEPfPN7float165Fp16TEhtttt10ConvRelu_t] -> 0xffff9d9c1e98
AscendC: [_ZN7AscendC25copy_depthwise_cc_to_ubufEPN7float165Fp16TEPfm10ConvRelu_t] -> (nil)
AscendC: [_ZN7AscendC25copy_depthwise_cc_to_ubufEPN7float165Fp16TEPfhtttt10ConvRelu_t] -> 0xffff9d9c20a8
AscendC: [_ZN7AscendC25copy_depthwise_cc_to_ubufEPfS0_m10ConvRelu_t] -> (nil)
AscendC: [_ZN7AscendC25copy_depthwise_cc_to_ubufEPfS0_htttt10ConvRelu_t] -> 0xffff9d9c22b8
AscendC: [_ZN7AscendC15copy_gm_to_cbufEPvS0_m5pad_t] -> (nil)
AscendC: [_ZN7AscendC15copy_gm_to_cbufEPvS0_htttt5pad_t] -> 0xffff9d9c0f20
AscendC: [_ZN7AscendC31copy_gm_to_cbuf_multi_nd2nz_b16EPN7float165Fp16TES2_mm] -> (nil)
AscendC: [_ZN7AscendC31copy_gm_to_cbuf_multi_nd2nz_b16EPN7float165Fp16TES2_htttttttt] -> 0xffff9d9bc018
AscendC: [_ZN7AscendC31copy_gm_to_cbuf_multi_nd2nz_b16EPN8bfloat165Bf16TES2_mm] -> (nil)
AscendC: [_ZN7AscendC31copy_gm_to_cbuf_multi_nd2nz_b16EPN8bfloat165Bf16TES2_htttttttt] -> 0xffff9d9bc9d0
AscendC: [_ZN7AscendC31copy_gm_to_cbuf_multi_nd2nz_b16EPsS0_mm] -> (nil)
AscendC: [_ZN7AscendC31copy_gm_to_cbuf_multi_nd2nz_b16EPsS0_htttttttt] -> 0xffff9d9bc350
AscendC: [_ZN7AscendC31copy_gm_to_cbuf_multi_nd2nz_b16EPtS0_mm] -> (nil)
AscendC: [_ZN7AscendC31copy_gm_to_cbuf_multi_nd2nz_b16EPtS0_htttttttt] -> 0xffff9d9bc690
AscendC: [_ZN7AscendC32copy_gm_to_cbuf_multi_nd2nz_b32sEPfS0_mm] -> (nil)
AscendC: [_ZN7AscendC32copy_gm_to_cbuf_multi_nd2nz_b32sEPfS0_htttttttt] -> 0xffff9d9bcd10
AscendC: [_ZN7AscendC32copy_gm_to_cbuf_multi_nd2nz_b32sEPiS0_mm] -> (nil)
AscendC: [_ZN7AscendC32copy_gm_to_cbuf_multi_nd2nz_b32sEPiS0_htttttttt] -> 0xffff9d9bd050
AscendC: [_ZN7AscendC32copy_gm_to_cbuf_multi_nd2nz_b32sEPjS0_mm] -> (nil)
AscendC: [_ZN7AscendC32copy_gm_to_cbuf_multi_nd2nz_b32sEPjS0_htttttttt] -> 0xffff9d9bd390
AscendC: [_ZN7AscendC30copy_gm_to_cbuf_multi_nd2nz_b8EPaS0_mm] -> (nil)
AscendC: [_ZN7AscendC30copy_gm_to_cbuf_multi_nd2nz_b8EPaS0_htttttttt] -> 0xffff9d9bd6d0
AscendC: [_ZN7AscendC30copy_gm_to_cbuf_multi_nd2nz_b8EPhS0_mm] -> (nil)
AscendC: [_ZN7AscendC30copy_gm_to_cbuf_multi_nd2nz_b8EPhS0_htttttttt] -> 0xffff9d9bda10
AscendC: [_ZN7AscendC15copy_gm_to_ubufEPvS0_m] -> (nil)
AscendC: [_ZN7AscendC15copy_gm_to_ubufEPvS0_htttt] -> 0xffff9d9c1110
AscendC: [_ZN7AscendC25copy_gm_to_ubuf_align_b16EPvS0_mm] -> (nil)
AscendC: [_ZN7AscendC25copy_gm_to_ubuf_align_b16EPvS0_htjhhjj] -> 0xffff9d9bf9e0
AscendC: [_ZN7AscendC25copy_gm_to_ubuf_align_b32EPvS0_mm] -> (nil)
AscendC: [_ZN7AscendC25copy_gm_to_ubuf_align_b32EPvS0_htjhhjj] -> 0xffff9d9bfa40
AscendC: [_ZN7AscendC24copy_gm_to_ubuf_align_b8EPvS0_mm] -> (nil)
AscendC: [_ZN7AscendC24copy_gm_to_ubuf_align_b8EPvS0_htjhhjj] -> 0xffff9d9bf980
AscendC: [_ZN7AscendC21copy_gm_to_ubuf_alignEPaS0_htjhhjj] -> (nil)
AscendC: [_ZN7AscendC21copy_gm_to_ubuf_alignEPhS0_htjhhjj] -> (nil)
AscendC: [_ZN7AscendC21copy_gm_to_ubuf_alignEPsS0_htjhhjj] -> (nil)
AscendC: [_ZN7AscendC21copy_gm_to_ubuf_alignEPtS0_htjhhjj] -> (nil)
AscendC: [_ZN7AscendC21copy_gm_to_ubuf_alignEPN7float165Fp16TES2_htjhhjj] -> (nil)
AscendC: [_ZN7AscendC21copy_gm_to_ubuf_alignEPiS0_htjhhjj] -> (nil)
AscendC: [_ZN7AscendC21copy_gm_to_ubuf_alignEPjS0_htjhhjj] -> (nil)
AscendC: [_ZN7AscendC21copy_gm_to_ubuf_alignEPfS0_htjhhjj] -> (nil)
AscendC: [_ZN7AscendC23copy_gm_to_ubuf_pad_b16EPvS0_mm] -> (nil)
AscendC: [_ZN7AscendC23copy_gm_to_ubuf_pad_b16EPvS0_htttthh] -> (nil)
AscendC: [_ZN7AscendC23copy_gm_to_ubuf_pad_b32EPvS0_mm] -> (nil)
AscendC: [_ZN7AscendC23copy_gm_to_ubuf_pad_b32EPvS0_htttthh] -> (nil)
AscendC: [_ZN7AscendC22copy_gm_to_ubuf_pad_b8EPvS0_mm] -> (nil)
AscendC: [_ZN7AscendC22copy_gm_to_ubuf_pad_b8EPvS0_htttthh] -> (nil)
AscendC: [_ZN7AscendC22copy_matrix_cbuf_to_ccEPN7float165Fp16TES2_m] -> (nil)
AscendC: [_ZN7AscendC22copy_matrix_cbuf_to_ccEPN7float165Fp16TES2_tttt] -> 0xffff9d9c6140
AscendC: [_ZN7AscendC22copy_matrix_cbuf_to_ccEPN7float165Fp16TEPfm] -> (nil)
AscendC: [_ZN7AscendC22copy_matrix_cbuf_to_ccEPN7float165Fp16TEPftttt] -> 0xffff9d9c6338
AscendC: [_ZN7AscendC22copy_matrix_cbuf_to_ccEPN8bfloat165Bf16TES2_m] -> (nil)
AscendC: [_ZN7AscendC22copy_matrix_cbuf_to_ccEPN8bfloat165Bf16TES2_tttt] -> 0xffff9d9c5d48
AscendC: [_ZN7AscendC22copy_matrix_cbuf_to_ccEPN8bfloat165Bf16TEPfm] -> (nil)
AscendC: [_ZN7AscendC22copy_matrix_cbuf_to_ccEPN8bfloat165Bf16TEPftttt] -> 0xffff9d9c5f40
AscendC: [_ZN7AscendC22copy_matrix_cbuf_to_ccEPfS0_m] -> (nil)
AscendC: [_ZN7AscendC22copy_matrix_cbuf_to_ccEPfS0_tttt] -> 0xffff9d9c6538
AscendC: [_ZN7AscendC22copy_matrix_cbuf_to_ccEPiS0_m] -> (nil)
AscendC: [_ZN7AscendC22copy_matrix_cbuf_to_ccEPiS0_tttt] -> 0xffff9d9c6730
AscendC: [_ZN7AscendC22copy_matrix_cbuf_to_ccEPjS0_m] -> (nil)
AscendC: [_ZN7AscendC22copy_matrix_cbuf_to_ccEPjS0_tttt] -> 0xffff9d9c6928
AscendC: [_ZN7AscendC22copy_matrix_cc_to_cbufEPN7float165Fp16TEPfmm] -> (nil)
AscendC: [_ZN7AscendC22copy_matrix_cc_to_cbufEPN7float165Fp16TEPfhttjthh11QuantMode_thbbb] -> (nil)
AscendC: [_ZN7AscendC22copy_matrix_cc_to_cbufEPN7float165Fp16TEPfhttjthh11QuantMode_thbb14QuantMode_posthbhhb] -> (nil)
AscendC: [_ZN7AscendC22copy_matrix_cc_to_cbufEPN7float165Fp16TEPfhttjth11QuantMode_thbb] -> 0xffff9da08e98
AscendC: [_ZN7AscendC22copy_matrix_cc_to_cbufEPN8bfloat165Bf16TEPfhttjth11QuantMode_thbb] -> 0xffff9da08898
AscendC: [_ZN7AscendC22copy_matrix_cc_to_cbufEPN8bfloat165Bf16TEPfhttjthh11QuantMode_thbbb] -> (nil)
AscendC: [_ZN7AscendC22copy_matrix_cc_to_cbufEPfS0_mm] -> (nil)
AscendC: [_ZN7AscendC22copy_matrix_cc_to_cbufEPaPfmm] -> (nil)
AscendC: [_ZN7AscendC22copy_matrix_cc_to_cbufEPaPfhttjthh11QuantMode_thbbb] -> (nil)
AscendC: [_ZN7AscendC22copy_matrix_cc_to_cbufEPaPfhttjthh11QuantMode_thbb14QuantMode_posthbhhb] -> (nil)
AscendC: [_ZN7AscendC22copy_matrix_cc_to_cbufEPaPfhttjth11QuantMode_thbb] -> 0xffff9da094b8
AscendC: [_ZN7AscendC22copy_matrix_cc_to_cbufEPhPfmm] -> (nil)
AscendC: [_ZN7AscendC22copy_matrix_cc_to_cbufEPhPfhttjthh11QuantMode_thbbb] -> (nil)
AscendC: [_ZN7AscendC22copy_matrix_cc_to_cbufEPhPfhttjthh11QuantMode_thbb14QuantMode_posthbhhb] -> (nil)
AscendC: [_ZN7AscendC22copy_matrix_cc_to_cbufEPfS0_httjthh11QuantMode_thbbb] -> (nil)
AscendC: [_ZN7AscendC22copy_matrix_cc_to_cbufEPfS0_httjthh11QuantMode_thbb14QuantMode_posthbhhb] -> (nil)
AscendC: [_ZN7AscendC22copy_matrix_cc_to_cbufEPiS0_mm] -> (nil)
AscendC: [_ZN7AscendC22copy_matrix_cc_to_cbufEPN7float165Fp16TEPimm] -> (nil)
AscendC: [_ZN7AscendC22copy_matrix_cc_to_cbufEPN7float165Fp16TEPihttjthh11QuantMode_thbbb] -> (nil)
AscendC: [_ZN7AscendC22copy_matrix_cc_to_cbufEPN7float165Fp16TEPihttjthh11QuantMode_thbb14QuantMode_posthbhhb] -> (nil)
AscendC: [_ZN7AscendC22copy_matrix_cc_to_cbufEPN7float165Fp16TEPihttjth11QuantMode_thbb] -> 0xffff9da091a8
AscendC: [_ZN7AscendC22copy_matrix_cc_to_cbufEPsPimm] -> (nil)
AscendC: [_ZN7AscendC22copy_matrix_cc_to_cbufEPsPihttjth11QuantMode_thbb] -> (nil)
AscendC: [_ZN7AscendC22copy_matrix_cc_to_cbufEPaPimm] -> (nil)
AscendC: [_ZN7AscendC22copy_matrix_cc_to_cbufEPaPihttjthh11QuantMode_thbbb] -> (nil)
AscendC: [_ZN7AscendC22copy_matrix_cc_to_cbufEPaPihttjthh11QuantMode_thbb14QuantMode_posthbhhb] -> (nil)
AscendC: [_ZN7AscendC22copy_matrix_cc_to_cbufEPaPihttjth11QuantMode_thbb] -> 0xffff9da097c8
AscendC: [_ZN7AscendC22copy_matrix_cc_to_cbufEPhPimm] -> (nil)
AscendC: [_ZN7AscendC22copy_matrix_cc_to_cbufEPhPihttjthh11QuantMode_thbbb] -> (nil)
AscendC: [_ZN7AscendC22copy_matrix_cc_to_cbufEPhPihttjthh11QuantMode_thbb14QuantMode_posthbhhb] -> (nil)
AscendC: [_ZN7AscendC22copy_matrix_cc_to_cbufEPhPihttjth11QuantMode_thbb] -> 0xffff9da09de8
AscendC: [_ZN7AscendC22copy_matrix_cc_to_cbufEPiS0_httjthh11QuantMode_thbbb] -> (nil)
AscendC: [_ZN7AscendC22copy_matrix_cc_to_cbufEPiS0_httjthh11QuantMode_thbb14QuantMode_posthbhhb] -> (nil)
AscendC: [_ZN7AscendC25copy_matrix_cc_to_cbuf_b4EPvPfmm] -> (nil)
AscendC: [_ZN7AscendC25copy_matrix_cc_to_cbuf_b4EPvPfhttjth11QuantMode_thbb] -> (nil)
AscendC: [_ZN7AscendC25copy_matrix_cc_to_cbuf_b4EPvPimm] -> (nil)
AscendC: [_ZN7AscendC25copy_matrix_cc_to_cbuf_b4EPvPihttjth11QuantMode_thbb] -> (nil)
AscendC: [_ZN7AscendC27copy_matrix_cc_to_cbuf_bf16EPtPfmm] -> (nil)
AscendC: [_ZN7AscendC27copy_matrix_cc_to_cbuf_bf16EPtPfhttjthh11QuantMode_thbbb] -> (nil)
AscendC: [_ZN7AscendC27copy_matrix_cc_to_cbuf_bf16EPtPfhttjthh11QuantMode_thbb14QuantMode_posthbhhb] -> (nil)
AscendC: [_ZN7AscendC27copy_matrix_cc_to_cbuf_bf16EPtPfhttjth11QuantMode_thbb] -> (nil)
AscendC: [_ZN7AscendC25copy_matrix_cc_to_cbuf_s4EPvPfmm] -> (nil)
AscendC: [_ZN7AscendC25copy_matrix_cc_to_cbuf_s4EPvPfhttjthh11QuantMode_thbbb] -> (nil)
AscendC: [_ZN7AscendC25copy_matrix_cc_to_cbuf_s4EPvPfhttjthh11QuantMode_thbb14QuantMode_posthbhhb] -> (nil)
AscendC: [_ZN7AscendC25copy_matrix_cc_to_cbuf_s4EPvPimm] -> (nil)
AscendC: [_ZN7AscendC25copy_matrix_cc_to_cbuf_s4EPvPihttjthh11QuantMode_thbbb] -> (nil)
AscendC: [_ZN7AscendC25copy_matrix_cc_to_cbuf_s4EPvPihttjthh11QuantMode_thbb14QuantMode_posthbhhb] -> (nil)
AscendC: [_ZN7AscendC20copy_matrix_cc_to_gmEPN7float165Fp16TEPfmm] -> (nil)
AscendC: [_ZN7AscendC20copy_matrix_cc_to_gmEPN7float165Fp16TEPfhttjthh11QuantMode_thbbb] -> (nil)
AscendC: [_ZN7AscendC20copy_matrix_cc_to_gmEPN7float165Fp16TEPfhttjthh11QuantMode_thbb14QuantMode_posthbhhb] -> (nil)
AscendC: [_ZN7AscendC20copy_matrix_cc_to_gmEPN7float165Fp16TEPfhttjth11QuantMode_thbb] -> 0xffff9da09028
AscendC: [_ZN7AscendC20copy_matrix_cc_to_gmEPfS0_mm] -> (nil)
AscendC: [_ZN7AscendC20copy_matrix_cc_to_gmEPaPfmm] -> (nil)
AscendC: [_ZN7AscendC20copy_matrix_cc_to_gmEPaPfhttjthh11QuantMode_thbbb] -> (nil)
AscendC: [_ZN7AscendC20copy_matrix_cc_to_gmEPaPfhttjthh11QuantMode_thbb14QuantMode_posthbhhb] -> (nil)
AscendC: [_ZN7AscendC20copy_matrix_cc_to_gmEPaPfhttjth11QuantMode_thbb] -> 0xffff9da09648
AscendC: [_ZN7AscendC20copy_matrix_cc_to_gmEPhPfmm] -> (nil)
AscendC: [_ZN7AscendC20copy_matrix_cc_to_gmEPhPfhttjthh11QuantMode_thbbb] -> (nil)
AscendC: [_ZN7AscendC20copy_matrix_cc_to_gmEPhPfhttjthh11QuantMode_thbb14QuantMode_posthbhhb] -> (nil)
AscendC: [_ZN7AscendC20copy_matrix_cc_to_gmEPhPfhttjth11QuantMode_thbb] -> 0xffff9da09c68
AscendC: [_ZN7AscendC20copy_matrix_cc_to_gmEPfS0_httjthh11QuantMode_thbbb] -> (nil)
AscendC: [_ZN7AscendC20copy_matrix_cc_to_gmEPfS0_httjthh11QuantMode_thbb14QuantMode_posthbhhb] -> (nil)
AscendC: [_ZN7AscendC20copy_matrix_cc_to_gmEPfS0_httjth11QuantMode_thbb] -> 0xffff9da08ba8
AscendC: [_ZN7AscendC20copy_matrix_cc_to_gmEPiS0_mm] -> (nil)
AscendC: [_ZN7AscendC20copy_matrix_cc_to_gmEPN7float165Fp16TEPimm] -> (nil)
AscendC: [_ZN7AscendC20copy_matrix_cc_to_gmEPN7float165Fp16TEPihttjthh11QuantMode_thbbb] -> (nil)
AscendC: [_ZN7AscendC20copy_matrix_cc_to_gmEPN7float165Fp16TEPihttjthh11QuantMode_thbb14QuantMode_posthbhhb] -> (nil)
AscendC: [_ZN7AscendC20copy_matrix_cc_to_gmEPN7float165Fp16TEPihttjth11QuantMode_thbb] -> 0xffff9da09338
AscendC: [_ZN7AscendC20copy_matrix_cc_to_gmEPsPimm] -> (nil)
AscendC: [_ZN7AscendC20copy_matrix_cc_to_gmEPsPihttjth11QuantMode_thbb] -> (nil)
AscendC: [_ZN7AscendC20copy_matrix_cc_to_gmEPaPimm] -> (nil)
AscendC: [_ZN7AscendC20copy_matrix_cc_to_gmEPaPihttjthh11QuantMode_thbbb] -> (nil)
AscendC: [_ZN7AscendC20copy_matrix_cc_to_gmEPaPihttjthh11QuantMode_thbb14QuantMode_posthbhhb] -> (nil)
AscendC: [_ZN7AscendC20copy_matrix_cc_to_gmEPaPihttjth11QuantMode_thbb] -> 0xffff9da09958
AscendC: [_ZN7AscendC20copy_matrix_cc_to_gmEPhPimm] -> (nil)
AscendC: [_ZN7AscendC20copy_matrix_cc_to_gmEPhPihttjthh11QuantMode_thbbb] -> (nil)
AscendC: [_ZN7AscendC20copy_matrix_cc_to_gmEPhPihttjthh11QuantMode_thbb14QuantMode_posthbhhb] -> (nil)
AscendC: [_ZN7AscendC20copy_matrix_cc_to_gmEPhPihttjth11QuantMode_thbb] -> 0xffff9da09f78
AscendC: [_ZN7AscendC20copy_matrix_cc_to_gmEPiS0_httjthh11QuantMode_thbbb] -> (nil)
AscendC: [_ZN7AscendC20copy_matrix_cc_to_gmEPiS0_httjthh11QuantMode_thbb14QuantMode_posthbhhb] -> (nil)
AscendC: [_ZN7AscendC20copy_matrix_cc_to_gmEPiS0_httjth11QuantMode_thbb] -> 0xffff9da08d20
AscendC: [_ZN7AscendC20copy_matrix_cc_to_gmEPN8bfloat165Bf16TEPfhttjth11QuantMode_thbb] -> 0xffff9da08a28
AscendC: [_ZN7AscendC20copy_matrix_cc_to_gmEPN8bfloat165Bf16TEPfhttjthh11QuantMode_thbbb] -> (nil)
AscendC: [_ZN7AscendC23copy_matrix_cc_to_gm_b4EPvPfmm] -> (nil)
AscendC: [_ZN7AscendC23copy_matrix_cc_to_gm_b4EPvPfhttjth11QuantMode_thbb] -> (nil)
AscendC: [_ZN7AscendC23copy_matrix_cc_to_gm_b4EPvPimm] -> (nil)
AscendC: [_ZN7AscendC23copy_matrix_cc_to_gm_b4EPvPihttjth11QuantMode_thbb] -> (nil)
AscendC: [_ZN7AscendC25copy_matrix_cc_to_gm_bf16EPtPfmm] -> (nil)
AscendC: [_ZN7AscendC25copy_matrix_cc_to_gm_bf16EPtPfhttjthh11QuantMode_thbbb] -> (nil)
AscendC: [_ZN7AscendC25copy_matrix_cc_to_gm_bf16EPtPfhttjthh11QuantMode_thbb14QuantMode_posthbhhb] -> (nil)
AscendC: [_ZN7AscendC25copy_matrix_cc_to_gm_bf16EPtPfhttjth11QuantMode_thbb] -> (nil)
AscendC: [_ZN7AscendC23copy_matrix_cc_to_gm_s4EPvPfmm] -> (nil)
AscendC: [_ZN7AscendC23copy_matrix_cc_to_gm_s4EPvPfhttjthh11QuantMode_thbbb] -> (nil)
AscendC: [_ZN7AscendC23copy_matrix_cc_to_gm_s4EPvPfhttjthh11QuantMode_thbb14QuantMode_posthbhhb] -> (nil)
AscendC: [_ZN7AscendC23copy_matrix_cc_to_gm_s4EPvPimm] -> (nil)
AscendC: [_ZN7AscendC23copy_matrix_cc_to_gm_s4EPvPihttjthh11QuantMode_thbbb] -> (nil)
AscendC: [_ZN7AscendC23copy_matrix_cc_to_gm_s4EPvPihttjthh11QuantMode_thbb14QuantMode_posthbhhb] -> (nil)
AscendC: [_ZN7AscendC20copy_matrix_cc_to_ubEPN7float165Fp16TEPfmm] -> (nil)
AscendC: [_ZN7AscendC20copy_matrix_cc_to_ubEPN7float165Fp16TEPfhttjthh11QuantMode_thbbb] -> (nil)
AscendC: [_ZN7AscendC20copy_matrix_cc_to_ubEPN8bfloat165Bf16TEPfhttjthh11QuantMode_thbbb] -> (nil)
AscendC: [_ZN7AscendC20copy_matrix_cc_to_ubEPN7float165Fp16TEPfhttjthh11QuantMode_thbb14QuantMode_posthbhhb] -> (nil)
AscendC: [_ZN7AscendC20copy_matrix_cc_to_ubEPaPfmm] -> (nil)
AscendC: [_ZN7AscendC20copy_matrix_cc_to_ubEPaPfhttjthh11QuantMode_thbbb] -> (nil)
AscendC: [_ZN7AscendC20copy_matrix_cc_to_ubEPaPfhttjthh11QuantMode_thbb14QuantMode_posthbhhb] -> (nil)
AscendC: [_ZN7AscendC20copy_matrix_cc_to_ubEPhPfmm] -> (nil)
AscendC: [_ZN7AscendC20copy_matrix_cc_to_ubEPhPfhttjthh11QuantMode_thbbb] -> (nil)
AscendC: [_ZN7AscendC20copy_matrix_cc_to_ubEPhPfhttjthh11QuantMode_thbb14QuantMode_posthbhhb] -> (nil)
AscendC: [_ZN7AscendC20copy_matrix_cc_to_ubEPfS0_mm] -> (nil)
AscendC: [_ZN7AscendC20copy_matrix_cc_to_ubEPfS0_httjthh11QuantMode_thbbb] -> (nil)
AscendC: [_ZN7AscendC20copy_matrix_cc_to_ubEPfS0_httjthh11QuantMode_thbb14QuantMode_posthbhhb] -> (nil)
AscendC: [_ZN7AscendC20copy_matrix_cc_to_ubEPN7float165Fp16TEPimm] -> (nil)
AscendC: [_ZN7AscendC20copy_matrix_cc_to_ubEPN7float165Fp16TEPihttjthh11QuantMode_thbbb] -> (nil)
AscendC: [_ZN7AscendC20copy_matrix_cc_to_ubEPN7float165Fp16TEPihttjthh11QuantMode_thbb14QuantMode_posthbhhb] -> (nil)
AscendC: [_ZN7AscendC20copy_matrix_cc_to_ubEPaPimm] -> (nil)
AscendC: [_ZN7AscendC20copy_matrix_cc_to_ubEPaPihttjthh11QuantMode_thbbb] -> (nil)
AscendC: [_ZN7AscendC20copy_matrix_cc_to_ubEPaPihttjthh11QuantMode_thbb14QuantMode_posthbhhb] -> (nil)
AscendC: [_ZN7AscendC20copy_matrix_cc_to_ubEPhPimm] -> (nil)
AscendC: [_ZN7AscendC20copy_matrix_cc_to_ubEPhPihttjthh11QuantMode_thbbb] -> (nil)
AscendC: [_ZN7AscendC20copy_matrix_cc_to_ubEPhPihttjthh11QuantMode_thbb14QuantMode_posthbhhb] -> (nil)
AscendC: [_ZN7AscendC20copy_matrix_cc_to_ubEPiS0_mm] -> (nil)
AscendC: [_ZN7AscendC20copy_matrix_cc_to_ubEPiS0_httjthh11QuantMode_thbbb] -> (nil)
AscendC: [_ZN7AscendC20copy_matrix_cc_to_ubEPiS0_httjthh11QuantMode_thbb14QuantMode_posthbhhb] -> (nil)
AscendC: [_ZN7AscendC25copy_matrix_cc_to_ub_bf16EPtPfmm] -> (nil)
AscendC: [_ZN7AscendC25copy_matrix_cc_to_ub_bf16EPtPfhttjthh11QuantMode_thbbb] -> (nil)
AscendC: [_ZN7AscendC25copy_matrix_cc_to_ub_bf16EPtPfhttjthh11QuantMode_thbb14QuantMode_posthbhhb] -> (nil)
AscendC: [_ZN7AscendC23copy_matrix_cc_to_ub_s4EPvPfmm] -> (nil)
AscendC: [_ZN7AscendC23copy_matrix_cc_to_ub_s4EPvPfhttjthh11QuantMode_thbbb] -> (nil)
AscendC: [_ZN7AscendC23copy_matrix_cc_to_ub_s4EPvPfhttjthh11QuantMode_thbb14QuantMode_posthbhhb] -> (nil)
AscendC: [_ZN7AscendC23copy_matrix_cc_to_ub_s4EPvPimm] -> (nil)
AscendC: [_ZN7AscendC23copy_matrix_cc_to_ub_s4EPvPihttjthh11QuantMode_thbbb] -> (nil)
AscendC: [_ZN7AscendC23copy_matrix_cc_to_ub_s4EPvPihttjthh11QuantMode_thbb14QuantMode_posthbhhb] -> (nil)
AscendC: [_ZN7AscendC22copy_matrix_cc_to_ubufEPN7float165Fp16TES2_m10ConvRelu_t] -> (nil)
AscendC: [_ZN7AscendC22copy_matrix_cc_to_ubufEPN7float165Fp16TES2_htttt10ConvRelu_t] -> 0xffff9d9c24b8
AscendC: [_ZN7AscendC22copy_matrix_cc_to_ubufEPN7float165Fp16TEPfm10ConvRelu_t] -> (nil)
AscendC: [_ZN7AscendC22copy_matrix_cc_to_ubufEPN7float165Fp16TEPfhtttt10ConvRelu_t] -> 0xffff9d9c26b8
AscendC: [_ZN7AscendC22copy_matrix_cc_to_ubufEPfS0_m10ConvRelu_t] -> (nil)
AscendC: [_ZN7AscendC22copy_matrix_cc_to_ubufEPfS0_htttt10ConvRelu_t] -> 0xffff9d9c28c0
AscendC: [_ZN7AscendC22copy_matrix_cc_to_ubufEPN7float165Fp16TEPim10ConvRelu_t] -> (nil)
AscendC: [_ZN7AscendC22copy_matrix_cc_to_ubufEPN7float165Fp16TEPihtttt10ConvRelu_t] -> 0xffff9d9c2ac0
AscendC: [_ZN7AscendC22copy_matrix_cc_to_ubufEPsPim10ConvRelu_t] -> (nil)
AscendC: [_ZN7AscendC22copy_matrix_cc_to_ubufEPsPihtttt10ConvRelu_t] -> 0xffff9d9c2cc8
AscendC: [_ZN7AscendC22copy_matrix_cc_to_ubufEPiS0_m10ConvRelu_t] -> (nil)
AscendC: [_ZN7AscendC22copy_matrix_cc_to_ubufEPiS0_htttt10ConvRelu_t] -> 0xffff9d9c2ed0
AscendC: [_ZN7AscendC22copy_matrix_cc_to_ubufEPaPim10ConvRelu_t] -> (nil)
AscendC: [_ZN7AscendC22copy_matrix_cc_to_ubufEPaPihtttt10ConvRelu_t] -> 0xffff9d9c30d0
AscendC: [_ZN7AscendC22copy_matrix_cc_to_ubufEPjS0_m10ConvRelu_t] -> (nil)
AscendC: [_ZN7AscendC22copy_matrix_cc_to_ubufEPjS0_htttt10ConvRelu_t] -> 0xffff9d9c32d8
AscendC: [_ZN7AscendC22copy_matrix_cc_to_ubufEPhPim10ConvRelu_t] -> (nil)
AscendC: [_ZN7AscendC22copy_matrix_cc_to_ubufEPhPihtttt10ConvRelu_t] -> 0xffff9d9c34d8
AscendC: [_ZN7AscendC22copy_matrix_ubuf_to_ccEPN7float165Fp16TES2_m10ConvRelu_t] -> (nil)
AscendC: [_ZN7AscendC22copy_matrix_ubuf_to_ccEPN7float165Fp16TES2_htttt10ConvRelu_t] -> 0xffff9d9c36e0
AscendC: [_ZN7AscendC22copy_matrix_ubuf_to_ccEPfS0_m10ConvRelu_t] -> (nil)
AscendC: [_ZN7AscendC22copy_matrix_ubuf_to_ccEPfS0_htttt10ConvRelu_t] -> 0xffff9d9c38e0
AscendC: [_ZN7AscendC22copy_matrix_ubuf_to_ccEPfPN7float165Fp16TEm10ConvRelu_t] -> (nil)
AscendC: [_ZN7AscendC22copy_matrix_ubuf_to_ccEPfPN7float165Fp16TEhtttt10ConvRelu_t] -> 0xffff9d9c3ae0
AscendC: [_ZN7AscendC22copy_matrix_ubuf_to_ccEPiS0_m10ConvRelu_t] -> (nil)
AscendC: [_ZN7AscendC22copy_matrix_ubuf_to_ccEPiS0_htttt10ConvRelu_t] -> 0xffff9d9c3ce8
AscendC: [_ZN7AscendC22copy_matrix_ubuf_to_ccEPjS0_m10ConvRelu_t] -> (nil)
AscendC: [_ZN7AscendC22copy_matrix_ubuf_to_ccEPjS0_htttt10ConvRelu_t] -> 0xffff9d9c3ee8
AscendC: [_ZN7AscendC28copy_small_matrix_cc_to_ubufEPN7float165Fp16TEPim10ConvRelu_t] -> (nil)
AscendC: [_ZN7AscendC28copy_small_matrix_cc_to_ubufEPN7float165Fp16TEPihtttt10ConvRelu_t] -> (nil)
AscendC: [_ZN7AscendC28copy_small_matrix_cc_to_ubufEPsPim10ConvRelu_t] -> (nil)
AscendC: [_ZN7AscendC28copy_small_matrix_cc_to_ubufEPsPihtttt10ConvRelu_t] -> (nil)
AscendC: [_ZN7AscendC28copy_small_matrix_cc_to_ubufEPiS0_m10ConvRelu_t] -> (nil)
AscendC: [_ZN7AscendC28copy_small_matrix_cc_to_ubufEPiS0_htttt10ConvRelu_t] -> (nil)
AscendC: [_ZN7AscendC28copy_small_matrix_cc_to_ubufEPaPim10ConvRelu_t] -> (nil)
AscendC: [_ZN7AscendC28copy_small_matrix_cc_to_ubufEPaPihtttt10ConvRelu_t] -> (nil)
AscendC: [_ZN7AscendC28copy_small_matrix_cc_to_ubufEPjS0_m10ConvRelu_t] -> (nil)
AscendC: [_ZN7AscendC28copy_small_matrix_cc_to_ubufEPjS0_htttt10ConvRelu_t] -> (nil)
AscendC: [_ZN7AscendC28copy_small_matrix_cc_to_ubufEPhPim10ConvRelu_t] -> (nil)
AscendC: [_ZN7AscendC28copy_small_matrix_cc_to_ubufEPhPihtttt10ConvRelu_t] -> (nil)
AscendC: [_ZN7AscendC28copy_small_matrix_ubuf_to_ccEPiS0_m10ConvRelu_t] -> (nil)
AscendC: [_ZN7AscendC28copy_small_matrix_ubuf_to_ccEPiS0_htttt10ConvRelu_t] -> (nil)
AscendC: [_ZN7AscendC28copy_small_matrix_ubuf_to_ccEPjS0_m10ConvRelu_t] -> (nil)
AscendC: [_ZN7AscendC28copy_small_matrix_ubuf_to_ccEPjS0_htttt10ConvRelu_t] -> (nil)
AscendC: [_ZN7AscendC17copy_ubuf_to_cbufEPvS0_m] -> (nil)
AscendC: [_ZN7AscendC17copy_ubuf_to_cbufEPvS0_htttt] -> 0xffff9d9c12f8
AscendC: [_ZN7AscendC17copy_ubuf_to_fbufEPvS0_m] -> (nil)
AscendC: [_ZN7AscendC17copy_ubuf_to_fbufEPvS0_9CvtMode_ttttt] -> (nil)
AscendC: [_ZN7AscendC15copy_ubuf_to_gmEPvS0_m] -> (nil)
AscendC: [_ZN7AscendC15copy_ubuf_to_gmEPvS0_m4bm_t] -> (nil)
AscendC: [_ZN7AscendC15copy_ubuf_to_gmEPvS0_htttt4bm_t] -> (nil)
AscendC: [_ZN7AscendC15copy_ubuf_to_gmEPvS0_htttt] -> 0xffff9d9c14e0
AscendC: [_ZN7AscendC25copy_ubuf_to_gm_align_b16EPvS0_mm] -> (nil)
AscendC: [_ZN7AscendC25copy_ubuf_to_gm_align_b16EPvS0_htjhhjj] -> 0xffff9d9bfb00
AscendC: [_ZN7AscendC25copy_ubuf_to_gm_align_b32EPvS0_mm] -> (nil)
AscendC: [_ZN7AscendC25copy_ubuf_to_gm_align_b32EPvS0_htjhhjj] -> 0xffff9d9bfb60
AscendC: [_ZN7AscendC24copy_ubuf_to_gm_align_b8EPvS0_mm] -> (nil)
AscendC: [_ZN7AscendC24copy_ubuf_to_gm_align_b8EPvS0_htjhhjj] -> 0xffff9d9bfaa0
AscendC: [_ZN7AscendC21copy_ubuf_to_gm_alignEPaS0_htjjj] -> (nil)
AscendC: [_ZN7AscendC21copy_ubuf_to_gm_alignEPhS0_htjjj] -> (nil)
AscendC: [_ZN7AscendC21copy_ubuf_to_gm_alignEPsS0_htjjj] -> (nil)
AscendC: [_ZN7AscendC21copy_ubuf_to_gm_alignEPtS0_htjjj] -> (nil)
AscendC: [_ZN7AscendC21copy_ubuf_to_gm_alignEPN7float165Fp16TES2_htjjj] -> (nil)
AscendC: [_ZN7AscendC21copy_ubuf_to_gm_alignEPiS0_htjjj] -> (nil)
AscendC: [_ZN7AscendC21copy_ubuf_to_gm_alignEPjS0_htjjj] -> (nil)
AscendC: [_ZN7AscendC21copy_ubuf_to_gm_alignEPfS0_htjjj] -> (nil)
AscendC: [_ZN7AscendC23copy_ubuf_to_gm_pad_b16EPvS0_mm] -> (nil)
AscendC: [_ZN7AscendC23copy_ubuf_to_gm_pad_b16EPvS0_htttthh] -> (nil)
AscendC: [_ZN7AscendC23copy_ubuf_to_gm_pad_b32EPvS0_mm] -> (nil)
AscendC: [_ZN7AscendC23copy_ubuf_to_gm_pad_b32EPvS0_htttthh] -> (nil)
AscendC: [_ZN7AscendC22copy_ubuf_to_gm_pad_b8EPvS0_mm] -> (nil)
AscendC: [_ZN7AscendC22copy_ubuf_to_gm_pad_b8EPvS0_htttthh] -> (nil)
AscendC: [_ZN7AscendC17copy_ubuf_to_ubufEPvS0_m] -> (nil)
AscendC: [_ZN7AscendC17copy_ubuf_to_ubufEPvS0_htttt] -> 0xffff9d9c16d0
AscendC: [_ZN7AscendC22copy_vector_cc_to_ubufEPN7float165Fp16TES2_m10ConvRelu_t] -> (nil)
AscendC: [_ZN7AscendC22copy_vector_cc_to_ubufEPN7float165Fp16TES2_htttt10ConvRelu_t] -> 0xffff9d9c40e8
AscendC: [_ZN7AscendC22copy_vector_cc_to_ubufEPN7float165Fp16TEPfm10ConvRelu_t] -> (nil)
AscendC: [_ZN7AscendC22copy_vector_cc_to_ubufEPN7float165Fp16TEPfhtttt10ConvRelu_t] -> 0xffff9d9c42e8
AscendC: [_ZN7AscendC22copy_vector_cc_to_ubufEPfS0_m10ConvRelu_t] -> (nil)
AscendC: [_ZN7AscendC22copy_vector_cc_to_ubufEPfS0_htttt10ConvRelu_t] -> 0xffff9d9c44f8
AscendC: [_ZN7AscendC22copy_vector_cc_to_ubufEPN7float165Fp16TEPim10ConvRelu_t] -> (nil)
AscendC: [_ZN7AscendC22copy_vector_cc_to_ubufEPN7float165Fp16TEPihtttt10ConvRelu_t] -> 0xffff9d9c46f8
AscendC: [_ZN7AscendC22copy_vector_cc_to_ubufEPsPim10ConvRelu_t] -> (nil)
AscendC: [_ZN7AscendC22copy_vector_cc_to_ubufEPsPihtttt10ConvRelu_t] -> 0xffff9d9c4908
AscendC: [_ZN7AscendC22copy_vector_cc_to_ubufEPiS0_m10ConvRelu_t] -> (nil)
AscendC: [_ZN7AscendC22copy_vector_cc_to_ubufEPiS0_htttt10ConvRelu_t] -> 0xffff9d9c4b18
AscendC: [_ZN7AscendC22copy_vector_cc_to_ubufEPaPim10ConvRelu_t] -> (nil)
AscendC: [_ZN7AscendC22copy_vector_cc_to_ubufEPaPihtttt10ConvRelu_t] -> 0xffff9d9c4d18
AscendC: [_ZN7AscendC22copy_vector_cc_to_ubufEPjS0_m10ConvRelu_t] -> (nil)
AscendC: [_ZN7AscendC22copy_vector_cc_to_ubufEPjS0_htttt10ConvRelu_t] -> 0xffff9d9c4f28
AscendC: [_ZN7AscendC22copy_vector_cc_to_ubufEPhPim10ConvRelu_t] -> (nil)
AscendC: [_ZN7AscendC22copy_vector_cc_to_ubufEPhPihtttt10ConvRelu_t] -> 0xffff9d9c5128
AscendC: [_ZN7AscendC22copy_vector_ubuf_to_ccEPN7float165Fp16TES2_m10ConvRelu_t] -> (nil)
AscendC: [_ZN7AscendC22copy_vector_ubuf_to_ccEPN7float165Fp16TES2_htttt10ConvRelu_t] -> 0xffff9d9c5338
AscendC: [_ZN7AscendC22copy_vector_ubuf_to_ccEPfS0_m10ConvRelu_t] -> (nil)
AscendC: [_ZN7AscendC22copy_vector_ubuf_to_ccEPfS0_htttt10ConvRelu_t] -> 0xffff9d9c5538
AscendC: [_ZN7AscendC22copy_vector_ubuf_to_ccEPfPN7float165Fp16TEm10ConvRelu_t] -> (nil)
AscendC: [_ZN7AscendC22copy_vector_ubuf_to_ccEPfPN7float165Fp16TEhtttt10ConvRelu_t] -> 0xffff9d9c5738
AscendC: [_ZN7AscendC22copy_vector_ubuf_to_ccEPiS0_m10ConvRelu_t] -> (nil)
AscendC: [_ZN7AscendC22copy_vector_ubuf_to_ccEPiS0_htttt10ConvRelu_t] -> 0xffff9d9c5948
AscendC: [_ZN7AscendC22copy_vector_ubuf_to_ccEPjS0_m10ConvRelu_t] -> (nil)
AscendC: [_ZN7AscendC22copy_vector_ubuf_to_ccEPjS0_htttt10ConvRelu_t] -> 0xffff9d9c5b48
AscendC: [_ZN7AscendC16create_ca_matrixEPvlN7float165Fp16TE] -> (nil)
AscendC: [_ZN7AscendC16create_ca_matrixEPN7float165Fp16TElS1_] -> 0xffff9da19e30
AscendC: [_ZN7AscendC16create_ca_matrixEPslN7float165Fp16TE] -> 0xffff9da1a3b8
AscendC: [_ZN7AscendC16create_ca_matrixEPtlN7float165Fp16TE] -> 0xffff9da1a940
AscendC: [_ZN7AscendC16create_ca_matrixEPN7float165Fp16TElj] -> (nil)
AscendC: [_ZN7AscendC16create_ca_matrixEPflj] -> 0xffff9da1b850
AscendC: [_ZN7AscendC16create_ca_matrixEPflN7float165Fp16TE] -> (nil)
AscendC: [_ZN7AscendC16create_ca_matrixEPslj] -> (nil)
AscendC: [_ZN7AscendC16create_ca_matrixEPilj] -> 0xffff9da1aec0
AscendC: [_ZN7AscendC16create_ca_matrixEPilN7float165Fp16TE] -> (nil)
AscendC: [_ZN7AscendC16create_ca_matrixEPtlj] -> (nil)
AscendC: [_ZN7AscendC16create_ca_matrixEPjlj] -> 0xffff9da1b388
AscendC: [_ZN7AscendC16create_ca_matrixEPjlN7float165Fp16TE] -> (nil)
AscendC: [_ZN7AscendC21create_ca_matrix_bf16EPN8bfloat165Bf16TElS1_] -> 0xffff9da1bd18
AscendC: [_ZN7AscendC16create_cb_matrixEPvlN7float165Fp16TE] -> (nil)
AscendC: [_ZN7AscendC16create_cb_matrixEPN7float165Fp16TElS1_] -> 0xffff9da1a008
AscendC: [_ZN7AscendC16create_cb_matrixEPslN7float165Fp16TE] -> 0xffff9da1a590
AscendC: [_ZN7AscendC16create_cb_matrixEPtlN7float165Fp16TE] -> 0xffff9da1ab18
AscendC: [_ZN7AscendC16create_cb_matrixEPN7float165Fp16TElj] -> (nil)
AscendC: [_ZN7AscendC16create_cb_matrixEPflj] -> 0xffff9da1b9e8
AscendC: [_ZN7AscendC16create_cb_matrixEPflN7float165Fp16TE] -> (nil)
AscendC: [_ZN7AscendC16create_cb_matrixEPslj] -> (nil)
AscendC: [_ZN7AscendC16create_cb_matrixEPilj] -> 0xffff9da1b058
AscendC: [_ZN7AscendC16create_cb_matrixEPilN7float165Fp16TE] -> (nil)
AscendC: [_ZN7AscendC16create_cb_matrixEPtlj] -> (nil)
AscendC: [_ZN7AscendC16create_cb_matrixEPjlj] -> 0xffff9da1b520
AscendC: [_ZN7AscendC16create_cb_matrixEPjlN7float165Fp16TE] -> (nil)
AscendC: [_ZN7AscendC21create_cb_matrix_bf16EPN8bfloat165Bf16TElS1_] -> 0xffff9da1bef0
AscendC: [_ZN7AscendC18create_cbuf_matrixEPvlN7float165Fp16TE] -> (nil)
AscendC: [_ZN7AscendC18create_cbuf_matrixEPN7float165Fp16TElS1_] -> 0xffff9da1a1e0
AscendC: [_ZN7AscendC18create_cbuf_matrixEPslN7float165Fp16TE] -> 0xffff9da1a768
AscendC: [_ZN7AscendC18create_cbuf_matrixEPtlN7float165Fp16TE] -> 0xffff9da1acf0
AscendC: [_ZN7AscendC18create_cbuf_matrixEPN7float165Fp16TElj] -> (nil)
AscendC: [_ZN7AscendC18create_cbuf_matrixEPflj] -> 0xffff9da1bb80
AscendC: [_ZN7AscendC18create_cbuf_matrixEPflN7float165Fp16TE] -> (nil)
AscendC: [_ZN7AscendC18create_cbuf_matrixEPslj] -> (nil)
AscendC: [_ZN7AscendC18create_cbuf_matrixEPilj] -> 0xffff9da1b1f0
AscendC: [_ZN7AscendC18create_cbuf_matrixEPilN7float165Fp16TE] -> (nil)
AscendC: [_ZN7AscendC18create_cbuf_matrixEPtlj] -> (nil)
AscendC: [_ZN7AscendC18create_cbuf_matrixEPjlj] -> 0xffff9da1b6b8
AscendC: [_ZN7AscendC18create_cbuf_matrixEPjlN7float165Fp16TE] -> (nil)
AscendC: [_ZN7AscendC23create_cbuf_matrix_bf16EPN8bfloat165Bf16TElS1_] -> 0xffff9da1c0c8
AscendC: [_ZN7AscendC10dc_preloadEPms] -> 0xffff9d9d6f28
AscendC: [_ZN7AscendC10dc_preloadEPml] -> (nil)
AscendC: [_ZN7AscendC4dcciEPvm] -> 0xffff9da087c8
AscendC: [_ZN7AscendC4dcciEPvmm] -> 0xffff9da086f8
AscendC: [_ZN7AscendC21decompress_gm_to_cbufEPhS0_l] -> (nil)
AscendC: [_ZN7AscendC21decompress_gm_to_cbufEPhS0_tbhh] -> (nil)
AscendC: [_ZN7AscendC21decompress_gm_to_cbufEPN7float165Fp16TES2_l] -> (nil)
AscendC: [_ZN7AscendC21decompress_gm_to_cbufEPN7float165Fp16TES2_tbhh] -> (nil)
AscendC: [_ZN7AscendC19decompress_gm_to_ubEPhS0_l] -> (nil)
AscendC: [_ZN7AscendC19decompress_gm_to_ubEPhS0_tbhh] -> (nil)
AscendC: [_ZN7AscendC19decompress_gm_to_ubEPN7float165Fp16TES2_l] -> (nil)
AscendC: [_ZN7AscendC19decompress_gm_to_ubEPN7float165Fp16TES2_tbhh] -> (nil)
AscendC: [_ZN7AscendC14depthwise_convEPN7float165Fp16TES2_S2_mb] -> (nil)
AscendC: [_ZN7AscendC14depthwise_convEPN7float165Fp16TES2_S2_tthhhhb] -> (nil)
AscendC: [_ZN7AscendC14depthwise_convEPfPN7float165Fp16TES3_mb] -> (nil)
AscendC: [_ZN7AscendC14depthwise_convEPfPN7float165Fp16TES3_tthhhhb] -> (nil)
AscendC: [_ZN7AscendC14depthwise_convEPiPaS1_mb] -> (nil)
AscendC: [_ZN7AscendC14depthwise_convEPiPaS1_ttahhhb] -> (nil)
AscendC: [_ZN7AscendC14depthwise_convEPiPhS1_mb] -> (nil)
AscendC: [_ZN7AscendC14depthwise_convEPiPhS1_tthhhhb] -> (nil)
AscendC: [_ZN7AscendC14depthwise_convEPiPhPamb] -> (nil)
AscendC: [_ZN7AscendC14depthwise_convEPiPhPatthhhhb] -> (nil)
AscendC: [_ZN7AscendC17depthwise_conv_v2EPN7float165Fp16TES2_S2_m] -> (nil)
AscendC: [_ZN7AscendC17depthwise_conv_v2EPN7float165Fp16TES2_S2_tthhhthbbh] -> (nil)
AscendC: [_ZN7AscendC17depthwise_conv_v2EPfPN7float165Fp16TES3_m] -> (nil)
AscendC: [_ZN7AscendC17depthwise_conv_v2EPfPN7float165Fp16TES3_tthhhthbbh] -> (nil)
AscendC: [_ZN7AscendC17depthwise_conv_v2EPiPaS1_m] -> (nil)
AscendC: [_ZN7AscendC17depthwise_conv_v2EPiPaS1_tthhhthbbh] -> (nil)
AscendC: [_ZN7AscendC17depthwise_conv_v2EPiPhS1_m] -> (nil)
AscendC: [_ZN7AscendC17depthwise_conv_v2EPiPhS1_tthhhthbbh] -> (nil)
AscendC: [_ZN7AscendC17depthwise_conv_v2EPiPhPam] -> (nil)
AscendC: [_ZN7AscendC17depthwise_conv_v2EPiPhPatthhhthbbh] -> (nil)
AscendC: [_ZN7AscendC3dsbE9mem_dsb_t] -> 0xffff9d9d6170
AscendC: [_ZN7AscendC22fake_overflow_status_1Ev] -> (nil)
AscendC: [_ZN7AscendC22fake_overflow_status_2Ev] -> (nil)
AscendC: [_ZN7AscendC20ffts_cross_core_syncE6pipe_tm] -> 0xffff9d9dabd8
AscendC: [_ZN7AscendC5fifr1EPsS0_mm] -> (nil)
AscendC: [_ZN7AscendC5fifr1EPsS0_mm4bm_t] -> (nil)
AscendC: [_ZN7AscendC5fifr1EPsS0_8w_size_thhhaaaaaaaaaahh4bm_t] -> (nil)
AscendC: [_ZN7AscendC5fifr1EPsS0_8w_size_thhhaaaaaaaaaahh] -> (nil)
AscendC: [_ZN7AscendC5fifr1EPsPamm] -> (nil)
AscendC: [_ZN7AscendC5fifr1EPsPamm4bm_t] -> (nil)
AscendC: [_ZN7AscendC5fifr1EPsPa8w_size_thhhaaaaaaaaaahh4bm_t] -> (nil)
AscendC: [_ZN7AscendC5fifr1EPsPa8w_size_thhhaaaaaaaaaahh] -> (nil)
AscendC: [_ZN7AscendC5fifr1EPsPtmm] -> (nil)
AscendC: [_ZN7AscendC5fifr1EPsPtmm4bm_t] -> (nil)
AscendC: [_ZN7AscendC5fifr1EPsPt8w_size_thhhaaaaaaaaaahh4bm_t] -> (nil)
AscendC: [_ZN7AscendC5fifr1EPsPt8w_size_thhhaaaaaaaaaahh] -> (nil)
AscendC: [_ZN7AscendC5fifr1EPsPhmm] -> (nil)
AscendC: [_ZN7AscendC5fifr1EPsPhmm4bm_t] -> (nil)
AscendC: [_ZN7AscendC5fifr1EPsPh8w_size_thhhaaaaaaaaaahh4bm_t] -> (nil)
AscendC: [_ZN7AscendC5fifr1EPsPh8w_size_thhhaaaaaaaaaahh] -> (nil)
AscendC: [_ZN7AscendC26fix_depthwisein_cc_to_cbufEPaPimm] -> (nil)
AscendC: [_ZN7AscendC26fix_depthwisein_cc_to_cbufEPaPi11unit_flag_thtttt13ConvReluFix_tb6Relu_tbS4_6Pool_t5Req_t10DualMode_ttt] -> (nil)
AscendC: [_ZN7AscendC26fix_depthwisein_cc_to_cbufEPhPimm] -> (nil)
AscendC: [_ZN7AscendC26fix_depthwisein_cc_to_cbufEPhPi11unit_flag_thtttt13ConvReluFix_tb6Relu_tbS4_6Pool_t5Req_t10DualMode_ttt] -> (nil)
AscendC: [_ZN7AscendC26fix_depthwisein_cc_to_ubufEPaPimm] -> (nil)
AscendC: [_ZN7AscendC26fix_depthwisein_cc_to_ubufEPaPi11unit_flag_thtttt13ConvReluFix_tb6Relu_tbS4_6Pool_t5Req_t10DualMode_ttt] -> (nil)
AscendC: [_ZN7AscendC26fix_depthwisein_cc_to_ubufEPhPimm] -> (nil)
AscendC: [_ZN7AscendC26fix_depthwisein_cc_to_ubufEPhPi11unit_flag_thtttt13ConvReluFix_tb6Relu_tbS4_6Pool_t5Req_t10DualMode_ttt] -> (nil)
AscendC: [_ZN7AscendC27fix_depthwiseout_cc_to_cbufEPaPimm] -> (nil)
AscendC: [_ZN7AscendC27fix_depthwiseout_cc_to_cbufEPaPi11unit_flag_thtttt13ConvReluFix_tb6Relu_tbS4_6Pool_t5Req_t10DualMode_ttt] -> (nil)
AscendC: [_ZN7AscendC27fix_depthwiseout_cc_to_cbufEPhPimm] -> (nil)
AscendC: [_ZN7AscendC27fix_depthwiseout_cc_to_cbufEPhPi11unit_flag_thtttt13ConvReluFix_tb6Relu_tbS4_6Pool_t5Req_t10DualMode_ttt] -> (nil)
AscendC: [_ZN7AscendC21fix_matrix_cc_to_cbufEPN7float165Fp16TES2_mm] -> (nil)
AscendC: [_ZN7AscendC21fix_matrix_cc_to_cbufEPaPN7float165Fp16TEmm] -> (nil)
AscendC: [_ZN7AscendC21fix_matrix_cc_to_cbufEPaPN7float165Fp16TE11unit_flag_thtttt13ConvReluFix_tb6Relu_tbS6_6Pool_t5Req_t10DualMode_ttt] -> (nil)
AscendC: [_ZN7AscendC21fix_matrix_cc_to_cbufEPhPN7float165Fp16TEmm] -> (nil)
AscendC: [_ZN7AscendC21fix_matrix_cc_to_cbufEPhPN7float165Fp16TE11unit_flag_thtttt13ConvReluFix_tb6Relu_tbS6_6Pool_t5Req_t10DualMode_ttt] -> (nil)
AscendC: [_ZN7AscendC21fix_matrix_cc_to_cbufEPN7float165Fp16TES2_11unit_flag_thtttt13ConvReluFix_tb6Relu_tbS5_6Pool_t5Req_t10DualMode_ttt] -> (nil)
AscendC: [_ZN7AscendC21fix_matrix_cc_to_cbufEPiS0_mm] -> (nil)
AscendC: [_ZN7AscendC21fix_matrix_cc_to_cbufEPN7float165Fp16TEPimm] -> (nil)
AscendC: [_ZN7AscendC21fix_matrix_cc_to_cbufEPN7float165Fp16TEPi11unit_flag_thtttt13ConvReluFix_tb6Relu_tbS6_6Pool_t5Req_t10DualMode_ttt] -> (nil)
AscendC: [_ZN7AscendC21fix_matrix_cc_to_cbufEPsPimm] -> (nil)
AscendC: [_ZN7AscendC21fix_matrix_cc_to_cbufEPsPi11unit_flag_thtttt13ConvReluFix_tb6Relu_tbS4_6Pool_t5Req_t10DualMode_ttt] -> (nil)
AscendC: [_ZN7AscendC21fix_matrix_cc_to_cbufEPaPimm] -> (nil)
AscendC: [_ZN7AscendC21fix_matrix_cc_to_cbufEPaPi11unit_flag_thtttt13ConvReluFix_tb6Relu_tbS4_6Pool_t5Req_t10DualMode_ttt] -> (nil)
AscendC: [_ZN7AscendC21fix_matrix_cc_to_cbufEPhPimm] -> (nil)
AscendC: [_ZN7AscendC21fix_matrix_cc_to_cbufEPhPi11unit_flag_thtttt13ConvReluFix_tb6Relu_tbS4_6Pool_t5Req_t10DualMode_ttt] -> (nil)
AscendC: [_ZN7AscendC21fix_matrix_cc_to_cbufEPiS0_11unit_flag_thtttt13ConvReluFix_tb6Relu_tbS3_6Pool_t5Req_t10DualMode_ttt] -> (nil)
AscendC: [_ZN7AscendC21fix_matrix_cc_to_ubufEPN7float165Fp16TES2_mm] -> (nil)
AscendC: [_ZN7AscendC21fix_matrix_cc_to_ubufEPN7float165Fp16TES2_11unit_flag_thtttt13ConvReluFix_tb6Relu_tbS5_6Pool_t5Req_t10DualMode_ttt] -> (nil)
AscendC: [_ZN7AscendC21fix_matrix_cc_to_ubufEPN7float165Fp16TEPimm] -> (nil)
AscendC: [_ZN7AscendC21fix_matrix_cc_to_ubufEPN7float165Fp16TEPi11unit_flag_thtttt13ConvReluFix_tb6Relu_tbS6_6Pool_t5Req_t10DualMode_ttt] -> (nil)
AscendC: [_ZN7AscendC21fix_matrix_cc_to_ubufEPsPimm] -> (nil)
AscendC: [_ZN7AscendC21fix_matrix_cc_to_ubufEPsPi11unit_flag_thtttt13ConvReluFix_tb6Relu_tbS4_6Pool_t5Req_t10DualMode_ttt] -> (nil)
AscendC: [_ZN7AscendC21fix_matrix_cc_to_ubufEPiS0_mm] -> (nil)
AscendC: [_ZN7AscendC21fix_matrix_cc_to_ubufEPiS0_11unit_flag_thtttt13ConvReluFix_tb6Relu_tbS3_6Pool_t5Req_t10DualMode_ttt] -> (nil)
AscendC: [_ZN7AscendC21fix_matrix_cc_to_ubufEPaPimm] -> (nil)
AscendC: [_ZN7AscendC21fix_matrix_cc_to_ubufEPaPi11unit_flag_thtttt13ConvReluFix_tb6Relu_tbS4_6Pool_t5Req_t10DualMode_ttt] -> (nil)
AscendC: [_ZN7AscendC21fix_matrix_cc_to_ubufEPhPimm] -> (nil)
AscendC: [_ZN7AscendC21fix_matrix_cc_to_ubufEPhPi11unit_flag_thtttt13ConvReluFix_tb6Relu_tbS4_6Pool_t5Req_t10DualMode_ttt] -> (nil)
AscendC: [_ZN7AscendC23fix_winograd_cc_to_cbufEPiS0_mm] -> (nil)
AscendC: [_ZN7AscendC23fix_winograd_cc_to_cbufEPN7float165Fp16TEPimm] -> (nil)
AscendC: [_ZN7AscendC23fix_winograd_cc_to_cbufEPN7float165Fp16TEPi11unit_flag_thtttt13ConvReluFix_tb6Relu_tbS6_6Pool_t5Req_t10DualMode_ttt] -> (nil)
AscendC: [_ZN7AscendC23fix_winograd_cc_to_cbufEPsPimm] -> (nil)
AscendC: [_ZN7AscendC23fix_winograd_cc_to_cbufEPsPi11unit_flag_thtttt13ConvReluFix_tb6Relu_tbS4_6Pool_t5Req_t10DualMode_ttt] -> (nil)
AscendC: [_ZN7AscendC23fix_winograd_cc_to_cbufEPaPimm] -> (nil)
AscendC: [_ZN7AscendC23fix_winograd_cc_to_cbufEPaPi11unit_flag_thtttt13ConvReluFix_tb6Relu_tbS4_6Pool_t5Req_t10DualMode_ttt] -> (nil)
AscendC: [_ZN7AscendC23fix_winograd_cc_to_cbufEPhPimm] -> (nil)
AscendC: [_ZN7AscendC23fix_winograd_cc_to_cbufEPhPi11unit_flag_thtttt13ConvReluFix_tb6Relu_tbS4_6Pool_t5Req_t10DualMode_ttt] -> (nil)
AscendC: [_ZN7AscendC23fix_winograd_cc_to_cbufEPiS0_11unit_flag_thtttt13ConvReluFix_tb6Relu_tbS3_6Pool_t5Req_t10DualMode_ttt] -> (nil)
AscendC: [_ZN7AscendC23fix_winograd_cc_to_ubufEPiS0_mm] -> (nil)
AscendC: [_ZN7AscendC23fix_winograd_cc_to_ubufEPN7float165Fp16TEPimm] -> (nil)
AscendC: [_ZN7AscendC23fix_winograd_cc_to_ubufEPN7float165Fp16TEPi11unit_flag_thtttt13ConvReluFix_tb6Relu_tbS6_6Pool_t5Req_t10DualMode_ttt] -> (nil)
AscendC: [_ZN7AscendC23fix_winograd_cc_to_ubufEPsPimm] -> (nil)
AscendC: [_ZN7AscendC23fix_winograd_cc_to_ubufEPsPi11unit_flag_thtttt13ConvReluFix_tb6Relu_tbS4_6Pool_t5Req_t10DualMode_ttt] -> (nil)
AscendC: [_ZN7AscendC23fix_winograd_cc_to_ubufEPaPimm] -> (nil)
AscendC: [_ZN7AscendC23fix_winograd_cc_to_ubufEPaPi11unit_flag_thtttt13ConvReluFix_tb6Relu_tbS4_6Pool_t5Req_t10DualMode_ttt] -> (nil)
AscendC: [_ZN7AscendC23fix_winograd_cc_to_ubufEPhPimm] -> (nil)
AscendC: [_ZN7AscendC23fix_winograd_cc_to_ubufEPhPi11unit_flag_thtttt13ConvReluFix_tb6Relu_tbS4_6Pool_t5Req_t10DualMode_ttt] -> (nil)
AscendC: [_ZN7AscendC23fix_winograd_cc_to_ubufEPiS0_11unit_flag_thtttt13ConvReluFix_tb6Relu_tbS3_6Pool_t5Req_t10DualMode_ttt] -> (nil)
AscendC: [_ZN7AscendC4fmaxEPhS0_m] -> (nil)
AscendC: [_ZN7AscendC4fmaxEPhS0_8w_size_thhhaaaaa] -> (nil)
AscendC: [_ZN7AscendC4fminEPhS0_m] -> (nil)
AscendC: [_ZN7AscendC4fminEPhS0_8w_size_thhhaaaaa] -> (nil)
AscendC: [_ZN7AscendC11get_acc_valEv] -> 0xffff9d9d5898
AscendC: [_ZN7AscendC6get_arEv] -> 0xffff9d9d5738
AscendC: [_ZN7AscendC12get_arch_verEv] -> 0xffff9d9d6c68
AscendC: [_ZN7AscendC13get_block_idxEv] -> 0xffff9d9d67e0
AscendC: [_ZN7AscendC13get_block_numEv] -> 0xffff9d9d6818
AscendC: [_ZN7AscendC11get_cmpmaskEPv] -> 0xffff9d9d5cb8
AscendC: [_ZN7AscendC8get_condEv] -> 0xffff9d9d4cc8
AscendC: [_ZN7AscendC18get_condition_flagEv] -> 0xffff9d9d4e28
AscendC: [_ZN7AscendC10get_coreidEv] -> (nil)
AscendC: [_ZN7AscendC8get_ctrlEv] -> 0xffff9d9d4f88
AscendC: [_ZN7AscendC18get_data_main_baseEv] -> (nil)
AscendC: [_ZN7AscendC13get_data_sizeEv] -> (nil)
AscendC: [_ZN7AscendC16get_data_ub_baseEv] -> (nil)
AscendC: [_ZN7AscendC18get_ffts_base_addrEv] -> (nil)
AscendC: [_ZN7AscendC7get_fpcEv] -> (nil)
AscendC: [_ZN7AscendC17get_icache_prl_stEv] -> 0xffff9d9d7188
AscendC: [_ZN7AscendC7get_immEm] -> (nil)
AscendC: [_ZN7AscendC7get_immEmm] -> (nil)
AscendC: [_ZN7AscendC7get_immEmmm] -> (nil)
AscendC: [_ZN7AscendC7get_immEmmmm] -> (nil)
AscendC: [_ZN7AscendC9get_k_numEv] -> (nil)
AscendC: [_ZN7AscendC14get_l2_in_mainEv] -> (nil)
AscendC: [_ZN7AscendC17get_l2_vaddr_baseEv] -> (nil)
AscendC: [_ZN7AscendC9get_lpcntEv] -> (nil)
AscendC: [_ZN7AscendC15get_max_min_cntEv] -> 0xffff9d9d5b58
AscendC: [_ZN7AscendC19get_overflow_statusEv] -> (nil)
AscendC: [_ZN7AscendC13get_para_baseEv] -> (nil)
AscendC: [_ZN7AscendC6get_pcEv] -> 0xffff9d9d6dc8
AscendC: [_ZN7AscendC14get_rpn_cor_irEv] -> (nil)
AscendC: [_ZN7AscendC12get_rsvd_cntEv] -> 0xffff9d9d55d8
AscendC: [_ZN7AscendC19get_safety_crc_dataEv] -> (nil)
AscendC: [_ZN7AscendC17get_safety_crc_enEv] -> (nil)
AscendC: [_ZN7AscendC16get_smmu_tag_verEv] -> (nil)
AscendC: [_ZN7AscendC17get_st_atomic_cfgEv] -> 0xffff9d9d59f8
AscendC: [_ZN7AscendC18get_stack_phy_baseEv] -> (nil)
AscendC: [_ZN7AscendC10get_statusEv] -> (nil)
AscendC: [_ZN7AscendC15get_subblockdimEv] -> (nil)
AscendC: [_ZN7AscendC14get_subblockidEv] -> (nil)
AscendC: [_ZN7AscendC11get_sys_cntEv] -> (nil)
AscendC: [_ZN7AscendC15get_sys_va_baseEv] -> (nil)
AscendC: [_ZN7AscendC14get_thread_dimEv] -> (nil)
AscendC: [_ZN7AscendC13get_thread_idEv] -> (nil)
AscendC: [_ZN7AscendC6get_vlEv] -> (nil)
AscendC: [_ZN7AscendC11get_vms4_srEv] -> 0xffff9d9d5478
AscendC: [_ZN7AscendC15hebcd_out_to_ubEPvS0_S0_m] -> (nil)
AscendC: [_ZN7AscendC15hebcd_out_to_ubEPvS0_S0_hhbbhttht] -> (nil)
AscendC: [_ZN7AscendC15hebce_l1_to_outEPvS0_S0_m] -> (nil)
AscendC: [_ZN7AscendC15hebce_l1_to_outEPvS0_S0_bbhhbbhttht] -> (nil)
AscendC: [_ZN7AscendC15hebce_ub_to_outEPvS0_S0_m] -> (nil)
AscendC: [_ZN7AscendC15hebce_ub_to_outEPvS0_S0_bbhhbbhttht] -> (nil)
AscendC: [_ZN7AscendC9hset_flagE6pipe_tS0_7event_t5mem_tb] -> 0xffff9d9d7e48
AscendC: [_ZN7AscendC9hset_flagE6pipe_tS0_m5mem_tb] -> (nil)
AscendC: [_ZN7AscendC10hwait_flagE6pipe_tS0_7event_t5mem_tb] -> 0xffff9d9d7bf8
AscendC: [_ZN7AscendC10hwait_flagE6pipe_tS0_m5mem_tb] -> (nil)
AscendC: [_ZN7AscendC18img2col_cbuf_to_caEPN7float165Fp16TES2_mm7csize_t] -> (nil)
AscendC: [_ZN7AscendC18img2col_cbuf_to_caEPN7float165Fp16TES2_hhssthhhhhhhhh7csize_t] -> 0xffff9da1cfc0
AscendC: [_ZN7AscendC18img2col_cbuf_to_caEPaS0_mm7csize_t] -> (nil)
AscendC: [_ZN7AscendC18img2col_cbuf_to_caEPaS0_hhssthhhhhhhhh7csize_t] -> 0xffff9da1c930
AscendC: [_ZN7AscendC18img2col_cbuf_to_caEPhS0_mm7csize_t] -> (nil)
AscendC: [_ZN7AscendC18img2col_cbuf_to_caEPhS0_hhssthhhhhhhhh7csize_t] -> 0xffff9da1c2a0
AscendC: [_ZN7AscendC18img2col_cbuf_to_cbEPN7float165Fp16TES2_mm7csize_t] -> (nil)
AscendC: [_ZN7AscendC18img2col_cbuf_to_cbEPN7float165Fp16TES2_hhssthhhhhhhhh7csize_t] -> 0xffff9da1d240
AscendC: [_ZN7AscendC18img2col_cbuf_to_cbEPaS0_mm7csize_t] -> (nil)
AscendC: [_ZN7AscendC18img2col_cbuf_to_cbEPaS0_hhssthhhhhhhhh7csize_t] -> 0xffff9da1cb60
AscendC: [_ZN7AscendC18img2col_cbuf_to_cbEPhS0_mm7csize_t] -> (nil)
AscendC: [_ZN7AscendC18img2col_cbuf_to_cbEPhS0_hhssthhhhhhhhh7csize_t] -> 0xffff9da1c4d0
AscendC: [_ZN7AscendC18img2col_cbuf_to_ubEPN7float165Fp16TES2_mm7csize_t] -> (nil)
AscendC: [_ZN7AscendC18img2col_cbuf_to_ubEPN7float165Fp16TES2_hhssthhhhhhhhh7csize_t] -> 0xffff9da1d4c0
AscendC: [_ZN7AscendC18img2col_cbuf_to_ubEPaS0_mm7csize_t] -> (nil)
AscendC: [_ZN7AscendC18img2col_cbuf_to_ubEPaS0_hhssthhhhhhhhh7csize_t] -> 0xffff9da1cd90
AscendC: [_ZN7AscendC18img2col_cbuf_to_ubEPhS0_mm7csize_t] -> (nil)
AscendC: [_ZN7AscendC18img2col_cbuf_to_ubEPhS0_hhssthhhhhhhhh7csize_t] -> 0xffff9da1c700
AscendC: [_ZN7AscendC20img2colv2_cbuf_to_caEPN7float165Fp16TES2_mm] -> (nil)
AscendC: [_ZN7AscendC20img2colv2_cbuf_to_caEPN7float165Fp16TES2_mm4bm_t] -> (nil)
AscendC: [_ZN7AscendC20img2colv2_cbuf_to_caEPN7float165Fp16TES2_tttthhhhhhbt] -> (nil)
AscendC: [_ZN7AscendC20img2colv2_cbuf_to_caEPN7float165Fp16TES2_tttthhhhhhbt4bm_t] -> (nil)
AscendC: [_ZN7AscendC20img2colv2_cbuf_to_caEPN7float165Fp16TES2_tttthhhhhhbbbbt] -> 0xffff9da1dc90
AscendC: [_ZN7AscendC20img2colv2_cbuf_to_caEPN8bfloat165Bf16TES2_mm] -> (nil)
AscendC: [_ZN7AscendC20img2colv2_cbuf_to_caEPN8bfloat165Bf16TES2_mm4bm_t] -> (nil)
AscendC: [_ZN7AscendC20img2colv2_cbuf_to_caEPN8bfloat165Bf16TES2_tttthhhhhhbt] -> (nil)
AscendC: [_ZN7AscendC20img2colv2_cbuf_to_caEPN8bfloat165Bf16TES2_tttthhhhhhbt4bm_t] -> (nil)
AscendC: [_ZN7AscendC20img2colv2_cbuf_to_caEPN8bfloat165Bf16TES2_tttthhhhhhbbbbt] -> 0xffff9da1d740
AscendC: [_ZN7AscendC20img2colv2_cbuf_to_caEPfS0_mm] -> (nil)
AscendC: [_ZN7AscendC20img2colv2_cbuf_to_caEPfS0_mm4bm_t] -> (nil)
AscendC: [_ZN7AscendC20img2colv2_cbuf_to_caEPfS0_tttthhhhhhbt] -> (nil)
AscendC: [_ZN7AscendC20img2colv2_cbuf_to_caEPfS0_tttthhhhhhbt4bm_t] -> (nil)
AscendC: [_ZN7AscendC20img2colv2_cbuf_to_caEPfS0_tttthhhhhhbbbbt] -> 0xffff9da1e1e0
AscendC: [_ZN7AscendC20img2colv2_cbuf_to_caEPiS0_mm] -> (nil)
AscendC: [_ZN7AscendC20img2colv2_cbuf_to_caEPiS0_mm4bm_t] -> (nil)
AscendC: [_ZN7AscendC20img2colv2_cbuf_to_caEPiS0_tttthhhhhhbt] -> (nil)
AscendC: [_ZN7AscendC20img2colv2_cbuf_to_caEPiS0_tttthhhhhhbt4bm_t] -> (nil)
AscendC: [_ZN7AscendC20img2colv2_cbuf_to_caEPiS0_tttthhhhhhbbbbt] -> 0xffff9da1eaa0
AscendC: [_ZN7AscendC20img2colv2_cbuf_to_caEPaS0_mm] -> (nil)
AscendC: [_ZN7AscendC20img2colv2_cbuf_to_caEPaS0_mm4bm_t] -> (nil)
AscendC: [_ZN7AscendC20img2colv2_cbuf_to_caEPaS0_tttthhhhhhbt] -> (nil)
AscendC: [_ZN7AscendC20img2colv2_cbuf_to_caEPaS0_tttthhhhhhbt4bm_t] -> (nil)
AscendC: [_ZN7AscendC20img2colv2_cbuf_to_caEPaS0_tttthhhhhhbbbbt] -> 0xffff9da1f130
AscendC: [_ZN7AscendC20img2colv2_cbuf_to_caEPjS0_mm] -> (nil)
AscendC: [_ZN7AscendC20img2colv2_cbuf_to_caEPjS0_mm4bm_t] -> (nil)
AscendC: [_ZN7AscendC20img2colv2_cbuf_to_caEPjS0_tttthhhhhhbt] -> (nil)
AscendC: [_ZN7AscendC20img2colv2_cbuf_to_caEPjS0_tttthhhhhhbt4bm_t] -> (nil)
AscendC: [_ZN7AscendC20img2colv2_cbuf_to_caEPjS0_tttthhhhhhbbbbt] -> 0xffff9da1e640
AscendC: [_ZN7AscendC20img2colv2_cbuf_to_caEPhS0_mm] -> (nil)
AscendC: [_ZN7AscendC20img2colv2_cbuf_to_caEPhS0_mm4bm_t] -> (nil)
AscendC: [_ZN7AscendC20img2colv2_cbuf_to_caEPhS0_tttthhhhhhbt] -> (nil)
AscendC: [_ZN7AscendC20img2colv2_cbuf_to_caEPhS0_tttthhhhhhbt4bm_t] -> (nil)
AscendC: [_ZN7AscendC20img2colv2_cbuf_to_caEPhS0_tttthhhhhhbbbbt] -> 0xffff9da1ef00
AscendC: [_ZN7AscendC23img2colv2_cbuf_to_ca_s4EPvS0_mm] -> (nil)
AscendC: [_ZN7AscendC23img2colv2_cbuf_to_ca_s4EPvS0_mm4bm_t] -> (nil)
AscendC: [_ZN7AscendC23img2colv2_cbuf_to_ca_s4EPvS0_tttthhhhhhbt] -> (nil)
AscendC: [_ZN7AscendC23img2colv2_cbuf_to_ca_s4EPvS0_tttthhhhhhbt4bm_t] -> (nil)
AscendC: [_ZN7AscendC23img2colv2_cbuf_to_ca_s4EPvS0_tttthhhhhhbbbbt] -> 0xffff9da1fb20
AscendC: [_ZN7AscendC20img2colv2_cbuf_to_cbEPN7float165Fp16TES2_mm] -> (nil)
AscendC: [_ZN7AscendC20img2colv2_cbuf_to_cbEPN7float165Fp16TES2_mm4bm_t] -> (nil)
AscendC: [_ZN7AscendC20img2colv2_cbuf_to_cbEPN7float165Fp16TES2_tttthhhhhhbt] -> (nil)
AscendC: [_ZN7AscendC20img2colv2_cbuf_to_cbEPN7float165Fp16TES2_tttthhhhhhbt4bm_t] -> (nil)
AscendC: [_ZN7AscendC20img2colv2_cbuf_to_cbEPN7float165Fp16TES2_tttthhhhhhbbbbt] -> 0xffff9da1df38
AscendC: [_ZN7AscendC20img2colv2_cbuf_to_cbEPN8bfloat165Bf16TES2_mm] -> (nil)
AscendC: [_ZN7AscendC20img2colv2_cbuf_to_cbEPN8bfloat165Bf16TES2_mm4bm_t] -> (nil)
AscendC: [_ZN7AscendC20img2colv2_cbuf_to_cbEPN8bfloat165Bf16TES2_tttthhhhhhbt] -> (nil)
AscendC: [_ZN7AscendC20img2colv2_cbuf_to_cbEPN8bfloat165Bf16TES2_tttthhhhhhbt4bm_t] -> (nil)
AscendC: [_ZN7AscendC20img2colv2_cbuf_to_cbEPN8bfloat165Bf16TES2_tttthhhhhhbbbbt] -> 0xffff9da1d9e8
AscendC: [_ZN7AscendC20img2colv2_cbuf_to_cbEPfS0_mm] -> (nil)
AscendC: [_ZN7AscendC20img2colv2_cbuf_to_cbEPfS0_mm4bm_t] -> (nil)
AscendC: [_ZN7AscendC20img2colv2_cbuf_to_cbEPfS0_tttthhhhhhbt] -> (nil)
AscendC: [_ZN7AscendC20img2colv2_cbuf_to_cbEPfS0_tttthhhhhhbt4bm_t] -> (nil)
AscendC: [_ZN7AscendC20img2colv2_cbuf_to_cbEPfS0_tttthhhhhhbbbbt] -> 0xffff9da1e410
AscendC: [_ZN7AscendC20img2colv2_cbuf_to_cbEPiS0_mm] -> (nil)
AscendC: [_ZN7AscendC20img2colv2_cbuf_to_cbEPiS0_mm4bm_t] -> (nil)
AscendC: [_ZN7AscendC20img2colv2_cbuf_to_cbEPiS0_tttthhhhhhbt] -> (nil)
AscendC: [_ZN7AscendC20img2colv2_cbuf_to_cbEPiS0_tttthhhhhhbt4bm_t] -> (nil)
AscendC: [_ZN7AscendC20img2colv2_cbuf_to_cbEPiS0_tttthhhhhhbbbbt] -> 0xffff9da1ecd0
AscendC: [_ZN7AscendC20img2colv2_cbuf_to_cbEPaS0_mm] -> (nil)
AscendC: [_ZN7AscendC20img2colv2_cbuf_to_cbEPaS0_mm4bm_t] -> (nil)
AscendC: [_ZN7AscendC20img2colv2_cbuf_to_cbEPaS0_tttthhhhhhbt] -> (nil)
AscendC: [_ZN7AscendC20img2colv2_cbuf_to_cbEPaS0_tttthhhhhhbt4bm_t] -> (nil)
AscendC: [_ZN7AscendC20img2colv2_cbuf_to_cbEPaS0_tttthhhhhhbbbbt] -> (nil)
AscendC: [_ZN7AscendC20img2colv2_cbuf_to_cbEPjS0_mm] -> (nil)
AscendC: [_ZN7AscendC20img2colv2_cbuf_to_cbEPjS0_mm4bm_t] -> (nil)
AscendC: [_ZN7AscendC20img2colv2_cbuf_to_cbEPjS0_tttthhhhhhbt] -> (nil)
AscendC: [_ZN7AscendC20img2colv2_cbuf_to_cbEPjS0_tttthhhhhhbt4bm_t] -> (nil)
AscendC: [_ZN7AscendC20img2colv2_cbuf_to_cbEPjS0_tttthhhhhhbbbbt] -> 0xffff9da1e870
AscendC: [_ZN7AscendC20img2colv2_cbuf_to_cbEPhS0_mm] -> (nil)
AscendC: [_ZN7AscendC20img2colv2_cbuf_to_cbEPhS0_mm4bm_t] -> (nil)
AscendC: [_ZN7AscendC20img2colv2_cbuf_to_cbEPhS0_tttthhhhhhbt] -> (nil)
AscendC: [_ZN7AscendC20img2colv2_cbuf_to_cbEPhS0_tttthhhhhhbt4bm_t] -> (nil)
AscendC: [_ZN7AscendC20img2colv2_cbuf_to_cbEPhS0_tttthhhhhhbbbbt] -> (nil)
AscendC: [_ZN7AscendC23img2colv2_cbuf_to_cb_s4EPvS0_mm] -> (nil)
AscendC: [_ZN7AscendC23img2colv2_cbuf_to_cb_s4EPvS0_mm4bm_t] -> (nil)
AscendC: [_ZN7AscendC23img2colv2_cbuf_to_cb_s4EPvS0_tttthhhhhhbt] -> (nil)
AscendC: [_ZN7AscendC23img2colv2_cbuf_to_cb_s4EPvS0_tttthhhhhhbt4bm_t] -> (nil)
AscendC: [_ZN7AscendC23img2colv2_cbuf_to_cb_s4EPvS0_tttthhhhhhbbbbt] -> (nil)
AscendC: [_ZN7AscendC20img2colv2_cbuf_to_ubEPN7float165Fp16TES2_mm] -> (nil)
AscendC: [_ZN7AscendC20img2colv2_cbuf_to_ubEPN7float165Fp16TES2_mm4bm_t] -> (nil)
AscendC: [_ZN7AscendC20img2colv2_cbuf_to_ubEPN7float165Fp16TES2_tttthhhhhhbt] -> (nil)
AscendC: [_ZN7AscendC20img2colv2_cbuf_to_ubEPN7float165Fp16TES2_tttthhhhhhbt4bm_t] -> (nil)
AscendC: [_ZN7AscendC20img2colv2_cbuf_to_ubEPN7float165Fp16TES2_tttthhhhhhbbbbt] -> (nil)
AscendC: [_ZN7AscendC20img2colv2_cbuf_to_ubEPfS0_mm] -> (nil)
AscendC: [_ZN7AscendC20img2colv2_cbuf_to_ubEPfS0_mm4bm_t] -> (nil)
AscendC: [_ZN7AscendC20img2colv2_cbuf_to_ubEPfS0_tttthhhhhhbt] -> (nil)
AscendC: [_ZN7AscendC20img2colv2_cbuf_to_ubEPfS0_tttthhhhhhbt4bm_t] -> (nil)
AscendC: [_ZN7AscendC20img2colv2_cbuf_to_ubEPfS0_tttthhhhhhbbbbt] -> (nil)
AscendC: [_ZN7AscendC20img2colv2_cbuf_to_ubEPiS0_mm] -> (nil)
AscendC: [_ZN7AscendC20img2colv2_cbuf_to_ubEPiS0_mm4bm_t] -> (nil)
AscendC: [_ZN7AscendC20img2colv2_cbuf_to_ubEPiS0_tttthhhhhhbt] -> (nil)
AscendC: [_ZN7AscendC20img2colv2_cbuf_to_ubEPiS0_tttthhhhhhbt4bm_t] -> (nil)
AscendC: [_ZN7AscendC20img2colv2_cbuf_to_ubEPiS0_tttthhhhhhbbbbt] -> (nil)
AscendC: [_ZN7AscendC20img2colv2_cbuf_to_ubEPaS0_mm] -> (nil)
AscendC: [_ZN7AscendC20img2colv2_cbuf_to_ubEPaS0_mm4bm_t] -> (nil)
AscendC: [_ZN7AscendC20img2colv2_cbuf_to_ubEPaS0_tttthhhhhhbt] -> (nil)
AscendC: [_ZN7AscendC20img2colv2_cbuf_to_ubEPaS0_tttthhhhhhbt4bm_t] -> (nil)
AscendC: [_ZN7AscendC20img2colv2_cbuf_to_ubEPaS0_tttthhhhhhbbbbt] -> (nil)
AscendC: [_ZN7AscendC20img2colv2_cbuf_to_ubEPjS0_mm] -> (nil)
AscendC: [_ZN7AscendC20img2colv2_cbuf_to_ubEPjS0_mm4bm_t] -> (nil)
AscendC: [_ZN7AscendC20img2colv2_cbuf_to_ubEPjS0_tttthhhhhhbt] -> (nil)
AscendC: [_ZN7AscendC20img2colv2_cbuf_to_ubEPjS0_tttthhhhhhbt4bm_t] -> (nil)
AscendC: [_ZN7AscendC20img2colv2_cbuf_to_ubEPjS0_tttthhhhhhbbbbt] -> (nil)
AscendC: [_ZN7AscendC20img2colv2_cbuf_to_ubEPhS0_mm] -> (nil)
AscendC: [_ZN7AscendC20img2colv2_cbuf_to_ubEPhS0_mm4bm_t] -> (nil)
AscendC: [_ZN7AscendC20img2colv2_cbuf_to_ubEPhS0_tttthhhhhhbt] -> (nil)
AscendC: [_ZN7AscendC20img2colv2_cbuf_to_ubEPhS0_tttthhhhhhbt4bm_t] -> (nil)
AscendC: [_ZN7AscendC20img2colv2_cbuf_to_ubEPhS0_tttthhhhhhbbbbt] -> (nil)
AscendC: [_ZN7AscendC23img2colv2_cbuf_to_ub_s4EPvS0_mm] -> (nil)
AscendC: [_ZN7AscendC23img2colv2_cbuf_to_ub_s4EPvS0_mm4bm_t] -> (nil)
AscendC: [_ZN7AscendC23img2colv2_cbuf_to_ub_s4EPvS0_tttthhhhhhbt] -> (nil)
AscendC: [_ZN7AscendC23img2colv2_cbuf_to_ub_s4EPvS0_tttthhhhhhbt4bm_t] -> (nil)
AscendC: [_ZN7AscendC23img2colv2_cbuf_to_ub_s4EPvS0_tttthhhhhhbbbbt] -> (nil)
AscendC: [_ZN7AscendC10insert_immEmhhb] -> (nil)
AscendC: [_ZN7AscendC10insert_regEmmhh] -> (nil)
AscendC: [_ZN7AscendC6ld_devEPts] -> (nil)
AscendC: [_ZN7AscendC6ld_devEPjs] -> (nil)
AscendC: [_ZN7AscendC6ld_devEPms] -> (nil)
AscendC: [_ZN7AscendC6ld_devEPhs] -> (nil)
AscendC: [_ZN7AscendC4ldvaE10ub_addr8_tmb] -> (nil)
AscendC: [_ZN7AscendC15load_cbuf_to_caEPN8bfloat165Bf16TES2_mb] -> (nil)
AscendC: [_ZN7AscendC15load_cbuf_to_caEPN8bfloat165Bf16TES2_mb15addr_cal_mode_t] -> (nil)
AscendC: [_ZN7AscendC15load_cbuf_to_caEPN8bfloat165Bf16TES2_thtthb15addr_cal_mode_t] -> 0xffff9da18598
AscendC: [_ZN7AscendC15load_cbuf_to_caEPN8bfloat165Bf16TES2_thtthbb15addr_cal_mode_t] -> (nil)
AscendC: [_ZN7AscendC15load_cbuf_to_caEPN8bfloat165Bf16TES2_ththb] -> (nil)
AscendC: [_ZN7AscendC15load_cbuf_to_caEPN8bfloat165Bf16TES2_thttb15addr_cal_mode_t] -> (nil)
AscendC: [_ZN7AscendC15load_cbuf_to_caEPN8bfloat165Bf16TES2_mmb] -> (nil)
AscendC: [_ZN7AscendC15load_cbuf_to_caEPN8bfloat165Bf16TES2_tthhttb] -> (nil)
AscendC: [_ZN7AscendC15load_cbuf_to_caEPN7float165Fp16TES2_mb] -> (nil)
AscendC: [_ZN7AscendC15load_cbuf_to_caEPN7float165Fp16TES2_mb15addr_cal_mode_t] -> (nil)
AscendC: [_ZN7AscendC15load_cbuf_to_caEPN7float165Fp16TES2_thtthb15addr_cal_mode_t] -> 0xffff9da16578
AscendC: [_ZN7AscendC15load_cbuf_to_caEPN7float165Fp16TES2_thtthbb15addr_cal_mode_t] -> (nil)
AscendC: [_ZN7AscendC15load_cbuf_to_caEPN7float165Fp16TES2_ththb] -> (nil)
AscendC: [_ZN7AscendC15load_cbuf_to_caEPN7float165Fp16TES2_thttb15addr_cal_mode_t] -> (nil)
AscendC: [_ZN7AscendC15load_cbuf_to_caEPfS0_mb15addr_cal_mode_t] -> (nil)
AscendC: [_ZN7AscendC15load_cbuf_to_caEPfS0_thtthb15addr_cal_mode_t] -> 0xffff9da17d90
AscendC: [_ZN7AscendC15load_cbuf_to_caEPfS0_thtthbb15addr_cal_mode_t] -> (nil)
AscendC: [_ZN7AscendC15load_cbuf_to_caEPfS0_thttb15addr_cal_mode_t] -> (nil)
AscendC: [_ZN7AscendC15load_cbuf_to_caEPiS0_mb15addr_cal_mode_t] -> (nil)
AscendC: [_ZN7AscendC15load_cbuf_to_caEPiS0_thtthb15addr_cal_mode_t] -> 0xffff9da17588
AscendC: [_ZN7AscendC15load_cbuf_to_caEPiS0_thtthbb15addr_cal_mode_t] -> (nil)
AscendC: [_ZN7AscendC15load_cbuf_to_caEPiS0_thttb15addr_cal_mode_t] -> (nil)
AscendC: [_ZN7AscendC15load_cbuf_to_caEPaS0_mb] -> (nil)
AscendC: [_ZN7AscendC15load_cbuf_to_caEPaS0_mb15addr_cal_mode_t] -> (nil)
AscendC: [_ZN7AscendC15load_cbuf_to_caEPaS0_thtthb15addr_cal_mode_t] -> 0xffff9da14d60
AscendC: [_ZN7AscendC15load_cbuf_to_caEPaS0_thtthbb15addr_cal_mode_t] -> (nil)
AscendC: [_ZN7AscendC15load_cbuf_to_caEPaS0_ththb] -> (nil)
AscendC: [_ZN7AscendC15load_cbuf_to_caEPaS0_thttb15addr_cal_mode_t] -> (nil)
AscendC: [_ZN7AscendC15load_cbuf_to_caEPjS0_mb15addr_cal_mode_t] -> (nil)
AscendC: [_ZN7AscendC15load_cbuf_to_caEPjS0_thtthb15addr_cal_mode_t] -> 0xffff9da16d80
AscendC: [_ZN7AscendC15load_cbuf_to_caEPjS0_thtthbb15addr_cal_mode_t] -> (nil)
AscendC: [_ZN7AscendC15load_cbuf_to_caEPjS0_thttb15addr_cal_mode_t] -> (nil)
AscendC: [_ZN7AscendC15load_cbuf_to_caEPhS0_mb] -> (nil)
AscendC: [_ZN7AscendC15load_cbuf_to_caEPhS0_mb15addr_cal_mode_t] -> (nil)
AscendC: [_ZN7AscendC15load_cbuf_to_caEPhS0_thtthb15addr_cal_mode_t] -> 0xffff9da14558
AscendC: [_ZN7AscendC15load_cbuf_to_caEPhS0_thtthbb15addr_cal_mode_t] -> (nil)
AscendC: [_ZN7AscendC15load_cbuf_to_caEPhS0_ththb] -> (nil)
AscendC: [_ZN7AscendC15load_cbuf_to_caEPhS0_thttb15addr_cal_mode_t] -> (nil)
AscendC: [_ZN7AscendC15load_cbuf_to_caEPN7float165Fp16TES2_ththb15addr_cal_mode_t] -> (nil)
AscendC: [_ZN7AscendC15load_cbuf_to_caEPaS0_ththb15addr_cal_mode_t] -> (nil)
AscendC: [_ZN7AscendC15load_cbuf_to_caEPhS0_ththb15addr_cal_mode_t] -> (nil)
AscendC: [_ZN7AscendC18load_cbuf_to_ca_s4EPvS0_mb15addr_cal_mode_t] -> (nil)
AscendC: [_ZN7AscendC18load_cbuf_to_ca_s4EPvS0_thtthb15addr_cal_mode_t] -> 0xffff9da19b20
AscendC: [_ZN7AscendC18load_cbuf_to_ca_s4EPvS0_thtthbb15addr_cal_mode_t] -> (nil)
AscendC: [_ZN7AscendC25load_cbuf_to_ca_transposeEPN7float165Fp16TES2_mm] -> (nil)
AscendC: [_ZN7AscendC25load_cbuf_to_ca_transposeEPN7float165Fp16TES2_thttbt] -> 0xffff9da14248
AscendC: [_ZN7AscendC25load_cbuf_to_ca_transposeEPfS0_mm] -> (nil)
AscendC: [_ZN7AscendC25load_cbuf_to_ca_transposeEPfS0_thttbt] -> 0xffff9da13c28
AscendC: [_ZN7AscendC25load_cbuf_to_ca_transposeEPiS0_mm] -> (nil)
AscendC: [_ZN7AscendC25load_cbuf_to_ca_transposeEPiS0_thttbt] -> 0xffff9da13918
AscendC: [_ZN7AscendC25load_cbuf_to_ca_transposeEPaS0_mm] -> (nil)
AscendC: [_ZN7AscendC25load_cbuf_to_ca_transposeEPaS0_thttbt] -> 0xffff9da132f8
AscendC: [_ZN7AscendC25load_cbuf_to_ca_transposeEPjS0_mm] -> (nil)
AscendC: [_ZN7AscendC25load_cbuf_to_ca_transposeEPjS0_thttbt] -> 0xffff9da13608
AscendC: [_ZN7AscendC25load_cbuf_to_ca_transposeEPhS0_mm] -> (nil)
AscendC: [_ZN7AscendC25load_cbuf_to_ca_transposeEPhS0_thttbt] -> 0xffff9da12fe8
AscendC: [_ZN7AscendC24load_cbuf_to_ca_winogradEPN7float165Fp16TES2_mm] -> (nil)
AscendC: [_ZN7AscendC24load_cbuf_to_ca_winogradEPN7float165Fp16TES2_ttthhhhtttt] -> (nil)
AscendC: [_ZN7AscendC24load_cbuf_to_ca_winogradEPaS0_mm] -> (nil)
AscendC: [_ZN7AscendC24load_cbuf_to_ca_winogradEPaS0_ttthhhhtttt] -> (nil)
AscendC: [_ZN7AscendC24load_cbuf_to_ca_winogradEPhS0_mm] -> (nil)
AscendC: [_ZN7AscendC24load_cbuf_to_ca_winogradEPhS0_ttthhhhtttt] -> (nil)
AscendC: [_ZN7AscendC27load_cbuf_to_ca_winograd_v2EPsS0_mm] -> (nil)
AscendC: [_ZN7AscendC27load_cbuf_to_ca_winograd_v2EPsS0_ttthhtttt] -> (nil)
AscendC: [_ZN7AscendC27load_cbuf_to_ca_winograd_v2EPsS0_ttthhttttb] -> (nil)
AscendC: [_ZN7AscendC27load_cbuf_to_ca_winograd_v2EPaS0_mm] -> (nil)
AscendC: [_ZN7AscendC27load_cbuf_to_ca_winograd_v2EPaS0_ttthhtttt] -> (nil)
AscendC: [_ZN7AscendC27load_cbuf_to_ca_winograd_v2EPaS0_ttthhttttb] -> (nil)
AscendC: [_ZN7AscendC27load_cbuf_to_ca_winograd_v2EPhS0_mm] -> (nil)
AscendC: [_ZN7AscendC27load_cbuf_to_ca_winograd_v2EPhS0_ttthhttttb] -> (nil)
AscendC: [_ZN7AscendC15load_cbuf_to_cbEPN8bfloat165Bf16TES2_mb] -> (nil)
AscendC: [_ZN7AscendC15load_cbuf_to_cbEPN8bfloat165Bf16TES2_mb15addr_cal_mode_t] -> (nil)
AscendC: [_ZN7AscendC15load_cbuf_to_cbEPN8bfloat165Bf16TES2_thtthb15addr_cal_mode_t] -> 0xffff9da18738
AscendC: [_ZN7AscendC15load_cbuf_to_cbEPN8bfloat165Bf16TES2_thtthbb15addr_cal_mode_t] -> (nil)
AscendC: [_ZN7AscendC15load_cbuf_to_cbEPN8bfloat165Bf16TES2_ththb] -> (nil)
AscendC: [_ZN7AscendC15load_cbuf_to_cbEPN8bfloat165Bf16TES2_thttb15addr_cal_mode_t] -> (nil)
AscendC: [_ZN7AscendC15load_cbuf_to_cbEPN8bfloat165Bf16TES2_mmb] -> (nil)
AscendC: [_ZN7AscendC15load_cbuf_to_cbEPN8bfloat165Bf16TES2_tthhttb] -> (nil)
AscendC: [_ZN7AscendC15load_cbuf_to_cbEPN7float165Fp16TES2_mb] -> (nil)
AscendC: [_ZN7AscendC15load_cbuf_to_cbEPN7float165Fp16TES2_mb15addr_cal_mode_t] -> (nil)
AscendC: [_ZN7AscendC15load_cbuf_to_cbEPN7float165Fp16TES2_thtthb15addr_cal_mode_t] -> 0xffff9da16718
AscendC: [_ZN7AscendC15load_cbuf_to_cbEPN7float165Fp16TES2_thtthbb15addr_cal_mode_t] -> (nil)
AscendC: [_ZN7AscendC15load_cbuf_to_cbEPN7float165Fp16TES2_ththb] -> (nil)
AscendC: [_ZN7AscendC15load_cbuf_to_cbEPN7float165Fp16TES2_thttb15addr_cal_mode_t] -> (nil)
AscendC: [_ZN7AscendC15load_cbuf_to_cbEPfS0_mb15addr_cal_mode_t] -> (nil)
AscendC: [_ZN7AscendC15load_cbuf_to_cbEPfS0_thtthb15addr_cal_mode_t] -> 0xffff9da17f30
AscendC: [_ZN7AscendC15load_cbuf_to_cbEPfS0_thtthbb15addr_cal_mode_t] -> (nil)
AscendC: [_ZN7AscendC15load_cbuf_to_cbEPfS0_thttb15addr_cal_mode_t] -> (nil)
AscendC: [_ZN7AscendC15load_cbuf_to_cbEPiS0_mb15addr_cal_mode_t] -> (nil)
AscendC: [_ZN7AscendC15load_cbuf_to_cbEPiS0_thtthb15addr_cal_mode_t] -> 0xffff9da17728
AscendC: [_ZN7AscendC15load_cbuf_to_cbEPiS0_thtthbb15addr_cal_mode_t] -> (nil)
AscendC: [_ZN7AscendC15load_cbuf_to_cbEPiS0_thttb15addr_cal_mode_t] -> (nil)
AscendC: [_ZN7AscendC15load_cbuf_to_cbEPaS0_mb] -> (nil)
AscendC: [_ZN7AscendC15load_cbuf_to_cbEPaS0_mb15addr_cal_mode_t] -> (nil)
AscendC: [_ZN7AscendC15load_cbuf_to_cbEPaS0_thtthb15addr_cal_mode_t] -> 0xffff9da14f00
AscendC: [_ZN7AscendC15load_cbuf_to_cbEPaS0_thtthbb15addr_cal_mode_t] -> (nil)
AscendC: [_ZN7AscendC15load_cbuf_to_cbEPaS0_ththb] -> (nil)
AscendC: [_ZN7AscendC15load_cbuf_to_cbEPaS0_thttb15addr_cal_mode_t] -> (nil)
AscendC: [_ZN7AscendC15load_cbuf_to_cbEPjS0_mb15addr_cal_mode_t] -> (nil)
AscendC: [_ZN7AscendC15load_cbuf_to_cbEPjS0_thtthb15addr_cal_mode_t] -> 0xffff9da16f20
AscendC: [_ZN7AscendC15load_cbuf_to_cbEPjS0_thtthbb15addr_cal_mode_t] -> (nil)
AscendC: [_ZN7AscendC15load_cbuf_to_cbEPjS0_thttb15addr_cal_mode_t] -> (nil)
AscendC: [_ZN7AscendC15load_cbuf_to_cbEPhS0_mb] -> (nil)
AscendC: [_ZN7AscendC15load_cbuf_to_cbEPhS0_mb15addr_cal_mode_t] -> (nil)
AscendC: [_ZN7AscendC15load_cbuf_to_cbEPhS0_thtthb15addr_cal_mode_t] -> 0xffff9da146f8
AscendC: [_ZN7AscendC15load_cbuf_to_cbEPhS0_thtthbb15addr_cal_mode_t] -> (nil)
AscendC: [_ZN7AscendC15load_cbuf_to_cbEPhS0_ththb] -> (nil)
AscendC: [_ZN7AscendC15load_cbuf_to_cbEPhS0_thttb15addr_cal_mode_t] -> (nil)
AscendC: [_ZN7AscendC15load_cbuf_to_cbEPN7float165Fp16TES2_ththb15addr_cal_mode_t] -> (nil)
AscendC: [_ZN7AscendC15load_cbuf_to_cbEPaS0_ththb15addr_cal_mode_t] -> (nil)
AscendC: [_ZN7AscendC15load_cbuf_to_cbEPhS0_ththb15addr_cal_mode_t] -> (nil)
AscendC: [_ZN7AscendC18load_cbuf_to_cb_b2EPvS0_m] -> (nil)
AscendC: [_ZN7AscendC18load_cbuf_to_cb_b2EPN7float165Fp16TES2_m] -> (nil)
AscendC: [_ZN7AscendC18load_cbuf_to_cb_b2EPN7float165Fp16TES2_hh] -> (nil)
AscendC: [_ZN7AscendC18load_cbuf_to_cb_b2EPN7float165Fp16TES2_h] -> (nil)
AscendC: [_ZN7AscendC18load_cbuf_to_cb_b2EPaS0_m] -> (nil)
AscendC: [_ZN7AscendC18load_cbuf_to_cb_b2EPaS0_hh] -> (nil)
AscendC: [_ZN7AscendC18load_cbuf_to_cb_b2EPaS0_h] -> (nil)
AscendC: [_ZN7AscendC18load_cbuf_to_cb_b2EPhS0_m] -> (nil)
AscendC: [_ZN7AscendC18load_cbuf_to_cb_b2EPhS0_hh] -> (nil)
AscendC: [_ZN7AscendC18load_cbuf_to_cb_b2EPhS0_h] -> (nil)
AscendC: [_ZN7AscendC18load_cbuf_to_cb_s4EPvS0_mb15addr_cal_mode_t] -> (nil)
AscendC: [_ZN7AscendC18load_cbuf_to_cb_s4EPvS0_thtthb15addr_cal_mode_t] -> 0xffff9da19ca8
AscendC: [_ZN7AscendC18load_cbuf_to_cb_s4EPvS0_thtthbb15addr_cal_mode_t] -> (nil)
AscendC: [_ZN7AscendC18load_cbuf_to_cb_spEPaS0_m] -> (nil)
AscendC: [_ZN7AscendC18load_cbuf_to_cb_spEPaS0_th] -> 0xffff9da10ba0
AscendC: [_ZN7AscendC25load_cbuf_to_cb_transposeEPN7float165Fp16TES2_mm] -> (nil)
AscendC: [_ZN7AscendC25load_cbuf_to_cb_transposeEPN7float165Fp16TES2_thttbt] -> 0xffff9da143d0
AscendC: [_ZN7AscendC25load_cbuf_to_cb_transposeEPfS0_mm] -> (nil)
AscendC: [_ZN7AscendC25load_cbuf_to_cb_transposeEPfS0_thttbt] -> 0xffff9da13db0
AscendC: [_ZN7AscendC25load_cbuf_to_cb_transposeEPiS0_mm] -> (nil)
AscendC: [_ZN7AscendC25load_cbuf_to_cb_transposeEPiS0_thttbt] -> 0xffff9da13aa0
AscendC: [_ZN7AscendC25load_cbuf_to_cb_transposeEPaS0_mm] -> (nil)
AscendC: [_ZN7AscendC25load_cbuf_to_cb_transposeEPaS0_thttbt] -> 0xffff9da13480
AscendC: [_ZN7AscendC25load_cbuf_to_cb_transposeEPjS0_mm] -> (nil)
AscendC: [_ZN7AscendC25load_cbuf_to_cb_transposeEPjS0_thttbt] -> 0xffff9da13790
AscendC: [_ZN7AscendC25load_cbuf_to_cb_transposeEPhS0_mm] -> (nil)
AscendC: [_ZN7AscendC25load_cbuf_to_cb_transposeEPhS0_thttbt] -> 0xffff9da13170
AscendC: [_ZN7AscendC28load_cbuf_to_cb_transpose_s4EPvS0_mm] -> (nil)
AscendC: [_ZN7AscendC28load_cbuf_to_cb_transpose_s4EPvS0_thttbt] -> 0xffff9da11f08
AscendC: [_ZN7AscendC24load_cbuf_to_cb_winogradEPN7float165Fp16TES2_m] -> (nil)
AscendC: [_ZN7AscendC24load_cbuf_to_cb_winogradEPN7float165Fp16TES2_hthhhbbh] -> (nil)
AscendC: [_ZN7AscendC24load_cbuf_to_cb_winogradEPaS0_m] -> (nil)
AscendC: [_ZN7AscendC24load_cbuf_to_cb_winogradEPaS0_hthhhbbh] -> (nil)
AscendC: [_ZN7AscendC27load_cbuf_to_cb_winograd_v2EPaS0_m] -> (nil)
AscendC: [_ZN7AscendC27load_cbuf_to_cb_winograd_v2EPaS0_tttb] -> (nil)
AscendC: [_ZN7AscendC30load_decompress_header_from_gmEPvm] -> (nil)
AscendC: [_ZN7AscendC30load_decompress_header_from_gmEPvth] -> (nil)
AscendC: [_ZN7AscendC13load_gm_to_caEPN7float165Fp16TES2_m] -> (nil)
AscendC: [_ZN7AscendC13load_gm_to_caEPN7float165Fp16TES2_m15addr_cal_mode_t] -> (nil)
AscendC: [_ZN7AscendC13load_gm_to_caEPN7float165Fp16TES2_thtth15addr_cal_mode_t] -> 0xffff9da168b8
AscendC: [_ZN7AscendC13load_gm_to_caEPN7float165Fp16TES2_thtthb15addr_cal_mode_t] -> (nil)
AscendC: [_ZN7AscendC13load_gm_to_caEPN7float165Fp16TES2_thth] -> (nil)
AscendC: [_ZN7AscendC13load_gm_to_caEPN8bfloat165Bf16TES2_m] -> (nil)
AscendC: [_ZN7AscendC13load_gm_to_caEPN8bfloat165Bf16TES2_m15addr_cal_mode_t] -> (nil)
AscendC: [_ZN7AscendC13load_gm_to_caEPN8bfloat165Bf16TES2_thtth15addr_cal_mode_t] -> 0xffff9da188d8
AscendC: [_ZN7AscendC13load_gm_to_caEPN8bfloat165Bf16TES2_thtthb15addr_cal_mode_t] -> (nil)
AscendC: [_ZN7AscendC13load_gm_to_caEPN8bfloat165Bf16TES2_thth] -> (nil)
AscendC: [_ZN7AscendC13load_gm_to_caEPfS0_m15addr_cal_mode_t] -> (nil)
AscendC: [_ZN7AscendC13load_gm_to_caEPfS0_thtth15addr_cal_mode_t] -> 0xffff9da180d0
AscendC: [_ZN7AscendC13load_gm_to_caEPfS0_thtthb15addr_cal_mode_t] -> (nil)
AscendC: [_ZN7AscendC13load_gm_to_caEPiS0_m15addr_cal_mode_t] -> (nil)
AscendC: [_ZN7AscendC13load_gm_to_caEPiS0_thtth15addr_cal_mode_t] -> 0xffff9da178c8
AscendC: [_ZN7AscendC13load_gm_to_caEPiS0_thtthb15addr_cal_mode_t] -> (nil)
AscendC: [_ZN7AscendC13load_gm_to_caEPaS0_m] -> (nil)
AscendC: [_ZN7AscendC13load_gm_to_caEPaS0_m15addr_cal_mode_t] -> (nil)
AscendC: [_ZN7AscendC13load_gm_to_caEPaS0_thtth15addr_cal_mode_t] -> 0xffff9da150a0
AscendC: [_ZN7AscendC13load_gm_to_caEPaS0_thtthb15addr_cal_mode_t] -> (nil)
AscendC: [_ZN7AscendC13load_gm_to_caEPaS0_thth] -> (nil)
AscendC: [_ZN7AscendC13load_gm_to_caEPjS0_m15addr_cal_mode_t] -> (nil)
AscendC: [_ZN7AscendC13load_gm_to_caEPjS0_thtth15addr_cal_mode_t] -> 0xffff9da170c0
AscendC: [_ZN7AscendC13load_gm_to_caEPjS0_thtthb15addr_cal_mode_t] -> (nil)
AscendC: [_ZN7AscendC13load_gm_to_caEPhS0_m] -> (nil)
AscendC: [_ZN7AscendC13load_gm_to_caEPhS0_m15addr_cal_mode_t] -> (nil)
AscendC: [_ZN7AscendC13load_gm_to_caEPhS0_thtth15addr_cal_mode_t] -> 0xffff9da14898
AscendC: [_ZN7AscendC13load_gm_to_caEPhS0_thtthb15addr_cal_mode_t] -> (nil)
AscendC: [_ZN7AscendC13load_gm_to_caEPhS0_thth] -> (nil)
AscendC: [_ZN7AscendC13load_gm_to_caEPN7float165Fp16TES2_thth15addr_cal_mode_t] -> (nil)
AscendC: [_ZN7AscendC13load_gm_to_caEPaS0_thth15addr_cal_mode_t] -> (nil)
AscendC: [_ZN7AscendC13load_gm_to_caEPhS0_thth15addr_cal_mode_t] -> (nil)
AscendC: [_ZN7AscendC16load_gm_to_ca_s4EPvS0_m15addr_cal_mode_t] -> (nil)
AscendC: [_ZN7AscendC16load_gm_to_ca_s4EPvS0_thtth15addr_cal_mode_t] -> (nil)
AscendC: [_ZN7AscendC16load_gm_to_ca_s4EPvS0_thtthb15addr_cal_mode_t] -> (nil)
AscendC: [_ZN7AscendC19load_gm_to_ca_unzipEPN7float165Fp16TES2_] -> (nil)
AscendC: [_ZN7AscendC19load_gm_to_ca_unzipEPvS0_] -> (nil)
AscendC: [_ZN7AscendC13load_gm_to_cbEPN7float165Fp16TES2_m] -> (nil)
AscendC: [_ZN7AscendC13load_gm_to_cbEPN7float165Fp16TES2_m15addr_cal_mode_t] -> (nil)
AscendC: [_ZN7AscendC13load_gm_to_cbEPN7float165Fp16TES2_thtth15addr_cal_mode_t] -> 0xffff9da16a50
AscendC: [_ZN7AscendC13load_gm_to_cbEPN7float165Fp16TES2_thtthb15addr_cal_mode_t] -> (nil)
AscendC: [_ZN7AscendC13load_gm_to_cbEPN7float165Fp16TES2_thth] -> (nil)
AscendC: [_ZN7AscendC13load_gm_to_cbEPN8bfloat165Bf16TES2_m] -> (nil)
AscendC: [_ZN7AscendC13load_gm_to_cbEPN8bfloat165Bf16TES2_m15addr_cal_mode_t] -> (nil)
AscendC: [_ZN7AscendC13load_gm_to_cbEPN8bfloat165Bf16TES2_thtth15addr_cal_mode_t] -> 0xffff9da18a70
AscendC: [_ZN7AscendC13load_gm_to_cbEPN8bfloat165Bf16TES2_thtthb15addr_cal_mode_t] -> (nil)
AscendC: [_ZN7AscendC13load_gm_to_cbEPN8bfloat165Bf16TES2_thth] -> (nil)
AscendC: [_ZN7AscendC13load_gm_to_cbEPfS0_m15addr_cal_mode_t] -> (nil)
AscendC: [_ZN7AscendC13load_gm_to_cbEPfS0_thtth15addr_cal_mode_t] -> 0xffff9da18268
AscendC: [_ZN7AscendC13load_gm_to_cbEPfS0_thtthb15addr_cal_mode_t] -> (nil)
AscendC: [_ZN7AscendC13load_gm_to_cbEPiS0_m15addr_cal_mode_t] -> (nil)
AscendC: [_ZN7AscendC13load_gm_to_cbEPiS0_thtth15addr_cal_mode_t] -> 0xffff9da17a60
AscendC: [_ZN7AscendC13load_gm_to_cbEPiS0_thtthb15addr_cal_mode_t] -> (nil)
AscendC: [_ZN7AscendC13load_gm_to_cbEPaS0_m] -> (nil)
AscendC: [_ZN7AscendC13load_gm_to_cbEPaS0_m15addr_cal_mode_t] -> (nil)
AscendC: [_ZN7AscendC13load_gm_to_cbEPaS0_thtth15addr_cal_mode_t] -> 0xffff9da15238
AscendC: [_ZN7AscendC13load_gm_to_cbEPaS0_thtthb15addr_cal_mode_t] -> (nil)
AscendC: [_ZN7AscendC13load_gm_to_cbEPaS0_thth] -> (nil)
AscendC: [_ZN7AscendC13load_gm_to_cbEPjS0_m15addr_cal_mode_t] -> (nil)
AscendC: [_ZN7AscendC13load_gm_to_cbEPjS0_thtth15addr_cal_mode_t] -> 0xffff9da17258
AscendC: [_ZN7AscendC13load_gm_to_cbEPjS0_thtthb15addr_cal_mode_t] -> (nil)
AscendC: [_ZN7AscendC13load_gm_to_cbEPhS0_m] -> (nil)
AscendC: [_ZN7AscendC13load_gm_to_cbEPhS0_m15addr_cal_mode_t] -> (nil)
AscendC: [_ZN7AscendC13load_gm_to_cbEPhS0_thtth15addr_cal_mode_t] -> 0xffff9da14a30
AscendC: [_ZN7AscendC13load_gm_to_cbEPhS0_thtthb15addr_cal_mode_t] -> (nil)
AscendC: [_ZN7AscendC13load_gm_to_cbEPhS0_thth] -> (nil)
AscendC: [_ZN7AscendC13load_gm_to_cbEPN7float165Fp16TES2_thth15addr_cal_mode_t] -> (nil)
AscendC: [_ZN7AscendC13load_gm_to_cbEPaS0_thth15addr_cal_mode_t] -> (nil)
AscendC: [_ZN7AscendC13load_gm_to_cbEPhS0_thth15addr_cal_mode_t] -> (nil)
AscendC: [_ZN7AscendC16load_gm_to_cb_s4EPvS0_m15addr_cal_mode_t] -> (nil)
AscendC: [_ZN7AscendC16load_gm_to_cb_s4EPvS0_thtth15addr_cal_mode_t] -> (nil)
AscendC: [_ZN7AscendC16load_gm_to_cb_s4EPvS0_thtthb15addr_cal_mode_t] -> (nil)
AscendC: [_ZN7AscendC19load_gm_to_cb_unzipEPN7float165Fp16TES2_] -> (nil)
AscendC: [_ZN7AscendC19load_gm_to_cb_unzipEPvS0_] -> (nil)
AscendC: [_ZN7AscendC15load_gm_to_cbufEPN7float165Fp16TES2_m] -> (nil)
AscendC: [_ZN7AscendC15load_gm_to_cbufEPN7float165Fp16TES2_m15addr_cal_mode_t] -> (nil)
AscendC: [_ZN7AscendC15load_gm_to_cbufEPN7float165Fp16TES2_thtth15addr_cal_mode_t] -> 0xffff9da16be8
AscendC: [_ZN7AscendC15load_gm_to_cbufEPN7float165Fp16TES2_thtthb15addr_cal_mode_t] -> (nil)
AscendC: [_ZN7AscendC15load_gm_to_cbufEPN7float165Fp16TES2_thth] -> (nil)
AscendC: [_ZN7AscendC15load_gm_to_cbufEPN8bfloat165Bf16TES2_m] -> (nil)
AscendC: [_ZN7AscendC15load_gm_to_cbufEPN8bfloat165Bf16TES2_m15addr_cal_mode_t] -> (nil)
AscendC: [_ZN7AscendC15load_gm_to_cbufEPN8bfloat165Bf16TES2_thtth15addr_cal_mode_t] -> 0xffff9da18c08
AscendC: [_ZN7AscendC15load_gm_to_cbufEPN8bfloat165Bf16TES2_thtthb15addr_cal_mode_t] -> (nil)
AscendC: [_ZN7AscendC15load_gm_to_cbufEPN8bfloat165Bf16TES2_thth] -> (nil)
AscendC: [_ZN7AscendC15load_gm_to_cbufEPfS0_m15addr_cal_mode_t] -> (nil)
AscendC: [_ZN7AscendC15load_gm_to_cbufEPfS0_thtth15addr_cal_mode_t] -> 0xffff9da18400
AscendC: [_ZN7AscendC15load_gm_to_cbufEPfS0_thtthb15addr_cal_mode_t] -> (nil)
AscendC: [_ZN7AscendC15load_gm_to_cbufEPiS0_m15addr_cal_mode_t] -> (nil)
AscendC: [_ZN7AscendC15load_gm_to_cbufEPiS0_thtth15addr_cal_mode_t] -> 0xffff9da17bf8
AscendC: [_ZN7AscendC15load_gm_to_cbufEPiS0_thtthb15addr_cal_mode_t] -> (nil)
AscendC: [_ZN7AscendC15load_gm_to_cbufEPaS0_m] -> (nil)
AscendC: [_ZN7AscendC15load_gm_to_cbufEPaS0_m15addr_cal_mode_t] -> (nil)
AscendC: [_ZN7AscendC15load_gm_to_cbufEPaS0_thtth15addr_cal_mode_t] -> 0xffff9da153d0
AscendC: [_ZN7AscendC15load_gm_to_cbufEPaS0_thtthb15addr_cal_mode_t] -> (nil)
AscendC: [_ZN7AscendC15load_gm_to_cbufEPaS0_thth] -> (nil)
AscendC: [_ZN7AscendC15load_gm_to_cbufEPjS0_m15addr_cal_mode_t] -> (nil)
AscendC: [_ZN7AscendC15load_gm_to_cbufEPjS0_thtth15addr_cal_mode_t] -> 0xffff9da173f0
AscendC: [_ZN7AscendC15load_gm_to_cbufEPjS0_thtthb15addr_cal_mode_t] -> (nil)
AscendC: [_ZN7AscendC15load_gm_to_cbufEPhS0_m] -> (nil)
AscendC: [_ZN7AscendC15load_gm_to_cbufEPhS0_m15addr_cal_mode_t] -> (nil)
AscendC: [_ZN7AscendC15load_gm_to_cbufEPhS0_thtth15addr_cal_mode_t] -> 0xffff9da14bc8
AscendC: [_ZN7AscendC15load_gm_to_cbufEPhS0_thtthb15addr_cal_mode_t] -> (nil)
AscendC: [_ZN7AscendC15load_gm_to_cbufEPhS0_thth] -> (nil)
AscendC: [_ZN7AscendC15load_gm_to_cbufEPN7float165Fp16TES2_thth15addr_cal_mode_t] -> (nil)
AscendC: [_ZN7AscendC15load_gm_to_cbufEPaS0_thth15addr_cal_mode_t] -> (nil)
AscendC: [_ZN7AscendC15load_gm_to_cbufEPhS0_thth15addr_cal_mode_t] -> (nil)
AscendC: [_ZN7AscendC18load_gm_to_cbuf_s4EPvS0_m15addr_cal_mode_t] -> (nil)
AscendC: [_ZN7AscendC18load_gm_to_cbuf_s4EPvS0_thtth15addr_cal_mode_t] -> (nil)
AscendC: [_ZN7AscendC18load_gm_to_cbuf_s4EPvS0_thtthb15addr_cal_mode_t] -> (nil)
AscendC: [_ZN7AscendC21load_gm_to_cbuf_unzipEPN7float165Fp16TES2_] -> (nil)
AscendC: [_ZN7AscendC21load_gm_to_cbuf_unzipEPvS0_] -> (nil)
AscendC: [_ZN7AscendC18load_image_to_cbufEPN7float165Fp16TEmm] -> (nil)
AscendC: [_ZN7AscendC18load_image_to_cbufEPN7float165Fp16TEttttthhtth] -> 0xffff9da1ff90
AscendC: [_ZN7AscendC18load_image_to_cbufEPsmm] -> (nil)
AscendC: [_ZN7AscendC18load_image_to_cbufEPsttttthhtth] -> 0xffff9da20458
AscendC: [_ZN7AscendC18load_image_to_cbufEPamm] -> (nil)
AscendC: [_ZN7AscendC18load_image_to_cbufEPattttthhtth] -> 0xffff9da20128
AscendC: [_ZN7AscendC18load_image_to_cbufEPhmm] -> (nil)
AscendC: [_ZN7AscendC18load_image_to_cbufEPhttttthhtth] -> 0xffff9da202c0
AscendC: [_ZN7AscendC26load_smask_table_from_cbufEtPvm] -> (nil)
AscendC: [_ZN7AscendC24load_smask_table_from_gmEtPvm] -> (nil)
AscendC: [_ZN7AscendC24load_smask_table_from_ubEtPvm] -> (nil)
AscendC: [_ZN7AscendC24load_unzip_index_from_gmEPvm] -> (nil)
AscendC: [_ZN7AscendC24load_unzip_index_from_gmEPvjh] -> (nil)
AscendC: [_ZN7AscendC3madEPN7float165Fp16TES2_S2_m] -> (nil)
AscendC: [_ZN7AscendC3madEPN7float165Fp16TES2_S2_tttb] -> 0xffff9da1f940
AscendC: [_ZN7AscendC3madEPN7float165Fp16TES2_S2_ttthhbbbbb] -> (nil)
AscendC: [_ZN7AscendC3madEPN7float165Fp16TES2_S2_ttthbbb] -> 0xffff9da1fa20
AscendC: [_ZN7AscendC3madEPfPN7float165Fp16TES3_m] -> (nil)
AscendC: [_ZN7AscendC3madEPfPN7float165Fp16TES3_tttb] -> 0xffff9da191a8
AscendC: [_ZN7AscendC3madEPfPN7float165Fp16TES3_ttthhbbbbb] -> (nil)
AscendC: [_ZN7AscendC3madEPfPN7float165Fp16TES3_ttthbbb] -> 0xffff9da192f0
AscendC: [_ZN7AscendC3madEPfPN7float165Fp16TES3_ttthhhbbbb] -> (nil)
AscendC: [_ZN7AscendC3madEPfPN8bfloat165Bf16TES3_m] -> (nil)
AscendC: [_ZN7AscendC3madEPfPN8bfloat165Bf16TES3_ttthbbb] -> 0xffff9da19860
AscendC: [_ZN7AscendC3madEPfPN8bfloat165Bf16TES3_ttthhhbbbb] -> (nil)
AscendC: [_ZN7AscendC3madEPfS0_S0_m] -> (nil)
AscendC: [_ZN7AscendC3madEPfS0_S0_ttthbbb] -> 0xffff9da195b0
AscendC: [_ZN7AscendC3madEPfS0_S0_ttthhhbbbb] -> (nil)
AscendC: [_ZN7AscendC3madEPiPsPam] -> (nil)
AscendC: [_ZN7AscendC3madEPiPsPattth11unit_flag_tbb] -> (nil)
AscendC: [_ZN7AscendC3madEPiPaS1_m] -> (nil)
AscendC: [_ZN7AscendC3madEPiPaS1_tttb] -> 0xffff9da18da0
AscendC: [_ZN7AscendC3madEPiPaS1_ttthhbbbbb] -> (nil)
AscendC: [_ZN7AscendC3madEPiPaS1_ttthbbb] -> 0xffff9da18ee8
AscendC: [_ZN7AscendC3madEPiPaS1_ttthhhbbbb] -> (nil)
AscendC: [_ZN7AscendC3madEPjPhS1_m] -> (nil)
AscendC: [_ZN7AscendC3madEPjPhS1_tttb] -> 0xffff9da1f360
AscendC: [_ZN7AscendC3madEPjPhS1_ttthhbbbbb] -> (nil)
AscendC: [_ZN7AscendC3madEPjPhS1_ttthbbb] -> 0xffff9da1f448
AscendC: [_ZN7AscendC3madEPiPhS1_m] -> (nil)
AscendC: [_ZN7AscendC3madEPiPhS1_tttb] -> 0xffff9da1f550
AscendC: [_ZN7AscendC3madEPiPhS1_ttthhbbbbb] -> (nil)
AscendC: [_ZN7AscendC3madEPiPhS1_ttthbbb] -> 0xffff9da1f638
AscendC: [_ZN7AscendC3madEPiPhS1_ttthhhbbbb] -> (nil)
AscendC: [_ZN7AscendC3madEPiPhPam] -> (nil)
AscendC: [_ZN7AscendC3madEPiPhPatttb] -> 0xffff9da1f740
AscendC: [_ZN7AscendC3madEPiPhPattthhbbbbb] -> (nil)
AscendC: [_ZN7AscendC3madEPiPhPattthbbb] -> 0xffff9da1f830
AscendC: [_ZN7AscendC3madEPN7float165Fp16TES2_S2_mm] -> (nil)
AscendC: [_ZN7AscendC3madEPN7float165Fp16TES2_S2_mtttb] -> (nil)
AscendC: [_ZN7AscendC3madEPN7float165Fp16TES2_S2_mttthbbb] -> (nil)
AscendC: [_ZN7AscendC3madEPfPN7float165Fp16TES3_mm] -> (nil)
AscendC: [_ZN7AscendC3madEPfPN7float165Fp16TES3_mtttb] -> (nil)
AscendC: [_ZN7AscendC3madEPfPN7float165Fp16TES3_mttthbbb] -> 0xffff9da19450
AscendC: [_ZN7AscendC3madEPfPN8bfloat165Bf16TES3_mm] -> (nil)
AscendC: [_ZN7AscendC3madEPfPN8bfloat165Bf16TES3_mttthbbb] -> 0xffff9da199c0
AscendC: [_ZN7AscendC3madEPfS0_S0_mm] -> (nil)
AscendC: [_ZN7AscendC3madEPfS0_S0_mttthbbb] -> 0xffff9da19708
AscendC: [_ZN7AscendC3madEPiPsPamm] -> (nil)
AscendC: [_ZN7AscendC3madEPiPsPamttth11unit_flag_tbb] -> (nil)
AscendC: [_ZN7AscendC3madEPiPaS1_mm] -> (nil)
AscendC: [_ZN7AscendC3madEPiPaS1_mtttb] -> (nil)
AscendC: [_ZN7AscendC3madEPiPaS1_mttthbbb] -> 0xffff9da19048
AscendC: [_ZN7AscendC3madEPjPhS1_mm] -> (nil)
AscendC: [_ZN7AscendC3madEPjPhS1_mtttb] -> (nil)
AscendC: [_ZN7AscendC3madEPjPhS1_mttthbbb] -> (nil)
AscendC: [_ZN7AscendC3madEPiPhS1_mm] -> (nil)
AscendC: [_ZN7AscendC3madEPiPhS1_mtttb] -> (nil)
AscendC: [_ZN7AscendC3madEPiPhS1_mttthbbb] -> (nil)
AscendC: [_ZN7AscendC3madEPiPhPamm] -> (nil)
AscendC: [_ZN7AscendC3madEPiPhPamtttb] -> (nil)
AscendC: [_ZN7AscendC3madEPiPhPamttthbbb] -> (nil)
AscendC: [_ZN7AscendC8mad_b8u2EPiPaPvm] -> (nil)
AscendC: [_ZN7AscendC8mad_b8u2EPiPaPvtttb] -> (nil)
AscendC: [_ZN7AscendC8mad_b8u2EPiPaPvttthhbbbbb] -> (nil)
AscendC: [_ZN7AscendC8mad_b8u2EPiPhPvm] -> (nil)
AscendC: [_ZN7AscendC8mad_b8u2EPiPhPvtttb] -> (nil)
AscendC: [_ZN7AscendC8mad_b8u2EPiPhPvttthhbbbbb] -> (nil)
AscendC: [_ZN7AscendC12mad_bf162f32EPfPtS1_m] -> (nil)
AscendC: [_ZN7AscendC12mad_bf162f32EPfPtS1_ttthbbb] -> (nil)
AscendC: [_ZN7AscendC12mad_bf162f32EPfPtS1_ttthhhbbbb] -> (nil)
AscendC: [_ZN7AscendC9mad_f16u2EPN7float165Fp16TES2_Pvm] -> (nil)
AscendC: [_ZN7AscendC9mad_f16u2EPN7float165Fp16TES2_Pvtttb] -> (nil)
AscendC: [_ZN7AscendC9mad_f16u2EPN7float165Fp16TES2_Pvttthhbbbbb] -> (nil)
AscendC: [_ZN7AscendC6mad_s4EPiPvS1_m] -> (nil)
AscendC: [_ZN7AscendC6mad_s4EPiPvS1_tttb] -> (nil)
AscendC: [_ZN7AscendC6mad_s4EPiPvS1_ttthhbbbbb] -> (nil)
AscendC: [_ZN7AscendC6mad_s4EPiPvS1_ttthbbb] -> 0xffff9da105e0
AscendC: [_ZN7AscendC6mad_s4EPiPvS1_ttthhhbbbb] -> (nil)
AscendC: [_ZN7AscendC6mad_spEPiPaS1_m] -> (nil)
AscendC: [_ZN7AscendC6mad_spEPiPaS1_ttthbb] -> 0xffff9da10a60
AscendC: [_ZN7AscendC12mad_tf322f32EPfS0_S0_m] -> (nil)
AscendC: [_ZN7AscendC12mad_tf322f32EPfS0_S0_ttthbbb] -> (nil)
AscendC: [_ZN7AscendC12mad_tf322f32EPfS0_S0_ttthhhbbbb] -> (nil)
AscendC: [_ZN7AscendC8mov_vsprE6VSPR_tm] -> (nil)
AscendC: [_ZN7AscendC13mte4_mte5_offEv] -> (nil)
AscendC: [_ZN7AscendC12mte4_mte5_onEv] -> (nil)
AscendC: [_ZN7AscendC7mvf_dciEv] -> (nil)
AscendC: [_ZN7AscendC21mvf_gm_to_ub_b128_u16EPvS0_S0_m] -> (nil)
AscendC: [_ZN7AscendC21mvf_gm_to_ub_b128_u16EPvS0_S0_thh] -> (nil)
AscendC: [_ZN7AscendC21mvf_gm_to_ub_b128_u32EPvS0_S0_m] -> (nil)
AscendC: [_ZN7AscendC21mvf_gm_to_ub_b128_u32EPvS0_S0_thh] -> (nil)
AscendC: [_ZN7AscendC21mvf_gm_to_ub_b256_u16EPvS0_S0_m] -> (nil)
AscendC: [_ZN7AscendC21mvf_gm_to_ub_b256_u16EPvS0_S0_thh] -> (nil)
AscendC: [_ZN7AscendC21mvf_gm_to_ub_b256_u32EPvS0_S0_m] -> (nil)
AscendC: [_ZN7AscendC21mvf_gm_to_ub_b256_u32EPvS0_S0_thh] -> (nil)
AscendC: [_ZN7AscendC20mvf_gm_to_ub_b32_u16EPvS0_S0_m] -> (nil)
AscendC: [_ZN7AscendC20mvf_gm_to_ub_b32_u16EPvS0_S0_thh] -> (nil)
AscendC: [_ZN7AscendC20mvf_gm_to_ub_b32_u32EPvS0_S0_m] -> (nil)
AscendC: [_ZN7AscendC20mvf_gm_to_ub_b32_u32EPvS0_S0_thh] -> (nil)
AscendC: [_ZN7AscendC21mvf_gm_to_ub_b512_u16EPvS0_S0_m] -> (nil)
AscendC: [_ZN7AscendC21mvf_gm_to_ub_b512_u16EPvS0_S0_thh] -> (nil)
AscendC: [_ZN7AscendC21mvf_gm_to_ub_b512_u32EPvS0_S0_m] -> (nil)
AscendC: [_ZN7AscendC21mvf_gm_to_ub_b512_u32EPvS0_S0_thh] -> (nil)
AscendC: [_ZN7AscendC20mvf_gm_to_ub_b64_u16EPvS0_S0_m] -> (nil)
AscendC: [_ZN7AscendC20mvf_gm_to_ub_b64_u16EPvS0_S0_thh] -> (nil)
AscendC: [_ZN7AscendC20mvf_gm_to_ub_b64_u32EPvS0_S0_m] -> (nil)
AscendC: [_ZN7AscendC20mvf_gm_to_ub_b64_u32EPvS0_S0_thh] -> (nil)
AscendC: [_ZN7AscendC12pc_trace_offEv] -> (nil)
AscendC: [_ZN7AscendC11pc_trace_onEv] -> (nil)
AscendC: [_ZN7AscendC12pipe_barrierE6pipe_t] -> 0xffff9d9d6300
AscendC: [_ZN7AscendC7preloadEPKv] -> 0xffff9d9d70c8
AscendC: [_ZN7AscendC7preloadEPKvl] -> 0xffff9d9d6ff8
AscendC: [_ZN7AscendC12release_pbidEm] -> (nil)
AscendC: [_ZN7AscendC7rpn_corEPN7float165Fp16TES2_m] -> (nil)
AscendC: [_ZN7AscendC7rpn_corEPN7float165Fp16TES2_htt] -> (nil)
AscendC: [_ZN7AscendC12rpn_cor_diagEPN7float165Fp16TES2_] -> (nil)
AscendC: [_ZN7AscendC13rpn_cor_diag2EPN7float165Fp16TES2_] -> (nil)
AscendC: [_ZN7AscendC8sbitset0Eml] -> 0xffff9d9d4b90
AscendC: [_ZN7AscendC8sbitset1Eml] -> 0xffff9d9d4b80
AscendC: [_ZN7AscendC12scatter_vabsE7vtype_t10ub_addr8_tS1_m] -> (nil)
AscendC: [_ZN7AscendC12scatter_vabsE7vtype_t10ub_addr8_tS1_htt] -> (nil)
AscendC: [_ZN7AscendC16scatter_vabs_f16E10ub_addr8_tS0_m] -> (nil)
AscendC: [_ZN7AscendC16scatter_vabs_f16E10ub_addr8_tS0_htt] -> (nil)
AscendC: [_ZN7AscendC16scatter_vabs_f32E10ub_addr8_tS0_m] -> (nil)
AscendC: [_ZN7AscendC16scatter_vabs_f32E10ub_addr8_tS0_htt] -> (nil)
AscendC: [_ZN7AscendC16scatter_vabs_s16E10ub_addr8_tS0_m] -> (nil)
AscendC: [_ZN7AscendC16scatter_vabs_s16E10ub_addr8_tS0_htt] -> (nil)
AscendC: [_ZN7AscendC12scatter_vaddE7vtype_t10ub_addr8_tS1_S1_m] -> (nil)
AscendC: [_ZN7AscendC12scatter_vaddE7vtype_t10ub_addr8_tS1_S1_httt] -> (nil)
AscendC: [_ZN7AscendC16scatter_vadd_f16E10ub_addr8_tS0_S0_m] -> (nil)
AscendC: [_ZN7AscendC16scatter_vadd_f16E10ub_addr8_tS0_S0_httt] -> (nil)
AscendC: [_ZN7AscendC16scatter_vadd_f32E10ub_addr8_tS0_S0_m] -> (nil)
AscendC: [_ZN7AscendC16scatter_vadd_f32E10ub_addr8_tS0_S0_httt] -> (nil)
AscendC: [_ZN7AscendC16scatter_vadd_s16E10ub_addr8_tS0_S0_m] -> (nil)
AscendC: [_ZN7AscendC16scatter_vadd_s16E10ub_addr8_tS0_S0_httt] -> (nil)
AscendC: [_ZN7AscendC16scatter_vadd_s32E10ub_addr8_tS0_S0_m] -> (nil)
AscendC: [_ZN7AscendC16scatter_vadd_s32E10ub_addr8_tS0_S0_httt] -> (nil)
AscendC: [_ZN7AscendC13scatter_vaddsE7vtype_t10ub_addr8_tS1_N7float165Fp16TEm] -> (nil)
AscendC: [_ZN7AscendC13scatter_vaddsE7vtype_t10ub_addr8_tS1_N7float165Fp16TEhtt] -> (nil)
AscendC: [_ZN7AscendC13scatter_vaddsE7vtype_t10ub_addr8_tS1_fm] -> (nil)
AscendC: [_ZN7AscendC13scatter_vaddsE7vtype_t10ub_addr8_tS1_fhtt] -> (nil)
AscendC: [_ZN7AscendC17scatter_vadds_f16E10ub_addr8_tS0_N7float165Fp16TEm] -> (nil)
AscendC: [_ZN7AscendC17scatter_vadds_f16E10ub_addr8_tS0_N7float165Fp16TEhtt] -> (nil)
AscendC: [_ZN7AscendC17scatter_vadds_f32E10ub_addr8_tS0_fm] -> (nil)
AscendC: [_ZN7AscendC17scatter_vadds_f32E10ub_addr8_tS0_fhtt] -> (nil)
AscendC: [_ZN7AscendC17scatter_vadds_s16E10ub_addr8_tS0_sm] -> (nil)
AscendC: [_ZN7AscendC17scatter_vadds_s16E10ub_addr8_tS0_shtt] -> (nil)
AscendC: [_ZN7AscendC17scatter_vadds_s32E10ub_addr8_tS0_im] -> (nil)
AscendC: [_ZN7AscendC17scatter_vadds_s32E10ub_addr8_tS0_ihtt] -> (nil)
AscendC: [_ZN7AscendC13scatter_vaxpyE7vtype_t10ub_addr8_tS1_N7float165Fp16TEmb] -> (nil)
AscendC: [_ZN7AscendC13scatter_vaxpyE7vtype_t10ub_addr8_tS1_N7float165Fp16TEhttb] -> (nil)
AscendC: [_ZN7AscendC13scatter_vaxpyE7vtype_t10ub_addr8_tS1_fmb] -> (nil)
AscendC: [_ZN7AscendC13scatter_vaxpyE7vtype_t10ub_addr8_tS1_fhttb] -> (nil)
AscendC: [_ZN7AscendC17scatter_vaxpy_f16E10ub_addr8_tS0_N7float165Fp16TEmb] -> (nil)
AscendC: [_ZN7AscendC17scatter_vaxpy_f16E10ub_addr8_tS0_N7float165Fp16TEhttb] -> (nil)
AscendC: [_ZN7AscendC17scatter_vaxpy_f32E10ub_addr8_tS0_fmb] -> (nil)
AscendC: [_ZN7AscendC17scatter_vaxpy_f32E10ub_addr8_tS0_fhttb] -> (nil)
AscendC: [_ZN7AscendC18scatter_vaxpy_fmixE10ub_addr8_tS0_N7float165Fp16TEmb] -> (nil)
AscendC: [_ZN7AscendC18scatter_vaxpy_fmixE10ub_addr8_tS0_N7float165Fp16TEhttb] -> (nil)
AscendC: [_ZN7AscendC15scatter_vcmp_eqE7vtype_t10ub_addr8_tS1_m] -> (nil)
AscendC: [_ZN7AscendC19scatter_vcmp_eq_f16E10ub_addr8_tS0_m] -> (nil)
AscendC: [_ZN7AscendC19scatter_vcmp_eq_f32E10ub_addr8_tS0_m] -> (nil)
AscendC: [_ZN7AscendC19scatter_vcmp_eq_s16E10ub_addr8_tS0_m] -> (nil)
AscendC: [_ZN7AscendC15scatter_vcmp_geE7vtype_t10ub_addr8_tS1_m] -> (nil)
AscendC: [_ZN7AscendC19scatter_vcmp_ge_f16E10ub_addr8_tS0_m] -> (nil)
AscendC: [_ZN7AscendC19scatter_vcmp_ge_f32E10ub_addr8_tS0_m] -> (nil)
AscendC: [_ZN7AscendC19scatter_vcmp_ge_s16E10ub_addr8_tS0_m] -> (nil)
AscendC: [_ZN7AscendC15scatter_vcmp_gtE7vtype_t10ub_addr8_tS1_m] -> (nil)
AscendC: [_ZN7AscendC19scatter_vcmp_gt_f16E10ub_addr8_tS0_m] -> (nil)
AscendC: [_ZN7AscendC19scatter_vcmp_gt_f32E10ub_addr8_tS0_m] -> (nil)
AscendC: [_ZN7AscendC19scatter_vcmp_gt_s16E10ub_addr8_tS0_m] -> (nil)
AscendC: [_ZN7AscendC15scatter_vcmp_leE7vtype_t10ub_addr8_tS1_m] -> (nil)
AscendC: [_ZN7AscendC19scatter_vcmp_le_f16E10ub_addr8_tS0_m] -> (nil)
AscendC: [_ZN7AscendC19scatter_vcmp_le_f32E10ub_addr8_tS0_m] -> (nil)
AscendC: [_ZN7AscendC19scatter_vcmp_le_s16E10ub_addr8_tS0_m] -> (nil)
AscendC: [_ZN7AscendC15scatter_vcmp_ltE7vtype_t10ub_addr8_tS1_m] -> (nil)
AscendC: [_ZN7AscendC19scatter_vcmp_lt_f16E10ub_addr8_tS0_m] -> (nil)
AscendC: [_ZN7AscendC19scatter_vcmp_lt_f32E10ub_addr8_tS0_m] -> (nil)
AscendC: [_ZN7AscendC19scatter_vcmp_lt_s16E10ub_addr8_tS0_m] -> (nil)
AscendC: [_ZN7AscendC15scatter_vcmp_neE7vtype_t10ub_addr8_tS1_m] -> (nil)
AscendC: [_ZN7AscendC19scatter_vcmp_ne_f16E10ub_addr8_tS0_m] -> (nil)
AscendC: [_ZN7AscendC19scatter_vcmp_ne_f32E10ub_addr8_tS0_m] -> (nil)
AscendC: [_ZN7AscendC19scatter_vcmp_ne_s16E10ub_addr8_tS0_m] -> (nil)
AscendC: [_ZN7AscendC19scatter_vconcat_f16EPN7float165Fp16TE10ub_addr8_tm] -> (nil)
AscendC: [_ZN7AscendC19scatter_vconcat_f16EPN7float165Fp16TE10ub_addr8_thh] -> (nil)
AscendC: [_ZN7AscendC19scatter_vconcat_f32EPf10ub_addr8_tm] -> (nil)
AscendC: [_ZN7AscendC19scatter_vconcat_f32EPf10ub_addr8_thh] -> (nil)
AscendC: [_ZN7AscendC17scatter_vconv_deqE10ub_addr8_tS0_mb] -> (nil)
AscendC: [_ZN7AscendC17scatter_vconv_deqE10ub_addr8_tS0_httb] -> (nil)
AscendC: [_ZN7AscendC21scatter_vconv_f162f32E10ub_addr8_tS0_mb] -> (nil)
AscendC: [_ZN7AscendC21scatter_vconv_f162f32E10ub_addr8_tS0_httb] -> (nil)
AscendC: [_ZN7AscendC22scatter_vconv_f162s32aE10ub_addr8_tS0_mb] -> (nil)
AscendC: [_ZN7AscendC22scatter_vconv_f162s32aE10ub_addr8_tS0_httb] -> (nil)
AscendC: [_ZN7AscendC22scatter_vconv_f162s32cE10ub_addr8_tS0_mb] -> (nil)
AscendC: [_ZN7AscendC22scatter_vconv_f162s32cE10ub_addr8_tS0_httb] -> (nil)
AscendC: [_ZN7AscendC22scatter_vconv_f162s32fE10ub_addr8_tS0_mb] -> (nil)
AscendC: [_ZN7AscendC22scatter_vconv_f162s32fE10ub_addr8_tS0_httb] -> (nil)
AscendC: [_ZN7AscendC22scatter_vconv_f162s32rE10ub_addr8_tS0_mb] -> (nil)
AscendC: [_ZN7AscendC22scatter_vconv_f162s32rE10ub_addr8_tS0_httb] -> (nil)
AscendC: [_ZN7AscendC22scatter_vconv_f162s32zE10ub_addr8_tS0_mb] -> (nil)
AscendC: [_ZN7AscendC22scatter_vconv_f162s32zE10ub_addr8_tS0_httb] -> (nil)
AscendC: [_ZN7AscendC20scatter_vconv_f162s8E10ub_addr8_tS0_mb] -> (nil)
AscendC: [_ZN7AscendC20scatter_vconv_f162s8E10ub_addr8_tS0_httb] -> (nil)
AscendC: [_ZN7AscendC21scatter_vconv_f162s8aE10ub_addr8_tS0_mb] -> (nil)
AscendC: [_ZN7AscendC21scatter_vconv_f162s8aE10ub_addr8_tS0_httb] -> (nil)
AscendC: [_ZN7AscendC21scatter_vconv_f162s8cE10ub_addr8_tS0_mb] -> (nil)
AscendC: [_ZN7AscendC21scatter_vconv_f162s8cE10ub_addr8_tS0_httb] -> (nil)
AscendC: [_ZN7AscendC21scatter_vconv_f162s8fE10ub_addr8_tS0_mb] -> (nil)
AscendC: [_ZN7AscendC21scatter_vconv_f162s8fE10ub_addr8_tS0_httb] -> (nil)
AscendC: [_ZN7AscendC21scatter_vconv_f162s8zE10ub_addr8_tS0_mb] -> (nil)
AscendC: [_ZN7AscendC21scatter_vconv_f162s8zE10ub_addr8_tS0_httb] -> (nil)
AscendC: [_ZN7AscendC20scatter_vconv_f162u8E10ub_addr8_tS0_mb] -> (nil)
AscendC: [_ZN7AscendC20scatter_vconv_f162u8E10ub_addr8_tS0_httb] -> (nil)
AscendC: [_ZN7AscendC21scatter_vconv_f162u8aE10ub_addr8_tS0_mb] -> (nil)
AscendC: [_ZN7AscendC21scatter_vconv_f162u8aE10ub_addr8_tS0_httb] -> (nil)
AscendC: [_ZN7AscendC21scatter_vconv_f162u8cE10ub_addr8_tS0_mb] -> (nil)
AscendC: [_ZN7AscendC21scatter_vconv_f162u8cE10ub_addr8_tS0_httb] -> (nil)
AscendC: [_ZN7AscendC21scatter_vconv_f162u8fE10ub_addr8_tS0_mb] -> (nil)
AscendC: [_ZN7AscendC21scatter_vconv_f162u8fE10ub_addr8_tS0_httb] -> (nil)
AscendC: [_ZN7AscendC21scatter_vconv_f162u8zE10ub_addr8_tS0_mb] -> (nil)
AscendC: [_ZN7AscendC21scatter_vconv_f162u8zE10ub_addr8_tS0_httb] -> (nil)
AscendC: [_ZN7AscendC21scatter_vconv_f322f16E10ub_addr8_tS0_mb] -> (nil)
AscendC: [_ZN7AscendC21scatter_vconv_f322f16E10ub_addr8_tS0_httb] -> (nil)
AscendC: [_ZN7AscendC22scatter_vconv_f322f16oE10ub_addr8_tS0_mb] -> (nil)
AscendC: [_ZN7AscendC22scatter_vconv_f322f16oE10ub_addr8_tS0_httb] -> (nil)
AscendC: [_ZN7AscendC22scatter_vconv_f322s32aE10ub_addr8_tS0_mb] -> (nil)
AscendC: [_ZN7AscendC22scatter_vconv_f322s32aE10ub_addr8_tS0_httb] -> (nil)
AscendC: [_ZN7AscendC22scatter_vconv_f322s32cE10ub_addr8_tS0_mb] -> (nil)
AscendC: [_ZN7AscendC22scatter_vconv_f322s32cE10ub_addr8_tS0_httb] -> (nil)
AscendC: [_ZN7AscendC22scatter_vconv_f322s32fE10ub_addr8_tS0_mb] -> (nil)
AscendC: [_ZN7AscendC22scatter_vconv_f322s32fE10ub_addr8_tS0_httb] -> (nil)
AscendC: [_ZN7AscendC22scatter_vconv_f322s32rE10ub_addr8_tS0_mb] -> (nil)
AscendC: [_ZN7AscendC22scatter_vconv_f322s32rE10ub_addr8_tS0_httb] -> (nil)
AscendC: [_ZN7AscendC22scatter_vconv_f322s32zE10ub_addr8_tS0_mb] -> (nil)
AscendC: [_ZN7AscendC22scatter_vconv_f322s32zE10ub_addr8_tS0_httb] -> (nil)
AscendC: [_ZN7AscendC21scatter_vconv_s322f32E10ub_addr8_tS0_mb] -> (nil)
AscendC: [_ZN7AscendC21scatter_vconv_s322f32E10ub_addr8_tS0_httb] -> (nil)
AscendC: [_ZN7AscendC20scatter_vconv_s82f16E10ub_addr8_tS0_mb] -> (nil)
AscendC: [_ZN7AscendC20scatter_vconv_s82f16E10ub_addr8_tS0_httb] -> (nil)
AscendC: [_ZN7AscendC20scatter_vconv_u82f16E10ub_addr8_tS0_mb] -> (nil)
AscendC: [_ZN7AscendC20scatter_vconv_u82f16E10ub_addr8_tS0_httb] -> (nil)
AscendC: [_ZN7AscendC21scatter_vcshuffle_b16E10ub_addr8_tS0_m] -> (nil)
AscendC: [_ZN7AscendC21scatter_vcshuffle_b16E10ub_addr8_tS0_htth] -> (nil)
AscendC: [_ZN7AscendC21scatter_vcshuffle_b32E10ub_addr8_tS0_m] -> (nil)
AscendC: [_ZN7AscendC21scatter_vcshuffle_b32E10ub_addr8_tS0_htth] -> (nil)
AscendC: [_ZN7AscendC20scatter_vcshuffle_b8E10ub_addr8_tS0_m] -> (nil)
AscendC: [_ZN7AscendC20scatter_vcshuffle_b8E10ub_addr8_tS0_htth] -> (nil)
AscendC: [_ZN7AscendC12scatter_vdivE7vtype_t10ub_addr8_tS1_S1_m] -> (nil)
AscendC: [_ZN7AscendC12scatter_vdivE7vtype_t10ub_addr8_tS1_S1_httt] -> (nil)
AscendC: [_ZN7AscendC16scatter_vdiv_f16E10ub_addr8_tS0_S0_m] -> (nil)
AscendC: [_ZN7AscendC16scatter_vdiv_f16E10ub_addr8_tS0_S0_httt] -> (nil)
AscendC: [_ZN7AscendC16scatter_vdiv_f32E10ub_addr8_tS0_S0_m] -> (nil)
AscendC: [_ZN7AscendC16scatter_vdiv_f32E10ub_addr8_tS0_S0_httt] -> (nil)
AscendC: [_ZN7AscendC18scatter_vector_movE7vtype_t10ub_addr8_tS1_m] -> (nil)
AscendC: [_ZN7AscendC18scatter_vector_movE7vtype_t10ub_addr8_tS1_htt] -> (nil)
AscendC: [_ZN7AscendC22scatter_vector_mov_f16E10ub_addr8_tS0_m] -> (nil)
AscendC: [_ZN7AscendC22scatter_vector_mov_f16E10ub_addr8_tS0_htt] -> (nil)
AscendC: [_ZN7AscendC22scatter_vector_mov_s16E10ub_addr8_tS0_m] -> (nil)
AscendC: [_ZN7AscendC22scatter_vector_mov_s16E10ub_addr8_tS0_htt] -> (nil)
AscendC: [_ZN7AscendC22scatter_vector_mov_u16E10ub_addr8_tS0_m] -> (nil)
AscendC: [_ZN7AscendC22scatter_vector_mov_u16E10ub_addr8_tS0_htt] -> (nil)
AscendC: [_ZN7AscendC12scatter_vexpE7vtype_t10ub_addr8_tS1_m] -> (nil)
AscendC: [_ZN7AscendC12scatter_vexpE7vtype_t10ub_addr8_tS1_htt] -> (nil)
AscendC: [_ZN7AscendC16scatter_vexp_f16E10ub_addr8_tS0_m] -> (nil)
AscendC: [_ZN7AscendC16scatter_vexp_f16E10ub_addr8_tS0_htt] -> (nil)
AscendC: [_ZN7AscendC16scatter_vexp_f32E10ub_addr8_tS0_m] -> (nil)
AscendC: [_ZN7AscendC16scatter_vexp_f32E10ub_addr8_tS0_htt] -> (nil)
AscendC: [_ZN7AscendC20scatter_vextract_f16E10ub_addr8_tPN7float165Fp16TEm] -> (nil)
AscendC: [_ZN7AscendC20scatter_vextract_f16E10ub_addr8_tPN7float165Fp16TEhh] -> (nil)
AscendC: [_ZN7AscendC20scatter_vextract_f32E10ub_addr8_tPfm] -> (nil)
AscendC: [_ZN7AscendC20scatter_vextract_f32E10ub_addr8_tPfhh] -> (nil)
AscendC: [_ZN7AscendC11scatter_vlnE7vtype_t10ub_addr8_tS1_m] -> (nil)
AscendC: [_ZN7AscendC11scatter_vlnE7vtype_t10ub_addr8_tS1_htt] -> (nil)
AscendC: [_ZN7AscendC15scatter_vln_f16E10ub_addr8_tS0_m] -> (nil)
AscendC: [_ZN7AscendC15scatter_vln_f16E10ub_addr8_tS0_htt] -> (nil)
AscendC: [_ZN7AscendC15scatter_vln_f32E10ub_addr8_tS0_m] -> (nil)
AscendC: [_ZN7AscendC15scatter_vln_f32E10ub_addr8_tS0_htt] -> (nil)
AscendC: [_ZN7AscendC13scatter_vmaddE7vtype_t10ub_addr8_tS1_S1_m] -> (nil)
AscendC: [_ZN7AscendC13scatter_vmaddE7vtype_t10ub_addr8_tS1_S1_httt] -> (nil)
AscendC: [_ZN7AscendC17scatter_vmadd_f16E10ub_addr8_tS0_S0_m] -> (nil)
AscendC: [_ZN7AscendC17scatter_vmadd_f16E10ub_addr8_tS0_S0_httt] -> (nil)
AscendC: [_ZN7AscendC17scatter_vmadd_f32E10ub_addr8_tS0_S0_m] -> (nil)
AscendC: [_ZN7AscendC17scatter_vmadd_f32E10ub_addr8_tS0_S0_httt] -> (nil)
AscendC: [_ZN7AscendC17scatter_vmaddreluE7vtype_t10ub_addr8_tS1_S1_m] -> (nil)
AscendC: [_ZN7AscendC17scatter_vmaddreluE7vtype_t10ub_addr8_tS1_S1_httt] -> (nil)
AscendC: [_ZN7AscendC21scatter_vmaddrelu_f16E10ub_addr8_tS0_S0_m] -> (nil)
AscendC: [_ZN7AscendC21scatter_vmaddrelu_f16E10ub_addr8_tS0_S0_httt] -> (nil)
AscendC: [_ZN7AscendC21scatter_vmaddrelu_f32E10ub_addr8_tS0_S0_m] -> (nil)
AscendC: [_ZN7AscendC21scatter_vmaddrelu_f32E10ub_addr8_tS0_S0_httt] -> (nil)
AscendC: [_ZN7AscendC12scatter_vmaxE7vtype_t10ub_addr8_tS1_S1_m] -> (nil)
AscendC: [_ZN7AscendC12scatter_vmaxE7vtype_t10ub_addr8_tS1_S1_httt] -> (nil)
AscendC: [_ZN7AscendC16scatter_vmax_f16E10ub_addr8_tS0_S0_m] -> (nil)
AscendC: [_ZN7AscendC16scatter_vmax_f16E10ub_addr8_tS0_S0_httt] -> (nil)
AscendC: [_ZN7AscendC16scatter_vmax_f32E10ub_addr8_tS0_S0_m] -> (nil)
AscendC: [_ZN7AscendC16scatter_vmax_f32E10ub_addr8_tS0_S0_httt] -> (nil)
AscendC: [_ZN7AscendC16scatter_vmax_s16E10ub_addr8_tS0_S0_m] -> (nil)
AscendC: [_ZN7AscendC16scatter_vmax_s16E10ub_addr8_tS0_S0_httt] -> (nil)
AscendC: [_ZN7AscendC16scatter_vmax_s32E10ub_addr8_tS0_S0_m] -> (nil)
AscendC: [_ZN7AscendC16scatter_vmax_s32E10ub_addr8_tS0_S0_httt] -> (nil)
AscendC: [_ZN7AscendC17scatter_vmaxs_f16E10ub_addr8_tS0_N7float165Fp16TEm] -> (nil)
AscendC: [_ZN7AscendC17scatter_vmaxs_f16E10ub_addr8_tS0_N7float165Fp16TEhtt] -> (nil)
AscendC: [_ZN7AscendC17scatter_vmaxs_f32E10ub_addr8_tS0_fm] -> (nil)
AscendC: [_ZN7AscendC17scatter_vmaxs_f32E10ub_addr8_tS0_fhtt] -> (nil)
AscendC: [_ZN7AscendC17scatter_vmaxs_s16E10ub_addr8_tS0_sm] -> (nil)
AscendC: [_ZN7AscendC17scatter_vmaxs_s16E10ub_addr8_tS0_shtt] -> (nil)
AscendC: [_ZN7AscendC17scatter_vmaxs_s32E10ub_addr8_tS0_im] -> (nil)
AscendC: [_ZN7AscendC17scatter_vmaxs_s32E10ub_addr8_tS0_ihtt] -> (nil)
AscendC: [_ZN7AscendC12scatter_vminE7vtype_t10ub_addr8_tS1_S1_m] -> (nil)
AscendC: [_ZN7AscendC12scatter_vminE7vtype_t10ub_addr8_tS1_S1_httt] -> (nil)
AscendC: [_ZN7AscendC16scatter_vmin_f16E10ub_addr8_tS0_S0_m] -> (nil)
AscendC: [_ZN7AscendC16scatter_vmin_f16E10ub_addr8_tS0_S0_httt] -> (nil)
AscendC: [_ZN7AscendC16scatter_vmin_f32E10ub_addr8_tS0_S0_m] -> (nil)
AscendC: [_ZN7AscendC16scatter_vmin_f32E10ub_addr8_tS0_S0_httt] -> (nil)
AscendC: [_ZN7AscendC16scatter_vmin_s16E10ub_addr8_tS0_S0_m] -> (nil)
AscendC: [_ZN7AscendC16scatter_vmin_s16E10ub_addr8_tS0_S0_httt] -> (nil)
AscendC: [_ZN7AscendC16scatter_vmin_s32E10ub_addr8_tS0_S0_m] -> (nil)
AscendC: [_ZN7AscendC16scatter_vmin_s32E10ub_addr8_tS0_S0_httt] -> (nil)
AscendC: [_ZN7AscendC17scatter_vmins_f16E10ub_addr8_tS0_N7float165Fp16TEm] -> (nil)
AscendC: [_ZN7AscendC17scatter_vmins_f16E10ub_addr8_tS0_N7float165Fp16TEhtt] -> (nil)
AscendC: [_ZN7AscendC17scatter_vmins_f32E10ub_addr8_tS0_fm] -> (nil)
AscendC: [_ZN7AscendC17scatter_vmins_f32E10ub_addr8_tS0_fhtt] -> (nil)
AscendC: [_ZN7AscendC17scatter_vmins_s16E10ub_addr8_tS0_sm] -> (nil)
AscendC: [_ZN7AscendC17scatter_vmins_s16E10ub_addr8_tS0_shtt] -> (nil)
AscendC: [_ZN7AscendC17scatter_vmins_s32E10ub_addr8_tS0_im] -> (nil)
AscendC: [_ZN7AscendC17scatter_vmins_s32E10ub_addr8_tS0_ihtt] -> (nil)
AscendC: [_ZN7AscendC12scatter_vmlaE7vtype_t10ub_addr8_tS1_S1_m] -> (nil)
AscendC: [_ZN7AscendC12scatter_vmlaE7vtype_t10ub_addr8_tS1_S1_httt] -> (nil)
AscendC: [_ZN7AscendC16scatter_vmla_f16E10ub_addr8_tS0_S0_m] -> (nil)
AscendC: [_ZN7AscendC16scatter_vmla_f16E10ub_addr8_tS0_S0_httt] -> (nil)
AscendC: [_ZN7AscendC16scatter_vmla_f32E10ub_addr8_tS0_S0_m] -> (nil)
AscendC: [_ZN7AscendC16scatter_vmla_f32E10ub_addr8_tS0_S0_httt] -> (nil)
AscendC: [_ZN7AscendC17scatter_vmla_fmixE10ub_addr8_tS0_S0_m] -> (nil)
AscendC: [_ZN7AscendC17scatter_vmla_fmixE10ub_addr8_tS0_S0_httt] -> (nil)
AscendC: [_ZN7AscendC12scatter_vmulE7vtype_t10ub_addr8_tS1_S1_m] -> (nil)
AscendC: [_ZN7AscendC12scatter_vmulE7vtype_t10ub_addr8_tS1_S1_httt] -> (nil)
AscendC: [_ZN7AscendC16scatter_vmul_f16E10ub_addr8_tS0_S0_m] -> (nil)
AscendC: [_ZN7AscendC16scatter_vmul_f16E10ub_addr8_tS0_S0_httt] -> (nil)
AscendC: [_ZN7AscendC16scatter_vmul_f32E10ub_addr8_tS0_S0_m] -> (nil)
AscendC: [_ZN7AscendC16scatter_vmul_f32E10ub_addr8_tS0_S0_httt] -> (nil)
AscendC: [_ZN7AscendC16scatter_vmul_s16E10ub_addr8_tS0_S0_m] -> (nil)
AscendC: [_ZN7AscendC16scatter_vmul_s16E10ub_addr8_tS0_S0_httt] -> (nil)
AscendC: [_ZN7AscendC16scatter_vmul_s32E10ub_addr8_tS0_S0_m] -> (nil)
AscendC: [_ZN7AscendC16scatter_vmul_s32E10ub_addr8_tS0_S0_httt] -> (nil)
AscendC: [_ZN7AscendC23scatter_vmulconv_f162s8E10ub_addr8_tS0_S0_mb] -> (nil)
AscendC: [_ZN7AscendC23scatter_vmulconv_f162s8E10ub_addr8_tS0_S0_htttb] -> (nil)
AscendC: [_ZN7AscendC23scatter_vmulconv_f162u8E10ub_addr8_tS0_S0_mb] -> (nil)
AscendC: [_ZN7AscendC23scatter_vmulconv_f162u8E10ub_addr8_tS0_S0_htttb] -> (nil)
AscendC: [_ZN7AscendC13scatter_vmulsE7vtype_t10ub_addr8_tS1_N7float165Fp16TEm] -> (nil)
AscendC: [_ZN7AscendC13scatter_vmulsE7vtype_t10ub_addr8_tS1_N7float165Fp16TEhtt] -> (nil)
AscendC: [_ZN7AscendC13scatter_vmulsE7vtype_t10ub_addr8_tS1_fm] -> (nil)
AscendC: [_ZN7AscendC13scatter_vmulsE7vtype_t10ub_addr8_tS1_fhtt] -> (nil)
AscendC: [_ZN7AscendC17scatter_vmuls_f16E10ub_addr8_tS0_N7float165Fp16TEm] -> (nil)
AscendC: [_ZN7AscendC17scatter_vmuls_f16E10ub_addr8_tS0_N7float165Fp16TEhtt] -> (nil)
AscendC: [_ZN7AscendC17scatter_vmuls_f32E10ub_addr8_tS0_fm] -> (nil)
AscendC: [_ZN7AscendC17scatter_vmuls_f32E10ub_addr8_tS0_fhtt] -> (nil)
AscendC: [_ZN7AscendC17scatter_vmuls_s16E10ub_addr8_tS0_sm] -> (nil)
AscendC: [_ZN7AscendC17scatter_vmuls_s16E10ub_addr8_tS0_shtt] -> (nil)
AscendC: [_ZN7AscendC17scatter_vmuls_s32E10ub_addr8_tS0_im] -> (nil)
AscendC: [_ZN7AscendC17scatter_vmuls_s32E10ub_addr8_tS0_ihtt] -> (nil)
AscendC: [_ZN7AscendC21scatter_vnchwconv_b16E10ub_addr8_tPsm] -> (nil)
AscendC: [_ZN7AscendC21scatter_vnchwconv_b16E10ub_addr8_tPshtt] -> (nil)
AscendC: [_ZN7AscendC21scatter_vnchwconv_b16E10ub_addr8_tPtm] -> (nil)
AscendC: [_ZN7AscendC21scatter_vnchwconv_b16E10ub_addr8_tPthtt] -> (nil)
AscendC: [_ZN7AscendC21scatter_vnchwconv_b16EPs10ub_addr8_tm] -> (nil)
AscendC: [_ZN7AscendC21scatter_vnchwconv_b16EPs10ub_addr8_thtt] -> (nil)
AscendC: [_ZN7AscendC21scatter_vnchwconv_b16EPt10ub_addr8_tm] -> (nil)
AscendC: [_ZN7AscendC21scatter_vnchwconv_b16EPt10ub_addr8_thtt] -> (nil)
AscendC: [_ZN7AscendC21scatter_vnchwconv_b16E10ub_addr8_tS0_m] -> (nil)
AscendC: [_ZN7AscendC21scatter_vnchwconv_b16E10ub_addr8_tS0_htt] -> 0xffff9da62cb8
AscendC: [_ZN7AscendC21scatter_vnchwconv_b32E10ub_addr8_tPim] -> (nil)
AscendC: [_ZN7AscendC21scatter_vnchwconv_b32E10ub_addr8_tPihtt] -> (nil)
AscendC: [_ZN7AscendC21scatter_vnchwconv_b32E10ub_addr8_tPjm] -> (nil)
AscendC: [_ZN7AscendC21scatter_vnchwconv_b32E10ub_addr8_tPjhtt] -> (nil)
AscendC: [_ZN7AscendC21scatter_vnchwconv_b32EPi10ub_addr8_tm] -> (nil)
AscendC: [_ZN7AscendC21scatter_vnchwconv_b32EPi10ub_addr8_thtt] -> (nil)
AscendC: [_ZN7AscendC21scatter_vnchwconv_b32EPj10ub_addr8_tm] -> (nil)
AscendC: [_ZN7AscendC21scatter_vnchwconv_b32EPj10ub_addr8_thtt] -> (nil)
AscendC: [_ZN7AscendC21scatter_vnchwconv_b32E10ub_addr8_tS0_m] -> (nil)
AscendC: [_ZN7AscendC21scatter_vnchwconv_b32E10ub_addr8_tS0_htt] -> 0xffff9da62ca8
AscendC: [_ZN7AscendC20scatter_vnchwconv_b8E10ub_addr8_tPambb] -> (nil)
AscendC: [_ZN7AscendC20scatter_vnchwconv_b8E10ub_addr8_tPahttbb] -> (nil)
AscendC: [_ZN7AscendC20scatter_vnchwconv_b8E10ub_addr8_tPhmbb] -> (nil)
AscendC: [_ZN7AscendC20scatter_vnchwconv_b8E10ub_addr8_tPhhttbb] -> (nil)
AscendC: [_ZN7AscendC20scatter_vnchwconv_b8EPa10ub_addr8_tmbb] -> (nil)
AscendC: [_ZN7AscendC20scatter_vnchwconv_b8EPa10ub_addr8_thttbb] -> (nil)
AscendC: [_ZN7AscendC20scatter_vnchwconv_b8EPh10ub_addr8_tmbb] -> (nil)
AscendC: [_ZN7AscendC20scatter_vnchwconv_b8EPh10ub_addr8_thttbb] -> (nil)
AscendC: [_ZN7AscendC20scatter_vnchwconv_b8E10ub_addr8_tS0_mbb] -> (nil)
AscendC: [_ZN7AscendC20scatter_vnchwconv_b8E10ub_addr8_tS0_httbb] -> 0xffff9da62cc8
AscendC: [_ZN7AscendC12scatter_vrecE7vtype_t10ub_addr8_tS1_m] -> (nil)
AscendC: [_ZN7AscendC12scatter_vrecE7vtype_t10ub_addr8_tS1_htt] -> (nil)
AscendC: [_ZN7AscendC16scatter_vrec_f16E10ub_addr8_tS0_m] -> (nil)
AscendC: [_ZN7AscendC16scatter_vrec_f16E10ub_addr8_tS0_htt] -> (nil)
AscendC: [_ZN7AscendC16scatter_vrec_f32E10ub_addr8_tS0_m] -> (nil)
AscendC: [_ZN7AscendC16scatter_vrec_f32E10ub_addr8_tS0_htt] -> (nil)
AscendC: [_ZN7AscendC13scatter_vreluE7vtype_t10ub_addr8_tS1_m] -> (nil)
AscendC: [_ZN7AscendC13scatter_vreluE7vtype_t10ub_addr8_tS1_htt] -> (nil)
AscendC: [_ZN7AscendC17scatter_vrelu_f16E10ub_addr8_tS0_m] -> (nil)
AscendC: [_ZN7AscendC17scatter_vrelu_f16E10ub_addr8_tS0_htt] -> (nil)
AscendC: [_ZN7AscendC17scatter_vrelu_f32E10ub_addr8_tS0_m] -> (nil)
AscendC: [_ZN7AscendC17scatter_vrelu_f32E10ub_addr8_tS0_htt] -> (nil)
AscendC: [_ZN7AscendC17scatter_vrelu_s32E10ub_addr8_tS0_m] -> (nil)
AscendC: [_ZN7AscendC17scatter_vrelu_s32E10ub_addr8_tS0_htt] -> (nil)
AscendC: [_ZN7AscendC14scatter_vrsqrtE7vtype_t10ub_addr8_tS1_m] -> (nil)
AscendC: [_ZN7AscendC14scatter_vrsqrtE7vtype_t10ub_addr8_tS1_htt] -> (nil)
AscendC: [_ZN7AscendC18scatter_vrsqrt_f16E10ub_addr8_tS0_m] -> (nil)
AscendC: [_ZN7AscendC18scatter_vrsqrt_f16E10ub_addr8_tS0_htt] -> (nil)
AscendC: [_ZN7AscendC18scatter_vrsqrt_f32E10ub_addr8_tS0_m] -> (nil)
AscendC: [_ZN7AscendC18scatter_vrsqrt_f32E10ub_addr8_tS0_htt] -> (nil)
AscendC: [_ZN7AscendC16scatter_vscmergeEPt10ub_addr8_tm] -> (nil)
AscendC: [_ZN7AscendC16scatter_vscmergeEPt10ub_addr8_tth] -> (nil)
AscendC: [_ZN7AscendC16scatter_vscmergeEPh10ub_addr8_tm] -> (nil)
AscendC: [_ZN7AscendC16scatter_vscmergeEPh10ub_addr8_tth] -> (nil)
AscendC: [_ZN7AscendC16scatter_vscmergeEPN7float165Fp16TE10ub_addr8_tm] -> (nil)
AscendC: [_ZN7AscendC16scatter_vscmergeEPN7float165Fp16TE10ub_addr8_tth] -> (nil)
AscendC: [_ZN7AscendC20scatter_vscmerge_b16EPt10ub_addr8_tm] -> (nil)
AscendC: [_ZN7AscendC20scatter_vscmerge_b16EPt10ub_addr8_tth] -> (nil)
AscendC: [_ZN7AscendC19scatter_vscmerge_b8EPh10ub_addr8_tm] -> (nil)
AscendC: [_ZN7AscendC19scatter_vscmerge_b8EPh10ub_addr8_tth] -> (nil)
AscendC: [_ZN7AscendC20scatter_vscmerge_f16EPN7float165Fp16TE10ub_addr8_tm] -> (nil)
AscendC: [_ZN7AscendC20scatter_vscmerge_f16EPN7float165Fp16TE10ub_addr8_tth] -> (nil)
AscendC: [_ZN7AscendC16scatter_vscsplitE10ub_addr8_tPtm] -> (nil)
AscendC: [_ZN7AscendC16scatter_vscsplitE10ub_addr8_tPtth] -> (nil)
AscendC: [_ZN7AscendC16scatter_vscsplitE10ub_addr8_tPhm] -> (nil)
AscendC: [_ZN7AscendC16scatter_vscsplitE10ub_addr8_tPhth] -> (nil)
AscendC: [_ZN7AscendC16scatter_vscsplitE10ub_addr8_tPN7float165Fp16TEm] -> (nil)
AscendC: [_ZN7AscendC16scatter_vscsplitE10ub_addr8_tPN7float165Fp16TEth] -> (nil)
AscendC: [_ZN7AscendC20scatter_vscsplit_b16E10ub_addr8_tPtm] -> (nil)
AscendC: [_ZN7AscendC20scatter_vscsplit_b16E10ub_addr8_tPtth] -> (nil)
AscendC: [_ZN7AscendC20scatter_vscsplit_b16E10ub_addr8_tPsm] -> (nil)
AscendC: [_ZN7AscendC20scatter_vscsplit_b16E10ub_addr8_tPsth] -> (nil)
AscendC: [_ZN7AscendC19scatter_vscsplit_b8E10ub_addr8_tPhm] -> (nil)
AscendC: [_ZN7AscendC19scatter_vscsplit_b8E10ub_addr8_tPhth] -> (nil)
AscendC: [_ZN7AscendC19scatter_vscsplit_b8E10ub_addr8_tPam] -> (nil)
AscendC: [_ZN7AscendC19scatter_vscsplit_b8E10ub_addr8_tPath] -> (nil)
AscendC: [_ZN7AscendC20scatter_vscsplit_f16E10ub_addr8_tPN7float165Fp16TEm] -> (nil)
AscendC: [_ZN7AscendC20scatter_vscsplit_f16E10ub_addr8_tPN7float165Fp16TEth] -> (nil)
AscendC: [_ZN7AscendC12scatter_vselE7vtype_t10ub_addr8_tS1_S1_m] -> (nil)
AscendC: [_ZN7AscendC12scatter_vselE7vtype_t10ub_addr8_tS1_S1_httt] -> (nil)
AscendC: [_ZN7AscendC16scatter_vsel_f16E10ub_addr8_tS0_S0_m] -> (nil)
AscendC: [_ZN7AscendC16scatter_vsel_f16E10ub_addr8_tS0_S0_httth] -> (nil)
AscendC: [_ZN7AscendC16scatter_vsel_f32E10ub_addr8_tS0_S0_m] -> (nil)
AscendC: [_ZN7AscendC16scatter_vsel_f32E10ub_addr8_tS0_S0_httth] -> (nil)
AscendC: [_ZN7AscendC13scatter_vsqrtE7vtype_t10ub_addr8_tS1_m] -> (nil)
AscendC: [_ZN7AscendC13scatter_vsqrtE7vtype_t10ub_addr8_tS1_htt] -> (nil)
AscendC: [_ZN7AscendC17scatter_vsqrt_f16E10ub_addr8_tS0_m] -> (nil)
AscendC: [_ZN7AscendC17scatter_vsqrt_f16E10ub_addr8_tS0_htt] -> (nil)
AscendC: [_ZN7AscendC17scatter_vsqrt_f32E10ub_addr8_tS0_m] -> (nil)
AscendC: [_ZN7AscendC17scatter_vsqrt_f32E10ub_addr8_tS0_htt] -> (nil)
AscendC: [_ZN7AscendC12scatter_vsubE7vtype_t10ub_addr8_tS1_S1_m] -> (nil)
AscendC: [_ZN7AscendC12scatter_vsubE7vtype_t10ub_addr8_tS1_S1_httt] -> (nil)
AscendC: [_ZN7AscendC16scatter_vsub_f16E10ub_addr8_tS0_S0_m] -> (nil)
AscendC: [_ZN7AscendC16scatter_vsub_f16E10ub_addr8_tS0_S0_httt] -> (nil)
AscendC: [_ZN7AscendC16scatter_vsub_f32E10ub_addr8_tS0_S0_m] -> (nil)
AscendC: [_ZN7AscendC16scatter_vsub_f32E10ub_addr8_tS0_S0_httt] -> (nil)
AscendC: [_ZN7AscendC16scatter_vsub_s16E10ub_addr8_tS0_S0_m] -> (nil)
AscendC: [_ZN7AscendC16scatter_vsub_s16E10ub_addr8_tS0_S0_httt] -> (nil)
AscendC: [_ZN7AscendC16scatter_vsub_s32E10ub_addr8_tS0_S0_m] -> (nil)
AscendC: [_ZN7AscendC16scatter_vsub_s32E10ub_addr8_tS0_S0_httt] -> (nil)
AscendC: [_ZN7AscendC14set_aipp_spr_0Em] -> 0xffff9d9cfe48
AscendC: [_ZN7AscendC14set_aipp_spr_1Em] -> 0xffff9d9cffd8
AscendC: [_ZN7AscendC15set_aipp_spr_10Em] -> (nil)
AscendC: [_ZN7AscendC15set_aipp_spr_11Em] -> (nil)
AscendC: [_ZN7AscendC15set_aipp_spr_12Em] -> (nil)
AscendC: [_ZN7AscendC15set_aipp_spr_13Em] -> (nil)
AscendC: [_ZN7AscendC15set_aipp_spr_14Em] -> (nil)
AscendC: [_ZN7AscendC15set_aipp_spr_15Em] -> (nil)
AscendC: [_ZN7AscendC15set_aipp_spr_16Em] -> (nil)
AscendC: [_ZN7AscendC15set_aipp_spr_17Em] -> (nil)
AscendC: [_ZN7AscendC15set_aipp_spr_18Em] -> (nil)
AscendC: [_ZN7AscendC15set_aipp_spr_19Em] -> (nil)
AscendC: [_ZN7AscendC14set_aipp_spr_2Em] -> 0xffff9d9d0170
AscendC: [_ZN7AscendC15set_aipp_spr_20Em] -> (nil)
AscendC: [_ZN7AscendC15set_aipp_spr_21Em] -> (nil)
AscendC: [_ZN7AscendC15set_aipp_spr_22Em] -> (nil)
AscendC: [_ZN7AscendC15set_aipp_spr_23Em] -> (nil)
AscendC: [_ZN7AscendC15set_aipp_spr_24Em] -> (nil)
AscendC: [_ZN7AscendC15set_aipp_spr_25Em] -> (nil)
AscendC: [_ZN7AscendC15set_aipp_spr_26Em] -> (nil)
AscendC: [_ZN7AscendC15set_aipp_spr_27Em] -> (nil)
AscendC: [_ZN7AscendC15set_aipp_spr_28Em] -> (nil)
AscendC: [_ZN7AscendC15set_aipp_spr_29Em] -> (nil)
AscendC: [_ZN7AscendC14set_aipp_spr_3Em] -> 0xffff9d9d0308
AscendC: [_ZN7AscendC15set_aipp_spr_30Em] -> (nil)
AscendC: [_ZN7AscendC15set_aipp_spr_31Em] -> (nil)
AscendC: [_ZN7AscendC14set_aipp_spr_4Em] -> 0xffff9d9d04a0
AscendC: [_ZN7AscendC14set_aipp_spr_5Em] -> 0xffff9d9d0638
AscendC: [_ZN7AscendC14set_aipp_spr_6Em] -> 0xffff9d9d07d0
AscendC: [_ZN7AscendC14set_aipp_spr_7Em] -> 0xffff9d9d0968
AscendC: [_ZN7AscendC14set_aipp_spr_8Em] -> 0xffff9d9d0b00
AscendC: [_ZN7AscendC14set_aipp_spr_9Em] -> 0xffff9d9d0c98
AscendC: [_ZN7AscendC14set_atomic_addEv] -> 0xffff9d9bbea0
AscendC: [_ZN7AscendC15set_atomic_bf16Ev] -> 0xffff9d9d2008
AscendC: [_ZN7AscendC14set_atomic_f16Ev] -> 0xffff9d9d1cf8
AscendC: [_ZN7AscendC14set_atomic_f32Ev] -> 0xffff9d9d1b70
AscendC: [_ZN7AscendC14set_atomic_maxEv] -> 0xffff9d9bbec0
AscendC: [_ZN7AscendC14set_atomic_minEv] -> 0xffff9d9bbee8
AscendC: [_ZN7AscendC15set_atomic_noneEv] -> 0xffff9d9d19e8
AscendC: [_ZN7AscendC14set_atomic_s16Ev] -> 0xffff9d9d1e80
AscendC: [_ZN7AscendC14set_atomic_s32Ev] -> 0xffff9d9d2318
AscendC: [_ZN7AscendC13set_atomic_s8Ev] -> 0xffff9d9d2190
AscendC: [_ZN7AscendC18set_cache_normreadEv] -> (nil)
AscendC: [_ZN7AscendC22set_cache_notwritebackEv] -> (nil)
AscendC: [_ZN7AscendC17set_cache_readinvEv] -> (nil)
AscendC: [_ZN7AscendC18set_cache_readlastEv] -> (nil)
AscendC: [_ZN7AscendC16set_channel_paraEm] -> (nil)
AscendC: [_ZN7AscendC11set_cmpmaskEPv] -> 0xffff9d9d5e70
AscendC: [_ZN7AscendC8set_condEm] -> 0xffff9d9d9ad8
AscendC: [_ZN7AscendC18set_condition_flagEm] -> 0xffff9d9d9e70
AscendC: [_ZN7AscendC8set_ctrlEm] -> 0xffff9d9d5208
AscendC: [_ZN7AscendC14set_data_exp_0Em] -> 0xffff9d9d7190
AscendC: [_ZN7AscendC14set_data_exp_1Em] -> 0xffff9d9d72c0
AscendC: [_ZN7AscendC14set_data_exp_2Em] -> 0xffff9d9d73f0
AscendC: [_ZN7AscendC14set_data_exp_3Em] -> 0xffff9d9d7520
AscendC: [_ZN7AscendC12set_deqscaleEN7float165Fp16TE] -> 0xffff9d9d36e0
AscendC: [_ZN7AscendC12set_deqscaleEm] -> 0xffff9d9d3860
AscendC: [_ZN7AscendC18set_elt_antiq_paraEm] -> (nil)
AscendC: [_ZN7AscendC16set_elt_src_paraEm] -> (nil)
AscendC: [_ZN7AscendC12set_fcol2imgEm] -> (nil)
AscendC: [_ZN7AscendC18set_ffts_base_addrEm] -> 0xffff9d9d4768
AscendC: [_ZN7AscendC17set_fix_clip_reluEm] -> (nil)
AscendC: [_ZN7AscendC13set_fixp_addrEm] -> (nil)
AscendC: [_ZN7AscendC8set_flagE6pipe_tS0_7event_t] -> 0xffff9d9d79c8
AscendC: [_ZN7AscendC8set_flagE6pipe_t7event_t] -> (nil)
AscendC: [_ZN7AscendC8set_flagE6pipe_tS0_m] -> 0xffff9d9d8098
AscendC: [_ZN7AscendC8set_flagE6pipe_tm] -> (nil)
AscendC: [_ZN7AscendC11set_fmatrixEm] -> 0xffff9d9d35b0
AscendC: [_ZN7AscendC13set_fmatrix_bEm] -> 0xffff9d9d3c58
AscendC: [_ZN7AscendC18set_fmatrix_dual_0Em] -> (nil)
AscendC: [_ZN7AscendC18set_fmatrix_dual_1Em] -> (nil)
AscendC: [_ZN7AscendC7set_fpcEm] -> 0xffff9d9d3eb8
AscendC: [_ZN7AscendC9set_fpdeqEm] -> (nil)
AscendC: [_ZN7AscendC16set_l0_set_valueEN7float165Fp16TE] -> (nil)
AscendC: [_ZN7AscendC16set_l0_set_valueEj] -> (nil)
AscendC: [_ZN7AscendC10set_l0a_2dEPvl] -> (nil)
AscendC: [_ZN7AscendC10set_l0a_2dEPN7float165Fp16TEl] -> (nil)
AscendC: [_ZN7AscendC10set_l0a_2dEPfl] -> (nil)
AscendC: [_ZN7AscendC10set_l0a_2dEPsl] -> (nil)
AscendC: [_ZN7AscendC10set_l0a_2dEPil] -> (nil)
AscendC: [_ZN7AscendC10set_l0a_2dEPtl] -> (nil)
AscendC: [_ZN7AscendC10set_l0a_2dEPjl] -> (nil)
AscendC: [_ZN7AscendC10set_l0b_2dEPvl] -> (nil)
AscendC: [_ZN7AscendC10set_l0b_2dEPN7float165Fp16TEl] -> (nil)
AscendC: [_ZN7AscendC10set_l0b_2dEPfl] -> (nil)
AscendC: [_ZN7AscendC10set_l0b_2dEPsl] -> (nil)
AscendC: [_ZN7AscendC10set_l0b_2dEPil] -> (nil)
AscendC: [_ZN7AscendC10set_l0b_2dEPtl] -> (nil)
AscendC: [_ZN7AscendC10set_l0b_2dEPjl] -> (nil)
AscendC: [_ZN7AscendC9set_l1_2dEPvl] -> (nil)
AscendC: [_ZN7AscendC9set_l1_2dEPN7float165Fp16TEl] -> (nil)
AscendC: [_ZN7AscendC9set_l1_2dEPfl] -> (nil)
AscendC: [_ZN7AscendC9set_l1_2dEPsl] -> (nil)
AscendC: [_ZN7AscendC9set_l1_2dEPil] -> (nil)
AscendC: [_ZN7AscendC9set_l1_2dEPtl] -> (nil)
AscendC: [_ZN7AscendC9set_l1_2dEPjl] -> (nil)
AscendC: [_ZN7AscendC14set_l1_3d_sizeEm] -> 0xffff9d9d6040
AscendC: [_ZN7AscendC11set_l3d_rptEm] -> 0xffff9da11310
AscendC: [_ZN7AscendC14set_loop3_paraEm] -> (nil)
AscendC: [_ZN7AscendC15set_low_pre_tblEm] -> (nil)
AscendC: [_ZN7AscendC9set_lpcntEm] -> (nil)
AscendC: [_ZN7AscendC15set_lrelu_alphaEm] -> (nil)
AscendC: [_ZN7AscendC15set_lrelu_alphaEN7float165Fp16TE] -> 0xffff9d9d3ad0
AscendC: [_ZN7AscendC15set_lrelu_alphaEf] -> 0xffff9d9d3990
AscendC: [_ZN7AscendC14set_mask_countEv] -> 0xffff9d9d4940
AscendC: [_ZN7AscendC13set_mask_normEv] -> 0xffff9d9d4a60
AscendC: [_ZN7AscendC15set_mov_pad_valEm] -> 0xffff9d9bded0
AscendC: [_ZN7AscendC11set_nd_paraEm] -> 0xffff9d9d3fe8
AscendC: [_ZN7AscendC11set_paddingEm] -> 0xffff9da11148
AscendC: [_ZN7AscendC11set_paddingEN7float165Fp16TE] -> 0xffff9da11440
AscendC: [_ZN7AscendC11set_paddingEs] -> 0xffff9da10f80
AscendC: [_ZN7AscendC11set_paddingEt] -> 0xffff9da10db8
AscendC: [_ZN7AscendC16set_pcie_rd_ctrlEm] -> (nil)
AscendC: [_ZN7AscendC16set_pcie_wr_ctrlEm] -> (nil)
AscendC: [_ZN7AscendC11set_pnt_coeEm] -> (nil)
AscendC: [_ZN7AscendC14set_quant_postEm] -> (nil)
AscendC: [_ZN7AscendC13set_quant_preEm] -> 0xffff9d9d3d88
AscendC: [_ZN7AscendC19set_rawheader_to_gmEPvm] -> (nil)
AscendC: [_ZN7AscendC19set_rawheader_to_gmEPvtbh] -> (nil)
AscendC: [_ZN7AscendC14set_relu_alphaEm] -> (nil)
AscendC: [_ZN7AscendC12set_reqscaleEm] -> (nil)
AscendC: [_ZN7AscendC14set_rpn_cor_irEm] -> (nil)
AscendC: [_ZN7AscendC14set_rpn_offsetEN7float165Fp16TE] -> (nil)
AscendC: [_ZN7AscendC17set_safety_crc_enEm] -> (nil)
AscendC: [_ZN7AscendC19set_safety_crc_excpEm] -> (nil)
AscendC: [_ZN7AscendC15set_smask_indexEm] -> (nil)
AscendC: [_ZN7AscendC17set_st_atomic_cfgEm] -> (nil)
AscendC: [_ZN7AscendC17set_st_atomic_cfgE13atomic_type_t11atomic_op_t] -> 0xffff9d9da208
AscendC: [_ZN7AscendC13set_va_reg_sbE10ub_addr8_tPm] -> 0xffff9da62220
AscendC: [_ZN7AscendC15set_vector_maskEmm] -> 0xffff9d9d4788
AscendC: [_ZN7AscendC19set_vector_mask_dupEm] -> (nil)
AscendC: [_ZN7AscendC9set_vpipeEm] -> (nil)
AscendC: [_ZN7AscendC7set_vspEm] -> (nil)
AscendC: [_ZN7AscendC4sff0Em] -> 0xffff9d9d4ba0
AscendC: [_ZN7AscendC4sff1Em] -> 0xffff9d9d4bd0
AscendC: [_ZN7AscendC7sflbitsEl] -> 0xffff9d9d4c80
AscendC: [_ZN7AscendC6st_devEtPts] -> (nil)
AscendC: [_ZN7AscendC6st_devEjPjs] -> (nil)
AscendC: [_ZN7AscendC6st_devEmPms] -> (nil)
AscendC: [_ZN7AscendC6st_devEhPhs] -> (nil)
AscendC: [_ZN7AscendC21store_l1_to_out_imageEPN7float165Fp16TES2_mm] -> (nil)
AscendC: [_ZN7AscendC21store_l1_to_out_imageEPN7float165Fp16TES2_thththbhm] -> (nil)
AscendC: [_ZN7AscendC21store_l1_to_out_imageEPsS0_mm] -> (nil)
AscendC: [_ZN7AscendC21store_l1_to_out_imageEPsS0_thththbhm] -> (nil)
AscendC: [_ZN7AscendC4trapEm] -> 0xffff9d9d6238
AscendC: [_ZN7AscendC6plt_b8ERj7Literal] -> (nil)
AscendC: [_ZN7AscendC7plt_b16ERj7Literal] -> (nil)
AscendC: [_ZN7AscendC7plt_b32ERj7Literal] -> (nil)
AscendC: [_ZN7AscendC7pltm_b8Etj] -> (nil)
AscendC: [_ZN7AscendC8pltm_b16Etj] -> (nil)
AscendC: [_ZN7AscendC8pltm_b32Etj] -> (nil)
AscendC: [_ZN7AscendC7vag_b32Et] -> (nil)
AscendC: [_ZN7AscendC7vag_b32Ett] -> (nil)
AscendC: [_ZN7AscendC7vag_b32Ettt] -> (nil)
AscendC: [_ZN7AscendC7vag_b32Etttt] -> (nil)
AscendC: [_ZN7AscendC7vag_b16Et] -> (nil)
AscendC: [_ZN7AscendC7vag_b16Ett] -> (nil)
AscendC: [_ZN7AscendC7vag_b16Ettt] -> (nil)
AscendC: [_ZN7AscendC7vag_b16Etttt] -> (nil)
AscendC: [_ZN7AscendC4trapEv] -> (nil)
AscendC: [_ZN7AscendC7mem_barE7Literal] -> (nil)
AscendC: [_ZN7AscendC4vaddERA64_iPiS2_h7Literal] -> (nil)
AscendC: [_ZN7AscendC4vaddERA64_jPjS2_h7Literal] -> (nil)
AscendC: [_ZN7AscendC4vaddERA128_sPsS2_h7Literal] -> (nil)
AscendC: [_ZN7AscendC4vaddERA128_tPtS2_h7Literal] -> (nil)
AscendC: [_ZN7AscendC4vaddERA256_aPaS2_h7Literal] -> (nil)
AscendC: [_ZN7AscendC4vaddERA256_hPhS2_h7Literal] -> (nil)
AscendC: [_ZN7AscendC4vaddERA64_fPfS2_h7Literal] -> (nil)
AscendC: [_ZN7AscendC4vaddERA128_N7float165Fp16TEPS1_S4_h7Literal] -> (nil)
AscendC: [_ZN7AscendC4vabsERA64_fPfh7Literal] -> (nil)
AscendC: [_ZN7AscendC4vabsERA128_N7float165Fp16TEPS1_h7Literal] -> (nil)
AscendC: [_ZN7AscendC4vabsERA256_aPah7Literal] -> (nil)
AscendC: [_ZN7AscendC4vabsERA128_sPsh7Literal] -> (nil)
AscendC: [_ZN7AscendC4vabsERA64_iPih7Literal] -> (nil)
AscendC: [_ZN7AscendC4vrecERA64_fPfh7Literal] -> (nil)
AscendC: [_ZN7AscendC4vrecERA128_N7float165Fp16TEPS1_h7Literal] -> (nil)
AscendC: [_ZN7AscendC6vrsqrtERA64_fPfh7Literal] -> (nil)
AscendC: [_ZN7AscendC6vrsqrtERA128_N7float165Fp16TEPS1_h7Literal] -> (nil)
AscendC: [_ZN7AscendC5vreluERA64_fPfh7Literal] -> (nil)
AscendC: [_ZN7AscendC5vreluERA128_N7float165Fp16TEPS1_h7Literal] -> (nil)
AscendC: [_ZN7AscendC5vreluERA64_iPih7Literal] -> (nil)
AscendC: [_ZN7AscendC5vsqrtERA64_fPfh7Literal] -> (nil)
AscendC: [_ZN7AscendC5vsqrtERA128_N7float165Fp16TEPS1_h7Literal] -> (nil)
AscendC: [_ZN7AscendC3vlnERA64_fPfh7Literal] -> (nil)
AscendC: [_ZN7AscendC3vlnERA128_N7float165Fp16TEPS1_h7Literal] -> (nil)
AscendC: [_ZN7AscendC4vexpERA64_fPfh7Literal] -> (nil)
AscendC: [_ZN7AscendC4vexpERA128_N7float165Fp16TEPS1_h7Literal] -> (nil)
AscendC: [_ZN7AscendC4vnotERA256_hPhh7Literal] -> (nil)
AscendC: [_ZN7AscendC4vnotERA256_aPah7Literal] -> (nil)
AscendC: [_ZN7AscendC4vnotERA128_tPth7Literal] -> (nil)
AscendC: [_ZN7AscendC4vnotERA128_sPsh7Literal] -> (nil)
AscendC: [_ZN7AscendC4vnotERA128_N7float165Fp16TEPS1_h7Literal] -> (nil)
AscendC: [_ZN7AscendC4vnotERA64_iPih7Literal] -> (nil)
AscendC: [_ZN7AscendC4vnotERA64_jPjh7Literal] -> (nil)
AscendC: [_ZN7AscendC4vnotERA64_fPfh7Literal] -> (nil)
AscendC: [_ZN7AscendC4pldsERhPji7Literal] -> (nil)
AscendC: [_ZN7AscendC4pldsERhRPji7LiteralS3_] -> (nil)
AscendC: [_ZN7AscendC8movp_b16Ev] -> (nil)
AscendC: [_ZN7AscendC8movp_b32Ev] -> (nil)
AscendC: [_ZN7AscendC4pstsEhPji7Literal] -> (nil)
AscendC: [_ZN7AscendC5ppackERhh7Literal] -> (nil)
AscendC: [_ZN7AscendC7punpackERhh7Literal] -> (nil)
AscendC: [_ZN7AscendC6vintlvERA256_hS1_PhS2_] -> (nil)
AscendC: [_ZN7AscendC6vintlvERA256_aS1_PaS2_] -> (nil)
AscendC: [_ZN7AscendC6vintlvERA128_N7float165Fp16TES3_PS1_S4_] -> (nil)
AscendC: [_ZN7AscendC6vintlvERA128_sS1_PsS2_] -> (nil)
AscendC: [_ZN7AscendC6vintlvERA128_tS1_PtS2_] -> (nil)
AscendC: [_ZN7AscendC6vintlvERA64_fS1_PfS2_] -> (nil)
AscendC: [_ZN7AscendC6vintlvERA64_iS1_PiS2_] -> (nil)
AscendC: [_ZN7AscendC6vintlvERA64_jS1_PjS2_] -> (nil)
AscendC: [_ZN7AscendC7vdintlvERA256_hS1_PhS2_] -> (nil)
AscendC: [_ZN7AscendC7vdintlvERA256_aS1_PaS2_] -> (nil)
AscendC: [_ZN7AscendC7vdintlvERA128_N7float165Fp16TES3_PS1_S4_] -> (nil)
AscendC: [_ZN7AscendC7vdintlvERA128_sS1_PsS2_] -> (nil)
AscendC: [_ZN7AscendC7vdintlvERA128_tS1_PtS2_] -> (nil)
AscendC: [_ZN7AscendC7vdintlvERA64_fS1_PfS2_] -> (nil)
AscendC: [_ZN7AscendC7vdintlvERA64_iS1_PiS2_] -> (nil)
AscendC: [_ZN7AscendC7vdintlvERA64_jS1_PjS2_] -> (nil)
AscendC: [_ZN7AscendC9pintlv_b8ERhS0_hh] -> (nil)
AscendC: [_ZN7AscendC10pintlv_b16ERhS0_hh] -> (nil)
AscendC: [_ZN7AscendC10pintlv_b32ERhS0_hh] -> (nil)
AscendC: [_ZN7AscendC10pdintlv_b8ERhS0_hh] -> (nil)
AscendC: [_ZN7AscendC11pdintlv_b16ERhS0_hh] -> (nil)
AscendC: [_ZN7AscendC11pdintlv_b32ERhS0_hh] -> (nil)
AscendC: [_ZN7AscendC5vsstbEPaS0_ih] -> (nil)
AscendC: [_ZN7AscendC5vsstbEPhS0_ih] -> (nil)
AscendC: [_ZN7AscendC5vsstbEPsS0_ih] -> (nil)
AscendC: [_ZN7AscendC5vsstbEPtS0_ih] -> (nil)
AscendC: [_ZN7AscendC5vsstbEPiS0_ih] -> (nil)
AscendC: [_ZN7AscendC5vsstbEPjS0_ih] -> (nil)
AscendC: [_ZN7AscendC5vsstbEPN8bfloat165Bf16TES2_ih] -> (nil)
AscendC: [_ZN7AscendC5vsstbEPN7float165Fp16TES2_ih] -> (nil)
AscendC: [_ZN7AscendC5vsstbEPfS0_ih] -> (nil)
AscendC: [_ZN7AscendC5vsstbEPaRS0_ih7Literal] -> (nil)
AscendC: [_ZN7AscendC5vsstbEPhRS0_ih7Literal] -> (nil)
AscendC: [_ZN7AscendC5vsstbEPsRS0_ih7Literal] -> (nil)
AscendC: [_ZN7AscendC5vsstbEPtRS0_ih7Literal] -> (nil)
AscendC: [_ZN7AscendC5vsstbEPiRS0_ih7Literal] -> (nil)
AscendC: [_ZN7AscendC5vsstbEPjRS0_ih7Literal] -> (nil)
AscendC: [_ZN7AscendC5vsstbEPN8bfloat165Bf16TERS2_ih7Literal] -> (nil)
AscendC: [_ZN7AscendC5vsstbEPN7float165Fp16TERS2_ih7Literal] -> (nil)
AscendC: [_ZN7AscendC5vsstbEPfRS0_ih7Literal] -> (nil)
AscendC: [_ZN7AscendC5vsldbERA256_aPaih] -> (nil)
AscendC: [_ZN7AscendC5vsldbERA256_hPhih] -> (nil)
AscendC: [_ZN7AscendC5vsldbERA128_sPsih] -> (nil)
AscendC: [_ZN7AscendC5vsldbERA128_tPtih] -> (nil)
AscendC: [_ZN7AscendC5vsldbERA64_iPiih] -> (nil)
AscendC: [_ZN7AscendC5vsldbERA64_jPjih] -> (nil)
AscendC: [_ZN7AscendC5vsldbERA32_lPlih] -> (nil)
AscendC: [_ZN7AscendC5vsldbERA128_N8bfloat165Bf16TEPS1_ih] -> (nil)
AscendC: [_ZN7AscendC5vsldbERA128_N7float165Fp16TEPS1_ih] -> (nil)
AscendC: [_ZN7AscendC5vsldbERA64_fPfih] -> (nil)
AscendC: [_ZN7AscendC5vsldbERA256_aRPaih7Literal] -> (nil)
AscendC: [_ZN7AscendC5vsldbERA256_hRPhih7Literal] -> (nil)
AscendC: [_ZN7AscendC5vsldbERA128_sRPsih7Literal] -> (nil)
AscendC: [_ZN7AscendC5vsldbERA128_tRPtih7Literal] -> (nil)
AscendC: [_ZN7AscendC5vsldbERA64_iRPiih7Literal] -> (nil)
AscendC: [_ZN7AscendC5vsldbERA64_jRPjih7Literal] -> (nil)
AscendC: [_ZN7AscendC5vsldbERA32_lRPlih7Literal] -> (nil)
AscendC: [_ZN7AscendC5vsldbERA128_N8bfloat165Bf16TERPS1_ih7Literal] -> (nil)
AscendC: [_ZN7AscendC5vsldbERA128_N7float165Fp16TERPS1_ih7Literal] -> (nil)
AscendC: [_ZN7AscendC5vsldbERA64_fRPfih7Literal] -> (nil)
AscendC: [_ZN7AscendC3vstEPaS0_i7Literalh] -> (nil)
AscendC: [_ZN7AscendC3vstEPhS0_i7Literalh] -> (nil)
AscendC: [_ZN7AscendC3vstEPsS0_i7Literalh] -> (nil)
AscendC: [_ZN7AscendC3vstEPtS0_i7Literalh] -> (nil)
AscendC: [_ZN7AscendC3vstEPiS0_i7Literalh] -> (nil)
AscendC: [_ZN7AscendC3vstEPjS0_i7Literalh] -> (nil)
AscendC: [_ZN7AscendC3vstEPmS0_i7Literalh] -> (nil)
AscendC: [_ZN7AscendC3vstEPlS0_i7Literalh] -> (nil)
AscendC: [_ZN7AscendC3vstEPN8bfloat165Bf16TES2_i7Literalh] -> (nil)
AscendC: [_ZN7AscendC3vstEPN7float165Fp16TES2_i7Literalh] -> (nil)
AscendC: [_ZN7AscendC3vstEPfS0_i7Literalh] -> (nil)
AscendC: [_ZN7AscendC3vstEPaS0_S0_i7Literalh] -> (nil)
AscendC: [_ZN7AscendC3vstEPhS0_S0_i7Literalh] -> (nil)
AscendC: [_ZN7AscendC3vstEPsS0_S0_i7Literalh] -> (nil)
AscendC: [_ZN7AscendC3vstEPtS0_S0_i7Literalh] -> (nil)
AscendC: [_ZN7AscendC3vstEPN8bfloat165Bf16TES2_S2_i7Literalh] -> (nil)
AscendC: [_ZN7AscendC3vstEPN7float165Fp16TES2_S2_i7Literalh] -> (nil)
AscendC: [_ZN7AscendC4vstsEPaS0_i7Literalh] -> (nil)
AscendC: [_ZN7AscendC4vstsEPhS0_i7Literalh] -> (nil)
AscendC: [_ZN7AscendC4vstsEPsS0_i7Literalh] -> (nil)
AscendC: [_ZN7AscendC4vstsEPtS0_i7Literalh] -> (nil)
AscendC: [_ZN7AscendC4vstsEPiS0_i7Literalh] -> (nil)
AscendC: [_ZN7AscendC4vstsEPjS0_i7Literalh] -> (nil)
AscendC: [_ZN7AscendC4vstsEPmS0_i7Literalh] -> (nil)
AscendC: [_ZN7AscendC4vstsEPlS0_i7Literalh] -> (nil)
AscendC: [_ZN7AscendC4vstsEPN8bfloat165Bf16TES2_i7Literalh] -> (nil)
AscendC: [_ZN7AscendC4vstsEPN7float165Fp16TES2_i7Literalh] -> (nil)
AscendC: [_ZN7AscendC4vstsEPfS0_i7Literalh] -> (nil)
AscendC: [_ZN7AscendC5vstuiERA32_ajPN7float165Fp16TERS4_] -> (nil)
AscendC: [_ZN7AscendC5vstuiERA32_ajPN7float165Fp16TERS4_7Literal] -> (nil)
AscendC: [_ZN7AscendC5vstuiERA32_ajPfRS2_] -> (nil)
AscendC: [_ZN7AscendC5vstuiERA32_ajPfRS2_7Literal] -> (nil)
AscendC: [_ZN7AscendC5vstusERA32_ajPN7float165Fp16TERS4_] -> (nil)
AscendC: [_ZN7AscendC5vstusERA32_ajPN7float165Fp16TERS4_7Literal] -> (nil)
AscendC: [_ZN7AscendC5vstusERA32_ajPfRS2_] -> (nil)
AscendC: [_ZN7AscendC5vstusERA32_ajPfRS2_7Literal] -> (nil)
AscendC: [_ZN7AscendC5vstaiEPaPN7float165Fp16TEi] -> (nil)
AscendC: [_ZN7AscendC5vstaiEPaRPN7float165Fp16TEi7Literal] -> (nil)
AscendC: [_ZN7AscendC5vstaiEPaPfi] -> (nil)
AscendC: [_ZN7AscendC5vstaiEPaRPfi7Literal] -> (nil)
AscendC: [_ZN7AscendC5vstasEPaPN7float165Fp16TEi] -> (nil)
AscendC: [_ZN7AscendC5vstasEPaRPN7float165Fp16TEi7Literal] -> (nil)
AscendC: [_ZN7AscendC5vstasEPaPfi] -> (nil)
AscendC: [_ZN7AscendC5vstasEPaRPfi7Literal] -> (nil)
AscendC: [_ZN7AscendC3vorERA256_hPhS2_h7Literal] -> (nil)
AscendC: [_ZN7AscendC3vorERA256_aPaS2_h7Literal] -> (nil)
AscendC: [_ZN7AscendC3vorERA128_tPtS2_h7Literal] -> (nil)
AscendC: [_ZN7AscendC3vorERA128_sPsS2_h7Literal] -> (nil)
AscendC: [_ZN7AscendC3vorERA64_iPiS2_h7Literal] -> (nil)
AscendC: [_ZN7AscendC3vorERA64_jPjS2_h7Literal] -> (nil)
AscendC: [_ZN7AscendC3vorERA64_fPfS2_h7Literal] -> (nil)
AscendC: [_ZN7AscendC3vorERA128_N7float165Fp16TEPS1_S4_h7Literal] -> (nil)
AscendC: [_ZN7AscendC4vandERA256_hPhS2_h7Literal] -> (nil)
AscendC: [_ZN7AscendC4vandERA256_aPaS2_h7Literal] -> (nil)
AscendC: [_ZN7AscendC4vandERA128_tPtS2_h7Literal] -> (nil)
AscendC: [_ZN7AscendC4vandERA128_sPsS2_h7Literal] -> (nil)
AscendC: [_ZN7AscendC4vandERA64_iPiS2_h7Literal] -> (nil)
AscendC: [_ZN7AscendC4vandERA64_jPjS2_h7Literal] -> (nil)
AscendC: [_ZN7AscendC4vandERA64_fPfS2_h7Literal] -> (nil)
AscendC: [_ZN7AscendC4vandERA128_N7float165Fp16TEPS1_S4_h7Literal] -> (nil)
AscendC: [_ZN7AscendC4vmaxERA256_hPhS2_h7Literal] -> (nil)
AscendC: [_ZN7AscendC4vmaxERA256_aPaS2_h7Literal] -> (nil)
AscendC: [_ZN7AscendC4vmaxERA128_tPtS2_h7Literal] -> (nil)
AscendC: [_ZN7AscendC4vmaxERA128_sPsS2_h7Literal] -> (nil)
AscendC: [_ZN7AscendC4vmaxERA64_iPiS2_h7Literal] -> (nil)
AscendC: [_ZN7AscendC4vmaxERA64_jPjS2_h7Literal] -> (nil)
AscendC: [_ZN7AscendC4vmaxERA64_fPfS2_h7Literal] -> (nil)
AscendC: [_ZN7AscendC4vmaxERA128_N7float165Fp16TEPS1_S4_h7Literal] -> (nil)
AscendC: [_ZN7AscendC4vminERA256_hPhS2_h7Literal] -> (nil)
AscendC: [_ZN7AscendC4vminERA256_aPaS2_h7Literal] -> (nil)
AscendC: [_ZN7AscendC4vminERA128_tPtS2_h7Literal] -> (nil)
AscendC: [_ZN7AscendC4vminERA128_sPsS2_h7Literal] -> (nil)
AscendC: [_ZN7AscendC4vminERA64_iPiS2_h7Literal] -> (nil)
AscendC: [_ZN7AscendC4vminERA64_jPjS2_h7Literal] -> (nil)
AscendC: [_ZN7AscendC4vminERA64_fPfS2_h7Literal] -> (nil)
AscendC: [_ZN7AscendC4vminERA128_N7float165Fp16TEPS1_S4_h7Literal] -> (nil)
AscendC: [_ZN7AscendC4vsubERA256_hPhS2_h7Literal] -> (nil)
AscendC: [_ZN7AscendC4vsubERA256_aPaS2_h7Literal] -> (nil)
AscendC: [_ZN7AscendC4vsubERA128_tPtS2_h7Literal] -> (nil)
AscendC: [_ZN7AscendC4vsubERA128_sPsS2_h7Literal] -> (nil)
AscendC: [_ZN7AscendC4vsubERA64_iPiS2_h7Literal] -> (nil)
AscendC: [_ZN7AscendC4vsubERA64_jPjS2_h7Literal] -> (nil)
AscendC: [_ZN7AscendC4vsubERA64_fPfS2_h7Literal] -> (nil)
AscendC: [_ZN7AscendC4vsubERA128_N7float165Fp16TEPS1_S4_h7Literal] -> (nil)
AscendC: [_ZN7AscendC4vmulERA256_hPhS2_h7Literal] -> (nil)
AscendC: [_ZN7AscendC4vmulERA256_aPaS2_h7Literal] -> (nil)
AscendC: [_ZN7AscendC4vmulERA128_tPtS2_h7Literal] -> (nil)
AscendC: [_ZN7AscendC4vmulERA128_sPsS2_h7Literal] -> (nil)
AscendC: [_ZN7AscendC4vmulERA64_iPiS2_h7Literal] -> (nil)
AscendC: [_ZN7AscendC4vmulERA64_jPjS2_h7Literal] -> (nil)
AscendC: [_ZN7AscendC4vmulERA64_fPfS2_h7Literal] -> (nil)
AscendC: [_ZN7AscendC4vmulERA128_N7float165Fp16TEPS1_S4_h7Literal] -> (nil)
AscendC: [_ZN7AscendC4vdivERA256_hPhS2_h7Literal] -> (nil)
AscendC: [_ZN7AscendC4vdivERA256_aPaS2_h7Literal] -> (nil)
AscendC: [_ZN7AscendC4vdivERA128_tPtS2_h7Literal] -> (nil)
AscendC: [_ZN7AscendC4vdivERA128_sPsS2_h7Literal] -> (nil)
AscendC: [_ZN7AscendC4vdivERA64_iPiS2_h7Literal] -> (nil)
AscendC: [_ZN7AscendC4vdivERA64_jPjS2_h7Literal] -> (nil)
AscendC: [_ZN7AscendC4vdivERA64_fPfS2_h7Literal] -> (nil)
AscendC: [_ZN7AscendC4vdivERA128_N7float165Fp16TEPS1_S4_h7Literal] -> (nil)
AscendC: [_ZN7AscendC7vcmp_eqERhPN7float165Fp16TES3_h] -> (nil)
AscendC: [_ZN7AscendC7vcmp_neERhPN7float165Fp16TES3_h] -> (nil)
AscendC: [_ZN7AscendC7vcmp_gtERhPN7float165Fp16TES3_h] -> (nil)
AscendC: [_ZN7AscendC7vcmp_geERhPN7float165Fp16TES3_h] -> (nil)
AscendC: [_ZN7AscendC7vcmp_ltERhPN7float165Fp16TES3_h] -> (nil)
AscendC: [_ZN7AscendC7vcmp_leERhPN7float165Fp16TES3_h] -> (nil)
AscendC: [_ZN7AscendC7vcmp_eqERhPfS1_h] -> (nil)
AscendC: [_ZN7AscendC7vcmp_neERhPfS1_h] -> (nil)
AscendC: [_ZN7AscendC7vcmp_gtERhPfS1_h] -> (nil)
AscendC: [_ZN7AscendC7vcmp_geERhPfS1_h] -> (nil)
AscendC: [_ZN7AscendC7vcmp_ltERhPfS1_h] -> (nil)
AscendC: [_ZN7AscendC7vcmp_leERhPfS1_h] -> (nil)
AscendC: [_ZN7AscendC4vselERA128_N7float165Fp16TEPS1_S4_h] -> (nil)
AscendC: [_ZN7AscendC4vselERA64_fPfS2_h] -> (nil)
AscendC: [_ZN7AscendC3vbrERA128_N7float165Fp16TES1_] -> (nil)
AscendC: [_ZN7AscendC3vbrERA128_tt] -> (nil)
AscendC: [_ZN7AscendC3vbrERA128_ss] -> (nil)
AscendC: [_ZN7AscendC3vbrERA64_ff] -> (nil)
AscendC: [_ZN7AscendC3vbrERA64_jj] -> (nil)
AscendC: [_ZN7AscendC3vbrERA64_ii] -> (nil)
AscendC: [_ZN7AscendC6sprclrE7Literal] -> (nil)
AscendC: [_ZN7AscendC4pmovERhhh] -> (nil)
AscendC: [_ZN7AscendC4vsqzERA128_N7float165Fp16TEPS1_h7Literal] -> (nil)
AscendC: [_ZN7AscendC4vsqzERA128_tPth7Literal] -> (nil)
AscendC: [_ZN7AscendC4vsqzERA128_sPsh7Literal] -> (nil)
AscendC: [_ZN7AscendC4vsqzERA64_fPfh7Literal] -> (nil)
AscendC: [_ZN7AscendC4vsqzERA64_jPjh7Literal] -> (nil)
AscendC: [_ZN7AscendC4vsqzERA64_iPih7Literal] -> (nil)
AscendC: [_ZN7AscendC5vsturERA32_aPN7float165Fp16TES4_7Literal] -> (nil)
AscendC: [_ZN7AscendC5vsturERA32_aPtS2_7Literal] -> (nil)
AscendC: [_ZN7AscendC5vsturERA32_aPsS2_7Literal] -> (nil)
AscendC: [_ZN7AscendC5vsturERA32_aPfS2_7Literal] -> (nil)
AscendC: [_ZN7AscendC5vsturERA32_aPjS2_7Literal] -> (nil)
AscendC: [_ZN7AscendC5vsturERA32_aPiS2_7Literal] -> (nil)
AscendC: [_ZN7AscendC5vstarEPaPN7float165Fp16TE] -> (nil)
AscendC: [_ZN7AscendC5vstarEPaPs] -> (nil)
AscendC: [_ZN7AscendC5vstarEPaPt] -> (nil)
AscendC: [_ZN7AscendC5vstarEPaPf] -> (nil)
AscendC: [_ZN7AscendC5vstarEPaPi] -> (nil)
AscendC: [_ZN7AscendC5vstarEPaPj] -> (nil)
AscendC: [_ZN7AscendC6pge_b8E7Literal] -> (nil)
AscendC: [_ZN7AscendC7pge_b16E7Literal] -> (nil)
AscendC: [_ZN7AscendC7pge_b32E7Literal] -> (nil)
AscendC: [_ZN7AscendC7pset_b8E7Literal] -> (nil)
AscendC: [_ZN7AscendC8pset_b16E7Literal] -> (nil)
AscendC: [_ZN7AscendC8pset_b32E7Literal] -> (nil)
AscendC: [_ZN7AscendC5vldasERA32_aPh] -> (nil)
AscendC: [_ZN7AscendC5vldasERA32_aPN7float165Fp16TE] -> (nil)
AscendC: [_ZN7AscendC5vldasERA32_aPt] -> (nil)
AscendC: [_ZN7AscendC5vldasERA32_aPs] -> (nil)
AscendC: [_ZN7AscendC5vldasERA32_aPf] -> (nil)
AscendC: [_ZN7AscendC5vldasERA32_aPj] -> (nil)
AscendC: [_ZN7AscendC5vldasERA32_aPi] -> (nil)
AscendC: [_ZN7AscendC5vldusERA256_hRA32_aRPhj7Literal] -> (nil)
AscendC: [_ZN7AscendC5vldusERA128_N7float165Fp16TERA32_aRPS1_j7Literal] -> (nil)
AscendC: [_ZN7AscendC5vldusERA128_tRA32_aRPtj7Literal] -> (nil)
AscendC: [_ZN7AscendC5vldusERA128_sRA32_aRPsj7Literal] -> (nil)
AscendC: [_ZN7AscendC5vldusERA64_fRA32_aRPfj7Literal] -> (nil)
AscendC: [_ZN7AscendC5vldusERA64_jRA32_aRPjj7Literal] -> (nil)
AscendC: [_ZN7AscendC5vldusERA64_iRA32_aRPij7Literal] -> (nil)
AscendC: [_ZN7AscendC4vdupERA256_hhh7Literal] -> (nil)
AscendC: [_ZN7AscendC4vdupERA256_aah7Literal] -> (nil)
AscendC: [_ZN7AscendC4vdupERA128_tth7Literal] -> (nil)
AscendC: [_ZN7AscendC4vdupERA128_ssh7Literal] -> (nil)
AscendC: [_ZN7AscendC4vdupERA64_iih7Literal] -> (nil)
AscendC: [_ZN7AscendC4vdupERA64_jjh7Literal] -> (nil)
AscendC: [_ZN7AscendC4vdupERA64_ffh7Literal] -> (nil)
AscendC: [_ZN7AscendC4vdupERA128_N7float165Fp16TES1_h7Literal] -> (nil)
AscendC: [_ZN7AscendC3vldERA256_aPai7Literal] -> (nil)
AscendC: [_ZN7AscendC3vldERA256_hPhi7Literal] -> (nil)
AscendC: [_ZN7AscendC3vldERA128_sPsi7Literal] -> (nil)
AscendC: [_ZN7AscendC3vldERA128_tPti7Literal] -> (nil)
AscendC: [_ZN7AscendC3vldERA64_iPii7Literal] -> (nil)
AscendC: [_ZN7AscendC3vldERA64_jPji7Literal] -> (nil)
AscendC: [_ZN7AscendC3vldERA32_lPli7Literal] -> (nil)
AscendC: [_ZN7AscendC3vldERA32_mPmi7Literal] -> (nil)
AscendC: [_ZN7AscendC3vldERA128_N8bfloat165Bf16TEPS1_i7Literal] -> (nil)
AscendC: [_ZN7AscendC3vldERA128_N7float165Fp16TEPS1_i7Literal] -> (nil)
AscendC: [_ZN7AscendC3vldERA64_fPfi7Literal] -> (nil)
AscendC: [_ZN7AscendC3vldERA256_aPa7Literal] -> (nil)
AscendC: [_ZN7AscendC3vldERA256_hPh7Literal] -> (nil)
AscendC: [_ZN7AscendC3vldERA128_sPs7Literal] -> (nil)
AscendC: [_ZN7AscendC3vldERA128_tPt7Literal] -> (nil)
AscendC: [_ZN7AscendC3vldERA64_iPi7Literal] -> (nil)
AscendC: [_ZN7AscendC3vldERA64_jPj7Literal] -> (nil)
AscendC: [_ZN7AscendC3vldERA32_lPl7Literal] -> (nil)
AscendC: [_ZN7AscendC3vldERA32_mPm7Literal] -> (nil)
AscendC: [_ZN7AscendC3vldERA128_N8bfloat165Bf16TEPS1_7Literal] -> (nil)
AscendC: [_ZN7AscendC3vldERA128_N7float165Fp16TEPS1_7Literal] -> (nil)
AscendC: [_ZN7AscendC3vldERA64_fPf7Literal] -> (nil)
AscendC: [_ZN7AscendC3vldERA256_aS1_Pai7Literal] -> (nil)
AscendC: [_ZN7AscendC3vldERA256_hS1_Phi7Literal] -> (nil)
AscendC: [_ZN7AscendC3vldERA128_sS1_Psi7Literal] -> (nil)
AscendC: [_ZN7AscendC3vldERA128_tS1_Pti7Literal] -> (nil)
AscendC: [_ZN7AscendC3vldERA64_iS1_Pii7Literal] -> (nil)
AscendC: [_ZN7AscendC3vldERA64_jS1_Pji7Literal] -> (nil)
AscendC: [_ZN7AscendC3vldERA32_mS1_Pmi7Literal] -> (nil)
AscendC: [_ZN7AscendC3vldERA32_lS1_Pli7Literal] -> (nil)
AscendC: [_ZN7AscendC3vldERA128_N8bfloat165Bf16TES3_PS1_i7Literal] -> (nil)
AscendC: [_ZN7AscendC3vldERA128_N7float165Fp16TES3_PS1_i7Literal] -> (nil)
AscendC: [_ZN7AscendC3vldERA64_fS1_Pfi7Literal] -> (nil)
AscendC: [_ZN7AscendC3vldERA256_aS1_Pa7Literal] -> (nil)
AscendC: [_ZN7AscendC3vldERA256_hS1_Ph7Literal] -> (nil)
AscendC: [_ZN7AscendC3vldERA128_sS1_Ps7Literal] -> (nil)
AscendC: [_ZN7AscendC3vldERA128_tS1_Pt7Literal] -> (nil)
AscendC: [_ZN7AscendC3vldERA64_iS1_Pi7Literal] -> (nil)
AscendC: [_ZN7AscendC3vldERA64_jS1_Pj7Literal] -> (nil)
AscendC: [_ZN7AscendC3vldERA32_mS1_Pm7Literal] -> (nil)
AscendC: [_ZN7AscendC3vldERA32_lS1_Pl7Literal] -> (nil)
AscendC: [_ZN7AscendC3vldERA128_N8bfloat165Bf16TES3_PS1_7Literal] -> (nil)
AscendC: [_ZN7AscendC3vldERA128_N7float165Fp16TES3_PS1_7Literal] -> (nil)
AscendC: [_ZN7AscendC3vldERA64_fS1_Pf7Literal] -> (nil)
AscendC: [_ZN7AscendC4vldsERA256_aPai7Literal] -> (nil)
AscendC: [_ZN7AscendC4vldsERA256_hPhi7Literal] -> (nil)
AscendC: [_ZN7AscendC4vldsERA128_sPsi7Literal] -> (nil)
AscendC: [_ZN7AscendC4vldsERA128_tPti7Literal] -> (nil)
AscendC: [_ZN7AscendC4vldsERA64_iPii7Literal] -> (nil)
AscendC: [_ZN7AscendC4vldsERA64_jPji7Literal] -> (nil)
AscendC: [_ZN7AscendC4vldsERA32_mPmi7Literal] -> (nil)
AscendC: [_ZN7AscendC4vldsERA32_lPli7Literal] -> (nil)
AscendC: [_ZN7AscendC4vldsERA128_N8bfloat165Bf16TEPS1_i7Literal] -> (nil)
AscendC: [_ZN7AscendC4vldsERA128_N7float165Fp16TEPS1_i7Literal] -> (nil)
AscendC: [_ZN7AscendC4vldsERA64_fPfi7Literal] -> (nil)
AscendC: [_ZN7AscendC5vaddsERA64_iPiih7Literal] -> (nil)
AscendC: [_ZN7AscendC5vaddsERA64_jPjjh7Literal] -> (nil)
AscendC: [_ZN7AscendC5vaddsERA128_sPssh7Literal] -> (nil)
AscendC: [_ZN7AscendC5vaddsERA128_tPtth7Literal] -> (nil)
AscendC: [_ZN7AscendC5vaddsERA256_aPaah7Literal] -> (nil)
AscendC: [_ZN7AscendC5vaddsERA256_hPhhh7Literal] -> (nil)
AscendC: [_ZN7AscendC5vaddsERA64_fPffh7Literal] -> (nil)
AscendC: [_ZN7AscendC5vaddsERA128_N7float165Fp16TEPS1_S1_h7Literal] -> (nil)
AscendC: [_ZN7AscendC5vmulsERA64_iPiih7Literal] -> (nil)
AscendC: [_ZN7AscendC5vmulsERA64_jPjjh7Literal] -> (nil)
AscendC: [_ZN7AscendC5vmulsERA128_sPssh7Literal] -> (nil)
AscendC: [_ZN7AscendC5vmulsERA128_tPtth7Literal] -> (nil)
AscendC: [_ZN7AscendC5vmulsERA256_aPaah7Literal] -> (nil)
AscendC: [_ZN7AscendC5vmulsERA256_hPhhh7Literal] -> (nil)
AscendC: [_ZN7AscendC5vmulsERA64_fPffh7Literal] -> (nil)
AscendC: [_ZN7AscendC5vmulsERA128_N7float165Fp16TEPS1_S1_h7Literal] -> (nil)
AscendC: [_ZN7AscendC5vmaxsERA64_iPiih7Literal] -> (nil)
AscendC: [_ZN7AscendC5vmaxsERA64_jPjjh7Literal] -> (nil)
AscendC: [_ZN7AscendC5vmaxsERA128_sPssh7Literal] -> (nil)
AscendC: [_ZN7AscendC5vmaxsERA128_tPtth7Literal] -> (nil)
AscendC: [_ZN7AscendC5vmaxsERA256_aPaah7Literal] -> (nil)
AscendC: [_ZN7AscendC5vmaxsERA256_hPhhh7Literal] -> (nil)
AscendC: [_ZN7AscendC5vmaxsERA64_fPffh7Literal] -> (nil)
AscendC: [_ZN7AscendC5vmaxsERA128_N7float165Fp16TEPS1_S1_h7Literal] -> (nil)
AscendC: [_ZN7AscendC5vminsERA64_iPiih7Literal] -> (nil)
AscendC: [_ZN7AscendC5vminsERA64_jPjjh7Literal] -> (nil)
AscendC: [_ZN7AscendC5vminsERA128_sPssh7Literal] -> (nil)
AscendC: [_ZN7AscendC5vminsERA128_tPtth7Literal] -> (nil)
AscendC: [_ZN7AscendC5vminsERA256_aPaah7Literal] -> (nil)
AscendC: [_ZN7AscendC5vminsERA256_hPhhh7Literal] -> (nil)
AscendC: [_ZN7AscendC5vminsERA64_fPffh7Literal] -> (nil)
AscendC: [_ZN7AscendC5vminsERA128_N7float165Fp16TEPS1_S1_h7Literal] -> (nil)
AscendC: [_ZN7AscendC5vshlsERA64_iPish7Literal] -> (nil)
AscendC: [_ZN7AscendC5vshlsERA64_jPjsh7Literal] -> (nil)
AscendC: [_ZN7AscendC5vshlsERA128_sPssh7Literal] -> (nil)
AscendC: [_ZN7AscendC5vshlsERA128_tPtsh7Literal] -> (nil)
AscendC: [_ZN7AscendC5vshlsERA256_aPash7Literal] -> (nil)
AscendC: [_ZN7AscendC5vshlsERA256_hPhsh7Literal] -> (nil)
AscendC: [_ZN7AscendC5vshrsERA64_iPish7Literal] -> (nil)
AscendC: [_ZN7AscendC5vshrsERA64_jPjsh7Literal] -> (nil)
AscendC: [_ZN7AscendC5vshrsERA128_sPssh7Literal] -> (nil)
AscendC: [_ZN7AscendC5vshrsERA128_tPtsh7Literal] -> (nil)
AscendC: [_ZN7AscendC5vshrsERA256_aPash7Literal] -> (nil)
AscendC: [_ZN7AscendC5vshrsERA256_hPhsh7Literal] -> (nil)
AscendC: [_ZN7AscendC6vlreluERA64_fPffh7Literal] -> (nil)
AscendC: [_ZN7AscendC6vlreluERA128_N7float165Fp16TEPS1_S1_h7Literal] -> (nil)
AscendC: [_ZN7AscendC10use_pipe_vEv] -> (nil)
AscendC: [_ZN7AscendC11use_pipe_v2Ev] -> (nil)
AscendC: [_ZN7AscendC8v4dtransEPtS0_m] -> (nil)
AscendC: [_ZN7AscendC8v4dtransEPtS0_ttb] -> (nil)
AscendC: [_ZN7AscendC8v4dtransEPjS0_m] -> (nil)
AscendC: [_ZN7AscendC8v4dtransEPjS0_ttb] -> (nil)
AscendC: [_ZN7AscendC8v4dtransEPhS0_m] -> (nil)
AscendC: [_ZN7AscendC8v4dtransEPhS0_ttb] -> (nil)
AscendC: [_ZN7AscendC5vaaddEPN7float165Fp16TES2_S2_m] -> (nil)
AscendC: [_ZN7AscendC5vaaddEPN7float165Fp16TES2_S2_hhhhhhh] -> (nil)
AscendC: [_ZN7AscendC5vaaddEPN7float165Fp16TES2_S2_hhhhhhhbb] -> (nil)
AscendC: [_ZN7AscendC5vaaddEPfS0_S0_m] -> (nil)
AscendC: [_ZN7AscendC5vaaddEPfS0_S0_hhhhhhh] -> (nil)
AscendC: [_ZN7AscendC5vaaddEPfS0_S0_hhhhhhhbb] -> (nil)
AscendC: [_ZN7AscendC4vabsEPN7float165Fp16TES2_m] -> (nil)
AscendC: [_ZN7AscendC4vabsEPN7float165Fp16TES2_htthh] -> 0xffff9da66a18
AscendC: [_ZN7AscendC4vabsEPN7float165Fp16TES2_htthhbb] -> 0xffff9da66cb0
AscendC: [_ZN7AscendC4vabsEPN7float165Fp16TES2_htttt] -> (nil)
AscendC: [_ZN7AscendC4vabsEPfS0_m] -> (nil)
AscendC: [_ZN7AscendC4vabsEPfS0_htthh] -> 0xffff9da66f58
AscendC: [_ZN7AscendC4vabsEPfS0_htthhbb] -> 0xffff9da671f0
AscendC: [_ZN7AscendC4vabsEPfS0_htttt] -> (nil)
AscendC: [_ZN7AscendC4vabsEPsS0_m] -> (nil)
AscendC: [_ZN7AscendC4vabsEPsS0_htthh] -> 0xffff9da67498
AscendC: [_ZN7AscendC4vabsEPsS0_htthhbb] -> 0xffff9da67730
AscendC: [_ZN7AscendC4vabsEPsS0_htttt] -> 0xffff9da69958
AscendC: [_ZN7AscendC4vaddEPN7float165Fp16TES2_S2_m] -> (nil)
AscendC: [_ZN7AscendC4vaddEPN7float165Fp16TES2_S2_hhhhhhh] -> 0xffff9da33da0
AscendC: [_ZN7AscendC4vaddEPN7float165Fp16TES2_S2_hhhhhhhbb] -> (nil)
AscendC: [_ZN7AscendC4vaddEPfS0_S0_hhhhhhh] -> 0xffff9da32690
AscendC: [_ZN7AscendC4vaddEPfS0_S0_hhhhhhhbb] -> (nil)
AscendC: [_ZN7AscendC4vaddEPsS0_S0_m] -> (nil)
AscendC: [_ZN7AscendC4vaddEPsS0_S0_hhhhhhh] -> 0xffff9da366a0
AscendC: [_ZN7AscendC4vaddEPsS0_S0_hhhhhhhbb] -> (nil)
AscendC: [_ZN7AscendC4vaddEPiS0_S0_m] -> (nil)
AscendC: [_ZN7AscendC4vaddEPiS0_S0_hhhhhhh] -> 0xffff9da354b0
AscendC: [_ZN7AscendC4vaddEPiS0_S0_hhhhhhhbb] -> (nil)
AscendC: [_ZN7AscendC11vadddeqreluEPN7float165Fp16TEPiS3_m] -> (nil)
AscendC: [_ZN7AscendC11vadddeqreluEPN7float165Fp16TEPiS3_hhhhhhh] -> (nil)
AscendC: [_ZN7AscendC11vadddeqreluEPN7float165Fp16TEPiS3_hhhhhhhbb] -> (nil)
AscendC: [_ZN7AscendC8vaddreluEPN7float165Fp16TES2_S2_m] -> (nil)
AscendC: [_ZN7AscendC8vaddreluEPN7float165Fp16TES2_S2_hhhhhhhbb] -> (nil)
AscendC: [_ZN7AscendC8vaddreluEPN7float165Fp16TES2_S2_hhhhhhh] -> 0xffff9da34f90
AscendC: [_ZN7AscendC8vaddreluEPfS0_S0_m] -> (nil)
AscendC: [_ZN7AscendC8vaddreluEPfS0_S0_hhhhhhhbb] -> (nil)
AscendC: [_ZN7AscendC8vaddreluEPfS0_S0_hhhhhhh] -> 0xffff9da33880
AscendC: [_ZN7AscendC8vaddreluEPsS0_S0_m] -> (nil)
AscendC: [_ZN7AscendC8vaddreluEPsS0_S0_hhhhhhhbb] -> (nil)
AscendC: [_ZN7AscendC8vaddreluEPsS0_S0_hhhhhhh] -> 0xffff9da37370
AscendC: [_ZN7AscendC19vaddreluconv_f162s8EPaPN7float165Fp16TES3_mb] -> (nil)
AscendC: [_ZN7AscendC19vaddreluconv_f162s8EPaPN7float165Fp16TES3_hhhhhhhbbb] -> (nil)
AscendC: [_ZN7AscendC19vaddreluconv_f162s8EPaPN7float165Fp16TES3_hhhhhhhb] -> 0xffff9da796a0
AscendC: [_ZN7AscendC20vaddreluconv_f322f16EPN7float165Fp16TEPfS3_mb] -> (nil)
AscendC: [_ZN7AscendC20vaddreluconv_f322f16EPN7float165Fp16TEPfS3_hhhhhhhbbb] -> (nil)
AscendC: [_ZN7AscendC20vaddreluconv_f322f16EPN7float165Fp16TEPfS3_hhhhhhhb] -> 0xffff9da79e80
AscendC: [_ZN7AscendC19vaddreluconv_s162s8EPaPsS1_mb] -> (nil)
AscendC: [_ZN7AscendC19vaddreluconv_s162s8EPaPsS1_hhhhhhhbbb] -> (nil)
AscendC: [_ZN7AscendC19vaddreluconv_s162s8EPaPsS1_hhhhhhhb] -> 0xffff9da79a90
AscendC: [_ZN7AscendC23vaddreluconv_vdeqs162b8EPaPsS1_mb] -> (nil)
AscendC: [_ZN7AscendC23vaddreluconv_vdeqs162b8EPhPsS1_mb] -> (nil)
AscendC: [_ZN7AscendC23vaddreluconv_vdeqs162b8EPhPsS1_hhhhhhhbbb] -> (nil)
AscendC: [_ZN7AscendC23vaddreluconv_vdeqs162b8EPhPsS1_hhhhhhhb] -> (nil)
AscendC: [_ZN7AscendC23vaddreluconv_vdeqs162b8EPaPsS1_hhhhhhhbbb] -> (nil)
AscendC: [_ZN7AscendC23vaddreluconv_vdeqs162b8EPaPsS1_hhhhhhhb] -> (nil)
AscendC: [_ZN7AscendC5vaddsEPN7float165Fp16TES2_S1_m] -> (nil)
AscendC: [_ZN7AscendC5vaddsEPN7float165Fp16TES2_S1_htthh] -> (nil)
AscendC: [_ZN7AscendC5vaddsEPN7float165Fp16TES2_S1_htthhbb] -> (nil)
AscendC: [_ZN7AscendC5vaddsEPN7float165Fp16TES2_S1_htttt] -> 0xffff9da3c088
AscendC: [_ZN7AscendC5vaddsEPfS0_fm] -> (nil)
AscendC: [_ZN7AscendC5vaddsEPfS0_fhtthh] -> (nil)
AscendC: [_ZN7AscendC5vaddsEPfS0_fhtthhbb] -> (nil)
AscendC: [_ZN7AscendC5vaddsEPfS0_fhtttt] -> 0xffff9da3d208
AscendC: [_ZN7AscendC5vaddsEPsS0_sm] -> (nil)
AscendC: [_ZN7AscendC5vaddsEPsS0_shtthh] -> (nil)
AscendC: [_ZN7AscendC5vaddsEPsS0_shtthhbb] -> (nil)
AscendC: [_ZN7AscendC5vaddsEPsS0_shtttt] -> 0xffff9da3e258
AscendC: [_ZN7AscendC5vaddsEPiS0_im] -> (nil)
AscendC: [_ZN7AscendC5vaddsEPiS0_ihtthh] -> (nil)
AscendC: [_ZN7AscendC5vaddsEPiS0_ihtthhbb] -> (nil)
AscendC: [_ZN7AscendC5vaddsEPiS0_ihtttt] -> 0xffff9da3efa8
AscendC: [_ZN7AscendC4vandEPsS0_S0_m] -> (nil)
AscendC: [_ZN7AscendC4vandEPsS0_S0_hhhhhhh] -> 0xffff9da36180
AscendC: [_ZN7AscendC4vandEPsS0_S0_hhhhhhhbb] -> (nil)
AscendC: [_ZN7AscendC4vandEPtS0_S0_m] -> (nil)
AscendC: [_ZN7AscendC4vandEPtS0_S0_hhhhhhh] -> 0xffff9da37890
AscendC: [_ZN7AscendC4vandEPtS0_S0_hhhhhhhbb] -> (nil)
AscendC: [_ZN7AscendC5vaxpyEPN7float165Fp16TES2_S1_m] -> (nil)
AscendC: [_ZN7AscendC5vaxpyEPN7float165Fp16TES2_S1_htthh] -> 0xffff9da5ff78
AscendC: [_ZN7AscendC5vaxpyEPN7float165Fp16TES2_S1_htthhbb] -> (nil)
AscendC: [_ZN7AscendC5vaxpyEPN7float165Fp16TES2_S1_htttt] -> (nil)
AscendC: [_ZN7AscendC5vaxpyEPfS0_fm] -> (nil)
AscendC: [_ZN7AscendC5vaxpyEPfS0_fhtthh] -> 0xffff9da5fc48
AscendC: [_ZN7AscendC5vaxpyEPfS0_fhtthhbb] -> (nil)
AscendC: [_ZN7AscendC5vaxpyEPfS0_fhtttt] -> (nil)
AscendC: [_ZN7AscendC5vaxpyEPfPN7float165Fp16TES2_m] -> (nil)
AscendC: [_ZN7AscendC5vaxpyEPfPN7float165Fp16TES2_htthh] -> 0xffff9da5f8d8
AscendC: [_ZN7AscendC5vaxpyEPfPN7float165Fp16TES2_htthhbb] -> (nil)
AscendC: [_ZN7AscendC5vaxpyEPfPN7float165Fp16TES2_htttt] -> (nil)
AscendC: [_ZN7AscendC3vbiEPN7float165Fp16TEPtS2_m] -> (nil)
AscendC: [_ZN7AscendC3vbiEPN7float165Fp16TEPtS2_hbtth] -> (nil)
AscendC: [_ZN7AscendC8vbitsortEPN7float165Fp16TES2_m] -> 0xffff9da2d1c0
AscendC: [_ZN7AscendC8vbitsortEPN7float165Fp16TES2_htthh] -> (nil)
AscendC: [_ZN7AscendC8vbitsortEPN7float165Fp16TES2_htthhbb] -> (nil)
AscendC: [_ZN7AscendC8vbitsortEPfS0_m] -> 0xffff9da2d668
AscendC: [_ZN7AscendC8vbitsortEPfS0_htthh] -> (nil)
AscendC: [_ZN7AscendC8vbitsortEPfS0_htthhbb] -> (nil)
AscendC: [_ZN7AscendC8vbitsortEPN7float165Fp16TES2_Pjm] -> 0xffff9da2d7f0
AscendC: [_ZN7AscendC8vbitsortEPN7float165Fp16TES2_Pjhhhhhhhbb] -> (nil)
AscendC: [_ZN7AscendC8vbitsortEPfS0_Pjm] -> 0xffff9da2d980
AscendC: [_ZN7AscendC8vbitsortEPfS0_Pjhhhhhhhbb] -> (nil)
AscendC: [_ZN7AscendC8vbitsortEPN7float165Fp16TES2_Pjhhhhhhh] -> (nil)
AscendC: [_ZN7AscendC8vbitsortEPfS0_Pjhhhhhhh] -> (nil)
AscendC: [_ZN7AscendC5vbrcbEPtS0_m] -> (nil)
AscendC: [_ZN7AscendC5vbrcbEPtS0_tth] -> 0xffff9da44878
AscendC: [_ZN7AscendC5vbrcbEPjS0_m] -> (nil)
AscendC: [_ZN7AscendC5vbrcbEPjS0_tth] -> 0xffff9da44ad0
AscendC: [_ZN7AscendC5vcaddEPN7float165Fp16TES2_m] -> (nil)
AscendC: [_ZN7AscendC5vcaddEPN7float165Fp16TES2_httt] -> 0xffff9da5c640
AscendC: [_ZN7AscendC5vcaddEPN7float165Fp16TES2_htttbb] -> 0xffff9da5ca38
AscendC: [_ZN7AscendC5vcaddEPN7float165Fp16TES2_mb] -> (nil)
AscendC: [_ZN7AscendC5vcaddEPN7float165Fp16TES2_htttb] -> 0xffff9da5ce50
AscendC: [_ZN7AscendC5vcaddEPfS0_m] -> (nil)
AscendC: [_ZN7AscendC5vcaddEPfS0_httt] -> 0xffff9da5cfa0
AscendC: [_ZN7AscendC5vcaddEPfS0_htttbb] -> 0xffff9da5d0e8
AscendC: [_ZN7AscendC5vcaddEPfS0_mb] -> (nil)
AscendC: [_ZN7AscendC5vcaddEPfS0_htttb] -> 0xffff9da5d500
AscendC: [_ZN7AscendC5vcaddERA128_N7float165Fp16TEPS1_h7Literal] -> (nil)
AscendC: [_ZN7AscendC5vcaddERA64_fPfh7Literal] -> (nil)
AscendC: [_ZN7AscendC5vcmaxERA128_N7float165Fp16TEPS1_h7Literal] -> (nil)
AscendC: [_ZN7AscendC5vcmaxERA64_fPfh7Literal] -> (nil)
AscendC: [_ZN7AscendC5vcminERA128_N7float165Fp16TEPS1_h7Literal] -> (nil)
AscendC: [_ZN7AscendC5vcminERA64_fPfh7Literal] -> (nil)
AscendC: [_ZN7AscendC12vcbd_s162s32EPiPsm] -> (nil)
AscendC: [_ZN7AscendC12vcbd_s162s32EPiPshtthhbb] -> (nil)
AscendC: [_ZN7AscendC12vcbd_s162u32EPjPsm] -> (nil)
AscendC: [_ZN7AscendC12vcbd_s162u32EPjPshtthhbb] -> (nil)
AscendC: [_ZN7AscendC11vcbd_s162u8EPhPsm] -> (nil)
AscendC: [_ZN7AscendC11vcbd_s162u8EPhPshtthhbb] -> (nil)
AscendC: [_ZN7AscendC12vcbd_s322s16EPsPim] -> (nil)
AscendC: [_ZN7AscendC12vcbd_s322s16EPsPihtthhbb] -> (nil)
AscendC: [_ZN7AscendC12vcbd_s322u16EPtPim] -> (nil)
AscendC: [_ZN7AscendC12vcbd_s322u16EPtPihtthhbb] -> (nil)
AscendC: [_ZN7AscendC11vcbd_s322u8EPhPim] -> (nil)
AscendC: [_ZN7AscendC11vcbd_s322u8EPhPihtthhbb] -> (nil)
AscendC: [_ZN7AscendC12vcbd_u162s32EPiPtm] -> (nil)
AscendC: [_ZN7AscendC12vcbd_u162s32EPiPthtthhbb] -> (nil)
AscendC: [_ZN7AscendC12vcbd_u162u32EPjPtm] -> (nil)
AscendC: [_ZN7AscendC12vcbd_u162u32EPjPthtthhbb] -> (nil)
AscendC: [_ZN7AscendC11vcbd_u162u8EPhPtm] -> (nil)
AscendC: [_ZN7AscendC11vcbd_u162u8EPhPthtthhbb] -> (nil)
AscendC: [_ZN7AscendC12vcbd_u322s16EPsPjm] -> (nil)
AscendC: [_ZN7AscendC12vcbd_u322s16EPsPjhtthhbb] -> (nil)
AscendC: [_ZN7AscendC12vcbd_u322u16EPtPjm] -> (nil)
AscendC: [_ZN7AscendC12vcbd_u322u16EPtPjhtthhbb] -> (nil)
AscendC: [_ZN7AscendC11vcbd_u322u8EPhPjm] -> (nil)
AscendC: [_ZN7AscendC11vcbd_u322u8EPhPjhtthhbb] -> (nil)
AscendC: [_ZN7AscendC11vcbd_u82s16EPsPhm] -> (nil)
AscendC: [_ZN7AscendC11vcbd_u82s16EPsPhhtthhbb] -> (nil)
AscendC: [_ZN7AscendC11vcbd_u82s32EPiPhm] -> (nil)
AscendC: [_ZN7AscendC11vcbd_u82s32EPiPhhtthhbb] -> (nil)
AscendC: [_ZN7AscendC11vcbd_u82u16EPtPhm] -> (nil)
AscendC: [_ZN7AscendC11vcbd_u82u16EPtPhhtthhbb] -> (nil)
AscendC: [_ZN7AscendC11vcbd_u82u32EPjPhm] -> (nil)
AscendC: [_ZN7AscendC11vcbd_u82u32EPjPhhtthhbb] -> (nil)
AscendC: [_ZN7AscendC6vcgaddEPN7float165Fp16TES2_m] -> (nil)
AscendC: [_ZN7AscendC6vcgaddEPN7float165Fp16TES2_httt] -> 0xffff9da5c020
AscendC: [_ZN7AscendC6vcgaddEPN7float165Fp16TES2_htttbb] -> (nil)
AscendC: [_ZN7AscendC6vcgaddEPfS0_m] -> (nil)
AscendC: [_ZN7AscendC6vcgaddEPfS0_httt] -> 0xffff9da5b900
AscendC: [_ZN7AscendC6vcgaddEPfS0_htttbb] -> (nil)
AscendC: [_ZN7AscendC6vcgaddERA128_N7float165Fp16TEPS1_h7Literal] -> (nil)
AscendC: [_ZN7AscendC6vcgaddERA64_fPfh7Literal] -> (nil)
AscendC: [_ZN7AscendC6vcgmaxERA128_N7float165Fp16TEPS1_h7Literal] -> (nil)
AscendC: [_ZN7AscendC6vcgmaxERA64_fPfh7Literal] -> (nil)
AscendC: [_ZN7AscendC6vcgminERA128_N7float165Fp16TEPS1_h7Literal] -> (nil)
AscendC: [_ZN7AscendC6vcgminERA64_fPfh7Literal] -> (nil)
AscendC: [_ZN7AscendC6vcpaddERA128_N7float165Fp16TEPS1_h7Literal] -> (nil)
AscendC: [_ZN7AscendC6vcpaddERA64_fPfh7Literal] -> (nil)
AscendC: [_ZN7AscendC6vcgmaxEPN7float165Fp16TES2_m] -> (nil)
AscendC: [_ZN7AscendC6vcgmaxEPN7float165Fp16TES2_httt] -> 0xffff9da5bc90
AscendC: [_ZN7AscendC6vcgmaxEPN7float165Fp16TES2_htttbb] -> (nil)
AscendC: [_ZN7AscendC6vcgmaxEPfS0_m] -> (nil)
AscendC: [_ZN7AscendC6vcgmaxEPfS0_httt] -> 0xffff9da5b570
AscendC: [_ZN7AscendC6vcgmaxEPfS0_htttbb] -> (nil)
AscendC: [_ZN7AscendC6vcgminEPN7float165Fp16TES2_m] -> (nil)
AscendC: [_ZN7AscendC6vcgminEPN7float165Fp16TES2_httt] -> 0xffff9da5be58
AscendC: [_ZN7AscendC6vcgminEPN7float165Fp16TES2_htttbb] -> (nil)
AscendC: [_ZN7AscendC6vcgminEPfS0_m] -> (nil)
AscendC: [_ZN7AscendC6vcgminEPfS0_httt] -> 0xffff9da5b738
AscendC: [_ZN7AscendC6vcgminEPfS0_htttbb] -> (nil)
AscendC: [_ZN7AscendC3vciEPN7float165Fp16TES1_m] -> (nil)
AscendC: [_ZN7AscendC3vciEPN7float165Fp16TES1_hthbb] -> (nil)
AscendC: [_ZN7AscendC3vciEPffm] -> (nil)
AscendC: [_ZN7AscendC3vciEPffhthbb] -> (nil)
AscendC: [_ZN7AscendC3vciEPssm] -> (nil)
AscendC: [_ZN7AscendC3vciEPsshthbb] -> (nil)
AscendC: [_ZN7AscendC3vciEPiim] -> (nil)
AscendC: [_ZN7AscendC3vciEPiihthbb] -> (nil)
AscendC: [_ZN7AscendC5vcmaxEPN7float165Fp16TES2_m] -> (nil)
AscendC: [_ZN7AscendC5vcmaxEPN7float165Fp16TES2_httt] -> 0xffff9da5c3b0
AscendC: [_ZN7AscendC5vcmaxEPN7float165Fp16TES2_htttbb] -> 0xffff9da5c788
AscendC: [_ZN7AscendC5vcmaxEPN7float165Fp16TES2_mb] -> (nil)
AscendC: [_ZN7AscendC5vcmaxEPN7float165Fp16TES2_htttbbb] -> 0xffff9da5cb90
AscendC: [_ZN7AscendC5vcmaxEPN7float165Fp16TES2_m7Order_t] -> (nil)
AscendC: [_ZN7AscendC5vcmaxEPN7float165Fp16TES2_httt7Order_t] -> 0xffff9da5d650
AscendC: [_ZN7AscendC5vcmaxEPfS0_mb] -> (nil)
AscendC: [_ZN7AscendC5vcmaxEPfS0_htttbbb] -> 0xffff9da5d240
AscendC: [_ZN7AscendC5vcmaxEPfS0_m7Order_t] -> (nil)
AscendC: [_ZN7AscendC5vcmaxEPfS0_httt7Order_t] -> 0xffff9da5d8d0
AscendC: [_ZN7AscendC5vcmaxEPtS0_mb] -> (nil)
AscendC: [_ZN7AscendC5vcmaxEPtS0_htttbbb] -> (nil)
AscendC: [_ZN7AscendC5vcminEPN7float165Fp16TES2_m] -> (nil)
AscendC: [_ZN7AscendC5vcminEPN7float165Fp16TES2_httt] -> 0xffff9da5c4f8
AscendC: [_ZN7AscendC5vcminEPN7float165Fp16TES2_htttbb] -> 0xffff9da5c8e0
AscendC: [_ZN7AscendC5vcminEPN7float165Fp16TES2_mb] -> (nil)
AscendC: [_ZN7AscendC5vcminEPN7float165Fp16TES2_htttbbb] -> 0xffff9da5ccf0
AscendC: [_ZN7AscendC5vcminEPN7float165Fp16TES2_m7Order_t] -> (nil)
AscendC: [_ZN7AscendC5vcminEPN7float165Fp16TES2_httt7Order_t] -> 0xffff9da5d790
AscendC: [_ZN7AscendC5vcminEPfS0_mb] -> (nil)
AscendC: [_ZN7AscendC5vcminEPfS0_htttbbb] -> 0xffff9da5d3a0
AscendC: [_ZN7AscendC5vcminEPfS0_m7Order_t] -> (nil)
AscendC: [_ZN7AscendC5vcminEPfS0_httt7Order_t] -> 0xffff9da5da10
AscendC: [_ZN7AscendC5vcminEPtS0_mb] -> (nil)
AscendC: [_ZN7AscendC5vcminEPtS0_htttbbb] -> (nil)
AscendC: [_ZN7AscendC7vcmp_eqEPN7float165Fp16TES2_m] -> (nil)
AscendC: [_ZN7AscendC7vcmp_eqEPN7float165Fp16TES2_hhhhhhh] -> 0xffff9da4c380
AscendC: [_ZN7AscendC7vcmp_eqEPN7float165Fp16TES2_hhhhhhhbb] -> (nil)
AscendC: [_ZN7AscendC7vcmp_eqEPfS0_m] -> (nil)
AscendC: [_ZN7AscendC7vcmp_eqEPfS0_hhhhhhh] -> 0xffff9da4c5c0
AscendC: [_ZN7AscendC7vcmp_eqEPfS0_hhhhhhhbb] -> (nil)
AscendC: [_ZN7AscendC7vcmp_eqEPtS0_m] -> (nil)
AscendC: [_ZN7AscendC7vcmp_eqEPtS0_hhhhhhh] -> (nil)
AscendC: [_ZN7AscendC7vcmp_eqEPtS0_hhhhhhhbb] -> (nil)
AscendC: [_ZN7AscendC7vcmp_geEPN7float165Fp16TES2_m] -> (nil)
AscendC: [_ZN7AscendC7vcmp_geEPN7float165Fp16TES2_hhhhhhh] -> 0xffff9da4c800
AscendC: [_ZN7AscendC7vcmp_geEPN7float165Fp16TES2_hhhhhhhbb] -> (nil)
AscendC: [_ZN7AscendC7vcmp_geEPfS0_m] -> (nil)
AscendC: [_ZN7AscendC7vcmp_geEPfS0_hhhhhhh] -> 0xffff9da4ca40
AscendC: [_ZN7AscendC7vcmp_geEPfS0_hhhhhhhbb] -> (nil)
AscendC: [_ZN7AscendC7vcmp_geEPtS0_m] -> (nil)
AscendC: [_ZN7AscendC7vcmp_geEPtS0_hhhhhhh] -> (nil)
AscendC: [_ZN7AscendC7vcmp_geEPtS0_hhhhhhhbb] -> (nil)
AscendC: [_ZN7AscendC7vcmp_gtEPN7float165Fp16TES2_m] -> (nil)
AscendC: [_ZN7AscendC7vcmp_gtEPN7float165Fp16TES2_hhhhhhh] -> 0xffff9da4cc80
AscendC: [_ZN7AscendC7vcmp_gtEPN7float165Fp16TES2_hhhhhhhbb] -> (nil)
AscendC: [_ZN7AscendC7vcmp_gtEPfS0_m] -> (nil)
AscendC: [_ZN7AscendC7vcmp_gtEPfS0_hhhhhhh] -> 0xffff9da4cec0
AscendC: [_ZN7AscendC7vcmp_gtEPfS0_hhhhhhhbb] -> (nil)
AscendC: [_ZN7AscendC7vcmp_gtEPtS0_m] -> (nil)
AscendC: [_ZN7AscendC7vcmp_gtEPtS0_hhhhhhh] -> (nil)
AscendC: [_ZN7AscendC7vcmp_gtEPtS0_hhhhhhhbb] -> (nil)
AscendC: [_ZN7AscendC7vcmp_leEPN7float165Fp16TES2_m] -> (nil)
AscendC: [_ZN7AscendC7vcmp_leEPN7float165Fp16TES2_hhhhhhh] -> 0xffff9da4d100
AscendC: [_ZN7AscendC7vcmp_leEPN7float165Fp16TES2_hhhhhhhbb] -> (nil)
AscendC: [_ZN7AscendC7vcmp_leEPfS0_m] -> (nil)
AscendC: [_ZN7AscendC7vcmp_leEPfS0_hhhhhhh] -> 0xffff9da4d340
AscendC: [_ZN7AscendC7vcmp_leEPfS0_hhhhhhhbb] -> (nil)
AscendC: [_ZN7AscendC7vcmp_leEPtS0_m] -> (nil)
AscendC: [_ZN7AscendC7vcmp_leEPtS0_hhhhhhh] -> (nil)
AscendC: [_ZN7AscendC7vcmp_leEPtS0_hhhhhhhbb] -> (nil)
AscendC: [_ZN7AscendC7vcmp_ltEPN7float165Fp16TES2_m] -> (nil)
AscendC: [_ZN7AscendC7vcmp_ltEPN7float165Fp16TES2_hhhhhhh] -> 0xffff9da4d580
AscendC: [_ZN7AscendC7vcmp_ltEPN7float165Fp16TES2_hhhhhhhbb] -> (nil)
AscendC: [_ZN7AscendC7vcmp_ltEPfS0_m] -> (nil)
AscendC: [_ZN7AscendC7vcmp_ltEPfS0_hhhhhhh] -> 0xffff9da4d7c0
AscendC: [_ZN7AscendC7vcmp_ltEPfS0_hhhhhhhbb] -> (nil)
AscendC: [_ZN7AscendC7vcmp_ltEPtS0_m] -> (nil)
AscendC: [_ZN7AscendC7vcmp_ltEPtS0_hhhhhhh] -> (nil)
AscendC: [_ZN7AscendC7vcmp_ltEPtS0_hhhhhhhbb] -> (nil)
AscendC: [_ZN7AscendC7vcmp_neEPN7float165Fp16TES2_m] -> (nil)
AscendC: [_ZN7AscendC7vcmp_neEPN7float165Fp16TES2_hhhhhhh] -> 0xffff9da4da00
AscendC: [_ZN7AscendC7vcmp_neEPN7float165Fp16TES2_hhhhhhhbb] -> (nil)
AscendC: [_ZN7AscendC7vcmp_neEPfS0_m] -> (nil)
AscendC: [_ZN7AscendC7vcmp_neEPfS0_hhhhhhh] -> 0xffff9da4dc40
AscendC: [_ZN7AscendC7vcmp_neEPfS0_hhhhhhhbb] -> (nil)
AscendC: [_ZN7AscendC7vcmp_neEPtS0_m] -> (nil)
AscendC: [_ZN7AscendC7vcmp_neEPtS0_hhhhhhh] -> (nil)
AscendC: [_ZN7AscendC7vcmp_neEPtS0_hhhhhhhbb] -> (nil)
AscendC: [_ZN7AscendC8vcmpv_eqEPhPN7float165Fp16TES3_m] -> (nil)
AscendC: [_ZN7AscendC8vcmpv_eqEPhPN7float165Fp16TES3_hhhhhhh] -> 0xffff9da45fc0
AscendC: [_ZN7AscendC8vcmpv_eqEPhPfS1_m] -> (nil)
AscendC: [_ZN7AscendC8vcmpv_eqEPhPfS1_hhhhhhh] -> 0xffff9da46210
AscendC: [_ZN7AscendC8vcmpv_eqEPhPiS1_m] -> (nil)
AscendC: [_ZN7AscendC8vcmpv_eqEPhPiS1_hhhhhhh] -> 0xffff9da47b80
AscendC: [_ZN7AscendC8vcmpv_geEPhPN7float165Fp16TES3_m] -> (nil)
AscendC: [_ZN7AscendC8vcmpv_geEPhPN7float165Fp16TES3_hhhhhhh] -> 0xffff9da46460
AscendC: [_ZN7AscendC8vcmpv_geEPhPfS1_m] -> (nil)
AscendC: [_ZN7AscendC8vcmpv_geEPhPfS1_hhhhhhh] -> 0xffff9da466b0
AscendC: [_ZN7AscendC8vcmpv_gtEPhPN7float165Fp16TES3_m] -> (nil)
AscendC: [_ZN7AscendC8vcmpv_gtEPhPN7float165Fp16TES3_hhhhhhh] -> 0xffff9da46900
AscendC: [_ZN7AscendC8vcmpv_gtEPhPfS1_m] -> (nil)
AscendC: [_ZN7AscendC8vcmpv_gtEPhPfS1_hhhhhhh] -> 0xffff9da46b50
AscendC: [_ZN7AscendC8vcmpv_leEPhPN7float165Fp16TES3_m] -> (nil)
AscendC: [_ZN7AscendC8vcmpv_leEPhPN7float165Fp16TES3_hhhhhhh] -> 0xffff9da46da0
AscendC: [_ZN7AscendC8vcmpv_leEPhPfS1_m] -> (nil)
AscendC: [_ZN7AscendC8vcmpv_leEPhPfS1_hhhhhhh] -> 0xffff9da46ff0
AscendC: [_ZN7AscendC8vcmpv_ltEPhPN7float165Fp16TES3_m] -> (nil)
AscendC: [_ZN7AscendC8vcmpv_ltEPhPN7float165Fp16TES3_hhhhhhh] -> 0xffff9da47240
AscendC: [_ZN7AscendC8vcmpv_ltEPhPfS1_m] -> (nil)
AscendC: [_ZN7AscendC8vcmpv_ltEPhPfS1_hhhhhhh] -> 0xffff9da47490
AscendC: [_ZN7AscendC8vcmpv_neEPhPN7float165Fp16TES3_m] -> (nil)
AscendC: [_ZN7AscendC8vcmpv_neEPhPN7float165Fp16TES3_hhhhhhh] -> 0xffff9da476e0
AscendC: [_ZN7AscendC8vcmpv_neEPhPfS1_m] -> (nil)
AscendC: [_ZN7AscendC8vcmpv_neEPhPfS1_hhhhhhh] -> 0xffff9da47930
AscendC: [_ZN7AscendC9vcmpvs_eqEPhPN7float165Fp16TES2_m] -> (nil)
AscendC: [_ZN7AscendC9vcmpvs_eqEPhPN7float165Fp16TES2_htthh] -> (nil)
AscendC: [_ZN7AscendC9vcmpvs_eqEPhPN7float165Fp16TES2_htttt] -> 0xffff9da48420
AscendC: [_ZN7AscendC9vcmpvs_eqEPhPffm] -> (nil)
AscendC: [_ZN7AscendC9vcmpvs_eqEPhPffhtthh] -> (nil)
AscendC: [_ZN7AscendC9vcmpvs_eqEPhPffhtttt] -> 0xffff9da493d8
AscendC: [_ZN7AscendC9vcmpvs_eqEPhPiim] -> (nil)
AscendC: [_ZN7AscendC9vcmpvs_eqEPhPiihtttt] -> 0xffff9da47dd0
AscendC: [_ZN7AscendC9vcmpvs_geEPhPN7float165Fp16TES2_m] -> (nil)
AscendC: [_ZN7AscendC9vcmpvs_geEPhPN7float165Fp16TES2_htthh] -> (nil)
AscendC: [_ZN7AscendC9vcmpvs_geEPhPN7float165Fp16TES2_htttt] -> 0xffff9da48690
AscendC: [_ZN7AscendC9vcmpvs_geEPhPffm] -> (nil)
AscendC: [_ZN7AscendC9vcmpvs_geEPhPffhtthh] -> (nil)
AscendC: [_ZN7AscendC9vcmpvs_geEPhPffhtttt] -> 0xffff9da49680
AscendC: [_ZN7AscendC9vcmpvs_gtEPhPN7float165Fp16TES2_m] -> (nil)
AscendC: [_ZN7AscendC9vcmpvs_gtEPhPN7float165Fp16TES2_htthh] -> (nil)
AscendC: [_ZN7AscendC9vcmpvs_gtEPhPN7float165Fp16TES2_htttt] -> 0xffff9da48938
AscendC: [_ZN7AscendC9vcmpvs_gtEPhPffm] -> (nil)
AscendC: [_ZN7AscendC9vcmpvs_gtEPhPffhtthh] -> (nil)
AscendC: [_ZN7AscendC9vcmpvs_gtEPhPffhtttt] -> 0xffff9da49928
AscendC: [_ZN7AscendC9vcmpvs_leEPhPN7float165Fp16TES2_m] -> (nil)
AscendC: [_ZN7AscendC9vcmpvs_leEPhPN7float165Fp16TES2_htthh] -> (nil)
AscendC: [_ZN7AscendC9vcmpvs_leEPhPN7float165Fp16TES2_htttt] -> 0xffff9da48be0
AscendC: [_ZN7AscendC9vcmpvs_leEPhPffm] -> (nil)
AscendC: [_ZN7AscendC9vcmpvs_leEPhPffhtthh] -> (nil)
AscendC: [_ZN7AscendC9vcmpvs_leEPhPffhtttt] -> 0xffff9da49bd0
AscendC: [_ZN7AscendC9vcmpvs_ltEPhPN7float165Fp16TES2_m] -> (nil)
AscendC: [_ZN7AscendC9vcmpvs_ltEPhPN7float165Fp16TES2_htthh] -> (nil)
AscendC: [_ZN7AscendC9vcmpvs_ltEPhPN7float165Fp16TES2_htttt] -> 0xffff9da48e88
AscendC: [_ZN7AscendC9vcmpvs_ltEPhPffm] -> (nil)
AscendC: [_ZN7AscendC9vcmpvs_ltEPhPffhtthh] -> (nil)
AscendC: [_ZN7AscendC9vcmpvs_ltEPhPffhtttt] -> 0xffff9da49e78
AscendC: [_ZN7AscendC9vcmpvs_neEPhPN7float165Fp16TES2_m] -> (nil)
AscendC: [_ZN7AscendC9vcmpvs_neEPhPN7float165Fp16TES2_htthh] -> (nil)
AscendC: [_ZN7AscendC9vcmpvs_neEPhPN7float165Fp16TES2_htttt] -> 0xffff9da49130
AscendC: [_ZN7AscendC9vcmpvs_neEPhPffm] -> (nil)
AscendC: [_ZN7AscendC9vcmpvs_neEPhPffhtthh] -> (nil)
AscendC: [_ZN7AscendC9vcmpvs_neEPhPffhtttt] -> 0xffff9da4a120
AscendC: [_ZN7AscendC7vconcatEPN7float165Fp16TES2_m] -> (nil)
AscendC: [_ZN7AscendC7vconcatEPN7float165Fp16TES2_hh] -> 0xffff9da2cea0
AscendC: [_ZN7AscendC7vconcatEPN7float165Fp16TES2_htthh] -> (nil)
AscendC: [_ZN7AscendC7vconcatEPN7float165Fp16TES2_htthhbb] -> (nil)
AscendC: [_ZN7AscendC7vconcatEPfS0_m] -> (nil)
AscendC: [_ZN7AscendC7vconcatEPfS0_hh] -> 0xffff9da2d348
AscendC: [_ZN7AscendC7vconcatEPfS0_htthh] -> (nil)
AscendC: [_ZN7AscendC7vconcatEPfS0_htthhbb] -> (nil)
AscendC: [_ZN7AscendC14vconv_bf162f32EPfPN8bfloat165Bf16TEhtttt] -> 0xffff9da75cc8
AscendC: [_ZN7AscendC14vconv_bf162f32EPfPN8bfloat165Bf16TEm] -> (nil)
AscendC: [_ZN7AscendC15vconv_bf162s32aEPiPN8bfloat165Bf16TEhtttt] -> 0xffff9da75ec0
AscendC: [_ZN7AscendC15vconv_bf162s32aEPiPN8bfloat165Bf16TEm] -> (nil)
AscendC: [_ZN7AscendC15vconv_bf162s32cEPiPN8bfloat165Bf16TEhtttt] -> 0xffff9da760b8
AscendC: [_ZN7AscendC15vconv_bf162s32cEPiPN8bfloat165Bf16TEm] -> (nil)
AscendC: [_ZN7AscendC15vconv_bf162s32fEPiPN8bfloat165Bf16TEhtttt] -> 0xffff9da762b0
AscendC: [_ZN7AscendC15vconv_bf162s32fEPiPN8bfloat165Bf16TEm] -> (nil)
AscendC: [_ZN7AscendC15vconv_bf162s32rEPiPN8bfloat165Bf16TEhtttt] -> 0xffff9da764a8
AscendC: [_ZN7AscendC15vconv_bf162s32rEPiPN8bfloat165Bf16TEm] -> (nil)
AscendC: [_ZN7AscendC15vconv_bf162s32zEPiPN8bfloat165Bf16TEhtttt] -> 0xffff9da766a0
AscendC: [_ZN7AscendC15vconv_bf162s32zEPiPN8bfloat165Bf16TEm] -> (nil)
AscendC: [_ZN7AscendC9vconv_deqEPN7float165Fp16TEPim] -> (nil)
AscendC: [_ZN7AscendC9vconv_deqEPN7float165Fp16TEPihtthh] -> 0xffff9da6acc8
AscendC: [_ZN7AscendC9vconv_deqEPN7float165Fp16TEPihtthhbb] -> (nil)
AscendC: [_ZN7AscendC15vconv_deqs162b8EPaPsmb] -> (nil)
AscendC: [_ZN7AscendC15vconv_deqs162b8EPaPshtthhbbb] -> (nil)
AscendC: [_ZN7AscendC15vconv_deqs162b8EPhPsmb] -> (nil)
AscendC: [_ZN7AscendC15vconv_deqs162b8EPhPshtthhbbb] -> (nil)
AscendC: [_ZN7AscendC16vconv_deqs162b8hEPaPshtthh] -> 0xffff9da6f158
AscendC: [_ZN7AscendC16vconv_deqs162b8hEPaPsm] -> (nil)
AscendC: [_ZN7AscendC16vconv_deqs162b8hEPhPshtthh] -> 0xffff9da6f350
AscendC: [_ZN7AscendC16vconv_deqs162b8hEPhPsm] -> (nil)
AscendC: [_ZN7AscendC16vconv_deqs162b8lEPaPshtthh] -> 0xffff9da6f548
AscendC: [_ZN7AscendC16vconv_deqs162b8lEPaPsm] -> (nil)
AscendC: [_ZN7AscendC16vconv_deqs162b8lEPhPshtthh] -> 0xffff9da6f740
AscendC: [_ZN7AscendC16vconv_deqs162b8lEPhPsm] -> (nil)
AscendC: [_ZN7AscendC13vconv_f162f32EPfPN7float165Fp16TEm] -> (nil)
AscendC: [_ZN7AscendC13vconv_f162f32EPfPN7float165Fp16TEhtthh] -> 0xffff9da6aec0
AscendC: [_ZN7AscendC13vconv_f162f32EPfPN7float165Fp16TEhtthhbb] -> (nil)
AscendC: [_ZN7AscendC13vconv_f162f32EPfPN7float165Fp16TEhtttt] -> (nil)
AscendC: [_ZN7AscendC14vconv_f162s16aEPsPN7float165Fp16TEhtttt] -> 0xffff9da76898
AscendC: [_ZN7AscendC14vconv_f162s16aEPsPN7float165Fp16TEm] -> (nil)
AscendC: [_ZN7AscendC14vconv_f162s16cEPsPN7float165Fp16TEhtttt] -> 0xffff9da76a88
AscendC: [_ZN7AscendC14vconv_f162s16cEPsPN7float165Fp16TEm] -> (nil)
AscendC: [_ZN7AscendC14vconv_f162s16fEPsPN7float165Fp16TEhtttt] -> 0xffff9da76c78
AscendC: [_ZN7AscendC14vconv_f162s16fEPsPN7float165Fp16TEm] -> (nil)
AscendC: [_ZN7AscendC14vconv_f162s16rEPsPN7float165Fp16TEm] -> (nil)
AscendC: [_ZN7AscendC14vconv_f162s16rEPsPN7float165Fp16TEhtthhbb] -> (nil)
AscendC: [_ZN7AscendC14vconv_f162s16rEPsPN7float165Fp16TEhtttt] -> 0xffff9da76e68
AscendC: [_ZN7AscendC14vconv_f162s16zEPsPN7float165Fp16TEhtttt] -> 0xffff9da77058
AscendC: [_ZN7AscendC14vconv_f162s16zEPsPN7float165Fp16TEm] -> (nil)
AscendC: [_ZN7AscendC14vconv_f162s32aEPiPN7float165Fp16TEm] -> (nil)
AscendC: [_ZN7AscendC14vconv_f162s32aEPiPN7float165Fp16TEhtthh] -> 0xffff9da6b0b8
AscendC: [_ZN7AscendC14vconv_f162s32aEPiPN7float165Fp16TEhtthhbb] -> (nil)
AscendC: [_ZN7AscendC14vconv_f162s32aEPiPN7float165Fp16TEhtttt] -> (nil)
AscendC: [_ZN7AscendC14vconv_f162s32cEPiPN7float165Fp16TEm] -> (nil)
AscendC: [_ZN7AscendC14vconv_f162s32cEPiPN7float165Fp16TEhtthh] -> 0xffff9da6b2b0
AscendC: [_ZN7AscendC14vconv_f162s32cEPiPN7float165Fp16TEhtthhbb] -> (nil)
AscendC: [_ZN7AscendC14vconv_f162s32cEPiPN7float165Fp16TEhtttt] -> (nil)
AscendC: [_ZN7AscendC14vconv_f162s32fEPiPN7float165Fp16TEm] -> (nil)
AscendC: [_ZN7AscendC14vconv_f162s32fEPiPN7float165Fp16TEhtthh] -> 0xffff9da6b4a8
AscendC: [_ZN7AscendC14vconv_f162s32fEPiPN7float165Fp16TEhtthhbb] -> (nil)
AscendC: [_ZN7AscendC14vconv_f162s32fEPiPN7float165Fp16TEhtttt] -> (nil)
AscendC: [_ZN7AscendC14vconv_f162s32rEPiPN7float165Fp16TEm] -> (nil)
AscendC: [_ZN7AscendC14vconv_f162s32rEPiPN7float165Fp16TEhtthh] -> 0xffff9da6b6a0
AscendC: [_ZN7AscendC14vconv_f162s32rEPiPN7float165Fp16TEhtthhbb] -> (nil)
AscendC: [_ZN7AscendC14vconv_f162s32rEPiPN7float165Fp16TEhtttt] -> (nil)
AscendC: [_ZN7AscendC14vconv_f162s32zEPiPN7float165Fp16TEm] -> (nil)
AscendC: [_ZN7AscendC14vconv_f162s32zEPiPN7float165Fp16TEhtthh] -> 0xffff9da6b898
AscendC: [_ZN7AscendC14vconv_f162s32zEPiPN7float165Fp16TEhtthhbb] -> (nil)
AscendC: [_ZN7AscendC14vconv_f162s32zEPiPN7float165Fp16TEhtttt] -> (nil)
AscendC: [_ZN7AscendC12vconv_f162s4EPvPN7float165Fp16TEm] -> (nil)
AscendC: [_ZN7AscendC12vconv_f162s4EPvPN7float165Fp16TEhtthhbb] -> (nil)
AscendC: [_ZN7AscendC12vconv_f162s4EPvPN7float165Fp16TEhtttt] -> 0xffff9da78b90
AscendC: [_ZN7AscendC13vconv_f162s4aEPvPN7float165Fp16TEhtttt] -> 0xffff9da78d68
AscendC: [_ZN7AscendC13vconv_f162s4aEPvPN7float165Fp16TEm] -> (nil)
AscendC: [_ZN7AscendC13vconv_f162s4cEPvPN7float165Fp16TEhtttt] -> 0xffff9da78f40
AscendC: [_ZN7AscendC13vconv_f162s4cEPvPN7float165Fp16TEm] -> (nil)
AscendC: [_ZN7AscendC13vconv_f162s4fEPvPN7float165Fp16TEhtttt] -> 0xffff9da79118
AscendC: [_ZN7AscendC13vconv_f162s4fEPvPN7float165Fp16TEm] -> (nil)
AscendC: [_ZN7AscendC13vconv_f162s4rEPvPN7float165Fp16TEhtttt] -> 0xffff9da792f0
AscendC: [_ZN7AscendC13vconv_f162s4rEPvPN7float165Fp16TEm] -> (nil)
AscendC: [_ZN7AscendC13vconv_f162s4zEPvPN7float165Fp16TEhtttt] -> 0xffff9da794c8
AscendC: [_ZN7AscendC13vconv_f162s4zEPvPN7float165Fp16TEm] -> (nil)
AscendC: [_ZN7AscendC12vconv_f162s8EPaPN7float165Fp16TEm] -> (nil)
AscendC: [_ZN7AscendC12vconv_f162s8EPaPN7float165Fp16TEhtthh] -> 0xffff9da6ba90
AscendC: [_ZN7AscendC12vconv_f162s8EPaPN7float165Fp16TEhtthhbb] -> (nil)
AscendC: [_ZN7AscendC12vconv_f162s8EPaPN7float165Fp16TEhtttt] -> (nil)
AscendC: [_ZN7AscendC13vconv_f162s8aEPaPN7float165Fp16TEm] -> (nil)
AscendC: [_ZN7AscendC13vconv_f162s8aEPaPN7float165Fp16TEhtthh] -> 0xffff9da6bc88
AscendC: [_ZN7AscendC13vconv_f162s8aEPaPN7float165Fp16TEhtthhbb] -> (nil)
AscendC: [_ZN7AscendC13vconv_f162s8aEPaPN7float165Fp16TEhtttt] -> (nil)
AscendC: [_ZN7AscendC13vconv_f162s8cEPaPN7float165Fp16TEm] -> (nil)
AscendC: [_ZN7AscendC13vconv_f162s8cEPaPN7float165Fp16TEhtthh] -> 0xffff9da6be80
AscendC: [_ZN7AscendC13vconv_f162s8cEPaPN7float165Fp16TEhtthhbb] -> (nil)
AscendC: [_ZN7AscendC13vconv_f162s8cEPaPN7float165Fp16TEhtttt] -> (nil)
AscendC: [_ZN7AscendC13vconv_f162s8fEPaPN7float165Fp16TEm] -> (nil)
AscendC: [_ZN7AscendC13vconv_f162s8fEPaPN7float165Fp16TEhtthh] -> 0xffff9da6c078
AscendC: [_ZN7AscendC13vconv_f162s8fEPaPN7float165Fp16TEhtthhbb] -> (nil)
AscendC: [_ZN7AscendC13vconv_f162s8fEPaPN7float165Fp16TEhtttt] -> (nil)
AscendC: [_ZN7AscendC13vconv_f162s8rEPaPN7float165Fp16TEhtttt] -> 0xffff9da70118
AscendC: [_ZN7AscendC13vconv_f162s8rEPaPN7float165Fp16TEm] -> (nil)
AscendC: [_ZN7AscendC13vconv_f162s8zEPaPN7float165Fp16TEm] -> (nil)
AscendC: [_ZN7AscendC13vconv_f162s8zEPaPN7float165Fp16TEhtthh] -> 0xffff9da6c270
AscendC: [_ZN7AscendC13vconv_f162s8zEPaPN7float165Fp16TEhtthhbb] -> (nil)
AscendC: [_ZN7AscendC13vconv_f162s8zEPaPN7float165Fp16TEhtttt] -> (nil)
AscendC: [_ZN7AscendC12vconv_f162u8EPhPN7float165Fp16TEm] -> (nil)
AscendC: [_ZN7AscendC12vconv_f162u8EPhPN7float165Fp16TEhtthh] -> 0xffff9da6c468
AscendC: [_ZN7AscendC12vconv_f162u8EPhPN7float165Fp16TEhtthhbb] -> (nil)
AscendC: [_ZN7AscendC12vconv_f162u8EPhPN7float165Fp16TEhtttt] -> (nil)
AscendC: [_ZN7AscendC13vconv_f162u8aEPhPN7float165Fp16TEm] -> (nil)
AscendC: [_ZN7AscendC13vconv_f162u8aEPhPN7float165Fp16TEhtthh] -> 0xffff9da6c660
AscendC: [_ZN7AscendC13vconv_f162u8aEPhPN7float165Fp16TEhtthhbb] -> (nil)
AscendC: [_ZN7AscendC13vconv_f162u8aEPhPN7float165Fp16TEhtttt] -> (nil)
AscendC: [_ZN7AscendC13vconv_f162u8cEPhPN7float165Fp16TEm] -> (nil)
AscendC: [_ZN7AscendC13vconv_f162u8cEPhPN7float165Fp16TEhtthh] -> 0xffff9da6c858
AscendC: [_ZN7AscendC13vconv_f162u8cEPhPN7float165Fp16TEhtthhbb] -> (nil)
AscendC: [_ZN7AscendC13vconv_f162u8cEPhPN7float165Fp16TEhtttt] -> (nil)
AscendC: [_ZN7AscendC13vconv_f162u8fEPhPN7float165Fp16TEm] -> (nil)
AscendC: [_ZN7AscendC13vconv_f162u8fEPhPN7float165Fp16TEhtthh] -> 0xffff9da6ca50
AscendC: [_ZN7AscendC13vconv_f162u8fEPhPN7float165Fp16TEhtthhbb] -> (nil)
AscendC: [_ZN7AscendC13vconv_f162u8fEPhPN7float165Fp16TEhtttt] -> (nil)
AscendC: [_ZN7AscendC13vconv_f162u8rEPhPN7float165Fp16TEhtttt] -> 0xffff9da70310
AscendC: [_ZN7AscendC13vconv_f162u8rEPhPN7float165Fp16TEm] -> (nil)
AscendC: [_ZN7AscendC13vconv_f162u8zEPhPN7float165Fp16TEm] -> (nil)
AscendC: [_ZN7AscendC13vconv_f162u8zEPhPN7float165Fp16TEhtthh] -> 0xffff9da6cc48
AscendC: [_ZN7AscendC13vconv_f162u8zEPhPN7float165Fp16TEhtthhbb] -> (nil)
AscendC: [_ZN7AscendC13vconv_f162u8zEPhPN7float165Fp16TEhtttt] -> (nil)
AscendC: [_ZN7AscendC15vconv_f322bf16aEPN8bfloat165Bf16TEPfhtttt] -> 0xffff9da74918
AscendC: [_ZN7AscendC15vconv_f322bf16aEPN8bfloat165Bf16TEPfm] -> (nil)
AscendC: [_ZN7AscendC15vconv_f322bf16cEPN8bfloat165Bf16TEPfhtttt] -> 0xffff9da74b10
AscendC: [_ZN7AscendC15vconv_f322bf16cEPN8bfloat165Bf16TEPfm] -> (nil)
AscendC: [_ZN7AscendC15vconv_f322bf16fEPN8bfloat165Bf16TEPfhtttt] -> 0xffff9da74d08
AscendC: [_ZN7AscendC15vconv_f322bf16fEPN8bfloat165Bf16TEPfm] -> (nil)
AscendC: [_ZN7AscendC15vconv_f322bf16rEPN8bfloat165Bf16TEPfhtttt] -> 0xffff9da74f00
AscendC: [_ZN7AscendC15vconv_f322bf16rEPN8bfloat165Bf16TEPfm] -> (nil)
AscendC: [_ZN7AscendC15vconv_f322bf16zEPN8bfloat165Bf16TEPfhtttt] -> 0xffff9da750f8
AscendC: [_ZN7AscendC15vconv_f322bf16zEPN8bfloat165Bf16TEPfm] -> (nil)
AscendC: [_ZN7AscendC13vconv_f322f16EPN7float165Fp16TEPfm] -> (nil)
AscendC: [_ZN7AscendC13vconv_f322f16EPN7float165Fp16TEPfhtthh] -> 0xffff9da6ce40
AscendC: [_ZN7AscendC13vconv_f322f16EPN7float165Fp16TEPfhtthhbb] -> (nil)
AscendC: [_ZN7AscendC13vconv_f322f16EPN7float165Fp16TEPfhtttt] -> (nil)
AscendC: [_ZN7AscendC14vconv_f322f16aEPN7float165Fp16TEPfhtttt] -> 0xffff9da70508
AscendC: [_ZN7AscendC14vconv_f322f16aEPN7float165Fp16TEPfm] -> (nil)
AscendC: [_ZN7AscendC14vconv_f322f16cEPN7float165Fp16TEPfhtttt] -> 0xffff9da70700
AscendC: [_ZN7AscendC14vconv_f322f16cEPN7float165Fp16TEPfm] -> (nil)
AscendC: [_ZN7AscendC14vconv_f322f16fEPN7float165Fp16TEPfhtttt] -> 0xffff9da708f8
AscendC: [_ZN7AscendC14vconv_f322f16fEPN7float165Fp16TEPfm] -> (nil)
AscendC: [_ZN7AscendC14vconv_f322f16oEPN7float165Fp16TEPfm] -> (nil)
AscendC: [_ZN7AscendC14vconv_f322f16oEPN7float165Fp16TEPfhtthh] -> 0xffff9da6d038
AscendC: [_ZN7AscendC14vconv_f322f16oEPN7float165Fp16TEPfhtthhbb] -> (nil)
AscendC: [_ZN7AscendC14vconv_f322f16oEPN7float165Fp16TEPfhtttt] -> (nil)
AscendC: [_ZN7AscendC14vconv_f322f16rEPN7float165Fp16TEPfhtttt] -> 0xffff9da70af0
AscendC: [_ZN7AscendC14vconv_f322f16rEPN7float165Fp16TEPfm] -> (nil)
AscendC: [_ZN7AscendC14vconv_f322f16zEPN7float165Fp16TEPfhtttt] -> 0xffff9da70ce8
AscendC: [_ZN7AscendC14vconv_f322f16zEPN7float165Fp16TEPfm] -> (nil)
AscendC: [_ZN7AscendC14vconv_f322f32aEPfS0_htttt] -> 0xffff9da73f90
AscendC: [_ZN7AscendC14vconv_f322f32aEPfS0_m] -> (nil)
AscendC: [_ZN7AscendC14vconv_f322f32cEPfS0_htttt] -> 0xffff9da74178
AscendC: [_ZN7AscendC14vconv_f322f32cEPfS0_m] -> (nil)
AscendC: [_ZN7AscendC14vconv_f322f32fEPfS0_htttt] -> 0xffff9da74360
AscendC: [_ZN7AscendC14vconv_f322f32fEPfS0_m] -> (nil)
AscendC: [_ZN7AscendC14vconv_f322f32rEPfS0_htttt] -> 0xffff9da74548
AscendC: [_ZN7AscendC14vconv_f322f32rEPfS0_m] -> (nil)
AscendC: [_ZN7AscendC14vconv_f322f32zEPfS0_htttt] -> 0xffff9da74730
AscendC: [_ZN7AscendC14vconv_f322f32zEPfS0_m] -> (nil)
AscendC: [_ZN7AscendC14vconv_f322s16aEPsPfhtttt] -> 0xffff9da70ee0
AscendC: [_ZN7AscendC14vconv_f322s16aEPsPfm] -> (nil)
AscendC: [_ZN7AscendC14vconv_f322s16cEPsPfhtttt] -> 0xffff9da710d8
AscendC: [_ZN7AscendC14vconv_f322s16cEPsPfm] -> (nil)
AscendC: [_ZN7AscendC14vconv_f322s16fEPsPfhtttt] -> 0xffff9da712d0
AscendC: [_ZN7AscendC14vconv_f322s16fEPsPfm] -> (nil)
AscendC: [_ZN7AscendC14vconv_f322s16rEPsPfm] -> (nil)
AscendC: [_ZN7AscendC14vconv_f322s16rEPsPfhtthh] -> 0xffff9da6d230
AscendC: [_ZN7AscendC14vconv_f322s16rEPsPfhtthhbb] -> (nil)
AscendC: [_ZN7AscendC14vconv_f322s16rEPsPfhtttt] -> 0xffff9da714c8
AscendC: [_ZN7AscendC14vconv_f322s16zEPsPfm] -> (nil)
AscendC: [_ZN7AscendC14vconv_f322s16zEPsPfhtthh] -> 0xffff9da6d428
AscendC: [_ZN7AscendC14vconv_f322s16zEPsPfhtthhbb] -> (nil)
AscendC: [_ZN7AscendC14vconv_f322s16zEPsPfhtttt] -> 0xffff9da716c0
AscendC: [_ZN7AscendC14vconv_f322s32aEPiPfm] -> (nil)
AscendC: [_ZN7AscendC14vconv_f322s32aEPiPfhtthh] -> 0xffff9da6d620
AscendC: [_ZN7AscendC14vconv_f322s32aEPiPfhtthhbb] -> (nil)
AscendC: [_ZN7AscendC14vconv_f322s32aEPiPfhtttt] -> 0xffff9da718b8
AscendC: [_ZN7AscendC14vconv_f322s32cEPiPfm] -> (nil)
AscendC: [_ZN7AscendC14vconv_f322s32cEPiPfhtthh] -> 0xffff9da6d810
AscendC: [_ZN7AscendC14vconv_f322s32cEPiPfhtthhbb] -> (nil)
AscendC: [_ZN7AscendC14vconv_f322s32cEPiPfhtttt] -> 0xffff9da71aa8
AscendC: [_ZN7AscendC14vconv_f322s32fEPiPfm] -> (nil)
AscendC: [_ZN7AscendC14vconv_f322s32fEPiPfhtthh] -> 0xffff9da6da00
AscendC: [_ZN7AscendC14vconv_f322s32fEPiPfhtthhbb] -> (nil)
AscendC: [_ZN7AscendC14vconv_f322s32fEPiPfhtttt] -> 0xffff9da71c98
AscendC: [_ZN7AscendC14vconv_f322s32rEPiPfm] -> (nil)
AscendC: [_ZN7AscendC14vconv_f322s32rEPiPfhtthh] -> 0xffff9da6dbf0
AscendC: [_ZN7AscendC14vconv_f322s32rEPiPfhtthhbb] -> (nil)
AscendC: [_ZN7AscendC14vconv_f322s32rEPiPfhtttt] -> 0xffff9da71e88
AscendC: [_ZN7AscendC14vconv_f322s32zEPiPfm] -> (nil)
AscendC: [_ZN7AscendC14vconv_f322s32zEPiPfhtthh] -> 0xffff9da6dde0
AscendC: [_ZN7AscendC14vconv_f322s32zEPiPfhtthhbb] -> (nil)
AscendC: [_ZN7AscendC14vconv_f322s32zEPiPfhtttt] -> 0xffff9da72078
AscendC: [_ZN7AscendC14vconv_f322s64aEPlPfhtttt] -> 0xffff9da752f0
AscendC: [_ZN7AscendC14vconv_f322s64aEPlPfm] -> (nil)
AscendC: [_ZN7AscendC14vconv_f322s64cEPlPfhtttt] -> 0xffff9da754e8
AscendC: [_ZN7AscendC14vconv_f322s64cEPlPfm] -> (nil)
AscendC: [_ZN7AscendC14vconv_f322s64fEPlPfhtttt] -> 0xffff9da756e0
AscendC: [_ZN7AscendC14vconv_f322s64fEPlPfm] -> (nil)
AscendC: [_ZN7AscendC14vconv_f322s64rEPlPfhtttt] -> 0xffff9da758d8
AscendC: [_ZN7AscendC14vconv_f322s64rEPlPfm] -> (nil)
AscendC: [_ZN7AscendC14vconv_f322s64zEPlPfhtttt] -> 0xffff9da75ad0
AscendC: [_ZN7AscendC14vconv_f322s64zEPlPfm] -> (nil)
AscendC: [_ZN7AscendC13vconv_s162f16EPN7float165Fp16TEPsm] -> (nil)
AscendC: [_ZN7AscendC13vconv_s162f16EPN7float165Fp16TEPshtthhbb] -> (nil)
AscendC: [_ZN7AscendC13vconv_s162f16EPN7float165Fp16TEPshtttt] -> 0xffff9da72268
AscendC: [_ZN7AscendC14vconv_s162f16aEPN7float165Fp16TEPshtttt] -> 0xffff9da72458
AscendC: [_ZN7AscendC14vconv_s162f16aEPN7float165Fp16TEPsm] -> (nil)
AscendC: [_ZN7AscendC14vconv_s162f16cEPN7float165Fp16TEPshtttt] -> 0xffff9da72648
AscendC: [_ZN7AscendC14vconv_s162f16cEPN7float165Fp16TEPsm] -> (nil)
AscendC: [_ZN7AscendC14vconv_s162f16fEPN7float165Fp16TEPshtttt] -> 0xffff9da72838
AscendC: [_ZN7AscendC14vconv_s162f16fEPN7float165Fp16TEPsm] -> (nil)
AscendC: [_ZN7AscendC14vconv_s162f16rEPN7float165Fp16TEPshtttt] -> 0xffff9da72a28
AscendC: [_ZN7AscendC14vconv_s162f16rEPN7float165Fp16TEPsm] -> (nil)
AscendC: [_ZN7AscendC14vconv_s162f16zEPN7float165Fp16TEPshtttt] -> 0xffff9da72c18
AscendC: [_ZN7AscendC14vconv_s162f16zEPN7float165Fp16TEPsm] -> (nil)
AscendC: [_ZN7AscendC13vconv_s162f32EPfPsm] -> (nil)
AscendC: [_ZN7AscendC13vconv_s162f32EPfPshtthhbb] -> (nil)
AscendC: [_ZN7AscendC13vconv_s162f32EPfPshtttt] -> 0xffff9da72e08
AscendC: [_ZN7AscendC13vconv_s322f32EPfPim] -> (nil)
AscendC: [_ZN7AscendC13vconv_s322f32EPfPihtthh] -> 0xffff9da6e1c8
AscendC: [_ZN7AscendC13vconv_s322f32EPfPihtthhbb] -> (nil)
AscendC: [_ZN7AscendC13vconv_s322f32EPfPihtttt] -> 0xffff9da73000
AscendC: [_ZN7AscendC14vconv_s322f32aEPfPihtttt] -> 0xffff9da731f0
AscendC: [_ZN7AscendC14vconv_s322f32aEPfPim] -> (nil)
AscendC: [_ZN7AscendC14vconv_s322f32cEPfPihtttt] -> 0xffff9da733e0
AscendC: [_ZN7AscendC14vconv_s322f32cEPfPim] -> (nil)
AscendC: [_ZN7AscendC14vconv_s322f32fEPfPihtttt] -> 0xffff9da735d0
AscendC: [_ZN7AscendC14vconv_s322f32fEPfPim] -> (nil)
AscendC: [_ZN7AscendC14vconv_s322f32rEPfPihtttt] -> 0xffff9da737c0
AscendC: [_ZN7AscendC14vconv_s322f32rEPfPim] -> (nil)
AscendC: [_ZN7AscendC14vconv_s322f32zEPfPihtttt] -> 0xffff9da739b0
AscendC: [_ZN7AscendC14vconv_s322f32zEPfPim] -> (nil)
AscendC: [_ZN7AscendC13vconv_s322s16EPsPihtttt] -> 0xffff9da77248
AscendC: [_ZN7AscendC13vconv_s322s16EPsPim] -> (nil)
AscendC: [_ZN7AscendC13vconv_s322s64EPlPihtttt] -> 0xffff9da77440
AscendC: [_ZN7AscendC13vconv_s322s64EPlPim] -> (nil)
AscendC: [_ZN7AscendC12vconv_s42f16EPN7float165Fp16TEPvhtthh] -> 0xffff9da789b8
AscendC: [_ZN7AscendC12vconv_s42f16EPN7float165Fp16TEPvm] -> (nil)
AscendC: [_ZN7AscendC14vconv_s642f32aEPfPlhtttt] -> 0xffff9da77638
AscendC: [_ZN7AscendC14vconv_s642f32aEPfPlm] -> (nil)
AscendC: [_ZN7AscendC14vconv_s642f32cEPfPlhtttt] -> 0xffff9da77830
AscendC: [_ZN7AscendC14vconv_s642f32cEPfPlm] -> (nil)
AscendC: [_ZN7AscendC14vconv_s642f32fEPfPlhtttt] -> 0xffff9da77a28
AscendC: [_ZN7AscendC14vconv_s642f32fEPfPlm] -> (nil)
AscendC: [_ZN7AscendC14vconv_s642f32rEPfPlhtttt] -> 0xffff9da77c20
AscendC: [_ZN7AscendC14vconv_s642f32rEPfPlm] -> (nil)
AscendC: [_ZN7AscendC14vconv_s642f32zEPfPlhtttt] -> 0xffff9da77e18
AscendC: [_ZN7AscendC14vconv_s642f32zEPfPlm] -> (nil)
AscendC: [_ZN7AscendC13vconv_s642s32EPiPlhtttt] -> 0xffff9da78010
AscendC: [_ZN7AscendC13vconv_s642s32EPiPlm] -> (nil)
AscendC: [_ZN7AscendC12vconv_s82f16EPN7float165Fp16TEPam] -> (nil)
AscendC: [_ZN7AscendC12vconv_s82f16EPN7float165Fp16TEPahtthh] -> 0xffff9da6ed68
AscendC: [_ZN7AscendC12vconv_s82f16EPN7float165Fp16TEPahtthhbb] -> (nil)
AscendC: [_ZN7AscendC12vconv_s82f16EPN7float165Fp16TEPahtttt] -> 0xffff9da73ba0
AscendC: [_ZN7AscendC12vconv_u82f16EPN7float165Fp16TEPhm] -> (nil)
AscendC: [_ZN7AscendC12vconv_u82f16EPN7float165Fp16TEPhhtthh] -> 0xffff9da6ef60
AscendC: [_ZN7AscendC12vconv_u82f16EPN7float165Fp16TEPhhtthhbb] -> (nil)
AscendC: [_ZN7AscendC12vconv_u82f16EPN7float165Fp16TEPhhtttt] -> 0xffff9da73d98
AscendC: [_ZN7AscendC16vconv_vdeqs162b8EPaPsmb] -> (nil)
AscendC: [_ZN7AscendC16vconv_vdeqs162b8EPaPshtthhbbb] -> (nil)
AscendC: [_ZN7AscendC16vconv_vdeqs162b8EPhPsmb] -> (nil)
AscendC: [_ZN7AscendC16vconv_vdeqs162b8EPhPshtthhbbb] -> (nil)
AscendC: [_ZN7AscendC17vconv_vdeqs162b8hEPaPshtthh] -> 0xffff9da6f938
AscendC: [_ZN7AscendC17vconv_vdeqs162b8hEPaPsm] -> (nil)
AscendC: [_ZN7AscendC17vconv_vdeqs162b8hEPhPshtthh] -> 0xffff9da6fb30
AscendC: [_ZN7AscendC17vconv_vdeqs162b8hEPhPsm] -> (nil)
AscendC: [_ZN7AscendC17vconv_vdeqs162b8lEPaPshtthh] -> 0xffff9da6fd28
AscendC: [_ZN7AscendC17vconv_vdeqs162b8lEPaPsm] -> (nil)
AscendC: [_ZN7AscendC17vconv_vdeqs162b8lEPhPshtthh] -> 0xffff9da6ff20
AscendC: [_ZN7AscendC17vconv_vdeqs162b8lEPhPsm] -> (nil)
AscendC: [_ZN7AscendC4vcvtERA128_N7float165Fp16TEPhh7Literal] -> (nil)
AscendC: [_ZN7AscendC4vcvtERA128_N7float165Fp16TEPah7Literal] -> (nil)
AscendC: [_ZN7AscendC4vcvtERA64_fPN7float165Fp16TEh7Literal] -> (nil)
AscendC: [_ZN7AscendC4vcvtERA64_iPN7float165Fp16TEh7LiteralS5_] -> (nil)
AscendC: [_ZN7AscendC4vcvtERA64_fPN8bfloat165Bf16TEh7Literal] -> (nil)
AscendC: [_ZN7AscendC4vcvtERA64_iPN8bfloat165Bf16TEh7LiteralS5_S5_] -> (nil)
AscendC: [_ZN7AscendC4vcvtERA64_fPsh7Literal] -> (nil)
AscendC: [_ZN7AscendC4vcvtERA32_lPfh7LiteralS3_S3_] -> (nil)
AscendC: [_ZN7AscendC4vcvtERA32_lPih7Literal] -> (nil)
AscendC: [_ZN7AscendC4vcvtERA256_hPN7float165Fp16TEh7LiteralS5_S5_] -> (nil)
AscendC: [_ZN7AscendC4vcvtERA256_aPN7float165Fp16TEh7LiteralS5_S5_] -> (nil)
AscendC: [_ZN7AscendC4vcvtERA128_N7float165Fp16TEPfh7LiteralS5_S5_] -> (nil)
AscendC: [_ZN7AscendC4vcvtERA128_N8bfloat165Bf16TEPfh7LiteralS5_S5_] -> (nil)
AscendC: [_ZN7AscendC4vcvtERA128_sPfh7LiteralS3_S3_] -> (nil)
AscendC: [_ZN7AscendC4vcvtERA128_sPih7LiteralS3_] -> (nil)
AscendC: [_ZN7AscendC4vcvtERA64_iPlh7LiteralS3_] -> (nil)
AscendC: [_ZN7AscendC4vcvtERA64_fPlh7LiteralS3_] -> (nil)
AscendC: [_ZN7AscendC4vcvtERA128_sPN7float165Fp16TEh7LiteralS5_] -> (nil)
AscendC: [_ZN7AscendC4vcvtERA128_N7float165Fp16TEPsh7Literal] -> (nil)
AscendC: [_ZN7AscendC4vcvtERA64_iPfh7LiteralS3_] -> (nil)
AscendC: [_ZN7AscendC4vcvtERA64_fPih7Literal] -> (nil)
AscendC: [_ZN7AscendC4vtrcERA64_fPf7Literalh] -> (nil)
AscendC: [_ZN7AscendC5vcopyEPsS0_m] -> (nil)
AscendC: [_ZN7AscendC5vcopyEPsS0_htttt] -> 0xffff9d9bff50
AscendC: [_ZN7AscendC5vcopyEPiS0_m] -> (nil)
AscendC: [_ZN7AscendC5vcopyEPiS0_htttt] -> 0xffff9d9bfbc0
AscendC: [_ZN7AscendC5vcopyEPtS0_m] -> (nil)
AscendC: [_ZN7AscendC5vcopyEPtS0_htttt] -> 0xffff9d9bfd88
AscendC: [_ZN7AscendC5vcopyEPjS0_m] -> (nil)
AscendC: [_ZN7AscendC5vcopyEPjS0_htttt] -> 0xffff9d9c0118
AscendC: [_ZN7AscendC6vcpaddEPN7float165Fp16TES2_m] -> (nil)
AscendC: [_ZN7AscendC6vcpaddEPN7float165Fp16TES2_httt] -> 0xffff9da5c1e8
AscendC: [_ZN7AscendC6vcpaddEPN7float165Fp16TES2_htttbb] -> (nil)
AscendC: [_ZN7AscendC6vcpaddEPfS0_m] -> (nil)
AscendC: [_ZN7AscendC6vcpaddEPfS0_httt] -> 0xffff9da5bac8
AscendC: [_ZN7AscendC6vcpaddEPfS0_htttbb] -> (nil)
AscendC: [_ZN7AscendC4vdivEPN7float165Fp16TES2_S2_m] -> (nil)
AscendC: [_ZN7AscendC4vdivEPN7float165Fp16TES2_S2_hhhhhhh] -> 0xffff9da34550
AscendC: [_ZN7AscendC4vdivEPN7float165Fp16TES2_S2_hhhhhhhbb] -> (nil)
AscendC: [_ZN7AscendC4vdivEPfS0_S0_m] -> (nil)
AscendC: [_ZN7AscendC4vdivEPfS0_S0_hhhhhhh] -> 0xffff9da32e40
AscendC: [_ZN7AscendC4vdivEPfS0_S0_hhhhhhhbb] -> (nil)
AscendC: [_ZN7AscendC3vdpEPsS0_S0_m] -> (nil)
AscendC: [_ZN7AscendC3vdpEPsS0_S0_thttbbb] -> (nil)
AscendC: [_ZN7AscendC10vector_dupEPN7float165Fp16TES1_m] -> (nil)
AscendC: [_ZN7AscendC10vector_dupEPN7float165Fp16TES1_htthh] -> 0xffff9da4e9a0
AscendC: [_ZN7AscendC10vector_dupEPN7float165Fp16TES1_htthhbb] -> (nil)
AscendC: [_ZN7AscendC10vector_dupEPN7float165Fp16TES1_htttt] -> (nil)
AscendC: [_ZN7AscendC10vector_dupEPffm] -> (nil)
AscendC: [_ZN7AscendC10vector_dupEPffhtthh] -> 0xffff9da4f5e0
AscendC: [_ZN7AscendC10vector_dupEPffhtthhbb] -> (nil)
AscendC: [_ZN7AscendC10vector_dupEPffhtttt] -> (nil)
AscendC: [_ZN7AscendC10vector_dupEPssm] -> (nil)
AscendC: [_ZN7AscendC10vector_dupEPsshtthh] -> 0xffff9da4f370
AscendC: [_ZN7AscendC10vector_dupEPsshtthhbb] -> (nil)
AscendC: [_ZN7AscendC10vector_dupEPsshtttt] -> (nil)
AscendC: [_ZN7AscendC10vector_dupEPiim] -> (nil)
AscendC: [_ZN7AscendC10vector_dupEPiihtthh] -> 0xffff9da4ee90
AscendC: [_ZN7AscendC10vector_dupEPiihtthhbb] -> (nil)
AscendC: [_ZN7AscendC10vector_dupEPiihtttt] -> (nil)
AscendC: [_ZN7AscendC10vector_dupEPttm] -> (nil)
AscendC: [_ZN7AscendC10vector_dupEPtthtthh] -> 0xffff9da4ec20
AscendC: [_ZN7AscendC10vector_dupEPtthtthhbb] -> (nil)
AscendC: [_ZN7AscendC10vector_dupEPtthtttt] -> (nil)
AscendC: [_ZN7AscendC10vector_dupEPjjm] -> (nil)
AscendC: [_ZN7AscendC10vector_dupEPjjhtthh] -> 0xffff9da4f100
AscendC: [_ZN7AscendC10vector_dupEPjjhtthhbb] -> (nil)
AscendC: [_ZN7AscendC10vector_dupEPjjhtttt] -> (nil)
AscendC: [_ZN7AscendC10vector_dupEPN8bfloat165Bf16TES1_m] -> (nil)
AscendC: [_ZN7AscendC10vector_dupEPN8bfloat165Bf16TES1_htthh] -> 0xffff9da4f850
AscendC: [_ZN7AscendC4vexpEPN7float165Fp16TES2_m] -> (nil)
AscendC: [_ZN7AscendC4vexpEPN7float165Fp16TES2_htthh] -> 0xffff9da65518
AscendC: [_ZN7AscendC4vexpEPN7float165Fp16TES2_htthhbb] -> 0xffff9da657b0
AscendC: [_ZN7AscendC4vexpEPN7float165Fp16TES2_htttt] -> (nil)
AscendC: [_ZN7AscendC4vexpEPfS0_m] -> (nil)
AscendC: [_ZN7AscendC4vexpEPfS0_htthh] -> 0xffff9da65a58
AscendC: [_ZN7AscendC4vexpEPfS0_htthhbb] -> 0xffff9da65cf0
AscendC: [_ZN7AscendC4vexpEPfS0_htttt] -> (nil)
AscendC: [_ZN7AscendC8vextractEPN7float165Fp16TES2_m] -> (nil)
AscendC: [_ZN7AscendC8vextractEPN7float165Fp16TES2_hh] -> 0xffff9da2d030
AscendC: [_ZN7AscendC8vextractEPN7float165Fp16TES2_htthh] -> (nil)
AscendC: [_ZN7AscendC8vextractEPN7float165Fp16TES2_htthhbb] -> (nil)
AscendC: [_ZN7AscendC8vextractEPfS0_m] -> (nil)
AscendC: [_ZN7AscendC8vextractEPfS0_hh] -> 0xffff9da2d4d8
AscendC: [_ZN7AscendC8vextractEPfS0_htthh] -> (nil)
AscendC: [_ZN7AscendC8vextractEPfS0_htthhbb] -> (nil)
AscendC: [_ZN7AscendC7vgatherEPtPjm] -> (nil)
AscendC: [_ZN7AscendC7vgatherEPtPjjb] -> (nil)
AscendC: [_ZN7AscendC7vgatherEPtPjjth] -> 0xffff9da56010
AscendC: [_ZN7AscendC7vgatherEPjS0_m] -> (nil)
AscendC: [_ZN7AscendC7vgatherEPjS0_jb] -> (nil)
AscendC: [_ZN7AscendC7vgatherEPjS0_jth] -> 0xffff9da56260
AscendC: [_ZN7AscendC8vgatherbEPtPjm] -> (nil)
AscendC: [_ZN7AscendC8vgatherbEPtPjjthh] -> 0xffff9da55b68
AscendC: [_ZN7AscendC8vgatherbEPjS0_m] -> (nil)
AscendC: [_ZN7AscendC8vgatherbEPjS0_jthh] -> 0xffff9da55db8
AscendC: [_ZN7AscendC4viouEPN7float165Fp16TES2_S2_m] -> (nil)
AscendC: [_ZN7AscendC4viouEPN7float165Fp16TES2_S2_hhhhhhh] -> (nil)
AscendC: [_ZN7AscendC4viouEPN7float165Fp16TES2_S2_hhhhhhhbb] -> (nil)
AscendC: [_ZN7AscendC4viouEPfS0_S0_m] -> (nil)
AscendC: [_ZN7AscendC4viouEPfS0_S0_hhhhhhh] -> (nil)
AscendC: [_ZN7AscendC4viouEPfS0_S0_hhhhhhhbb] -> (nil)
AscendC: [_ZN7AscendC10vld_va_regE10ub_addr8_tPm7vpart_t] -> 0xffff9da622c0
AscendC: [_ZN7AscendC3vlnEPN7float165Fp16TES2_m] -> (nil)
AscendC: [_ZN7AscendC3vlnEPN7float165Fp16TES2_htthh] -> 0xffff9da65f98
AscendC: [_ZN7AscendC3vlnEPN7float165Fp16TES2_htthhbb] -> 0xffff9da66230
AscendC: [_ZN7AscendC3vlnEPN7float165Fp16TES2_htttt] -> (nil)
AscendC: [_ZN7AscendC3vlnEPfS0_m] -> (nil)
AscendC: [_ZN7AscendC3vlnEPfS0_htthh] -> 0xffff9da664d8
AscendC: [_ZN7AscendC3vlnEPfS0_htthhbb] -> 0xffff9da66770
AscendC: [_ZN7AscendC3vlnEPfS0_htttt] -> (nil)
AscendC: [_ZN7AscendC6vlreluEPN7float165Fp16TES2_S1_m] -> (nil)
AscendC: [_ZN7AscendC6vlreluEPN7float165Fp16TES2_S1_htthhbb] -> (nil)
AscendC: [_ZN7AscendC6vlreluEPN7float165Fp16TES2_S1_htttt] -> 0xffff9da3ce98
AscendC: [_ZN7AscendC6vlreluEPfS0_fm] -> (nil)
AscendC: [_ZN7AscendC6vlreluEPfS0_fhtthhbb] -> (nil)
AscendC: [_ZN7AscendC6vlreluEPfS0_fhtttt] -> 0xffff9da3df28
AscendC: [_ZN7AscendC5vmaddEPN7float165Fp16TES2_S2_m] -> (nil)
AscendC: [_ZN7AscendC5vmaddEPN7float165Fp16TES2_S2_hhhhhhh] -> 0xffff9da34d00
AscendC: [_ZN7AscendC5vmaddEPN7float165Fp16TES2_S2_hhhhhhhbb] -> (nil)
AscendC: [_ZN7AscendC5vmaddEPfS0_S0_m] -> (nil)
AscendC: [_ZN7AscendC5vmaddEPfS0_S0_hhhhhhh] -> 0xffff9da335f0
AscendC: [_ZN7AscendC5vmaddEPfS0_S0_hhhhhhhbb] -> (nil)
AscendC: [_ZN7AscendC9vmaddreluEPN7float165Fp16TES2_S2_m] -> (nil)
AscendC: [_ZN7AscendC9vmaddreluEPN7float165Fp16TES2_S2_hhhhhhh] -> 0xffff9da32368
AscendC: [_ZN7AscendC9vmaddreluEPN7float165Fp16TES2_S2_hhhhhhhbb] -> (nil)
AscendC: [_ZN7AscendC9vmaddreluEPfS0_S0_m] -> (nil)
AscendC: [_ZN7AscendC9vmaddreluEPfS0_S0_hhhhhhh] -> 0xffff9da31d18
AscendC: [_ZN7AscendC9vmaddreluEPfS0_S0_hhhhhhhbb] -> (nil)
AscendC: [_ZN7AscendC4vmaxEPN7float165Fp16TES2_S2_m] -> (nil)
AscendC: [_ZN7AscendC4vmaxEPN7float165Fp16TES2_S2_hhhhhhh] -> 0xffff9da347e0
AscendC: [_ZN7AscendC4vmaxEPN7float165Fp16TES2_S2_hhhhhhhbb] -> (nil)
AscendC: [_ZN7AscendC4vmaxEPfS0_S0_m] -> (nil)
AscendC: [_ZN7AscendC4vmaxEPfS0_S0_hhhhhhh] -> 0xffff9da330d0
AscendC: [_ZN7AscendC4vmaxEPfS0_S0_hhhhhhhbb] -> (nil)
AscendC: [_ZN7AscendC4vmaxEPsS0_S0_m] -> (nil)
AscendC: [_ZN7AscendC4vmaxEPsS0_S0_hhhhhhh] -> 0xffff9da36e50
AscendC: [_ZN7AscendC4vmaxEPsS0_S0_hhhhhhhbb] -> (nil)
AscendC: [_ZN7AscendC4vmaxEPiS0_S0_m] -> (nil)
AscendC: [_ZN7AscendC4vmaxEPiS0_S0_hhhhhhh] -> 0xffff9da35c60
AscendC: [_ZN7AscendC4vmaxEPiS0_S0_hhhhhhhbb] -> (nil)
AscendC: [_ZN7AscendC5vmaxsEPN7float165Fp16TES2_S1_m] -> (nil)
AscendC: [_ZN7AscendC5vmaxsEPN7float165Fp16TES2_S1_htthhbb] -> 0xffff9da3c768
AscendC: [_ZN7AscendC5vmaxsEPN7float165Fp16TES2_S1_htttt] -> (nil)
AscendC: [_ZN7AscendC5vmaxsEPfS0_fm] -> (nil)
AscendC: [_ZN7AscendC5vmaxsEPfS0_fhtthhbb] -> 0xffff9da3d868
AscendC: [_ZN7AscendC5vmaxsEPfS0_fhtttt] -> (nil)
AscendC: [_ZN7AscendC5vmaxsEPsS0_sm] -> (nil)
AscendC: [_ZN7AscendC5vmaxsEPsS0_shtthhbb] -> 0xffff9da3e8d8
AscendC: [_ZN7AscendC5vmaxsEPsS0_shtttt] -> (nil)
AscendC: [_ZN7AscendC5vmaxsEPiS0_im] -> (nil)
AscendC: [_ZN7AscendC5vmaxsEPiS0_ihtthhbb] -> 0xffff9da3f628
AscendC: [_ZN7AscendC5vmaxsEPiS0_ihtttt] -> (nil)
AscendC: [_ZN7AscendC8vmergechEPhS0_m] -> (nil)
AscendC: [_ZN7AscendC8vmergechEPhS0_htthh] -> (nil)
AscendC: [_ZN7AscendC8vmergechEPhS0_htthhbb] -> (nil)
AscendC: [_ZN7AscendC8vmergechEPN7float165Fp16TES2_m] -> (nil)
AscendC: [_ZN7AscendC8vmergechEPN7float165Fp16TES2_htthh] -> (nil)
AscendC: [_ZN7AscendC8vmergechEPN7float165Fp16TES2_htthhbb] -> (nil)
AscendC: [_ZN7AscendC4vminEPN7float165Fp16TES2_S2_m] -> (nil)
AscendC: [_ZN7AscendC4vminEPN7float165Fp16TES2_S2_hhhhhhh] -> 0xffff9da34a70
AscendC: [_ZN7AscendC4vminEPN7float165Fp16TES2_S2_hhhhhhhbb] -> (nil)
AscendC: [_ZN7AscendC4vminEPfS0_S0_m] -> (nil)
AscendC: [_ZN7AscendC4vminEPfS0_S0_hhhhhhh] -> 0xffff9da33360
AscendC: [_ZN7AscendC4vminEPfS0_S0_hhhhhhhbb] -> (nil)
AscendC: [_ZN7AscendC4vminEPsS0_S0_m] -> (nil)
AscendC: [_ZN7AscendC4vminEPsS0_S0_hhhhhhh] -> 0xffff9da370e0
AscendC: [_ZN7AscendC4vminEPsS0_S0_hhhhhhhbb] -> (nil)
AscendC: [_ZN7AscendC4vminEPiS0_S0_m] -> (nil)
AscendC: [_ZN7AscendC4vminEPiS0_S0_hhhhhhh] -> 0xffff9da35ef0
AscendC: [_ZN7AscendC4vminEPiS0_S0_hhhhhhhbb] -> (nil)
AscendC: [_ZN7AscendC5vminsEPN7float165Fp16TES2_S1_m] -> (nil)
AscendC: [_ZN7AscendC5vminsEPN7float165Fp16TES2_S1_htthhbb] -> 0xffff9da3cb00
AscendC: [_ZN7AscendC5vminsEPN7float165Fp16TES2_S1_htttt] -> (nil)
AscendC: [_ZN7AscendC5vminsEPfS0_fm] -> (nil)
AscendC: [_ZN7AscendC5vminsEPfS0_fhtthhbb] -> 0xffff9da3dbc8
AscendC: [_ZN7AscendC5vminsEPfS0_fhtttt] -> (nil)
AscendC: [_ZN7AscendC5vminsEPsS0_sm] -> (nil)
AscendC: [_ZN7AscendC5vminsEPsS0_shtthhbb] -> 0xffff9da3ec40
AscendC: [_ZN7AscendC5vminsEPsS0_shtttt] -> (nil)
AscendC: [_ZN7AscendC5vminsEPiS0_im] -> (nil)
AscendC: [_ZN7AscendC5vminsEPiS0_ihtthhbb] -> 0xffff9da3f990
AscendC: [_ZN7AscendC5vminsEPiS0_ihtttt] -> (nil)
AscendC: [_ZN7AscendC4vmlaEPN7float165Fp16TES2_S2_m] -> (nil)
AscendC: [_ZN7AscendC4vmlaEPN7float165Fp16TES2_S2_hhhhhhh] -> 0xffff9da32040
AscendC: [_ZN7AscendC4vmlaEPN7float165Fp16TES2_S2_hhhhhhhbb] -> (nil)
AscendC: [_ZN7AscendC4vmlaEPfS0_S0_m] -> (nil)
AscendC: [_ZN7AscendC4vmlaEPfS0_S0_hhhhhhh] -> 0xffff9da319f0
AscendC: [_ZN7AscendC4vmlaEPfS0_S0_hhhhhhhbb] -> (nil)
AscendC: [_ZN7AscendC4vmlaEPfPN7float165Fp16TES3_m] -> (nil)
AscendC: [_ZN7AscendC4vmlaEPfPN7float165Fp16TES3_hhhhhhh] -> 0xffff9da316d0
AscendC: [_ZN7AscendC4vmlaEPfPN7float165Fp16TES3_hhhhhhhbb] -> (nil)
AscendC: [_ZN7AscendC9vmrgsort4EPN7float165Fp16TEPS2_m] -> 0xffff9da2db10
AscendC: [_ZN7AscendC9vmrgsort4EPfPS0_m] -> 0xffff9da2dc10
AscendC: [_ZN7AscendC9vmrgsort4EPN7float165Fp16TEPS2_mm] -> 0xffff9da2dd10
AscendC: [_ZN7AscendC9vmrgsort4EPfPS0_mm] -> 0xffff9da2de18
AscendC: [_ZN7AscendC4vmulEPN7float165Fp16TES2_S2_m] -> (nil)
AscendC: [_ZN7AscendC4vmulEPN7float165Fp16TES2_S2_hhhhhhh] -> 0xffff9da342c0
AscendC: [_ZN7AscendC4vmulEPN7float165Fp16TES2_S2_hhhhhhhbb] -> (nil)
AscendC: [_ZN7AscendC4vmulEPfS0_S0_m] -> (nil)
AscendC: [_ZN7AscendC4vmulEPfS0_S0_hhhhhhh] -> 0xffff9da32bb0
AscendC: [_ZN7AscendC4vmulEPfS0_S0_hhhhhhhbb] -> (nil)
AscendC: [_ZN7AscendC4vmulEPsS0_S0_m] -> (nil)
AscendC: [_ZN7AscendC4vmulEPsS0_S0_hhhhhhh] -> 0xffff9da36bc0
AscendC: [_ZN7AscendC4vmulEPsS0_S0_hhhhhhhbb] -> (nil)
AscendC: [_ZN7AscendC4vmulEPiS0_S0_m] -> (nil)
AscendC: [_ZN7AscendC4vmulEPiS0_S0_hhhhhhh] -> 0xffff9da359d0
AscendC: [_ZN7AscendC4vmulEPiS0_S0_hhhhhhhbb] -> (nil)
AscendC: [_ZN7AscendC15vmulconv_f162s8EPaPN7float165Fp16TES3_m] -> (nil)
AscendC: [_ZN7AscendC15vmulconv_f162s8EPaPN7float165Fp16TES3_hhhhhhh] -> 0xffff9da59060
AscendC: [_ZN7AscendC15vmulconv_f162s8EPaPN7float165Fp16TES3_hhhhhhhbb] -> (nil)
AscendC: [_ZN7AscendC15vmulconv_f162u8EPhPN7float165Fp16TES3_m] -> (nil)
AscendC: [_ZN7AscendC15vmulconv_f162u8EPhPN7float165Fp16TES3_hhhhhhh] -> 0xffff9da59310
AscendC: [_ZN7AscendC15vmulconv_f162u8EPhPN7float165Fp16TES3_hhhhhhhbb] -> (nil)
AscendC: [_ZN7AscendC5vmulsEPN7float165Fp16TES2_S1_m] -> (nil)
AscendC: [_ZN7AscendC5vmulsEPN7float165Fp16TES2_S1_htthh] -> (nil)
AscendC: [_ZN7AscendC5vmulsEPN7float165Fp16TES2_S1_htthhbb] -> (nil)
AscendC: [_ZN7AscendC5vmulsEPN7float165Fp16TES2_S1_htttt] -> 0xffff9da3c3f8
AscendC: [_ZN7AscendC5vmulsEPfS0_fm] -> (nil)
AscendC: [_ZN7AscendC5vmulsEPfS0_fhtthh] -> (nil)
AscendC: [_ZN7AscendC5vmulsEPfS0_fhtthhbb] -> (nil)
AscendC: [_ZN7AscendC5vmulsEPfS0_fhtttt] -> 0xffff9da3d538
AscendC: [_ZN7AscendC5vmulsEPsS0_sm] -> (nil)
AscendC: [_ZN7AscendC5vmulsEPsS0_shtthh] -> (nil)
AscendC: [_ZN7AscendC5vmulsEPsS0_shtthhbb] -> (nil)
AscendC: [_ZN7AscendC5vmulsEPsS0_shtttt] -> 0xffff9da3e598
AscendC: [_ZN7AscendC5vmulsEPiS0_im] -> (nil)
AscendC: [_ZN7AscendC5vmulsEPiS0_ihtthh] -> (nil)
AscendC: [_ZN7AscendC5vmulsEPiS0_ihtthhbb] -> (nil)
AscendC: [_ZN7AscendC5vmulsEPiS0_ihtttt] -> 0xffff9da3f2e8
AscendC: [_ZN7AscendC4vnotEPsS0_m] -> (nil)
AscendC: [_ZN7AscendC4vnotEPsS0_htthh] -> 0xffff9da68ed8
AscendC: [_ZN7AscendC4vnotEPsS0_htthhbb] -> 0xffff9da69170
AscendC: [_ZN7AscendC4vnotEPsS0_htttt] -> (nil)
AscendC: [_ZN7AscendC4vnotEPtS0_m] -> (nil)
AscendC: [_ZN7AscendC4vnotEPtS0_htthh] -> 0xffff9da69418
AscendC: [_ZN7AscendC4vnotEPtS0_htthhbb] -> 0xffff9da696b0
AscendC: [_ZN7AscendC4vnotEPtS0_htttt] -> (nil)
AscendC: [_ZN7AscendC3vorEPsS0_S0_m] -> (nil)
AscendC: [_ZN7AscendC3vorEPsS0_S0_hhhhhhh] -> 0xffff9da36410
AscendC: [_ZN7AscendC3vorEPsS0_S0_hhhhhhhbb] -> (nil)
AscendC: [_ZN7AscendC3vorEPtS0_S0_m] -> (nil)
AscendC: [_ZN7AscendC3vorEPtS0_S0_hhhhhhh] -> 0xffff9da37b20
AscendC: [_ZN7AscendC3vorEPtS0_S0_hhhhhhhbb] -> (nil)
AscendC: [_ZN7AscendC8vpaddingEPtS0_m] -> (nil)
AscendC: [_ZN7AscendC8vpaddingEPtS0_htthhbbhb] -> (nil)
AscendC: [_ZN7AscendC8vpaddingEPjS0_m] -> (nil)
AscendC: [_ZN7AscendC8vpaddingEPjS0_htthhbbhb] -> (nil)
AscendC: [_ZN7AscendC4vrecEPN7float165Fp16TES2_m] -> (nil)
AscendC: [_ZN7AscendC4vrecEPN7float165Fp16TES2_htthh] -> 0xffff9da64a98
AscendC: [_ZN7AscendC4vrecEPN7float165Fp16TES2_htthhbb] -> 0xffff9da64d30
AscendC: [_ZN7AscendC4vrecEPN7float165Fp16TES2_htttt] -> (nil)
AscendC: [_ZN7AscendC4vrecEPfS0_m] -> (nil)
AscendC: [_ZN7AscendC4vrecEPfS0_htthh] -> 0xffff9da64fd8
AscendC: [_ZN7AscendC4vrecEPfS0_htthhbb] -> 0xffff9da65270
AscendC: [_ZN7AscendC4vrecEPfS0_htttt] -> (nil)
AscendC: [_ZN7AscendC7vreduceEPtS0_S0_m] -> (nil)
AscendC: [_ZN7AscendC7vreduceEPtS0_S0_hhhhhhh] -> (nil)
AscendC: [_ZN7AscendC7vreduceEPtS0_S0_hhhhh] -> (nil)
AscendC: [_ZN7AscendC7vreduceEPjS0_S0_m] -> (nil)
AscendC: [_ZN7AscendC7vreduceEPjS0_S0_hhhhhhh] -> (nil)
AscendC: [_ZN7AscendC7vreduceEPjS0_S0_hhhhh] -> (nil)
AscendC: [_ZN7AscendC9vreducev2EPtS0_S0_m] -> (nil)
AscendC: [_ZN7AscendC9vreducev2EPtS0_S0_thhth] -> 0xffff9da57c70
AscendC: [_ZN7AscendC9vreducev2EPjS0_S0_m] -> (nil)
AscendC: [_ZN7AscendC9vreducev2EPjS0_S0_thhth] -> 0xffff9da57e60
AscendC: [_ZN7AscendC5vreluEPN7float165Fp16TES2_m] -> (nil)
AscendC: [_ZN7AscendC5vreluEPN7float165Fp16TES2_htthh] -> 0xffff9da63ad8
AscendC: [_ZN7AscendC5vreluEPN7float165Fp16TES2_htthhbb] -> 0xffff9da63d70
AscendC: [_ZN7AscendC5vreluEPN7float165Fp16TES2_htttt] -> (nil)
AscendC: [_ZN7AscendC5vreluEPfS0_m] -> (nil)
AscendC: [_ZN7AscendC5vreluEPfS0_htthh] -> 0xffff9da64018
AscendC: [_ZN7AscendC5vreluEPfS0_htthhbb] -> 0xffff9da642b0
AscendC: [_ZN7AscendC5vreluEPfS0_htttt] -> (nil)
AscendC: [_ZN7AscendC5vreluEPiS0_m] -> (nil)
AscendC: [_ZN7AscendC5vreluEPiS0_htthh] -> 0xffff9da64558
AscendC: [_ZN7AscendC5vreluEPiS0_htthhbb] -> 0xffff9da647f0
AscendC: [_ZN7AscendC5vreluEPiS0_htttt] -> (nil)
AscendC: [_ZN7AscendC5vrpacEPN7float165Fp16TES2_m] -> (nil)
AscendC: [_ZN7AscendC5vrpacEPN7float165Fp16TES2_htthh] -> (nil)
AscendC: [_ZN7AscendC5vrpacEPN7float165Fp16TES2_htthhbb] -> (nil)
AscendC: [_ZN7AscendC5vrpacEPfS0_m] -> (nil)
AscendC: [_ZN7AscendC5vrpacEPfS0_htthh] -> (nil)
AscendC: [_ZN7AscendC5vrpacEPfS0_htthhbb] -> (nil)
AscendC: [_ZN7AscendC6vrsqrtEPN7float165Fp16TES2_m] -> (nil)
AscendC: [_ZN7AscendC6vrsqrtEPN7float165Fp16TES2_htthh] -> 0xffff9da68458
AscendC: [_ZN7AscendC6vrsqrtEPN7float165Fp16TES2_htthhbb] -> 0xffff9da686f0
AscendC: [_ZN7AscendC6vrsqrtEPN7float165Fp16TES2_htttt] -> (nil)
AscendC: [_ZN7AscendC6vrsqrtEPfS0_m] -> (nil)
AscendC: [_ZN7AscendC6vrsqrtEPfS0_htthh] -> 0xffff9da68998
AscendC: [_ZN7AscendC6vrsqrtEPfS0_htthhbb] -> 0xffff9da68c30
AscendC: [_ZN7AscendC6vrsqrtEPfS0_htttt] -> (nil)
AscendC: [_ZN7AscendC8vscatterEPjPtm] -> (nil)
AscendC: [_ZN7AscendC8vscatterEPjPtjb] -> (nil)
AscendC: [_ZN7AscendC8vscatterEPjS0_m] -> (nil)
AscendC: [_ZN7AscendC8vscatterEPjS0_jb] -> (nil)
AscendC: [_ZN7AscendC4vselEPN7float165Fp16TES2_S2_m] -> (nil)
AscendC: [_ZN7AscendC4vselEPN7float165Fp16TES2_Pvm] -> (nil)
AscendC: [_ZN7AscendC4vselEPN7float165Fp16TES2_Pvhhhhhhh] -> 0xffff9da4b7a8
AscendC: [_ZN7AscendC4vselEPN7float165Fp16TES2_Pvhhhhhhhhbb] -> 0xffff9da4b548
AscendC: [_ZN7AscendC4vselEPN7float165Fp16TES2_Pvhhhhhhhh] -> 0xffff9da4b7e0
AscendC: [_ZN7AscendC4vselEPN7float165Fp16TES2_S2_hhhhhhh] -> 0xffff9da4b200
AscendC: [_ZN7AscendC4vselEPN7float165Fp16TES2_S2_hhhhhhhhbb] -> 0xffff9da4afa8
AscendC: [_ZN7AscendC4vselEPN7float165Fp16TES2_S2_hhhhhhhh] -> 0xffff9da4b238
AscendC: [_ZN7AscendC4vselEPfS0_S0_m] -> (nil)
AscendC: [_ZN7AscendC4vselEPfS0_Pvm] -> (nil)
AscendC: [_ZN7AscendC4vselEPfS0_Pvhhhhhhh] -> 0xffff9da4ba80
AscendC: [_ZN7AscendC4vselEPfS0_Pvhhhhhhhhbb] -> 0xffff9da4b820
AscendC: [_ZN7AscendC4vselEPfS0_Pvhhhhhhhh] -> 0xffff9da4bab8
AscendC: [_ZN7AscendC4vselEPfS0_S0_hhhhhhh] -> 0xffff9da4b4d0
AscendC: [_ZN7AscendC4vselEPfS0_S0_hhhhhhhhbb] -> 0xffff9da4b278
AscendC: [_ZN7AscendC4vselEPfS0_S0_hhhhhhhh] -> 0xffff9da4b508
AscendC: [_ZN7AscendC4vshlEPsS0_jm] -> (nil)
AscendC: [_ZN7AscendC4vshlEPsS0_jhtthh] -> (nil)
AscendC: [_ZN7AscendC4vshlEPsS0_jhtthhbb] -> (nil)
AscendC: [_ZN7AscendC4vshlEPsS0_jhtttt] -> 0xffff9da40a18
AscendC: [_ZN7AscendC4vshlEPiS0_jm] -> (nil)
AscendC: [_ZN7AscendC4vshlEPiS0_jhtthh] -> (nil)
AscendC: [_ZN7AscendC4vshlEPiS0_jhtthhbb] -> (nil)
AscendC: [_ZN7AscendC4vshlEPiS0_jhtttt] -> 0xffff9da40d58
AscendC: [_ZN7AscendC4vshlEPtS0_jm] -> (nil)
AscendC: [_ZN7AscendC4vshlEPtS0_jhtthh] -> (nil)
AscendC: [_ZN7AscendC4vshlEPtS0_jhtthhbb] -> (nil)
AscendC: [_ZN7AscendC4vshlEPtS0_jhtttt] -> 0xffff9da40398
AscendC: [_ZN7AscendC4vshlEPjS0_jm] -> (nil)
AscendC: [_ZN7AscendC4vshlEPjS0_jhtthh] -> (nil)
AscendC: [_ZN7AscendC4vshlEPjS0_jhtthhbb] -> (nil)
AscendC: [_ZN7AscendC4vshlEPjS0_jhtttt] -> 0xffff9da406d8
AscendC: [_ZN7AscendC4vshrEPsS0_imb] -> (nil)
AscendC: [_ZN7AscendC4vshrEPsS0_ihtthhbbb] -> (nil)
AscendC: [_ZN7AscendC4vshrEPsS0_ihttttb] -> 0xffff9da3fcf8
AscendC: [_ZN7AscendC4vshrEPiS0_imb] -> (nil)
AscendC: [_ZN7AscendC4vshrEPiS0_ihtthhbbb] -> (nil)
AscendC: [_ZN7AscendC4vshrEPiS0_ihttttb] -> 0xffff9da40048
AscendC: [_ZN7AscendC4vshrEPtS0_jmb] -> (nil)
AscendC: [_ZN7AscendC4vshrEPtS0_jhtthhbbb] -> (nil)
AscendC: [_ZN7AscendC4vshrEPtS0_jhttttb] -> 0xffff9da41098
AscendC: [_ZN7AscendC4vshrEPjS0_jmb] -> (nil)
AscendC: [_ZN7AscendC4vshrEPjS0_jhtthhbbb] -> (nil)
AscendC: [_ZN7AscendC4vshrEPjS0_jhttttb] -> 0xffff9da413e8
AscendC: [_ZN7AscendC5vsortEPN7float165Fp16TES2_m] -> (nil)
AscendC: [_ZN7AscendC5vsortEPN7float165Fp16TES2_h] -> (nil)
AscendC: [_ZN7AscendC5vsortEPfS0_m] -> (nil)
AscendC: [_ZN7AscendC5vsortEPfS0_h] -> (nil)
AscendC: [_ZN7AscendC5vsqrtEPN7float165Fp16TES2_m] -> (nil)
AscendC: [_ZN7AscendC5vsqrtEPN7float165Fp16TES2_htthh] -> 0xffff9da679d8
AscendC: [_ZN7AscendC5vsqrtEPN7float165Fp16TES2_htthhbb] -> 0xffff9da67c70
AscendC: [_ZN7AscendC5vsqrtEPN7float165Fp16TES2_htttt] -> (nil)
AscendC: [_ZN7AscendC5vsqrtEPfS0_m] -> (nil)
AscendC: [_ZN7AscendC5vsqrtEPfS0_htthh] -> 0xffff9da67f18
AscendC: [_ZN7AscendC5vsqrtEPfS0_htthhbb] -> 0xffff9da681b0
AscendC: [_ZN7AscendC5vsqrtEPfS0_htttt] -> (nil)
AscendC: [_ZN7AscendC4vsubEPN7float165Fp16TES2_S2_m] -> (nil)
AscendC: [_ZN7AscendC4vsubEPN7float165Fp16TES2_S2_hhhhhhh] -> 0xffff9da34030
AscendC: [_ZN7AscendC4vsubEPN7float165Fp16TES2_S2_hhhhhhhbb] -> (nil)
AscendC: [_ZN7AscendC4vsubEPfS0_S0_m] -> (nil)
AscendC: [_ZN7AscendC4vsubEPfS0_S0_hhhhhhh] -> 0xffff9da32920
AscendC: [_ZN7AscendC4vsubEPfS0_S0_hhhhhhhbb] -> (nil)
AscendC: [_ZN7AscendC4vsubEPsS0_S0_m] -> (nil)
AscendC: [_ZN7AscendC4vsubEPsS0_S0_hhhhhhh] -> 0xffff9da36930
AscendC: [_ZN7AscendC4vsubEPsS0_S0_hhhhhhhbb] -> (nil)
AscendC: [_ZN7AscendC4vsubEPiS0_S0_m] -> (nil)
AscendC: [_ZN7AscendC4vsubEPiS0_S0_hhhhhhh] -> 0xffff9da35740
AscendC: [_ZN7AscendC4vsubEPiS0_S0_hhhhhhhbb] -> (nil)
AscendC: [_ZN7AscendC8vsubreluEPN7float165Fp16TES2_S2_m] -> (nil)
AscendC: [_ZN7AscendC8vsubreluEPN7float165Fp16TES2_S2_hhhhhhhbb] -> (nil)
AscendC: [_ZN7AscendC8vsubreluEPN7float165Fp16TES2_S2_hhhhhhh] -> 0xffff9da35220
AscendC: [_ZN7AscendC8vsubreluEPfS0_S0_m] -> (nil)
AscendC: [_ZN7AscendC8vsubreluEPfS0_S0_hhhhhhhbb] -> (nil)
AscendC: [_ZN7AscendC8vsubreluEPfS0_S0_hhhhhhh] -> 0xffff9da33b10
AscendC: [_ZN7AscendC8vsubreluEPsS0_S0_m] -> (nil)
AscendC: [_ZN7AscendC8vsubreluEPsS0_S0_hhhhhhhbb] -> (nil)
AscendC: [_ZN7AscendC8vsubreluEPsS0_S0_hhhhhhh] -> 0xffff9da37600
AscendC: [_ZN7AscendC19vsubreluconv_f162s8EPaPN7float165Fp16TES3_mb] -> (nil)
AscendC: [_ZN7AscendC19vsubreluconv_f162s8EPaPN7float165Fp16TES3_hhhhhhhbbb] -> (nil)
AscendC: [_ZN7AscendC19vsubreluconv_f162s8EPaPN7float165Fp16TES3_hhhhhhhb] -> 0xffff9da79898
AscendC: [_ZN7AscendC20vsubreluconv_f322f16EPN7float165Fp16TEPfS3_mb] -> (nil)
AscendC: [_ZN7AscendC20vsubreluconv_f322f16EPN7float165Fp16TEPfS3_hhhhhhhbbb] -> (nil)
AscendC: [_ZN7AscendC20vsubreluconv_f322f16EPN7float165Fp16TEPfS3_hhhhhhhb] -> 0xffff9da7a078
AscendC: [_ZN7AscendC19vsubreluconv_s162s8EPaPsS1_mb] -> (nil)
AscendC: [_ZN7AscendC19vsubreluconv_s162s8EPaPsS1_hhhhhhhbbb] -> (nil)
AscendC: [_ZN7AscendC19vsubreluconv_s162s8EPaPsS1_hhhhhhhb] -> 0xffff9da79c88
AscendC: [_ZN7AscendC23vsubreluconv_vdeqs162b8EPaPsS1_mb] -> (nil)
AscendC: [_ZN7AscendC23vsubreluconv_vdeqs162b8EPhPsS1_mb] -> (nil)
AscendC: [_ZN7AscendC23vsubreluconv_vdeqs162b8EPhPsS1_hhhhhhhbbb] -> (nil)
AscendC: [_ZN7AscendC23vsubreluconv_vdeqs162b8EPhPsS1_hhhhhhhb] -> (nil)
AscendC: [_ZN7AscendC23vsubreluconv_vdeqs162b8EPaPsS1_hhhhhhhbbb] -> (nil)
AscendC: [_ZN7AscendC23vsubreluconv_vdeqs162b8EPaPsS1_hhhhhhhb] -> (nil)
AscendC: [_ZN7AscendC10vtransposeEPsS0_] -> (nil)
AscendC: [_ZN7AscendC10vtransposeEPtS0_] -> 0xffff9da62080
AscendC: [_ZN7AscendC9wait_flagE6pipe_tS0_7event_t] -> 0xffff9d9d7798
AscendC: [_ZN7AscendC9wait_flagE6pipe_t7event_t] -> (nil)
AscendC: [_ZN7AscendC9wait_flagE6pipe_tS0_m] -> 0xffff9d9d82c8
AscendC: [_ZN7AscendC9wait_flagE6pipe_tm] -> (nil)
AscendC: [_ZN7AscendC13wait_flag_devEl] -> 0xffff9d9da5a8
AscendC: [_ZN7AscendC13winograd_convEPiPsPam] -> (nil)
AscendC: [_ZN7AscendC13winograd_convEPiPsPattthhhb] -> (nil)
AscendC: [_ZN7AscendC13winograd_convEPiPaS1_m] -> (nil)
AscendC: [_ZN7AscendC13winograd_convEPiPaS1_ttthhhb] -> (nil)
AscendC: [_ZN7AscendC13get_workspaceEi] -> 0xffff9d9d6778
AscendC: [_ZN7AscendC13set_core_typeEi] -> 0xffff9d9d6850
AscendC: [_ZN7AscendC15get_process_numEv] -> 0xffff9d9d6ae8
AscendC: [_ZN7AscendC13set_block_dimEi] -> 0xffff9d9d6b98
AscendC: [_ZN7AscendC18AscendCKernelBeginEPKciPm] -> (nil)
AscendC: [_ZN7AscendC16AscendCKernelEndEPKciPm] -> (nil)
AscendC: [_ZN7AscendC17AscendCBlockBeginEiPKciPKm] -> (nil)
AscendC: [_ZN7AscendC15AscendCBlockEndEiPKciPKm] -> (nil)
AscendC: [_ZN7AscendC16AscendCQueCreateEhhh] -> (nil)
AscendC: [_ZN7AscendC14AscendCBufInitEhhhmm] -> (nil)
AscendC: [_ZN7AscendC15AscendCBufAllocEhhmm] -> (nil)
AscendC: [_ZN7AscendC14AscendCBufFreeEhhmm] -> (nil)
AscendC: [_ZN7AscendC15AscendCBufEnqueEhhhm] -> (nil)
AscendC: [_ZN7AscendC15AscendCBufDequeEhhhm] -> (nil)
AscendC: [_ZN7AscendC17AscendCBufAbsAddrEhmm] -> (nil)
AscendC: [_ZN7AscendC13AscendCBufGetEhhmm] -> (nil)
AscendC: [_ZN7AscendC19AscendCTBufPoolInitEhmmm] -> (nil)
AscendC: [_ZN7AscendC27AscendCUpdateTbufPoolStatusEmb] -> (nil)
AscendC: [_ZN7AscendC26AscendCRecordPoolHierarchyEmm] -> (nil)
AscendC: [_ZN7AscendC25AscendCTBufPoolResetCheckEhmmm] -> (nil)
AscendC: [_ZN7AscendC12batch_offsetEmm] -> (nil)
AscendC: [_ZN7AscendC12wait_and_setEPvS0_mm] -> (nil)
AscendC: [_ZN7AscendC9wait_syncEPvS0_S0_] -> (nil)
AscendC: [_ZN7AscendC11set_tensoraEPvS0_] -> (nil)
AscendC: [_ZN7AscendC11set_tensorbEPv] -> (nil)
AscendC: [_ZN7AscendC11get_tensorcEPv] -> (nil)
AscendC: [_ZN7AscendC13__ib_set_stubEiib] -> 0xffff9d9d3c40
AscendC: [_ZN7AscendC14__ib_wait_stubEiib] -> 0xffff9d9d3c48
AscendC: [_ZN7AscendC15__sync_all_stubEib] -> 0xffff9d9d3c50
cceprint: [_ZN8cceprint5bcnt0Em] -> 0xffff9e8683f0
cceprint: [_ZN8cceprint5bcnt1Em] -> 0xffff9e86843c
cceprint: [_ZN8cceprint18broadcast_ub_to_ccEPN7float165Fp16TES2_m] -> 0xffff9e868488
cceprint: [_ZN8cceprint18broadcast_ub_to_ccEPN7float165Fp16TES2_hhhh] -> 0xffff9e868590
cceprint: [_ZN8cceprint18broadcast_ub_to_ccEPN7float165Fp16TES2_hhhhb] -> 0xffff9e868770
cceprint: [_ZN8cceprint18broadcast_ub_to_ccEPfS0_m] -> 0xffff9e86898c
cceprint: [_ZN8cceprint18broadcast_ub_to_ccEPfS0_hhhh] -> 0xffff9e868a94
cceprint: [_ZN8cceprint18broadcast_ub_to_ccEPfS0_hhhhb] -> 0xffff9e868c74
cceprint: [_ZN8cceprint18broadcast_ub_to_ccEPfPN7float165Fp16TEm] -> 0xffff9e868e90
cceprint: [_ZN8cceprint18broadcast_ub_to_ccEPfPN7float165Fp16TEhhhh] -> 0xffff9e868f98
cceprint: [_ZN8cceprint18broadcast_ub_to_ccEPfPN7float165Fp16TEhhhhb] -> 0xffff9e869178
cceprint: [_ZN8cceprint18broadcast_ub_to_ccEPiS0_m] -> 0xffff9e869394
cceprint: [_ZN8cceprint18broadcast_ub_to_ccEPiS0_hhhh] -> 0xffff9e86949c
cceprint: [_ZN8cceprint18broadcast_ub_to_ccEPiS0_hhhhb] -> 0xffff9e86967c
cceprint: [_ZN8cceprint3clzEm] -> 0xffff9e869898
cceprint: [_ZN8cceprint7col2imgEPN7float165Fp16TES2_mm] -> 0xffff9e8698e4
cceprint: [_ZN8cceprint7col2imgEPN7float165Fp16TES2_shhshhhhhhhb] -> 0xffff9e869a34
cceprint: [_ZN8cceprint7col2imgEPfS0_mm] -> 0xffff9e869e18
cceprint: [_ZN8cceprint7col2imgEPfS0_shhshhhhhhhb] -> 0xffff9e869f68
cceprint: [_ZN8cceprint17compress_ub_to_gmEPhS0_S0_l] -> 0xffff9e86a34c
cceprint: [_ZN8cceprint17compress_ub_to_gmEPhS0_S0_tbhh] -> 0xffff9e86a530
cceprint: [_ZN8cceprint17compress_ub_to_gmEPN7float165Fp16TES2_S2_l] -> 0xffff9e86a7e0
cceprint: [_ZN8cceprint17compress_ub_to_gmEPN7float165Fp16TES2_S2_tbhh] -> 0xffff9e86a9c4
cceprint: [_ZN8cceprint13conv_f322f16oEf] -> 0xffff9e86ac74
cceprint: [_ZN8cceprint13conv_f322s32aEf] -> 0xffff9e86ad14
cceprint: [_ZN8cceprint13conv_f322s32cEf] -> 0xffff9e86ad60
cceprint: [_ZN8cceprint13conv_f322s32fEf] -> 0xffff9e86adac
cceprint: [_ZN8cceprint13conv_f322s32rEf] -> 0xffff9e86adf8
cceprint: [_ZN8cceprint15copy_cbuf_to_btEmPvm] -> 0xffff9e86ae44
cceprint: [_ZN8cceprint15copy_cbuf_to_btEmPvttttt] -> 0xffff9e86af58
cceprint: [_ZN8cceprint17copy_cbuf_to_fbufEPvS0_m] -> 0xffff9e86b150
cceprint: [_ZN8cceprint17copy_cbuf_to_fbufEPvS0_tttt] -> 0xffff9e86b258
cceprint: [_ZN8cceprint15copy_cbuf_to_gmEPvS0_m] -> 0xffff9e86b408
cceprint: [_ZN8cceprint15copy_cbuf_to_gmEPvS0_htttt] -> 0xffff9e86b588
cceprint: [_ZN8cceprint21copy_cbuf_to_gm_alignEPN7float165Fp16TES2_htjjj] -> 0xffff9e86b7f8
cceprint: [_ZN8cceprint21copy_cbuf_to_gm_alignEPfS0_htjjj] -> 0xffff9e86ba68
cceprint: [_ZN8cceprint21copy_cbuf_to_gm_alignEPsS0_htjjj] -> 0xffff9e86bcd8
cceprint: [_ZN8cceprint21copy_cbuf_to_gm_alignEPiS0_htjjj] -> 0xffff9e86bf48
cceprint: [_ZN8cceprint21copy_cbuf_to_gm_alignEPaS0_htjjj] -> 0xffff9e86c1b8
cceprint: [_ZN8cceprint21copy_cbuf_to_gm_alignEPtS0_htjjj] -> 0xffff9e86c428
cceprint: [_ZN8cceprint21copy_cbuf_to_gm_alignEPjS0_htjjj] -> 0xffff9e86c698
cceprint: [_ZN8cceprint21copy_cbuf_to_gm_alignEPhS0_htjjj] -> 0xffff9e86c908
cceprint: [_ZN8cceprint17copy_cbuf_to_ubufEPvS0_m] -> 0xffff9e86cb78
cceprint: [_ZN8cceprint17copy_cbuf_to_ubufEPvS0_htttt] -> 0xffff9e86cc80
cceprint: [_ZN8cceprint25copy_depthwise_cc_to_ubufEPN7float165Fp16TES2_m10ConvRelu_t] -> 0xffff9e86ce78
cceprint: [_ZN8cceprint25copy_depthwise_cc_to_ubufEPN7float165Fp16TES2_htttt10ConvRelu_t] -> 0xffff9e86cfc8
cceprint: [_ZN8cceprint25copy_depthwise_cc_to_ubufEPfPN7float165Fp16TEm10ConvRelu_t] -> 0xffff9e86d208
cceprint: [_ZN8cceprint25copy_depthwise_cc_to_ubufEPfPN7float165Fp16TEhtttt10ConvRelu_t] -> 0xffff9e86d358
cceprint: [_ZN8cceprint25copy_depthwise_cc_to_ubufEPN7float165Fp16TEPfm10ConvRelu_t] -> 0xffff9e86d598
cceprint: [_ZN8cceprint25copy_depthwise_cc_to_ubufEPN7float165Fp16TEPfhtttt10ConvRelu_t] -> 0xffff9e86d6e8
cceprint: [_ZN8cceprint25copy_depthwise_cc_to_ubufEPfS0_m10ConvRelu_t] -> 0xffff9e86d928
cceprint: [_ZN8cceprint25copy_depthwise_cc_to_ubufEPfS0_htttt10ConvRelu_t] -> 0xffff9e86da78
cceprint: [_ZN8cceprint15copy_gm_to_cbufEPvS0_m5pad_t] -> 0xffff9e86dcb8
cceprint: [_ZN8cceprint15copy_gm_to_cbufEPvS0_htttt5pad_t] -> 0xffff9e86de80
cceprint: [_ZN8cceprint31copy_gm_to_cbuf_multi_nd2nz_b16EPN7float165Fp16TES2_mm] -> 0xffff9e86e138
cceprint: [_ZN8cceprint31copy_gm_to_cbuf_multi_nd2nz_b16EPN7float165Fp16TES2_htttttttt] -> 0xffff9e86e300
cceprint: [_ZN8cceprint31copy_gm_to_cbuf_multi_nd2nz_b16EPN8bfloat165Bf16TES2_mm] -> 0xffff9e86e654
cceprint: [_ZN8cceprint31copy_gm_to_cbuf_multi_nd2nz_b16EPN8bfloat165Bf16TES2_htttttttt] -> 0xffff9e86e81c
cceprint: [_ZN8cceprint31copy_gm_to_cbuf_multi_nd2nz_b16EPsS0_mm] -> 0xffff9e86eb70
cceprint: [_ZN8cceprint31copy_gm_to_cbuf_multi_nd2nz_b16EPsS0_htttttttt] -> 0xffff9e86ed38
cceprint: [_ZN8cceprint31copy_gm_to_cbuf_multi_nd2nz_b16EPtS0_mm] -> 0xffff9e86f08c
cceprint: [_ZN8cceprint31copy_gm_to_cbuf_multi_nd2nz_b16EPtS0_htttttttt] -> 0xffff9e86f254
cceprint: [_ZN8cceprint32copy_gm_to_cbuf_multi_nd2nz_b32sEPfS0_mm] -> 0xffff9e86f5a8
cceprint: [_ZN8cceprint32copy_gm_to_cbuf_multi_nd2nz_b32sEPfS0_htttttttt] -> 0xffff9e86f770
cceprint: [_ZN8cceprint32copy_gm_to_cbuf_multi_nd2nz_b32sEPiS0_mm] -> 0xffff9e86fac4
cceprint: [_ZN8cceprint32copy_gm_to_cbuf_multi_nd2nz_b32sEPiS0_htttttttt] -> 0xffff9e86fc8c
cceprint: [_ZN8cceprint32copy_gm_to_cbuf_multi_nd2nz_b32sEPjS0_mm] -> 0xffff9e86ffe0
cceprint: [_ZN8cceprint32copy_gm_to_cbuf_multi_nd2nz_b32sEPjS0_htttttttt] -> 0xffff9e8701a8
cceprint: [_ZN8cceprint30copy_gm_to_cbuf_multi_nd2nz_b8EPaS0_mm] -> 0xffff9e8704fc
cceprint: [_ZN8cceprint30copy_gm_to_cbuf_multi_nd2nz_b8EPaS0_htttttttt] -> 0xffff9e8706c4
cceprint: [_ZN8cceprint30copy_gm_to_cbuf_multi_nd2nz_b8EPhS0_mm] -> 0xffff9e870a18
cceprint: [_ZN8cceprint30copy_gm_to_cbuf_multi_nd2nz_b8EPhS0_htttttttt] -> 0xffff9e870be0
cceprint: [_ZN8cceprint15copy_gm_to_ubufEPvS0_m] -> 0xffff9e870f34
cceprint: [_ZN8cceprint15copy_gm_to_ubufEPvS0_htttt] -> 0xffff9e8710b4
cceprint: [_ZN8cceprint25copy_gm_to_ubuf_align_b16EPvS0_mm] -> 0xffff9e871324
cceprint: [_ZN8cceprint25copy_gm_to_ubuf_align_b16EPvS0_htjhhjj] -> 0xffff9e8714ec
cceprint: [_ZN8cceprint25copy_gm_to_ubuf_align_b32EPvS0_mm] -> 0xffff9e8717e8
cceprint: [_ZN8cceprint25copy_gm_to_ubuf_align_b32EPvS0_htjhhjj] -> 0xffff9e8719b0
cceprint: [_ZN8cceprint24copy_gm_to_ubuf_align_b8EPvS0_mm] -> 0xffff9e871cac
cceprint: [_ZN8cceprint24copy_gm_to_ubuf_align_b8EPvS0_htjhhjj] -> 0xffff9e871e74
cceprint: [_ZN8cceprint21copy_gm_to_ubuf_alignEPaS0_htjhhjj] -> 0xffff9e872170
cceprint: [_ZN8cceprint21copy_gm_to_ubuf_alignEPhS0_htjhhjj] -> 0xffff9e87246c
cceprint: [_ZN8cceprint21copy_gm_to_ubuf_alignEPsS0_htjhhjj] -> 0xffff9e872768
cceprint: [_ZN8cceprint21copy_gm_to_ubuf_alignEPtS0_htjhhjj] -> 0xffff9e872a64
cceprint: [_ZN8cceprint21copy_gm_to_ubuf_alignEPN7float165Fp16TES2_htjhhjj] -> 0xffff9e872d60
cceprint: [_ZN8cceprint21copy_gm_to_ubuf_alignEPiS0_htjhhjj] -> 0xffff9e87305c
cceprint: [_ZN8cceprint21copy_gm_to_ubuf_alignEPjS0_htjhhjj] -> 0xffff9e873358
cceprint: [_ZN8cceprint21copy_gm_to_ubuf_alignEPfS0_htjhhjj] -> 0xffff9e873654
cceprint: [_ZN8cceprint23copy_gm_to_ubuf_pad_b16EPvS0_mm] -> 0xffff9e873950
cceprint: [_ZN8cceprint23copy_gm_to_ubuf_pad_b16EPvS0_htttthh] -> 0xffff9e873b18
cceprint: [_ZN8cceprint23copy_gm_to_ubuf_pad_b32EPvS0_mm] -> 0xffff9e873e14
cceprint: [_ZN8cceprint23copy_gm_to_ubuf_pad_b32EPvS0_htttthh] -> 0xffff9e873fdc
cceprint: [_ZN8cceprint22copy_gm_to_ubuf_pad_b8EPvS0_mm] -> 0xffff9e8742d8
cceprint: [_ZN8cceprint22copy_gm_to_ubuf_pad_b8EPvS0_htttthh] -> 0xffff9e8744a0
cceprint: [_ZN8cceprint22copy_matrix_cbuf_to_ccEPN7float165Fp16TES2_m] -> 0xffff9e87479c
cceprint: [_ZN8cceprint22copy_matrix_cbuf_to_ccEPN7float165Fp16TES2_tttt] -> 0xffff9e8748a4
cceprint: [_ZN8cceprint22copy_matrix_cbuf_to_ccEPN7float165Fp16TEPfm] -> 0xffff9e874a54
cceprint: [_ZN8cceprint22copy_matrix_cbuf_to_ccEPN7float165Fp16TEPftttt] -> 0xffff9e874b5c
cceprint: [_ZN8cceprint22copy_matrix_cbuf_to_ccEPN8bfloat165Bf16TES2_m] -> 0xffff9e874d0c
cceprint: [_ZN8cceprint22copy_matrix_cbuf_to_ccEPN8bfloat165Bf16TES2_tttt] -> 0xffff9e874e14
cceprint: [_ZN8cceprint22copy_matrix_cbuf_to_ccEPN8bfloat165Bf16TEPfm] -> 0xffff9e874fc4
cceprint: [_ZN8cceprint22copy_matrix_cbuf_to_ccEPN8bfloat165Bf16TEPftttt] -> 0xffff9e8750cc
cceprint: [_ZN8cceprint22copy_matrix_cbuf_to_ccEPfS0_m] -> 0xffff9e87527c
cceprint: [_ZN8cceprint22copy_matrix_cbuf_to_ccEPfS0_tttt] -> 0xffff9e875384
cceprint: [_ZN8cceprint22copy_matrix_cbuf_to_ccEPiS0_m] -> 0xffff9e875534
cceprint: [_ZN8cceprint22copy_matrix_cbuf_to_ccEPiS0_tttt] -> 0xffff9e87563c
cceprint: [_ZN8cceprint22copy_matrix_cbuf_to_ccEPjS0_m] -> 0xffff9e8757ec
cceprint: [_ZN8cceprint22copy_matrix_cbuf_to_ccEPjS0_tttt] -> 0xffff9e8758f4
cceprint: [_ZN8cceprint22copy_matrix_cc_to_cbufEPN7float165Fp16TEPfmm] -> 0xffff9e875aa4
cceprint: [_ZN8cceprint22copy_matrix_cc_to_cbufEPN7float165Fp16TEPfhttjthh11QuantMode_thbbb] -> 0xffff9e875bf4
cceprint: [_ZN8cceprint22copy_matrix_cc_to_cbufEPN7float165Fp16TEPfhttjthh11QuantMode_thbb14QuantMode_posthbhhb] -> 0xffff9e875fa8
cceprint: [_ZN8cceprint22copy_matrix_cc_to_cbufEPN7float165Fp16TEPfhttjth11QuantMode_thbb] -> 0xffff9e8764a4
cceprint: [_ZN8cceprint22copy_matrix_cc_to_cbufEPN8bfloat165Bf16TEPfhttjth11QuantMode_thbb] -> 0xffff9e8767dc
cceprint: [_ZN8cceprint22copy_matrix_cc_to_cbufEPN8bfloat165Bf16TEPfhttjthh11QuantMode_thbbb] -> 0xffff9e876b14
cceprint: [_ZN8cceprint22copy_matrix_cc_to_cbufEPfS0_mm] -> 0xffff9e876ec8
cceprint: [_ZN8cceprint22copy_matrix_cc_to_cbufEPaPfmm] -> 0xffff9e877018
cceprint: [_ZN8cceprint22copy_matrix_cc_to_cbufEPaPfhttjthh11QuantMode_thbbb] -> 0xffff9e877168
cceprint: [_ZN8cceprint22copy_matrix_cc_to_cbufEPaPfhttjthh11QuantMode_thbb14QuantMode_posthbhhb] -> 0xffff9e87751c
cceprint: [_ZN8cceprint22copy_matrix_cc_to_cbufEPaPfhttjth11QuantMode_thbb] -> 0xffff9e877a18
cceprint: [_ZN8cceprint22copy_matrix_cc_to_cbufEPhPfmm] -> 0xffff9e877d50
cceprint: [_ZN8cceprint22copy_matrix_cc_to_cbufEPhPfhttjthh11QuantMode_thbbb] -> 0xffff9e877ea0
cceprint: [_ZN8cceprint22copy_matrix_cc_to_cbufEPhPfhttjthh11QuantMode_thbb14QuantMode_posthbhhb] -> 0xffff9e878254
cceprint: [_ZN8cceprint22copy_matrix_cc_to_cbufEPfS0_httjthh11QuantMode_thbbb] -> 0xffff9e878750
cceprint: [_ZN8cceprint22copy_matrix_cc_to_cbufEPfS0_httjthh11QuantMode_thbb14QuantMode_posthbhhb] -> 0xffff9e878b04
cceprint: [_ZN8cceprint22copy_matrix_cc_to_cbufEPiS0_mm] -> 0xffff9e879000
cceprint: [_ZN8cceprint22copy_matrix_cc_to_cbufEPN7float165Fp16TEPimm] -> 0xffff9e879150
cceprint: [_ZN8cceprint22copy_matrix_cc_to_cbufEPN7float165Fp16TEPihttjthh11QuantMode_thbbb] -> 0xffff9e8792a0
cceprint: [_ZN8cceprint22copy_matrix_cc_to_cbufEPN7float165Fp16TEPihttjthh11QuantMode_thbb14QuantMode_posthbhhb] -> 0xffff9e879654
cceprint: [_ZN8cceprint22copy_matrix_cc_to_cbufEPN7float165Fp16TEPihttjth11QuantMode_thbb] -> 0xffff9e879b50
cceprint: [_ZN8cceprint22copy_matrix_cc_to_cbufEPsPimm] -> 0xffff9e879e88
cceprint: [_ZN8cceprint22copy_matrix_cc_to_cbufEPsPihttjth11QuantMode_thbb] -> 0xffff9e879fd8
cceprint: [_ZN8cceprint22copy_matrix_cc_to_cbufEPaPimm] -> 0xffff9e87a310
cceprint: [_ZN8cceprint22copy_matrix_cc_to_cbufEPaPihttjthh11QuantMode_thbbb] -> 0xffff9e87a460
cceprint: [_ZN8cceprint22copy_matrix_cc_to_cbufEPaPihttjthh11QuantMode_thbb14QuantMode_posthbhhb] -> 0xffff9e87a814
cceprint: [_ZN8cceprint22copy_matrix_cc_to_cbufEPaPihttjth11QuantMode_thbb] -> 0xffff9e87ad10
cceprint: [_ZN8cceprint22copy_matrix_cc_to_cbufEPhPimm] -> 0xffff9e87b048
cceprint: [_ZN8cceprint22copy_matrix_cc_to_cbufEPhPihttjthh11QuantMode_thbbb] -> 0xffff9e87b198
cceprint: [_ZN8cceprint22copy_matrix_cc_to_cbufEPhPihttjthh11QuantMode_thbb14QuantMode_posthbhhb] -> 0xffff9e87b54c
cceprint: [_ZN8cceprint22copy_matrix_cc_to_cbufEPhPihttjth11QuantMode_thbb] -> 0xffff9e87ba48
cceprint: [_ZN8cceprint22copy_matrix_cc_to_cbufEPiS0_httjthh11QuantMode_thbbb] -> 0xffff9e87bd80
cceprint: [_ZN8cceprint22copy_matrix_cc_to_cbufEPiS0_httjthh11QuantMode_thbb14QuantMode_posthbhhb] -> 0xffff9e87c134
cceprint: [_ZN8cceprint25copy_matrix_cc_to_cbuf_b4EPvPfmm] -> 0xffff9e87c630
cceprint: [_ZN8cceprint25copy_matrix_cc_to_cbuf_b4EPvPfhttjth11QuantMode_thbb] -> 0xffff9e87c780
cceprint: [_ZN8cceprint25copy_matrix_cc_to_cbuf_b4EPvPimm] -> 0xffff9e87cab8
cceprint: [_ZN8cceprint25copy_matrix_cc_to_cbuf_b4EPvPihttjth11QuantMode_thbb] -> 0xffff9e87cc08
cceprint: [_ZN8cceprint27copy_matrix_cc_to_cbuf_bf16EPtPfmm] -> 0xffff9e87cf40
cceprint: [_ZN8cceprint27copy_matrix_cc_to_cbuf_bf16EPtPfhttjthh11QuantMode_thbbb] -> 0xffff9e87d090
cceprint: [_ZN8cceprint27copy_matrix_cc_to_cbuf_bf16EPtPfhttjthh11QuantMode_thbb14QuantMode_posthbhhb] -> 0xffff9e87d444
cceprint: [_ZN8cceprint27copy_matrix_cc_to_cbuf_bf16EPtPfhttjth11QuantMode_thbb] -> 0xffff9e87d940
cceprint: [_ZN8cceprint25copy_matrix_cc_to_cbuf_s4EPvPfmm] -> 0xffff9e87dc78
cceprint: [_ZN8cceprint25copy_matrix_cc_to_cbuf_s4EPvPfhttjthh11QuantMode_thbbb] -> 0xffff9e87ddc8
cceprint: [_ZN8cceprint25copy_matrix_cc_to_cbuf_s4EPvPfhttjthh11QuantMode_thbb14QuantMode_posthbhhb] -> 0xffff9e87e17c
cceprint: [_ZN8cceprint25copy_matrix_cc_to_cbuf_s4EPvPimm] -> 0xffff9e87e678
cceprint: [_ZN8cceprint25copy_matrix_cc_to_cbuf_s4EPvPihttjthh11QuantMode_thbbb] -> 0xffff9e87e7c8
cceprint: [_ZN8cceprint25copy_matrix_cc_to_cbuf_s4EPvPihttjthh11QuantMode_thbb14QuantMode_posthbhhb] -> 0xffff9e87eb7c
cceprint: [_ZN8cceprint20copy_matrix_cc_to_gmEPN7float165Fp16TEPfmm] -> 0xffff9e87f078
cceprint: [_ZN8cceprint20copy_matrix_cc_to_gmEPN7float165Fp16TEPfhttjthh11QuantMode_thbbb] -> 0xffff9e87f240
cceprint: [_ZN8cceprint20copy_matrix_cc_to_gmEPN7float165Fp16TEPfhttjthh11QuantMode_thbb14QuantMode_posthbhhb] -> 0xffff9e87f66c
cceprint: [_ZN8cceprint20copy_matrix_cc_to_gmEPN7float165Fp16TEPfhttjth11QuantMode_thbb] -> 0xffff9e87fbe0
cceprint: [_ZN8cceprint20copy_matrix_cc_to_gmEPfS0_mm] -> 0xffff9e87ff90
cceprint: [_ZN8cceprint20copy_matrix_cc_to_gmEPaPfmm] -> 0xffff9e880158
cceprint: [_ZN8cceprint20copy_matrix_cc_to_gmEPaPfhttjthh11QuantMode_thbbb] -> 0xffff9e880320
cceprint: [_ZN8cceprint20copy_matrix_cc_to_gmEPaPfhttjthh11QuantMode_thbb14QuantMode_posthbhhb] -> 0xffff9e88074c
cceprint: [_ZN8cceprint20copy_matrix_cc_to_gmEPaPfhttjth11QuantMode_thbb] -> 0xffff9e880cc0
cceprint: [_ZN8cceprint20copy_matrix_cc_to_gmEPhPfmm] -> 0xffff9e881070
cceprint: [_ZN8cceprint20copy_matrix_cc_to_gmEPhPfhttjthh11QuantMode_thbbb] -> 0xffff9e881238
cceprint: [_ZN8cceprint20copy_matrix_cc_to_gmEPhPfhttjthh11QuantMode_thbb14QuantMode_posthbhhb] -> 0xffff9e881664
cceprint: [_ZN8cceprint20copy_matrix_cc_to_gmEPhPfhttjth11QuantMode_thbb] -> 0xffff9e881bd8
cceprint: [_ZN8cceprint20copy_matrix_cc_to_gmEPfS0_httjthh11QuantMode_thbbb] -> 0xffff9e881f88
cceprint: [_ZN8cceprint20copy_matrix_cc_to_gmEPfS0_httjthh11QuantMode_thbb14QuantMode_posthbhhb] -> 0xffff9e8823b4
cceprint: [_ZN8cceprint20copy_matrix_cc_to_gmEPfS0_httjth11QuantMode_thbb] -> 0xffff9e882928
cceprint: [_ZN8cceprint20copy_matrix_cc_to_gmEPiS0_mm] -> 0xffff9e882cd8
cceprint: [_ZN8cceprint20copy_matrix_cc_to_gmEPN7float165Fp16TEPimm] -> 0xffff9e882ea0
cceprint: [_ZN8cceprint20copy_matrix_cc_to_gmEPN7float165Fp16TEPihttjthh11QuantMode_thbbb] -> 0xffff9e883068
cceprint: [_ZN8cceprint20copy_matrix_cc_to_gmEPN7float165Fp16TEPihttjthh11QuantMode_thbb14QuantMode_posthbhhb] -> 0xffff9e883494
cceprint: [_ZN8cceprint20copy_matrix_cc_to_gmEPN7float165Fp16TEPihttjth11QuantMode_thbb] -> 0xffff9e883a08
cceprint: [_ZN8cceprint20copy_matrix_cc_to_gmEPsPimm] -> 0xffff9e883db8
cceprint: [_ZN8cceprint20copy_matrix_cc_to_gmEPsPihttjth11QuantMode_thbb] -> 0xffff9e883f80
cceprint: [_ZN8cceprint20copy_matrix_cc_to_gmEPaPimm] -> 0xffff9e884330
cceprint: [_ZN8cceprint20copy_matrix_cc_to_gmEPaPihttjthh11QuantMode_thbbb] -> 0xffff9e8844f8
cceprint: [_ZN8cceprint20copy_matrix_cc_to_gmEPaPihttjthh11QuantMode_thbb14QuantMode_posthbhhb] -> 0xffff9e884924
cceprint: [_ZN8cceprint20copy_matrix_cc_to_gmEPaPihttjth11QuantMode_thbb] -> 0xffff9e884e98
cceprint: [_ZN8cceprint20copy_matrix_cc_to_gmEPhPimm] -> 0xffff9e885248
cceprint: [_ZN8cceprint20copy_matrix_cc_to_gmEPhPihttjthh11QuantMode_thbbb] -> 0xffff9e885410
cceprint: [_ZN8cceprint20copy_matrix_cc_to_gmEPhPihttjthh11QuantMode_thbb14QuantMode_posthbhhb] -> 0xffff9e88583c
cceprint: [_ZN8cceprint20copy_matrix_cc_to_gmEPhPihttjth11QuantMode_thbb] -> 0xffff9e885db0
cceprint: [_ZN8cceprint20copy_matrix_cc_to_gmEPiS0_httjthh11QuantMode_thbbb] -> 0xffff9e886160
cceprint: [_ZN8cceprint20copy_matrix_cc_to_gmEPiS0_httjthh11QuantMode_thbb14QuantMode_posthbhhb] -> 0xffff9e88658c
cceprint: [_ZN8cceprint20copy_matrix_cc_to_gmEPiS0_httjth11QuantMode_thbb] -> 0xffff9e886b00
cceprint: [_ZN8cceprint20copy_matrix_cc_to_gmEPN8bfloat165Bf16TEPfhttjth11QuantMode_thbb] -> 0xffff9e886eb0
cceprint: [_ZN8cceprint20copy_matrix_cc_to_gmEPN8bfloat165Bf16TEPfhttjthh11QuantMode_thbbb] -> 0xffff9e887260
cceprint: [_ZN8cceprint23copy_matrix_cc_to_gm_b4EPvPfmm] -> 0xffff9e88768c
cceprint: [_ZN8cceprint23copy_matrix_cc_to_gm_b4EPvPfhttjth11QuantMode_thbb] -> 0xffff9e887854
cceprint: [_ZN8cceprint23copy_matrix_cc_to_gm_b4EPvPimm] -> 0xffff9e887c04
cceprint: [_ZN8cceprint23copy_matrix_cc_to_gm_b4EPvPihttjth11QuantMode_thbb] -> 0xffff9e887dcc
cceprint: [_ZN8cceprint25copy_matrix_cc_to_gm_bf16EPtPfmm] -> 0xffff9e88817c
cceprint: [_ZN8cceprint25copy_matrix_cc_to_gm_bf16EPtPfhttjthh11QuantMode_thbbb] -> 0xffff9e888344
cceprint: [_ZN8cceprint25copy_matrix_cc_to_gm_bf16EPtPfhttjthh11QuantMode_thbb14QuantMode_posthbhhb] -> 0xffff9e888770
cceprint: [_ZN8cceprint25copy_matrix_cc_to_gm_bf16EPtPfhttjth11QuantMode_thbb] -> 0xffff9e888ce4
cceprint: [_ZN8cceprint23copy_matrix_cc_to_gm_s4EPvPfmm] -> 0xffff9e889094
cceprint: [_ZN8cceprint23copy_matrix_cc_to_gm_s4EPvPfhttjthh11QuantMode_thbbb] -> 0xffff9e88925c
cceprint: [_ZN8cceprint23copy_matrix_cc_to_gm_s4EPvPfhttjthh11QuantMode_thbb14QuantMode_posthbhhb] -> 0xffff9e889688
cceprint: [_ZN8cceprint23copy_matrix_cc_to_gm_s4EPvPimm] -> 0xffff9e889bfc
cceprint: [_ZN8cceprint23copy_matrix_cc_to_gm_s4EPvPihttjthh11QuantMode_thbbb] -> 0xffff9e889dc4
cceprint: [_ZN8cceprint23copy_matrix_cc_to_gm_s4EPvPihttjthh11QuantMode_thbb14QuantMode_posthbhhb] -> 0xffff9e88a1f0
cceprint: [_ZN8cceprint20copy_matrix_cc_to_ubEPN7float165Fp16TEPfmm] -> 0xffff9e88a764
cceprint: [_ZN8cceprint20copy_matrix_cc_to_ubEPN7float165Fp16TEPfhttjthh11QuantMode_thbbb] -> 0xffff9e88a8b4
cceprint: [_ZN8cceprint20copy_matrix_cc_to_ubEPN8bfloat165Bf16TEPfhttjthh11QuantMode_thbbb] -> 0xffff9e88ac68
cceprint: [_ZN8cceprint20copy_matrix_cc_to_ubEPN7float165Fp16TEPfhttjthh11QuantMode_thbb14QuantMode_posthbhhb] -> 0xffff9e88b01c
cceprint: [_ZN8cceprint20copy_matrix_cc_to_ubEPaPfmm] -> 0xffff9e88b518
cceprint: [_ZN8cceprint20copy_matrix_cc_to_ubEPaPfhttjthh11QuantMode_thbbb] -> 0xffff9e88b668
cceprint: [_ZN8cceprint20copy_matrix_cc_to_ubEPaPfhttjthh11QuantMode_thbb14QuantMode_posthbhhb] -> 0xffff9e88ba1c
cceprint: [_ZN8cceprint20copy_matrix_cc_to_ubEPhPfmm] -> 0xffff9e88bf18
cceprint: [_ZN8cceprint20copy_matrix_cc_to_ubEPhPfhttjthh11QuantMode_thbbb] -> 0xffff9e88c068
cceprint: [_ZN8cceprint20copy_matrix_cc_to_ubEPhPfhttjthh11QuantMode_thbb14QuantMode_posthbhhb] -> 0xffff9e88c41c
cceprint: [_ZN8cceprint20copy_matrix_cc_to_ubEPfS0_mm] -> 0xffff9e88c918
cceprint: [_ZN8cceprint20copy_matrix_cc_to_ubEPfS0_httjthh11QuantMode_thbbb] -> 0xffff9e88ca68
cceprint: [_ZN8cceprint20copy_matrix_cc_to_ubEPfS0_httjthh11QuantMode_thbb14QuantMode_posthbhhb] -> 0xffff9e88ce1c
cceprint: [_ZN8cceprint20copy_matrix_cc_to_ubEPN7float165Fp16TEPimm] -> 0xffff9e88d318
cceprint: [_ZN8cceprint20copy_matrix_cc_to_ubEPN7float165Fp16TEPihttjthh11QuantMode_thbbb] -> 0xffff9e88d468
cceprint: [_ZN8cceprint20copy_matrix_cc_to_ubEPN7float165Fp16TEPihttjthh11QuantMode_thbb14QuantMode_posthbhhb] -> 0xffff9e88d81c
cceprint: [_ZN8cceprint20copy_matrix_cc_to_ubEPaPimm] -> 0xffff9e88dd18
cceprint: [_ZN8cceprint20copy_matrix_cc_to_ubEPaPihttjthh11QuantMode_thbbb] -> 0xffff9e88de68
cceprint: [_ZN8cceprint20copy_matrix_cc_to_ubEPaPihttjthh11QuantMode_thbb14QuantMode_posthbhhb] -> 0xffff9e88e21c
cceprint: [_ZN8cceprint20copy_matrix_cc_to_ubEPhPimm] -> 0xffff9e88e718
cceprint: [_ZN8cceprint20copy_matrix_cc_to_ubEPhPihttjthh11QuantMode_thbbb] -> 0xffff9e88e868
cceprint: [_ZN8cceprint20copy_matrix_cc_to_ubEPhPihttjthh11QuantMode_thbb14QuantMode_posthbhhb] -> 0xffff9e88ec1c
cceprint: [_ZN8cceprint20copy_matrix_cc_to_ubEPiS0_mm] -> 0xffff9e88f118
cceprint: [_ZN8cceprint20copy_matrix_cc_to_ubEPiS0_httjthh11QuantMode_thbbb] -> 0xffff9e88f268
cceprint: [_ZN8cceprint20copy_matrix_cc_to_ubEPiS0_httjthh11QuantMode_thbb14QuantMode_posthbhhb] -> 0xffff9e88f61c
cceprint: [_ZN8cceprint25copy_matrix_cc_to_ub_bf16EPtPfmm] -> 0xffff9e88fb18
cceprint: [_ZN8cceprint25copy_matrix_cc_to_ub_bf16EPtPfhttjthh11QuantMode_thbbb] -> 0xffff9e88fc68
cceprint: [_ZN8cceprint25copy_matrix_cc_to_ub_bf16EPtPfhttjthh11QuantMode_thbb14QuantMode_posthbhhb] -> 0xffff9e89001c
cceprint: [_ZN8cceprint23copy_matrix_cc_to_ub_s4EPvPfmm] -> 0xffff9e890518
cceprint: [_ZN8cceprint23copy_matrix_cc_to_ub_s4EPvPfhttjthh11QuantMode_thbbb] -> 0xffff9e890668
cceprint: [_ZN8cceprint23copy_matrix_cc_to_ub_s4EPvPfhttjthh11QuantMode_thbb14QuantMode_posthbhhb] -> 0xffff9e890a1c
cceprint: [_ZN8cceprint23copy_matrix_cc_to_ub_s4EPvPimm] -> 0xffff9e890f18
cceprint: [_ZN8cceprint23copy_matrix_cc_to_ub_s4EPvPihttjthh11QuantMode_thbbb] -> 0xffff9e891068
cceprint: [_ZN8cceprint23copy_matrix_cc_to_ub_s4EPvPihttjthh11QuantMode_thbb14QuantMode_posthbhhb] -> 0xffff9e89141c
cceprint: [_ZN8cceprint22copy_matrix_cc_to_ubufEPN7float165Fp16TES2_m10ConvRelu_t] -> 0xffff9e891918
cceprint: [_ZN8cceprint22copy_matrix_cc_to_ubufEPN7float165Fp16TES2_htttt10ConvRelu_t] -> 0xffff9e891a68
cceprint: [_ZN8cceprint22copy_matrix_cc_to_ubufEPN7float165Fp16TEPfm10ConvRelu_t] -> 0xffff9e891ca8
cceprint: [_ZN8cceprint22copy_matrix_cc_to_ubufEPN7float165Fp16TEPfhtttt10ConvRelu_t] -> 0xffff9e891df8
cceprint: [_ZN8cceprint22copy_matrix_cc_to_ubufEPfS0_m10ConvRelu_t] -> 0xffff9e892038
cceprint: [_ZN8cceprint22copy_matrix_cc_to_ubufEPfS0_htttt10ConvRelu_t] -> 0xffff9e892188
cceprint: [_ZN8cceprint22copy_matrix_cc_to_ubufEPN7float165Fp16TEPim10ConvRelu_t] -> 0xffff9e8923c8
cceprint: [_ZN8cceprint22copy_matrix_cc_to_ubufEPN7float165Fp16TEPihtttt10ConvRelu_t] -> 0xffff9e892518
cceprint: [_ZN8cceprint22copy_matrix_cc_to_ubufEPsPim10ConvRelu_t] -> 0xffff9e892758
cceprint: [_ZN8cceprint22copy_matrix_cc_to_ubufEPsPihtttt10ConvRelu_t] -> 0xffff9e8928a8
cceprint: [_ZN8cceprint22copy_matrix_cc_to_ubufEPiS0_m10ConvRelu_t] -> 0xffff9e892ae8
cceprint: [_ZN8cceprint22copy_matrix_cc_to_ubufEPiS0_htttt10ConvRelu_t] -> 0xffff9e892c38
cceprint: [_ZN8cceprint22copy_matrix_cc_to_ubufEPaPim10ConvRelu_t] -> 0xffff9e892e78
cceprint: [_ZN8cceprint22copy_matrix_cc_to_ubufEPaPihtttt10ConvRelu_t] -> 0xffff9e892fc8
cceprint: [_ZN8cceprint22copy_matrix_cc_to_ubufEPjS0_m10ConvRelu_t] -> 0xffff9e893208
cceprint: [_ZN8cceprint22copy_matrix_cc_to_ubufEPjS0_htttt10ConvRelu_t] -> 0xffff9e893358
cceprint: [_ZN8cceprint22copy_matrix_cc_to_ubufEPhPim10ConvRelu_t] -> 0xffff9e893598
cceprint: [_ZN8cceprint22copy_matrix_cc_to_ubufEPhPihtttt10ConvRelu_t] -> 0xffff9e8936e8
cceprint: [_ZN8cceprint22copy_matrix_ubuf_to_ccEPN7float165Fp16TES2_m10ConvRelu_t] -> 0xffff9e893928
cceprint: [_ZN8cceprint22copy_matrix_ubuf_to_ccEPN7float165Fp16TES2_htttt10ConvRelu_t] -> 0xffff9e893a78
cceprint: [_ZN8cceprint22copy_matrix_ubuf_to_ccEPfS0_m10ConvRelu_t] -> 0xffff9e893cb8
cceprint: [_ZN8cceprint22copy_matrix_ubuf_to_ccEPfS0_htttt10ConvRelu_t] -> 0xffff9e893e08
cceprint: [_ZN8cceprint22copy_matrix_ubuf_to_ccEPfPN7float165Fp16TEm10ConvRelu_t] -> 0xffff9e894048
cceprint: [_ZN8cceprint22copy_matrix_ubuf_to_ccEPfPN7float165Fp16TEhtttt10ConvRelu_t] -> 0xffff9e894198
cceprint: [_ZN8cceprint22copy_matrix_ubuf_to_ccEPiS0_m10ConvRelu_t] -> 0xffff9e8943d8
cceprint: [_ZN8cceprint22copy_matrix_ubuf_to_ccEPiS0_htttt10ConvRelu_t] -> 0xffff9e894528
cceprint: [_ZN8cceprint22copy_matrix_ubuf_to_ccEPjS0_m10ConvRelu_t] -> 0xffff9e894768
cceprint: [_ZN8cceprint22copy_matrix_ubuf_to_ccEPjS0_htttt10ConvRelu_t] -> 0xffff9e8948b8
cceprint: [_ZN8cceprint28copy_small_matrix_cc_to_ubufEPN7float165Fp16TEPim10ConvRelu_t] -> 0xffff9e894af8
cceprint: [_ZN8cceprint28copy_small_matrix_cc_to_ubufEPN7float165Fp16TEPihtttt10ConvRelu_t] -> 0xffff9e894c48
cceprint: [_ZN8cceprint28copy_small_matrix_cc_to_ubufEPsPim10ConvRelu_t] -> 0xffff9e894e88
cceprint: [_ZN8cceprint28copy_small_matrix_cc_to_ubufEPsPihtttt10ConvRelu_t] -> 0xffff9e894fd8
cceprint: [_ZN8cceprint28copy_small_matrix_cc_to_ubufEPiS0_m10ConvRelu_t] -> 0xffff9e895218
cceprint: [_ZN8cceprint28copy_small_matrix_cc_to_ubufEPiS0_htttt10ConvRelu_t] -> 0xffff9e895368
cceprint: [_ZN8cceprint28copy_small_matrix_cc_to_ubufEPaPim10ConvRelu_t] -> 0xffff9e8955a8
cceprint: [_ZN8cceprint28copy_small_matrix_cc_to_ubufEPaPihtttt10ConvRelu_t] -> 0xffff9e8956f8
cceprint: [_ZN8cceprint28copy_small_matrix_cc_to_ubufEPjS0_m10ConvRelu_t] -> 0xffff9e895938
cceprint: [_ZN8cceprint28copy_small_matrix_cc_to_ubufEPjS0_htttt10ConvRelu_t] -> 0xffff9e895a88
cceprint: [_ZN8cceprint28copy_small_matrix_cc_to_ubufEPhPim10ConvRelu_t] -> 0xffff9e895cc8
cceprint: [_ZN8cceprint28copy_small_matrix_cc_to_ubufEPhPihtttt10ConvRelu_t] -> 0xffff9e895e18
cceprint: [_ZN8cceprint28copy_small_matrix_ubuf_to_ccEPiS0_m10ConvRelu_t] -> 0xffff9e896058
cceprint: [_ZN8cceprint28copy_small_matrix_ubuf_to_ccEPiS0_htttt10ConvRelu_t] -> 0xffff9e8961a8
cceprint: [_ZN8cceprint28copy_small_matrix_ubuf_to_ccEPjS0_m10ConvRelu_t] -> 0xffff9e8963e8
cceprint: [_ZN8cceprint28copy_small_matrix_ubuf_to_ccEPjS0_htttt10ConvRelu_t] -> 0xffff9e896538
cceprint: [_ZN8cceprint17copy_ubuf_to_cbufEPvS0_m] -> 0xffff9e896778
cceprint: [_ZN8cceprint17copy_ubuf_to_cbufEPvS0_htttt] -> 0xffff9e896880
cceprint: [_ZN8cceprint17copy_ubuf_to_fbufEPvS0_m] -> 0xffff9e896a78
cceprint: [_ZN8cceprint17copy_ubuf_to_fbufEPvS0_9CvtMode_ttttt] -> 0xffff9e896b80
cceprint: [_ZN8cceprint15copy_ubuf_to_gmEPvS0_m] -> 0xffff9e896d78
cceprint: [_ZN8cceprint15copy_ubuf_to_gmEPvS0_m4bm_t] -> 0xffff9e896ef8
cceprint: [_ZN8cceprint15copy_ubuf_to_gmEPvS0_htttt4bm_t] -> 0xffff9e8970c0
cceprint: [_ZN8cceprint15copy_ubuf_to_gmEPvS0_htttt] -> 0xffff9e897378
cceprint: [_ZN8cceprint25copy_ubuf_to_gm_align_b16EPvS0_mm] -> 0xffff9e8975e8
cceprint: [_ZN8cceprint25copy_ubuf_to_gm_align_b16EPvS0_htjhhjj] -> 0xffff9e8977b0
cceprint: [_ZN8cceprint25copy_ubuf_to_gm_align_b32EPvS0_mm] -> 0xffff9e897aac
cceprint: [_ZN8cceprint25copy_ubuf_to_gm_align_b32EPvS0_htjhhjj] -> 0xffff9e897c74
cceprint: [_ZN8cceprint24copy_ubuf_to_gm_align_b8EPvS0_mm] -> 0xffff9e897f70
cceprint: [_ZN8cceprint24copy_ubuf_to_gm_align_b8EPvS0_htjhhjj] -> 0xffff9e898138
cceprint: [_ZN8cceprint21copy_ubuf_to_gm_alignEPaS0_htjjj] -> 0xffff9e898434
cceprint: [_ZN8cceprint21copy_ubuf_to_gm_alignEPhS0_htjjj] -> 0xffff9e8986a4
cceprint: [_ZN8cceprint21copy_ubuf_to_gm_alignEPsS0_htjjj] -> 0xffff9e898914
cceprint: [_ZN8cceprint21copy_ubuf_to_gm_alignEPtS0_htjjj] -> 0xffff9e898b84
cceprint: [_ZN8cceprint21copy_ubuf_to_gm_alignEPN7float165Fp16TES2_htjjj] -> 0xffff9e898df4
cceprint: [_ZN8cceprint21copy_ubuf_to_gm_alignEPiS0_htjjj] -> 0xffff9e899064
cceprint: [_ZN8cceprint21copy_ubuf_to_gm_alignEPjS0_htjjj] -> 0xffff9e8992d4
cceprint: [_ZN8cceprint21copy_ubuf_to_gm_alignEPfS0_htjjj] -> 0xffff9e899544
cceprint: [_ZN8cceprint23copy_ubuf_to_gm_pad_b16EPvS0_mm] -> 0xffff9e8997b4
cceprint: [_ZN8cceprint23copy_ubuf_to_gm_pad_b16EPvS0_htttthh] -> 0xffff9e89997c
cceprint: [_ZN8cceprint23copy_ubuf_to_gm_pad_b32EPvS0_mm] -> 0xffff9e899c78
cceprint: [_ZN8cceprint23copy_ubuf_to_gm_pad_b32EPvS0_htttthh] -> 0xffff9e899e40
cceprint: [_ZN8cceprint22copy_ubuf_to_gm_pad_b8EPvS0_mm] -> 0xffff9e89a13c
cceprint: [_ZN8cceprint22copy_ubuf_to_gm_pad_b8EPvS0_htttthh] -> 0xffff9e89a304
cceprint: [_ZN8cceprint17copy_ubuf_to_ubufEPvS0_m] -> 0xffff9e89a600
cceprint: [_ZN8cceprint17copy_ubuf_to_ubufEPvS0_htttt] -> 0xffff9e89a708
cceprint: [_ZN8cceprint22copy_vector_cc_to_ubufEPN7float165Fp16TES2_m10ConvRelu_t] -> 0xffff9e89a900
cceprint: [_ZN8cceprint22copy_vector_cc_to_ubufEPN7float165Fp16TES2_htttt10ConvRelu_t] -> 0xffff9e89aa50
cceprint: [_ZN8cceprint22copy_vector_cc_to_ubufEPN7float165Fp16TEPfm10ConvRelu_t] -> 0xffff9e89ac90
cceprint: [_ZN8cceprint22copy_vector_cc_to_ubufEPN7float165Fp16TEPfhtttt10ConvRelu_t] -> 0xffff9e89ade0
cceprint: [_ZN8cceprint22copy_vector_cc_to_ubufEPfS0_m10ConvRelu_t] -> 0xffff9e89b020
cceprint: [_ZN8cceprint22copy_vector_cc_to_ubufEPfS0_htttt10ConvRelu_t] -> 0xffff9e89b170
cceprint: [_ZN8cceprint22copy_vector_cc_to_ubufEPN7float165Fp16TEPim10ConvRelu_t] -> 0xffff9e89b3b0
cceprint: [_ZN8cceprint22copy_vector_cc_to_ubufEPN7float165Fp16TEPihtttt10ConvRelu_t] -> 0xffff9e89b500
cceprint: [_ZN8cceprint22copy_vector_cc_to_ubufEPsPim10ConvRelu_t] -> 0xffff9e89b740
cceprint: [_ZN8cceprint22copy_vector_cc_to_ubufEPsPihtttt10ConvRelu_t] -> 0xffff9e89b890
cceprint: [_ZN8cceprint22copy_vector_cc_to_ubufEPiS0_m10ConvRelu_t] -> 0xffff9e89bad0
cceprint: [_ZN8cceprint22copy_vector_cc_to_ubufEPiS0_htttt10ConvRelu_t] -> 0xffff9e89bc20
cceprint: [_ZN8cceprint22copy_vector_cc_to_ubufEPaPim10ConvRelu_t] -> 0xffff9e89be60
cceprint: [_ZN8cceprint22copy_vector_cc_to_ubufEPaPihtttt10ConvRelu_t] -> 0xffff9e89bfb0
cceprint: [_ZN8cceprint22copy_vector_cc_to_ubufEPjS0_m10ConvRelu_t] -> 0xffff9e89c1f0
cceprint: [_ZN8cceprint22copy_vector_cc_to_ubufEPjS0_htttt10ConvRelu_t] -> 0xffff9e89c340
cceprint: [_ZN8cceprint22copy_vector_cc_to_ubufEPhPim10ConvRelu_t] -> 0xffff9e89c580
cceprint: [_ZN8cceprint22copy_vector_cc_to_ubufEPhPihtttt10ConvRelu_t] -> 0xffff9e89c6d0
cceprint: [_ZN8cceprint22copy_vector_ubuf_to_ccEPN7float165Fp16TES2_m10ConvRelu_t] -> 0xffff9e89c910
cceprint: [_ZN8cceprint22copy_vector_ubuf_to_ccEPN7float165Fp16TES2_htttt10ConvRelu_t] -> 0xffff9e89ca60
cceprint: [_ZN8cceprint22copy_vector_ubuf_to_ccEPfS0_m10ConvRelu_t] -> 0xffff9e89cca0
cceprint: [_ZN8cceprint22copy_vector_ubuf_to_ccEPfS0_htttt10ConvRelu_t] -> 0xffff9e89cdf0
cceprint: [_ZN8cceprint22copy_vector_ubuf_to_ccEPfPN7float165Fp16TEm10ConvRelu_t] -> 0xffff9e89d030
cceprint: [_ZN8cceprint22copy_vector_ubuf_to_ccEPfPN7float165Fp16TEhtttt10ConvRelu_t] -> 0xffff9e89d180
cceprint: [_ZN8cceprint22copy_vector_ubuf_to_ccEPiS0_m10ConvRelu_t] -> 0xffff9e89d3c0
cceprint: [_ZN8cceprint22copy_vector_ubuf_to_ccEPiS0_htttt10ConvRelu_t] -> 0xffff9e89d510
cceprint: [_ZN8cceprint22copy_vector_ubuf_to_ccEPjS0_m10ConvRelu_t] -> 0xffff9e89d750
cceprint: [_ZN8cceprint22copy_vector_ubuf_to_ccEPjS0_htttt10ConvRelu_t] -> 0xffff9e89d8a0
cceprint: [_ZN8cceprint16create_ca_matrixEPvlN7float165Fp16TE] -> 0xffff9e89dae0
cceprint: [_ZN8cceprint16create_ca_matrixEPN7float165Fp16TElS1_] -> 0xffff9e89dbf0
cceprint: [_ZN8cceprint16create_ca_matrixEPslN7float165Fp16TE] -> 0xffff9e89dd00
cceprint: [_ZN8cceprint16create_ca_matrixEPtlN7float165Fp16TE] -> 0xffff9e89de10
cceprint: [_ZN8cceprint16create_ca_matrixEPN7float165Fp16TElj] -> 0xffff9e89df20
cceprint: [_ZN8cceprint16create_ca_matrixEPflj] -> 0xffff9e89e01c
cceprint: [_ZN8cceprint16create_ca_matrixEPflN7float165Fp16TE] -> 0xffff9e89e118
cceprint: [_ZN8cceprint16create_ca_matrixEPslj] -> 0xffff9e89e228
cceprint: [_ZN8cceprint16create_ca_matrixEPilj] -> 0xffff9e89e324
cceprint: [_ZN8cceprint16create_ca_matrixEPilN7float165Fp16TE] -> 0xffff9e89e420
cceprint: [_ZN8cceprint16create_ca_matrixEPtlj] -> 0xffff9e89e530
cceprint: [_ZN8cceprint16create_ca_matrixEPjlj] -> 0xffff9e89e62c
cceprint: [_ZN8cceprint16create_ca_matrixEPjlN7float165Fp16TE] -> 0xffff9e89e728
cceprint: [_ZN8cceprint21create_ca_matrix_bf16EPN8bfloat165Bf16TElS1_] -> 0xffff9e89e838
cceprint: [_ZN8cceprint16create_cb_matrixEPvlN7float165Fp16TE] -> 0xffff9e89e948
cceprint: [_ZN8cceprint16create_cb_matrixEPN7float165Fp16TElS1_] -> 0xffff9e89ea58
cceprint: [_ZN8cceprint16create_cb_matrixEPslN7float165Fp16TE] -> 0xffff9e89eb68
cceprint: [_ZN8cceprint16create_cb_matrixEPtlN7float165Fp16TE] -> 0xffff9e89ec78
cceprint: [_ZN8cceprint16create_cb_matrixEPN7float165Fp16TElj] -> 0xffff9e89ed88
cceprint: [_ZN8cceprint16create_cb_matrixEPflj] -> 0xffff9e89ee84
cceprint: [_ZN8cceprint16create_cb_matrixEPflN7float165Fp16TE] -> 0xffff9e89ef80
cceprint: [_ZN8cceprint16create_cb_matrixEPslj] -> 0xffff9e89f090
cceprint: [_ZN8cceprint16create_cb_matrixEPilj] -> 0xffff9e89f18c
cceprint: [_ZN8cceprint16create_cb_matrixEPilN7float165Fp16TE] -> 0xffff9e89f288
cceprint: [_ZN8cceprint16create_cb_matrixEPtlj] -> 0xffff9e89f398
cceprint: [_ZN8cceprint16create_cb_matrixEPjlj] -> 0xffff9e89f494
cceprint: [_ZN8cceprint16create_cb_matrixEPjlN7float165Fp16TE] -> 0xffff9e89f590
cceprint: [_ZN8cceprint21create_cb_matrix_bf16EPN8bfloat165Bf16TElS1_] -> 0xffff9e89f6a0
cceprint: [_ZN8cceprint18create_cbuf_matrixEPvlN7float165Fp16TE] -> 0xffff9e89f7b0
cceprint: [_ZN8cceprint18create_cbuf_matrixEPN7float165Fp16TElS1_] -> 0xffff9e89f8c0
cceprint: [_ZN8cceprint18create_cbuf_matrixEPslN7float165Fp16TE] -> 0xffff9e89f9d0
cceprint: [_ZN8cceprint18create_cbuf_matrixEPtlN7float165Fp16TE] -> 0xffff9e89fae0
cceprint: [_ZN8cceprint18create_cbuf_matrixEPN7float165Fp16TElj] -> 0xffff9e89fbf0
cceprint: [_ZN8cceprint18create_cbuf_matrixEPflj] -> 0xffff9e89fcec
cceprint: [_ZN8cceprint18create_cbuf_matrixEPflN7float165Fp16TE] -> 0xffff9e89fde8
cceprint: [_ZN8cceprint18create_cbuf_matrixEPslj] -> 0xffff9e89fef8
cceprint: [_ZN8cceprint18create_cbuf_matrixEPilj] -> 0xffff9e89fff4
cceprint: [_ZN8cceprint18create_cbuf_matrixEPilN7float165Fp16TE] -> 0xffff9e8a00f0
cceprint: [_ZN8cceprint18create_cbuf_matrixEPtlj] -> 0xffff9e8a0200
cceprint: [_ZN8cceprint18create_cbuf_matrixEPjlj] -> 0xffff9e8a02fc
cceprint: [_ZN8cceprint18create_cbuf_matrixEPjlN7float165Fp16TE] -> 0xffff9e8a03f8
cceprint: [_ZN8cceprint23create_cbuf_matrix_bf16EPN8bfloat165Bf16TElS1_] -> 0xffff9e8a0508
cceprint: [_ZN8cceprint10dc_preloadEPms] -> 0xffff9e8a0618
cceprint: [_ZN8cceprint10dc_preloadEPml] -> 0xffff9e8a0750
cceprint: [_ZN8cceprint4dcciEPvm] -> (nil)
cceprint: [_ZN8cceprint4dcciEPvmm] -> (nil)
cceprint: [_ZN8cceprint21decompress_gm_to_cbufEPhS0_l] -> 0xffff9e8a0888
cceprint: [_ZN8cceprint21decompress_gm_to_cbufEPhS0_tbhh] -> 0xffff9e8a09fc
cceprint: [_ZN8cceprint21decompress_gm_to_cbufEPN7float165Fp16TES2_l] -> 0xffff9e8a0c3c
cceprint: [_ZN8cceprint21decompress_gm_to_cbufEPN7float165Fp16TES2_tbhh] -> 0xffff9e8a0db0
cceprint: [_ZN8cceprint19decompress_gm_to_ubEPhS0_l] -> 0xffff9e8a0ff0
cceprint: [_ZN8cceprint19decompress_gm_to_ubEPhS0_tbhh] -> 0xffff9e8a1164
cceprint: [_ZN8cceprint19decompress_gm_to_ubEPN7float165Fp16TES2_l] -> 0xffff9e8a13a4
cceprint: [_ZN8cceprint19decompress_gm_to_ubEPN7float165Fp16TES2_tbhh] -> 0xffff9e8a1518
cceprint: [_ZN8cceprint14depthwise_convEPN7float165Fp16TES2_S2_mb] -> 0xffff9e8a1758
cceprint: [_ZN8cceprint14depthwise_convEPN7float165Fp16TES2_S2_tthhhhb] -> 0xffff9e8a18d8
cceprint: [_ZN8cceprint14depthwise_convEPfPN7float165Fp16TES3_mb] -> 0xffff9e8a1ba0
cceprint: [_ZN8cceprint14depthwise_convEPfPN7float165Fp16TES3_tthhhhb] -> 0xffff9e8a1d20
cceprint: [_ZN8cceprint14depthwise_convEPiPaS1_mb] -> 0xffff9e8a1fe8
cceprint: [_ZN8cceprint14depthwise_convEPiPaS1_ttahhhb] -> 0xffff9e8a2168
cceprint: [_ZN8cceprint14depthwise_convEPiPhS1_mb] -> 0xffff9e8a2430
cceprint: [_ZN8cceprint14depthwise_convEPiPhS1_tthhhhb] -> 0xffff9e8a25b0
cceprint: [_ZN8cceprint14depthwise_convEPiPhPamb] -> 0xffff9e8a2878
cceprint: [_ZN8cceprint14depthwise_convEPiPhPatthhhhb] -> 0xffff9e8a29f8
cceprint: [_ZN8cceprint17depthwise_conv_v2EPN7float165Fp16TES2_S2_m] -> 0xffff9e8a2cc0
cceprint: [_ZN8cceprint17depthwise_conv_v2EPN7float165Fp16TES2_S2_tthhhthbbh] -> 0xffff9e8a2e04
cceprint: [_ZN8cceprint17depthwise_conv_v2EPfPN7float165Fp16TES3_m] -> 0xffff9e8a3180
cceprint: [_ZN8cceprint17depthwise_conv_v2EPfPN7float165Fp16TES3_tthhhthbbh] -> 0xffff9e8a32c4
cceprint: [_ZN8cceprint17depthwise_conv_v2EPiPaS1_m] -> 0xffff9e8a3640
cceprint: [_ZN8cceprint17depthwise_conv_v2EPiPaS1_tthhhthbbh] -> 0xffff9e8a3784
cceprint: [_ZN8cceprint17depthwise_conv_v2EPiPhS1_m] -> 0xffff9e8a3b00
cceprint: [_ZN8cceprint17depthwise_conv_v2EPiPhS1_tthhhthbbh] -> 0xffff9e8a3c44
cceprint: [_ZN8cceprint17depthwise_conv_v2EPiPhPam] -> 0xffff9e8a3fc0
cceprint: [_ZN8cceprint17depthwise_conv_v2EPiPhPatthhhthbbh] -> 0xffff9e8a4104
cceprint: [_ZN8cceprint3dsbE9mem_dsb_t] -> 0xffff9e8a4480
cceprint: [_ZN8cceprint22fake_overflow_status_1Ev] -> 0xffff9e8a4510
cceprint: [_ZN8cceprint22fake_overflow_status_2Ev] -> 0xffff9e8a4558
cceprint: [_ZN8cceprint20ffts_cross_core_syncE6pipe_tm] -> 0xffff9e8a45a0
cceprint: [_ZN8cceprint5fifr1EPsS0_mm] -> 0xffff9e8a4684
cceprint: [_ZN8cceprint5fifr1EPsS0_mm4bm_t] -> 0xffff9e8a47d4
cceprint: [_ZN8cceprint5fifr1EPsS0_8w_size_thhhaaaaaaaaaahh4bm_t] -> 0xffff9e8a496c
cceprint: [_ZN8cceprint5fifr1EPsS0_8w_size_thhhaaaaaaaaaahh] -> 0xffff9e8a4ec8
cceprint: [_ZN8cceprint5fifr1EPsPamm] -> 0xffff9e8a53e0
cceprint: [_ZN8cceprint5fifr1EPsPamm4bm_t] -> 0xffff9e8a5530
cceprint: [_ZN8cceprint5fifr1EPsPa8w_size_thhhaaaaaaaaaahh4bm_t] -> 0xffff9e8a56c8
cceprint: [_ZN8cceprint5fifr1EPsPa8w_size_thhhaaaaaaaaaahh] -> 0xffff9e8a5c24
cceprint: [_ZN8cceprint5fifr1EPsPtmm] -> 0xffff9e8a613c
cceprint: [_ZN8cceprint5fifr1EPsPtmm4bm_t] -> 0xffff9e8a628c
cceprint: [_ZN8cceprint5fifr1EPsPt8w_size_thhhaaaaaaaaaahh4bm_t] -> 0xffff9e8a6424
cceprint: [_ZN8cceprint5fifr1EPsPt8w_size_thhhaaaaaaaaaahh] -> 0xffff9e8a6980
cceprint: [_ZN8cceprint5fifr1EPsPhmm] -> 0xffff9e8a6e98
cceprint: [_ZN8cceprint5fifr1EPsPhmm4bm_t] -> 0xffff9e8a6fe8
cceprint: [_ZN8cceprint5fifr1EPsPh8w_size_thhhaaaaaaaaaahh4bm_t] -> 0xffff9e8a7180
cceprint: [_ZN8cceprint5fifr1EPsPh8w_size_thhhaaaaaaaaaahh] -> 0xffff9e8a76dc
cceprint: [_ZN8cceprint26fix_depthwisein_cc_to_cbufEPaPimm] -> 0xffff9e8a7bf4
cceprint: [_ZN8cceprint26fix_depthwisein_cc_to_cbufEPaPi11unit_flag_thtttt13ConvReluFix_tb6Relu_tbS4_6Pool_t5Req_t10DualMode_ttt] -> 0xffff9e8a7d44
cceprint: [_ZN8cceprint26fix_depthwisein_cc_to_cbufEPhPimm] -> 0xffff9e8a81fc
cceprint: [_ZN8cceprint26fix_depthwisein_cc_to_cbufEPhPi11unit_flag_thtttt13ConvReluFix_tb6Relu_tbS4_6Pool_t5Req_t10DualMode_ttt] -> 0xffff9e8a834c
cceprint: [_ZN8cceprint26fix_depthwisein_cc_to_ubufEPaPimm] -> 0xffff9e8a8804
cceprint: [_ZN8cceprint26fix_depthwisein_cc_to_ubufEPaPi11unit_flag_thtttt13ConvReluFix_tb6Relu_tbS4_6Pool_t5Req_t10DualMode_ttt] -> 0xffff9e8a8954
cceprint: [_ZN8cceprint26fix_depthwisein_cc_to_ubufEPhPimm] -> 0xffff9e8a8e0c
cceprint: [_ZN8cceprint26fix_depthwisein_cc_to_ubufEPhPi11unit_flag_thtttt13ConvReluFix_tb6Relu_tbS4_6Pool_t5Req_t10DualMode_ttt] -> 0xffff9e8a8f5c
cceprint: [_ZN8cceprint27fix_depthwiseout_cc_to_cbufEPaPimm] -> 0xffff9e8a9414
cceprint: [_ZN8cceprint27fix_depthwiseout_cc_to_cbufEPaPi11unit_flag_thtttt13ConvReluFix_tb6Relu_tbS4_6Pool_t5Req_t10DualMode_ttt] -> 0xffff9e8a9564
cceprint: [_ZN8cceprint27fix_depthwiseout_cc_to_cbufEPhPimm] -> 0xffff9e8a9a1c
cceprint: [_ZN8cceprint27fix_depthwiseout_cc_to_cbufEPhPi11unit_flag_thtttt13ConvReluFix_tb6Relu_tbS4_6Pool_t5Req_t10DualMode_ttt] -> 0xffff9e8a9b6c
cceprint: [_ZN8cceprint21fix_matrix_cc_to_cbufEPN7float165Fp16TES2_mm] -> 0xffff9e8aa024
cceprint: [_ZN8cceprint21fix_matrix_cc_to_cbufEPaPN7float165Fp16TEmm] -> 0xffff9e8aa174
cceprint: [_ZN8cceprint21fix_matrix_cc_to_cbufEPaPN7float165Fp16TE11unit_flag_thtttt13ConvReluFix_tb6Relu_tbS6_6Pool_t5Req_t10DualMode_ttt] -> 0xffff9e8aa2c4
cceprint: [_ZN8cceprint21fix_matrix_cc_to_cbufEPhPN7float165Fp16TEmm] -> 0xffff9e8aa77c
cceprint: [_ZN8cceprint21fix_matrix_cc_to_cbufEPhPN7float165Fp16TE11unit_flag_thtttt13ConvReluFix_tb6Relu_tbS6_6Pool_t5Req_t10DualMode_ttt] -> 0xffff9e8aa8cc
cceprint: [_ZN8cceprint21fix_matrix_cc_to_cbufEPN7float165Fp16TES2_11unit_flag_thtttt13ConvReluFix_tb6Relu_tbS5_6Pool_t5Req_t10DualMode_ttt] -> 0xffff9e8aad84
cceprint: [_ZN8cceprint21fix_matrix_cc_to_cbufEPiS0_mm] -> 0xffff9e8ab23c
cceprint: [_ZN8cceprint21fix_matrix_cc_to_cbufEPN7float165Fp16TEPimm] -> 0xffff9e8ab38c
cceprint: [_ZN8cceprint21fix_matrix_cc_to_cbufEPN7float165Fp16TEPi11unit_flag_thtttt13ConvReluFix_tb6Relu_tbS6_6Pool_t5Req_t10DualMode_ttt] -> 0xffff9e8ab4dc
cceprint: [_ZN8cceprint21fix_matrix_cc_to_cbufEPsPimm] -> 0xffff9e8ab994
cceprint: [_ZN8cceprint21fix_matrix_cc_to_cbufEPsPi11unit_flag_thtttt13ConvReluFix_tb6Relu_tbS4_6Pool_t5Req_t10DualMode_ttt] -> 0xffff9e8abae4
cceprint: [_ZN8cceprint21fix_matrix_cc_to_cbufEPaPimm] -> 0xffff9e8abf9c
cceprint: [_ZN8cceprint21fix_matrix_cc_to_cbufEPaPi11unit_flag_thtttt13ConvReluFix_tb6Relu_tbS4_6Pool_t5Req_t10DualMode_ttt] -> 0xffff9e8ac0ec
cceprint: [_ZN8cceprint21fix_matrix_cc_to_cbufEPhPimm] -> 0xffff9e8ac5a4
cceprint: [_ZN8cceprint21fix_matrix_cc_to_cbufEPhPi11unit_flag_thtttt13ConvReluFix_tb6Relu_tbS4_6Pool_t5Req_t10DualMode_ttt] -> 0xffff9e8ac6f4
cceprint: [_ZN8cceprint21fix_matrix_cc_to_cbufEPiS0_11unit_flag_thtttt13ConvReluFix_tb6Relu_tbS3_6Pool_t5Req_t10DualMode_ttt] -> 0xffff9e8acbac
cceprint: [_ZN8cceprint21fix_matrix_cc_to_ubufEPN7float165Fp16TES2_mm] -> 0xffff9e8ad064
cceprint: [_ZN8cceprint21fix_matrix_cc_to_ubufEPN7float165Fp16TES2_11unit_flag_thtttt13ConvReluFix_tb6Relu_tbS5_6Pool_t5Req_t10DualMode_ttt] -> 0xffff9e8ad1b4
cceprint: [_ZN8cceprint21fix_matrix_cc_to_ubufEPN7float165Fp16TEPimm] -> 0xffff9e8ad66c
cceprint: [_ZN8cceprint21fix_matrix_cc_to_ubufEPN7float165Fp16TEPi11unit_flag_thtttt13ConvReluFix_tb6Relu_tbS6_6Pool_t5Req_t10DualMode_ttt] -> 0xffff9e8ad7bc
cceprint: [_ZN8cceprint21fix_matrix_cc_to_ubufEPsPimm] -> 0xffff9e8adc74
cceprint: [_ZN8cceprint21fix_matrix_cc_to_ubufEPsPi11unit_flag_thtttt13ConvReluFix_tb6Relu_tbS4_6Pool_t5Req_t10DualMode_ttt] -> 0xffff9e8addc4
cceprint: [_ZN8cceprint21fix_matrix_cc_to_ubufEPiS0_mm] -> 0xffff9e8ae27c
cceprint: [_ZN8cceprint21fix_matrix_cc_to_ubufEPiS0_11unit_flag_thtttt13ConvReluFix_tb6Relu_tbS3_6Pool_t5Req_t10DualMode_ttt] -> 0xffff9e8ae3cc
cceprint: [_ZN8cceprint21fix_matrix_cc_to_ubufEPaPimm] -> 0xffff9e8ae884
cceprint: [_ZN8cceprint21fix_matrix_cc_to_ubufEPaPi11unit_flag_thtttt13ConvReluFix_tb6Relu_tbS4_6Pool_t5Req_t10DualMode_ttt] -> 0xffff9e8ae9d4
cceprint: [_ZN8cceprint21fix_matrix_cc_to_ubufEPhPimm] -> 0xffff9e8aee8c
cceprint: [_ZN8cceprint21fix_matrix_cc_to_ubufEPhPi11unit_flag_thtttt13ConvReluFix_tb6Relu_tbS4_6Pool_t5Req_t10DualMode_ttt] -> 0xffff9e8aefdc
cceprint: [_ZN8cceprint23fix_winograd_cc_to_cbufEPiS0_mm] -> 0xffff9e8af494
cceprint: [_ZN8cceprint23fix_winograd_cc_to_cbufEPN7float165Fp16TEPimm] -> 0xffff9e8af5e4
cceprint: [_ZN8cceprint23fix_winograd_cc_to_cbufEPN7float165Fp16TEPi11unit_flag_thtttt13ConvReluFix_tb6Relu_tbS6_6Pool_t5Req_t10DualMode_ttt] -> 0xffff9e8af734
cceprint: [_ZN8cceprint23fix_winograd_cc_to_cbufEPsPimm] -> 0xffff9e8afbec
cceprint: [_ZN8cceprint23fix_winograd_cc_to_cbufEPsPi11unit_flag_thtttt13ConvReluFix_tb6Relu_tbS4_6Pool_t5Req_t10DualMode_ttt] -> 0xffff9e8afd3c
cceprint: [_ZN8cceprint23fix_winograd_cc_to_cbufEPaPimm] -> 0xffff9e8b01f4
cceprint: [_ZN8cceprint23fix_winograd_cc_to_cbufEPaPi11unit_flag_thtttt13ConvReluFix_tb6Relu_tbS4_6Pool_t5Req_t10DualMode_ttt] -> 0xffff9e8b0344
cceprint: [_ZN8cceprint23fix_winograd_cc_to_cbufEPhPimm] -> 0xffff9e8b07fc
cceprint: [_ZN8cceprint23fix_winograd_cc_to_cbufEPhPi11unit_flag_thtttt13ConvReluFix_tb6Relu_tbS4_6Pool_t5Req_t10DualMode_ttt] -> 0xffff9e8b094c
cceprint: [_ZN8cceprint23fix_winograd_cc_to_cbufEPiS0_11unit_flag_thtttt13ConvReluFix_tb6Relu_tbS3_6Pool_t5Req_t10DualMode_ttt] -> 0xffff9e8b0e04
cceprint: [_ZN8cceprint23fix_winograd_cc_to_ubufEPiS0_mm] -> 0xffff9e8b12bc
cceprint: [_ZN8cceprint23fix_winograd_cc_to_ubufEPN7float165Fp16TEPimm] -> 0xffff9e8b140c
cceprint: [_ZN8cceprint23fix_winograd_cc_to_ubufEPN7float165Fp16TEPi11unit_flag_thtttt13ConvReluFix_tb6Relu_tbS6_6Pool_t5Req_t10DualMode_ttt] -> 0xffff9e8b155c
cceprint: [_ZN8cceprint23fix_winograd_cc_to_ubufEPsPimm] -> 0xffff9e8b1a14
cceprint: [_ZN8cceprint23fix_winograd_cc_to_ubufEPsPi11unit_flag_thtttt13ConvReluFix_tb6Relu_tbS4_6Pool_t5Req_t10DualMode_ttt] -> 0xffff9e8b1b64
cceprint: [_ZN8cceprint23fix_winograd_cc_to_ubufEPaPimm] -> 0xffff9e8b201c
cceprint: [_ZN8cceprint23fix_winograd_cc_to_ubufEPaPi11unit_flag_thtttt13ConvReluFix_tb6Relu_tbS4_6Pool_t5Req_t10DualMode_ttt] -> 0xffff9e8b216c
cceprint: [_ZN8cceprint23fix_winograd_cc_to_ubufEPhPimm] -> 0xffff9e8b2624
cceprint: [_ZN8cceprint23fix_winograd_cc_to_ubufEPhPi11unit_flag_thtttt13ConvReluFix_tb6Relu_tbS4_6Pool_t5Req_t10DualMode_ttt] -> 0xffff9e8b2774
cceprint: [_ZN8cceprint23fix_winograd_cc_to_ubufEPiS0_11unit_flag_thtttt13ConvReluFix_tb6Relu_tbS3_6Pool_t5Req_t10DualMode_ttt] -> 0xffff9e8b2c2c
cceprint: [_ZN8cceprint4fmaxEPhS0_m] -> 0xffff9e8b30e4
cceprint: [_ZN8cceprint4fmaxEPhS0_8w_size_thhhaaaaa] -> 0xffff9e8b31ec
cceprint: [_ZN8cceprint4fminEPhS0_m] -> 0xffff9e8b3528
cceprint: [_ZN8cceprint4fminEPhS0_8w_size_thhhaaaaa] -> 0xffff9e8b3630
cceprint: [_ZN8cceprint11get_acc_valEv] -> 0xffff9e8b396c
cceprint: [_ZN8cceprint6get_arEv] -> 0xffff9e8b39b4
cceprint: [_ZN8cceprint12get_arch_verEv] -> 0xffff9e8b39fc
cceprint: [_ZN8cceprint13get_block_idxEv] -> 0xffff9e8b3a44
cceprint: [_ZN8cceprint13get_block_numEv] -> 0xffff9e8b3a5c
cceprint: [_ZN8cceprint11get_cmpmaskEPv] -> 0xffff9e8b3a74
cceprint: [_ZN8cceprint8get_condEv] -> 0xffff9e8b3af8
cceprint: [_ZN8cceprint18get_condition_flagEv] -> 0xffff9e8b3b40
cceprint: [_ZN8cceprint10get_coreidEv] -> 0xffff9e8b3b88
cceprint: [_ZN8cceprint8get_ctrlEv] -> 0xffff9e8b3bd0
cceprint: [_ZN8cceprint18get_data_main_baseEv] -> 0xffff9e8b3c18
cceprint: [_ZN8cceprint13get_data_sizeEv] -> 0xffff9e8b3c60
cceprint: [_ZN8cceprint16get_data_ub_baseEv] -> 0xffff9e8b3ca8
cceprint: [_ZN8cceprint18get_ffts_base_addrEv] -> 0xffff9e8b3cc0
cceprint: [_ZN8cceprint7get_fpcEv] -> 0xffff9e8b3d08
cceprint: [_ZN8cceprint17get_icache_prl_stEv] -> 0xffff9e8b3d50
cceprint: [_ZN8cceprint7get_immEm] -> 0xffff9e8b3d98
cceprint: [_ZN8cceprint7get_immEmm] -> 0xffff9e8b3dac
cceprint: [_ZN8cceprint7get_immEmmm] -> 0xffff9e8b3dc4
cceprint: [_ZN8cceprint7get_immEmmmm] -> 0xffff9e8b3de0
cceprint: [_ZN8cceprint9get_k_numEv] -> 0xffff9e8b3e00
cceprint: [_ZN8cceprint14get_l2_in_mainEv] -> 0xffff9e8b3e48
cceprint: [_ZN8cceprint17get_l2_vaddr_baseEv] -> 0xffff9e8b3e90
cceprint: [_ZN8cceprint9get_lpcntEv] -> 0xffff9e8b3ed8
cceprint: [_ZN8cceprint15get_max_min_cntEv] -> 0xffff9e8b3f20
cceprint: [_ZN8cceprint19get_overflow_statusEv] -> 0xffff9e8b3f68
cceprint: [_ZN8cceprint13get_para_baseEv] -> 0xffff9e8b3fb0
cceprint: [_ZN8cceprint6get_pcEv] -> 0xffff9e8b3ff8
cceprint: [_ZN8cceprint14get_rpn_cor_irEv] -> 0xffff9e8b4040
cceprint: [_ZN8cceprint12get_rsvd_cntEv] -> 0xffff9e8b4088
cceprint: [_ZN8cceprint19get_safety_crc_dataEv] -> 0xffff9e8b40d0
cceprint: [_ZN8cceprint17get_safety_crc_enEv] -> 0xffff9e8b4118
cceprint: [_ZN8cceprint16get_smmu_tag_verEv] -> 0xffff9e8b4160
cceprint: [_ZN8cceprint17get_st_atomic_cfgEv] -> 0xffff9e8b41a8
cceprint: [_ZN8cceprint18get_stack_phy_baseEv] -> 0xffff9e8b41f0
cceprint: [_ZN8cceprint10get_statusEv] -> 0xffff9e8b4238
cceprint: [_ZN8cceprint15get_subblockdimEv] -> 0xffff9e8b4240
cceprint: [_ZN8cceprint14get_subblockidEv] -> 0xffff9e8b4288
cceprint: [_ZN8cceprint11get_sys_cntEv] -> 0xffff9e8b42d0
cceprint: [_ZN8cceprint15get_sys_va_baseEv] -> 0xffff9e8b4318
cceprint: [_ZN8cceprint14get_thread_dimEv] -> 0xffff9e8b4360
cceprint: [_ZN8cceprint13get_thread_idEv] -> 0xffff9e8b43a8
cceprint: [_ZN8cceprint6get_vlEv] -> 0xffff9e8b43f0
cceprint: [_ZN8cceprint11get_vms4_srEv] -> 0xffff9e8b4438
cceprint: [_ZN8cceprint15hebcd_out_to_ubEPvS0_S0_m] -> 0xffff9e8b4480
cceprint: [_ZN8cceprint15hebcd_out_to_ubEPvS0_S0_hhbbhttht] -> 0xffff9e8b4670
cceprint: [_ZN8cceprint15hebce_l1_to_outEPvS0_S0_m] -> 0xffff9e8b4a54
cceprint: [_ZN8cceprint15hebce_l1_to_outEPvS0_S0_bbhhbbhttht] -> 0xffff9e8b4c44
cceprint: [_ZN8cceprint15hebce_ub_to_outEPvS0_S0_m] -> 0xffff9e8b5098
cceprint: [_ZN8cceprint15hebce_ub_to_outEPvS0_S0_bbhhbbhttht] -> 0xffff9e8b5288
cceprint: [_ZN8cceprint9hset_flagE6pipe_tS0_7event_t5mem_tb] -> 0xffff9e8b56dc
cceprint: [_ZN8cceprint9hset_flagE6pipe_tS0_m5mem_tb] -> 0xffff9e8b5890
cceprint: [_ZN8cceprint10hwait_flagE6pipe_tS0_7event_t5mem_tb] -> 0xffff9e8b5a44
cceprint: [_ZN8cceprint10hwait_flagE6pipe_tS0_m5mem_tb] -> 0xffff9e8b5bf8
cceprint: [_ZN8cceprint18img2col_cbuf_to_caEPN7float165Fp16TES2_mm7csize_t] -> 0xffff9e8b5dac
cceprint: [_ZN8cceprint18img2col_cbuf_to_caEPN7float165Fp16TES2_hhssthhhhhhhhh7csize_t] -> 0xffff9e8b5f44
cceprint: [_ZN8cceprint18img2col_cbuf_to_caEPaS0_mm7csize_t] -> 0xffff9e8b63f4
cceprint: [_ZN8cceprint18img2col_cbuf_to_caEPaS0_hhssthhhhhhhhh7csize_t] -> 0xffff9e8b658c
cceprint: [_ZN8cceprint18img2col_cbuf_to_caEPhS0_mm7csize_t] -> 0xffff9e8b6a3c
cceprint: [_ZN8cceprint18img2col_cbuf_to_caEPhS0_hhssthhhhhhhhh7csize_t] -> 0xffff9e8b6bd4
cceprint: [_ZN8cceprint18img2col_cbuf_to_cbEPN7float165Fp16TES2_mm7csize_t] -> 0xffff9e8b7084
cceprint: [_ZN8cceprint18img2col_cbuf_to_cbEPN7float165Fp16TES2_hhssthhhhhhhhh7csize_t] -> 0xffff9e8b721c
cceprint: [_ZN8cceprint18img2col_cbuf_to_cbEPaS0_mm7csize_t] -> 0xffff9e8b76cc
cceprint: [_ZN8cceprint18img2col_cbuf_to_cbEPaS0_hhssthhhhhhhhh7csize_t] -> 0xffff9e8b7864
cceprint: [_ZN8cceprint18img2col_cbuf_to_cbEPhS0_mm7csize_t] -> 0xffff9e8b7d14
cceprint: [_ZN8cceprint18img2col_cbuf_to_cbEPhS0_hhssthhhhhhhhh7csize_t] -> 0xffff9e8b7eac
cceprint: [_ZN8cceprint18img2col_cbuf_to_ubEPN7float165Fp16TES2_mm7csize_t] -> 0xffff9e8b835c
cceprint: [_ZN8cceprint18img2col_cbuf_to_ubEPN7float165Fp16TES2_hhssthhhhhhhhh7csize_t] -> 0xffff9e8b84f4
cceprint: [_ZN8cceprint18img2col_cbuf_to_ubEPaS0_mm7csize_t] -> 0xffff9e8b89a4
cceprint: [_ZN8cceprint18img2col_cbuf_to_ubEPaS0_hhssthhhhhhhhh7csize_t] -> 0xffff9e8b8b3c
cceprint: [_ZN8cceprint18img2col_cbuf_to_ubEPhS0_mm7csize_t] -> 0xffff9e8b8fec
cceprint: [_ZN8cceprint18img2col_cbuf_to_ubEPhS0_hhssthhhhhhhhh7csize_t] -> 0xffff9e8b9184
cceprint: [_ZN8cceprint20img2colv2_cbuf_to_caEPN7float165Fp16TES2_mm] -> 0xffff9e8b9634
cceprint: [_ZN8cceprint20img2colv2_cbuf_to_caEPN7float165Fp16TES2_mm4bm_t] -> 0xffff9e8b9784
cceprint: [_ZN8cceprint20img2colv2_cbuf_to_caEPN7float165Fp16TES2_tttthhhhhhbt] -> 0xffff9e8b991c
cceprint: [_ZN8cceprint20img2colv2_cbuf_to_caEPN7float165Fp16TES2_tttthhhhhhbt4bm_t] -> 0xffff9e8b9cdc
cceprint: [_ZN8cceprint20img2colv2_cbuf_to_caEPN7float165Fp16TES2_tttthhhhhhbbbbt] -> 0xffff9e8ba0e0
cceprint: [_ZN8cceprint20img2colv2_cbuf_to_caEPN8bfloat165Bf16TES2_mm] -> 0xffff9e8ba548
cceprint: [_ZN8cceprint20img2colv2_cbuf_to_caEPN8bfloat165Bf16TES2_mm4bm_t] -> 0xffff9e8ba698
cceprint: [_ZN8cceprint20img2colv2_cbuf_to_caEPN8bfloat165Bf16TES2_tttthhhhhhbt] -> 0xffff9e8ba830
cceprint: [_ZN8cceprint20img2colv2_cbuf_to_caEPN8bfloat165Bf16TES2_tttthhhhhhbt4bm_t] -> 0xffff9e8babf0
cceprint: [_ZN8cceprint20img2colv2_cbuf_to_caEPN8bfloat165Bf16TES2_tttthhhhhhbbbbt] -> 0xffff9e8baff4
cceprint: [_ZN8cceprint20img2colv2_cbuf_to_caEPfS0_mm] -> 0xffff9e8bb45c
cceprint: [_ZN8cceprint20img2colv2_cbuf_to_caEPfS0_mm4bm_t] -> 0xffff9e8bb5ac
cceprint: [_ZN8cceprint20img2colv2_cbuf_to_caEPfS0_tttthhhhhhbt] -> 0xffff9e8bb744
cceprint: [_ZN8cceprint20img2colv2_cbuf_to_caEPfS0_tttthhhhhhbt4bm_t] -> 0xffff9e8bbb04
cceprint: [_ZN8cceprint20img2colv2_cbuf_to_caEPfS0_tttthhhhhhbbbbt] -> 0xffff9e8bbf08
cceprint: [_ZN8cceprint20img2colv2_cbuf_to_caEPiS0_mm] -> 0xffff9e8bc370
cceprint: [_ZN8cceprint20img2colv2_cbuf_to_caEPiS0_mm4bm_t] -> 0xffff9e8bc4c0
cceprint: [_ZN8cceprint20img2colv2_cbuf_to_caEPiS0_tttthhhhhhbt] -> 0xffff9e8bc658
cceprint: [_ZN8cceprint20img2colv2_cbuf_to_caEPiS0_tttthhhhhhbt4bm_t] -> 0xffff9e8bca18
cceprint: [_ZN8cceprint20img2colv2_cbuf_to_caEPiS0_tttthhhhhhbbbbt] -> 0xffff9e8bce1c
cceprint: [_ZN8cceprint20img2colv2_cbuf_to_caEPaS0_mm] -> 0xffff9e8bd284
cceprint: [_ZN8cceprint20img2colv2_cbuf_to_caEPaS0_mm4bm_t] -> 0xffff9e8bd3d4
cceprint: [_ZN8cceprint20img2colv2_cbuf_to_caEPaS0_tttthhhhhhbt] -> 0xffff9e8bd56c
cceprint: [_ZN8cceprint20img2colv2_cbuf_to_caEPaS0_tttthhhhhhbt4bm_t] -> 0xffff9e8bd92c
cceprint: [_ZN8cceprint20img2colv2_cbuf_to_caEPaS0_tttthhhhhhbbbbt] -> 0xffff9e8bdd30
cceprint: [_ZN8cceprint20img2colv2_cbuf_to_caEPjS0_mm] -> 0xffff9e8be198
cceprint: [_ZN8cceprint20img2colv2_cbuf_to_caEPjS0_mm4bm_t] -> 0xffff9e8be2e8
cceprint: [_ZN8cceprint20img2colv2_cbuf_to_caEPjS0_tttthhhhhhbt] -> 0xffff9e8be480
cceprint: [_ZN8cceprint20img2colv2_cbuf_to_caEPjS0_tttthhhhhhbt4bm_t] -> 0xffff9e8be840
cceprint: [_ZN8cceprint20img2colv2_cbuf_to_caEPjS0_tttthhhhhhbbbbt] -> 0xffff9e8bec44
cceprint: [_ZN8cceprint20img2colv2_cbuf_to_caEPhS0_mm] -> 0xffff9e8bf0ac
cceprint: [_ZN8cceprint20img2colv2_cbuf_to_caEPhS0_mm4bm_t] -> 0xffff9e8bf1fc
cceprint: [_ZN8cceprint20img2colv2_cbuf_to_caEPhS0_tttthhhhhhbt] -> 0xffff9e8bf394
cceprint: [_ZN8cceprint20img2colv2_cbuf_to_caEPhS0_tttthhhhhhbt4bm_t] -> 0xffff9e8bf754
cceprint: [_ZN8cceprint20img2colv2_cbuf_to_caEPhS0_tttthhhhhhbbbbt] -> 0xffff9e8bfb58
cceprint: [_ZN8cceprint23img2colv2_cbuf_to_ca_s4EPvS0_mm] -> 0xffff9e8bffc0
cceprint: [_ZN8cceprint23img2colv2_cbuf_to_ca_s4EPvS0_mm4bm_t] -> 0xffff9e8c0110
cceprint: [_ZN8cceprint23img2colv2_cbuf_to_ca_s4EPvS0_tttthhhhhhbt] -> 0xffff9e8c02a8
cceprint: [_ZN8cceprint23img2colv2_cbuf_to_ca_s4EPvS0_tttthhhhhhbt4bm_t] -> 0xffff9e8c0668
cceprint: [_ZN8cceprint23img2colv2_cbuf_to_ca_s4EPvS0_tttthhhhhhbbbbt] -> 0xffff9e8c0a6c
cceprint: [_ZN8cceprint20img2colv2_cbuf_to_cbEPN7float165Fp16TES2_mm] -> 0xffff9e8c0ed4
cceprint: [_ZN8cceprint20img2colv2_cbuf_to_cbEPN7float165Fp16TES2_mm4bm_t] -> 0xffff9e8c1024
cceprint: [_ZN8cceprint20img2colv2_cbuf_to_cbEPN7float165Fp16TES2_tttthhhhhhbt] -> 0xffff9e8c11bc
cceprint: [_ZN8cceprint20img2colv2_cbuf_to_cbEPN7float165Fp16TES2_tttthhhhhhbt4bm_t] -> 0xffff9e8c157c
cceprint: [_ZN8cceprint20img2colv2_cbuf_to_cbEPN7float165Fp16TES2_tttthhhhhhbbbbt] -> 0xffff9e8c1980
cceprint: [_ZN8cceprint20img2colv2_cbuf_to_cbEPN8bfloat165Bf16TES2_mm] -> 0xffff9e8c1de8
cceprint: [_ZN8cceprint20img2colv2_cbuf_to_cbEPN8bfloat165Bf16TES2_mm4bm_t] -> 0xffff9e8c1f38
cceprint: [_ZN8cceprint20img2colv2_cbuf_to_cbEPN8bfloat165Bf16TES2_tttthhhhhhbt] -> 0xffff9e8c20d0
cceprint: [_ZN8cceprint20img2colv2_cbuf_to_cbEPN8bfloat165Bf16TES2_tttthhhhhhbt4bm_t] -> 0xffff9e8c2490
cceprint: [_ZN8cceprint20img2colv2_cbuf_to_cbEPN8bfloat165Bf16TES2_tttthhhhhhbbbbt] -> 0xffff9e8c2894
cceprint: [_ZN8cceprint20img2colv2_cbuf_to_cbEPfS0_mm] -> 0xffff9e8c2cfc
cceprint: [_ZN8cceprint20img2colv2_cbuf_to_cbEPfS0_mm4bm_t] -> 0xffff9e8c2e4c
cceprint: [_ZN8cceprint20img2colv2_cbuf_to_cbEPfS0_tttthhhhhhbt] -> 0xffff9e8c2fe4
cceprint: [_ZN8cceprint20img2colv2_cbuf_to_cbEPfS0_tttthhhhhhbt4bm_t] -> 0xffff9e8c33a4
cceprint: [_ZN8cceprint20img2colv2_cbuf_to_cbEPfS0_tttthhhhhhbbbbt] -> 0xffff9e8c37a8
cceprint: [_ZN8cceprint20img2colv2_cbuf_to_cbEPiS0_mm] -> 0xffff9e8c3c10
cceprint: [_ZN8cceprint20img2colv2_cbuf_to_cbEPiS0_mm4bm_t] -> 0xffff9e8c3d60
cceprint: [_ZN8cceprint20img2colv2_cbuf_to_cbEPiS0_tttthhhhhhbt] -> 0xffff9e8c3ef8
cceprint: [_ZN8cceprint20img2colv2_cbuf_to_cbEPiS0_tttthhhhhhbt4bm_t] -> 0xffff9e8c42b8
cceprint: [_ZN8cceprint20img2colv2_cbuf_to_cbEPiS0_tttthhhhhhbbbbt] -> 0xffff9e8c46bc
cceprint: [_ZN8cceprint20img2colv2_cbuf_to_cbEPaS0_mm] -> 0xffff9e8c4b24
cceprint: [_ZN8cceprint20img2colv2_cbuf_to_cbEPaS0_mm4bm_t] -> 0xffff9e8c4c74
cceprint: [_ZN8cceprint20img2colv2_cbuf_to_cbEPaS0_tttthhhhhhbt] -> 0xffff9e8c4e0c
cceprint: [_ZN8cceprint20img2colv2_cbuf_to_cbEPaS0_tttthhhhhhbt4bm_t] -> 0xffff9e8c51cc
cceprint: [_ZN8cceprint20img2colv2_cbuf_to_cbEPaS0_tttthhhhhhbbbbt] -> 0xffff9e8c55d0
cceprint: [_ZN8cceprint20img2colv2_cbuf_to_cbEPjS0_mm] -> 0xffff9e8c5a38
cceprint: [_ZN8cceprint20img2colv2_cbuf_to_cbEPjS0_mm4bm_t] -> 0xffff9e8c5b88
cceprint: [_ZN8cceprint20img2colv2_cbuf_to_cbEPjS0_tttthhhhhhbt] -> 0xffff9e8c5d20
cceprint: [_ZN8cceprint20img2colv2_cbuf_to_cbEPjS0_tttthhhhhhbt4bm_t] -> 0xffff9e8c60e0
cceprint: [_ZN8cceprint20img2colv2_cbuf_to_cbEPjS0_tttthhhhhhbbbbt] -> 0xffff9e8c64e4
cceprint: [_ZN8cceprint20img2colv2_cbuf_to_cbEPhS0_mm] -> 0xffff9e8c694c
cceprint: [_ZN8cceprint20img2colv2_cbuf_to_cbEPhS0_mm4bm_t] -> 0xffff9e8c6a9c
cceprint: [_ZN8cceprint20img2colv2_cbuf_to_cbEPhS0_tttthhhhhhbt] -> 0xffff9e8c6c34
cceprint: [_ZN8cceprint20img2colv2_cbuf_to_cbEPhS0_tttthhhhhhbt4bm_t] -> 0xffff9e8c6ff4
cceprint: [_ZN8cceprint20img2colv2_cbuf_to_cbEPhS0_tttthhhhhhbbbbt] -> 0xffff9e8c73f8
cceprint: [_ZN8cceprint23img2colv2_cbuf_to_cb_s4EPvS0_mm] -> 0xffff9e8c7860
cceprint: [_ZN8cceprint23img2colv2_cbuf_to_cb_s4EPvS0_mm4bm_t] -> 0xffff9e8c79b0
cceprint: [_ZN8cceprint23img2colv2_cbuf_to_cb_s4EPvS0_tttthhhhhhbt] -> 0xffff9e8c7b48
cceprint: [_ZN8cceprint23img2colv2_cbuf_to_cb_s4EPvS0_tttthhhhhhbt4bm_t] -> 0xffff9e8c7f08
cceprint: [_ZN8cceprint23img2colv2_cbuf_to_cb_s4EPvS0_tttthhhhhhbbbbt] -> 0xffff9e8c830c
cceprint: [_ZN8cceprint20img2colv2_cbuf_to_ubEPN7float165Fp16TES2_mm] -> 0xffff9e8c8774
cceprint: [_ZN8cceprint20img2colv2_cbuf_to_ubEPN7float165Fp16TES2_mm4bm_t] -> 0xffff9e8c88c4
cceprint: [_ZN8cceprint20img2colv2_cbuf_to_ubEPN7float165Fp16TES2_tttthhhhhhbt] -> 0xffff9e8c8a5c
cceprint: [_ZN8cceprint20img2colv2_cbuf_to_ubEPN7float165Fp16TES2_tttthhhhhhbt4bm_t] -> 0xffff9e8c8e1c
cceprint: [_ZN8cceprint20img2colv2_cbuf_to_ubEPN7float165Fp16TES2_tttthhhhhhbbbbt] -> 0xffff9e8c9220
cceprint: [_ZN8cceprint20img2colv2_cbuf_to_ubEPfS0_mm] -> 0xffff9e8c9688
cceprint: [_ZN8cceprint20img2colv2_cbuf_to_ubEPfS0_mm4bm_t] -> 0xffff9e8c97d8
cceprint: [_ZN8cceprint20img2colv2_cbuf_to_ubEPfS0_tttthhhhhhbt] -> 0xffff9e8c9970
cceprint: [_ZN8cceprint20img2colv2_cbuf_to_ubEPfS0_tttthhhhhhbt4bm_t] -> 0xffff9e8c9d30
cceprint: [_ZN8cceprint20img2colv2_cbuf_to_ubEPfS0_tttthhhhhhbbbbt] -> 0xffff9e8ca134
cceprint: [_ZN8cceprint20img2colv2_cbuf_to_ubEPiS0_mm] -> 0xffff9e8ca59c
cceprint: [_ZN8cceprint20img2colv2_cbuf_to_ubEPiS0_mm4bm_t] -> 0xffff9e8ca6ec
cceprint: [_ZN8cceprint20img2colv2_cbuf_to_ubEPiS0_tttthhhhhhbt] -> 0xffff9e8ca884
cceprint: [_ZN8cceprint20img2colv2_cbuf_to_ubEPiS0_tttthhhhhhbt4bm_t] -> 0xffff9e8cac44
cceprint: [_ZN8cceprint20img2colv2_cbuf_to_ubEPiS0_tttthhhhhhbbbbt] -> 0xffff9e8cb048
cceprint: [_ZN8cceprint20img2colv2_cbuf_to_ubEPaS0_mm] -> 0xffff9e8cb4b0
cceprint: [_ZN8cceprint20img2colv2_cbuf_to_ubEPaS0_mm4bm_t] -> 0xffff9e8cb600
cceprint: [_ZN8cceprint20img2colv2_cbuf_to_ubEPaS0_tttthhhhhhbt] -> 0xffff9e8cb798
cceprint: [_ZN8cceprint20img2colv2_cbuf_to_ubEPaS0_tttthhhhhhbt4bm_t] -> 0xffff9e8cbb58
cceprint: [_ZN8cceprint20img2colv2_cbuf_to_ubEPaS0_tttthhhhhhbbbbt] -> 0xffff9e8cbf5c
cceprint: [_ZN8cceprint20img2colv2_cbuf_to_ubEPjS0_mm] -> 0xffff9e8cc3c4
cceprint: [_ZN8cceprint20img2colv2_cbuf_to_ubEPjS0_mm4bm_t] -> 0xffff9e8cc514
cceprint: [_ZN8cceprint20img2colv2_cbuf_to_ubEPjS0_tttthhhhhhbt] -> 0xffff9e8cc6ac
cceprint: [_ZN8cceprint20img2colv2_cbuf_to_ubEPjS0_tttthhhhhhbt4bm_t] -> 0xffff9e8cca6c
cceprint: [_ZN8cceprint20img2colv2_cbuf_to_ubEPjS0_tttthhhhhhbbbbt] -> 0xffff9e8cce70
cceprint: [_ZN8cceprint20img2colv2_cbuf_to_ubEPhS0_mm] -> 0xffff9e8cd2d8
cceprint: [_ZN8cceprint20img2colv2_cbuf_to_ubEPhS0_mm4bm_t] -> 0xffff9e8cd428
cceprint: [_ZN8cceprint20img2colv2_cbuf_to_ubEPhS0_tttthhhhhhbt] -> 0xffff9e8cd5c0
cceprint: [_ZN8cceprint20img2colv2_cbuf_to_ubEPhS0_tttthhhhhhbt4bm_t] -> 0xffff9e8cd980
cceprint: [_ZN8cceprint20img2colv2_cbuf_to_ubEPhS0_tttthhhhhhbbbbt] -> 0xffff9e8cdd84
cceprint: [_ZN8cceprint23img2colv2_cbuf_to_ub_s4EPvS0_mm] -> 0xffff9e8ce1ec
cceprint: [_ZN8cceprint23img2colv2_cbuf_to_ub_s4EPvS0_mm4bm_t] -> 0xffff9e8ce33c
cceprint: [_ZN8cceprint23img2colv2_cbuf_to_ub_s4EPvS0_tttthhhhhhbt] -> 0xffff9e8ce4d4
cceprint: [_ZN8cceprint23img2colv2_cbuf_to_ub_s4EPvS0_tttthhhhhhbt4bm_t] -> 0xffff9e8ce894
cceprint: [_ZN8cceprint23img2colv2_cbuf_to_ub_s4EPvS0_tttthhhhhhbbbbt] -> 0xffff9e8cec98
cceprint: [_ZN8cceprint10insert_immEmhhb] -> 0xffff9e8cf100
cceprint: [_ZN8cceprint10insert_regEmmhh] -> 0xffff9e8cf158
cceprint: [_ZN8cceprint6ld_devEPts] -> 0xffff9e8cf1b0
cceprint: [_ZN8cceprint6ld_devEPjs] -> 0xffff9e8cf200
cceprint: [_ZN8cceprint6ld_devEPms] -> 0xffff9e8cf250
cceprint: [_ZN8cceprint6ld_devEPhs] -> 0xffff9e8cf2a0
cceprint: [_ZN8cceprint4ldvaE10ub_addr8_tmb] -> 0xffff9e8cf2f0
cceprint: [_ZN8cceprint15load_cbuf_to_caEPN8bfloat165Bf16TES2_mb] -> 0xffff9e8cf404
cceprint: [_ZN8cceprint15load_cbuf_to_caEPN8bfloat165Bf16TES2_mb15addr_cal_mode_t] -> 0xffff9e8cf548
cceprint: [_ZN8cceprint15load_cbuf_to_caEPN8bfloat165Bf16TES2_thtthb15addr_cal_mode_t] -> 0xffff9e8cf6d4
cceprint: [_ZN8cceprint15load_cbuf_to_caEPN8bfloat165Bf16TES2_thtthbb15addr_cal_mode_t] -> 0xffff9e8cf958
cceprint: [_ZN8cceprint15load_cbuf_to_caEPN8bfloat165Bf16TES2_ththb] -> 0xffff9e8cfc14
cceprint: [_ZN8cceprint15load_cbuf_to_caEPN8bfloat165Bf16TES2_thttb15addr_cal_mode_t] -> 0xffff9e8cfe18
cceprint: [_ZN8cceprint15load_cbuf_to_caEPN8bfloat165Bf16TES2_mmb] -> 0xffff9e8d0058
cceprint: [_ZN8cceprint15load_cbuf_to_caEPN8bfloat165Bf16TES2_tthhttb] -> 0xffff9e8d01e4
cceprint: [_ZN8cceprint15load_cbuf_to_caEPN7float165Fp16TES2_mb] -> 0xffff9e8d045c
cceprint: [_ZN8cceprint15load_cbuf_to_caEPN7float165Fp16TES2_mb15addr_cal_mode_t] -> 0xffff9e8d05a0
cceprint: [_ZN8cceprint15load_cbuf_to_caEPN7float165Fp16TES2_thtthb15addr_cal_mode_t] -> 0xffff9e8d072c
cceprint: [_ZN8cceprint15load_cbuf_to_caEPN7float165Fp16TES2_thtthbb15addr_cal_mode_t] -> 0xffff9e8d09b0
cceprint: [_ZN8cceprint15load_cbuf_to_caEPN7float165Fp16TES2_ththb] -> 0xffff9e8d0c6c
cceprint: [_ZN8cceprint15load_cbuf_to_caEPN7float165Fp16TES2_thttb15addr_cal_mode_t] -> 0xffff9e8d0e70
cceprint: [_ZN8cceprint15load_cbuf_to_caEPfS0_mb15addr_cal_mode_t] -> 0xffff9e8d10b0
cceprint: [_ZN8cceprint15load_cbuf_to_caEPfS0_thtthb15addr_cal_mode_t] -> 0xffff9e8d123c
cceprint: [_ZN8cceprint15load_cbuf_to_caEPfS0_thtthbb15addr_cal_mode_t] -> 0xffff9e8d14c0
cceprint: [_ZN8cceprint15load_cbuf_to_caEPfS0_thttb15addr_cal_mode_t] -> 0xffff9e8d177c
cceprint: [_ZN8cceprint15load_cbuf_to_caEPiS0_mb15addr_cal_mode_t] -> 0xffff9e8d19bc
cceprint: [_ZN8cceprint15load_cbuf_to_caEPiS0_thtthb15addr_cal_mode_t] -> 0xffff9e8d1b48
cceprint: [_ZN8cceprint15load_cbuf_to_caEPiS0_thtthbb15addr_cal_mode_t] -> 0xffff9e8d1dcc
cceprint: [_ZN8cceprint15load_cbuf_to_caEPiS0_thttb15addr_cal_mode_t] -> 0xffff9e8d2088
cceprint: [_ZN8cceprint15load_cbuf_to_caEPaS0_mb] -> 0xffff9e8d22c8
cceprint: [_ZN8cceprint15load_cbuf_to_caEPaS0_mb15addr_cal_mode_t] -> 0xffff9e8d240c
cceprint: [_ZN8cceprint15load_cbuf_to_caEPaS0_thtthb15addr_cal_mode_t] -> 0xffff9e8d2598
cceprint: [_ZN8cceprint15load_cbuf_to_caEPaS0_thtthbb15addr_cal_mode_t] -> 0xffff9e8d281c
cceprint: [_ZN8cceprint15load_cbuf_to_caEPaS0_ththb] -> 0xffff9e8d2ad8
cceprint: [_ZN8cceprint15load_cbuf_to_caEPaS0_thttb15addr_cal_mode_t] -> 0xffff9e8d2cdc
cceprint: [_ZN8cceprint15load_cbuf_to_caEPjS0_mb15addr_cal_mode_t] -> 0xffff9e8d2f1c
cceprint: [_ZN8cceprint15load_cbuf_to_caEPjS0_thtthb15addr_cal_mode_t] -> 0xffff9e8d30a8
cceprint: [_ZN8cceprint15load_cbuf_to_caEPjS0_thtthbb15addr_cal_mode_t] -> 0xffff9e8d332c
cceprint: [_ZN8cceprint15load_cbuf_to_caEPjS0_thttb15addr_cal_mode_t] -> 0xffff9e8d35e8
cceprint: [_ZN8cceprint15load_cbuf_to_caEPhS0_mb] -> 0xffff9e8d3828
cceprint: [_ZN8cceprint15load_cbuf_to_caEPhS0_mb15addr_cal_mode_t] -> 0xffff9e8d396c
cceprint: [_ZN8cceprint15load_cbuf_to_caEPhS0_thtthb15addr_cal_mode_t] -> 0xffff9e8d3af8
cceprint: [_ZN8cceprint15load_cbuf_to_caEPhS0_thtthbb15addr_cal_mode_t] -> 0xffff9e8d3d7c
cceprint: [_ZN8cceprint15load_cbuf_to_caEPhS0_ththb] -> 0xffff9e8d4038
cceprint: [_ZN8cceprint15load_cbuf_to_caEPhS0_thttb15addr_cal_mode_t] -> 0xffff9e8d423c
cceprint: [_ZN8cceprint15load_cbuf_to_caEPN7float165Fp16TES2_ththb15addr_cal_mode_t] -> 0xffff9e8d447c
cceprint: [_ZN8cceprint15load_cbuf_to_caEPaS0_ththb15addr_cal_mode_t] -> 0xffff9e8d46c8
cceprint: [_ZN8cceprint15load_cbuf_to_caEPhS0_ththb15addr_cal_mode_t] -> 0xffff9e8d4914
cceprint: [_ZN8cceprint18load_cbuf_to_ca_s4EPvS0_mb15addr_cal_mode_t] -> 0xffff9e8d4b60
cceprint: [_ZN8cceprint18load_cbuf_to_ca_s4EPvS0_thtthb15addr_cal_mode_t] -> 0xffff9e8d4cec
cceprint: [_ZN8cceprint18load_cbuf_to_ca_s4EPvS0_thtthbb15addr_cal_mode_t] -> 0xffff9e8d4f70
cceprint: [_ZN8cceprint25load_cbuf_to_ca_transposeEPN7float165Fp16TES2_mm] -> 0xffff9e8d522c
cceprint: [_ZN8cceprint25load_cbuf_to_ca_transposeEPN7float165Fp16TES2_thttbt] -> 0xffff9e8d537c
cceprint: [_ZN8cceprint25load_cbuf_to_ca_transposeEPfS0_mm] -> 0xffff9e8d55b0
cceprint: [_ZN8cceprint25load_cbuf_to_ca_transposeEPfS0_thttbt] -> 0xffff9e8d5700
cceprint: [_ZN8cceprint25load_cbuf_to_ca_transposeEPiS0_mm] -> 0xffff9e8d5934
cceprint: [_ZN8cceprint25load_cbuf_to_ca_transposeEPiS0_thttbt] -> 0xffff9e8d5a84
cceprint: [_ZN8cceprint25load_cbuf_to_ca_transposeEPaS0_mm] -> 0xffff9e8d5cb8
cceprint: [_ZN8cceprint25load_cbuf_to_ca_transposeEPaS0_thttbt] -> 0xffff9e8d5e08
cceprint: [_ZN8cceprint25load_cbuf_to_ca_transposeEPjS0_mm] -> 0xffff9e8d603c
cceprint: [_ZN8cceprint25load_cbuf_to_ca_transposeEPjS0_thttbt] -> 0xffff9e8d618c
cceprint: [_ZN8cceprint25load_cbuf_to_ca_transposeEPhS0_mm] -> 0xffff9e8d63c0
cceprint: [_ZN8cceprint25load_cbuf_to_ca_transposeEPhS0_thttbt] -> 0xffff9e8d6510
cceprint: [_ZN8cceprint24load_cbuf_to_ca_winogradEPN7float165Fp16TES2_mm] -> 0xffff9e8d6744
cceprint: [_ZN8cceprint24load_cbuf_to_ca_winogradEPN7float165Fp16TES2_ttthhhhtttt] -> 0xffff9e8d6894
cceprint: [_ZN8cceprint24load_cbuf_to_ca_winogradEPaS0_mm] -> 0xffff9e8d6c04
cceprint: [_ZN8cceprint24load_cbuf_to_ca_winogradEPaS0_ttthhhhtttt] -> 0xffff9e8d6d54
cceprint: [_ZN8cceprint24load_cbuf_to_ca_winogradEPhS0_mm] -> 0xffff9e8d70c4
cceprint: [_ZN8cceprint24load_cbuf_to_ca_winogradEPhS0_ttthhhhtttt] -> 0xffff9e8d7214
cceprint: [_ZN8cceprint27load_cbuf_to_ca_winograd_v2EPsS0_mm] -> 0xffff9e8d7584
cceprint: [_ZN8cceprint27load_cbuf_to_ca_winograd_v2EPsS0_ttthhtttt] -> 0xffff9e8d76d4
cceprint: [_ZN8cceprint27load_cbuf_to_ca_winograd_v2EPsS0_ttthhttttb] -> 0xffff9e8d79bc
cceprint: [_ZN8cceprint27load_cbuf_to_ca_winograd_v2EPaS0_mm] -> 0xffff9e8d7cdc
cceprint: [_ZN8cceprint27load_cbuf_to_ca_winograd_v2EPaS0_ttthhtttt] -> 0xffff9e8d7e2c
cceprint: [_ZN8cceprint27load_cbuf_to_ca_winograd_v2EPaS0_ttthhttttb] -> 0xffff9e8d8114
cceprint: [_ZN8cceprint27load_cbuf_to_ca_winograd_v2EPhS0_mm] -> 0xffff9e8d8434
cceprint: [_ZN8cceprint27load_cbuf_to_ca_winograd_v2EPhS0_ttthhttttb] -> 0xffff9e8d8584
cceprint: [_ZN8cceprint15load_cbuf_to_cbEPN8bfloat165Bf16TES2_mb] -> 0xffff9e8d88a4
cceprint: [_ZN8cceprint15load_cbuf_to_cbEPN8bfloat165Bf16TES2_mb15addr_cal_mode_t] -> 0xffff9e8d89e8
cceprint: [_ZN8cceprint15load_cbuf_to_cbEPN8bfloat165Bf16TES2_thtthb15addr_cal_mode_t] -> 0xffff9e8d8b74
cceprint: [_ZN8cceprint15load_cbuf_to_cbEPN8bfloat165Bf16TES2_thtthbb15addr_cal_mode_t] -> 0xffff9e8d8df8
cceprint: [_ZN8cceprint15load_cbuf_to_cbEPN8bfloat165Bf16TES2_ththb] -> 0xffff9e8d90b4
cceprint: [_ZN8cceprint15load_cbuf_to_cbEPN8bfloat165Bf16TES2_thttb15addr_cal_mode_t] -> 0xffff9e8d92b8
cceprint: [_ZN8cceprint15load_cbuf_to_cbEPN8bfloat165Bf16TES2_mmb] -> 0xffff9e8d94f8
cceprint: [_ZN8cceprint15load_cbuf_to_cbEPN8bfloat165Bf16TES2_tthhttb] -> 0xffff9e8d9684
cceprint: [_ZN8cceprint15load_cbuf_to_cbEPN7float165Fp16TES2_mb] -> 0xffff9e8d98fc
cceprint: [_ZN8cceprint15load_cbuf_to_cbEPN7float165Fp16TES2_mb15addr_cal_mode_t] -> 0xffff9e8d9a40
cceprint: [_ZN8cceprint15load_cbuf_to_cbEPN7float165Fp16TES2_thtthb15addr_cal_mode_t] -> 0xffff9e8d9bcc
cceprint: [_ZN8cceprint15load_cbuf_to_cbEPN7float165Fp16TES2_thtthbb15addr_cal_mode_t] -> 0xffff9e8d9e50
cceprint: [_ZN8cceprint15load_cbuf_to_cbEPN7float165Fp16TES2_ththb] -> 0xffff9e8da10c
cceprint: [_ZN8cceprint15load_cbuf_to_cbEPN7float165Fp16TES2_thttb15addr_cal_mode_t] -> 0xffff9e8da310
cceprint: [_ZN8cceprint15load_cbuf_to_cbEPfS0_mb15addr_cal_mode_t] -> 0xffff9e8da550
cceprint: [_ZN8cceprint15load_cbuf_to_cbEPfS0_thtthb15addr_cal_mode_t] -> 0xffff9e8da6dc
cceprint: [_ZN8cceprint15load_cbuf_to_cbEPfS0_thtthbb15addr_cal_mode_t] -> 0xffff9e8da960
cceprint: [_ZN8cceprint15load_cbuf_to_cbEPfS0_thttb15addr_cal_mode_t] -> 0xffff9e8dac1c
cceprint: [_ZN8cceprint15load_cbuf_to_cbEPiS0_mb15addr_cal_mode_t] -> 0xffff9e8dae5c
cceprint: [_ZN8cceprint15load_cbuf_to_cbEPiS0_thtthb15addr_cal_mode_t] -> 0xffff9e8dafe8
cceprint: [_ZN8cceprint15load_cbuf_to_cbEPiS0_thtthbb15addr_cal_mode_t] -> 0xffff9e8db26c
cceprint: [_ZN8cceprint15load_cbuf_to_cbEPiS0_thttb15addr_cal_mode_t] -> 0xffff9e8db528
cceprint: [_ZN8cceprint15load_cbuf_to_cbEPaS0_mb] -> 0xffff9e8db768
cceprint: [_ZN8cceprint15load_cbuf_to_cbEPaS0_mb15addr_cal_mode_t] -> 0xffff9e8db8ac
cceprint: [_ZN8cceprint15load_cbuf_to_cbEPaS0_thtthb15addr_cal_mode_t] -> 0xffff9e8dba38
cceprint: [_ZN8cceprint15load_cbuf_to_cbEPaS0_thtthbb15addr_cal_mode_t] -> 0xffff9e8dbcbc
cceprint: [_ZN8cceprint15load_cbuf_to_cbEPaS0_ththb] -> 0xffff9e8dbf78
cceprint: [_ZN8cceprint15load_cbuf_to_cbEPaS0_thttb15addr_cal_mode_t] -> 0xffff9e8dc17c
cceprint: [_ZN8cceprint15load_cbuf_to_cbEPjS0_mb15addr_cal_mode_t] -> 0xffff9e8dc3bc
cceprint: [_ZN8cceprint15load_cbuf_to_cbEPjS0_thtthb15addr_cal_mode_t] -> 0xffff9e8dc548
cceprint: [_ZN8cceprint15load_cbuf_to_cbEPjS0_thtthbb15addr_cal_mode_t] -> 0xffff9e8dc7cc
cceprint: [_ZN8cceprint15load_cbuf_to_cbEPjS0_thttb15addr_cal_mode_t] -> 0xffff9e8dca88
cceprint: [_ZN8cceprint15load_cbuf_to_cbEPhS0_mb] -> 0xffff9e8dccc8
cceprint: [_ZN8cceprint15load_cbuf_to_cbEPhS0_mb15addr_cal_mode_t] -> 0xffff9e8dce0c
cceprint: [_ZN8cceprint15load_cbuf_to_cbEPhS0_thtthb15addr_cal_mode_t] -> 0xffff9e8dcf98
cceprint: [_ZN8cceprint15load_cbuf_to_cbEPhS0_thtthbb15addr_cal_mode_t] -> 0xffff9e8dd21c
cceprint: [_ZN8cceprint15load_cbuf_to_cbEPhS0_ththb] -> 0xffff9e8dd4d8
cceprint: [_ZN8cceprint15load_cbuf_to_cbEPhS0_thttb15addr_cal_mode_t] -> 0xffff9e8dd6dc
cceprint: [_ZN8cceprint15load_cbuf_to_cbEPN7float165Fp16TES2_ththb15addr_cal_mode_t] -> 0xffff9e8dd91c
cceprint: [_ZN8cceprint15load_cbuf_to_cbEPaS0_ththb15addr_cal_mode_t] -> 0xffff9e8ddb68
cceprint: [_ZN8cceprint15load_cbuf_to_cbEPhS0_ththb15addr_cal_mode_t] -> 0xffff9e8dddb4
cceprint: [_ZN8cceprint18load_cbuf_to_cb_b2EPvS0_m] -> 0xffff9e8de000
cceprint: [_ZN8cceprint18load_cbuf_to_cb_b2EPN7float165Fp16TES2_m] -> 0xffff9e8de108
cceprint: [_ZN8cceprint18load_cbuf_to_cb_b2EPN7float165Fp16TES2_hh] -> 0xffff9e8de210
cceprint: [_ZN8cceprint18load_cbuf_to_cb_b2EPN7float165Fp16TES2_h] -> 0xffff9e8de360
cceprint: [_ZN8cceprint18load_cbuf_to_cb_b2EPaS0_m] -> 0xffff9e8de468
cceprint: [_ZN8cceprint18load_cbuf_to_cb_b2EPaS0_hh] -> 0xffff9e8de570
cceprint: [_ZN8cceprint18load_cbuf_to_cb_b2EPaS0_h] -> 0xffff9e8de6c0
cceprint: [_ZN8cceprint18load_cbuf_to_cb_b2EPhS0_m] -> 0xffff9e8de7c8
cceprint: [_ZN8cceprint18load_cbuf_to_cb_b2EPhS0_hh] -> 0xffff9e8de8d0
cceprint: [_ZN8cceprint18load_cbuf_to_cb_b2EPhS0_h] -> 0xffff9e8dea20
cceprint: [_ZN8cceprint18load_cbuf_to_cb_s4EPvS0_mb15addr_cal_mode_t] -> 0xffff9e8deb28
cceprint: [_ZN8cceprint18load_cbuf_to_cb_s4EPvS0_thtthb15addr_cal_mode_t] -> 0xffff9e8decb4
cceprint: [_ZN8cceprint18load_cbuf_to_cb_s4EPvS0_thtthbb15addr_cal_mode_t] -> 0xffff9e8def38
cceprint: [_ZN8cceprint18load_cbuf_to_cb_spEPaS0_m] -> 0xffff9e8df1f4
cceprint: [_ZN8cceprint18load_cbuf_to_cb_spEPaS0_th] -> 0xffff9e8df2fc
cceprint: [_ZN8cceprint25load_cbuf_to_cb_transposeEPN7float165Fp16TES2_mm] -> 0xffff9e8df440
cceprint: [_ZN8cceprint25load_cbuf_to_cb_transposeEPN7float165Fp16TES2_thttbt] -> 0xffff9e8df590
cceprint: [_ZN8cceprint25load_cbuf_to_cb_transposeEPfS0_mm] -> 0xffff9e8df7c4
cceprint: [_ZN8cceprint25load_cbuf_to_cb_transposeEPfS0_thttbt] -> 0xffff9e8df914
cceprint: [_ZN8cceprint25load_cbuf_to_cb_transposeEPiS0_mm] -> 0xffff9e8dfb48
cceprint: [_ZN8cceprint25load_cbuf_to_cb_transposeEPiS0_thttbt] -> 0xffff9e8dfc98
cceprint: [_ZN8cceprint25load_cbuf_to_cb_transposeEPaS0_mm] -> 0xffff9e8dfecc
cceprint: [_ZN8cceprint25load_cbuf_to_cb_transposeEPaS0_thttbt] -> 0xffff9e8e001c
cceprint: [_ZN8cceprint25load_cbuf_to_cb_transposeEPjS0_mm] -> 0xffff9e8e0250
cceprint: [_ZN8cceprint25load_cbuf_to_cb_transposeEPjS0_thttbt] -> 0xffff9e8e03a0
cceprint: [_ZN8cceprint25load_cbuf_to_cb_transposeEPhS0_mm] -> 0xffff9e8e05d4
cceprint: [_ZN8cceprint25load_cbuf_to_cb_transposeEPhS0_thttbt] -> 0xffff9e8e0724
cceprint: [_ZN8cceprint28load_cbuf_to_cb_transpose_s4EPvS0_mm] -> 0xffff9e8e0958
cceprint: [_ZN8cceprint28load_cbuf_to_cb_transpose_s4EPvS0_thttbt] -> 0xffff9e8e0aa8
cceprint: [_ZN8cceprint24load_cbuf_to_cb_winogradEPN7float165Fp16TES2_m] -> 0xffff9e8e0cdc
cceprint: [_ZN8cceprint24load_cbuf_to_cb_winogradEPN7float165Fp16TES2_hthhhbbh] -> 0xffff9e8e0de4
cceprint: [_ZN8cceprint24load_cbuf_to_cb_winogradEPaS0_m] -> 0xffff9e8e10b8
cceprint: [_ZN8cceprint24load_cbuf_to_cb_winogradEPaS0_hthhhbbh] -> 0xffff9e8e11c0
cceprint: [_ZN8cceprint27load_cbuf_to_cb_winograd_v2EPaS0_m] -> 0xffff9e8e1494
cceprint: [_ZN8cceprint27load_cbuf_to_cb_winograd_v2EPaS0_tttb] -> 0xffff9e8e159c
cceprint: [_ZN8cceprint30load_decompress_header_from_gmEPvm] -> 0xffff9e8e174c
cceprint: [_ZN8cceprint30load_decompress_header_from_gmEPvth] -> 0xffff9e8e1890
cceprint: [_ZN8cceprint13load_gm_to_caEPN7float165Fp16TES2_m] -> 0xffff9e8e1a10
cceprint: [_ZN8cceprint13load_gm_to_caEPN7float165Fp16TES2_m15addr_cal_mode_t] -> 0xffff9e8e1b90
cceprint: [_ZN8cceprint13load_gm_to_caEPN7float165Fp16TES2_thtth15addr_cal_mode_t] -> 0xffff9e8e1d58
cceprint: [_ZN8cceprint13load_gm_to_caEPN7float165Fp16TES2_thtthb15addr_cal_mode_t] -> 0xffff9e8e201c
cceprint: [_ZN8cceprint13load_gm_to_caEPN7float165Fp16TES2_thth] -> 0xffff9e8e2318
cceprint: [_ZN8cceprint13load_gm_to_caEPN8bfloat165Bf16TES2_m] -> 0xffff9e8e2558
cceprint: [_ZN8cceprint13load_gm_to_caEPN8bfloat165Bf16TES2_m15addr_cal_mode_t] -> 0xffff9e8e26d8
cceprint: [_ZN8cceprint13load_gm_to_caEPN8bfloat165Bf16TES2_thtth15addr_cal_mode_t] -> 0xffff9e8e28a0
cceprint: [_ZN8cceprint13load_gm_to_caEPN8bfloat165Bf16TES2_thtthb15addr_cal_mode_t] -> 0xffff9e8e2b64
cceprint: [_ZN8cceprint13load_gm_to_caEPN8bfloat165Bf16TES2_thth] -> 0xffff9e8e2e60
cceprint: [_ZN8cceprint13load_gm_to_caEPfS0_m15addr_cal_mode_t] -> 0xffff9e8e30a0
cceprint: [_ZN8cceprint13load_gm_to_caEPfS0_thtth15addr_cal_mode_t] -> 0xffff9e8e3268
cceprint: [_ZN8cceprint13load_gm_to_caEPfS0_thtthb15addr_cal_mode_t] -> 0xffff9e8e352c
cceprint: [_ZN8cceprint13load_gm_to_caEPiS0_m15addr_cal_mode_t] -> 0xffff9e8e3828
cceprint: [_ZN8cceprint13load_gm_to_caEPiS0_thtth15addr_cal_mode_t] -> 0xffff9e8e39f0
cceprint: [_ZN8cceprint13load_gm_to_caEPiS0_thtthb15addr_cal_mode_t] -> 0xffff9e8e3cb4
cceprint: [_ZN8cceprint13load_gm_to_caEPaS0_m] -> 0xffff9e8e3fb0
cceprint: [_ZN8cceprint13load_gm_to_caEPaS0_m15addr_cal_mode_t] -> 0xffff9e8e4130
cceprint: [_ZN8cceprint13load_gm_to_caEPaS0_thtth15addr_cal_mode_t] -> 0xffff9e8e42f8
cceprint: [_ZN8cceprint13load_gm_to_caEPaS0_thtthb15addr_cal_mode_t] -> 0xffff9e8e45bc
cceprint: [_ZN8cceprint13load_gm_to_caEPaS0_thth] -> 0xffff9e8e48b8
cceprint: [_ZN8cceprint13load_gm_to_caEPjS0_m15addr_cal_mode_t] -> 0xffff9e8e4af8
cceprint: [_ZN8cceprint13load_gm_to_caEPjS0_thtth15addr_cal_mode_t] -> 0xffff9e8e4cc0
cceprint: [_ZN8cceprint13load_gm_to_caEPjS0_thtthb15addr_cal_mode_t] -> 0xffff9e8e4f84
cceprint: [_ZN8cceprint13load_gm_to_caEPhS0_m] -> 0xffff9e8e5280
cceprint: [_ZN8cceprint13load_gm_to_caEPhS0_m15addr_cal_mode_t] -> 0xffff9e8e5400
cceprint: [_ZN8cceprint13load_gm_to_caEPhS0_thtth15addr_cal_mode_t] -> 0xffff9e8e55c8
cceprint: [_ZN8cceprint13load_gm_to_caEPhS0_thtthb15addr_cal_mode_t] -> 0xffff9e8e588c
cceprint: [_ZN8cceprint13load_gm_to_caEPhS0_thth] -> 0xffff9e8e5b88
cceprint: [_ZN8cceprint13load_gm_to_caEPN7float165Fp16TES2_thth15addr_cal_mode_t] -> 0xffff9e8e5dc8
cceprint: [_ZN8cceprint13load_gm_to_caEPaS0_thth15addr_cal_mode_t] -> 0xffff9e8e6050
cceprint: [_ZN8cceprint13load_gm_to_caEPhS0_thth15addr_cal_mode_t] -> 0xffff9e8e62d8
cceprint: [_ZN8cceprint16load_gm_to_ca_s4EPvS0_m15addr_cal_mode_t] -> 0xffff9e8e6560
cceprint: [_ZN8cceprint16load_gm_to_ca_s4EPvS0_thtth15addr_cal_mode_t] -> 0xffff9e8e6728
cceprint: [_ZN8cceprint16load_gm_to_ca_s4EPvS0_thtthb15addr_cal_mode_t] -> 0xffff9e8e69ec
cceprint: [_ZN8cceprint19load_gm_to_ca_unzipEPN7float165Fp16TES2_] -> 0xffff9e8e6ce8
cceprint: [_ZN8cceprint19load_gm_to_ca_unzipEPvS0_] -> 0xffff9e8e6e20
cceprint: [_ZN8cceprint13load_gm_to_cbEPN7float165Fp16TES2_m] -> 0xffff9e8e6f58
cceprint: [_ZN8cceprint13load_gm_to_cbEPN7float165Fp16TES2_m15addr_cal_mode_t] -> 0xffff9e8e70d8
cceprint: [_ZN8cceprint13load_gm_to_cbEPN7float165Fp16TES2_thtth15addr_cal_mode_t] -> 0xffff9e8e72a0
cceprint: [_ZN8cceprint13load_gm_to_cbEPN7float165Fp16TES2_thtthb15addr_cal_mode_t] -> 0xffff9e8e7564
cceprint: [_ZN8cceprint13load_gm_to_cbEPN7float165Fp16TES2_thth] -> 0xffff9e8e7860
cceprint: [_ZN8cceprint13load_gm_to_cbEPN8bfloat165Bf16TES2_m] -> 0xffff9e8e7aa0
cceprint: [_ZN8cceprint13load_gm_to_cbEPN8bfloat165Bf16TES2_m15addr_cal_mode_t] -> 0xffff9e8e7c20
cceprint: [_ZN8cceprint13load_gm_to_cbEPN8bfloat165Bf16TES2_thtth15addr_cal_mode_t] -> 0xffff9e8e7de8
cceprint: [_ZN8cceprint13load_gm_to_cbEPN8bfloat165Bf16TES2_thtthb15addr_cal_mode_t] -> 0xffff9e8e80ac
cceprint: [_ZN8cceprint13load_gm_to_cbEPN8bfloat165Bf16TES2_thth] -> 0xffff9e8e83a8
cceprint: [_ZN8cceprint13load_gm_to_cbEPfS0_m15addr_cal_mode_t] -> 0xffff9e8e85e8
cceprint: [_ZN8cceprint13load_gm_to_cbEPfS0_thtth15addr_cal_mode_t] -> 0xffff9e8e87b0
cceprint: [_ZN8cceprint13load_gm_to_cbEPfS0_thtthb15addr_cal_mode_t] -> 0xffff9e8e8a74
cceprint: [_ZN8cceprint13load_gm_to_cbEPiS0_m15addr_cal_mode_t] -> 0xffff9e8e8d70
cceprint: [_ZN8cceprint13load_gm_to_cbEPiS0_thtth15addr_cal_mode_t] -> 0xffff9e8e8f38
cceprint: [_ZN8cceprint13load_gm_to_cbEPiS0_thtthb15addr_cal_mode_t] -> 0xffff9e8e91fc
cceprint: [_ZN8cceprint13load_gm_to_cbEPaS0_m] -> 0xffff9e8e94f8
cceprint: [_ZN8cceprint13load_gm_to_cbEPaS0_m15addr_cal_mode_t] -> 0xffff9e8e9678
cceprint: [_ZN8cceprint13load_gm_to_cbEPaS0_thtth15addr_cal_mode_t] -> 0xffff9e8e9840
cceprint: [_ZN8cceprint13load_gm_to_cbEPaS0_thtthb15addr_cal_mode_t] -> 0xffff9e8e9b04
cceprint: [_ZN8cceprint13load_gm_to_cbEPaS0_thth] -> 0xffff9e8e9e00
cceprint: [_ZN8cceprint13load_gm_to_cbEPjS0_m15addr_cal_mode_t] -> 0xffff9e8ea040
cceprint: [_ZN8cceprint13load_gm_to_cbEPjS0_thtth15addr_cal_mode_t] -> 0xffff9e8ea208
cceprint: [_ZN8cceprint13load_gm_to_cbEPjS0_thtthb15addr_cal_mode_t] -> 0xffff9e8ea4cc
cceprint: [_ZN8cceprint13load_gm_to_cbEPhS0_m] -> 0xffff9e8ea7c8
cceprint: [_ZN8cceprint13load_gm_to_cbEPhS0_m15addr_cal_mode_t] -> 0xffff9e8ea948
cceprint: [_ZN8cceprint13load_gm_to_cbEPhS0_thtth15addr_cal_mode_t] -> 0xffff9e8eab10
cceprint: [_ZN8cceprint13load_gm_to_cbEPhS0_thtthb15addr_cal_mode_t] -> 0xffff9e8eadd4
cceprint: [_ZN8cceprint13load_gm_to_cbEPhS0_thth] -> 0xffff9e8eb0d0
cceprint: [_ZN8cceprint13load_gm_to_cbEPN7float165Fp16TES2_thth15addr_cal_mode_t] -> 0xffff9e8eb310
cceprint: [_ZN8cceprint13load_gm_to_cbEPaS0_thth15addr_cal_mode_t] -> 0xffff9e8eb598
cceprint: [_ZN8cceprint13load_gm_to_cbEPhS0_thth15addr_cal_mode_t] -> 0xffff9e8eb820
cceprint: [_ZN8cceprint16load_gm_to_cb_s4EPvS0_m15addr_cal_mode_t] -> 0xffff9e8ebaa8
cceprint: [_ZN8cceprint16load_gm_to_cb_s4EPvS0_thtth15addr_cal_mode_t] -> 0xffff9e8ebc70
cceprint: [_ZN8cceprint16load_gm_to_cb_s4EPvS0_thtthb15addr_cal_mode_t] -> 0xffff9e8ebf34
cceprint: [_ZN8cceprint19load_gm_to_cb_unzipEPN7float165Fp16TES2_] -> 0xffff9e8ec230
cceprint: [_ZN8cceprint19load_gm_to_cb_unzipEPvS0_] -> 0xffff9e8ec368
cceprint: [_ZN8cceprint15load_gm_to_cbufEPN7float165Fp16TES2_m] -> 0xffff9e8ec4a0
cceprint: [_ZN8cceprint15load_gm_to_cbufEPN7float165Fp16TES2_m15addr_cal_mode_t] -> 0xffff9e8ec620
cceprint: [_ZN8cceprint15load_gm_to_cbufEPN7float165Fp16TES2_thtth15addr_cal_mode_t] -> 0xffff9e8ec7e8
cceprint: [_ZN8cceprint15load_gm_to_cbufEPN7float165Fp16TES2_thtthb15addr_cal_mode_t] -> 0xffff9e8ecaac
cceprint: [_ZN8cceprint15load_gm_to_cbufEPN7float165Fp16TES2_thth] -> 0xffff9e8ecda8
cceprint: [_ZN8cceprint15load_gm_to_cbufEPN8bfloat165Bf16TES2_m] -> 0xffff9e8ecfe8
cceprint: [_ZN8cceprint15load_gm_to_cbufEPN8bfloat165Bf16TES2_m15addr_cal_mode_t] -> 0xffff9e8ed168
cceprint: [_ZN8cceprint15load_gm_to_cbufEPN8bfloat165Bf16TES2_thtth15addr_cal_mode_t] -> 0xffff9e8ed330
cceprint: [_ZN8cceprint15load_gm_to_cbufEPN8bfloat165Bf16TES2_thtthb15addr_cal_mode_t] -> 0xffff9e8ed5f4
cceprint: [_ZN8cceprint15load_gm_to_cbufEPN8bfloat165Bf16TES2_thth] -> 0xffff9e8ed8f0
cceprint: [_ZN8cceprint15load_gm_to_cbufEPfS0_m15addr_cal_mode_t] -> 0xffff9e8edb30
cceprint: [_ZN8cceprint15load_gm_to_cbufEPfS0_thtth15addr_cal_mode_t] -> 0xffff9e8edcf8
cceprint: [_ZN8cceprint15load_gm_to_cbufEPfS0_thtthb15addr_cal_mode_t] -> 0xffff9e8edfbc
cceprint: [_ZN8cceprint15load_gm_to_cbufEPiS0_m15addr_cal_mode_t] -> 0xffff9e8ee2b8
cceprint: [_ZN8cceprint15load_gm_to_cbufEPiS0_thtth15addr_cal_mode_t] -> 0xffff9e8ee480
cceprint: [_ZN8cceprint15load_gm_to_cbufEPiS0_thtthb15addr_cal_mode_t] -> 0xffff9e8ee744
cceprint: [_ZN8cceprint15load_gm_to_cbufEPaS0_m] -> 0xffff9e8eea40
cceprint: [_ZN8cceprint15load_gm_to_cbufEPaS0_m15addr_cal_mode_t] -> 0xffff9e8eebc0
cceprint: [_ZN8cceprint15load_gm_to_cbufEPaS0_thtth15addr_cal_mode_t] -> 0xffff9e8eed88
cceprint: [_ZN8cceprint15load_gm_to_cbufEPaS0_thtthb15addr_cal_mode_t] -> 0xffff9e8ef04c
cceprint: [_ZN8cceprint15load_gm_to_cbufEPaS0_thth] -> 0xffff9e8ef348
cceprint: [_ZN8cceprint15load_gm_to_cbufEPjS0_m15addr_cal_mode_t] -> 0xffff9e8ef588
cceprint: [_ZN8cceprint15load_gm_to_cbufEPjS0_thtth15addr_cal_mode_t] -> 0xffff9e8ef750
cceprint: [_ZN8cceprint15load_gm_to_cbufEPjS0_thtthb15addr_cal_mode_t] -> 0xffff9e8efa14
cceprint: [_ZN8cceprint15load_gm_to_cbufEPhS0_m] -> 0xffff9e8efd10
cceprint: [_ZN8cceprint15load_gm_to_cbufEPhS0_m15addr_cal_mode_t] -> 0xffff9e8efe90
cceprint: [_ZN8cceprint15load_gm_to_cbufEPhS0_thtth15addr_cal_mode_t] -> 0xffff9e8f0058
cceprint: [_ZN8cceprint15load_gm_to_cbufEPhS0_thtthb15addr_cal_mode_t] -> 0xffff9e8f031c
cceprint: [_ZN8cceprint15load_gm_to_cbufEPhS0_thth] -> 0xffff9e8f0618
cceprint: [_ZN8cceprint15load_gm_to_cbufEPN7float165Fp16TES2_thth15addr_cal_mode_t] -> 0xffff9e8f0858
cceprint: [_ZN8cceprint15load_gm_to_cbufEPaS0_thth15addr_cal_mode_t] -> 0xffff9e8f0ae0
cceprint: [_ZN8cceprint15load_gm_to_cbufEPhS0_thth15addr_cal_mode_t] -> 0xffff9e8f0d68
cceprint: [_ZN8cceprint18load_gm_to_cbuf_s4EPvS0_m15addr_cal_mode_t] -> 0xffff9e8f0ff0
cceprint: [_ZN8cceprint18load_gm_to_cbuf_s4EPvS0_thtth15addr_cal_mode_t] -> 0xffff9e8f11b8
cceprint: [_ZN8cceprint18load_gm_to_cbuf_s4EPvS0_thtthb15addr_cal_mode_t] -> 0xffff9e8f147c
cceprint: [_ZN8cceprint21load_gm_to_cbuf_unzipEPN7float165Fp16TES2_] -> 0xffff9e8f1778
cceprint: [_ZN8cceprint21load_gm_to_cbuf_unzipEPvS0_] -> 0xffff9e8f18b0
cceprint: [_ZN8cceprint18load_image_to_cbufEPN7float165Fp16TEmm] -> 0xffff9e8f19e8
cceprint: [_ZN8cceprint18load_image_to_cbufEPN7float165Fp16TEttttthhtth] -> 0xffff9e8f1afc
cceprint: [_ZN8cceprint18load_image_to_cbufEPsmm] -> 0xffff9e8f1df0
cceprint: [_ZN8cceprint18load_image_to_cbufEPsttttthhtth] -> 0xffff9e8f1f04
cceprint: [_ZN8cceprint18load_image_to_cbufEPamm] -> 0xffff9e8f21f8
cceprint: [_ZN8cceprint18load_image_to_cbufEPattttthhtth] -> 0xffff9e8f230c
cceprint: [_ZN8cceprint18load_image_to_cbufEPhmm] -> 0xffff9e8f2600
cceprint: [_ZN8cceprint18load_image_to_cbufEPhttttthhtth] -> 0xffff9e8f2714
cceprint: [_ZN8cceprint26load_smask_table_from_cbufEtPvm] -> 0xffff9e8f2a08
cceprint: [_ZN8cceprint24load_smask_table_from_gmEtPvm] -> 0xffff9e8f2b10
cceprint: [_ZN8cceprint24load_smask_table_from_ubEtPvm] -> 0xffff9e8f2c90
cceprint: [_ZN8cceprint24load_unzip_index_from_gmEPvm] -> 0xffff9e8f2d98
cceprint: [_ZN8cceprint24load_unzip_index_from_gmEPvjh] -> 0xffff9e8f2edc
cceprint: [_ZN8cceprint3madEPN7float165Fp16TES2_S2_m] -> 0xffff9e8f305c
cceprint: [_ZN8cceprint3madEPN7float165Fp16TES2_S2_tttb] -> 0xffff9e8f31a0
cceprint: [_ZN8cceprint3madEPN7float165Fp16TES2_S2_ttthhbbbbb] -> 0xffff9e8f338c
cceprint: [_ZN8cceprint3madEPN7float165Fp16TES2_S2_ttthbbb] -> 0xffff9e8f36e4
cceprint: [_ZN8cceprint3madEPfPN7float165Fp16TES3_m] -> 0xffff9e8f3988
cceprint: [_ZN8cceprint3madEPfPN7float165Fp16TES3_tttb] -> 0xffff9e8f3acc
cceprint: [_ZN8cceprint3madEPfPN7float165Fp16TES3_ttthhbbbbb] -> 0xffff9e8f3cb8
cceprint: [_ZN8cceprint3madEPfPN7float165Fp16TES3_ttthbbb] -> 0xffff9e8f4010
cceprint: [_ZN8cceprint3madEPfPN7float165Fp16TES3_ttthhhbbbb] -> 0xffff9e8f42b4
cceprint: [_ZN8cceprint3madEPfPN8bfloat165Bf16TES3_m] -> 0xffff9e8f4618
cceprint: [_ZN8cceprint3madEPfPN8bfloat165Bf16TES3_ttthbbb] -> 0xffff9e8f475c
cceprint: [_ZN8cceprint3madEPfPN8bfloat165Bf16TES3_ttthhhbbbb] -> 0xffff9e8f4a00
cceprint: [_ZN8cceprint3madEPfS0_S0_m] -> 0xffff9e8f4d64
cceprint: [_ZN8cceprint3madEPfS0_S0_ttthbbb] -> 0xffff9e8f4ea8
cceprint: [_ZN8cceprint3madEPfS0_S0_ttthhhbbbb] -> 0xffff9e8f514c
cceprint: [_ZN8cceprint3madEPiPsPam] -> 0xffff9e8f54b0
cceprint: [_ZN8cceprint3madEPiPsPattth11unit_flag_tbb] -> 0xffff9e8f55f4
cceprint: [_ZN8cceprint3madEPiPaS1_m] -> 0xffff9e8f58a4
cceprint: [_ZN8cceprint3madEPiPaS1_tttb] -> 0xffff9e8f59e8
cceprint: [_ZN8cceprint3madEPiPaS1_ttthhbbbbb] -> 0xffff9e8f5bd4
cceprint: [_ZN8cceprint3madEPiPaS1_ttthbbb] -> 0xffff9e8f5f2c
cceprint: [_ZN8cceprint3madEPiPaS1_ttthhhbbbb] -> 0xffff9e8f61d0
cceprint: [_ZN8cceprint3madEPjPhS1_m] -> 0xffff9e8f6534
cceprint: [_ZN8cceprint3madEPjPhS1_tttb] -> 0xffff9e8f6678
cceprint: [_ZN8cceprint3madEPjPhS1_ttthhbbbbb] -> 0xffff9e8f6864
cceprint: [_ZN8cceprint3madEPjPhS1_ttthbbb] -> 0xffff9e8f6bbc
cceprint: [_ZN8cceprint3madEPiPhS1_m] -> 0xffff9e8f6e60
cceprint: [_ZN8cceprint3madEPiPhS1_tttb] -> 0xffff9e8f6fa4
cceprint: [_ZN8cceprint3madEPiPhS1_ttthhbbbbb] -> 0xffff9e8f7190
cceprint: [_ZN8cceprint3madEPiPhS1_ttthbbb] -> 0xffff9e8f74e8
cceprint: [_ZN8cceprint3madEPiPhS1_ttthhhbbbb] -> 0xffff9e8f778c
cceprint: [_ZN8cceprint3madEPiPhPam] -> 0xffff9e8f7af0
cceprint: [_ZN8cceprint3madEPiPhPatttb] -> 0xffff9e8f7c34
cceprint: [_ZN8cceprint3madEPiPhPattthhbbbbb] -> 0xffff9e8f7e20
cceprint: [_ZN8cceprint3madEPiPhPattthbbb] -> 0xffff9e8f8178
cceprint: [_ZN8cceprint3madEPN7float165Fp16TES2_S2_mm] -> 0xffff9e8f841c
cceprint: [_ZN8cceprint3madEPN7float165Fp16TES2_S2_mtttb] -> 0xffff9e8f85a8
cceprint: [_ZN8cceprint3madEPN7float165Fp16TES2_S2_mttthbbb] -> 0xffff9e8f87dc
cceprint: [_ZN8cceprint3madEPfPN7float165Fp16TES3_mm] -> 0xffff9e8f8ac4
cceprint: [_ZN8cceprint3madEPfPN7float165Fp16TES3_mtttb] -> 0xffff9e8f8c50
cceprint: [_ZN8cceprint3madEPfPN7float165Fp16TES3_mttthbbb] -> 0xffff9e8f8e84
cceprint: [_ZN8cceprint3madEPfPN8bfloat165Bf16TES3_mm] -> 0xffff9e8f916c
cceprint: [_ZN8cceprint3madEPfPN8bfloat165Bf16TES3_mttthbbb] -> 0xffff9e8f92f8
cceprint: [_ZN8cceprint3madEPfS0_S0_mm] -> 0xffff9e8f95e0
cceprint: [_ZN8cceprint3madEPfS0_S0_mttthbbb] -> 0xffff9e8f976c
cceprint: [_ZN8cceprint3madEPiPsPamm] -> 0xffff9e8f9a54
cceprint: [_ZN8cceprint3madEPiPsPamttth11unit_flag_tbb] -> 0xffff9e8f9be0
cceprint: [_ZN8cceprint3madEPiPaS1_mm] -> 0xffff9e8f9ed4
cceprint: [_ZN8cceprint3madEPiPaS1_mtttb] -> 0xffff9e8fa060
cceprint: [_ZN8cceprint3madEPiPaS1_mttthbbb] -> 0xffff9e8fa294
cceprint: [_ZN8cceprint3madEPjPhS1_mm] -> 0xffff9e8fa57c
cceprint: [_ZN8cceprint3madEPjPhS1_mtttb] -> 0xffff9e8fa708
cceprint: [_ZN8cceprint3madEPjPhS1_mttthbbb] -> 0xffff9e8fa93c
cceprint: [_ZN8cceprint3madEPiPhS1_mm] -> 0xffff9e8fac24
cceprint: [_ZN8cceprint3madEPiPhS1_mtttb] -> 0xffff9e8fadb0
cceprint: [_ZN8cceprint3madEPiPhS1_mttthbbb] -> 0xffff9e8fafe4
cceprint: [_ZN8cceprint3madEPiPhPamm] -> 0xffff9e8fb2cc
cceprint: [_ZN8cceprint3madEPiPhPamtttb] -> 0xffff9e8fb458
cceprint: [_ZN8cceprint3madEPiPhPamttthbbb] -> 0xffff9e8fb68c
cceprint: [_ZN8cceprint8mad_b8u2EPiPaPvm] -> 0xffff9e8fb974
cceprint: [_ZN8cceprint8mad_b8u2EPiPaPvtttb] -> 0xffff9e8fbab8
cceprint: [_ZN8cceprint8mad_b8u2EPiPaPvttthhbbbbb] -> 0xffff9e8fbca4
cceprint: [_ZN8cceprint8mad_b8u2EPiPhPvm] -> 0xffff9e8fbffc
cceprint: [_ZN8cceprint8mad_b8u2EPiPhPvtttb] -> 0xffff9e8fc140
cceprint: [_ZN8cceprint8mad_b8u2EPiPhPvttthhbbbbb] -> 0xffff9e8fc32c
cceprint: [_ZN8cceprint12mad_bf162f32EPfPtS1_m] -> 0xffff9e8fc684
cceprint: [_ZN8cceprint12mad_bf162f32EPfPtS1_ttthbbb] -> 0xffff9e8fc7c8
cceprint: [_ZN8cceprint12mad_bf162f32EPfPtS1_ttthhhbbbb] -> 0xffff9e8fca6c
cceprint: [_ZN8cceprint9mad_f16u2EPN7float165Fp16TES2_Pvm] -> 0xffff9e8fcdd0
cceprint: [_ZN8cceprint9mad_f16u2EPN7float165Fp16TES2_Pvtttb] -> 0xffff9e8fcf14
cceprint: [_ZN8cceprint9mad_f16u2EPN7float165Fp16TES2_Pvttthhbbbbb] -> 0xffff9e8fd100
cceprint: [_ZN8cceprint6mad_s4EPiPvS1_m] -> 0xffff9e8fd458
cceprint: [_ZN8cceprint6mad_s4EPiPvS1_tttb] -> 0xffff9e8fd59c
cceprint: [_ZN8cceprint6mad_s4EPiPvS1_ttthhbbbbb] -> 0xffff9e8fd788
cceprint: [_ZN8cceprint6mad_s4EPiPvS1_ttthbbb] -> 0xffff9e8fdae0
cceprint: [_ZN8cceprint6mad_s4EPiPvS1_ttthhhbbbb] -> 0xffff9e8fdd84
cceprint: [_ZN8cceprint6mad_spEPiPaS1_m] -> 0xffff9e8fe0e8
cceprint: [_ZN8cceprint6mad_spEPiPaS1_ttthbb] -> 0xffff9e8fe22c
cceprint: [_ZN8cceprint12mad_tf322f32EPfS0_S0_m] -> 0xffff9e8fe498
cceprint: [_ZN8cceprint12mad_tf322f32EPfS0_S0_ttthbbb] -> 0xffff9e8fe5dc
cceprint: [_ZN8cceprint12mad_tf322f32EPfS0_S0_ttthhhbbbb] -> 0xffff9e8fe880
cceprint: [_ZN8cceprint8mov_vsprE6VSPR_tm] -> 0xffff9e8febe4
cceprint: [_ZN8cceprint13mte4_mte5_offEv] -> 0xffff9e8fecbc
cceprint: [_ZN8cceprint12mte4_mte5_onEv] -> 0xffff9e8fed1c
cceprint: [_ZN8cceprint7mvf_dciEv] -> 0xffff9e8fed7c
cceprint: [_ZN8cceprint21mvf_gm_to_ub_b128_u16EPvS0_S0_m] -> 0xffff9e8feddc
cceprint: [_ZN8cceprint21mvf_gm_to_ub_b128_u16EPvS0_S0_thh] -> 0xffff9e8fef98
cceprint: [_ZN8cceprint21mvf_gm_to_ub_b128_u32EPvS0_S0_m] -> 0xffff9e8ff1d8
cceprint: [_ZN8cceprint21mvf_gm_to_ub_b128_u32EPvS0_S0_thh] -> 0xffff9e8ff394
cceprint: [_ZN8cceprint21mvf_gm_to_ub_b256_u16EPvS0_S0_m] -> 0xffff9e8ff5d4
cceprint: [_ZN8cceprint21mvf_gm_to_ub_b256_u16EPvS0_S0_thh] -> 0xffff9e8ff790
cceprint: [_ZN8cceprint21mvf_gm_to_ub_b256_u32EPvS0_S0_m] -> 0xffff9e8ff9d0
cceprint: [_ZN8cceprint21mvf_gm_to_ub_b256_u32EPvS0_S0_thh] -> 0xffff9e8ffb8c
cceprint: [_ZN8cceprint20mvf_gm_to_ub_b32_u16EPvS0_S0_m] -> 0xffff9e8ffdcc
cceprint: [_ZN8cceprint20mvf_gm_to_ub_b32_u16EPvS0_S0_thh] -> 0xffff9e8fff88
cceprint: [_ZN8cceprint20mvf_gm_to_ub_b32_u32EPvS0_S0_m] -> 0xffff9e9001c8
cceprint: [_ZN8cceprint20mvf_gm_to_ub_b32_u32EPvS0_S0_thh] -> 0xffff9e900384
cceprint: [_ZN8cceprint21mvf_gm_to_ub_b512_u16EPvS0_S0_m] -> 0xffff9e9005c4
cceprint: [_ZN8cceprint21mvf_gm_to_ub_b512_u16EPvS0_S0_thh] -> 0xffff9e900780
cceprint: [_ZN8cceprint21mvf_gm_to_ub_b512_u32EPvS0_S0_m] -> 0xffff9e9009c0
cceprint: [_ZN8cceprint21mvf_gm_to_ub_b512_u32EPvS0_S0_thh] -> 0xffff9e900b7c
cceprint: [_ZN8cceprint20mvf_gm_to_ub_b64_u16EPvS0_S0_m] -> 0xffff9e900dbc
cceprint: [_ZN8cceprint20mvf_gm_to_ub_b64_u16EPvS0_S0_thh] -> 0xffff9e900f78
cceprint: [_ZN8cceprint20mvf_gm_to_ub_b64_u32EPvS0_S0_m] -> 0xffff9e9011b8
cceprint: [_ZN8cceprint20mvf_gm_to_ub_b64_u32EPvS0_S0_thh] -> 0xffff9e901374
cceprint: [_ZN8cceprint12pc_trace_offEv] -> 0xffff9e9015b4
cceprint: [_ZN8cceprint11pc_trace_onEv] -> 0xffff9e901614
cceprint: [_ZN8cceprint12pipe_barrierE6pipe_t] -> 0xffff9e901674
cceprint: [_ZN8cceprint7preloadEPKv] -> 0xffff9e901710
cceprint: [_ZN8cceprint7preloadEPKvl] -> 0xffff9e901794
cceprint: [_ZN8cceprint12release_pbidEm] -> 0xffff9e901854
cceprint: [_ZN8cceprint7rpn_corEPN7float165Fp16TES2_m] -> 0xffff9e9018e4
cceprint: [_ZN8cceprint7rpn_corEPN7float165Fp16TES2_htt] -> 0xffff9e9019ec
cceprint: [_ZN8cceprint12rpn_cor_diagEPN7float165Fp16TES2_] -> 0xffff9e901b6c
cceprint: [_ZN8cceprint13rpn_cor_diag2EPN7float165Fp16TES2_] -> 0xffff9e901c2c
cceprint: [_ZN8cceprint8sbitset0Eml] -> 0xffff9e901cec
cceprint: [_ZN8cceprint8sbitset1Eml] -> 0xffff9e901d3c
cceprint: [_ZN8cceprint12scatter_vabsE7vtype_t10ub_addr8_tS1_m] -> 0xffff9e901d8c
cceprint: [_ZN8cceprint12scatter_vabsE7vtype_t10ub_addr8_tS1_htt] -> 0xffff9e901ef4
cceprint: [_ZN8cceprint16scatter_vabs_f16E10ub_addr8_tS0_m] -> 0xffff9e9020d4
cceprint: [_ZN8cceprint16scatter_vabs_f16E10ub_addr8_tS0_htt] -> 0xffff9e9021f4
cceprint: [_ZN8cceprint16scatter_vabs_f32E10ub_addr8_tS0_m] -> 0xffff9e90238c
cceprint: [_ZN8cceprint16scatter_vabs_f32E10ub_addr8_tS0_htt] -> 0xffff9e9024ac
cceprint: [_ZN8cceprint16scatter_vabs_s16E10ub_addr8_tS0_m] -> 0xffff9e902644
cceprint: [_ZN8cceprint16scatter_vabs_s16E10ub_addr8_tS0_htt] -> 0xffff9e902764
cceprint: [_ZN8cceprint12scatter_vaddE7vtype_t10ub_addr8_tS1_S1_m] -> 0xffff9e9028fc
cceprint: [_ZN8cceprint12scatter_vaddE7vtype_t10ub_addr8_tS1_S1_httt] -> 0xffff9e902aac
cceprint: [_ZN8cceprint16scatter_vadd_f16E10ub_addr8_tS0_S0_m] -> 0xffff9e902d10
cceprint: [_ZN8cceprint16scatter_vadd_f16E10ub_addr8_tS0_S0_httt] -> 0xffff9e902e78
cceprint: [_ZN8cceprint16scatter_vadd_f32E10ub_addr8_tS0_S0_m] -> 0xffff9e903094
cceprint: [_ZN8cceprint16scatter_vadd_f32E10ub_addr8_tS0_S0_httt] -> 0xffff9e9031fc
cceprint: [_ZN8cceprint16scatter_vadd_s16E10ub_addr8_tS0_S0_m] -> 0xffff9e903418
cceprint: [_ZN8cceprint16scatter_vadd_s16E10ub_addr8_tS0_S0_httt] -> 0xffff9e903580
cceprint: [_ZN8cceprint16scatter_vadd_s32E10ub_addr8_tS0_S0_m] -> 0xffff9e90379c
cceprint: [_ZN8cceprint16scatter_vadd_s32E10ub_addr8_tS0_S0_httt] -> 0xffff9e903904
cceprint: [_ZN8cceprint13scatter_vaddsE7vtype_t10ub_addr8_tS1_N7float165Fp16TEm] -> 0xffff9e903b20
cceprint: [_ZN8cceprint13scatter_vaddsE7vtype_t10ub_addr8_tS1_N7float165Fp16TEhtt] -> 0xffff9e903cd8
cceprint: [_ZN8cceprint13scatter_vaddsE7vtype_t10ub_addr8_tS1_fm] -> 0xffff9e903f08
cceprint: [_ZN8cceprint13scatter_vaddsE7vtype_t10ub_addr8_tS1_fhtt] -> 0xffff9e9040ac
cceprint: [_ZN8cceprint17scatter_vadds_f16E10ub_addr8_tS0_N7float165Fp16TEm] -> 0xffff9e9042c8
cceprint: [_ZN8cceprint17scatter_vadds_f16E10ub_addr8_tS0_N7float165Fp16TEhtt] -> 0xffff9e904438
cceprint: [_ZN8cceprint17scatter_vadds_f32E10ub_addr8_tS0_fm] -> 0xffff9e904620
cceprint: [_ZN8cceprint17scatter_vadds_f32E10ub_addr8_tS0_fhtt] -> 0xffff9e90477c
cceprint: [_ZN8cceprint17scatter_vadds_s16E10ub_addr8_tS0_sm] -> 0xffff9e904950
cceprint: [_ZN8cceprint17scatter_vadds_s16E10ub_addr8_tS0_shtt] -> 0xffff9e904aac
cceprint: [_ZN8cceprint17scatter_vadds_s32E10ub_addr8_tS0_im] -> 0xffff9e904c80
cceprint: [_ZN8cceprint17scatter_vadds_s32E10ub_addr8_tS0_ihtt] -> 0xffff9e904ddc
cceprint: [_ZN8cceprint13scatter_vaxpyE7vtype_t10ub_addr8_tS1_N7float165Fp16TEmb] -> 0xffff9e904fb0
cceprint: [_ZN8cceprint13scatter_vaxpyE7vtype_t10ub_addr8_tS1_N7float165Fp16TEhttb] -> 0xffff9e9051a4
cceprint: [_ZN8cceprint13scatter_vaxpyE7vtype_t10ub_addr8_tS1_fmb] -> 0xffff9e905410
cceprint: [_ZN8cceprint13scatter_vaxpyE7vtype_t10ub_addr8_tS1_fhttb] -> 0xffff9e9055f0
cceprint: [_ZN8cceprint17scatter_vaxpy_f16E10ub_addr8_tS0_N7float165Fp16TEmb] -> 0xffff9e905848
cceprint: [_ZN8cceprint17scatter_vaxpy_f16E10ub_addr8_tS0_N7float165Fp16TEhttb] -> 0xffff9e9059f4
cceprint: [_ZN8cceprint17scatter_vaxpy_f32E10ub_addr8_tS0_fmb] -> 0xffff9e905c18
cceprint: [_ZN8cceprint17scatter_vaxpy_f32E10ub_addr8_tS0_fhttb] -> 0xffff9e905db0
cceprint: [_ZN8cceprint18scatter_vaxpy_fmixE10ub_addr8_tS0_N7float165Fp16TEmb] -> 0xffff9e905fc0
cceprint: [_ZN8cceprint18scatter_vaxpy_fmixE10ub_addr8_tS0_N7float165Fp16TEhttb] -> 0xffff9e90616c
cceprint: [_ZN8cceprint15scatter_vcmp_eqE7vtype_t10ub_addr8_tS1_m] -> 0xffff9e906390
cceprint: [_ZN8cceprint19scatter_vcmp_eq_f16E10ub_addr8_tS0_m] -> 0xffff9e9064f8
cceprint: [_ZN8cceprint19scatter_vcmp_eq_f32E10ub_addr8_tS0_m] -> 0xffff9e906618
cceprint: [_ZN8cceprint19scatter_vcmp_eq_s16E10ub_addr8_tS0_m] -> 0xffff9e906738
cceprint: [_ZN8cceprint15scatter_vcmp_geE7vtype_t10ub_addr8_tS1_m] -> 0xffff9e906858
cceprint: [_ZN8cceprint19scatter_vcmp_ge_f16E10ub_addr8_tS0_m] -> 0xffff9e9069c0
cceprint: [_ZN8cceprint19scatter_vcmp_ge_f32E10ub_addr8_tS0_m] -> 0xffff9e906ae0
cceprint: [_ZN8cceprint19scatter_vcmp_ge_s16E10ub_addr8_tS0_m] -> 0xffff9e906c00
cceprint: [_ZN8cceprint15scatter_vcmp_gtE7vtype_t10ub_addr8_tS1_m] -> 0xffff9e906d20
cceprint: [_ZN8cceprint19scatter_vcmp_gt_f16E10ub_addr8_tS0_m] -> 0xffff9e906e88
cceprint: [_ZN8cceprint19scatter_vcmp_gt_f32E10ub_addr8_tS0_m] -> 0xffff9e906fa8
cceprint: [_ZN8cceprint19scatter_vcmp_gt_s16E10ub_addr8_tS0_m] -> 0xffff9e9070c8
cceprint: [_ZN8cceprint15scatter_vcmp_leE7vtype_t10ub_addr8_tS1_m] -> 0xffff9e9071e8
cceprint: [_ZN8cceprint19scatter_vcmp_le_f16E10ub_addr8_tS0_m] -> 0xffff9e907350
cceprint: [_ZN8cceprint19scatter_vcmp_le_f32E10ub_addr8_tS0_m] -> 0xffff9e907470
cceprint: [_ZN8cceprint19scatter_vcmp_le_s16E10ub_addr8_tS0_m] -> 0xffff9e907590
cceprint: [_ZN8cceprint15scatter_vcmp_ltE7vtype_t10ub_addr8_tS1_m] -> 0xffff9e9076b0
cceprint: [_ZN8cceprint19scatter_vcmp_lt_f16E10ub_addr8_tS0_m] -> 0xffff9e907818
cceprint: [_ZN8cceprint19scatter_vcmp_lt_f32E10ub_addr8_tS0_m] -> 0xffff9e907938
cceprint: [_ZN8cceprint19scatter_vcmp_lt_s16E10ub_addr8_tS0_m] -> 0xffff9e907a58
cceprint: [_ZN8cceprint15scatter_vcmp_neE7vtype_t10ub_addr8_tS1_m] -> 0xffff9e907b78
cceprint: [_ZN8cceprint19scatter_vcmp_ne_f16E10ub_addr8_tS0_m] -> 0xffff9e907ce0
cceprint: [_ZN8cceprint19scatter_vcmp_ne_f32E10ub_addr8_tS0_m] -> 0xffff9e907e00
cceprint: [_ZN8cceprint19scatter_vcmp_ne_s16E10ub_addr8_tS0_m] -> 0xffff9e907f20
cceprint: [_ZN8cceprint19scatter_vconcat_f16EPN7float165Fp16TE10ub_addr8_tm] -> 0xffff9e908040
cceprint: [_ZN8cceprint19scatter_vconcat_f16EPN7float165Fp16TE10ub_addr8_thh] -> 0xffff9e908154
cceprint: [_ZN8cceprint19scatter_vconcat_f32EPf10ub_addr8_tm] -> 0xffff9e9082b0
cceprint: [_ZN8cceprint19scatter_vconcat_f32EPf10ub_addr8_thh] -> 0xffff9e9083c4
cceprint: [_ZN8cceprint17scatter_vconv_deqE10ub_addr8_tS0_mb] -> 0xffff9e908520
cceprint: [_ZN8cceprint17scatter_vconv_deqE10ub_addr8_tS0_httb] -> 0xffff9e90867c
cceprint: [_ZN8cceprint21scatter_vconv_f162f32E10ub_addr8_tS0_mb] -> 0xffff9e908850
cceprint: [_ZN8cceprint21scatter_vconv_f162f32E10ub_addr8_tS0_httb] -> 0xffff9e9089ac
cceprint: [_ZN8cceprint22scatter_vconv_f162s32aE10ub_addr8_tS0_mb] -> 0xffff9e908b80
cceprint: [_ZN8cceprint22scatter_vconv_f162s32aE10ub_addr8_tS0_httb] -> 0xffff9e908cdc
cceprint: [_ZN8cceprint22scatter_vconv_f162s32cE10ub_addr8_tS0_mb] -> 0xffff9e908eb0
cceprint: [_ZN8cceprint22scatter_vconv_f162s32cE10ub_addr8_tS0_httb] -> 0xffff9e90900c
cceprint: [_ZN8cceprint22scatter_vconv_f162s32fE10ub_addr8_tS0_mb] -> 0xffff9e9091e0
cceprint: [_ZN8cceprint22scatter_vconv_f162s32fE10ub_addr8_tS0_httb] -> 0xffff9e90933c
cceprint: [_ZN8cceprint22scatter_vconv_f162s32rE10ub_addr8_tS0_mb] -> 0xffff9e909510
cceprint: [_ZN8cceprint22scatter_vconv_f162s32rE10ub_addr8_tS0_httb] -> 0xffff9e90966c
cceprint: [_ZN8cceprint22scatter_vconv_f162s32zE10ub_addr8_tS0_mb] -> 0xffff9e909840
cceprint: [_ZN8cceprint22scatter_vconv_f162s32zE10ub_addr8_tS0_httb] -> 0xffff9e90999c
cceprint: [_ZN8cceprint20scatter_vconv_f162s8E10ub_addr8_tS0_mb] -> 0xffff9e909b70
cceprint: [_ZN8cceprint20scatter_vconv_f162s8E10ub_addr8_tS0_httb] -> 0xffff9e909ccc
cceprint: [_ZN8cceprint21scatter_vconv_f162s8aE10ub_addr8_tS0_mb] -> 0xffff9e909ea0
cceprint: [_ZN8cceprint21scatter_vconv_f162s8aE10ub_addr8_tS0_httb] -> 0xffff9e909ffc
cceprint: [_ZN8cceprint21scatter_vconv_f162s8cE10ub_addr8_tS0_mb] -> 0xffff9e90a1d0
cceprint: [_ZN8cceprint21scatter_vconv_f162s8cE10ub_addr8_tS0_httb] -> 0xffff9e90a32c
cceprint: [_ZN8cceprint21scatter_vconv_f162s8fE10ub_addr8_tS0_mb] -> 0xffff9e90a500
cceprint: [_ZN8cceprint21scatter_vconv_f162s8fE10ub_addr8_tS0_httb] -> 0xffff9e90a65c
cceprint: [_ZN8cceprint21scatter_vconv_f162s8zE10ub_addr8_tS0_mb] -> 0xffff9e90a830
cceprint: [_ZN8cceprint21scatter_vconv_f162s8zE10ub_addr8_tS0_httb] -> 0xffff9e90a98c
cceprint: [_ZN8cceprint20scatter_vconv_f162u8E10ub_addr8_tS0_mb] -> 0xffff9e90ab60
cceprint: [_ZN8cceprint20scatter_vconv_f162u8E10ub_addr8_tS0_httb] -> 0xffff9e90acbc
cceprint: [_ZN8cceprint21scatter_vconv_f162u8aE10ub_addr8_tS0_mb] -> 0xffff9e90ae90
cceprint: [_ZN8cceprint21scatter_vconv_f162u8aE10ub_addr8_tS0_httb] -> 0xffff9e90afec
cceprint: [_ZN8cceprint21scatter_vconv_f162u8cE10ub_addr8_tS0_mb] -> 0xffff9e90b1c0
cceprint: [_ZN8cceprint21scatter_vconv_f162u8cE10ub_addr8_tS0_httb] -> 0xffff9e90b31c
cceprint: [_ZN8cceprint21scatter_vconv_f162u8fE10ub_addr8_tS0_mb] -> 0xffff9e90b4f0
cceprint: [_ZN8cceprint21scatter_vconv_f162u8fE10ub_addr8_tS0_httb] -> 0xffff9e90b64c
cceprint: [_ZN8cceprint21scatter_vconv_f162u8zE10ub_addr8_tS0_mb] -> 0xffff9e90b820
cceprint: [_ZN8cceprint21scatter_vconv_f162u8zE10ub_addr8_tS0_httb] -> 0xffff9e90b97c
cceprint: [_ZN8cceprint21scatter_vconv_f322f16E10ub_addr8_tS0_mb] -> 0xffff9e90bb50
cceprint: [_ZN8cceprint21scatter_vconv_f322f16E10ub_addr8_tS0_httb] -> 0xffff9e90bcac
cceprint: [_ZN8cceprint22scatter_vconv_f322f16oE10ub_addr8_tS0_mb] -> 0xffff9e90be80
cceprint: [_ZN8cceprint22scatter_vconv_f322f16oE10ub_addr8_tS0_httb] -> 0xffff9e90bfdc
cceprint: [_ZN8cceprint22scatter_vconv_f322s32aE10ub_addr8_tS0_mb] -> 0xffff9e90c1b0
cceprint: [_ZN8cceprint22scatter_vconv_f322s32aE10ub_addr8_tS0_httb] -> 0xffff9e90c30c
cceprint: [_ZN8cceprint22scatter_vconv_f322s32cE10ub_addr8_tS0_mb] -> 0xffff9e90c4e0
cceprint: [_ZN8cceprint22scatter_vconv_f322s32cE10ub_addr8_tS0_httb] -> 0xffff9e90c63c
cceprint: [_ZN8cceprint22scatter_vconv_f322s32fE10ub_addr8_tS0_mb] -> 0xffff9e90c810
cceprint: [_ZN8cceprint22scatter_vconv_f322s32fE10ub_addr8_tS0_httb] -> 0xffff9e90c96c
cceprint: [_ZN8cceprint22scatter_vconv_f322s32rE10ub_addr8_tS0_mb] -> 0xffff9e90cb40
cceprint: [_ZN8cceprint22scatter_vconv_f322s32rE10ub_addr8_tS0_httb] -> 0xffff9e90cc9c
cceprint: [_ZN8cceprint22scatter_vconv_f322s32zE10ub_addr8_tS0_mb] -> 0xffff9e90ce70
cceprint: [_ZN8cceprint22scatter_vconv_f322s32zE10ub_addr8_tS0_httb] -> 0xffff9e90cfcc
cceprint: [_ZN8cceprint21scatter_vconv_s322f32E10ub_addr8_tS0_mb] -> 0xffff9e90d1a0
cceprint: [_ZN8cceprint21scatter_vconv_s322f32E10ub_addr8_tS0_httb] -> 0xffff9e90d2fc
cceprint: [_ZN8cceprint20scatter_vconv_s82f16E10ub_addr8_tS0_mb] -> 0xffff9e90d4d0
cceprint: [_ZN8cceprint20scatter_vconv_s82f16E10ub_addr8_tS0_httb] -> 0xffff9e90d62c
cceprint: [_ZN8cceprint20scatter_vconv_u82f16E10ub_addr8_tS0_mb] -> 0xffff9e90d800
cceprint: [_ZN8cceprint20scatter_vconv_u82f16E10ub_addr8_tS0_httb] -> 0xffff9e90d95c
cceprint: [_ZN8cceprint21scatter_vcshuffle_b16E10ub_addr8_tS0_m] -> 0xffff9e90db30
cceprint: [_ZN8cceprint21scatter_vcshuffle_b16E10ub_addr8_tS0_htth] -> 0xffff9e90dc50
cceprint: [_ZN8cceprint21scatter_vcshuffle_b32E10ub_addr8_tS0_m] -> 0xffff9e90de30
cceprint: [_ZN8cceprint21scatter_vcshuffle_b32E10ub_addr8_tS0_htth] -> 0xffff9e90df50
cceprint: [_ZN8cceprint20scatter_vcshuffle_b8E10ub_addr8_tS0_m] -> 0xffff9e90e130
cceprint: [_ZN8cceprint20scatter_vcshuffle_b8E10ub_addr8_tS0_htth] -> 0xffff9e90e250
cceprint: [_ZN8cceprint12scatter_vdivE7vtype_t10ub_addr8_tS1_S1_m] -> 0xffff9e90e430
cceprint: [_ZN8cceprint12scatter_vdivE7vtype_t10ub_addr8_tS1_S1_httt] -> 0xffff9e90e5e0
cceprint: [_ZN8cceprint16scatter_vdiv_f16E10ub_addr8_tS0_S0_m] -> 0xffff9e90e844
cceprint: [_ZN8cceprint16scatter_vdiv_f16E10ub_addr8_tS0_S0_httt] -> 0xffff9e90e9ac
cceprint: [_ZN8cceprint16scatter_vdiv_f32E10ub_addr8_tS0_S0_m] -> 0xffff9e90ebc8
cceprint: [_ZN8cceprint16scatter_vdiv_f32E10ub_addr8_tS0_S0_httt] -> 0xffff9e90ed30
cceprint: [_ZN8cceprint18scatter_vector_movE7vtype_t10ub_addr8_tS1_m] -> 0xffff9e90ef4c
cceprint: [_ZN8cceprint18scatter_vector_movE7vtype_t10ub_addr8_tS1_htt] -> 0xffff9e90f0b4
cceprint: [_ZN8cceprint22scatter_vector_mov_f16E10ub_addr8_tS0_m] -> 0xffff9e90f294
cceprint: [_ZN8cceprint22scatter_vector_mov_f16E10ub_addr8_tS0_htt] -> 0xffff9e90f3b4
cceprint: [_ZN8cceprint22scatter_vector_mov_s16E10ub_addr8_tS0_m] -> 0xffff9e90f54c
cceprint: [_ZN8cceprint22scatter_vector_mov_s16E10ub_addr8_tS0_htt] -> 0xffff9e90f66c
cceprint: [_ZN8cceprint22scatter_vector_mov_u16E10ub_addr8_tS0_m] -> 0xffff9e90f804
cceprint: [_ZN8cceprint22scatter_vector_mov_u16E10ub_addr8_tS0_htt] -> 0xffff9e90f924
cceprint: [_ZN8cceprint12scatter_vexpE7vtype_t10ub_addr8_tS1_m] -> 0xffff9e90fabc
cceprint: [_ZN8cceprint12scatter_vexpE7vtype_t10ub_addr8_tS1_htt] -> 0xffff9e90fc24
cceprint: [_ZN8cceprint16scatter_vexp_f16E10ub_addr8_tS0_m] -> 0xffff9e90fe04
cceprint: [_ZN8cceprint16scatter_vexp_f16E10ub_addr8_tS0_htt] -> 0xffff9e90ff24
cceprint: [_ZN8cceprint16scatter_vexp_f32E10ub_addr8_tS0_m] -> 0xffff9e9100bc
cceprint: [_ZN8cceprint16scatter_vexp_f32E10ub_addr8_tS0_htt] -> 0xffff9e9101dc
cceprint: [_ZN8cceprint20scatter_vextract_f16E10ub_addr8_tPN7float165Fp16TEm] -> 0xffff9e910374
cceprint: [_ZN8cceprint20scatter_vextract_f16E10ub_addr8_tPN7float165Fp16TEhh] -> 0xffff9e910488
cceprint: [_ZN8cceprint20scatter_vextract_f32E10ub_addr8_tPfm] -> 0xffff9e9105e4
cceprint: [_ZN8cceprint20scatter_vextract_f32E10ub_addr8_tPfhh] -> 0xffff9e9106f8
cceprint: [_ZN8cceprint11scatter_vlnE7vtype_t10ub_addr8_tS1_m] -> 0xffff9e910854
cceprint: [_ZN8cceprint11scatter_vlnE7vtype_t10ub_addr8_tS1_htt] -> 0xffff9e9109bc
cceprint: [_ZN8cceprint15scatter_vln_f16E10ub_addr8_tS0_m] -> 0xffff9e910b9c
cceprint: [_ZN8cceprint15scatter_vln_f16E10ub_addr8_tS0_htt] -> 0xffff9e910cbc
cceprint: [_ZN8cceprint15scatter_vln_f32E10ub_addr8_tS0_m] -> 0xffff9e910e54
cceprint: [_ZN8cceprint15scatter_vln_f32E10ub_addr8_tS0_htt] -> 0xffff9e910f74
cceprint: [_ZN8cceprint13scatter_vmaddE7vtype_t10ub_addr8_tS1_S1_m] -> 0xffff9e91110c
cceprint: [_ZN8cceprint13scatter_vmaddE7vtype_t10ub_addr8_tS1_S1_httt] -> 0xffff9e9112bc
cceprint: [_ZN8cceprint17scatter_vmadd_f16E10ub_addr8_tS0_S0_m] -> 0xffff9e911520
cceprint: [_ZN8cceprint17scatter_vmadd_f16E10ub_addr8_tS0_S0_httt] -> 0xffff9e911688
cceprint: [_ZN8cceprint17scatter_vmadd_f32E10ub_addr8_tS0_S0_m] -> 0xffff9e9118a4
cceprint: [_ZN8cceprint17scatter_vmadd_f32E10ub_addr8_tS0_S0_httt] -> 0xffff9e911a0c
cceprint: [_ZN8cceprint17scatter_vmaddreluE7vtype_t10ub_addr8_tS1_S1_m] -> 0xffff9e911c28
cceprint: [_ZN8cceprint17scatter_vmaddreluE7vtype_t10ub_addr8_tS1_S1_httt] -> 0xffff9e911dd8
cceprint: [_ZN8cceprint21scatter_vmaddrelu_f16E10ub_addr8_tS0_S0_m] -> 0xffff9e91203c
cceprint: [_ZN8cceprint21scatter_vmaddrelu_f16E10ub_addr8_tS0_S0_httt] -> 0xffff9e9121a4
cceprint: [_ZN8cceprint21scatter_vmaddrelu_f32E10ub_addr8_tS0_S0_m] -> 0xffff9e9123c0
cceprint: [_ZN8cceprint21scatter_vmaddrelu_f32E10ub_addr8_tS0_S0_httt] -> 0xffff9e912528
cceprint: [_ZN8cceprint12scatter_vmaxE7vtype_t10ub_addr8_tS1_S1_m] -> 0xffff9e912744
cceprint: [_ZN8cceprint12scatter_vmaxE7vtype_t10ub_addr8_tS1_S1_httt] -> 0xffff9e9128f4
cceprint: [_ZN8cceprint16scatter_vmax_f16E10ub_addr8_tS0_S0_m] -> 0xffff9e912b58
cceprint: [_ZN8cceprint16scatter_vmax_f16E10ub_addr8_tS0_S0_httt] -> 0xffff9e912cc0
cceprint: [_ZN8cceprint16scatter_vmax_f32E10ub_addr8_tS0_S0_m] -> 0xffff9e912edc
cceprint: [_ZN8cceprint16scatter_vmax_f32E10ub_addr8_tS0_S0_httt] -> 0xffff9e913044
cceprint: [_ZN8cceprint16scatter_vmax_s16E10ub_addr8_tS0_S0_m] -> 0xffff9e913260
cceprint: [_ZN8cceprint16scatter_vmax_s16E10ub_addr8_tS0_S0_httt] -> 0xffff9e9133c8
cceprint: [_ZN8cceprint16scatter_vmax_s32E10ub_addr8_tS0_S0_m] -> 0xffff9e9135e4
cceprint: [_ZN8cceprint16scatter_vmax_s32E10ub_addr8_tS0_S0_httt] -> 0xffff9e91374c
cceprint: [_ZN8cceprint17scatter_vmaxs_f16E10ub_addr8_tS0_N7float165Fp16TEm] -> 0xffff9e913968
cceprint: [_ZN8cceprint17scatter_vmaxs_f16E10ub_addr8_tS0_N7float165Fp16TEhtt] -> 0xffff9e913ad8
cceprint: [_ZN8cceprint17scatter_vmaxs_f32E10ub_addr8_tS0_fm] -> 0xffff9e913cc0
cceprint: [_ZN8cceprint17scatter_vmaxs_f32E10ub_addr8_tS0_fhtt] -> 0xffff9e913e1c
cceprint: [_ZN8cceprint17scatter_vmaxs_s16E10ub_addr8_tS0_sm] -> 0xffff9e913ff0
cceprint: [_ZN8cceprint17scatter_vmaxs_s16E10ub_addr8_tS0_shtt] -> 0xffff9e91414c
cceprint: [_ZN8cceprint17scatter_vmaxs_s32E10ub_addr8_tS0_im] -> 0xffff9e914320
cceprint: [_ZN8cceprint17scatter_vmaxs_s32E10ub_addr8_tS0_ihtt] -> 0xffff9e91447c
cceprint: [_ZN8cceprint12scatter_vminE7vtype_t10ub_addr8_tS1_S1_m] -> 0xffff9e914650
cceprint: [_ZN8cceprint12scatter_vminE7vtype_t10ub_addr8_tS1_S1_httt] -> 0xffff9e914800
cceprint: [_ZN8cceprint16scatter_vmin_f16E10ub_addr8_tS0_S0_m] -> 0xffff9e914a64
cceprint: [_ZN8cceprint16scatter_vmin_f16E10ub_addr8_tS0_S0_httt] -> 0xffff9e914bcc
cceprint: [_ZN8cceprint16scatter_vmin_f32E10ub_addr8_tS0_S0_m] -> 0xffff9e914de8
cceprint: [_ZN8cceprint16scatter_vmin_f32E10ub_addr8_tS0_S0_httt] -> 0xffff9e914f50
cceprint: [_ZN8cceprint16scatter_vmin_s16E10ub_addr8_tS0_S0_m] -> 0xffff9e91516c
cceprint: [_ZN8cceprint16scatter_vmin_s16E10ub_addr8_tS0_S0_httt] -> 0xffff9e9152d4
cceprint: [_ZN8cceprint16scatter_vmin_s32E10ub_addr8_tS0_S0_m] -> 0xffff9e9154f0
cceprint: [_ZN8cceprint16scatter_vmin_s32E10ub_addr8_tS0_S0_httt] -> 0xffff9e915658
cceprint: [_ZN8cceprint17scatter_vmins_f16E10ub_addr8_tS0_N7float165Fp16TEm] -> 0xffff9e915874
cceprint: [_ZN8cceprint17scatter_vmins_f16E10ub_addr8_tS0_N7float165Fp16TEhtt] -> 0xffff9e9159e4
cceprint: [_ZN8cceprint17scatter_vmins_f32E10ub_addr8_tS0_fm] -> 0xffff9e915bcc
cceprint: [_ZN8cceprint17scatter_vmins_f32E10ub_addr8_tS0_fhtt] -> 0xffff9e915d28
cceprint: [_ZN8cceprint17scatter_vmins_s16E10ub_addr8_tS0_sm] -> 0xffff9e915efc
cceprint: [_ZN8cceprint17scatter_vmins_s16E10ub_addr8_tS0_shtt] -> 0xffff9e916058
cceprint: [_ZN8cceprint17scatter_vmins_s32E10ub_addr8_tS0_im] -> 0xffff9e91622c
cceprint: [_ZN8cceprint17scatter_vmins_s32E10ub_addr8_tS0_ihtt] -> 0xffff9e916388
cceprint: [_ZN8cceprint12scatter_vmlaE7vtype_t10ub_addr8_tS1_S1_m] -> 0xffff9e91655c
cceprint: [_ZN8cceprint12scatter_vmlaE7vtype_t10ub_addr8_tS1_S1_httt] -> 0xffff9e91670c
cceprint: [_ZN8cceprint16scatter_vmla_f16E10ub_addr8_tS0_S0_m] -> 0xffff9e916970
cceprint: [_ZN8cceprint16scatter_vmla_f16E10ub_addr8_tS0_S0_httt] -> 0xffff9e916ad8
cceprint: [_ZN8cceprint16scatter_vmla_f32E10ub_addr8_tS0_S0_m] -> 0xffff9e916cf4
cceprint: [_ZN8cceprint16scatter_vmla_f32E10ub_addr8_tS0_S0_httt] -> 0xffff9e916e5c
cceprint: [_ZN8cceprint17scatter_vmla_fmixE10ub_addr8_tS0_S0_m] -> 0xffff9e917078
cceprint: [_ZN8cceprint17scatter_vmla_fmixE10ub_addr8_tS0_S0_httt] -> 0xffff9e9171e0
cceprint: [_ZN8cceprint12scatter_vmulE7vtype_t10ub_addr8_tS1_S1_m] -> 0xffff9e9173fc
cceprint: [_ZN8cceprint12scatter_vmulE7vtype_t10ub_addr8_tS1_S1_httt] -> 0xffff9e9175ac
cceprint: [_ZN8cceprint16scatter_vmul_f16E10ub_addr8_tS0_S0_m] -> 0xffff9e917810
cceprint: [_ZN8cceprint16scatter_vmul_f16E10ub_addr8_tS0_S0_httt] -> 0xffff9e917978
cceprint: [_ZN8cceprint16scatter_vmul_f32E10ub_addr8_tS0_S0_m] -> 0xffff9e917b94
cceprint: [_ZN8cceprint16scatter_vmul_f32E10ub_addr8_tS0_S0_httt] -> 0xffff9e917cfc
cceprint: [_ZN8cceprint16scatter_vmul_s16E10ub_addr8_tS0_S0_m] -> 0xffff9e917f18
cceprint: [_ZN8cceprint16scatter_vmul_s16E10ub_addr8_tS0_S0_httt] -> 0xffff9e918080
cceprint: [_ZN8cceprint16scatter_vmul_s32E10ub_addr8_tS0_S0_m] -> 0xffff9e91829c
cceprint: [_ZN8cceprint16scatter_vmul_s32E10ub_addr8_tS0_S0_httt] -> 0xffff9e918404
cceprint: [_ZN8cceprint23scatter_vmulconv_f162s8E10ub_addr8_tS0_S0_mb] -> 0xffff9e918620
cceprint: [_ZN8cceprint23scatter_vmulconv_f162s8E10ub_addr8_tS0_S0_htttb] -> 0xffff9e9187c4
cceprint: [_ZN8cceprint23scatter_vmulconv_f162u8E10ub_addr8_tS0_S0_mb] -> 0xffff9e918a1c
cceprint: [_ZN8cceprint23scatter_vmulconv_f162u8E10ub_addr8_tS0_S0_htttb] -> 0xffff9e918bc0
cceprint: [_ZN8cceprint13scatter_vmulsE7vtype_t10ub_addr8_tS1_N7float165Fp16TEm] -> 0xffff9e918e18
cceprint: [_ZN8cceprint13scatter_vmulsE7vtype_t10ub_addr8_tS1_N7float165Fp16TEhtt] -> 0xffff9e918fd0
cceprint: [_ZN8cceprint13scatter_vmulsE7vtype_t10ub_addr8_tS1_fm] -> 0xffff9e919200
cceprint: [_ZN8cceprint13scatter_vmulsE7vtype_t10ub_addr8_tS1_fhtt] -> 0xffff9e9193a4
cceprint: [_ZN8cceprint17scatter_vmuls_f16E10ub_addr8_tS0_N7float165Fp16TEm] -> 0xffff9e9195c0
cceprint: [_ZN8cceprint17scatter_vmuls_f16E10ub_addr8_tS0_N7float165Fp16TEhtt] -> 0xffff9e919730
cceprint: [_ZN8cceprint17scatter_vmuls_f32E10ub_addr8_tS0_fm] -> 0xffff9e919918
cceprint: [_ZN8cceprint17scatter_vmuls_f32E10ub_addr8_tS0_fhtt] -> 0xffff9e919a74
cceprint: [_ZN8cceprint17scatter_vmuls_s16E10ub_addr8_tS0_sm] -> 0xffff9e919c48
cceprint: [_ZN8cceprint17scatter_vmuls_s16E10ub_addr8_tS0_shtt] -> 0xffff9e919da4
cceprint: [_ZN8cceprint17scatter_vmuls_s32E10ub_addr8_tS0_im] -> 0xffff9e919f78
cceprint: [_ZN8cceprint17scatter_vmuls_s32E10ub_addr8_tS0_ihtt] -> 0xffff9e91a0d4
cceprint: [_ZN8cceprint21scatter_vnchwconv_b16E10ub_addr8_tPsm] -> 0xffff9e91a2a8
cceprint: [_ZN8cceprint21scatter_vnchwconv_b16E10ub_addr8_tPshtt] -> 0xffff9e91a3bc
cceprint: [_ZN8cceprint21scatter_vnchwconv_b16E10ub_addr8_tPtm] -> 0xffff9e91a548
cceprint: [_ZN8cceprint21scatter_vnchwconv_b16E10ub_addr8_tPthtt] -> 0xffff9e91a65c
cceprint: [_ZN8cceprint21scatter_vnchwconv_b16EPs10ub_addr8_tm] -> 0xffff9e91a7e8
cceprint: [_ZN8cceprint21scatter_vnchwconv_b16EPs10ub_addr8_thtt] -> 0xffff9e91a8fc
cceprint: [_ZN8cceprint21scatter_vnchwconv_b16EPt10ub_addr8_tm] -> 0xffff9e91aa88
cceprint: [_ZN8cceprint21scatter_vnchwconv_b16EPt10ub_addr8_thtt] -> 0xffff9e91ab9c
cceprint: [_ZN8cceprint21scatter_vnchwconv_b16E10ub_addr8_tS0_m] -> 0xffff9e91ad28
cceprint: [_ZN8cceprint21scatter_vnchwconv_b16E10ub_addr8_tS0_htt] -> 0xffff9e91ae48
cceprint: [_ZN8cceprint21scatter_vnchwconv_b32E10ub_addr8_tPim] -> 0xffff9e91afe0
cceprint: [_ZN8cceprint21scatter_vnchwconv_b32E10ub_addr8_tPihtt] -> 0xffff9e91b0f4
cceprint: [_ZN8cceprint21scatter_vnchwconv_b32E10ub_addr8_tPjm] -> 0xffff9e91b280
cceprint: [_ZN8cceprint21scatter_vnchwconv_b32E10ub_addr8_tPjhtt] -> 0xffff9e91b394
cceprint: [_ZN8cceprint21scatter_vnchwconv_b32EPi10ub_addr8_tm] -> 0xffff9e91b520
cceprint: [_ZN8cceprint21scatter_vnchwconv_b32EPi10ub_addr8_thtt] -> 0xffff9e91b634
cceprint: [_ZN8cceprint21scatter_vnchwconv_b32EPj10ub_addr8_tm] -> 0xffff9e91b7c0
cceprint: [_ZN8cceprint21scatter_vnchwconv_b32EPj10ub_addr8_thtt] -> 0xffff9e91b8d4
cceprint: [_ZN8cceprint21scatter_vnchwconv_b32E10ub_addr8_tS0_m] -> 0xffff9e91ba60
cceprint: [_ZN8cceprint21scatter_vnchwconv_b32E10ub_addr8_tS0_htt] -> 0xffff9e91bb80
cceprint: [_ZN8cceprint20scatter_vnchwconv_b8E10ub_addr8_tPambb] -> 0xffff9e91bd18
cceprint: [_ZN8cceprint20scatter_vnchwconv_b8E10ub_addr8_tPahttbb] -> 0xffff9e91bea4
cceprint: [_ZN8cceprint20scatter_vnchwconv_b8E10ub_addr8_tPhmbb] -> 0xffff9e91c0a8
cceprint: [_ZN8cceprint20scatter_vnchwconv_b8E10ub_addr8_tPhhttbb] -> 0xffff9e91c234
cceprint: [_ZN8cceprint20scatter_vnchwconv_b8EPa10ub_addr8_tmbb] -> 0xffff9e91c438
cceprint: [_ZN8cceprint20scatter_vnchwconv_b8EPa10ub_addr8_thttbb] -> 0xffff9e91c5c4
cceprint: [_ZN8cceprint20scatter_vnchwconv_b8EPh10ub_addr8_tmbb] -> 0xffff9e91c7c8
cceprint: [_ZN8cceprint20scatter_vnchwconv_b8EPh10ub_addr8_thttbb] -> 0xffff9e91c954
cceprint: [_ZN8cceprint20scatter_vnchwconv_b8E10ub_addr8_tS0_mbb] -> 0xffff9e91cb58
cceprint: [_ZN8cceprint20scatter_vnchwconv_b8E10ub_addr8_tS0_httbb] -> 0xffff9e91ccf0
cceprint: [_ZN8cceprint12scatter_vrecE7vtype_t10ub_addr8_tS1_m] -> 0xffff9e91cf00
cceprint: [_ZN8cceprint12scatter_vrecE7vtype_t10ub_addr8_tS1_htt] -> 0xffff9e91d068
cceprint: [_ZN8cceprint16scatter_vrec_f16E10ub_addr8_tS0_m] -> 0xffff9e91d248
cceprint: [_ZN8cceprint16scatter_vrec_f16E10ub_addr8_tS0_htt] -> 0xffff9e91d368
cceprint: [_ZN8cceprint16scatter_vrec_f32E10ub_addr8_tS0_m] -> 0xffff9e91d500
cceprint: [_ZN8cceprint16scatter_vrec_f32E10ub_addr8_tS0_htt] -> 0xffff9e91d620
cceprint: [_ZN8cceprint13scatter_vreluE7vtype_t10ub_addr8_tS1_m] -> 0xffff9e91d7b8
cceprint: [_ZN8cceprint13scatter_vreluE7vtype_t10ub_addr8_tS1_htt] -> 0xffff9e91d920
cceprint: [_ZN8cceprint17scatter_vrelu_f16E10ub_addr8_tS0_m] -> 0xffff9e91db00
cceprint: [_ZN8cceprint17scatter_vrelu_f16E10ub_addr8_tS0_htt] -> 0xffff9e91dc20
cceprint: [_ZN8cceprint17scatter_vrelu_f32E10ub_addr8_tS0_m] -> 0xffff9e91ddb8
cceprint: [_ZN8cceprint17scatter_vrelu_f32E10ub_addr8_tS0_htt] -> 0xffff9e91ded8
cceprint: [_ZN8cceprint17scatter_vrelu_s32E10ub_addr8_tS0_m] -> 0xffff9e91e070
cceprint: [_ZN8cceprint17scatter_vrelu_s32E10ub_addr8_tS0_htt] -> 0xffff9e91e190
cceprint: [_ZN8cceprint14scatter_vrsqrtE7vtype_t10ub_addr8_tS1_m] -> 0xffff9e91e328
cceprint: [_ZN8cceprint14scatter_vrsqrtE7vtype_t10ub_addr8_tS1_htt] -> 0xffff9e91e490
cceprint: [_ZN8cceprint18scatter_vrsqrt_f16E10ub_addr8_tS0_m] -> 0xffff9e91e670
cceprint: [_ZN8cceprint18scatter_vrsqrt_f16E10ub_addr8_tS0_htt] -> 0xffff9e91e790
cceprint: [_ZN8cceprint18scatter_vrsqrt_f32E10ub_addr8_tS0_m] -> 0xffff9e91e928
cceprint: [_ZN8cceprint18scatter_vrsqrt_f32E10ub_addr8_tS0_htt] -> 0xffff9e91ea48
cceprint: [_ZN8cceprint16scatter_vscmergeEPt10ub_addr8_tm] -> 0xffff9e91ebe0
cceprint: [_ZN8cceprint16scatter_vscmergeEPt10ub_addr8_tth] -> 0xffff9e91ecf4
cceprint: [_ZN8cceprint16scatter_vscmergeEPh10ub_addr8_tm] -> 0xffff9e91ee44
cceprint: [_ZN8cceprint16scatter_vscmergeEPh10ub_addr8_tth] -> 0xffff9e91ef58
cceprint: [_ZN8cceprint16scatter_vscmergeEPN7float165Fp16TE10ub_addr8_tm] -> 0xffff9e91f0a8
cceprint: [_ZN8cceprint16scatter_vscmergeEPN7float165Fp16TE10ub_addr8_tth] -> 0xffff9e91f1bc
cceprint: [_ZN8cceprint20scatter_vscmerge_b16EPt10ub_addr8_tm] -> 0xffff9e91f30c
cceprint: [_ZN8cceprint20scatter_vscmerge_b16EPt10ub_addr8_tth] -> 0xffff9e91f420
cceprint: [_ZN8cceprint19scatter_vscmerge_b8EPh10ub_addr8_tm] -> 0xffff9e91f570
cceprint: [_ZN8cceprint19scatter_vscmerge_b8EPh10ub_addr8_tth] -> 0xffff9e91f684
cceprint: [_ZN8cceprint20scatter_vscmerge_f16EPN7float165Fp16TE10ub_addr8_tm] -> 0xffff9e91f7d4
cceprint: [_ZN8cceprint20scatter_vscmerge_f16EPN7float165Fp16TE10ub_addr8_tth] -> 0xffff9e91f8e8
cceprint: [_ZN8cceprint16scatter_vscsplitE10ub_addr8_tPtm] -> 0xffff9e91fa38
cceprint: [_ZN8cceprint16scatter_vscsplitE10ub_addr8_tPtth] -> 0xffff9e91fb4c
cceprint: [_ZN8cceprint16scatter_vscsplitE10ub_addr8_tPhm] -> 0xffff9e91fc9c
cceprint: [_ZN8cceprint16scatter_vscsplitE10ub_addr8_tPhth] -> 0xffff9e91fdb0
cceprint: [_ZN8cceprint16scatter_vscsplitE10ub_addr8_tPN7float165Fp16TEm] -> 0xffff9e91ff00
cceprint: [_ZN8cceprint16scatter_vscsplitE10ub_addr8_tPN7float165Fp16TEth] -> 0xffff9e920014
cceprint: [_ZN8cceprint20scatter_vscsplit_b16E10ub_addr8_tPtm] -> 0xffff9e920164
cceprint: [_ZN8cceprint20scatter_vscsplit_b16E10ub_addr8_tPtth] -> 0xffff9e920278
cceprint: [_ZN8cceprint20scatter_vscsplit_b16E10ub_addr8_tPsm] -> 0xffff9e9203c8
cceprint: [_ZN8cceprint20scatter_vscsplit_b16E10ub_addr8_tPsth] -> 0xffff9e9204dc
cceprint: [_ZN8cceprint19scatter_vscsplit_b8E10ub_addr8_tPhm] -> 0xffff9e92062c
cceprint: [_ZN8cceprint19scatter_vscsplit_b8E10ub_addr8_tPhth] -> 0xffff9e920740
cceprint: [_ZN8cceprint19scatter_vscsplit_b8E10ub_addr8_tPam] -> 0xffff9e920890
cceprint: [_ZN8cceprint19scatter_vscsplit_b8E10ub_addr8_tPath] -> 0xffff9e9209a4
cceprint: [_ZN8cceprint20scatter_vscsplit_f16E10ub_addr8_tPN7float165Fp16TEm] -> 0xffff9e920af4
cceprint: [_ZN8cceprint20scatter_vscsplit_f16E10ub_addr8_tPN7float165Fp16TEth] -> 0xffff9e920c08
cceprint: [_ZN8cceprint12scatter_vselE7vtype_t10ub_addr8_tS1_S1_m] -> 0xffff9e920d58
cceprint: [_ZN8cceprint12scatter_vselE7vtype_t10ub_addr8_tS1_S1_httt] -> 0xffff9e920f08
cceprint: [_ZN8cceprint16scatter_vsel_f16E10ub_addr8_tS0_S0_m] -> 0xffff9e92116c
cceprint: [_ZN8cceprint16scatter_vsel_f16E10ub_addr8_tS0_S0_httth] -> 0xffff9e9212d4
cceprint: [_ZN8cceprint16scatter_vsel_f32E10ub_addr8_tS0_S0_m] -> 0xffff9e921538
cceprint: [_ZN8cceprint16scatter_vsel_f32E10ub_addr8_tS0_S0_httth] -> 0xffff9e9216a0
cceprint: [_ZN8cceprint13scatter_vsqrtE7vtype_t10ub_addr8_tS1_m] -> 0xffff9e921904
cceprint: [_ZN8cceprint13scatter_vsqrtE7vtype_t10ub_addr8_tS1_htt] -> 0xffff9e921a6c
cceprint: [_ZN8cceprint17scatter_vsqrt_f16E10ub_addr8_tS0_m] -> 0xffff9e921c4c
cceprint: [_ZN8cceprint17scatter_vsqrt_f16E10ub_addr8_tS0_htt] -> 0xffff9e921d6c
cceprint: [_ZN8cceprint17scatter_vsqrt_f32E10ub_addr8_tS0_m] -> 0xffff9e921f04
cceprint: [_ZN8cceprint17scatter_vsqrt_f32E10ub_addr8_tS0_htt] -> 0xffff9e922024
cceprint: [_ZN8cceprint12scatter_vsubE7vtype_t10ub_addr8_tS1_S1_m] -> 0xffff9e9221bc
cceprint: [_ZN8cceprint12scatter_vsubE7vtype_t10ub_addr8_tS1_S1_httt] -> 0xffff9e92236c
cceprint: [_ZN8cceprint16scatter_vsub_f16E10ub_addr8_tS0_S0_m] -> 0xffff9e9225d0
cceprint: [_ZN8cceprint16scatter_vsub_f16E10ub_addr8_tS0_S0_httt] -> 0xffff9e922738
cceprint: [_ZN8cceprint16scatter_vsub_f32E10ub_addr8_tS0_S0_m] -> 0xffff9e922954
cceprint: [_ZN8cceprint16scatter_vsub_f32E10ub_addr8_tS0_S0_httt] -> 0xffff9e922abc
cceprint: [_ZN8cceprint16scatter_vsub_s16E10ub_addr8_tS0_S0_m] -> 0xffff9e922cd8
cceprint: [_ZN8cceprint16scatter_vsub_s16E10ub_addr8_tS0_S0_httt] -> 0xffff9e922e40
cceprint: [_ZN8cceprint16scatter_vsub_s32E10ub_addr8_tS0_S0_m] -> 0xffff9e92305c
cceprint: [_ZN8cceprint16scatter_vsub_s32E10ub_addr8_tS0_S0_httt] -> 0xffff9e9231c4
cceprint: [_ZN8cceprint14set_aipp_spr_0Em] -> 0xffff9e9233e0
cceprint: [_ZN8cceprint14set_aipp_spr_1Em] -> 0xffff9e923470
cceprint: [_ZN8cceprint15set_aipp_spr_10Em] -> 0xffff9e923500
cceprint: [_ZN8cceprint15set_aipp_spr_11Em] -> 0xffff9e923590
cceprint: [_ZN8cceprint15set_aipp_spr_12Em] -> 0xffff9e923620
cceprint: [_ZN8cceprint15set_aipp_spr_13Em] -> 0xffff9e9236b0
cceprint: [_ZN8cceprint15set_aipp_spr_14Em] -> 0xffff9e923740
cceprint: [_ZN8cceprint15set_aipp_spr_15Em] -> 0xffff9e9237d0
cceprint: [_ZN8cceprint15set_aipp_spr_16Em] -> 0xffff9e923860
cceprint: [_ZN8cceprint15set_aipp_spr_17Em] -> 0xffff9e9238f0
cceprint: [_ZN8cceprint15set_aipp_spr_18Em] -> 0xffff9e923980
cceprint: [_ZN8cceprint15set_aipp_spr_19Em] -> 0xffff9e923a10
cceprint: [_ZN8cceprint14set_aipp_spr_2Em] -> 0xffff9e923aa0
cceprint: [_ZN8cceprint15set_aipp_spr_20Em] -> 0xffff9e923b30
cceprint: [_ZN8cceprint15set_aipp_spr_21Em] -> 0xffff9e923bc0
cceprint: [_ZN8cceprint15set_aipp_spr_22Em] -> 0xffff9e923c50
cceprint: [_ZN8cceprint15set_aipp_spr_23Em] -> 0xffff9e923ce0
cceprint: [_ZN8cceprint15set_aipp_spr_24Em] -> 0xffff9e923d70
cceprint: [_ZN8cceprint15set_aipp_spr_25Em] -> 0xffff9e923e00
cceprint: [_ZN8cceprint15set_aipp_spr_26Em] -> 0xffff9e923e90
cceprint: [_ZN8cceprint15set_aipp_spr_27Em] -> 0xffff9e923f20
cceprint: [_ZN8cceprint15set_aipp_spr_28Em] -> 0xffff9e923fb0
cceprint: [_ZN8cceprint15set_aipp_spr_29Em] -> 0xffff9e924040
cceprint: [_ZN8cceprint14set_aipp_spr_3Em] -> 0xffff9e9240d0
cceprint: [_ZN8cceprint15set_aipp_spr_30Em] -> 0xffff9e924160
cceprint: [_ZN8cceprint15set_aipp_spr_31Em] -> 0xffff9e9241f0
cceprint: [_ZN8cceprint14set_aipp_spr_4Em] -> 0xffff9e924280
cceprint: [_ZN8cceprint14set_aipp_spr_5Em] -> 0xffff9e924310
cceprint: [_ZN8cceprint14set_aipp_spr_6Em] -> 0xffff9e9243a0
cceprint: [_ZN8cceprint14set_aipp_spr_7Em] -> 0xffff9e924430
cceprint: [_ZN8cceprint14set_aipp_spr_8Em] -> 0xffff9e9244c0
cceprint: [_ZN8cceprint14set_aipp_spr_9Em] -> 0xffff9e924550
cceprint: [_ZN8cceprint14set_atomic_addEv] -> 0xffff9e9245e0
cceprint: [_ZN8cceprint15set_atomic_bf16Ev] -> 0xffff9e924640
cceprint: [_ZN8cceprint14set_atomic_f16Ev] -> 0xffff9e9246a0
cceprint: [_ZN8cceprint14set_atomic_f32Ev] -> 0xffff9e924700
cceprint: [_ZN8cceprint14set_atomic_maxEv] -> 0xffff9e924760
cceprint: [_ZN8cceprint14set_atomic_minEv] -> 0xffff9e9247c0
cceprint: [_ZN8cceprint15set_atomic_noneEv] -> 0xffff9e924820
cceprint: [_ZN8cceprint14set_atomic_s16Ev] -> 0xffff9e924880
cceprint: [_ZN8cceprint14set_atomic_s32Ev] -> 0xffff9e9248e0
cceprint: [_ZN8cceprint13set_atomic_s8Ev] -> 0xffff9e924940
cceprint: [_ZN8cceprint18set_cache_normreadEv] -> 0xffff9e9249a0
cceprint: [_ZN8cceprint22set_cache_notwritebackEv] -> 0xffff9e924a00
cceprint: [_ZN8cceprint17set_cache_readinvEv] -> 0xffff9e924a60
cceprint: [_ZN8cceprint18set_cache_readlastEv] -> 0xffff9e924ac0
cceprint: [_ZN8cceprint16set_channel_paraEm] -> 0xffff9e924b20
cceprint: [_ZN8cceprint11set_cmpmaskEPv] -> 0xffff9e924bb0
cceprint: [_ZN8cceprint8set_condEm] -> 0xffff9e924c34
cceprint: [_ZN8cceprint18set_condition_flagEm] -> 0xffff9e924cc4
cceprint: [_ZN8cceprint8set_ctrlEm] -> 0xffff9e924d54
cceprint: [_ZN8cceprint14set_data_exp_0Em] -> 0xffff9e924de4
cceprint: [_ZN8cceprint14set_data_exp_1Em] -> 0xffff9e924e74
cceprint: [_ZN8cceprint14set_data_exp_2Em] -> 0xffff9e924f04
cceprint: [_ZN8cceprint14set_data_exp_3Em] -> 0xffff9e924f94
cceprint: [_ZN8cceprint12set_deqscaleEN7float165Fp16TE] -> 0xffff9e925024
cceprint: [_ZN8cceprint12set_deqscaleEm] -> 0xffff9e9250bc
cceprint: [_ZN8cceprint18set_elt_antiq_paraEm] -> 0xffff9e92514c
cceprint: [_ZN8cceprint16set_elt_src_paraEm] -> 0xffff9e9251dc
cceprint: [_ZN8cceprint12set_fcol2imgEm] -> 0xffff9e92526c
cceprint: [_ZN8cceprint18set_ffts_base_addrEm] -> 0xffff9e9252fc
cceprint: [_ZN8cceprint17set_fix_clip_reluEm] -> 0xffff9e92538c
cceprint: [_ZN8cceprint13set_fixp_addrEm] -> 0xffff9e92541c
cceprint: [_ZN8cceprint8set_flagE6pipe_tS0_7event_t] -> 0xffff9e9254ac
cceprint: [_ZN8cceprint8set_flagE6pipe_t7event_t] -> 0xffff9e9255dc
cceprint: [_ZN8cceprint8set_flagE6pipe_tS0_m] -> 0xffff9e9256c0
cceprint: [_ZN8cceprint8set_flagE6pipe_tm] -> 0xffff9e9257f0
cceprint: [_ZN8cceprint11set_fmatrixEm] -> 0xffff9e9258d4
cceprint: [_ZN8cceprint13set_fmatrix_bEm] -> 0xffff9e925964
cceprint: [_ZN8cceprint18set_fmatrix_dual_0Em] -> 0xffff9e9259f4
cceprint: [_ZN8cceprint18set_fmatrix_dual_1Em] -> 0xffff9e925a84
cceprint: [_ZN8cceprint7set_fpcEm] -> 0xffff9e925b14
cceprint: [_ZN8cceprint9set_fpdeqEm] -> 0xffff9e925ba4
cceprint: [_ZN8cceprint16set_l0_set_valueEN7float165Fp16TE] -> 0xffff9e925c34
cceprint: [_ZN8cceprint16set_l0_set_valueEj] -> 0xffff9e925ccc
cceprint: [_ZN8cceprint10set_l0a_2dEPvl] -> 0xffff9e925d50
cceprint: [_ZN8cceprint10set_l0a_2dEPN7float165Fp16TEl] -> 0xffff9e925e10
cceprint: [_ZN8cceprint10set_l0a_2dEPfl] -> 0xffff9e925ed0
cceprint: [_ZN8cceprint10set_l0a_2dEPsl] -> 0xffff9e925f90
cceprint: [_ZN8cceprint10set_l0a_2dEPil] -> 0xffff9e926050
cceprint: [_ZN8cceprint10set_l0a_2dEPtl] -> 0xffff9e926110
cceprint: [_ZN8cceprint10set_l0a_2dEPjl] -> 0xffff9e9261d0
cceprint: [_ZN8cceprint10set_l0b_2dEPvl] -> 0xffff9e926290
cceprint: [_ZN8cceprint10set_l0b_2dEPN7float165Fp16TEl] -> 0xffff9e926350
cceprint: [_ZN8cceprint10set_l0b_2dEPfl] -> 0xffff9e926410
cceprint: [_ZN8cceprint10set_l0b_2dEPsl] -> 0xffff9e9264d0
cceprint: [_ZN8cceprint10set_l0b_2dEPil] -> 0xffff9e926590
cceprint: [_ZN8cceprint10set_l0b_2dEPtl] -> 0xffff9e926650
cceprint: [_ZN8cceprint10set_l0b_2dEPjl] -> 0xffff9e926710
cceprint: [_ZN8cceprint9set_l1_2dEPvl] -> 0xffff9e9267d0
cceprint: [_ZN8cceprint9set_l1_2dEPN7float165Fp16TEl] -> 0xffff9e926890
cceprint: [_ZN8cceprint9set_l1_2dEPfl] -> 0xffff9e926950
cceprint: [_ZN8cceprint9set_l1_2dEPsl] -> 0xffff9e926a10
cceprint: [_ZN8cceprint9set_l1_2dEPil] -> 0xffff9e926ad0
cceprint: [_ZN8cceprint9set_l1_2dEPtl] -> 0xffff9e926b90
cceprint: [_ZN8cceprint9set_l1_2dEPjl] -> 0xffff9e926c50
cceprint: [_ZN8cceprint14set_l1_3d_sizeEm] -> 0xffff9e926d10
cceprint: [_ZN8cceprint11set_l3d_rptEm] -> 0xffff9e926da0
cceprint: [_ZN8cceprint14set_loop3_paraEm] -> 0xffff9e926e30
cceprint: [_ZN8cceprint15set_low_pre_tblEm] -> 0xffff9e926ec0
cceprint: [_ZN8cceprint9set_lpcntEm] -> 0xffff9e926f50
cceprint: [_ZN8cceprint15set_lrelu_alphaEm] -> 0xffff9e926fe0
cceprint: [_ZN8cceprint15set_lrelu_alphaEN7float165Fp16TE] -> 0xffff9e927070
cceprint: [_ZN8cceprint15set_lrelu_alphaEf] -> 0xffff9e927108
cceprint: [_ZN8cceprint14set_mask_countEv] -> 0xffff9e92718c
cceprint: [_ZN8cceprint13set_mask_normEv] -> 0xffff9e9271ec
cceprint: [_ZN8cceprint15set_mov_pad_valEm] -> 0xffff9e92724c
cceprint: [_ZN8cceprint11set_nd_paraEm] -> 0xffff9e9272dc
cceprint: [_ZN8cceprint11set_paddingEm] -> 0xffff9e92736c
cceprint: [_ZN8cceprint11set_paddingEN7float165Fp16TE] -> 0xffff9e9273fc
cceprint: [_ZN8cceprint11set_paddingEs] -> 0xffff9e927494
cceprint: [_ZN8cceprint11set_paddingEt] -> 0xffff9e927518
cceprint: [_ZN8cceprint16set_pcie_rd_ctrlEm] -> 0xffff9e92759c
cceprint: [_ZN8cceprint16set_pcie_wr_ctrlEm] -> 0xffff9e92762c
cceprint: [_ZN8cceprint11set_pnt_coeEm] -> 0xffff9e9276bc
cceprint: [_ZN8cceprint14set_quant_postEm] -> 0xffff9e92774c
cceprint: [_ZN8cceprint13set_quant_preEm] -> 0xffff9e9277dc
cceprint: [_ZN8cceprint19set_rawheader_to_gmEPvm] -> 0xffff9e92786c
cceprint: [_ZN8cceprint19set_rawheader_to_gmEPvtbh] -> 0xffff9e9279b0
cceprint: [_ZN8cceprint14set_relu_alphaEm] -> 0xffff9e927b6c
cceprint: [_ZN8cceprint12set_reqscaleEm] -> 0xffff9e927bfc
cceprint: [_ZN8cceprint14set_rpn_cor_irEm] -> 0xffff9e927c8c
cceprint: [_ZN8cceprint14set_rpn_offsetEN7float165Fp16TE] -> 0xffff9e927d1c
cceprint: [_ZN8cceprint17set_safety_crc_enEm] -> 0xffff9e927db4
cceprint: [_ZN8cceprint19set_safety_crc_excpEm] -> 0xffff9e927e44
cceprint: [_ZN8cceprint15set_smask_indexEm] -> 0xffff9e927ed4
cceprint: [_ZN8cceprint17set_st_atomic_cfgEm] -> 0xffff9e927f64
cceprint: [_ZN8cceprint17set_st_atomic_cfgE13atomic_type_t11atomic_op_t] -> 0xffff9e927ff4
cceprint: [_ZN8cceprint13set_va_reg_sbE10ub_addr8_tPm] -> 0xffff9e9280cc
cceprint: [_ZN8cceprint15set_vector_maskEmm] -> 0xffff9e928198
cceprint: [_ZN8cceprint19set_vector_mask_dupEm] -> 0xffff9e928270
cceprint: [_ZN8cceprint9set_vpipeEm] -> 0xffff9e928300
cceprint: [_ZN8cceprint7set_vspEm] -> 0xffff9e928390
cceprint: [_ZN8cceprint4sff0Em] -> 0xffff9e928420
cceprint: [_ZN8cceprint4sff1Em] -> 0xffff9e92846c
cceprint: [_ZN8cceprint7sflbitsEl] -> 0xffff9e9284b8
cceprint: [_ZN8cceprint6st_devEtPts] -> 0xffff9e928504
cceprint: [_ZN8cceprint6st_devEjPjs] -> 0xffff9e928678
cceprint: [_ZN8cceprint6st_devEmPms] -> 0xffff9e9287ec
cceprint: [_ZN8cceprint6st_devEhPhs] -> 0xffff9e92896c
cceprint: [_ZN8cceprint21store_l1_to_out_imageEPN7float165Fp16TES2_mm] -> 0xffff9e928aec
cceprint: [_ZN8cceprint21store_l1_to_out_imageEPN7float165Fp16TES2_thththbhm] -> 0xffff9e928cb4
cceprint: [_ZN8cceprint21store_l1_to_out_imageEPsS0_mm] -> 0xffff9e929038
cceprint: [_ZN8cceprint21store_l1_to_out_imageEPsS0_thththbhm] -> 0xffff9e929200
cceprint: [_ZN8cceprint4trapEm] -> 0xffff9e929584
cceprint: [_ZN8cceprint6plt_b8ERj7Literal] -> 0xffff9e929614
cceprint: [_ZN8cceprint7plt_b16ERj7Literal] -> 0xffff9e9296f0
cceprint: [_ZN8cceprint7plt_b32ERj7Literal] -> 0xffff9e9297cc
cceprint: [_ZN8cceprint7pltm_b8Etj] -> 0xffff9e9298a8
cceprint: [_ZN8cceprint8pltm_b16Etj] -> 0xffff9e929968
cceprint: [_ZN8cceprint8pltm_b32Etj] -> 0xffff9e929a28
cceprint: [_ZN8cceprint7vag_b32Et] -> 0xffff9e929ae8
cceprint: [_ZN8cceprint7vag_b32Ett] -> 0xffff9e929b6c
cceprint: [_ZN8cceprint7vag_b32Ettt] -> 0xffff9e929c2c
cceprint: [_ZN8cceprint7vag_b32Etttt] -> 0xffff9e929d28
cceprint: [_ZN8cceprint7vag_b16Et] -> 0xffff9e929e60
cceprint: [_ZN8cceprint7vag_b16Ett] -> 0xffff9e929ee4
cceprint: [_ZN8cceprint7vag_b16Ettt] -> 0xffff9e929fa4
cceprint: [_ZN8cceprint7vag_b16Etttt] -> 0xffff9e92a0a0
cceprint: [_ZN8cceprint4trapEv] -> 0xffff9e92a1d8
cceprint: [_ZN8cceprint7mem_barE7Literal] -> 0xffff9e92a238
cceprint: [_ZN8cceprint4vaddERA64_iPiS2_h7Literal] -> 0xffff9e92a2c8
cceprint: [_ZN8cceprint4vaddERA64_jPjS2_h7Literal] -> 0xffff9e92a454
cceprint: [_ZN8cceprint4vaddERA128_sPsS2_h7Literal] -> 0xffff9e92a5e0
cceprint: [_ZN8cceprint4vaddERA128_tPtS2_h7Literal] -> 0xffff9e92a76c
cceprint: [_ZN8cceprint4vaddERA256_aPaS2_h7Literal] -> 0xffff9e92a8f8
cceprint: [_ZN8cceprint4vaddERA256_hPhS2_h7Literal] -> 0xffff9e92aa84
cceprint: [_ZN8cceprint4vaddERA64_fPfS2_h7Literal] -> 0xffff9e92ac10
cceprint: [_ZN8cceprint4vaddERA128_N7float165Fp16TEPS1_S4_h7Literal] -> 0xffff9e92ad9c
cceprint: [_ZN8cceprint4vabsERA64_fPfh7Literal] -> 0xffff9e92af28
cceprint: [_ZN8cceprint4vabsERA128_N7float165Fp16TEPS1_h7Literal] -> 0xffff9e92b078
cceprint: [_ZN8cceprint4vabsERA256_aPah7Literal] -> 0xffff9e92b1c8
cceprint: [_ZN8cceprint4vabsERA128_sPsh7Literal] -> 0xffff9e92b318
cceprint: [_ZN8cceprint4vabsERA64_iPih7Literal] -> 0xffff9e92b468
cceprint: [_ZN8cceprint4vrecERA64_fPfh7Literal] -> 0xffff9e92b5b8
cceprint: [_ZN8cceprint4vrecERA128_N7float165Fp16TEPS1_h7Literal] -> 0xffff9e92b708
cceprint: [_ZN8cceprint6vrsqrtERA64_fPfh7Literal] -> 0xffff9e92b858
cceprint: [_ZN8cceprint6vrsqrtERA128_N7float165Fp16TEPS1_h7Literal] -> 0xffff9e92b9a8
cceprint: [_ZN8cceprint5vreluERA64_fPfh7Literal] -> 0xffff9e92baf8
cceprint: [_ZN8cceprint5vreluERA128_N7float165Fp16TEPS1_h7Literal] -> 0xffff9e92bc48
cceprint: [_ZN8cceprint5vreluERA64_iPih7Literal] -> 0xffff9e92bd98
cceprint: [_ZN8cceprint5vsqrtERA64_fPfh7Literal] -> 0xffff9e92bee8
cceprint: [_ZN8cceprint5vsqrtERA128_N7float165Fp16TEPS1_h7Literal] -> 0xffff9e92c038
cceprint: [_ZN8cceprint3vlnERA64_fPfh7Literal] -> 0xffff9e92c188
cceprint: [_ZN8cceprint3vlnERA128_N7float165Fp16TEPS1_h7Literal] -> 0xffff9e92c2d8
cceprint: [_ZN8cceprint4vexpERA64_fPfh7Literal] -> 0xffff9e92c428
cceprint: [_ZN8cceprint4vexpERA128_N7float165Fp16TEPS1_h7Literal] -> 0xffff9e92c578
cceprint: [_ZN8cceprint4vnotERA256_hPhh7Literal] -> 0xffff9e92c6c8
cceprint: [_ZN8cceprint4vnotERA256_aPah7Literal] -> 0xffff9e92c818
cceprint: [_ZN8cceprint4vnotERA128_tPth7Literal] -> 0xffff9e92c968
cceprint: [_ZN8cceprint4vnotERA128_sPsh7Literal] -> 0xffff9e92cab8
cceprint: [_ZN8cceprint4vnotERA128_N7float165Fp16TEPS1_h7Literal] -> 0xffff9e92cc08
cceprint: [_ZN8cceprint4vnotERA64_iPih7Literal] -> 0xffff9e92cd58
cceprint: [_ZN8cceprint4vnotERA64_jPjh7Literal] -> 0xffff9e92cea8
cceprint: [_ZN8cceprint4vnotERA64_fPfh7Literal] -> 0xffff9e92cff8
cceprint: [_ZN8cceprint4pldsERhPji7Literal] -> 0xffff9e92d148
cceprint: [_ZN8cceprint4pldsERhRPji7LiteralS3_] -> 0xffff9e92d29c
cceprint: [_ZN8cceprint8movp_b16Ev] -> 0xffff9e92d448
cceprint: [_ZN8cceprint8movp_b32Ev] -> 0xffff9e92d4a8
cceprint: [_ZN8cceprint4pstsEhPji7Literal] -> 0xffff9e92d508
cceprint: [_ZN8cceprint5ppackERhh7Literal] -> 0xffff9e92d658
cceprint: [_ZN8cceprint7punpackERhh7Literal] -> 0xffff9e92d77c
cceprint: [_ZN8cceprint6vintlvERA256_hS1_PhS2_] -> 0xffff9e92d8a0
cceprint: [_ZN8cceprint6vintlvERA256_aS1_PaS2_] -> 0xffff9e92d9d8
cceprint: [_ZN8cceprint6vintlvERA128_N7float165Fp16TES3_PS1_S4_] -> 0xffff9e92db10
cceprint: [_ZN8cceprint6vintlvERA128_sS1_PsS2_] -> 0xffff9e92dc48
cceprint: [_ZN8cceprint6vintlvERA128_tS1_PtS2_] -> 0xffff9e92dd80
cceprint: [_ZN8cceprint6vintlvERA64_fS1_PfS2_] -> 0xffff9e92deb8
cceprint: [_ZN8cceprint6vintlvERA64_iS1_PiS2_] -> 0xffff9e92dff0
cceprint: [_ZN8cceprint6vintlvERA64_jS1_PjS2_] -> 0xffff9e92e128
cceprint: [_ZN8cceprint7vdintlvERA256_hS1_PhS2_] -> 0xffff9e92e260
cceprint: [_ZN8cceprint7vdintlvERA256_aS1_PaS2_] -> 0xffff9e92e398
cceprint: [_ZN8cceprint7vdintlvERA128_N7float165Fp16TES3_PS1_S4_] -> 0xffff9e92e4d0
cceprint: [_ZN8cceprint7vdintlvERA128_sS1_PsS2_] -> 0xffff9e92e608
cceprint: [_ZN8cceprint7vdintlvERA128_tS1_PtS2_] -> 0xffff9e92e740
cceprint: [_ZN8cceprint7vdintlvERA64_fS1_PfS2_] -> 0xffff9e92e878
cceprint: [_ZN8cceprint7vdintlvERA64_iS1_PiS2_] -> 0xffff9e92e9b0
cceprint: [_ZN8cceprint7vdintlvERA64_jS1_PjS2_] -> 0xffff9e92eae8
cceprint: [_ZN8cceprint9pintlv_b8ERhS0_hh] -> 0xffff9e92ec20
cceprint: [_ZN8cceprint10pintlv_b16ERhS0_hh] -> 0xffff9e92ed90
cceprint: [_ZN8cceprint10pintlv_b32ERhS0_hh] -> 0xffff9e92ef00
cceprint: [_ZN8cceprint10pdintlv_b8ERhS0_hh] -> 0xffff9e92f070
cceprint: [_ZN8cceprint11pdintlv_b16ERhS0_hh] -> 0xffff9e92f1e0
cceprint: [_ZN8cceprint11pdintlv_b32ERhS0_hh] -> 0xffff9e92f350
cceprint: [_ZN8cceprint5vsstbEPaS0_ih] -> 0xffff9e92f4c0
cceprint: [_ZN8cceprint5vsstbEPhS0_ih] -> 0xffff9e92f604
cceprint: [_ZN8cceprint5vsstbEPsS0_ih] -> 0xffff9e92f748
cceprint: [_ZN8cceprint5vsstbEPtS0_ih] -> 0xffff9e92f88c
cceprint: [_ZN8cceprint5vsstbEPiS0_ih] -> 0xffff9e92f9d0
cceprint: [_ZN8cceprint5vsstbEPjS0_ih] -> 0xffff9e92fb14
cceprint: [_ZN8cceprint5vsstbEPN8bfloat165Bf16TES2_ih] -> 0xffff9e92fc58
cceprint: [_ZN8cceprint5vsstbEPN7float165Fp16TES2_ih] -> 0xffff9e92fd9c
cceprint: [_ZN8cceprint5vsstbEPfS0_ih] -> 0xffff9e92fee0
cceprint: [_ZN8cceprint5vsstbEPaRS0_ih7Literal] -> 0xffff9e930024
cceprint: [_ZN8cceprint5vsstbEPhRS0_ih7Literal] -> 0xffff9e9301c0
cceprint: [_ZN8cceprint5vsstbEPsRS0_ih7Literal] -> 0xffff9e93035c
cceprint: [_ZN8cceprint5vsstbEPtRS0_ih7Literal] -> 0xffff9e9304f8
cceprint: [_ZN8cceprint5vsstbEPiRS0_ih7Literal] -> 0xffff9e930694
cceprint: [_ZN8cceprint5vsstbEPjRS0_ih7Literal] -> 0xffff9e930830
cceprint: [_ZN8cceprint5vsstbEPN8bfloat165Bf16TERS2_ih7Literal] -> 0xffff9e9309cc
cceprint: [_ZN8cceprint5vsstbEPN7float165Fp16TERS2_ih7Literal] -> 0xffff9e930b68
cceprint: [_ZN8cceprint5vsstbEPfRS0_ih7Literal] -> 0xffff9e930d04
cceprint: [_ZN8cceprint5vsldbERA256_aPaih] -> 0xffff9e930ea0
cceprint: [_ZN8cceprint5vsldbERA256_hPhih] -> 0xffff9e930fe4
cceprint: [_ZN8cceprint5vsldbERA128_sPsih] -> 0xffff9e931128
cceprint: [_ZN8cceprint5vsldbERA128_tPtih] -> 0xffff9e93126c
cceprint: [_ZN8cceprint5vsldbERA64_iPiih] -> 0xffff9e9313b0
cceprint: [_ZN8cceprint5vsldbERA64_jPjih] -> 0xffff9e9314f4
cceprint: [_ZN8cceprint5vsldbERA32_lPlih] -> 0xffff9e931638
cceprint: [_ZN8cceprint5vsldbERA128_N8bfloat165Bf16TEPS1_ih] -> 0xffff9e93177c
cceprint: [_ZN8cceprint5vsldbERA128_N7float165Fp16TEPS1_ih] -> 0xffff9e9318c0
cceprint: [_ZN8cceprint5vsldbERA64_fPfih] -> 0xffff9e931a04
cceprint: [_ZN8cceprint5vsldbERA256_aRPaih7Literal] -> 0xffff9e931b48
cceprint: [_ZN8cceprint5vsldbERA256_hRPhih7Literal] -> 0xffff9e931ce4
cceprint: [_ZN8cceprint5vsldbERA128_sRPsih7Literal] -> 0xffff9e931e80
cceprint: [_ZN8cceprint5vsldbERA128_tRPtih7Literal] -> 0xffff9e93201c
cceprint: [_ZN8cceprint5vsldbERA64_iRPiih7Literal] -> 0xffff9e9321b8
cceprint: [_ZN8cceprint5vsldbERA64_jRPjih7Literal] -> 0xffff9e932354
cceprint: [_ZN8cceprint5vsldbERA32_lRPlih7Literal] -> 0xffff9e9324f0
cceprint: [_ZN8cceprint5vsldbERA128_N8bfloat165Bf16TERPS1_ih7Literal] -> 0xffff9e93268c
cceprint: [_ZN8cceprint5vsldbERA128_N7float165Fp16TERPS1_ih7Literal] -> 0xffff9e932828
cceprint: [_ZN8cceprint5vsldbERA64_fRPfih7Literal] -> 0xffff9e9329c4
cceprint: [_ZN8cceprint3vstEPaS0_i7Literalh] -> 0xffff9e932b60
cceprint: [_ZN8cceprint3vstEPhS0_i7Literalh] -> 0xffff9e932cec
cceprint: [_ZN8cceprint3vstEPsS0_i7Literalh] -> 0xffff9e932e78
cceprint: [_ZN8cceprint3vstEPtS0_i7Literalh] -> 0xffff9e933004
cceprint: [_ZN8cceprint3vstEPiS0_i7Literalh] -> 0xffff9e933190
cceprint: [_ZN8cceprint3vstEPjS0_i7Literalh] -> 0xffff9e93331c
cceprint: [_ZN8cceprint3vstEPmS0_i7Literalh] -> 0xffff9e9334a8
cceprint: [_ZN8cceprint3vstEPlS0_i7Literalh] -> 0xffff9e933634
cceprint: [_ZN8cceprint3vstEPN8bfloat165Bf16TES2_i7Literalh] -> 0xffff9e9337c0
cceprint: [_ZN8cceprint3vstEPN7float165Fp16TES2_i7Literalh] -> 0xffff9e93394c
cceprint: [_ZN8cceprint3vstEPfS0_i7Literalh] -> 0xffff9e933ad8
cceprint: [_ZN8cceprint3vstEPaS0_S0_i7Literalh] -> 0xffff9e933c64
cceprint: [_ZN8cceprint3vstEPhS0_S0_i7Literalh] -> 0xffff9e933e2c
cceprint: [_ZN8cceprint3vstEPsS0_S0_i7Literalh] -> 0xffff9e933ff4
cceprint: [_ZN8cceprint3vstEPtS0_S0_i7Literalh] -> 0xffff9e9341bc
cceprint: [_ZN8cceprint3vstEPN8bfloat165Bf16TES2_S2_i7Literalh] -> 0xffff9e934384
cceprint: [_ZN8cceprint3vstEPN7float165Fp16TES2_S2_i7Literalh] -> 0xffff9e93454c
cceprint: [_ZN8cceprint4vstsEPaS0_i7Literalh] -> 0xffff9e934714
cceprint: [_ZN8cceprint4vstsEPhS0_i7Literalh] -> 0xffff9e9348a0
cceprint: [_ZN8cceprint4vstsEPsS0_i7Literalh] -> 0xffff9e934a2c
cceprint: [_ZN8cceprint4vstsEPtS0_i7Literalh] -> 0xffff9e934bb8
cceprint: [_ZN8cceprint4vstsEPiS0_i7Literalh] -> 0xffff9e934d44
cceprint: [_ZN8cceprint4vstsEPjS0_i7Literalh] -> 0xffff9e934ed0
cceprint: [_ZN8cceprint4vstsEPmS0_i7Literalh] -> 0xffff9e93505c
cceprint: [_ZN8cceprint4vstsEPlS0_i7Literalh] -> 0xffff9e9351e8
cceprint: [_ZN8cceprint4vstsEPN8bfloat165Bf16TES2_i7Literalh] -> 0xffff9e935374
cceprint: [_ZN8cceprint4vstsEPN7float165Fp16TES2_i7Literalh] -> 0xffff9e935500
cceprint: [_ZN8cceprint4vstsEPfS0_i7Literalh] -> 0xffff9e93568c
cceprint: [_ZN8cceprint5vstuiERA32_ajPN7float165Fp16TERS4_] -> 0xffff9e935818
cceprint: [_ZN8cceprint5vstuiERA32_ajPN7float165Fp16TERS4_7Literal] -> 0xffff9e935960
cceprint: [_ZN8cceprint5vstuiERA32_ajPfRS2_] -> 0xffff9e935af0
cceprint: [_ZN8cceprint5vstuiERA32_ajPfRS2_7Literal] -> 0xffff9e935c38
cceprint: [_ZN8cceprint5vstusERA32_ajPN7float165Fp16TERS4_] -> 0xffff9e935dc8
cceprint: [_ZN8cceprint5vstusERA32_ajPN7float165Fp16TERS4_7Literal] -> 0xffff9e935f10
cceprint: [_ZN8cceprint5vstusERA32_ajPfRS2_] -> 0xffff9e9360a0
cceprint: [_ZN8cceprint5vstusERA32_ajPfRS2_7Literal] -> 0xffff9e9361e8
cceprint: [_ZN8cceprint5vstaiEPaPN7float165Fp16TEi] -> 0xffff9e936378
cceprint: [_ZN8cceprint5vstaiEPaRPN7float165Fp16TEi7Literal] -> 0xffff9e936474
cceprint: [_ZN8cceprint5vstaiEPaPfi] -> 0xffff9e9365c8
cceprint: [_ZN8cceprint5vstaiEPaRPfi7Literal] -> 0xffff9e9366c4
cceprint: [_ZN8cceprint5vstasEPaPN7float165Fp16TEi] -> 0xffff9e936818
cceprint: [_ZN8cceprint5vstasEPaRPN7float165Fp16TEi7Literal] -> 0xffff9e936914
cceprint: [_ZN8cceprint5vstasEPaPfi] -> 0xffff9e936a68
cceprint: [_ZN8cceprint5vstasEPaRPfi7Literal] -> 0xffff9e936b64
cceprint: [_ZN8cceprint3vorERA256_hPhS2_h7Literal] -> 0xffff9e936cb8
cceprint: [_ZN8cceprint3vorERA256_aPaS2_h7Literal] -> 0xffff9e936e44
cceprint: [_ZN8cceprint3vorERA128_tPtS2_h7Literal] -> 0xffff9e936fd0
cceprint: [_ZN8cceprint3vorERA128_sPsS2_h7Literal] -> 0xffff9e93715c
cceprint: [_ZN8cceprint3vorERA64_iPiS2_h7Literal] -> 0xffff9e9372e8
cceprint: [_ZN8cceprint3vorERA64_jPjS2_h7Literal] -> 0xffff9e937474
cceprint: [_ZN8cceprint3vorERA64_fPfS2_h7Literal] -> 0xffff9e937600
cceprint: [_ZN8cceprint3vorERA128_N7float165Fp16TEPS1_S4_h7Literal] -> 0xffff9e93778c
cceprint: [_ZN8cceprint4vandERA256_hPhS2_h7Literal] -> 0xffff9e937918
cceprint: [_ZN8cceprint4vandERA256_aPaS2_h7Literal] -> 0xffff9e937aa4
cceprint: [_ZN8cceprint4vandERA128_tPtS2_h7Literal] -> 0xffff9e937c30
cceprint: [_ZN8cceprint4vandERA128_sPsS2_h7Literal] -> 0xffff9e937dbc
cceprint: [_ZN8cceprint4vandERA64_iPiS2_h7Literal] -> 0xffff9e937f48
cceprint: [_ZN8cceprint4vandERA64_jPjS2_h7Literal] -> 0xffff9e9380d4
cceprint: [_ZN8cceprint4vandERA64_fPfS2_h7Literal] -> 0xffff9e938260
cceprint: [_ZN8cceprint4vandERA128_N7float165Fp16TEPS1_S4_h7Literal] -> 0xffff9e9383ec
cceprint: [_ZN8cceprint4vmaxERA256_hPhS2_h7Literal] -> 0xffff9e938578
cceprint: [_ZN8cceprint4vmaxERA256_aPaS2_h7Literal] -> 0xffff9e938704
cceprint: [_ZN8cceprint4vmaxERA128_tPtS2_h7Literal] -> 0xffff9e938890
cceprint: [_ZN8cceprint4vmaxERA128_sPsS2_h7Literal] -> 0xffff9e938a1c
cceprint: [_ZN8cceprint4vmaxERA64_iPiS2_h7Literal] -> 0xffff9e938ba8
cceprint: [_ZN8cceprint4vmaxERA64_jPjS2_h7Literal] -> 0xffff9e938d34
cceprint: [_ZN8cceprint4vmaxERA64_fPfS2_h7Literal] -> 0xffff9e938ec0
cceprint: [_ZN8cceprint4vmaxERA128_N7float165Fp16TEPS1_S4_h7Literal] -> 0xffff9e93904c
cceprint: [_ZN8cceprint4vminERA256_hPhS2_h7Literal] -> 0xffff9e9391d8
cceprint: [_ZN8cceprint4vminERA256_aPaS2_h7Literal] -> 0xffff9e939364
cceprint: [_ZN8cceprint4vminERA128_tPtS2_h7Literal] -> 0xffff9e9394f0
cceprint: [_ZN8cceprint4vminERA128_sPsS2_h7Literal] -> 0xffff9e93967c
cceprint: [_ZN8cceprint4vminERA64_iPiS2_h7Literal] -> 0xffff9e939808
cceprint: [_ZN8cceprint4vminERA64_jPjS2_h7Literal] -> 0xffff9e939994
cceprint: [_ZN8cceprint4vminERA64_fPfS2_h7Literal] -> 0xffff9e939b20
cceprint: [_ZN8cceprint4vminERA128_N7float165Fp16TEPS1_S4_h7Literal] -> 0xffff9e939cac
cceprint: [_ZN8cceprint4vsubERA256_hPhS2_h7Literal] -> 0xffff9e939e38
cceprint: [_ZN8cceprint4vsubERA256_aPaS2_h7Literal] -> 0xffff9e939fc4
cceprint: [_ZN8cceprint4vsubERA128_tPtS2_h7Literal] -> 0xffff9e93a150
cceprint: [_ZN8cceprint4vsubERA128_sPsS2_h7Literal] -> 0xffff9e93a2dc
cceprint: [_ZN8cceprint4vsubERA64_iPiS2_h7Literal] -> 0xffff9e93a468
cceprint: [_ZN8cceprint4vsubERA64_jPjS2_h7Literal] -> 0xffff9e93a5f4
cceprint: [_ZN8cceprint4vsubERA64_fPfS2_h7Literal] -> 0xffff9e93a780
cceprint: [_ZN8cceprint4vsubERA128_N7float165Fp16TEPS1_S4_h7Literal] -> 0xffff9e93a90c
cceprint: [_ZN8cceprint4vmulERA256_hPhS2_h7Literal] -> 0xffff9e93aa98
cceprint: [_ZN8cceprint4vmulERA256_aPaS2_h7Literal] -> 0xffff9e93ac24
cceprint: [_ZN8cceprint4vmulERA128_tPtS2_h7Literal] -> 0xffff9e93adb0
cceprint: [_ZN8cceprint4vmulERA128_sPsS2_h7Literal] -> 0xffff9e93af3c
cceprint: [_ZN8cceprint4vmulERA64_iPiS2_h7Literal] -> 0xffff9e93b0c8
cceprint: [_ZN8cceprint4vmulERA64_jPjS2_h7Literal] -> 0xffff9e93b254
cceprint: [_ZN8cceprint4vmulERA64_fPfS2_h7Literal] -> 0xffff9e93b3e0
cceprint: [_ZN8cceprint4vmulERA128_N7float165Fp16TEPS1_S4_h7Literal] -> 0xffff9e93b56c
cceprint: [_ZN8cceprint4vdivERA256_hPhS2_h7Literal] -> 0xffff9e93b6f8
cceprint: [_ZN8cceprint4vdivERA256_aPaS2_h7Literal] -> 0xffff9e93b884
cceprint: [_ZN8cceprint4vdivERA128_tPtS2_h7Literal] -> 0xffff9e93ba10
cceprint: [_ZN8cceprint4vdivERA128_sPsS2_h7Literal] -> 0xffff9e93bb9c
cceprint: [_ZN8cceprint4vdivERA64_iPiS2_h7Literal] -> 0xffff9e93bd28
cceprint: [_ZN8cceprint4vdivERA64_jPjS2_h7Literal] -> 0xffff9e93beb4
cceprint: [_ZN8cceprint4vdivERA64_fPfS2_h7Literal] -> 0xffff9e93c040
cceprint: [_ZN8cceprint4vdivERA128_N7float165Fp16TEPS1_S4_h7Literal] -> 0xffff9e93c1cc
cceprint: [_ZN8cceprint7vcmp_eqERhPN7float165Fp16TES3_h] -> 0xffff9e93c358
cceprint: [_ZN8cceprint7vcmp_neERhPN7float165Fp16TES3_h] -> 0xffff9e93c4ac
cceprint: [_ZN8cceprint7vcmp_gtERhPN7float165Fp16TES3_h] -> 0xffff9e93c600
cceprint: [_ZN8cceprint7vcmp_geERhPN7float165Fp16TES3_h] -> 0xffff9e93c754
cceprint: [_ZN8cceprint7vcmp_ltERhPN7float165Fp16TES3_h] -> 0xffff9e93c8a8
cceprint: [_ZN8cceprint7vcmp_leERhPN7float165Fp16TES3_h] -> 0xffff9e93c9fc
cceprint: [_ZN8cceprint7vcmp_eqERhPfS1_h] -> 0xffff9e93cb50
cceprint: [_ZN8cceprint7vcmp_neERhPfS1_h] -> 0xffff9e93cca4
cceprint: [_ZN8cceprint7vcmp_gtERhPfS1_h] -> 0xffff9e93cdf8
cceprint: [_ZN8cceprint7vcmp_geERhPfS1_h] -> 0xffff9e93cf4c
cceprint: [_ZN8cceprint7vcmp_ltERhPfS1_h] -> 0xffff9e93d0a0
cceprint: [_ZN8cceprint7vcmp_leERhPfS1_h] -> 0xffff9e93d1f4
cceprint: [_ZN8cceprint4vselERA128_N7float165Fp16TEPS1_S4_h] -> 0xffff9e93d348
cceprint: [_ZN8cceprint4vselERA64_fPfS2_h] -> 0xffff9e93d48c
cceprint: [_ZN8cceprint3vbrERA128_N7float165Fp16TES1_] -> 0xffff9e93d5d0
cceprint: [_ZN8cceprint3vbrERA128_tt] -> 0xffff9e93d6a4
cceprint: [_ZN8cceprint3vbrERA128_ss] -> 0xffff9e93d764
cceprint: [_ZN8cceprint3vbrERA64_ff] -> 0xffff9e93d824
cceprint: [_ZN8cceprint3vbrERA64_jj] -> 0xffff9e93d8e4
cceprint: [_ZN8cceprint3vbrERA64_ii] -> 0xffff9e93d9a4
cceprint: [_ZN8cceprint6sprclrE7Literal] -> 0xffff9e93da64
cceprint: [_ZN8cceprint4pmovERhhh] -> 0xffff9e93daf4
cceprint: [_ZN8cceprint4vsqzERA128_N7float165Fp16TEPS1_h7Literal] -> 0xffff9e93dc18
cceprint: [_ZN8cceprint4vsqzERA128_tPth7Literal] -> 0xffff9e93dd68
cceprint: [_ZN8cceprint4vsqzERA128_sPsh7Literal] -> 0xffff9e93deb8
cceprint: [_ZN8cceprint4vsqzERA64_fPfh7Literal] -> 0xffff9e93e008
cceprint: [_ZN8cceprint4vsqzERA64_jPjh7Literal] -> 0xffff9e93e158
cceprint: [_ZN8cceprint4vsqzERA64_iPih7Literal] -> 0xffff9e93e2a8
cceprint: [_ZN8cceprint5vsturERA32_aPN7float165Fp16TES4_7Literal] -> 0xffff9e93e3f8
cceprint: [_ZN8cceprint5vsturERA32_aPtS2_7Literal] -> 0xffff9e93e53c
cceprint: [_ZN8cceprint5vsturERA32_aPsS2_7Literal] -> 0xffff9e93e680
cceprint: [_ZN8cceprint5vsturERA32_aPfS2_7Literal] -> 0xffff9e93e7c4
cceprint: [_ZN8cceprint5vsturERA32_aPjS2_7Literal] -> 0xffff9e93e908
cceprint: [_ZN8cceprint5vsturERA32_aPiS2_7Literal] -> 0xffff9e93ea4c
cceprint: [_ZN8cceprint5vstarEPaPN7float165Fp16TE] -> 0xffff9e93eb90
cceprint: [_ZN8cceprint5vstarEPaPs] -> 0xffff9e93ec50
cceprint: [_ZN8cceprint5vstarEPaPt] -> 0xffff9e93ed10
cceprint: [_ZN8cceprint5vstarEPaPf] -> 0xffff9e93edd0
cceprint: [_ZN8cceprint5vstarEPaPi] -> 0xffff9e93ee90
cceprint: [_ZN8cceprint5vstarEPaPj] -> 0xffff9e93ef50
cceprint: [_ZN8cceprint6pge_b8E7Literal] -> 0xffff9e93f010
cceprint: [_ZN8cceprint7pge_b16E7Literal] -> 0xffff9e93f0a0
cceprint: [_ZN8cceprint7pge_b32E7Literal] -> 0xffff9e93f130
cceprint: [_ZN8cceprint7pset_b8E7Literal] -> 0xffff9e93f1c0
cceprint: [_ZN8cceprint8pset_b16E7Literal] -> 0xffff9e93f250
cceprint: [_ZN8cceprint8pset_b32E7Literal] -> 0xffff9e93f2e0
cceprint: [_ZN8cceprint5vldasERA32_aPh] -> 0xffff9e93f370
cceprint: [_ZN8cceprint5vldasERA32_aPN7float165Fp16TE] -> 0xffff9e93f430
cceprint: [_ZN8cceprint5vldasERA32_aPt] -> 0xffff9e93f4f0
cceprint: [_ZN8cceprint5vldasERA32_aPs] -> 0xffff9e93f5b0
cceprint: [_ZN8cceprint5vldasERA32_aPf] -> 0xffff9e93f670
cceprint: [_ZN8cceprint5vldasERA32_aPj] -> 0xffff9e93f730
cceprint: [_ZN8cceprint5vldasERA32_aPi] -> 0xffff9e93f7f0
cceprint: [_ZN8cceprint5vldusERA256_hRA32_aRPhj7Literal] -> 0xffff9e93f8b0
cceprint: [_ZN8cceprint5vldusERA128_N7float165Fp16TERA32_aRPS1_j7Literal] -> 0xffff9e93fa40
cceprint: [_ZN8cceprint5vldusERA128_tRA32_aRPtj7Literal] -> 0xffff9e93fbd0
cceprint: [_ZN8cceprint5vldusERA128_sRA32_aRPsj7Literal] -> 0xffff9e93fd60
cceprint: [_ZN8cceprint5vldusERA64_fRA32_aRPfj7Literal] -> 0xffff9e93fef0
cceprint: [_ZN8cceprint5vldusERA64_jRA32_aRPjj7Literal] -> 0xffff9e940080
cceprint: [_ZN8cceprint5vldusERA64_iRA32_aRPij7Literal] -> 0xffff9e940210
cceprint: [_ZN8cceprint4vdupERA256_hhh7Literal] -> 0xffff9e9403a0
cceprint: [_ZN8cceprint4vdupERA256_aah7Literal] -> 0xffff9e9404fc
cceprint: [_ZN8cceprint4vdupERA128_tth7Literal] -> 0xffff9e940658
cceprint: [_ZN8cceprint4vdupERA128_ssh7Literal] -> 0xffff9e9407a8
cceprint: [_ZN8cceprint4vdupERA64_iih7Literal] -> 0xffff9e9408f8
cceprint: [_ZN8cceprint4vdupERA64_jjh7Literal] -> 0xffff9e940a48
cceprint: [_ZN8cceprint4vdupERA64_ffh7Literal] -> 0xffff9e940b98
cceprint: [_ZN8cceprint4vdupERA128_N7float165Fp16TES1_h7Literal] -> 0xffff9e940ce8
cceprint: [_ZN8cceprint3vldERA256_aPai7Literal] -> 0xffff9e940e4c
cceprint: [_ZN8cceprint3vldERA256_hPhi7Literal] -> 0xffff9e940f90
cceprint: [_ZN8cceprint3vldERA128_sPsi7Literal] -> 0xffff9e9410d4
cceprint: [_ZN8cceprint3vldERA128_tPti7Literal] -> 0xffff9e941218
cceprint: [_ZN8cceprint3vldERA64_iPii7Literal] -> 0xffff9e94135c
cceprint: [_ZN8cceprint3vldERA64_jPji7Literal] -> 0xffff9e9414a0
cceprint: [_ZN8cceprint3vldERA32_lPli7Literal] -> 0xffff9e9415e4
cceprint: [_ZN8cceprint3vldERA32_mPmi7Literal] -> 0xffff9e941728
cceprint: [_ZN8cceprint3vldERA128_N8bfloat165Bf16TEPS1_i7Literal] -> 0xffff9e94186c
cceprint: [_ZN8cceprint3vldERA128_N7float165Fp16TEPS1_i7Literal] -> 0xffff9e9419b0
cceprint: [_ZN8cceprint3vldERA64_fPfi7Literal] -> 0xffff9e941af4
cceprint: [_ZN8cceprint3vldERA256_aPa7Literal] -> 0xffff9e941c38
cceprint: [_ZN8cceprint3vldERA256_hPh7Literal] -> 0xffff9e941d40
cceprint: [_ZN8cceprint3vldERA128_sPs7Literal] -> 0xffff9e941e48
cceprint: [_ZN8cceprint3vldERA128_tPt7Literal] -> 0xffff9e941f50
cceprint: [_ZN8cceprint3vldERA64_iPi7Literal] -> 0xffff9e942058
cceprint: [_ZN8cceprint3vldERA64_jPj7Literal] -> 0xffff9e942160
cceprint: [_ZN8cceprint3vldERA32_lPl7Literal] -> 0xffff9e942268
cceprint: [_ZN8cceprint3vldERA32_mPm7Literal] -> 0xffff9e942370
cceprint: [_ZN8cceprint3vldERA128_N8bfloat165Bf16TEPS1_7Literal] -> 0xffff9e942478
cceprint: [_ZN8cceprint3vldERA128_N7float165Fp16TEPS1_7Literal] -> 0xffff9e942580
cceprint: [_ZN8cceprint3vldERA64_fPf7Literal] -> 0xffff9e942688
cceprint: [_ZN8cceprint3vldERA256_aS1_Pai7Literal] -> 0xffff9e942790
cceprint: [_ZN8cceprint3vldERA256_hS1_Phi7Literal] -> 0xffff9e942910
cceprint: [_ZN8cceprint3vldERA128_sS1_Psi7Literal] -> 0xffff9e942a90
cceprint: [_ZN8cceprint3vldERA128_tS1_Pti7Literal] -> 0xffff9e942c10
cceprint: [_ZN8cceprint3vldERA64_iS1_Pii7Literal] -> 0xffff9e942d90
cceprint: [_ZN8cceprint3vldERA64_jS1_Pji7Literal] -> 0xffff9e942f10
cceprint: [_ZN8cceprint3vldERA32_mS1_Pmi7Literal] -> 0xffff9e943090
cceprint: [_ZN8cceprint3vldERA32_lS1_Pli7Literal] -> 0xffff9e943210
cceprint: [_ZN8cceprint3vldERA128_N8bfloat165Bf16TES3_PS1_i7Literal] -> 0xffff9e943390
cceprint: [_ZN8cceprint3vldERA128_N7float165Fp16TES3_PS1_i7Literal] -> 0xffff9e943510
cceprint: [_ZN8cceprint3vldERA64_fS1_Pfi7Literal] -> 0xffff9e943690
cceprint: [_ZN8cceprint3vldERA256_aS1_Pa7Literal] -> 0xffff9e943810
cceprint: [_ZN8cceprint3vldERA256_hS1_Ph7Literal] -> 0xffff9e943954
cceprint: [_ZN8cceprint3vldERA128_sS1_Ps7Literal] -> 0xffff9e943a98
cceprint: [_ZN8cceprint3vldERA128_tS1_Pt7Literal] -> 0xffff9e943bdc
cceprint: [_ZN8cceprint3vldERA64_iS1_Pi7Literal] -> 0xffff9e943d20
cceprint: [_ZN8cceprint3vldERA64_jS1_Pj7Literal] -> 0xffff9e943e64
cceprint: [_ZN8cceprint3vldERA32_mS1_Pm7Literal] -> 0xffff9e943fa8
cceprint: [_ZN8cceprint3vldERA32_lS1_Pl7Literal] -> 0xffff9e9440ec
cceprint: [_ZN8cceprint3vldERA128_N8bfloat165Bf16TES3_PS1_7Literal] -> 0xffff9e944230
cceprint: [_ZN8cceprint3vldERA128_N7float165Fp16TES3_PS1_7Literal] -> 0xffff9e944374
cceprint: [_ZN8cceprint3vldERA64_fS1_Pf7Literal] -> 0xffff9e9444b8
cceprint: [_ZN8cceprint4vldsERA256_aPai7Literal] -> 0xffff9e9445fc
cceprint: [_ZN8cceprint4vldsERA256_hPhi7Literal] -> 0xffff9e944740
cceprint: [_ZN8cceprint4vldsERA128_sPsi7Literal] -> 0xffff9e944884
cceprint: [_ZN8cceprint4vldsERA128_tPti7Literal] -> 0xffff9e9449c8
cceprint: [_ZN8cceprint4vldsERA64_iPii7Literal] -> 0xffff9e944b0c
cceprint: [_ZN8cceprint4vldsERA64_jPji7Literal] -> 0xffff9e944c50
cceprint: [_ZN8cceprint4vldsERA32_mPmi7Literal] -> 0xffff9e944d94
cceprint: [_ZN8cceprint4vldsERA32_lPli7Literal] -> 0xffff9e944ed8
cceprint: [_ZN8cceprint4vldsERA128_N8bfloat165Bf16TEPS1_i7Literal] -> 0xffff9e94501c
cceprint: [_ZN8cceprint4vldsERA128_N7float165Fp16TEPS1_i7Literal] -> 0xffff9e945160
cceprint: [_ZN8cceprint4vldsERA64_fPfi7Literal] -> 0xffff9e9452a4
cceprint: [_ZN8cceprint5vaddsERA64_iPiih7Literal] -> 0xffff9e9453e8
cceprint: [_ZN8cceprint5vaddsERA64_jPjjh7Literal] -> 0xffff9e945574
cceprint: [_ZN8cceprint5vaddsERA128_sPssh7Literal] -> 0xffff9e945700
cceprint: [_ZN8cceprint5vaddsERA128_tPtth7Literal] -> 0xffff9e94588c
cceprint: [_ZN8cceprint5vaddsERA256_aPaah7Literal] -> 0xffff9e945a18
cceprint: [_ZN8cceprint5vaddsERA256_hPhhh7Literal] -> 0xffff9e945bb0
cceprint: [_ZN8cceprint5vaddsERA64_fPffh7Literal] -> 0xffff9e945d48
cceprint: [_ZN8cceprint5vaddsERA128_N7float165Fp16TEPS1_S1_h7Literal] -> 0xffff9e945ed4
cceprint: [_ZN8cceprint5vmulsERA64_iPiih7Literal] -> 0xffff9e946074
cceprint: [_ZN8cceprint5vmulsERA64_jPjjh7Literal] -> 0xffff9e946200
cceprint: [_ZN8cceprint5vmulsERA128_sPssh7Literal] -> 0xffff9e94638c
cceprint: [_ZN8cceprint5vmulsERA128_tPtth7Literal] -> 0xffff9e946518
cceprint: [_ZN8cceprint5vmulsERA256_aPaah7Literal] -> 0xffff9e9466a4
cceprint: [_ZN8cceprint5vmulsERA256_hPhhh7Literal] -> 0xffff9e94683c
cceprint: [_ZN8cceprint5vmulsERA64_fPffh7Literal] -> 0xffff9e9469d4
cceprint: [_ZN8cceprint5vmulsERA128_N7float165Fp16TEPS1_S1_h7Literal] -> 0xffff9e946b60
cceprint: [_ZN8cceprint5vmaxsERA64_iPiih7Literal] -> 0xffff9e946d00
cceprint: [_ZN8cceprint5vmaxsERA64_jPjjh7Literal] -> 0xffff9e946e8c
cceprint: [_ZN8cceprint5vmaxsERA128_sPssh7Literal] -> 0xffff9e947018
cceprint: [_ZN8cceprint5vmaxsERA128_tPtth7Literal] -> 0xffff9e9471a4
cceprint: [_ZN8cceprint5vmaxsERA256_aPaah7Literal] -> 0xffff9e947330
cceprint: [_ZN8cceprint5vmaxsERA256_hPhhh7Literal] -> 0xffff9e9474c8
cceprint: [_ZN8cceprint5vmaxsERA64_fPffh7Literal] -> 0xffff9e947660
cceprint: [_ZN8cceprint5vmaxsERA128_N7float165Fp16TEPS1_S1_h7Literal] -> 0xffff9e9477ec
cceprint: [_ZN8cceprint5vminsERA64_iPiih7Literal] -> 0xffff9e94798c
cceprint: [_ZN8cceprint5vminsERA64_jPjjh7Literal] -> 0xffff9e947b18
cceprint: [_ZN8cceprint5vminsERA128_sPssh7Literal] -> 0xffff9e947ca4
cceprint: [_ZN8cceprint5vminsERA128_tPtth7Literal] -> 0xffff9e947e30
cceprint: [_ZN8cceprint5vminsERA256_aPaah7Literal] -> 0xffff9e947fbc
cceprint: [_ZN8cceprint5vminsERA256_hPhhh7Literal] -> 0xffff9e948154
cceprint: [_ZN8cceprint5vminsERA64_fPffh7Literal] -> 0xffff9e9482ec
cceprint: [_ZN8cceprint5vminsERA128_N7float165Fp16TEPS1_S1_h7Literal] -> 0xffff9e948478
cceprint: [_ZN8cceprint5vshlsERA64_iPish7Literal] -> 0xffff9e948618
cceprint: [_ZN8cceprint5vshlsERA64_jPjsh7Literal] -> 0xffff9e9487a4
cceprint: [_ZN8cceprint5vshlsERA128_sPssh7Literal] -> 0xffff9e948930
cceprint: [_ZN8cceprint5vshlsERA128_tPtsh7Literal] -> 0xffff9e948abc
cceprint: [_ZN8cceprint5vshlsERA256_aPash7Literal] -> 0xffff9e948c48
cceprint: [_ZN8cceprint5vshlsERA256_hPhsh7Literal] -> 0xffff9e948dd4
cceprint: [_ZN8cceprint5vshrsERA64_iPish7Literal] -> 0xffff9e948f60
cceprint: [_ZN8cceprint5vshrsERA64_jPjsh7Literal] -> 0xffff9e9490ec
cceprint: [_ZN8cceprint5vshrsERA128_sPssh7Literal] -> 0xffff9e949278
cceprint: [_ZN8cceprint5vshrsERA128_tPtsh7Literal] -> 0xffff9e949404
cceprint: [_ZN8cceprint5vshrsERA256_aPash7Literal] -> 0xffff9e949590
cceprint: [_ZN8cceprint5vshrsERA256_hPhsh7Literal] -> 0xffff9e94971c
cceprint: [_ZN8cceprint6vlreluERA64_fPffh7Literal] -> 0xffff9e9498a8
cceprint: [_ZN8cceprint6vlreluERA128_N7float165Fp16TEPS1_S1_h7Literal] -> 0xffff9e949a34
cceprint: [_ZN8cceprint10use_pipe_vEv] -> 0xffff9e949bd4
cceprint: [_ZN8cceprint11use_pipe_v2Ev] -> 0xffff9e949c34
cceprint: [_ZN8cceprint8v4dtransEPtS0_m] -> 0xffff9e949c94
cceprint: [_ZN8cceprint8v4dtransEPtS0_ttb] -> 0xffff9e949d9c
cceprint: [_ZN8cceprint8v4dtransEPjS0_m] -> 0xffff9e949f10
cceprint: [_ZN8cceprint8v4dtransEPjS0_ttb] -> 0xffff9e94a018
cceprint: [_ZN8cceprint8v4dtransEPhS0_m] -> 0xffff9e94a18c
cceprint: [_ZN8cceprint8v4dtransEPhS0_ttb] -> 0xffff9e94a294
cceprint: [_ZN8cceprint5vaaddEPN7float165Fp16TES2_S2_m] -> 0xffff9e94a408
cceprint: [_ZN8cceprint5vaaddEPN7float165Fp16TES2_S2_hhhhhhh] -> 0xffff9e94a54c
cceprint: [_ZN8cceprint5vaaddEPN7float165Fp16TES2_S2_hhhhhhhbb] -> 0xffff9e94a838
cceprint: [_ZN8cceprint5vaaddEPfS0_S0_m] -> 0xffff9e94ab94
cceprint: [_ZN8cceprint5vaaddEPfS0_S0_hhhhhhh] -> 0xffff9e94acd8
cceprint: [_ZN8cceprint5vaaddEPfS0_S0_hhhhhhhbb] -> 0xffff9e94afc4
cceprint: [_ZN8cceprint4vabsEPN7float165Fp16TES2_m] -> 0xffff9e94b320
cceprint: [_ZN8cceprint4vabsEPN7float165Fp16TES2_htthh] -> 0xffff9e94b428
cceprint: [_ZN8cceprint4vabsEPN7float165Fp16TES2_htthhbb] -> 0xffff9e94b638
cceprint: [_ZN8cceprint4vabsEPN7float165Fp16TES2_htttt] -> 0xffff9e94b8bc
cceprint: [_ZN8cceprint4vabsEPfS0_m] -> 0xffff9e94bab4
cceprint: [_ZN8cceprint4vabsEPfS0_htthh] -> 0xffff9e94bbbc
cceprint: [_ZN8cceprint4vabsEPfS0_htthhbb] -> 0xffff9e94bdcc
cceprint: [_ZN8cceprint4vabsEPfS0_htttt] -> 0xffff9e94c050
cceprint: [_ZN8cceprint4vabsEPsS0_m] -> 0xffff9e94c248
cceprint: [_ZN8cceprint4vabsEPsS0_htthh] -> 0xffff9e94c350
cceprint: [_ZN8cceprint4vabsEPsS0_htthhbb] -> 0xffff9e94c560
cceprint: [_ZN8cceprint4vabsEPsS0_htttt] -> 0xffff9e94c7e4
cceprint: [_ZN8cceprint4vaddEPN7float165Fp16TES2_S2_m] -> 0xffff9e94c9dc
cceprint: [_ZN8cceprint4vaddEPN7float165Fp16TES2_S2_hhhhhhh] -> 0xffff9e94cb20
cceprint: [_ZN8cceprint4vaddEPN7float165Fp16TES2_S2_hhhhhhhbb] -> 0xffff9e94ce0c
cceprint: [_ZN8cceprint4vaddEPfS0_S0_hhhhhhh] -> 0xffff9e94d168
cceprint: [_ZN8cceprint4vaddEPfS0_S0_hhhhhhhbb] -> 0xffff9e94d454
cceprint: [_ZN8cceprint4vaddEPsS0_S0_m] -> 0xffff9e94d7b0
cceprint: [_ZN8cceprint4vaddEPsS0_S0_hhhhhhh] -> 0xffff9e94d8f4
cceprint: [_ZN8cceprint4vaddEPsS0_S0_hhhhhhhbb] -> 0xffff9e94dbe0
cceprint: [_ZN8cceprint4vaddEPiS0_S0_m] -> 0xffff9e94df3c
cceprint: [_ZN8cceprint4vaddEPiS0_S0_hhhhhhh] -> 0xffff9e94e080
cceprint: [_ZN8cceprint4vaddEPiS0_S0_hhhhhhhbb] -> 0xffff9e94e36c
cceprint: [_ZN8cceprint11vadddeqreluEPN7float165Fp16TEPiS3_m] -> 0xffff9e94e6c8
cceprint: [_ZN8cceprint11vadddeqreluEPN7float165Fp16TEPiS3_hhhhhhh] -> 0xffff9e94e80c
cceprint: [_ZN8cceprint11vadddeqreluEPN7float165Fp16TEPiS3_hhhhhhhbb] -> 0xffff9e94eaf8
cceprint: [_ZN8cceprint8vaddreluEPN7float165Fp16TES2_S2_m] -> 0xffff9e94ee54
cceprint: [_ZN8cceprint8vaddreluEPN7float165Fp16TES2_S2_hhhhhhhbb] -> 0xffff9e94ef98
cceprint: [_ZN8cceprint8vaddreluEPN7float165Fp16TES2_S2_hhhhhhh] -> 0xffff9e94f2f4
cceprint: [_ZN8cceprint8vaddreluEPfS0_S0_m] -> 0xffff9e94f5e0
cceprint: [_ZN8cceprint8vaddreluEPfS0_S0_hhhhhhhbb] -> 0xffff9e94f724
cceprint: [_ZN8cceprint8vaddreluEPfS0_S0_hhhhhhh] -> 0xffff9e94fa80
cceprint: [_ZN8cceprint8vaddreluEPsS0_S0_m] -> 0xffff9e94fd6c
cceprint: [_ZN8cceprint8vaddreluEPsS0_S0_hhhhhhhbb] -> 0xffff9e94feb0
cceprint: [_ZN8cceprint8vaddreluEPsS0_S0_hhhhhhh] -> 0xffff9e95020c
cceprint: [_ZN8cceprint19vaddreluconv_f162s8EPaPN7float165Fp16TES3_mb] -> 0xffff9e9504f8
cceprint: [_ZN8cceprint19vaddreluconv_f162s8EPaPN7float165Fp16TES3_hhhhhhhbbb] -> 0xffff9e950678
cceprint: [_ZN8cceprint19vaddreluconv_f162s8EPaPN7float165Fp16TES3_hhhhhhhb] -> 0xffff9e950a0c
cceprint: [_ZN8cceprint20vaddreluconv_f322f16EPN7float165Fp16TEPfS3_mb] -> 0xffff9e950d30
cceprint: [_ZN8cceprint20vaddreluconv_f322f16EPN7float165Fp16TEPfS3_hhhhhhhbbb] -> 0xffff9e950eb0
cceprint: [_ZN8cceprint20vaddreluconv_f322f16EPN7float165Fp16TEPfS3_hhhhhhhb] -> 0xffff9e951244
cceprint: [_ZN8cceprint19vaddreluconv_s162s8EPaPsS1_mb] -> 0xffff9e951568
cceprint: [_ZN8cceprint19vaddreluconv_s162s8EPaPsS1_hhhhhhhbbb] -> 0xffff9e9516e8
cceprint: [_ZN8cceprint19vaddreluconv_s162s8EPaPsS1_hhhhhhhb] -> 0xffff9e951a7c
cceprint: [_ZN8cceprint23vaddreluconv_vdeqs162b8EPaPsS1_mb] -> 0xffff9e951da0
cceprint: [_ZN8cceprint23vaddreluconv_vdeqs162b8EPhPsS1_mb] -> 0xffff9e951f20
cceprint: [_ZN8cceprint23vaddreluconv_vdeqs162b8EPhPsS1_hhhhhhhbbb] -> 0xffff9e9520a0
cceprint: [_ZN8cceprint23vaddreluconv_vdeqs162b8EPhPsS1_hhhhhhhb] -> 0xffff9e952434
cceprint: [_ZN8cceprint23vaddreluconv_vdeqs162b8EPaPsS1_hhhhhhhbbb] -> 0xffff9e952758
cceprint: [_ZN8cceprint23vaddreluconv_vdeqs162b8EPaPsS1_hhhhhhhb] -> 0xffff9e952aec
cceprint: [_ZN8cceprint5vaddsEPN7float165Fp16TES2_S1_m] -> 0xffff9e952e10
cceprint: [_ZN8cceprint5vaddsEPN7float165Fp16TES2_S1_htthh] -> 0xffff9e952f68
cceprint: [_ZN8cceprint5vaddsEPN7float165Fp16TES2_S1_htthhbb] -> 0xffff9e9531c8
cceprint: [_ZN8cceprint5vaddsEPN7float165Fp16TES2_S1_htttt] -> 0xffff9e953498
cceprint: [_ZN8cceprint5vaddsEPfS0_fm] -> 0xffff9e9536e0
cceprint: [_ZN8cceprint5vaddsEPfS0_fhtthh] -> 0xffff9e953824
cceprint: [_ZN8cceprint5vaddsEPfS0_fhtthhbb] -> 0xffff9e953a70
cceprint: [_ZN8cceprint5vaddsEPfS0_fhtttt] -> 0xffff9e953d30
cceprint: [_ZN8cceprint5vaddsEPsS0_sm] -> 0xffff9e953f64
cceprint: [_ZN8cceprint5vaddsEPsS0_shtthh] -> 0xffff9e9540a8
cceprint: [_ZN8cceprint5vaddsEPsS0_shtthhbb] -> 0xffff9e9542f4
cceprint: [_ZN8cceprint5vaddsEPsS0_shtttt] -> 0xffff9e9545b0
cceprint: [_ZN8cceprint5vaddsEPiS0_im] -> 0xffff9e9547e4
cceprint: [_ZN8cceprint5vaddsEPiS0_ihtthh] -> 0xffff9e954928
cceprint: [_ZN8cceprint5vaddsEPiS0_ihtthhbb] -> 0xffff9e954b74
cceprint: [_ZN8cceprint5vaddsEPiS0_ihtttt] -> 0xffff9e954e30
cceprint: [_ZN8cceprint4vandEPsS0_S0_m] -> 0xffff9e955064
cceprint: [_ZN8cceprint4vandEPsS0_S0_hhhhhhh] -> 0xffff9e9551a8
cceprint: [_ZN8cceprint4vandEPsS0_S0_hhhhhhhbb] -> 0xffff9e955494
cceprint: [_ZN8cceprint4vandEPtS0_S0_m] -> 0xffff9e9557f0
cceprint: [_ZN8cceprint4vandEPtS0_S0_hhhhhhh] -> 0xffff9e955934
cceprint: [_ZN8cceprint4vandEPtS0_S0_hhhhhhhbb] -> 0xffff9e955c20
cceprint: [_ZN8cceprint5vaxpyEPN7float165Fp16TES2_S1_m] -> 0xffff9e955f7c
cceprint: [_ZN8cceprint5vaxpyEPN7float165Fp16TES2_S1_htthh] -> 0xffff9e9560d4
cceprint: [_ZN8cceprint5vaxpyEPN7float165Fp16TES2_S1_htthhbb] -> 0xffff9e956334
cceprint: [_ZN8cceprint5vaxpyEPN7float165Fp16TES2_S1_htttt] -> 0xffff9e956604
cceprint: [_ZN8cceprint5vaxpyEPfS0_fm] -> 0xffff9e95684c
cceprint: [_ZN8cceprint5vaxpyEPfS0_fhtthh] -> 0xffff9e956990
cceprint: [_ZN8cceprint5vaxpyEPfS0_fhtthhbb] -> 0xffff9e956bdc
cceprint: [_ZN8cceprint5vaxpyEPfS0_fhtttt] -> 0xffff9e956e9c
cceprint: [_ZN8cceprint5vaxpyEPfPN7float165Fp16TES2_m] -> 0xffff9e9570d0
cceprint: [_ZN8cceprint5vaxpyEPfPN7float165Fp16TES2_htthh] -> 0xffff9e957228
cceprint: [_ZN8cceprint5vaxpyEPfPN7float165Fp16TES2_htthhbb] -> 0xffff9e957488
cceprint: [_ZN8cceprint5vaxpyEPfPN7float165Fp16TES2_htttt] -> 0xffff9e957758
cceprint: [_ZN8cceprint3vbiEPN7float165Fp16TEPtS2_m] -> 0xffff9e9579a0
cceprint: [_ZN8cceprint3vbiEPN7float165Fp16TEPtS2_hbtth] -> 0xffff9e957ae4
cceprint: [_ZN8cceprint8vbitsortEPN7float165Fp16TES2_m] -> 0xffff9e957d24
cceprint: [_ZN8cceprint8vbitsortEPN7float165Fp16TES2_htthh] -> 0xffff9e957e2c
cceprint: [_ZN8cceprint8vbitsortEPN7float165Fp16TES2_htthhbb] -> 0xffff9e95803c
cceprint: [_ZN8cceprint8vbitsortEPfS0_m] -> 0xffff9e9582c0
cceprint: [_ZN8cceprint8vbitsortEPfS0_htthh] -> 0xffff9e9583c8
cceprint: [_ZN8cceprint8vbitsortEPfS0_htthhbb] -> 0xffff9e9585d8
cceprint: [_ZN8cceprint8vbitsortEPN7float165Fp16TES2_Pjm] -> 0xffff9e95885c
cceprint: [_ZN8cceprint8vbitsortEPN7float165Fp16TES2_Pjhhhhhhhbb] -> 0xffff9e9589a0
cceprint: [_ZN8cceprint8vbitsortEPfS0_Pjm] -> 0xffff9e958cfc
cceprint: [_ZN8cceprint8vbitsortEPfS0_Pjhhhhhhhbb] -> 0xffff9e958e40
cceprint: [_ZN8cceprint8vbitsortEPN7float165Fp16TES2_Pjhhhhhhh] -> 0xffff9e95919c
cceprint: [_ZN8cceprint8vbitsortEPfS0_Pjhhhhhhh] -> 0xffff9e959488
cceprint: [_ZN8cceprint5vbrcbEPtS0_m] -> 0xffff9e959774
cceprint: [_ZN8cceprint5vbrcbEPtS0_tth] -> 0xffff9e95987c
cceprint: [_ZN8cceprint5vbrcbEPjS0_m] -> 0xffff9e9599fc
cceprint: [_ZN8cceprint5vbrcbEPjS0_tth] -> 0xffff9e959b04
cceprint: [_ZN8cceprint5vcaddEPN7float165Fp16TES2_m] -> 0xffff9e959c84
cceprint: [_ZN8cceprint5vcaddEPN7float165Fp16TES2_httt] -> 0xffff9e959d8c
cceprint: [_ZN8cceprint5vcaddEPN7float165Fp16TES2_htttbb] -> 0xffff9e959f48
cceprint: [_ZN8cceprint5vcaddEPN7float165Fp16TES2_mb] -> 0xffff9e95a17c
cceprint: [_ZN8cceprint5vcaddEPN7float165Fp16TES2_htttb] -> 0xffff9e95a2c0
cceprint: [_ZN8cceprint5vcaddEPfS0_m] -> 0xffff9e95a4b8
cceprint: [_ZN8cceprint5vcaddEPfS0_httt] -> 0xffff9e95a5c0
cceprint: [_ZN8cceprint5vcaddEPfS0_htttbb] -> 0xffff9e95a77c
cceprint: [_ZN8cceprint5vcaddEPfS0_mb] -> 0xffff9e95a9b0
cceprint: [_ZN8cceprint5vcaddEPfS0_htttb] -> 0xffff9e95aaf4
cceprint: [_ZN8cceprint5vcaddERA128_N7float165Fp16TEPS1_h7Literal] -> 0xffff9e95acec
cceprint: [_ZN8cceprint5vcaddERA64_fPfh7Literal] -> 0xffff9e95ae3c
cceprint: [_ZN8cceprint5vcmaxERA128_N7float165Fp16TEPS1_h7Literal] -> 0xffff9e95af8c
cceprint: [_ZN8cceprint5vcmaxERA64_fPfh7Literal] -> 0xffff9e95b0dc
cceprint: [_ZN8cceprint5vcminERA128_N7float165Fp16TEPS1_h7Literal] -> 0xffff9e95b22c
cceprint: [_ZN8cceprint5vcminERA64_fPfh7Literal] -> 0xffff9e95b37c
cceprint: [_ZN8cceprint12vcbd_s162s32EPiPsm] -> 0xffff9e95b4cc
cceprint: [_ZN8cceprint12vcbd_s162s32EPiPshtthhbb] -> 0xffff9e95b5d4
cceprint: [_ZN8cceprint12vcbd_s162u32EPjPsm] -> 0xffff9e95b858
cceprint: [_ZN8cceprint12vcbd_s162u32EPjPshtthhbb] -> 0xffff9e95b960
cceprint: [_ZN8cceprint11vcbd_s162u8EPhPsm] -> 0xffff9e95bbe4
cceprint: [_ZN8cceprint11vcbd_s162u8EPhPshtthhbb] -> 0xffff9e95bcec
cceprint: [_ZN8cceprint12vcbd_s322s16EPsPim] -> 0xffff9e95bf70
cceprint: [_ZN8cceprint12vcbd_s322s16EPsPihtthhbb] -> 0xffff9e95c078
cceprint: [_ZN8cceprint12vcbd_s322u16EPtPim] -> 0xffff9e95c2fc
cceprint: [_ZN8cceprint12vcbd_s322u16EPtPihtthhbb] -> 0xffff9e95c404
cceprint: [_ZN8cceprint11vcbd_s322u8EPhPim] -> 0xffff9e95c688
cceprint: [_ZN8cceprint11vcbd_s322u8EPhPihtthhbb] -> 0xffff9e95c790
cceprint: [_ZN8cceprint12vcbd_u162s32EPiPtm] -> 0xffff9e95ca14
cceprint: [_ZN8cceprint12vcbd_u162s32EPiPthtthhbb] -> 0xffff9e95cb1c
cceprint: [_ZN8cceprint12vcbd_u162u32EPjPtm] -> 0xffff9e95cda0
cceprint: [_ZN8cceprint12vcbd_u162u32EPjPthtthhbb] -> 0xffff9e95cea8
cceprint: [_ZN8cceprint11vcbd_u162u8EPhPtm] -> 0xffff9e95d12c
cceprint: [_ZN8cceprint11vcbd_u162u8EPhPthtthhbb] -> 0xffff9e95d234
cceprint: [_ZN8cceprint12vcbd_u322s16EPsPjm] -> 0xffff9e95d4b8
cceprint: [_ZN8cceprint12vcbd_u322s16EPsPjhtthhbb] -> 0xffff9e95d5c0
cceprint: [_ZN8cceprint12vcbd_u322u16EPtPjm] -> 0xffff9e95d844
cceprint: [_ZN8cceprint12vcbd_u322u16EPtPjhtthhbb] -> 0xffff9e95d94c
cceprint: [_ZN8cceprint11vcbd_u322u8EPhPjm] -> 0xffff9e95dbd0
cceprint: [_ZN8cceprint11vcbd_u322u8EPhPjhtthhbb] -> 0xffff9e95dcd8
cceprint: [_ZN8cceprint11vcbd_u82s16EPsPhm] -> 0xffff9e95df5c
cceprint: [_ZN8cceprint11vcbd_u82s16EPsPhhtthhbb] -> 0xffff9e95e064
cceprint: [_ZN8cceprint11vcbd_u82s32EPiPhm] -> 0xffff9e95e2e8
cceprint: [_ZN8cceprint11vcbd_u82s32EPiPhhtthhbb] -> 0xffff9e95e3f0
cceprint: [_ZN8cceprint11vcbd_u82u16EPtPhm] -> 0xffff9e95e674
cceprint: [_ZN8cceprint11vcbd_u82u16EPtPhhtthhbb] -> 0xffff9e95e77c
cceprint: [_ZN8cceprint11vcbd_u82u32EPjPhm] -> 0xffff9e95ea00
cceprint: [_ZN8cceprint11vcbd_u82u32EPjPhhtthhbb] -> 0xffff9e95eb08
cceprint: [_ZN8cceprint6vcgaddEPN7float165Fp16TES2_m] -> 0xffff9e95ed8c
cceprint: [_ZN8cceprint6vcgaddEPN7float165Fp16TES2_httt] -> 0xffff9e95ee94
cceprint: [_ZN8cceprint6vcgaddEPN7float165Fp16TES2_htttbb] -> 0xffff9e95f050
cceprint: [_ZN8cceprint6vcgaddEPfS0_m] -> 0xffff9e95f284
cceprint: [_ZN8cceprint6vcgaddEPfS0_httt] -> 0xffff9e95f38c
cceprint: [_ZN8cceprint6vcgaddEPfS0_htttbb] -> 0xffff9e95f548
cceprint: [_ZN8cceprint6vcgaddERA128_N7float165Fp16TEPS1_h7Literal] -> 0xffff9e95f77c
cceprint: [_ZN8cceprint6vcgaddERA64_fPfh7Literal] -> 0xffff9e95f8cc
cceprint: [_ZN8cceprint6vcgmaxERA128_N7float165Fp16TEPS1_h7Literal] -> 0xffff9e95fa1c
cceprint: [_ZN8cceprint6vcgmaxERA64_fPfh7Literal] -> 0xffff9e95fb6c
cceprint: [_ZN8cceprint6vcgminERA128_N7float165Fp16TEPS1_h7Literal] -> 0xffff9e95fcbc
cceprint: [_ZN8cceprint6vcgminERA64_fPfh7Literal] -> 0xffff9e95fe0c
cceprint: [_ZN8cceprint6vcpaddERA128_N7float165Fp16TEPS1_h7Literal] -> 0xffff9e95ff5c
cceprint: [_ZN8cceprint6vcpaddERA64_fPfh7Literal] -> 0xffff9e9600ac
cceprint: [_ZN8cceprint6vcgmaxEPN7float165Fp16TES2_m] -> 0xffff9e9601fc
cceprint: [_ZN8cceprint6vcgmaxEPN7float165Fp16TES2_httt] -> 0xffff9e960304
cceprint: [_ZN8cceprint6vcgmaxEPN7float165Fp16TES2_htttbb] -> 0xffff9e9604c0
cceprint: [_ZN8cceprint6vcgmaxEPfS0_m] -> 0xffff9e9606f4
cceprint: [_ZN8cceprint6vcgmaxEPfS0_httt] -> 0xffff9e9607fc
cceprint: [_ZN8cceprint6vcgmaxEPfS0_htttbb] -> 0xffff9e9609b8
cceprint: [_ZN8cceprint6vcgminEPN7float165Fp16TES2_m] -> 0xffff9e960bec
cceprint: [_ZN8cceprint6vcgminEPN7float165Fp16TES2_httt] -> 0xffff9e960cf4
cceprint: [_ZN8cceprint6vcgminEPN7float165Fp16TES2_htttbb] -> 0xffff9e960eb0
cceprint: [_ZN8cceprint6vcgminEPfS0_m] -> 0xffff9e9610e4
cceprint: [_ZN8cceprint6vcgminEPfS0_httt] -> 0xffff9e9611ec
cceprint: [_ZN8cceprint6vcgminEPfS0_htttbb] -> 0xffff9e9613a8
cceprint: [_ZN8cceprint3vciEPN7float165Fp16TES1_m] -> 0xffff9e9615dc
cceprint: [_ZN8cceprint3vciEPN7float165Fp16TES1_hthbb] -> 0xffff9e9616f8
cceprint: [_ZN8cceprint3vciEPffm] -> 0xffff9e961910
cceprint: [_ZN8cceprint3vciEPffhthbb] -> 0xffff9e961a18
cceprint: [_ZN8cceprint3vciEPssm] -> 0xffff9e961c1c
cceprint: [_ZN8cceprint3vciEPsshthbb] -> 0xffff9e961d24
cceprint: [_ZN8cceprint3vciEPiim] -> 0xffff9e961f28
cceprint: [_ZN8cceprint3vciEPiihthbb] -> 0xffff9e962030
cceprint: [_ZN8cceprint5vcmaxEPN7float165Fp16TES2_m] -> 0xffff9e962234
cceprint: [_ZN8cceprint5vcmaxEPN7float165Fp16TES2_httt] -> 0xffff9e96233c
cceprint: [_ZN8cceprint5vcmaxEPN7float165Fp16TES2_htttbb] -> 0xffff9e9624f8
cceprint: [_ZN8cceprint5vcmaxEPN7float165Fp16TES2_mb] -> 0xffff9e96272c
cceprint: [_ZN8cceprint5vcmaxEPN7float165Fp16TES2_htttbbb] -> 0xffff9e962870
cceprint: [_ZN8cceprint5vcmaxEPN7float165Fp16TES2_m7Order_t] -> 0xffff9e962adc
cceprint: [_ZN8cceprint5vcmaxEPN7float165Fp16TES2_httt7Order_t] -> 0xffff9e962c2c
cceprint: [_ZN8cceprint5vcmaxEPfS0_mb] -> 0xffff9e962e30
cceprint: [_ZN8cceprint5vcmaxEPfS0_htttbbb] -> 0xffff9e962f74
cceprint: [_ZN8cceprint5vcmaxEPfS0_m7Order_t] -> 0xffff9e9631e0
cceprint: [_ZN8cceprint5vcmaxEPfS0_httt7Order_t] -> 0xffff9e963330
cceprint: [_ZN8cceprint5vcmaxEPtS0_mb] -> 0xffff9e963534
cceprint: [_ZN8cceprint5vcmaxEPtS0_htttbbb] -> 0xffff9e963678
cceprint: [_ZN8cceprint5vcminEPN7float165Fp16TES2_m] -> 0xffff9e9638e4
cceprint: [_ZN8cceprint5vcminEPN7float165Fp16TES2_httt] -> 0xffff9e9639ec
cceprint: [_ZN8cceprint5vcminEPN7float165Fp16TES2_htttbb] -> 0xffff9e963ba8
cceprint: [_ZN8cceprint5vcminEPN7float165Fp16TES2_mb] -> 0xffff9e963ddc
cceprint: [_ZN8cceprint5vcminEPN7float165Fp16TES2_htttbbb] -> 0xffff9e963f20
cceprint: [_ZN8cceprint5vcminEPN7float165Fp16TES2_m7Order_t] -> 0xffff9e96418c
cceprint: [_ZN8cceprint5vcminEPN7float165Fp16TES2_httt7Order_t] -> 0xffff9e9642dc
cceprint: [_ZN8cceprint5vcminEPfS0_mb] -> 0xffff9e9644e0
cceprint: [_ZN8cceprint5vcminEPfS0_htttbbb] -> 0xffff9e964624
cceprint: [_ZN8cceprint5vcminEPfS0_m7Order_t] -> 0xffff9e964890
cceprint: [_ZN8cceprint5vcminEPfS0_httt7Order_t] -> 0xffff9e9649e0
cceprint: [_ZN8cceprint5vcminEPtS0_mb] -> 0xffff9e964be4
cceprint: [_ZN8cceprint5vcminEPtS0_htttbbb] -> 0xffff9e964d28
cceprint: [_ZN8cceprint7vcmp_eqEPN7float165Fp16TES2_m] -> 0xffff9e964f94
cceprint: [_ZN8cceprint7vcmp_eqEPN7float165Fp16TES2_hhhhhhh] -> 0xffff9e96509c
cceprint: [_ZN8cceprint7vcmp_eqEPN7float165Fp16TES2_hhhhhhhbb] -> 0xffff9e965350
cceprint: [_ZN8cceprint7vcmp_eqEPfS0_m] -> 0xffff9e965674
cceprint: [_ZN8cceprint7vcmp_eqEPfS0_hhhhhhh] -> 0xffff9e96577c
cceprint: [_ZN8cceprint7vcmp_eqEPfS0_hhhhhhhbb] -> 0xffff9e965a30
cceprint: [_ZN8cceprint7vcmp_eqEPtS0_m] -> 0xffff9e965d54
cceprint: [_ZN8cceprint7vcmp_eqEPtS0_hhhhhhh] -> 0xffff9e965e5c
cceprint: [_ZN8cceprint7vcmp_eqEPtS0_hhhhhhhbb] -> 0xffff9e966110
cceprint: [_ZN8cceprint7vcmp_geEPN7float165Fp16TES2_m] -> 0xffff9e966434
cceprint: [_ZN8cceprint7vcmp_geEPN7float165Fp16TES2_hhhhhhh] -> 0xffff9e96653c
cceprint: [_ZN8cceprint7vcmp_geEPN7float165Fp16TES2_hhhhhhhbb] -> 0xffff9e9667f0
cceprint: [_ZN8cceprint7vcmp_geEPfS0_m] -> 0xffff9e966b14
cceprint: [_ZN8cceprint7vcmp_geEPfS0_hhhhhhh] -> 0xffff9e966c1c
cceprint: [_ZN8cceprint7vcmp_geEPfS0_hhhhhhhbb] -> 0xffff9e966ed0
cceprint: [_ZN8cceprint7vcmp_geEPtS0_m] -> 0xffff9e9671f4
cceprint: [_ZN8cceprint7vcmp_geEPtS0_hhhhhhh] -> 0xffff9e9672fc
cceprint: [_ZN8cceprint7vcmp_geEPtS0_hhhhhhhbb] -> 0xffff9e9675b0
cceprint: [_ZN8cceprint7vcmp_gtEPN7float165Fp16TES2_m] -> 0xffff9e9678d4
cceprint: [_ZN8cceprint7vcmp_gtEPN7float165Fp16TES2_hhhhhhh] -> 0xffff9e9679dc
cceprint: [_ZN8cceprint7vcmp_gtEPN7float165Fp16TES2_hhhhhhhbb] -> 0xffff9e967c90
cceprint: [_ZN8cceprint7vcmp_gtEPfS0_m] -> 0xffff9e967fb4
cceprint: [_ZN8cceprint7vcmp_gtEPfS0_hhhhhhh] -> 0xffff9e9680bc
cceprint: [_ZN8cceprint7vcmp_gtEPfS0_hhhhhhhbb] -> 0xffff9e968370
cceprint: [_ZN8cceprint7vcmp_gtEPtS0_m] -> 0xffff9e968694
cceprint: [_ZN8cceprint7vcmp_gtEPtS0_hhhhhhh] -> 0xffff9e96879c
cceprint: [_ZN8cceprint7vcmp_gtEPtS0_hhhhhhhbb] -> 0xffff9e968a50
cceprint: [_ZN8cceprint7vcmp_leEPN7float165Fp16TES2_m] -> 0xffff9e968d74
cceprint: [_ZN8cceprint7vcmp_leEPN7float165Fp16TES2_hhhhhhh] -> 0xffff9e968e7c
cceprint: [_ZN8cceprint7vcmp_leEPN7float165Fp16TES2_hhhhhhhbb] -> 0xffff9e969130
cceprint: [_ZN8cceprint7vcmp_leEPfS0_m] -> 0xffff9e969454
cceprint: [_ZN8cceprint7vcmp_leEPfS0_hhhhhhh] -> 0xffff9e96955c
cceprint: [_ZN8cceprint7vcmp_leEPfS0_hhhhhhhbb] -> 0xffff9e969810
cceprint: [_ZN8cceprint7vcmp_leEPtS0_m] -> 0xffff9e969b34
cceprint: [_ZN8cceprint7vcmp_leEPtS0_hhhhhhh] -> 0xffff9e969c3c
cceprint: [_ZN8cceprint7vcmp_leEPtS0_hhhhhhhbb] -> 0xffff9e969ef0
cceprint: [_ZN8cceprint7vcmp_ltEPN7float165Fp16TES2_m] -> 0xffff9e96a214
cceprint: [_ZN8cceprint7vcmp_ltEPN7float165Fp16TES2_hhhhhhh] -> 0xffff9e96a31c
cceprint: [_ZN8cceprint7vcmp_ltEPN7float165Fp16TES2_hhhhhhhbb] -> 0xffff9e96a5d0
cceprint: [_ZN8cceprint7vcmp_ltEPfS0_m] -> 0xffff9e96a8f4
cceprint: [_ZN8cceprint7vcmp_ltEPfS0_hhhhhhh] -> 0xffff9e96a9fc
cceprint: [_ZN8cceprint7vcmp_ltEPfS0_hhhhhhhbb] -> 0xffff9e96acb0
cceprint: [_ZN8cceprint7vcmp_ltEPtS0_m] -> 0xffff9e96afd4
cceprint: [_ZN8cceprint7vcmp_ltEPtS0_hhhhhhh] -> 0xffff9e96b0dc
cceprint: [_ZN8cceprint7vcmp_ltEPtS0_hhhhhhhbb] -> 0xffff9e96b390
cceprint: [_ZN8cceprint7vcmp_neEPN7float165Fp16TES2_m] -> 0xffff9e96b6b4
cceprint: [_ZN8cceprint7vcmp_neEPN7float165Fp16TES2_hhhhhhh] -> 0xffff9e96b7bc
cceprint: [_ZN8cceprint7vcmp_neEPN7float165Fp16TES2_hhhhhhhbb] -> 0xffff9e96ba70
cceprint: [_ZN8cceprint7vcmp_neEPfS0_m] -> 0xffff9e96bd94
cceprint: [_ZN8cceprint7vcmp_neEPfS0_hhhhhhh] -> 0xffff9e96be9c
cceprint: [_ZN8cceprint7vcmp_neEPfS0_hhhhhhhbb] -> 0xffff9e96c150
cceprint: [_ZN8cceprint7vcmp_neEPtS0_m] -> 0xffff9e96c474
cceprint: [_ZN8cceprint7vcmp_neEPtS0_hhhhhhh] -> 0xffff9e96c57c
cceprint: [_ZN8cceprint7vcmp_neEPtS0_hhhhhhhbb] -> 0xffff9e96c830
cceprint: [_ZN8cceprint8vcmpv_eqEPhPN7float165Fp16TES3_m] -> 0xffff9e96cb54
cceprint: [_ZN8cceprint8vcmpv_eqEPhPN7float165Fp16TES3_hhhhhhh] -> 0xffff9e96cc98
cceprint: [_ZN8cceprint8vcmpv_eqEPhPfS1_m] -> 0xffff9e96cf84
cceprint: [_ZN8cceprint8vcmpv_eqEPhPfS1_hhhhhhh] -> 0xffff9e96d0c8
cceprint: [_ZN8cceprint8vcmpv_eqEPhPiS1_m] -> 0xffff9e96d3b4
cceprint: [_ZN8cceprint8vcmpv_eqEPhPiS1_hhhhhhh] -> 0xffff9e96d4f8
cceprint: [_ZN8cceprint8vcmpv_geEPhPN7float165Fp16TES3_m] -> 0xffff9e96d7e4
cceprint: [_ZN8cceprint8vcmpv_geEPhPN7float165Fp16TES3_hhhhhhh] -> 0xffff9e96d928
cceprint: [_ZN8cceprint8vcmpv_geEPhPfS1_m] -> 0xffff9e96dc14
cceprint: [_ZN8cceprint8vcmpv_geEPhPfS1_hhhhhhh] -> 0xffff9e96dd58
cceprint: [_ZN8cceprint8vcmpv_gtEPhPN7float165Fp16TES3_m] -> 0xffff9e96e044
cceprint: [_ZN8cceprint8vcmpv_gtEPhPN7float165Fp16TES3_hhhhhhh] -> 0xffff9e96e188
cceprint: [_ZN8cceprint8vcmpv_gtEPhPfS1_m] -> 0xffff9e96e474
cceprint: [_ZN8cceprint8vcmpv_gtEPhPfS1_hhhhhhh] -> 0xffff9e96e5b8
cceprint: [_ZN8cceprint8vcmpv_leEPhPN7float165Fp16TES3_m] -> 0xffff9e96e8a4
cceprint: [_ZN8cceprint8vcmpv_leEPhPN7float165Fp16TES3_hhhhhhh] -> 0xffff9e96e9e8
cceprint: [_ZN8cceprint8vcmpv_leEPhPfS1_m] -> 0xffff9e96ecd4
cceprint: [_ZN8cceprint8vcmpv_leEPhPfS1_hhhhhhh] -> 0xffff9e96ee18
cceprint: [_ZN8cceprint8vcmpv_ltEPhPN7float165Fp16TES3_m] -> 0xffff9e96f104
cceprint: [_ZN8cceprint8vcmpv_ltEPhPN7float165Fp16TES3_hhhhhhh] -> 0xffff9e96f248
cceprint: [_ZN8cceprint8vcmpv_ltEPhPfS1_m] -> 0xffff9e96f534
cceprint: [_ZN8cceprint8vcmpv_ltEPhPfS1_hhhhhhh] -> 0xffff9e96f678
cceprint: [_ZN8cceprint8vcmpv_neEPhPN7float165Fp16TES3_m] -> 0xffff9e96f964
cceprint: [_ZN8cceprint8vcmpv_neEPhPN7float165Fp16TES3_hhhhhhh] -> 0xffff9e96faa8
cceprint: [_ZN8cceprint8vcmpv_neEPhPfS1_m] -> 0xffff9e96fd94
cceprint: [_ZN8cceprint8vcmpv_neEPhPfS1_hhhhhhh] -> 0xffff9e96fed8
cceprint: [_ZN8cceprint9vcmpvs_eqEPhPN7float165Fp16TES2_m] -> 0xffff9e9701c4
cceprint: [_ZN8cceprint9vcmpvs_eqEPhPN7float165Fp16TES2_htthh] -> 0xffff9e97031c
cceprint: [_ZN8cceprint9vcmpvs_eqEPhPN7float165Fp16TES2_htttt] -> 0xffff9e97057c
cceprint: [_ZN8cceprint9vcmpvs_eqEPhPffm] -> 0xffff9e9707c4
cceprint: [_ZN8cceprint9vcmpvs_eqEPhPffhtthh] -> 0xffff9e970908
cceprint: [_ZN8cceprint9vcmpvs_eqEPhPffhtttt] -> 0xffff9e970b54
cceprint: [_ZN8cceprint9vcmpvs_eqEPhPiim] -> 0xffff9e970d88
cceprint: [_ZN8cceprint9vcmpvs_eqEPhPiihtttt] -> 0xffff9e970ecc
cceprint: [_ZN8cceprint9vcmpvs_geEPhPN7float165Fp16TES2_m] -> 0xffff9e971100
cceprint: [_ZN8cceprint9vcmpvs_geEPhPN7float165Fp16TES2_htthh] -> 0xffff9e971258
cceprint: [_ZN8cceprint9vcmpvs_geEPhPN7float165Fp16TES2_htttt] -> 0xffff9e9714b8
cceprint: [_ZN8cceprint9vcmpvs_geEPhPffm] -> 0xffff9e971700
cceprint: [_ZN8cceprint9vcmpvs_geEPhPffhtthh] -> 0xffff9e971844
cceprint: [_ZN8cceprint9vcmpvs_geEPhPffhtttt] -> 0xffff9e971a90
cceprint: [_ZN8cceprint9vcmpvs_gtEPhPN7float165Fp16TES2_m] -> 0xffff9e971cc4
cceprint: [_ZN8cceprint9vcmpvs_gtEPhPN7float165Fp16TES2_htthh] -> 0xffff9e971e1c
cceprint: [_ZN8cceprint9vcmpvs_gtEPhPN7float165Fp16TES2_htttt] -> 0xffff9e97207c
cceprint: [_ZN8cceprint9vcmpvs_gtEPhPffm] -> 0xffff9e9722c4
cceprint: [_ZN8cceprint9vcmpvs_gtEPhPffhtthh] -> 0xffff9e972408
cceprint: [_ZN8cceprint9vcmpvs_gtEPhPffhtttt] -> 0xffff9e972654
cceprint: [_ZN8cceprint9vcmpvs_leEPhPN7float165Fp16TES2_m] -> 0xffff9e972888
cceprint: [_ZN8cceprint9vcmpvs_leEPhPN7float165Fp16TES2_htthh] -> 0xffff9e9729e0
cceprint: [_ZN8cceprint9vcmpvs_leEPhPN7float165Fp16TES2_htttt] -> 0xffff9e972c40
cceprint: [_ZN8cceprint9vcmpvs_leEPhPffm] -> 0xffff9e972e88
cceprint: [_ZN8cceprint9vcmpvs_leEPhPffhtthh] -> 0xffff9e972fcc
cceprint: [_ZN8cceprint9vcmpvs_leEPhPffhtttt] -> 0xffff9e973218
cceprint: [_ZN8cceprint9vcmpvs_ltEPhPN7float165Fp16TES2_m] -> 0xffff9e97344c
cceprint: [_ZN8cceprint9vcmpvs_ltEPhPN7float165Fp16TES2_htthh] -> 0xffff9e9735a4
cceprint: [_ZN8cceprint9vcmpvs_ltEPhPN7float165Fp16TES2_htttt] -> 0xffff9e973804
cceprint: [_ZN8cceprint9vcmpvs_ltEPhPffm] -> 0xffff9e973a4c
cceprint: [_ZN8cceprint9vcmpvs_ltEPhPffhtthh] -> 0xffff9e973b90
cceprint: [_ZN8cceprint9vcmpvs_ltEPhPffhtttt] -> 0xffff9e973ddc
cceprint: [_ZN8cceprint9vcmpvs_neEPhPN7float165Fp16TES2_m] -> 0xffff9e974010
cceprint: [_ZN8cceprint9vcmpvs_neEPhPN7float165Fp16TES2_htthh] -> 0xffff9e974168
cceprint: [_ZN8cceprint9vcmpvs_neEPhPN7float165Fp16TES2_htttt] -> 0xffff9e9743c8
cceprint: [_ZN8cceprint9vcmpvs_neEPhPffm] -> 0xffff9e974610
cceprint: [_ZN8cceprint9vcmpvs_neEPhPffhtthh] -> 0xffff9e974754
cceprint: [_ZN8cceprint9vcmpvs_neEPhPffhtttt] -> 0xffff9e9749a0
cceprint: [_ZN8cceprint7vconcatEPN7float165Fp16TES2_m] -> 0xffff9e974bd4
cceprint: [_ZN8cceprint7vconcatEPN7float165Fp16TES2_hh] -> 0xffff9e974cdc
cceprint: [_ZN8cceprint7vconcatEPN7float165Fp16TES2_htthh] -> 0xffff9e974e2c
cceprint: [_ZN8cceprint7vconcatEPN7float165Fp16TES2_htthhbb] -> 0xffff9e97503c
cceprint: [_ZN8cceprint7vconcatEPfS0_m] -> 0xffff9e9752c0
cceprint: [_ZN8cceprint7vconcatEPfS0_hh] -> 0xffff9e9753c8
cceprint: [_ZN8cceprint7vconcatEPfS0_htthh] -> 0xffff9e975518
cceprint: [_ZN8cceprint7vconcatEPfS0_htthhbb] -> 0xffff9e975728
cceprint: [_ZN8cceprint14vconv_bf162f32EPfPN8bfloat165Bf16TEhtttt] -> 0xffff9e9759ac
cceprint: [_ZN8cceprint14vconv_bf162f32EPfPN8bfloat165Bf16TEm] -> 0xffff9e975ba4
cceprint: [_ZN8cceprint15vconv_bf162s32aEPiPN8bfloat165Bf16TEhtttt] -> 0xffff9e975cac
cceprint: [_ZN8cceprint15vconv_bf162s32aEPiPN8bfloat165Bf16TEm] -> 0xffff9e975ea4
cceprint: [_ZN8cceprint15vconv_bf162s32cEPiPN8bfloat165Bf16TEhtttt] -> 0xffff9e975fac
cceprint: [_ZN8cceprint15vconv_bf162s32cEPiPN8bfloat165Bf16TEm] -> 0xffff9e9761a4
cceprint: [_ZN8cceprint15vconv_bf162s32fEPiPN8bfloat165Bf16TEhtttt] -> 0xffff9e9762ac
cceprint: [_ZN8cceprint15vconv_bf162s32fEPiPN8bfloat165Bf16TEm] -> 0xffff9e9764a4
cceprint: [_ZN8cceprint15vconv_bf162s32rEPiPN8bfloat165Bf16TEhtttt] -> 0xffff9e9765ac
cceprint: [_ZN8cceprint15vconv_bf162s32rEPiPN8bfloat165Bf16TEm] -> 0xffff9e9767a4
cceprint: [_ZN8cceprint15vconv_bf162s32zEPiPN8bfloat165Bf16TEhtttt] -> 0xffff9e9768ac
cceprint: [_ZN8cceprint15vconv_bf162s32zEPiPN8bfloat165Bf16TEm] -> 0xffff9e976aa4
cceprint: [_ZN8cceprint9vconv_deqEPN7float165Fp16TEPim] -> 0xffff9e976bac
cceprint: [_ZN8cceprint9vconv_deqEPN7float165Fp16TEPihtthh] -> 0xffff9e976cb4
cceprint: [_ZN8cceprint9vconv_deqEPN7float165Fp16TEPihtthhbb] -> 0xffff9e976ec4
cceprint: [_ZN8cceprint15vconv_deqs162b8EPaPsmb] -> 0xffff9e977148
cceprint: [_ZN8cceprint15vconv_deqs162b8EPaPshtthhbbb] -> 0xffff9e97728c
cceprint: [_ZN8cceprint15vconv_deqs162b8EPhPsmb] -> 0xffff9e977548
cceprint: [_ZN8cceprint15vconv_deqs162b8EPhPshtthhbbb] -> 0xffff9e97768c
cceprint: [_ZN8cceprint16vconv_deqs162b8hEPaPshtthh] -> 0xffff9e977948
cceprint: [_ZN8cceprint16vconv_deqs162b8hEPaPsm] -> 0xffff9e977b58
cceprint: [_ZN8cceprint16vconv_deqs162b8hEPhPshtthh] -> 0xffff9e977c60
cceprint: [_ZN8cceprint16vconv_deqs162b8hEPhPsm] -> 0xffff9e977e70
cceprint: [_ZN8cceprint16vconv_deqs162b8lEPaPshtthh] -> 0xffff9e977f78
cceprint: [_ZN8cceprint16vconv_deqs162b8lEPaPsm] -> 0xffff9e978188
cceprint: [_ZN8cceprint16vconv_deqs162b8lEPhPshtthh] -> 0xffff9e978290
cceprint: [_ZN8cceprint16vconv_deqs162b8lEPhPsm] -> 0xffff9e9784a0
cceprint: [_ZN8cceprint13vconv_f162f32EPfPN7float165Fp16TEm] -> 0xffff9e9785a8
cceprint: [_ZN8cceprint13vconv_f162f32EPfPN7float165Fp16TEhtthh] -> 0xffff9e9786b0
cceprint: [_ZN8cceprint13vconv_f162f32EPfPN7float165Fp16TEhtthhbb] -> 0xffff9e9788c0
cceprint: [_ZN8cceprint13vconv_f162f32EPfPN7float165Fp16TEhtttt] -> 0xffff9e978b44
cceprint: [_ZN8cceprint14vconv_f162s16aEPsPN7float165Fp16TEhtttt] -> 0xffff9e978d3c
cceprint: [_ZN8cceprint14vconv_f162s16aEPsPN7float165Fp16TEm] -> 0xffff9e978f34
cceprint: [_ZN8cceprint14vconv_f162s16cEPsPN7float165Fp16TEhtttt] -> 0xffff9e97903c
cceprint: [_ZN8cceprint14vconv_f162s16cEPsPN7float165Fp16TEm] -> 0xffff9e979234
cceprint: [_ZN8cceprint14vconv_f162s16fEPsPN7float165Fp16TEhtttt] -> 0xffff9e97933c
cceprint: [_ZN8cceprint14vconv_f162s16fEPsPN7float165Fp16TEm] -> 0xffff9e979534
cceprint: [_ZN8cceprint14vconv_f162s16rEPsPN7float165Fp16TEm] -> 0xffff9e97963c
cceprint: [_ZN8cceprint14vconv_f162s16rEPsPN7float165Fp16TEhtthhbb] -> 0xffff9e979744
cceprint: [_ZN8cceprint14vconv_f162s16rEPsPN7float165Fp16TEhtttt] -> 0xffff9e9799c8
cceprint: [_ZN8cceprint14vconv_f162s16zEPsPN7float165Fp16TEhtttt] -> 0xffff9e979bc0
cceprint: [_ZN8cceprint14vconv_f162s16zEPsPN7float165Fp16TEm] -> 0xffff9e979db8
cceprint: [_ZN8cceprint14vconv_f162s32aEPiPN7float165Fp16TEm] -> 0xffff9e979ec0
cceprint: [_ZN8cceprint14vconv_f162s32aEPiPN7float165Fp16TEhtthh] -> 0xffff9e979fc8
cceprint: [_ZN8cceprint14vconv_f162s32aEPiPN7float165Fp16TEhtthhbb] -> 0xffff9e97a1d8
cceprint: [_ZN8cceprint14vconv_f162s32aEPiPN7float165Fp16TEhtttt] -> 0xffff9e97a45c
cceprint: [_ZN8cceprint14vconv_f162s32cEPiPN7float165Fp16TEm] -> 0xffff9e97a654
cceprint: [_ZN8cceprint14vconv_f162s32cEPiPN7float165Fp16TEhtthh] -> 0xffff9e97a75c
cceprint: [_ZN8cceprint14vconv_f162s32cEPiPN7float165Fp16TEhtthhbb] -> 0xffff9e97a96c
cceprint: [_ZN8cceprint14vconv_f162s32cEPiPN7float165Fp16TEhtttt] -> 0xffff9e97abf0
cceprint: [_ZN8cceprint14vconv_f162s32fEPiPN7float165Fp16TEm] -> 0xffff9e97ade8
cceprint: [_ZN8cceprint14vconv_f162s32fEPiPN7float165Fp16TEhtthh] -> 0xffff9e97aef0
cceprint: [_ZN8cceprint14vconv_f162s32fEPiPN7float165Fp16TEhtthhbb] -> 0xffff9e97b100
cceprint: [_ZN8cceprint14vconv_f162s32fEPiPN7float165Fp16TEhtttt] -> 0xffff9e97b384
cceprint: [_ZN8cceprint14vconv_f162s32rEPiPN7float165Fp16TEm] -> 0xffff9e97b57c
cceprint: [_ZN8cceprint14vconv_f162s32rEPiPN7float165Fp16TEhtthh] -> 0xffff9e97b684
cceprint: [_ZN8cceprint14vconv_f162s32rEPiPN7float165Fp16TEhtthhbb] -> 0xffff9e97b894
cceprint: [_ZN8cceprint14vconv_f162s32rEPiPN7float165Fp16TEhtttt] -> 0xffff9e97bb18
cceprint: [_ZN8cceprint14vconv_f162s32zEPiPN7float165Fp16TEm] -> 0xffff9e97bd10
cceprint: [_ZN8cceprint14vconv_f162s32zEPiPN7float165Fp16TEhtthh] -> 0xffff9e97be18
cceprint: [_ZN8cceprint14vconv_f162s32zEPiPN7float165Fp16TEhtthhbb] -> 0xffff9e97c028
cceprint: [_ZN8cceprint14vconv_f162s32zEPiPN7float165Fp16TEhtttt] -> 0xffff9e97c2ac
cceprint: [_ZN8cceprint12vconv_f162s4EPvPN7float165Fp16TEm] -> 0xffff9e97c4a4
cceprint: [_ZN8cceprint12vconv_f162s4EPvPN7float165Fp16TEhtthhbb] -> 0xffff9e97c5ac
cceprint: [_ZN8cceprint12vconv_f162s4EPvPN7float165Fp16TEhtttt] -> 0xffff9e97c830
cceprint: [_ZN8cceprint13vconv_f162s4aEPvPN7float165Fp16TEhtttt] -> 0xffff9e97ca28
cceprint: [_ZN8cceprint13vconv_f162s4aEPvPN7float165Fp16TEm] -> 0xffff9e97cc20
cceprint: [_ZN8cceprint13vconv_f162s4cEPvPN7float165Fp16TEhtttt] -> 0xffff9e97cd28
cceprint: [_ZN8cceprint13vconv_f162s4cEPvPN7float165Fp16TEm] -> 0xffff9e97cf20
cceprint: [_ZN8cceprint13vconv_f162s4fEPvPN7float165Fp16TEhtttt] -> 0xffff9e97d028
cceprint: [_ZN8cceprint13vconv_f162s4fEPvPN7float165Fp16TEm] -> 0xffff9e97d220
cceprint: [_ZN8cceprint13vconv_f162s4rEPvPN7float165Fp16TEhtttt] -> 0xffff9e97d328
cceprint: [_ZN8cceprint13vconv_f162s4rEPvPN7float165Fp16TEm] -> 0xffff9e97d520
cceprint: [_ZN8cceprint13vconv_f162s4zEPvPN7float165Fp16TEhtttt] -> 0xffff9e97d628
cceprint: [_ZN8cceprint13vconv_f162s4zEPvPN7float165Fp16TEm] -> 0xffff9e97d820
cceprint: [_ZN8cceprint12vconv_f162s8EPaPN7float165Fp16TEm] -> 0xffff9e97d928
cceprint: [_ZN8cceprint12vconv_f162s8EPaPN7float165Fp16TEhtthh] -> 0xffff9e97da30
cceprint: [_ZN8cceprint12vconv_f162s8EPaPN7float165Fp16TEhtthhbb] -> 0xffff9e97dc40
cceprint: [_ZN8cceprint12vconv_f162s8EPaPN7float165Fp16TEhtttt] -> 0xffff9e97dec4
cceprint: [_ZN8cceprint13vconv_f162s8aEPaPN7float165Fp16TEm] -> 0xffff9e97e0bc
cceprint: [_ZN8cceprint13vconv_f162s8aEPaPN7float165Fp16TEhtthh] -> 0xffff9e97e1c4
cceprint: [_ZN8cceprint13vconv_f162s8aEPaPN7float165Fp16TEhtthhbb] -> 0xffff9e97e3d4
cceprint: [_ZN8cceprint13vconv_f162s8aEPaPN7float165Fp16TEhtttt] -> 0xffff9e97e658
cceprint: [_ZN8cceprint13vconv_f162s8cEPaPN7float165Fp16TEm] -> 0xffff9e97e850
cceprint: [_ZN8cceprint13vconv_f162s8cEPaPN7float165Fp16TEhtthh] -> 0xffff9e97e958
cceprint: [_ZN8cceprint13vconv_f162s8cEPaPN7float165Fp16TEhtthhbb] -> 0xffff9e97eb68
cceprint: [_ZN8cceprint13vconv_f162s8cEPaPN7float165Fp16TEhtttt] -> 0xffff9e97edec
cceprint: [_ZN8cceprint13vconv_f162s8fEPaPN7float165Fp16TEm] -> 0xffff9e97efe4
cceprint: [_ZN8cceprint13vconv_f162s8fEPaPN7float165Fp16TEhtthh] -> 0xffff9e97f0ec
cceprint: [_ZN8cceprint13vconv_f162s8fEPaPN7float165Fp16TEhtthhbb] -> 0xffff9e97f2fc
cceprint: [_ZN8cceprint13vconv_f162s8fEPaPN7float165Fp16TEhtttt] -> 0xffff9e97f580
cceprint: [_ZN8cceprint13vconv_f162s8rEPaPN7float165Fp16TEhtttt] -> 0xffff9e97f778
cceprint: [_ZN8cceprint13vconv_f162s8rEPaPN7float165Fp16TEm] -> 0xffff9e97f970
cceprint: [_ZN8cceprint13vconv_f162s8zEPaPN7float165Fp16TEm] -> 0xffff9e97fa78
cceprint: [_ZN8cceprint13vconv_f162s8zEPaPN7float165Fp16TEhtthh] -> 0xffff9e97fb80
cceprint: [_ZN8cceprint13vconv_f162s8zEPaPN7float165Fp16TEhtthhbb] -> 0xffff9e97fd90
cceprint: [_ZN8cceprint13vconv_f162s8zEPaPN7float165Fp16TEhtttt] -> 0xffff9e980014
cceprint: [_ZN8cceprint12vconv_f162u8EPhPN7float165Fp16TEm] -> 0xffff9e98020c
cceprint: [_ZN8cceprint12vconv_f162u8EPhPN7float165Fp16TEhtthh] -> 0xffff9e980314
cceprint: [_ZN8cceprint12vconv_f162u8EPhPN7float165Fp16TEhtthhbb] -> 0xffff9e980524
cceprint: [_ZN8cceprint12vconv_f162u8EPhPN7float165Fp16TEhtttt] -> 0xffff9e9807a8
cceprint: [_ZN8cceprint13vconv_f162u8aEPhPN7float165Fp16TEm] -> 0xffff9e9809a0
cceprint: [_ZN8cceprint13vconv_f162u8aEPhPN7float165Fp16TEhtthh] -> 0xffff9e980aa8
cceprint: [_ZN8cceprint13vconv_f162u8aEPhPN7float165Fp16TEhtthhbb] -> 0xffff9e980cb8
cceprint: [_ZN8cceprint13vconv_f162u8aEPhPN7float165Fp16TEhtttt] -> 0xffff9e980f3c
cceprint: [_ZN8cceprint13vconv_f162u8cEPhPN7float165Fp16TEm] -> 0xffff9e981134
cceprint: [_ZN8cceprint13vconv_f162u8cEPhPN7float165Fp16TEhtthh] -> 0xffff9e98123c
cceprint: [_ZN8cceprint13vconv_f162u8cEPhPN7float165Fp16TEhtthhbb] -> 0xffff9e98144c
cceprint: [_ZN8cceprint13vconv_f162u8cEPhPN7float165Fp16TEhtttt] -> 0xffff9e9816d0
cceprint: [_ZN8cceprint13vconv_f162u8fEPhPN7float165Fp16TEm] -> 0xffff9e9818c8
cceprint: [_ZN8cceprint13vconv_f162u8fEPhPN7float165Fp16TEhtthh] -> 0xffff9e9819d0
cceprint: [_ZN8cceprint13vconv_f162u8fEPhPN7float165Fp16TEhtthhbb] -> 0xffff9e981be0
cceprint: [_ZN8cceprint13vconv_f162u8fEPhPN7float165Fp16TEhtttt] -> 0xffff9e981e64
cceprint: [_ZN8cceprint13vconv_f162u8rEPhPN7float165Fp16TEhtttt] -> 0xffff9e98205c
cceprint: [_ZN8cceprint13vconv_f162u8rEPhPN7float165Fp16TEm] -> 0xffff9e982254
cceprint: [_ZN8cceprint13vconv_f162u8zEPhPN7float165Fp16TEm] -> 0xffff9e98235c
cceprint: [_ZN8cceprint13vconv_f162u8zEPhPN7float165Fp16TEhtthh] -> 0xffff9e982464
cceprint: [_ZN8cceprint13vconv_f162u8zEPhPN7float165Fp16TEhtthhbb] -> 0xffff9e982674
cceprint: [_ZN8cceprint13vconv_f162u8zEPhPN7float165Fp16TEhtttt] -> 0xffff9e9828f8
cceprint: [_ZN8cceprint15vconv_f322bf16aEPN8bfloat165Bf16TEPfhtttt] -> 0xffff9e982af0
cceprint: [_ZN8cceprint15vconv_f322bf16aEPN8bfloat165Bf16TEPfm] -> 0xffff9e982ce8
cceprint: [_ZN8cceprint15vconv_f322bf16cEPN8bfloat165Bf16TEPfhtttt] -> 0xffff9e982df0
cceprint: [_ZN8cceprint15vconv_f322bf16cEPN8bfloat165Bf16TEPfm] -> 0xffff9e982fe8
cceprint: [_ZN8cceprint15vconv_f322bf16fEPN8bfloat165Bf16TEPfhtttt] -> 0xffff9e9830f0
cceprint: [_ZN8cceprint15vconv_f322bf16fEPN8bfloat165Bf16TEPfm] -> 0xffff9e9832e8
cceprint: [_ZN8cceprint15vconv_f322bf16rEPN8bfloat165Bf16TEPfhtttt] -> 0xffff9e9833f0
cceprint: [_ZN8cceprint15vconv_f322bf16rEPN8bfloat165Bf16TEPfm] -> 0xffff9e9835e8
cceprint: [_ZN8cceprint15vconv_f322bf16zEPN8bfloat165Bf16TEPfhtttt] -> 0xffff9e9836f0
cceprint: [_ZN8cceprint15vconv_f322bf16zEPN8bfloat165Bf16TEPfm] -> 0xffff9e9838e8
cceprint: [_ZN8cceprint13vconv_f322f16EPN7float165Fp16TEPfm] -> 0xffff9e9839f0
cceprint: [_ZN8cceprint13vconv_f322f16EPN7float165Fp16TEPfhtthh] -> 0xffff9e983af8
cceprint: [_ZN8cceprint13vconv_f322f16EPN7float165Fp16TEPfhtthhbb] -> 0xffff9e983d08
cceprint: [_ZN8cceprint13vconv_f322f16EPN7float165Fp16TEPfhtttt] -> 0xffff9e983f8c
cceprint: [_ZN8cceprint14vconv_f322f16aEPN7float165Fp16TEPfhtttt] -> 0xffff9e984184
cceprint: [_ZN8cceprint14vconv_f322f16aEPN7float165Fp16TEPfm] -> 0xffff9e98437c
cceprint: [_ZN8cceprint14vconv_f322f16cEPN7float165Fp16TEPfhtttt] -> 0xffff9e984484
cceprint: [_ZN8cceprint14vconv_f322f16cEPN7float165Fp16TEPfm] -> 0xffff9e98467c
cceprint: [_ZN8cceprint14vconv_f322f16fEPN7float165Fp16TEPfhtttt] -> 0xffff9e984784
cceprint: [_ZN8cceprint14vconv_f322f16fEPN7float165Fp16TEPfm] -> 0xffff9e98497c
cceprint: [_ZN8cceprint14vconv_f322f16oEPN7float165Fp16TEPfm] -> 0xffff9e984a84
cceprint: [_ZN8cceprint14vconv_f322f16oEPN7float165Fp16TEPfhtthh] -> 0xffff9e984b8c
cceprint: [_ZN8cceprint14vconv_f322f16oEPN7float165Fp16TEPfhtthhbb] -> 0xffff9e984d9c
cceprint: [_ZN8cceprint14vconv_f322f16oEPN7float165Fp16TEPfhtttt] -> 0xffff9e985020
cceprint: [_ZN8cceprint14vconv_f322f16rEPN7float165Fp16TEPfhtttt] -> 0xffff9e985218
cceprint: [_ZN8cceprint14vconv_f322f16rEPN7float165Fp16TEPfm] -> 0xffff9e985410
cceprint: [_ZN8cceprint14vconv_f322f16zEPN7float165Fp16TEPfhtttt] -> 0xffff9e985518
cceprint: [_ZN8cceprint14vconv_f322f16zEPN7float165Fp16TEPfm] -> 0xffff9e985710
cceprint: [_ZN8cceprint14vconv_f322f32aEPfS0_htttt] -> 0xffff9e985818
cceprint: [_ZN8cceprint14vconv_f322f32aEPfS0_m] -> 0xffff9e985a10
cceprint: [_ZN8cceprint14vconv_f322f32cEPfS0_htttt] -> 0xffff9e985b18
cceprint: [_ZN8cceprint14vconv_f322f32cEPfS0_m] -> 0xffff9e985d10
cceprint: [_ZN8cceprint14vconv_f322f32fEPfS0_htttt] -> 0xffff9e985e18
cceprint: [_ZN8cceprint14vconv_f322f32fEPfS0_m] -> 0xffff9e986010
cceprint: [_ZN8cceprint14vconv_f322f32rEPfS0_htttt] -> 0xffff9e986118
cceprint: [_ZN8cceprint14vconv_f322f32rEPfS0_m] -> 0xffff9e986310
cceprint: [_ZN8cceprint14vconv_f322f32zEPfS0_htttt] -> 0xffff9e986418
cceprint: [_ZN8cceprint14vconv_f322f32zEPfS0_m] -> 0xffff9e986610
cceprint: [_ZN8cceprint14vconv_f322s16aEPsPfhtttt] -> 0xffff9e986718
cceprint: [_ZN8cceprint14vconv_f322s16aEPsPfm] -> 0xffff9e986910
cceprint: [_ZN8cceprint14vconv_f322s16cEPsPfhtttt] -> 0xffff9e986a18
cceprint: [_ZN8cceprint14vconv_f322s16cEPsPfm] -> 0xffff9e986c10
cceprint: [_ZN8cceprint14vconv_f322s16fEPsPfhtttt] -> 0xffff9e986d18
cceprint: [_ZN8cceprint14vconv_f322s16fEPsPfm] -> 0xffff9e986f10
cceprint: [_ZN8cceprint14vconv_f322s16rEPsPfm] -> 0xffff9e987018
cceprint: [_ZN8cceprint14vconv_f322s16rEPsPfhtthh] -> 0xffff9e987120
cceprint: [_ZN8cceprint14vconv_f322s16rEPsPfhtthhbb] -> 0xffff9e987330
cceprint: [_ZN8cceprint14vconv_f322s16rEPsPfhtttt] -> 0xffff9e9875b4
cceprint: [_ZN8cceprint14vconv_f322s16zEPsPfm] -> 0xffff9e9877ac
cceprint: [_ZN8cceprint14vconv_f322s16zEPsPfhtthh] -> 0xffff9e9878b4
cceprint: [_ZN8cceprint14vconv_f322s16zEPsPfhtthhbb] -> 0xffff9e987ac4
cceprint: [_ZN8cceprint14vconv_f322s16zEPsPfhtttt] -> 0xffff9e987d48
cceprint: [_ZN8cceprint14vconv_f322s32aEPiPfm] -> 0xffff9e987f40
cceprint: [_ZN8cceprint14vconv_f322s32aEPiPfhtthh] -> 0xffff9e988048
cceprint: [_ZN8cceprint14vconv_f322s32aEPiPfhtthhbb] -> 0xffff9e988258
cceprint: [_ZN8cceprint14vconv_f322s32aEPiPfhtttt] -> 0xffff9e9884dc
cceprint: [_ZN8cceprint14vconv_f322s32cEPiPfm] -> 0xffff9e9886d4
cceprint: [_ZN8cceprint14vconv_f322s32cEPiPfhtthh] -> 0xffff9e9887dc
cceprint: [_ZN8cceprint14vconv_f322s32cEPiPfhtthhbb] -> 0xffff9e9889ec
cceprint: [_ZN8cceprint14vconv_f322s32cEPiPfhtttt] -> 0xffff9e988c70
cceprint: [_ZN8cceprint14vconv_f322s32fEPiPfm] -> 0xffff9e988e68
cceprint: [_ZN8cceprint14vconv_f322s32fEPiPfhtthh] -> 0xffff9e988f70
cceprint: [_ZN8cceprint14vconv_f322s32fEPiPfhtthhbb] -> 0xffff9e989180
cceprint: [_ZN8cceprint14vconv_f322s32fEPiPfhtttt] -> 0xffff9e989404
cceprint: [_ZN8cceprint14vconv_f322s32rEPiPfm] -> 0xffff9e9895fc
cceprint: [_ZN8cceprint14vconv_f322s32rEPiPfhtthh] -> 0xffff9e989704
cceprint: [_ZN8cceprint14vconv_f322s32rEPiPfhtthhbb] -> 0xffff9e989914
cceprint: [_ZN8cceprint14vconv_f322s32rEPiPfhtttt] -> 0xffff9e989b98
cceprint: [_ZN8cceprint14vconv_f322s32zEPiPfm] -> 0xffff9e989d90
cceprint: [_ZN8cceprint14vconv_f322s32zEPiPfhtthh] -> 0xffff9e989e98
cceprint: [_ZN8cceprint14vconv_f322s32zEPiPfhtthhbb] -> 0xffff9e98a0a8
cceprint: [_ZN8cceprint14vconv_f322s32zEPiPfhtttt] -> 0xffff9e98a32c
cceprint: [_ZN8cceprint14vconv_f322s64aEPlPfhtttt] -> 0xffff9e98a524
cceprint: [_ZN8cceprint14vconv_f322s64aEPlPfm] -> 0xffff9e98a71c
cceprint: [_ZN8cceprint14vconv_f322s64cEPlPfhtttt] -> 0xffff9e98a824
cceprint: [_ZN8cceprint14vconv_f322s64cEPlPfm] -> 0xffff9e98aa1c
cceprint: [_ZN8cceprint14vconv_f322s64fEPlPfhtttt] -> 0xffff9e98ab24
cceprint: [_ZN8cceprint14vconv_f322s64fEPlPfm] -> 0xffff9e98ad1c
cceprint: [_ZN8cceprint14vconv_f322s64rEPlPfhtttt] -> 0xffff9e98ae24
cceprint: [_ZN8cceprint14vconv_f322s64rEPlPfm] -> 0xffff9e98b01c
cceprint: [_ZN8cceprint14vconv_f322s64zEPlPfhtttt] -> 0xffff9e98b124
cceprint: [_ZN8cceprint14vconv_f322s64zEPlPfm] -> 0xffff9e98b31c
cceprint: [_ZN8cceprint13vconv_s162f16EPN7float165Fp16TEPsm] -> 0xffff9e98b424
cceprint: [_ZN8cceprint13vconv_s162f16EPN7float165Fp16TEPshtthhbb] -> 0xffff9e98b52c
cceprint: [_ZN8cceprint13vconv_s162f16EPN7float165Fp16TEPshtttt] -> 0xffff9e98b7b0
cceprint: [_ZN8cceprint14vconv_s162f16aEPN7float165Fp16TEPshtttt] -> 0xffff9e98b9a8
cceprint: [_ZN8cceprint14vconv_s162f16aEPN7float165Fp16TEPsm] -> 0xffff9e98bba0
cceprint: [_ZN8cceprint14vconv_s162f16cEPN7float165Fp16TEPshtttt] -> 0xffff9e98bca8
cceprint: [_ZN8cceprint14vconv_s162f16cEPN7float165Fp16TEPsm] -> 0xffff9e98bea0
cceprint: [_ZN8cceprint14vconv_s162f16fEPN7float165Fp16TEPshtttt] -> 0xffff9e98bfa8
cceprint: [_ZN8cceprint14vconv_s162f16fEPN7float165Fp16TEPsm] -> 0xffff9e98c1a0
cceprint: [_ZN8cceprint14vconv_s162f16rEPN7float165Fp16TEPshtttt] -> 0xffff9e98c2a8
cceprint: [_ZN8cceprint14vconv_s162f16rEPN7float165Fp16TEPsm] -> 0xffff9e98c4a0
cceprint: [_ZN8cceprint14vconv_s162f16zEPN7float165Fp16TEPshtttt] -> 0xffff9e98c5a8
cceprint: [_ZN8cceprint14vconv_s162f16zEPN7float165Fp16TEPsm] -> 0xffff9e98c7a0
cceprint: [_ZN8cceprint13vconv_s162f32EPfPsm] -> 0xffff9e98c8a8
cceprint: [_ZN8cceprint13vconv_s162f32EPfPshtthhbb] -> 0xffff9e98c9b0
cceprint: [_ZN8cceprint13vconv_s162f32EPfPshtttt] -> 0xffff9e98cc34
cceprint: [_ZN8cceprint13vconv_s322f32EPfPim] -> 0xffff9e98ce2c
cceprint: [_ZN8cceprint13vconv_s322f32EPfPihtthh] -> 0xffff9e98cf34
cceprint: [_ZN8cceprint13vconv_s322f32EPfPihtthhbb] -> 0xffff9e98d144
cceprint: [_ZN8cceprint13vconv_s322f32EPfPihtttt] -> 0xffff9e98d3c8
cceprint: [_ZN8cceprint14vconv_s322f32aEPfPihtttt] -> 0xffff9e98d5c0
cceprint: [_ZN8cceprint14vconv_s322f32aEPfPim] -> 0xffff9e98d7b8
cceprint: [_ZN8cceprint14vconv_s322f32cEPfPihtttt] -> 0xffff9e98d8c0
cceprint: [_ZN8cceprint14vconv_s322f32cEPfPim] -> 0xffff9e98dab8
cceprint: [_ZN8cceprint14vconv_s322f32fEPfPihtttt] -> 0xffff9e98dbc0
cceprint: [_ZN8cceprint14vconv_s322f32fEPfPim] -> 0xffff9e98ddb8
cceprint: [_ZN8cceprint14vconv_s322f32rEPfPihtttt] -> 0xffff9e98dec0
cceprint: [_ZN8cceprint14vconv_s322f32rEPfPim] -> 0xffff9e98e0b8
cceprint: [_ZN8cceprint14vconv_s322f32zEPfPihtttt] -> 0xffff9e98e1c0
cceprint: [_ZN8cceprint14vconv_s322f32zEPfPim] -> 0xffff9e98e3b8
cceprint: [_ZN8cceprint13vconv_s322s16EPsPihtttt] -> 0xffff9e98e4c0
cceprint: [_ZN8cceprint13vconv_s322s16EPsPim] -> 0xffff9e98e6b8
cceprint: [_ZN8cceprint13vconv_s322s64EPlPihtttt] -> 0xffff9e98e7c0
cceprint: [_ZN8cceprint13vconv_s322s64EPlPim] -> 0xffff9e98e9b8
cceprint: [_ZN8cceprint12vconv_s42f16EPN7float165Fp16TEPvhtthh] -> 0xffff9e98eac0
cceprint: [_ZN8cceprint12vconv_s42f16EPN7float165Fp16TEPvm] -> 0xffff9e98ecd0
cceprint: [_ZN8cceprint14vconv_s642f32aEPfPlhtttt] -> 0xffff9e98edd8
cceprint: [_ZN8cceprint14vconv_s642f32aEPfPlm] -> 0xffff9e98efd0
cceprint: [_ZN8cceprint14vconv_s642f32cEPfPlhtttt] -> 0xffff9e98f0d8
cceprint: [_ZN8cceprint14vconv_s642f32cEPfPlm] -> 0xffff9e98f2d0
cceprint: [_ZN8cceprint14vconv_s642f32fEPfPlhtttt] -> 0xffff9e98f3d8
cceprint: [_ZN8cceprint14vconv_s642f32fEPfPlm] -> 0xffff9e98f5d0
cceprint: [_ZN8cceprint14vconv_s642f32rEPfPlhtttt] -> 0xffff9e98f6d8
cceprint: [_ZN8cceprint14vconv_s642f32rEPfPlm] -> 0xffff9e98f8d0
cceprint: [_ZN8cceprint14vconv_s642f32zEPfPlhtttt] -> 0xffff9e98f9d8
cceprint: [_ZN8cceprint14vconv_s642f32zEPfPlm] -> 0xffff9e98fbd0
cceprint: [_ZN8cceprint13vconv_s642s32EPiPlhtttt] -> 0xffff9e98fcd8
cceprint: [_ZN8cceprint13vconv_s642s32EPiPlm] -> 0xffff9e98fed0
cceprint: [_ZN8cceprint12vconv_s82f16EPN7float165Fp16TEPam] -> 0xffff9e98ffd8
cceprint: [_ZN8cceprint12vconv_s82f16EPN7float165Fp16TEPahtthh] -> 0xffff9e9900e0
cceprint: [_ZN8cceprint12vconv_s82f16EPN7float165Fp16TEPahtthhbb] -> 0xffff9e9902f0
cceprint: [_ZN8cceprint12vconv_s82f16EPN7float165Fp16TEPahtttt] -> 0xffff9e990574
cceprint: [_ZN8cceprint12vconv_u82f16EPN7float165Fp16TEPhm] -> 0xffff9e99076c
cceprint: [_ZN8cceprint12vconv_u82f16EPN7float165Fp16TEPhhtthh] -> 0xffff9e990874
cceprint: [_ZN8cceprint12vconv_u82f16EPN7float165Fp16TEPhhtthhbb] -> 0xffff9e990a84
cceprint: [_ZN8cceprint12vconv_u82f16EPN7float165Fp16TEPhhtttt] -> 0xffff9e990d08
cceprint: [_ZN8cceprint16vconv_vdeqs162b8EPaPsmb] -> 0xffff9e990f00
cceprint: [_ZN8cceprint16vconv_vdeqs162b8EPaPshtthhbbb] -> 0xffff9e991044
cceprint: [_ZN8cceprint16vconv_vdeqs162b8EPhPsmb] -> 0xffff9e991300
cceprint: [_ZN8cceprint16vconv_vdeqs162b8EPhPshtthhbbb] -> 0xffff9e991444
cceprint: [_ZN8cceprint17vconv_vdeqs162b8hEPaPshtthh] -> 0xffff9e991700
cceprint: [_ZN8cceprint17vconv_vdeqs162b8hEPaPsm] -> 0xffff9e991910
cceprint: [_ZN8cceprint17vconv_vdeqs162b8hEPhPshtthh] -> 0xffff9e991a18
cceprint: [_ZN8cceprint17vconv_vdeqs162b8hEPhPsm] -> 0xffff9e991c28
cceprint: [_ZN8cceprint17vconv_vdeqs162b8lEPaPshtthh] -> 0xffff9e991d30
cceprint: [_ZN8cceprint17vconv_vdeqs162b8lEPaPsm] -> 0xffff9e991f40
cceprint: [_ZN8cceprint17vconv_vdeqs162b8lEPhPshtthh] -> 0xffff9e992048
cceprint: [_ZN8cceprint17vconv_vdeqs162b8lEPhPsm] -> 0xffff9e992258
cceprint: [_ZN8cceprint4vcvtERA128_N7float165Fp16TEPhh7Literal] -> 0xffff9e992360
cceprint: [_ZN8cceprint4vcvtERA128_N7float165Fp16TEPah7Literal] -> 0xffff9e9924b0
cceprint: [_ZN8cceprint4vcvtERA64_fPN7float165Fp16TEh7Literal] -> 0xffff9e992600
cceprint: [_ZN8cceprint4vcvtERA64_iPN7float165Fp16TEh7LiteralS5_] -> 0xffff9e992750
cceprint: [_ZN8cceprint4vcvtERA64_fPN8bfloat165Bf16TEh7Literal] -> 0xffff9e9928e8
cceprint: [_ZN8cceprint4vcvtERA64_iPN8bfloat165Bf16TEh7LiteralS5_S5_] -> 0xffff9e992a38
cceprint: [_ZN8cceprint4vcvtERA64_fPsh7Literal] -> 0xffff9e992c18
cceprint: [_ZN8cceprint4vcvtERA32_lPfh7LiteralS3_S3_] -> 0xffff9e992d68
cceprint: [_ZN8cceprint4vcvtERA32_lPih7Literal] -> 0xffff9e992f48
cceprint: [_ZN8cceprint4vcvtERA256_hPN7float165Fp16TEh7LiteralS5_S5_] -> 0xffff9e993098
cceprint: [_ZN8cceprint4vcvtERA256_aPN7float165Fp16TEh7LiteralS5_S5_] -> 0xffff9e993278
cceprint: [_ZN8cceprint4vcvtERA128_N7float165Fp16TEPfh7LiteralS5_S5_] -> 0xffff9e993458
cceprint: [_ZN8cceprint4vcvtERA128_N8bfloat165Bf16TEPfh7LiteralS5_S5_] -> 0xffff9e993638
cceprint: [_ZN8cceprint4vcvtERA128_sPfh7LiteralS3_S3_] -> 0xffff9e993818
cceprint: [_ZN8cceprint4vcvtERA128_sPih7LiteralS3_] -> 0xffff9e9939f8
cceprint: [_ZN8cceprint4vcvtERA64_iPlh7LiteralS3_] -> 0xffff9e993b90
cceprint: [_ZN8cceprint4vcvtERA64_fPlh7LiteralS3_] -> 0xffff9e993d28
cceprint: [_ZN8cceprint4vcvtERA128_sPN7float165Fp16TEh7LiteralS5_] -> 0xffff9e993ec0
cceprint: [_ZN8cceprint4vcvtERA128_N7float165Fp16TEPsh7Literal] -> 0xffff9e994058
cceprint: [_ZN8cceprint4vcvtERA64_iPfh7LiteralS3_] -> 0xffff9e9941a8
cceprint: [_ZN8cceprint4vcvtERA64_fPih7Literal] -> 0xffff9e994340
cceprint: [_ZN8cceprint4vtrcERA64_fPf7Literalh] -> 0xffff9e994490
cceprint: [_ZN8cceprint5vcopyEPsS0_m] -> 0xffff9e9945e0
cceprint: [_ZN8cceprint5vcopyEPsS0_htttt] -> 0xffff9e9946e8
cceprint: [_ZN8cceprint5vcopyEPiS0_m] -> 0xffff9e9948e0
cceprint: [_ZN8cceprint5vcopyEPiS0_htttt] -> 0xffff9e9949e8
cceprint: [_ZN8cceprint5vcopyEPtS0_m] -> 0xffff9e994be0
cceprint: [_ZN8cceprint5vcopyEPtS0_htttt] -> 0xffff9e994ce8
cceprint: [_ZN8cceprint5vcopyEPjS0_m] -> 0xffff9e994ee0
cceprint: [_ZN8cceprint5vcopyEPjS0_htttt] -> 0xffff9e994fe8
cceprint: [_ZN8cceprint6vcpaddEPN7float165Fp16TES2_m] -> 0xffff9e9951e0
cceprint: [_ZN8cceprint6vcpaddEPN7float165Fp16TES2_httt] -> 0xffff9e9952e8
cceprint: [_ZN8cceprint6vcpaddEPN7float165Fp16TES2_htttbb] -> 0xffff9e9954a4
cceprint: [_ZN8cceprint6vcpaddEPfS0_m] -> 0xffff9e9956d8
cceprint: [_ZN8cceprint6vcpaddEPfS0_httt] -> 0xffff9e9957e0
cceprint: [_ZN8cceprint6vcpaddEPfS0_htttbb] -> 0xffff9e99599c
cceprint: [_ZN8cceprint4vdivEPN7float165Fp16TES2_S2_m] -> 0xffff9e995bd0
cceprint: [_ZN8cceprint4vdivEPN7float165Fp16TES2_S2_hhhhhhh] -> 0xffff9e995d14
cceprint: [_ZN8cceprint4vdivEPN7float165Fp16TES2_S2_hhhhhhhbb] -> 0xffff9e996000
cceprint: [_ZN8cceprint4vdivEPfS0_S0_m] -> 0xffff9e99635c
cceprint: [_ZN8cceprint4vdivEPfS0_S0_hhhhhhh] -> 0xffff9e9964a0
cceprint: [_ZN8cceprint4vdivEPfS0_S0_hhhhhhhbb] -> 0xffff9e99678c
cceprint: [_ZN8cceprint3vdpEPsS0_S0_m] -> 0xffff9e996ae8
cceprint: [_ZN8cceprint3vdpEPsS0_S0_thttbbb] -> 0xffff9e996c2c
cceprint: [_ZN8cceprint10vector_dupEPN7float165Fp16TES1_m] -> 0xffff9e996ed0
cceprint: [_ZN8cceprint10vector_dupEPN7float165Fp16TES1_htthh] -> 0xffff9e996fec
cceprint: [_ZN8cceprint10vector_dupEPN7float165Fp16TES1_htthhbb] -> 0xffff9e997210
cceprint: [_ZN8cceprint10vector_dupEPN7float165Fp16TES1_htttt] -> 0xffff9e9974a8
cceprint: [_ZN8cceprint10vector_dupEPffm] -> 0xffff9e9976b4
cceprint: [_ZN8cceprint10vector_dupEPffhtthh] -> 0xffff9e9977bc
cceprint: [_ZN8cceprint10vector_dupEPffhtthhbb] -> 0xffff9e9979cc
cceprint: [_ZN8cceprint10vector_dupEPffhtttt] -> 0xffff9e997c54
cceprint: [_ZN8cceprint10vector_dupEPssm] -> 0xffff9e997e4c
cceprint: [_ZN8cceprint10vector_dupEPsshtthh] -> 0xffff9e997f54
cceprint: [_ZN8cceprint10vector_dupEPsshtthhbb] -> 0xffff9e998164
cceprint: [_ZN8cceprint10vector_dupEPsshtttt] -> 0xffff9e9983e8
cceprint: [_ZN8cceprint10vector_dupEPiim] -> 0xffff9e9985e0
cceprint: [_ZN8cceprint10vector_dupEPiihtthh] -> 0xffff9e9986e8
cceprint: [_ZN8cceprint10vector_dupEPiihtthhbb] -> 0xffff9e9988f8
cceprint: [_ZN8cceprint10vector_dupEPiihtttt] -> 0xffff9e998b7c
cceprint: [_ZN8cceprint10vector_dupEPttm] -> 0xffff9e998d74
cceprint: [_ZN8cceprint10vector_dupEPtthtthh] -> 0xffff9e998e7c
cceprint: [_ZN8cceprint10vector_dupEPtthtthhbb] -> 0xffff9e99908c
cceprint: [_ZN8cceprint10vector_dupEPtthtttt] -> 0xffff9e999310
cceprint: [_ZN8cceprint10vector_dupEPjjm] -> 0xffff9e999508
cceprint: [_ZN8cceprint10vector_dupEPjjhtthh] -> 0xffff9e999610
cceprint: [_ZN8cceprint10vector_dupEPjjhtthhbb] -> 0xffff9e999820
cceprint: [_ZN8cceprint10vector_dupEPjjhtttt] -> 0xffff9e999aa4
cceprint: [_ZN8cceprint10vector_dupEPN8bfloat165Bf16TES1_m] -> 0xffff9e999c9c
cceprint: [_ZN8cceprint10vector_dupEPN8bfloat165Bf16TES1_htthh] -> 0xffff9e999db8
cceprint: [_ZN8cceprint4vexpEPN7float165Fp16TES2_m] -> 0xffff9e999fdc
cceprint: [_ZN8cceprint4vexpEPN7float165Fp16TES2_htthh] -> 0xffff9e99a0e4
cceprint: [_ZN8cceprint4vexpEPN7float165Fp16TES2_htthhbb] -> 0xffff9e99a2f4
cceprint: [_ZN8cceprint4vexpEPN7float165Fp16TES2_htttt] -> 0xffff9e99a578
cceprint: [_ZN8cceprint4vexpEPfS0_m] -> 0xffff9e99a770
cceprint: [_ZN8cceprint4vexpEPfS0_htthh] -> 0xffff9e99a878
cceprint: [_ZN8cceprint4vexpEPfS0_htthhbb] -> 0xffff9e99aa88
cceprint: [_ZN8cceprint4vexpEPfS0_htttt] -> 0xffff9e99ad0c
cceprint: [_ZN8cceprint8vextractEPN7float165Fp16TES2_m] -> 0xffff9e99af04
cceprint: [_ZN8cceprint8vextractEPN7float165Fp16TES2_hh] -> 0xffff9e99b00c
cceprint: [_ZN8cceprint8vextractEPN7float165Fp16TES2_htthh] -> 0xffff9e99b15c
cceprint: [_ZN8cceprint8vextractEPN7float165Fp16TES2_htthhbb] -> 0xffff9e99b36c
cceprint: [_ZN8cceprint8vextractEPfS0_m] -> 0xffff9e99b5f0
cceprint: [_ZN8cceprint8vextractEPfS0_hh] -> 0xffff9e99b6f8
cceprint: [_ZN8cceprint8vextractEPfS0_htthh] -> 0xffff9e99b848
cceprint: [_ZN8cceprint8vextractEPfS0_htthhbb] -> 0xffff9e99ba58
cceprint: [_ZN8cceprint7vgatherEPtPjm] -> 0xffff9e99bcdc
cceprint: [_ZN8cceprint7vgatherEPtPjjb] -> 0xffff9e99bde4
cceprint: [_ZN8cceprint7vgatherEPtPjjth] -> 0xffff9e99bf1c
cceprint: [_ZN8cceprint7vgatherEPjS0_m] -> 0xffff9e99c09c
cceprint: [_ZN8cceprint7vgatherEPjS0_jb] -> 0xffff9e99c1a4
cceprint: [_ZN8cceprint7vgatherEPjS0_jth] -> 0xffff9e99c2dc
cceprint: [_ZN8cceprint8vgatherbEPtPjm] -> 0xffff9e99c45c
cceprint: [_ZN8cceprint8vgatherbEPtPjjthh] -> 0xffff9e99c564
cceprint: [_ZN8cceprint8vgatherbEPjS0_m] -> 0xffff9e99c72c
cceprint: [_ZN8cceprint8vgatherbEPjS0_jthh] -> 0xffff9e99c834
cceprint: [_ZN8cceprint4viouEPN7float165Fp16TES2_S2_m] -> 0xffff9e99c9fc
cceprint: [_ZN8cceprint4viouEPN7float165Fp16TES2_S2_hhhhhhh] -> 0xffff9e99cb40
cceprint: [_ZN8cceprint4viouEPN7float165Fp16TES2_S2_hhhhhhhbb] -> 0xffff9e99ce2c
cceprint: [_ZN8cceprint4viouEPfS0_S0_m] -> 0xffff9e99d188
cceprint: [_ZN8cceprint4viouEPfS0_S0_hhhhhhh] -> 0xffff9e99d2cc
cceprint: [_ZN8cceprint4viouEPfS0_S0_hhhhhhhbb] -> 0xffff9e99d5b8
cceprint: [_ZN8cceprint10vld_va_regE10ub_addr8_tPm7vpart_t] -> 0xffff9e99d914
cceprint: [_ZN8cceprint3vlnEPN7float165Fp16TES2_m] -> 0xffff9e99da28
cceprint: [_ZN8cceprint3vlnEPN7float165Fp16TES2_htthh] -> 0xffff9e99db30
cceprint: [_ZN8cceprint3vlnEPN7float165Fp16TES2_htthhbb] -> 0xffff9e99dd40
cceprint: [_ZN8cceprint3vlnEPN7float165Fp16TES2_htttt] -> 0xffff9e99dfc4
cceprint: [_ZN8cceprint3vlnEPfS0_m] -> 0xffff9e99e1bc
cceprint: [_ZN8cceprint3vlnEPfS0_htthh] -> 0xffff9e99e2c4
cceprint: [_ZN8cceprint3vlnEPfS0_htthhbb] -> 0xffff9e99e4d4
cceprint: [_ZN8cceprint3vlnEPfS0_htttt] -> 0xffff9e99e758
cceprint: [_ZN8cceprint6vlreluEPN7float165Fp16TES2_S1_m] -> 0xffff9e99e950
cceprint: [_ZN8cceprint6vlreluEPN7float165Fp16TES2_S1_htthhbb] -> 0xffff9e99eaa8
cceprint: [_ZN8cceprint6vlreluEPN7float165Fp16TES2_S1_htttt] -> 0xffff9e99ed78
cceprint: [_ZN8cceprint6vlreluEPfS0_fm] -> 0xffff9e99efc0
cceprint: [_ZN8cceprint6vlreluEPfS0_fhtthhbb] -> 0xffff9e99f104
cceprint: [_ZN8cceprint6vlreluEPfS0_fhtttt] -> 0xffff9e99f3c4
cceprint: [_ZN8cceprint5vmaddEPN7float165Fp16TES2_S2_m] -> 0xffff9e99f5f8
cceprint: [_ZN8cceprint5vmaddEPN7float165Fp16TES2_S2_hhhhhhh] -> 0xffff9e99f73c
cceprint: [_ZN8cceprint5vmaddEPN7float165Fp16TES2_S2_hhhhhhhbb] -> 0xffff9e99fa28
cceprint: [_ZN8cceprint5vmaddEPfS0_S0_m] -> 0xffff9e99fd84
cceprint: [_ZN8cceprint5vmaddEPfS0_S0_hhhhhhh] -> 0xffff9e99fec8
cceprint: [_ZN8cceprint5vmaddEPfS0_S0_hhhhhhhbb] -> 0xffff9e9a01b4
cceprint: [_ZN8cceprint9vmaddreluEPN7float165Fp16TES2_S2_m] -> 0xffff9e9a0510
cceprint: [_ZN8cceprint9vmaddreluEPN7float165Fp16TES2_S2_hhhhhhh] -> 0xffff9e9a0654
cceprint: [_ZN8cceprint9vmaddreluEPN7float165Fp16TES2_S2_hhhhhhhbb] -> 0xffff9e9a0940
cceprint: [_ZN8cceprint9vmaddreluEPfS0_S0_m] -> 0xffff9e9a0c9c
cceprint: [_ZN8cceprint9vmaddreluEPfS0_S0_hhhhhhh] -> 0xffff9e9a0de0
cceprint: [_ZN8cceprint9vmaddreluEPfS0_S0_hhhhhhhbb] -> 0xffff9e9a10cc
cceprint: [_ZN8cceprint4vmaxEPN7float165Fp16TES2_S2_m] -> 0xffff9e9a1428
cceprint: [_ZN8cceprint4vmaxEPN7float165Fp16TES2_S2_hhhhhhh] -> 0xffff9e9a156c
cceprint: [_ZN8cceprint4vmaxEPN7float165Fp16TES2_S2_hhhhhhhbb] -> 0xffff9e9a1858
cceprint: [_ZN8cceprint4vmaxEPfS0_S0_m] -> 0xffff9e9a1bb4
cceprint: [_ZN8cceprint4vmaxEPfS0_S0_hhhhhhh] -> 0xffff9e9a1cf8
cceprint: [_ZN8cceprint4vmaxEPfS0_S0_hhhhhhhbb] -> 0xffff9e9a1fe4
cceprint: [_ZN8cceprint4vmaxEPsS0_S0_m] -> 0xffff9e9a2340
cceprint: [_ZN8cceprint4vmaxEPsS0_S0_hhhhhhh] -> 0xffff9e9a2484
cceprint: [_ZN8cceprint4vmaxEPsS0_S0_hhhhhhhbb] -> 0xffff9e9a2770
cceprint: [_ZN8cceprint4vmaxEPiS0_S0_m] -> 0xffff9e9a2acc
cceprint: [_ZN8cceprint4vmaxEPiS0_S0_hhhhhhh] -> 0xffff9e9a2c10
cceprint: [_ZN8cceprint4vmaxEPiS0_S0_hhhhhhhbb] -> 0xffff9e9a2efc
cceprint: [_ZN8cceprint5vmaxsEPN7float165Fp16TES2_S1_m] -> 0xffff9e9a3258
cceprint: [_ZN8cceprint5vmaxsEPN7float165Fp16TES2_S1_htthhbb] -> 0xffff9e9a33b0
cceprint: [_ZN8cceprint5vmaxsEPN7float165Fp16TES2_S1_htttt] -> 0xffff9e9a3680
cceprint: [_ZN8cceprint5vmaxsEPfS0_fm] -> 0xffff9e9a38c8
cceprint: [_ZN8cceprint5vmaxsEPfS0_fhtthhbb] -> 0xffff9e9a3a0c
cceprint: [_ZN8cceprint5vmaxsEPfS0_fhtttt] -> 0xffff9e9a3ccc
cceprint: [_ZN8cceprint5vmaxsEPsS0_sm] -> 0xffff9e9a3f00
cceprint: [_ZN8cceprint5vmaxsEPsS0_shtthhbb] -> 0xffff9e9a4044
cceprint: [_ZN8cceprint5vmaxsEPsS0_shtttt] -> 0xffff9e9a4300
cceprint: [_ZN8cceprint5vmaxsEPiS0_im] -> 0xffff9e9a4534
cceprint: [_ZN8cceprint5vmaxsEPiS0_ihtthhbb] -> 0xffff9e9a4678
cceprint: [_ZN8cceprint5vmaxsEPiS0_ihtttt] -> 0xffff9e9a4934
cceprint: [_ZN8cceprint8vmergechEPhS0_m] -> 0xffff9e9a4b68
cceprint: [_ZN8cceprint8vmergechEPhS0_htthh] -> 0xffff9e9a4c70
cceprint: [_ZN8cceprint8vmergechEPhS0_htthhbb] -> 0xffff9e9a4e80
cceprint: [_ZN8cceprint8vmergechEPN7float165Fp16TES2_m] -> 0xffff9e9a5104
cceprint: [_ZN8cceprint8vmergechEPN7float165Fp16TES2_htthh] -> 0xffff9e9a520c
cceprint: [_ZN8cceprint8vmergechEPN7float165Fp16TES2_htthhbb] -> 0xffff9e9a541c
cceprint: [_ZN8cceprint4vminEPN7float165Fp16TES2_S2_m] -> 0xffff9e9a56a0
cceprint: [_ZN8cceprint4vminEPN7float165Fp16TES2_S2_hhhhhhh] -> 0xffff9e9a57e4
cceprint: [_ZN8cceprint4vminEPN7float165Fp16TES2_S2_hhhhhhhbb] -> 0xffff9e9a5ad0
cceprint: [_ZN8cceprint4vminEPfS0_S0_m] -> 0xffff9e9a5e2c
cceprint: [_ZN8cceprint4vminEPfS0_S0_hhhhhhh] -> 0xffff9e9a5f70
cceprint: [_ZN8cceprint4vminEPfS0_S0_hhhhhhhbb] -> 0xffff9e9a625c
cceprint: [_ZN8cceprint4vminEPsS0_S0_m] -> 0xffff9e9a65b8
cceprint: [_ZN8cceprint4vminEPsS0_S0_hhhhhhh] -> 0xffff9e9a66fc
cceprint: [_ZN8cceprint4vminEPsS0_S0_hhhhhhhbb] -> 0xffff9e9a69e8
cceprint: [_ZN8cceprint4vminEPiS0_S0_m] -> 0xffff9e9a6d44
cceprint: [_ZN8cceprint4vminEPiS0_S0_hhhhhhh] -> 0xffff9e9a6e88
cceprint: [_ZN8cceprint4vminEPiS0_S0_hhhhhhhbb] -> 0xffff9e9a7174
cceprint: [_ZN8cceprint5vminsEPN7float165Fp16TES2_S1_m] -> 0xffff9e9a74d0
cceprint: [_ZN8cceprint5vminsEPN7float165Fp16TES2_S1_htthhbb] -> 0xffff9e9a7628
cceprint: [_ZN8cceprint5vminsEPN7float165Fp16TES2_S1_htttt] -> 0xffff9e9a78f8
cceprint: [_ZN8cceprint5vminsEPfS0_fm] -> 0xffff9e9a7b40
cceprint: [_ZN8cceprint5vminsEPfS0_fhtthhbb] -> 0xffff9e9a7c84
cceprint: [_ZN8cceprint5vminsEPfS0_fhtttt] -> 0xffff9e9a7f44
cceprint: [_ZN8cceprint5vminsEPsS0_sm] -> 0xffff9e9a8178
cceprint: [_ZN8cceprint5vminsEPsS0_shtthhbb] -> 0xffff9e9a82bc
cceprint: [_ZN8cceprint5vminsEPsS0_shtttt] -> 0xffff9e9a8578
cceprint: [_ZN8cceprint5vminsEPiS0_im] -> 0xffff9e9a87ac
cceprint: [_ZN8cceprint5vminsEPiS0_ihtthhbb] -> 0xffff9e9a88f0
cceprint: [_ZN8cceprint5vminsEPiS0_ihtttt] -> 0xffff9e9a8bac
cceprint: [_ZN8cceprint4vmlaEPN7float165Fp16TES2_S2_m] -> 0xffff9e9a8de0
cceprint: [_ZN8cceprint4vmlaEPN7float165Fp16TES2_S2_hhhhhhh] -> 0xffff9e9a8f24
cceprint: [_ZN8cceprint4vmlaEPN7float165Fp16TES2_S2_hhhhhhhbb] -> 0xffff9e9a9210
cceprint: [_ZN8cceprint4vmlaEPfS0_S0_m] -> 0xffff9e9a956c
cceprint: [_ZN8cceprint4vmlaEPfS0_S0_hhhhhhh] -> 0xffff9e9a96b0
cceprint: [_ZN8cceprint4vmlaEPfS0_S0_hhhhhhhbb] -> 0xffff9e9a999c
cceprint: [_ZN8cceprint4vmlaEPfPN7float165Fp16TES3_m] -> 0xffff9e9a9cf8
cceprint: [_ZN8cceprint4vmlaEPfPN7float165Fp16TES3_hhhhhhh] -> 0xffff9e9a9e3c
cceprint: [_ZN8cceprint4vmlaEPfPN7float165Fp16TES3_hhhhhhhbb] -> 0xffff9e9aa128
cceprint: [_ZN8cceprint9vmrgsort4EPN7float165Fp16TEPS2_m] -> 0xffff9e9aa484
cceprint: [_ZN8cceprint9vmrgsort4EPfPS0_m] -> 0xffff9e9aa58c
cceprint: [_ZN8cceprint9vmrgsort4EPN7float165Fp16TEPS2_mm] -> 0xffff9e9aa694
cceprint: [_ZN8cceprint9vmrgsort4EPfPS0_mm] -> 0xffff9e9aa7e4
cceprint: [_ZN8cceprint4vmulEPN7float165Fp16TES2_S2_m] -> 0xffff9e9aa934
cceprint: [_ZN8cceprint4vmulEPN7float165Fp16TES2_S2_hhhhhhh] -> 0xffff9e9aaa78
cceprint: [_ZN8cceprint4vmulEPN7float165Fp16TES2_S2_hhhhhhhbb] -> 0xffff9e9aad64
cceprint: [_ZN8cceprint4vmulEPfS0_S0_m] -> 0xffff9e9ab0c0
cceprint: [_ZN8cceprint4vmulEPfS0_S0_hhhhhhh] -> 0xffff9e9ab204
cceprint: [_ZN8cceprint4vmulEPfS0_S0_hhhhhhhbb] -> 0xffff9e9ab4f0
cceprint: [_ZN8cceprint4vmulEPsS0_S0_m] -> 0xffff9e9ab84c
cceprint: [_ZN8cceprint4vmulEPsS0_S0_hhhhhhh] -> 0xffff9e9ab990
cceprint: [_ZN8cceprint4vmulEPsS0_S0_hhhhhhhbb] -> 0xffff9e9abc7c
cceprint: [_ZN8cceprint4vmulEPiS0_S0_m] -> 0xffff9e9abfd8
cceprint: [_ZN8cceprint4vmulEPiS0_S0_hhhhhhh] -> 0xffff9e9ac11c
cceprint: [_ZN8cceprint4vmulEPiS0_S0_hhhhhhhbb] -> 0xffff9e9ac408
cceprint: [_ZN8cceprint15vmulconv_f162s8EPaPN7float165Fp16TES3_m] -> 0xffff9e9ac764
cceprint: [_ZN8cceprint15vmulconv_f162s8EPaPN7float165Fp16TES3_hhhhhhh] -> 0xffff9e9ac8a8
cceprint: [_ZN8cceprint15vmulconv_f162s8EPaPN7float165Fp16TES3_hhhhhhhbb] -> 0xffff9e9acb94
cceprint: [_ZN8cceprint15vmulconv_f162u8EPhPN7float165Fp16TES3_m] -> 0xffff9e9acef0
cceprint: [_ZN8cceprint15vmulconv_f162u8EPhPN7float165Fp16TES3_hhhhhhh] -> 0xffff9e9ad034
cceprint: [_ZN8cceprint15vmulconv_f162u8EPhPN7float165Fp16TES3_hhhhhhhbb] -> 0xffff9e9ad320
cceprint: [_ZN8cceprint5vmulsEPN7float165Fp16TES2_S1_m] -> 0xffff9e9ad67c
cceprint: [_ZN8cceprint5vmulsEPN7float165Fp16TES2_S1_htthh] -> 0xffff9e9ad7d4
cceprint: [_ZN8cceprint5vmulsEPN7float165Fp16TES2_S1_htthhbb] -> 0xffff9e9ada34
cceprint: [_ZN8cceprint5vmulsEPN7float165Fp16TES2_S1_htttt] -> 0xffff9e9add04
cceprint: [_ZN8cceprint5vmulsEPfS0_fm] -> 0xffff9e9adf4c
cceprint: [_ZN8cceprint5vmulsEPfS0_fhtthh] -> 0xffff9e9ae090
cceprint: [_ZN8cceprint5vmulsEPfS0_fhtthhbb] -> 0xffff9e9ae2dc
cceprint: [_ZN8cceprint5vmulsEPfS0_fhtttt] -> 0xffff9e9ae59c
cceprint: [_ZN8cceprint5vmulsEPsS0_sm] -> 0xffff9e9ae7d0
cceprint: [_ZN8cceprint5vmulsEPsS0_shtthh] -> 0xffff9e9ae914
cceprint: [_ZN8cceprint5vmulsEPsS0_shtthhbb] -> 0xffff9e9aeb60
cceprint: [_ZN8cceprint5vmulsEPsS0_shtttt] -> 0xffff9e9aee1c
cceprint: [_ZN8cceprint5vmulsEPiS0_im] -> 0xffff9e9af050
cceprint: [_ZN8cceprint5vmulsEPiS0_ihtthh] -> 0xffff9e9af194
cceprint: [_ZN8cceprint5vmulsEPiS0_ihtthhbb] -> 0xffff9e9af3e0
cceprint: [_ZN8cceprint5vmulsEPiS0_ihtttt] -> 0xffff9e9af69c
cceprint: [_ZN8cceprint4vnotEPsS0_m] -> 0xffff9e9af8d0
cceprint: [_ZN8cceprint4vnotEPsS0_htthh] -> 0xffff9e9af9d8
cceprint: [_ZN8cceprint4vnotEPsS0_htthhbb] -> 0xffff9e9afbe8
cceprint: [_ZN8cceprint4vnotEPsS0_htttt] -> 0xffff9e9afe6c
cceprint: [_ZN8cceprint4vnotEPtS0_m] -> 0xffff9e9b0064
cceprint: [_ZN8cceprint4vnotEPtS0_htthh] -> 0xffff9e9b016c
cceprint: [_ZN8cceprint4vnotEPtS0_htthhbb] -> 0xffff9e9b037c
cceprint: [_ZN8cceprint4vnotEPtS0_htttt] -> 0xffff9e9b0600
cceprint: [_ZN8cceprint3vorEPsS0_S0_m] -> 0xffff9e9b07f8
cceprint: [_ZN8cceprint3vorEPsS0_S0_hhhhhhh] -> 0xffff9e9b093c
cceprint: [_ZN8cceprint3vorEPsS0_S0_hhhhhhhbb] -> 0xffff9e9b0c28
cceprint: [_ZN8cceprint3vorEPtS0_S0_m] -> 0xffff9e9b0f84
cceprint: [_ZN8cceprint3vorEPtS0_S0_hhhhhhh] -> 0xffff9e9b10c8
cceprint: [_ZN8cceprint3vorEPtS0_S0_hhhhhhhbb] -> 0xffff9e9b13b4
cceprint: [_ZN8cceprint8vpaddingEPtS0_m] -> 0xffff9e9b1710
cceprint: [_ZN8cceprint8vpaddingEPtS0_htthhbbhb] -> 0xffff9e9b1818
cceprint: [_ZN8cceprint8vpaddingEPjS0_m] -> 0xffff9e9b1b18
cceprint: [_ZN8cceprint8vpaddingEPjS0_htthhbbhb] -> 0xffff9e9b1c20
cceprint: [_ZN8cceprint4vrecEPN7float165Fp16TES2_m] -> 0xffff9e9b1f20
cceprint: [_ZN8cceprint4vrecEPN7float165Fp16TES2_htthh] -> 0xffff9e9b2028
cceprint: [_ZN8cceprint4vrecEPN7float165Fp16TES2_htthhbb] -> 0xffff9e9b2238
cceprint: [_ZN8cceprint4vrecEPN7float165Fp16TES2_htttt] -> 0xffff9e9b24bc
cceprint: [_ZN8cceprint4vrecEPfS0_m] -> 0xffff9e9b26b4
cceprint: [_ZN8cceprint4vrecEPfS0_htthh] -> 0xffff9e9b27bc
cceprint: [_ZN8cceprint4vrecEPfS0_htthhbb] -> 0xffff9e9b29cc
cceprint: [_ZN8cceprint4vrecEPfS0_htttt] -> 0xffff9e9b2c50
cceprint: [_ZN8cceprint7vreduceEPtS0_S0_m] -> 0xffff9e9b2e48
cceprint: [_ZN8cceprint7vreduceEPtS0_S0_hhhhhhh] -> 0xffff9e9b2f8c
cceprint: [_ZN8cceprint7vreduceEPtS0_S0_hhhhh] -> 0xffff9e9b3278
cceprint: [_ZN8cceprint7vreduceEPjS0_S0_m] -> 0xffff9e9b34dc
cceprint: [_ZN8cceprint7vreduceEPjS0_S0_hhhhhhh] -> 0xffff9e9b3620
cceprint: [_ZN8cceprint7vreduceEPjS0_S0_hhhhh] -> 0xffff9e9b390c
cceprint: [_ZN8cceprint9vreducev2EPtS0_S0_m] -> 0xffff9e9b3b70
cceprint: [_ZN8cceprint9vreducev2EPtS0_S0_thhth] -> 0xffff9e9b3cb4
cceprint: [_ZN8cceprint9vreducev2EPjS0_S0_m] -> 0xffff9e9b3f00
cceprint: [_ZN8cceprint9vreducev2EPjS0_S0_thhth] -> 0xffff9e9b4044
cceprint: [_ZN8cceprint5vreluEPN7float165Fp16TES2_m] -> 0xffff9e9b4290
cceprint: [_ZN8cceprint5vreluEPN7float165Fp16TES2_htthh] -> 0xffff9e9b4398
cceprint: [_ZN8cceprint5vreluEPN7float165Fp16TES2_htthhbb] -> 0xffff9e9b45a8
cceprint: [_ZN8cceprint5vreluEPN7float165Fp16TES2_htttt] -> 0xffff9e9b482c
cceprint: [_ZN8cceprint5vreluEPfS0_m] -> 0xffff9e9b4a24
cceprint: [_ZN8cceprint5vreluEPfS0_htthh] -> 0xffff9e9b4b2c
cceprint: [_ZN8cceprint5vreluEPfS0_htthhbb] -> 0xffff9e9b4d3c
cceprint: [_ZN8cceprint5vreluEPfS0_htttt] -> 0xffff9e9b4fc0
cceprint: [_ZN8cceprint5vreluEPiS0_m] -> 0xffff9e9b51b8
cceprint: [_ZN8cceprint5vreluEPiS0_htthh] -> 0xffff9e9b52c0
cceprint: [_ZN8cceprint5vreluEPiS0_htthhbb] -> 0xffff9e9b54d0
cceprint: [_ZN8cceprint5vreluEPiS0_htttt] -> 0xffff9e9b5754
cceprint: [_ZN8cceprint5vrpacEPN7float165Fp16TES2_m] -> 0xffff9e9b594c
cceprint: [_ZN8cceprint5vrpacEPN7float165Fp16TES2_htthh] -> 0xffff9e9b5a54
cceprint: [_ZN8cceprint5vrpacEPN7float165Fp16TES2_htthhbb] -> 0xffff9e9b5c64
cceprint: [_ZN8cceprint5vrpacEPfS0_m] -> 0xffff9e9b5ee8
cceprint: [_ZN8cceprint5vrpacEPfS0_htthh] -> 0xffff9e9b5ff0
cceprint: [_ZN8cceprint5vrpacEPfS0_htthhbb] -> 0xffff9e9b6200
cceprint: [_ZN8cceprint6vrsqrtEPN7float165Fp16TES2_m] -> 0xffff9e9b6484
cceprint: [_ZN8cceprint6vrsqrtEPN7float165Fp16TES2_htthh] -> 0xffff9e9b658c
cceprint: [_ZN8cceprint6vrsqrtEPN7float165Fp16TES2_htthhbb] -> 0xffff9e9b679c
cceprint: [_ZN8cceprint6vrsqrtEPN7float165Fp16TES2_htttt] -> 0xffff9e9b6a20
cceprint: [_ZN8cceprint6vrsqrtEPfS0_m] -> 0xffff9e9b6c18
cceprint: [_ZN8cceprint6vrsqrtEPfS0_htthh] -> 0xffff9e9b6d20
cceprint: [_ZN8cceprint6vrsqrtEPfS0_htthhbb] -> 0xffff9e9b6f30
cceprint: [_ZN8cceprint6vrsqrtEPfS0_htttt] -> 0xffff9e9b71b4
cceprint: [_ZN8cceprint8vscatterEPjPtm] -> 0xffff9e9b73ac
cceprint: [_ZN8cceprint8vscatterEPjPtjb] -> 0xffff9e9b74b4
cceprint: [_ZN8cceprint8vscatterEPjS0_m] -> 0xffff9e9b75ec
cceprint: [_ZN8cceprint8vscatterEPjS0_jb] -> 0xffff9e9b76f4
cceprint: [_ZN8cceprint4vselEPN7float165Fp16TES2_S2_m] -> 0xffff9e9b782c
cceprint: [_ZN8cceprint4vselEPN7float165Fp16TES2_Pvm] -> 0xffff9e9b7970
cceprint: [_ZN8cceprint4vselEPN7float165Fp16TES2_Pvhhhhhhh] -> 0xffff9e9b7ab4
cceprint: [_ZN8cceprint4vselEPN7float165Fp16TES2_Pvhhhhhhhhbb] -> 0xffff9e9b7da0
cceprint: [_ZN8cceprint4vselEPN7float165Fp16TES2_Pvhhhhhhhh] -> 0xffff9e9b8140
cceprint: [_ZN8cceprint4vselEPN7float165Fp16TES2_S2_hhhhhhh] -> 0xffff9e9b8470
cceprint: [_ZN8cceprint4vselEPN7float165Fp16TES2_S2_hhhhhhhhbb] -> 0xffff9e9b875c
cceprint: [_ZN8cceprint4vselEPN7float165Fp16TES2_S2_hhhhhhhh] -> 0xffff9e9b8afc
cceprint: [_ZN8cceprint4vselEPfS0_S0_m] -> 0xffff9e9b8e2c
cceprint: [_ZN8cceprint4vselEPfS0_Pvm] -> 0xffff9e9b8f70
cceprint: [_ZN8cceprint4vselEPfS0_Pvhhhhhhh] -> 0xffff9e9b90b4
cceprint: [_ZN8cceprint4vselEPfS0_Pvhhhhhhhhbb] -> 0xffff9e9b93a0
cceprint: [_ZN8cceprint4vselEPfS0_Pvhhhhhhhh] -> 0xffff9e9b9740
cceprint: [_ZN8cceprint4vselEPfS0_S0_hhhhhhh] -> 0xffff9e9b9a70
cceprint: [_ZN8cceprint4vselEPfS0_S0_hhhhhhhhbb] -> 0xffff9e9b9d5c
cceprint: [_ZN8cceprint4vselEPfS0_S0_hhhhhhhh] -> 0xffff9e9ba0fc
cceprint: [_ZN8cceprint4vshlEPsS0_jm] -> 0xffff9e9ba42c
cceprint: [_ZN8cceprint4vshlEPsS0_jhtthh] -> 0xffff9e9ba570
cceprint: [_ZN8cceprint4vshlEPsS0_jhtthhbb] -> 0xffff9e9ba7bc
cceprint: [_ZN8cceprint4vshlEPsS0_jhtttt] -> 0xffff9e9baa78
cceprint: [_ZN8cceprint4vshlEPiS0_jm] -> 0xffff9e9bacac
cceprint: [_ZN8cceprint4vshlEPiS0_jhtthh] -> 0xffff9e9badf0
cceprint: [_ZN8cceprint4vshlEPiS0_jhtthhbb] -> 0xffff9e9bb03c
cceprint: [_ZN8cceprint4vshlEPiS0_jhtttt] -> 0xffff9e9bb2f8
cceprint: [_ZN8cceprint4vshlEPtS0_jm] -> 0xffff9e9bb52c
cceprint: [_ZN8cceprint4vshlEPtS0_jhtthh] -> 0xffff9e9bb670
cceprint: [_ZN8cceprint4vshlEPtS0_jhtthhbb] -> 0xffff9e9bb8bc
cceprint: [_ZN8cceprint4vshlEPtS0_jhtttt] -> 0xffff9e9bbb78
cceprint: [_ZN8cceprint4vshlEPjS0_jm] -> 0xffff9e9bbdac
cceprint: [_ZN8cceprint4vshlEPjS0_jhtthh] -> 0xffff9e9bbef0
cceprint: [_ZN8cceprint4vshlEPjS0_jhtthhbb] -> 0xffff9e9bc13c
cceprint: [_ZN8cceprint4vshlEPjS0_jhtttt] -> 0xffff9e9bc3f8
cceprint: [_ZN8cceprint4vshrEPsS0_imb] -> 0xffff9e9bc62c
cceprint: [_ZN8cceprint4vshrEPsS0_ihtthhbbb] -> 0xffff9e9bc7ac
cceprint: [_ZN8cceprint4vshrEPsS0_ihttttb] -> 0xffff9e9bcaa0
cceprint: [_ZN8cceprint4vshrEPiS0_imb] -> 0xffff9e9bcd0c
cceprint: [_ZN8cceprint4vshrEPiS0_ihtthhbbb] -> 0xffff9e9bce8c
cceprint: [_ZN8cceprint4vshrEPiS0_ihttttb] -> 0xffff9e9bd180
cceprint: [_ZN8cceprint4vshrEPtS0_jmb] -> 0xffff9e9bd3ec
cceprint: [_ZN8cceprint4vshrEPtS0_jhtthhbbb] -> 0xffff9e9bd56c
cceprint: [_ZN8cceprint4vshrEPtS0_jhttttb] -> 0xffff9e9bd860
cceprint: [_ZN8cceprint4vshrEPjS0_jmb] -> 0xffff9e9bdacc
cceprint: [_ZN8cceprint4vshrEPjS0_jhtthhbbb] -> 0xffff9e9bdc4c
cceprint: [_ZN8cceprint4vshrEPjS0_jhttttb] -> 0xffff9e9bdf40
cceprint: [_ZN8cceprint5vsortEPN7float165Fp16TES2_m] -> 0xffff9e9be1ac
cceprint: [_ZN8cceprint5vsortEPN7float165Fp16TES2_h] -> 0xffff9e9be2b4
cceprint: [_ZN8cceprint5vsortEPfS0_m] -> 0xffff9e9be3bc
cceprint: [_ZN8cceprint5vsortEPfS0_h] -> 0xffff9e9be4c4
cceprint: [_ZN8cceprint5vsqrtEPN7float165Fp16TES2_m] -> 0xffff9e9be5cc
cceprint: [_ZN8cceprint5vsqrtEPN7float165Fp16TES2_htthh] -> 0xffff9e9be6d4
cceprint: [_ZN8cceprint5vsqrtEPN7float165Fp16TES2_htthhbb] -> 0xffff9e9be8e4
cceprint: [_ZN8cceprint5vsqrtEPN7float165Fp16TES2_htttt] -> 0xffff9e9beb68
cceprint: [_ZN8cceprint5vsqrtEPfS0_m] -> 0xffff9e9bed60
cceprint: [_ZN8cceprint5vsqrtEPfS0_htthh] -> 0xffff9e9bee68
cceprint: [_ZN8cceprint5vsqrtEPfS0_htthhbb] -> 0xffff9e9bf078
cceprint: [_ZN8cceprint5vsqrtEPfS0_htttt] -> 0xffff9e9bf2fc
cceprint: [_ZN8cceprint4vsubEPN7float165Fp16TES2_S2_m] -> 0xffff9e9bf4f4
cceprint: [_ZN8cceprint4vsubEPN7float165Fp16TES2_S2_hhhhhhh] -> 0xffff9e9bf638
cceprint: [_ZN8cceprint4vsubEPN7float165Fp16TES2_S2_hhhhhhhbb] -> 0xffff9e9bf924
cceprint: [_ZN8cceprint4vsubEPfS0_S0_m] -> 0xffff9e9bfc80
cceprint: [_ZN8cceprint4vsubEPfS0_S0_hhhhhhh] -> 0xffff9e9bfdc4
cceprint: [_ZN8cceprint4vsubEPfS0_S0_hhhhhhhbb] -> 0xffff9e9c00b0
cceprint: [_ZN8cceprint4vsubEPsS0_S0_m] -> 0xffff9e9c040c
cceprint: [_ZN8cceprint4vsubEPsS0_S0_hhhhhhh] -> 0xffff9e9c0550
cceprint: [_ZN8cceprint4vsubEPsS0_S0_hhhhhhhbb] -> 0xffff9e9c083c
cceprint: [_ZN8cceprint4vsubEPiS0_S0_m] -> 0xffff9e9c0b98
cceprint: [_ZN8cceprint4vsubEPiS0_S0_hhhhhhh] -> 0xffff9e9c0cdc
cceprint: [_ZN8cceprint4vsubEPiS0_S0_hhhhhhhbb] -> 0xffff9e9c0fc8
cceprint: [_ZN8cceprint8vsubreluEPN7float165Fp16TES2_S2_m] -> 0xffff9e9c1324
cceprint: [_ZN8cceprint8vsubreluEPN7float165Fp16TES2_S2_hhhhhhhbb] -> 0xffff9e9c1468
cceprint: [_ZN8cceprint8vsubreluEPN7float165Fp16TES2_S2_hhhhhhh] -> 0xffff9e9c17c4
cceprint: [_ZN8cceprint8vsubreluEPfS0_S0_m] -> 0xffff9e9c1ab0
cceprint: [_ZN8cceprint8vsubreluEPfS0_S0_hhhhhhhbb] -> 0xffff9e9c1bf4
cceprint: [_ZN8cceprint8vsubreluEPfS0_S0_hhhhhhh] -> 0xffff9e9c1f50
cceprint: [_ZN8cceprint8vsubreluEPsS0_S0_m] -> 0xffff9e9c223c
cceprint: [_ZN8cceprint8vsubreluEPsS0_S0_hhhhhhhbb] -> 0xffff9e9c2380
cceprint: [_ZN8cceprint8vsubreluEPsS0_S0_hhhhhhh] -> 0xffff9e9c26dc
cceprint: [_ZN8cceprint19vsubreluconv_f162s8EPaPN7float165Fp16TES3_mb] -> 0xffff9e9c29c8
cceprint: [_ZN8cceprint19vsubreluconv_f162s8EPaPN7float165Fp16TES3_hhhhhhhbbb] -> 0xffff9e9c2b48
cceprint: [_ZN8cceprint19vsubreluconv_f162s8EPaPN7float165Fp16TES3_hhhhhhhb] -> 0xffff9e9c2edc
cceprint: [_ZN8cceprint20vsubreluconv_f322f16EPN7float165Fp16TEPfS3_mb] -> 0xffff9e9c3200
cceprint: [_ZN8cceprint20vsubreluconv_f322f16EPN7float165Fp16TEPfS3_hhhhhhhbbb] -> 0xffff9e9c3380
cceprint: [_ZN8cceprint20vsubreluconv_f322f16EPN7float165Fp16TEPfS3_hhhhhhhb] -> 0xffff9e9c3714
cceprint: [_ZN8cceprint19vsubreluconv_s162s8EPaPsS1_mb] -> 0xffff9e9c3a38
cceprint: [_ZN8cceprint19vsubreluconv_s162s8EPaPsS1_hhhhhhhbbb] -> 0xffff9e9c3bb8
cceprint: [_ZN8cceprint19vsubreluconv_s162s8EPaPsS1_hhhhhhhb] -> 0xffff9e9c3f4c
cceprint: [_ZN8cceprint23vsubreluconv_vdeqs162b8EPaPsS1_mb] -> 0xffff9e9c4270
cceprint: [_ZN8cceprint23vsubreluconv_vdeqs162b8EPhPsS1_mb] -> 0xffff9e9c43f0
cceprint: [_ZN8cceprint23vsubreluconv_vdeqs162b8EPhPsS1_hhhhhhhbbb] -> 0xffff9e9c4570
cceprint: [_ZN8cceprint23vsubreluconv_vdeqs162b8EPhPsS1_hhhhhhhb] -> 0xffff9e9c4904
cceprint: [_ZN8cceprint23vsubreluconv_vdeqs162b8EPaPsS1_hhhhhhhbbb] -> 0xffff9e9c4c28
cceprint: [_ZN8cceprint23vsubreluconv_vdeqs162b8EPaPsS1_hhhhhhhb] -> 0xffff9e9c4fbc
cceprint: [_ZN8cceprint10vtransposeEPsS0_] -> 0xffff9e9c52e0
cceprint: [_ZN8cceprint10vtransposeEPtS0_] -> 0xffff9e9c53a0
cceprint: [_ZN8cceprint9wait_flagE6pipe_tS0_7event_t] -> 0xffff9e9c5460
cceprint: [_ZN8cceprint9wait_flagE6pipe_t7event_t] -> 0xffff9e9c5590
cceprint: [_ZN8cceprint9wait_flagE6pipe_tS0_m] -> 0xffff9e9c5674
cceprint: [_ZN8cceprint9wait_flagE6pipe_tm] -> 0xffff9e9c57a4
cceprint: [_ZN8cceprint13wait_flag_devEl] -> 0xffff9e9c5888
cceprint: [_ZN8cceprint13winograd_convEPiPsPam] -> 0xffff9e9c590c
cceprint: [_ZN8cceprint13winograd_convEPiPsPattthhhb] -> 0xffff9e9c5a50
cceprint: [_ZN8cceprint13winograd_convEPiPaS1_m] -> 0xffff9e9c5d0c
cceprint: [_ZN8cceprint13winograd_convEPiPaS1_ttthhhb] -> 0xffff9e9c5e50
cceprint: [_ZN8cceprint13get_workspaceEi] -> (nil)
cceprint: [_ZN8cceprint13set_core_typeEi] -> (nil)
cceprint: [_ZN8cceprint15get_process_numEv] -> (nil)
cceprint: [_ZN8cceprint13set_block_dimEi] -> (nil)
cceprint: [_ZN8cceprint18AscendCKernelBeginEPKciPm] -> 0xffff9e9c6b44
cceprint: [_ZN8cceprint16AscendCKernelEndEPKciPm] -> (nil)
cceprint: [_ZN8cceprint17AscendCBlockBeginEiPKciPKm] -> 0xffff9e9c6c58
cceprint: [_ZN8cceprint15AscendCBlockEndEiPKciPKm] -> 0xffff9e9c7124
cceprint: [_ZN8cceprint16AscendCQueCreateEhhh] -> (nil)
cceprint: [_ZN8cceprint14AscendCBufInitEhhhmm] -> (nil)
cceprint: [_ZN8cceprint15AscendCBufAllocEhhmm] -> (nil)
cceprint: [_ZN8cceprint14AscendCBufFreeEhhmm] -> (nil)
cceprint: [_ZN8cceprint15AscendCBufEnqueEhhhm] -> (nil)
cceprint: [_ZN8cceprint15AscendCBufDequeEhhhm] -> (nil)
cceprint: [_ZN8cceprint17AscendCBufAbsAddrEhmm] -> (nil)
cceprint: [_ZN8cceprint13AscendCBufGetEhhmm] -> (nil)
cceprint: [_ZN8cceprint19AscendCTBufPoolInitEhmmm] -> (nil)
cceprint: [_ZN8cceprint27AscendCUpdateTbufPoolStatusEmb] -> (nil)
cceprint: [_ZN8cceprint26AscendCRecordPoolHierarchyEmm] -> (nil)
cceprint: [_ZN8cceprint25AscendCTBufPoolResetCheckEhmmm] -> (nil)
cceprint: [_ZN8cceprint12batch_offsetEmm] -> 0xffff9e9c610c
cceprint: [_ZN8cceprint12wait_and_setEPvS0_mm] -> 0xffff9e9c61e4
cceprint: [_ZN8cceprint9wait_syncEPvS0_S0_] -> 0xffff9e9c63ac
cceprint: [_ZN8cceprint11set_tensoraEPvS0_] -> 0xffff9e9c6554
cceprint: [_ZN8cceprint11set_tensorbEPv] -> 0xffff9e9c6614
cceprint: [_ZN8cceprint11get_tensorcEPv] -> 0xffff9e9c6698
cceprint: [_ZN8cceprint13__ib_set_stubEiib] -> 0xffff9e9c671c
cceprint: [_ZN8cceprint14__ib_wait_stubEiib] -> 0xffff9e9c6818
cceprint: [_ZN8cceprint15__sync_all_stubEib] -> 0xffff9e9c6914
npuchk: [_ZN6npuchk5bcnt0Em] -> (nil)
npuchk: [_ZN6npuchk5bcnt1Em] -> (nil)
npuchk: [_ZN6npuchk18broadcast_ub_to_ccEPN7float165Fp16TES2_m] -> 0xffff9e731548
npuchk: [_ZN6npuchk18broadcast_ub_to_ccEPN7float165Fp16TES2_hhhh] -> 0xffff9e7317c4
npuchk: [_ZN6npuchk18broadcast_ub_to_ccEPN7float165Fp16TES2_hhhhb] -> 0xffff9e731b48
npuchk: [_ZN6npuchk18broadcast_ub_to_ccEPfS0_m] -> 0xffff9e731f14
npuchk: [_ZN6npuchk18broadcast_ub_to_ccEPfS0_hhhh] -> 0xffff9e732194
npuchk: [_ZN6npuchk18broadcast_ub_to_ccEPfS0_hhhhb] -> 0xffff9e73251c
npuchk: [_ZN6npuchk18broadcast_ub_to_ccEPfPN7float165Fp16TEm] -> 0xffff9e7328ec
npuchk: [_ZN6npuchk18broadcast_ub_to_ccEPfPN7float165Fp16TEhhhh] -> 0xffff9e732b6c
npuchk: [_ZN6npuchk18broadcast_ub_to_ccEPfPN7float165Fp16TEhhhhb] -> 0xffff9e732ef4
npuchk: [_ZN6npuchk18broadcast_ub_to_ccEPiS0_m] -> 0xffff9e7332c4
npuchk: [_ZN6npuchk18broadcast_ub_to_ccEPiS0_hhhh] -> 0xffff9e733544
npuchk: [_ZN6npuchk18broadcast_ub_to_ccEPiS0_hhhhb] -> 0xffff9e7338cc
npuchk: [_ZN6npuchk3clzEm] -> (nil)
npuchk: [_ZN6npuchk7col2imgEPN7float165Fp16TES2_mm] -> 0xffff9e733c9c
npuchk: [_ZN6npuchk7col2imgEPN7float165Fp16TES2_shhshhhhhhhb] -> 0xffff9e733f74
npuchk: [_ZN6npuchk7col2imgEPfS0_mm] -> 0xffff9e734574
npuchk: [_ZN6npuchk7col2imgEPfS0_shhshhhhhhhb] -> 0xffff9e734848
npuchk: [_ZN6npuchk17compress_ub_to_gmEPhS0_S0_l] -> 0xffff9e734e44
npuchk: [_ZN6npuchk17compress_ub_to_gmEPhS0_S0_tbhh] -> 0xffff9e735120
npuchk: [_ZN6npuchk17compress_ub_to_gmEPN7float165Fp16TES2_S2_l] -> 0xffff9e7354ec
npuchk: [_ZN6npuchk17compress_ub_to_gmEPN7float165Fp16TES2_S2_tbhh] -> 0xffff9e7357cc
npuchk: [_ZN6npuchk13conv_f322f16oEf] -> (nil)
npuchk: [_ZN6npuchk13conv_f322s32aEf] -> (nil)
npuchk: [_ZN6npuchk13conv_f322s32cEf] -> (nil)
npuchk: [_ZN6npuchk13conv_f322s32fEf] -> (nil)
npuchk: [_ZN6npuchk13conv_f322s32rEf] -> (nil)
npuchk: [_ZN6npuchk15copy_cbuf_to_btEmPvm] -> 0xffff9e63d85c
npuchk: [_ZN6npuchk15copy_cbuf_to_btEmPvttttt] -> 0xffff9e63dae4
npuchk: [_ZN6npuchk17copy_cbuf_to_fbufEPvS0_m] -> 0xffff9e63de90
npuchk: [_ZN6npuchk17copy_cbuf_to_fbufEPvS0_tttt] -> 0xffff9e63e114
npuchk: [_ZN6npuchk15copy_cbuf_to_gmEPvS0_m] -> 0xffff9e63e474
npuchk: [_ZN6npuchk15copy_cbuf_to_gmEPvS0_htttt] -> 0xffff9e63e6fc
npuchk: [_ZN6npuchk21copy_cbuf_to_gm_alignEPN7float165Fp16TES2_htjjj] -> (nil)
npuchk: [_ZN6npuchk21copy_cbuf_to_gm_alignEPfS0_htjjj] -> (nil)
npuchk: [_ZN6npuchk21copy_cbuf_to_gm_alignEPsS0_htjjj] -> (nil)
npuchk: [_ZN6npuchk21copy_cbuf_to_gm_alignEPiS0_htjjj] -> (nil)
npuchk: [_ZN6npuchk21copy_cbuf_to_gm_alignEPaS0_htjjj] -> (nil)
npuchk: [_ZN6npuchk21copy_cbuf_to_gm_alignEPtS0_htjjj] -> (nil)
npuchk: [_ZN6npuchk21copy_cbuf_to_gm_alignEPjS0_htjjj] -> (nil)
npuchk: [_ZN6npuchk21copy_cbuf_to_gm_alignEPhS0_htjjj] -> (nil)
npuchk: [_ZN6npuchk17copy_cbuf_to_ubufEPvS0_m] -> 0xffff9e735b9c
npuchk: [_ZN6npuchk17copy_cbuf_to_ubufEPvS0_htttt] -> 0xffff9e735e24
npuchk: [_ZN6npuchk25copy_depthwise_cc_to_ubufEPN7float165Fp16TES2_m10ConvRelu_t] -> 0xffff9e7361d8
npuchk: [_ZN6npuchk25copy_depthwise_cc_to_ubufEPN7float165Fp16TES2_htttt10ConvRelu_t] -> 0xffff9e7364fc
npuchk: [_ZN6npuchk25copy_depthwise_cc_to_ubufEPfPN7float165Fp16TEm10ConvRelu_t] -> 0xffff9e73694c
npuchk: [_ZN6npuchk25copy_depthwise_cc_to_ubufEPfPN7float165Fp16TEhtttt10ConvRelu_t] -> 0xffff9e736c70
npuchk: [_ZN6npuchk25copy_depthwise_cc_to_ubufEPN7float165Fp16TEPfm10ConvRelu_t] -> 0xffff9e7370c0
npuchk: [_ZN6npuchk25copy_depthwise_cc_to_ubufEPN7float165Fp16TEPfhtttt10ConvRelu_t] -> 0xffff9e7373e4
npuchk: [_ZN6npuchk25copy_depthwise_cc_to_ubufEPfS0_m10ConvRelu_t] -> 0xffff9e737834
npuchk: [_ZN6npuchk25copy_depthwise_cc_to_ubufEPfS0_htttt10ConvRelu_t] -> 0xffff9e737b58
npuchk: [_ZN6npuchk15copy_gm_to_cbufEPvS0_m5pad_t] -> 0xffff9e63eab0
npuchk: [_ZN6npuchk15copy_gm_to_cbufEPvS0_htttt5pad_t] -> 0xffff9e63eda8
npuchk: [_ZN6npuchk31copy_gm_to_cbuf_multi_nd2nz_b16EPN7float165Fp16TES2_mm] -> 0xffff9e63f1cc
npuchk: [_ZN6npuchk31copy_gm_to_cbuf_multi_nd2nz_b16EPN7float165Fp16TES2_htttttttt] -> 0xffff9e63f4ac
npuchk: [_ZN6npuchk31copy_gm_to_cbuf_multi_nd2nz_b16EPN8bfloat165Bf16TES2_mm] -> 0xffff9e63f984
npuchk: [_ZN6npuchk31copy_gm_to_cbuf_multi_nd2nz_b16EPN8bfloat165Bf16TES2_htttttttt] -> 0xffff9e63fc64
npuchk: [_ZN6npuchk31copy_gm_to_cbuf_multi_nd2nz_b16EPsS0_mm] -> 0xffff9e64013c
npuchk: [_ZN6npuchk31copy_gm_to_cbuf_multi_nd2nz_b16EPsS0_htttttttt] -> 0xffff9e64041c
npuchk: [_ZN6npuchk31copy_gm_to_cbuf_multi_nd2nz_b16EPtS0_mm] -> 0xffff9e6408f4
npuchk: [_ZN6npuchk31copy_gm_to_cbuf_multi_nd2nz_b16EPtS0_htttttttt] -> 0xffff9e640bd4
npuchk: [_ZN6npuchk32copy_gm_to_cbuf_multi_nd2nz_b32sEPfS0_mm] -> 0xffff9e6410ac
npuchk: [_ZN6npuchk32copy_gm_to_cbuf_multi_nd2nz_b32sEPfS0_htttttttt] -> 0xffff9e64138c
npuchk: [_ZN6npuchk32copy_gm_to_cbuf_multi_nd2nz_b32sEPiS0_mm] -> 0xffff9e641864
npuchk: [_ZN6npuchk32copy_gm_to_cbuf_multi_nd2nz_b32sEPiS0_htttttttt] -> 0xffff9e641b44
npuchk: [_ZN6npuchk32copy_gm_to_cbuf_multi_nd2nz_b32sEPjS0_mm] -> 0xffff9e64201c
npuchk: [_ZN6npuchk32copy_gm_to_cbuf_multi_nd2nz_b32sEPjS0_htttttttt] -> 0xffff9e6422fc
npuchk: [_ZN6npuchk30copy_gm_to_cbuf_multi_nd2nz_b8EPaS0_mm] -> 0xffff9e6427d4
npuchk: [_ZN6npuchk30copy_gm_to_cbuf_multi_nd2nz_b8EPaS0_htttttttt] -> 0xffff9e642ab0
npuchk: [_ZN6npuchk30copy_gm_to_cbuf_multi_nd2nz_b8EPhS0_mm] -> 0xffff9e642f84
npuchk: [_ZN6npuchk30copy_gm_to_cbuf_multi_nd2nz_b8EPhS0_htttttttt] -> 0xffff9e643260
npuchk: [_ZN6npuchk15copy_gm_to_ubufEPvS0_m] -> 0xffff9e698fa0
npuchk: [_ZN6npuchk15copy_gm_to_ubufEPvS0_htttt] -> 0xffff9e699228
npuchk: [_ZN6npuchk25copy_gm_to_ubuf_align_b16EPvS0_mm] -> 0xffff9e6995dc
npuchk: [_ZN6npuchk25copy_gm_to_ubuf_align_b16EPvS0_htjhhjj] -> 0xffff9e6998bc
npuchk: [_ZN6npuchk25copy_gm_to_ubuf_align_b32EPvS0_mm] -> 0xffff9e699d24
npuchk: [_ZN6npuchk25copy_gm_to_ubuf_align_b32EPvS0_htjhhjj] -> 0xffff9e69a004
npuchk: [_ZN6npuchk24copy_gm_to_ubuf_align_b8EPvS0_mm] -> 0xffff9e69a46c
npuchk: [_ZN6npuchk24copy_gm_to_ubuf_align_b8EPvS0_htjhhjj] -> 0xffff9e69a748
npuchk: [_ZN6npuchk21copy_gm_to_ubuf_alignEPaS0_htjhhjj] -> (nil)
npuchk: [_ZN6npuchk21copy_gm_to_ubuf_alignEPhS0_htjhhjj] -> (nil)
npuchk: [_ZN6npuchk21copy_gm_to_ubuf_alignEPsS0_htjhhjj] -> (nil)
npuchk: [_ZN6npuchk21copy_gm_to_ubuf_alignEPtS0_htjhhjj] -> (nil)
npuchk: [_ZN6npuchk21copy_gm_to_ubuf_alignEPN7float165Fp16TES2_htjhhjj] -> (nil)
npuchk: [_ZN6npuchk21copy_gm_to_ubuf_alignEPiS0_htjhhjj] -> (nil)
npuchk: [_ZN6npuchk21copy_gm_to_ubuf_alignEPjS0_htjhhjj] -> (nil)
npuchk: [_ZN6npuchk21copy_gm_to_ubuf_alignEPfS0_htjhhjj] -> (nil)
npuchk: [_ZN6npuchk23copy_gm_to_ubuf_pad_b16EPvS0_mm] -> (nil)
npuchk: [_ZN6npuchk23copy_gm_to_ubuf_pad_b16EPvS0_htttthh] -> (nil)
npuchk: [_ZN6npuchk23copy_gm_to_ubuf_pad_b32EPvS0_mm] -> (nil)
npuchk: [_ZN6npuchk23copy_gm_to_ubuf_pad_b32EPvS0_htttthh] -> (nil)
npuchk: [_ZN6npuchk22copy_gm_to_ubuf_pad_b8EPvS0_mm] -> (nil)
npuchk: [_ZN6npuchk22copy_gm_to_ubuf_pad_b8EPvS0_htttthh] -> (nil)
npuchk: [_ZN6npuchk22copy_matrix_cbuf_to_ccEPN7float165Fp16TES2_m] -> 0xffff9e643734
npuchk: [_ZN6npuchk22copy_matrix_cbuf_to_ccEPN7float165Fp16TES2_tttt] -> 0xffff9e6439b8
npuchk: [_ZN6npuchk22copy_matrix_cbuf_to_ccEPN7float165Fp16TEPfm] -> 0xffff9e643d18
npuchk: [_ZN6npuchk22copy_matrix_cbuf_to_ccEPN7float165Fp16TEPftttt] -> 0xffff9e643fa0
npuchk: [_ZN6npuchk22copy_matrix_cbuf_to_ccEPN8bfloat165Bf16TES2_m] -> 0xffff9e644304
npuchk: [_ZN6npuchk22copy_matrix_cbuf_to_ccEPN8bfloat165Bf16TES2_tttt] -> 0xffff9e644588
npuchk: [_ZN6npuchk22copy_matrix_cbuf_to_ccEPN8bfloat165Bf16TEPfm] -> 0xffff9e6448e8
npuchk: [_ZN6npuchk22copy_matrix_cbuf_to_ccEPN8bfloat165Bf16TEPftttt] -> 0xffff9e644b70
npuchk: [_ZN6npuchk22copy_matrix_cbuf_to_ccEPfS0_m] -> 0xffff9e644ed4
npuchk: [_ZN6npuchk22copy_matrix_cbuf_to_ccEPfS0_tttt] -> 0xffff9e64515c
npuchk: [_ZN6npuchk22copy_matrix_cbuf_to_ccEPiS0_m] -> 0xffff9e6454c0
npuchk: [_ZN6npuchk22copy_matrix_cbuf_to_ccEPiS0_tttt] -> 0xffff9e645748
npuchk: [_ZN6npuchk22copy_matrix_cbuf_to_ccEPjS0_m] -> 0xffff9e645aac
npuchk: [_ZN6npuchk22copy_matrix_cbuf_to_ccEPjS0_tttt] -> 0xffff9e645d34
npuchk: [_ZN6npuchk22copy_matrix_cc_to_cbufEPN7float165Fp16TEPfmm] -> 0xffff9e646098
npuchk: [_ZN6npuchk22copy_matrix_cc_to_cbufEPN7float165Fp16TEPfhttjthh11QuantMode_thbbb] -> (nil)
npuchk: [_ZN6npuchk22copy_matrix_cc_to_cbufEPN7float165Fp16TEPfhttjthh11QuantMode_thbb14QuantMode_posthbhhb] -> (nil)
npuchk: [_ZN6npuchk22copy_matrix_cc_to_cbufEPN7float165Fp16TEPfhttjth11QuantMode_thbb] -> 0xffff9e64636c
npuchk: [_ZN6npuchk22copy_matrix_cc_to_cbufEPN8bfloat165Bf16TEPfhttjth11QuantMode_thbb] -> 0xffff9e6468a0
npuchk: [_ZN6npuchk22copy_matrix_cc_to_cbufEPN8bfloat165Bf16TEPfhttjthh11QuantMode_thbbb] -> (nil)
npuchk: [_ZN6npuchk22copy_matrix_cc_to_cbufEPfS0_mm] -> 0xffff9e646dd4
npuchk: [_ZN6npuchk22copy_matrix_cc_to_cbufEPaPfmm] -> 0xffff9e6470a8
npuchk: [_ZN6npuchk22copy_matrix_cc_to_cbufEPaPfhttjthh11QuantMode_thbbb] -> (nil)
npuchk: [_ZN6npuchk22copy_matrix_cc_to_cbufEPaPfhttjthh11QuantMode_thbb14QuantMode_posthbhhb] -> (nil)
npuchk: [_ZN6npuchk22copy_matrix_cc_to_cbufEPaPfhttjth11QuantMode_thbb] -> 0xffff9e64737c
npuchk: [_ZN6npuchk22copy_matrix_cc_to_cbufEPhPfmm] -> (nil)
npuchk: [_ZN6npuchk22copy_matrix_cc_to_cbufEPhPfhttjthh11QuantMode_thbbb] -> (nil)
npuchk: [_ZN6npuchk22copy_matrix_cc_to_cbufEPhPfhttjthh11QuantMode_thbb14QuantMode_posthbhhb] -> (nil)
npuchk: [_ZN6npuchk22copy_matrix_cc_to_cbufEPfS0_httjthh11QuantMode_thbbb] -> (nil)
npuchk: [_ZN6npuchk22copy_matrix_cc_to_cbufEPfS0_httjthh11QuantMode_thbb14QuantMode_posthbhhb] -> (nil)
npuchk: [_ZN6npuchk22copy_matrix_cc_to_cbufEPiS0_mm] -> 0xffff9e647de4
npuchk: [_ZN6npuchk22copy_matrix_cc_to_cbufEPN7float165Fp16TEPimm] -> 0xffff9e6480bc
npuchk: [_ZN6npuchk22copy_matrix_cc_to_cbufEPN7float165Fp16TEPihttjthh11QuantMode_thbbb] -> (nil)
npuchk: [_ZN6npuchk22copy_matrix_cc_to_cbufEPN7float165Fp16TEPihttjthh11QuantMode_thbb14QuantMode_posthbhhb] -> (nil)
npuchk: [_ZN6npuchk22copy_matrix_cc_to_cbufEPN7float165Fp16TEPihttjth11QuantMode_thbb] -> 0xffff9e648394
npuchk: [_ZN6npuchk22copy_matrix_cc_to_cbufEPsPimm] -> 0xffff9e6488cc
npuchk: [_ZN6npuchk22copy_matrix_cc_to_cbufEPsPihttjth11QuantMode_thbb] -> 0xffff9e648ba4
npuchk: [_ZN6npuchk22copy_matrix_cc_to_cbufEPaPimm] -> 0xffff9e6490dc
npuchk: [_ZN6npuchk22copy_matrix_cc_to_cbufEPaPihttjthh11QuantMode_thbbb] -> (nil)
npuchk: [_ZN6npuchk22copy_matrix_cc_to_cbufEPaPihttjthh11QuantMode_thbb14QuantMode_posthbhhb] -> (nil)
npuchk: [_ZN6npuchk22copy_matrix_cc_to_cbufEPaPihttjth11QuantMode_thbb] -> 0xffff9e6493b4
npuchk: [_ZN6npuchk22copy_matrix_cc_to_cbufEPhPimm] -> 0xffff9e6498ec
npuchk: [_ZN6npuchk22copy_matrix_cc_to_cbufEPhPihttjthh11QuantMode_thbbb] -> (nil)
npuchk: [_ZN6npuchk22copy_matrix_cc_to_cbufEPhPihttjthh11QuantMode_thbb14QuantMode_posthbhhb] -> (nil)
npuchk: [_ZN6npuchk22copy_matrix_cc_to_cbufEPhPihttjth11QuantMode_thbb] -> 0xffff9e649bc4
npuchk: [_ZN6npuchk22copy_matrix_cc_to_cbufEPiS0_httjthh11QuantMode_thbbb] -> (nil)
npuchk: [_ZN6npuchk22copy_matrix_cc_to_cbufEPiS0_httjthh11QuantMode_thbb14QuantMode_posthbhhb] -> (nil)
npuchk: [_ZN6npuchk25copy_matrix_cc_to_cbuf_b4EPvPfmm] -> 0xffff9e64a634
npuchk: [_ZN6npuchk25copy_matrix_cc_to_cbuf_b4EPvPfhttjth11QuantMode_thbb] -> 0xffff9e64a908
npuchk: [_ZN6npuchk25copy_matrix_cc_to_cbuf_b4EPvPimm] -> 0xffff9e64ae3c
npuchk: [_ZN6npuchk25copy_matrix_cc_to_cbuf_b4EPvPihttjth11QuantMode_thbb] -> 0xffff9e64b114
npuchk: [_ZN6npuchk27copy_matrix_cc_to_cbuf_bf16EPtPfmm] -> (nil)
npuchk: [_ZN6npuchk27copy_matrix_cc_to_cbuf_bf16EPtPfhttjthh11QuantMode_thbbb] -> (nil)
npuchk: [_ZN6npuchk27copy_matrix_cc_to_cbuf_bf16EPtPfhttjthh11QuantMode_thbb14QuantMode_posthbhhb] -> (nil)
npuchk: [_ZN6npuchk27copy_matrix_cc_to_cbuf_bf16EPtPfhttjth11QuantMode_thbb] -> (nil)
npuchk: [_ZN6npuchk25copy_matrix_cc_to_cbuf_s4EPvPfmm] -> (nil)
npuchk: [_ZN6npuchk25copy_matrix_cc_to_cbuf_s4EPvPfhttjthh11QuantMode_thbbb] -> (nil)
npuchk: [_ZN6npuchk25copy_matrix_cc_to_cbuf_s4EPvPfhttjthh11QuantMode_thbb14QuantMode_posthbhhb] -> (nil)
npuchk: [_ZN6npuchk25copy_matrix_cc_to_cbuf_s4EPvPimm] -> (nil)
npuchk: [_ZN6npuchk25copy_matrix_cc_to_cbuf_s4EPvPihttjthh11QuantMode_thbbb] -> (nil)
npuchk: [_ZN6npuchk25copy_matrix_cc_to_cbuf_s4EPvPihttjthh11QuantMode_thbb14QuantMode_posthbhhb] -> (nil)
npuchk: [_ZN6npuchk20copy_matrix_cc_to_gmEPN7float165Fp16TEPfmm] -> 0xffff9e64b64c
npuchk: [_ZN6npuchk20copy_matrix_cc_to_gmEPN7float165Fp16TEPfhttjthh11QuantMode_thbbb] -> (nil)
npuchk: [_ZN6npuchk20copy_matrix_cc_to_gmEPN7float165Fp16TEPfhttjthh11QuantMode_thbb14QuantMode_posthbhhb] -> (nil)
npuchk: [_ZN6npuchk20copy_matrix_cc_to_gmEPN7float165Fp16TEPfhttjth11QuantMode_thbb] -> 0xffff9e64b920
npuchk: [_ZN6npuchk20copy_matrix_cc_to_gmEPfS0_mm] -> 0xffff9e64be54
npuchk: [_ZN6npuchk20copy_matrix_cc_to_gmEPaPfmm] -> 0xffff9e64c128
npuchk: [_ZN6npuchk20copy_matrix_cc_to_gmEPaPfhttjthh11QuantMode_thbbb] -> (nil)
npuchk: [_ZN6npuchk20copy_matrix_cc_to_gmEPaPfhttjthh11QuantMode_thbb14QuantMode_posthbhhb] -> (nil)
npuchk: [_ZN6npuchk20copy_matrix_cc_to_gmEPaPfhttjth11QuantMode_thbb] -> 0xffff9e64c3fc
npuchk: [_ZN6npuchk20copy_matrix_cc_to_gmEPhPfmm] -> (nil)
npuchk: [_ZN6npuchk20copy_matrix_cc_to_gmEPhPfhttjthh11QuantMode_thbbb] -> (nil)
npuchk: [_ZN6npuchk20copy_matrix_cc_to_gmEPhPfhttjthh11QuantMode_thbb14QuantMode_posthbhhb] -> (nil)
npuchk: [_ZN6npuchk20copy_matrix_cc_to_gmEPhPfhttjth11QuantMode_thbb] -> (nil)
npuchk: [_ZN6npuchk20copy_matrix_cc_to_gmEPfS0_httjthh11QuantMode_thbbb] -> (nil)
npuchk: [_ZN6npuchk20copy_matrix_cc_to_gmEPfS0_httjthh11QuantMode_thbb14QuantMode_posthbhhb] -> (nil)
npuchk: [_ZN6npuchk20copy_matrix_cc_to_gmEPfS0_httjth11QuantMode_thbb] -> 0xffff9e64c930
npuchk: [_ZN6npuchk20copy_matrix_cc_to_gmEPiS0_mm] -> 0xffff9e64ce64
npuchk: [_ZN6npuchk20copy_matrix_cc_to_gmEPN7float165Fp16TEPimm] -> 0xffff9e64d13c
npuchk: [_ZN6npuchk20copy_matrix_cc_to_gmEPN7float165Fp16TEPihttjthh11QuantMode_thbbb] -> (nil)
npuchk: [_ZN6npuchk20copy_matrix_cc_to_gmEPN7float165Fp16TEPihttjthh11QuantMode_thbb14QuantMode_posthbhhb] -> (nil)
npuchk: [_ZN6npuchk20copy_matrix_cc_to_gmEPN7float165Fp16TEPihttjth11QuantMode_thbb] -> 0xffff9e64d414
npuchk: [_ZN6npuchk20copy_matrix_cc_to_gmEPsPimm] -> 0xffff9e64d94c
npuchk: [_ZN6npuchk20copy_matrix_cc_to_gmEPsPihttjth11QuantMode_thbb] -> 0xffff9e64dc24
npuchk: [_ZN6npuchk20copy_matrix_cc_to_gmEPaPimm] -> 0xffff9e64e15c
npuchk: [_ZN6npuchk20copy_matrix_cc_to_gmEPaPihttjthh11QuantMode_thbbb] -> (nil)
npuchk: [_ZN6npuchk20copy_matrix_cc_to_gmEPaPihttjthh11QuantMode_thbb14QuantMode_posthbhhb] -> (nil)
npuchk: [_ZN6npuchk20copy_matrix_cc_to_gmEPaPihttjth11QuantMode_thbb] -> 0xffff9e64e434
npuchk: [_ZN6npuchk20copy_matrix_cc_to_gmEPhPimm] -> 0xffff9e64e96c
npuchk: [_ZN6npuchk20copy_matrix_cc_to_gmEPhPihttjthh11QuantMode_thbbb] -> (nil)
npuchk: [_ZN6npuchk20copy_matrix_cc_to_gmEPhPihttjthh11QuantMode_thbb14QuantMode_posthbhhb] -> (nil)
npuchk: [_ZN6npuchk20copy_matrix_cc_to_gmEPhPihttjth11QuantMode_thbb] -> 0xffff9e64ec44
npuchk: [_ZN6npuchk20copy_matrix_cc_to_gmEPiS0_httjthh11QuantMode_thbbb] -> (nil)
npuchk: [_ZN6npuchk20copy_matrix_cc_to_gmEPiS0_httjthh11QuantMode_thbb14QuantMode_posthbhhb] -> (nil)
npuchk: [_ZN6npuchk20copy_matrix_cc_to_gmEPiS0_httjth11QuantMode_thbb] -> 0xffff9e64f17c
npuchk: [_ZN6npuchk20copy_matrix_cc_to_gmEPN8bfloat165Bf16TEPfhttjth11QuantMode_thbb] -> 0xffff9e64f6b4
npuchk: [_ZN6npuchk20copy_matrix_cc_to_gmEPN8bfloat165Bf16TEPfhttjthh11QuantMode_thbbb] -> (nil)
npuchk: [_ZN6npuchk23copy_matrix_cc_to_gm_b4EPvPfmm] -> 0xffff9e64fbe8
npuchk: [_ZN6npuchk23copy_matrix_cc_to_gm_b4EPvPfhttjth11QuantMode_thbb] -> 0xffff9e64febc
npuchk: [_ZN6npuchk23copy_matrix_cc_to_gm_b4EPvPimm] -> 0xffff9e6503f0
npuchk: [_ZN6npuchk23copy_matrix_cc_to_gm_b4EPvPihttjth11QuantMode_thbb] -> 0xffff9e6506c8
npuchk: [_ZN6npuchk25copy_matrix_cc_to_gm_bf16EPtPfmm] -> (nil)
npuchk: [_ZN6npuchk25copy_matrix_cc_to_gm_bf16EPtPfhttjthh11QuantMode_thbbb] -> (nil)
npuchk: [_ZN6npuchk25copy_matrix_cc_to_gm_bf16EPtPfhttjthh11QuantMode_thbb14QuantMode_posthbhhb] -> (nil)
npuchk: [_ZN6npuchk25copy_matrix_cc_to_gm_bf16EPtPfhttjth11QuantMode_thbb] -> (nil)
npuchk: [_ZN6npuchk23copy_matrix_cc_to_gm_s4EPvPfmm] -> (nil)
npuchk: [_ZN6npuchk23copy_matrix_cc_to_gm_s4EPvPfhttjthh11QuantMode_thbbb] -> (nil)
npuchk: [_ZN6npuchk23copy_matrix_cc_to_gm_s4EPvPfhttjthh11QuantMode_thbb14QuantMode_posthbhhb] -> (nil)
npuchk: [_ZN6npuchk23copy_matrix_cc_to_gm_s4EPvPimm] -> (nil)
npuchk: [_ZN6npuchk23copy_matrix_cc_to_gm_s4EPvPihttjthh11QuantMode_thbbb] -> (nil)
npuchk: [_ZN6npuchk23copy_matrix_cc_to_gm_s4EPvPihttjthh11QuantMode_thbb14QuantMode_posthbhhb] -> (nil)
npuchk: [_ZN6npuchk20copy_matrix_cc_to_ubEPN7float165Fp16TEPfmm] -> (nil)
npuchk: [_ZN6npuchk20copy_matrix_cc_to_ubEPN7float165Fp16TEPfhttjthh11QuantMode_thbbb] -> (nil)
npuchk: [_ZN6npuchk20copy_matrix_cc_to_ubEPN8bfloat165Bf16TEPfhttjthh11QuantMode_thbbb] -> (nil)
npuchk: [_ZN6npuchk20copy_matrix_cc_to_ubEPN7float165Fp16TEPfhttjthh11QuantMode_thbb14QuantMode_posthbhhb] -> (nil)
npuchk: [_ZN6npuchk20copy_matrix_cc_to_ubEPaPfmm] -> (nil)
npuchk: [_ZN6npuchk20copy_matrix_cc_to_ubEPaPfhttjthh11QuantMode_thbbb] -> (nil)
npuchk: [_ZN6npuchk20copy_matrix_cc_to_ubEPaPfhttjthh11QuantMode_thbb14QuantMode_posthbhhb] -> (nil)
npuchk: [_ZN6npuchk20copy_matrix_cc_to_ubEPhPfmm] -> (nil)
npuchk: [_ZN6npuchk20copy_matrix_cc_to_ubEPhPfhttjthh11QuantMode_thbbb] -> (nil)
npuchk: [_ZN6npuchk20copy_matrix_cc_to_ubEPhPfhttjthh11QuantMode_thbb14QuantMode_posthbhhb] -> (nil)
npuchk: [_ZN6npuchk20copy_matrix_cc_to_ubEPfS0_mm] -> (nil)
npuchk: [_ZN6npuchk20copy_matrix_cc_to_ubEPfS0_httjthh11QuantMode_thbbb] -> (nil)
npuchk: [_ZN6npuchk20copy_matrix_cc_to_ubEPfS0_httjthh11QuantMode_thbb14QuantMode_posthbhhb] -> (nil)
npuchk: [_ZN6npuchk20copy_matrix_cc_to_ubEPN7float165Fp16TEPimm] -> (nil)
npuchk: [_ZN6npuchk20copy_matrix_cc_to_ubEPN7float165Fp16TEPihttjthh11QuantMode_thbbb] -> (nil)
npuchk: [_ZN6npuchk20copy_matrix_cc_to_ubEPN7float165Fp16TEPihttjthh11QuantMode_thbb14QuantMode_posthbhhb] -> (nil)
npuchk: [_ZN6npuchk20copy_matrix_cc_to_ubEPaPimm] -> (nil)
npuchk: [_ZN6npuchk20copy_matrix_cc_to_ubEPaPihttjthh11QuantMode_thbbb] -> (nil)
npuchk: [_ZN6npuchk20copy_matrix_cc_to_ubEPaPihttjthh11QuantMode_thbb14QuantMode_posthbhhb] -> (nil)
npuchk: [_ZN6npuchk20copy_matrix_cc_to_ubEPhPimm] -> (nil)
npuchk: [_ZN6npuchk20copy_matrix_cc_to_ubEPhPihttjthh11QuantMode_thbbb] -> (nil)
npuchk: [_ZN6npuchk20copy_matrix_cc_to_ubEPhPihttjthh11QuantMode_thbb14QuantMode_posthbhhb] -> (nil)
npuchk: [_ZN6npuchk20copy_matrix_cc_to_ubEPiS0_mm] -> (nil)
npuchk: [_ZN6npuchk20copy_matrix_cc_to_ubEPiS0_httjthh11QuantMode_thbbb] -> (nil)
npuchk: [_ZN6npuchk20copy_matrix_cc_to_ubEPiS0_httjthh11QuantMode_thbb14QuantMode_posthbhhb] -> (nil)
npuchk: [_ZN6npuchk25copy_matrix_cc_to_ub_bf16EPtPfmm] -> (nil)
npuchk: [_ZN6npuchk25copy_matrix_cc_to_ub_bf16EPtPfhttjthh11QuantMode_thbbb] -> (nil)
npuchk: [_ZN6npuchk25copy_matrix_cc_to_ub_bf16EPtPfhttjthh11QuantMode_thbb14QuantMode_posthbhhb] -> (nil)
npuchk: [_ZN6npuchk23copy_matrix_cc_to_ub_s4EPvPfmm] -> (nil)
npuchk: [_ZN6npuchk23copy_matrix_cc_to_ub_s4EPvPfhttjthh11QuantMode_thbbb] -> (nil)
npuchk: [_ZN6npuchk23copy_matrix_cc_to_ub_s4EPvPfhttjthh11QuantMode_thbb14QuantMode_posthbhhb] -> (nil)
npuchk: [_ZN6npuchk23copy_matrix_cc_to_ub_s4EPvPimm] -> (nil)
npuchk: [_ZN6npuchk23copy_matrix_cc_to_ub_s4EPvPihttjthh11QuantMode_thbbb] -> (nil)
npuchk: [_ZN6npuchk23copy_matrix_cc_to_ub_s4EPvPihttjthh11QuantMode_thbb14QuantMode_posthbhhb] -> (nil)
npuchk: [_ZN6npuchk22copy_matrix_cc_to_ubufEPN7float165Fp16TES2_m10ConvRelu_t] -> 0xffff9e737fa8
npuchk: [_ZN6npuchk22copy_matrix_cc_to_ubufEPN7float165Fp16TES2_htttt10ConvRelu_t] -> 0xffff9e7382cc
npuchk: [_ZN6npuchk22copy_matrix_cc_to_ubufEPN7float165Fp16TEPfm10ConvRelu_t] -> 0xffff9e73871c
npuchk: [_ZN6npuchk22copy_matrix_cc_to_ubufEPN7float165Fp16TEPfhtttt10ConvRelu_t] -> 0xffff9e738a40
npuchk: [_ZN6npuchk22copy_matrix_cc_to_ubufEPfS0_m10ConvRelu_t] -> 0xffff9e738e90
npuchk: [_ZN6npuchk22copy_matrix_cc_to_ubufEPfS0_htttt10ConvRelu_t] -> 0xffff9e7391b4
npuchk: [_ZN6npuchk22copy_matrix_cc_to_ubufEPN7float165Fp16TEPim10ConvRelu_t] -> 0xffff9e739604
npuchk: [_ZN6npuchk22copy_matrix_cc_to_ubufEPN7float165Fp16TEPihtttt10ConvRelu_t] -> 0xffff9e739928
npuchk: [_ZN6npuchk22copy_matrix_cc_to_ubufEPsPim10ConvRelu_t] -> 0xffff9e739d78
npuchk: [_ZN6npuchk22copy_matrix_cc_to_ubufEPsPihtttt10ConvRelu_t] -> 0xffff9e73a09c
npuchk: [_ZN6npuchk22copy_matrix_cc_to_ubufEPiS0_m10ConvRelu_t] -> 0xffff9e73a4ec
npuchk: [_ZN6npuchk22copy_matrix_cc_to_ubufEPiS0_htttt10ConvRelu_t] -> 0xffff9e73a810
npuchk: [_ZN6npuchk22copy_matrix_cc_to_ubufEPaPim10ConvRelu_t] -> 0xffff9e73ac60
npuchk: [_ZN6npuchk22copy_matrix_cc_to_ubufEPaPihtttt10ConvRelu_t] -> 0xffff9e73af84
npuchk: [_ZN6npuchk22copy_matrix_cc_to_ubufEPjS0_m10ConvRelu_t] -> 0xffff9e73b3d4
npuchk: [_ZN6npuchk22copy_matrix_cc_to_ubufEPjS0_htttt10ConvRelu_t] -> 0xffff9e73b6f8
npuchk: [_ZN6npuchk22copy_matrix_cc_to_ubufEPhPim10ConvRelu_t] -> 0xffff9e73bb48
npuchk: [_ZN6npuchk22copy_matrix_cc_to_ubufEPhPihtttt10ConvRelu_t] -> 0xffff9e73be6c
npuchk: [_ZN6npuchk22copy_matrix_ubuf_to_ccEPN7float165Fp16TES2_m10ConvRelu_t] -> 0xffff9e73c2bc
npuchk: [_ZN6npuchk22copy_matrix_ubuf_to_ccEPN7float165Fp16TES2_htttt10ConvRelu_t] -> 0xffff9e73c5e0
npuchk: [_ZN6npuchk22copy_matrix_ubuf_to_ccEPfS0_m10ConvRelu_t] -> 0xffff9e73ca30
npuchk: [_ZN6npuchk22copy_matrix_ubuf_to_ccEPfS0_htttt10ConvRelu_t] -> 0xffff9e73cd54
npuchk: [_ZN6npuchk22copy_matrix_ubuf_to_ccEPfPN7float165Fp16TEm10ConvRelu_t] -> 0xffff9e73d1a4
npuchk: [_ZN6npuchk22copy_matrix_ubuf_to_ccEPfPN7float165Fp16TEhtttt10ConvRelu_t] -> 0xffff9e73d4c8
npuchk: [_ZN6npuchk22copy_matrix_ubuf_to_ccEPiS0_m10ConvRelu_t] -> 0xffff9e73d918
npuchk: [_ZN6npuchk22copy_matrix_ubuf_to_ccEPiS0_htttt10ConvRelu_t] -> 0xffff9e73dc3c
npuchk: [_ZN6npuchk22copy_matrix_ubuf_to_ccEPjS0_m10ConvRelu_t] -> 0xffff9e73e08c
npuchk: [_ZN6npuchk22copy_matrix_ubuf_to_ccEPjS0_htttt10ConvRelu_t] -> 0xffff9e73e3b0
npuchk: [_ZN6npuchk28copy_small_matrix_cc_to_ubufEPN7float165Fp16TEPim10ConvRelu_t] -> (nil)
npuchk: [_ZN6npuchk28copy_small_matrix_cc_to_ubufEPN7float165Fp16TEPihtttt10ConvRelu_t] -> (nil)
npuchk: [_ZN6npuchk28copy_small_matrix_cc_to_ubufEPsPim10ConvRelu_t] -> (nil)
npuchk: [_ZN6npuchk28copy_small_matrix_cc_to_ubufEPsPihtttt10ConvRelu_t] -> (nil)
npuchk: [_ZN6npuchk28copy_small_matrix_cc_to_ubufEPiS0_m10ConvRelu_t] -> (nil)
npuchk: [_ZN6npuchk28copy_small_matrix_cc_to_ubufEPiS0_htttt10ConvRelu_t] -> (nil)
npuchk: [_ZN6npuchk28copy_small_matrix_cc_to_ubufEPaPim10ConvRelu_t] -> (nil)
npuchk: [_ZN6npuchk28copy_small_matrix_cc_to_ubufEPaPihtttt10ConvRelu_t] -> (nil)
npuchk: [_ZN6npuchk28copy_small_matrix_cc_to_ubufEPjS0_m10ConvRelu_t] -> (nil)
npuchk: [_ZN6npuchk28copy_small_matrix_cc_to_ubufEPjS0_htttt10ConvRelu_t] -> (nil)
npuchk: [_ZN6npuchk28copy_small_matrix_cc_to_ubufEPhPim10ConvRelu_t] -> (nil)
npuchk: [_ZN6npuchk28copy_small_matrix_cc_to_ubufEPhPihtttt10ConvRelu_t] -> (nil)
npuchk: [_ZN6npuchk28copy_small_matrix_ubuf_to_ccEPiS0_m10ConvRelu_t] -> (nil)
npuchk: [_ZN6npuchk28copy_small_matrix_ubuf_to_ccEPiS0_htttt10ConvRelu_t] -> (nil)
npuchk: [_ZN6npuchk28copy_small_matrix_ubuf_to_ccEPjS0_m10ConvRelu_t] -> (nil)
npuchk: [_ZN6npuchk28copy_small_matrix_ubuf_to_ccEPjS0_htttt10ConvRelu_t] -> (nil)
npuchk: [_ZN6npuchk17copy_ubuf_to_cbufEPvS0_m] -> 0xffff9e73e800
npuchk: [_ZN6npuchk17copy_ubuf_to_cbufEPvS0_htttt] -> 0xffff9e73ea84
npuchk: [_ZN6npuchk17copy_ubuf_to_fbufEPvS0_m] -> (nil)
npuchk: [_ZN6npuchk17copy_ubuf_to_fbufEPvS0_9CvtMode_ttttt] -> (nil)
npuchk: [_ZN6npuchk15copy_ubuf_to_gmEPvS0_m] -> 0xffff9e69abac
npuchk: [_ZN6npuchk15copy_ubuf_to_gmEPvS0_m4bm_t] -> 0xffff9e69ae34
npuchk: [_ZN6npuchk15copy_ubuf_to_gmEPvS0_htttt4bm_t] -> 0xffff9e69b128
npuchk: [_ZN6npuchk15copy_ubuf_to_gmEPvS0_htttt] -> 0xffff9e69b548
npuchk: [_ZN6npuchk25copy_ubuf_to_gm_align_b16EPvS0_mm] -> 0xffff9e69b8fc
npuchk: [_ZN6npuchk25copy_ubuf_to_gm_align_b16EPvS0_htjhhjj] -> 0xffff9e69bbdc
npuchk: [_ZN6npuchk25copy_ubuf_to_gm_align_b32EPvS0_mm] -> 0xffff9e69c044
npuchk: [_ZN6npuchk25copy_ubuf_to_gm_align_b32EPvS0_htjhhjj] -> 0xffff9e69c324
npuchk: [_ZN6npuchk24copy_ubuf_to_gm_align_b8EPvS0_mm] -> 0xffff9e69c78c
npuchk: [_ZN6npuchk24copy_ubuf_to_gm_align_b8EPvS0_htjhhjj] -> 0xffff9e69ca68
npuchk: [_ZN6npuchk21copy_ubuf_to_gm_alignEPaS0_htjjj] -> (nil)
npuchk: [_ZN6npuchk21copy_ubuf_to_gm_alignEPhS0_htjjj] -> (nil)
npuchk: [_ZN6npuchk21copy_ubuf_to_gm_alignEPsS0_htjjj] -> (nil)
npuchk: [_ZN6npuchk21copy_ubuf_to_gm_alignEPtS0_htjjj] -> (nil)
npuchk: [_ZN6npuchk21copy_ubuf_to_gm_alignEPN7float165Fp16TES2_htjjj] -> (nil)
npuchk: [_ZN6npuchk21copy_ubuf_to_gm_alignEPiS0_htjjj] -> (nil)
npuchk: [_ZN6npuchk21copy_ubuf_to_gm_alignEPjS0_htjjj] -> (nil)
npuchk: [_ZN6npuchk21copy_ubuf_to_gm_alignEPfS0_htjjj] -> (nil)
npuchk: [_ZN6npuchk23copy_ubuf_to_gm_pad_b16EPvS0_mm] -> (nil)
npuchk: [_ZN6npuchk23copy_ubuf_to_gm_pad_b16EPvS0_htttthh] -> (nil)
npuchk: [_ZN6npuchk23copy_ubuf_to_gm_pad_b32EPvS0_mm] -> (nil)
npuchk: [_ZN6npuchk23copy_ubuf_to_gm_pad_b32EPvS0_htttthh] -> (nil)
npuchk: [_ZN6npuchk22copy_ubuf_to_gm_pad_b8EPvS0_mm] -> (nil)
npuchk: [_ZN6npuchk22copy_ubuf_to_gm_pad_b8EPvS0_htttthh] -> (nil)
npuchk: [_ZN6npuchk17copy_ubuf_to_ubufEPvS0_m] -> 0xffff9e69cecc
npuchk: [_ZN6npuchk17copy_ubuf_to_ubufEPvS0_htttt] -> 0xffff9e69d154
npuchk: [_ZN6npuchk22copy_vector_cc_to_ubufEPN7float165Fp16TES2_m10ConvRelu_t] -> 0xffff9e73ee34
npuchk: [_ZN6npuchk22copy_vector_cc_to_ubufEPN7float165Fp16TES2_htttt10ConvRelu_t] -> 0xffff9e73f15c
npuchk: [_ZN6npuchk22copy_vector_cc_to_ubufEPN7float165Fp16TEPfm10ConvRelu_t] -> 0xffff9e73f5b0
npuchk: [_ZN6npuchk22copy_vector_cc_to_ubufEPN7float165Fp16TEPfhtttt10ConvRelu_t] -> 0xffff9e73f8d8
npuchk: [_ZN6npuchk22copy_vector_cc_to_ubufEPfS0_m10ConvRelu_t] -> 0xffff9e73fd2c
npuchk: [_ZN6npuchk22copy_vector_cc_to_ubufEPfS0_htttt10ConvRelu_t] -> 0xffff9e740054
npuchk: [_ZN6npuchk22copy_vector_cc_to_ubufEPN7float165Fp16TEPim10ConvRelu_t] -> 0xffff9e7404a8
npuchk: [_ZN6npuchk22copy_vector_cc_to_ubufEPN7float165Fp16TEPihtttt10ConvRelu_t] -> 0xffff9e7407d0
npuchk: [_ZN6npuchk22copy_vector_cc_to_ubufEPsPim10ConvRelu_t] -> 0xffff9e740c24
npuchk: [_ZN6npuchk22copy_vector_cc_to_ubufEPsPihtttt10ConvRelu_t] -> 0xffff9e740f4c
npuchk: [_ZN6npuchk22copy_vector_cc_to_ubufEPiS0_m10ConvRelu_t] -> 0xffff9e7413a0
npuchk: [_ZN6npuchk22copy_vector_cc_to_ubufEPiS0_htttt10ConvRelu_t] -> 0xffff9e7416c8
npuchk: [_ZN6npuchk22copy_vector_cc_to_ubufEPaPim10ConvRelu_t] -> 0xffff9e741b1c
npuchk: [_ZN6npuchk22copy_vector_cc_to_ubufEPaPihtttt10ConvRelu_t] -> 0xffff9e741e44
npuchk: [_ZN6npuchk22copy_vector_cc_to_ubufEPjS0_m10ConvRelu_t] -> 0xffff9e742298
npuchk: [_ZN6npuchk22copy_vector_cc_to_ubufEPjS0_htttt10ConvRelu_t] -> 0xffff9e7425c0
npuchk: [_ZN6npuchk22copy_vector_cc_to_ubufEPhPim10ConvRelu_t] -> 0xffff9e742a14
npuchk: [_ZN6npuchk22copy_vector_cc_to_ubufEPhPihtttt10ConvRelu_t] -> 0xffff9e742d3c
npuchk: [_ZN6npuchk22copy_vector_ubuf_to_ccEPN7float165Fp16TES2_m10ConvRelu_t] -> 0xffff9e743190
npuchk: [_ZN6npuchk22copy_vector_ubuf_to_ccEPN7float165Fp16TES2_htttt10ConvRelu_t] -> 0xffff9e7434b4
npuchk: [_ZN6npuchk22copy_vector_ubuf_to_ccEPfS0_m10ConvRelu_t] -> 0xffff9e743904
npuchk: [_ZN6npuchk22copy_vector_ubuf_to_ccEPfS0_htttt10ConvRelu_t] -> 0xffff9e743c28
npuchk: [_ZN6npuchk22copy_vector_ubuf_to_ccEPfPN7float165Fp16TEm10ConvRelu_t] -> 0xffff9e744078
npuchk: [_ZN6npuchk22copy_vector_ubuf_to_ccEPfPN7float165Fp16TEhtttt10ConvRelu_t] -> 0xffff9e74439c
npuchk: [_ZN6npuchk22copy_vector_ubuf_to_ccEPiS0_m10ConvRelu_t] -> 0xffff9e7447ec
npuchk: [_ZN6npuchk22copy_vector_ubuf_to_ccEPiS0_htttt10ConvRelu_t] -> 0xffff9e744b10
npuchk: [_ZN6npuchk22copy_vector_ubuf_to_ccEPjS0_m10ConvRelu_t] -> 0xffff9e744f60
npuchk: [_ZN6npuchk22copy_vector_ubuf_to_ccEPjS0_htttt10ConvRelu_t] -> 0xffff9e745284
npuchk: [_ZN6npuchk16create_ca_matrixEPvlN7float165Fp16TE] -> 0xffff9e7456d4
npuchk: [_ZN6npuchk16create_ca_matrixEPN7float165Fp16TElS1_] -> 0xffff9e650c00
npuchk: [_ZN6npuchk16create_ca_matrixEPslN7float165Fp16TE] -> 0xffff9e650dd0
npuchk: [_ZN6npuchk16create_ca_matrixEPtlN7float165Fp16TE] -> 0xffff9e650fa0
npuchk: [_ZN6npuchk16create_ca_matrixEPN7float165Fp16TElj] -> 0xffff9e651170
npuchk: [_ZN6npuchk16create_ca_matrixEPflj] -> 0xffff9e651334
npuchk: [_ZN6npuchk16create_ca_matrixEPflN7float165Fp16TE] -> 0xffff9e6514fc
npuchk: [_ZN6npuchk16create_ca_matrixEPslj] -> 0xffff9e6516d0
npuchk: [_ZN6npuchk16create_ca_matrixEPilj] -> 0xffff9e651894
npuchk: [_ZN6npuchk16create_ca_matrixEPilN7float165Fp16TE] -> 0xffff9e651a5c
npuchk: [_ZN6npuchk16create_ca_matrixEPtlj] -> 0xffff9e651c30
npuchk: [_ZN6npuchk16create_ca_matrixEPjlj] -> 0xffff9e651df4
npuchk: [_ZN6npuchk16create_ca_matrixEPjlN7float165Fp16TE] -> 0xffff9e651fbc
npuchk: [_ZN6npuchk21create_ca_matrix_bf16EPN8bfloat165Bf16TElS1_] -> (nil)
npuchk: [_ZN6npuchk16create_cb_matrixEPvlN7float165Fp16TE] -> 0xffff9e7458a4
npuchk: [_ZN6npuchk16create_cb_matrixEPN7float165Fp16TElS1_] -> 0xffff9e652190
npuchk: [_ZN6npuchk16create_cb_matrixEPslN7float165Fp16TE] -> 0xffff9e652364
npuchk: [_ZN6npuchk16create_cb_matrixEPtlN7float165Fp16TE] -> 0xffff9e652538
npuchk: [_ZN6npuchk16create_cb_matrixEPN7float165Fp16TElj] -> 0xffff9e65270c
npuchk: [_ZN6npuchk16create_cb_matrixEPflj] -> 0xffff9e6528d4
npuchk: [_ZN6npuchk16create_cb_matrixEPflN7float165Fp16TE] -> 0xffff9e652a9c
npuchk: [_ZN6npuchk16create_cb_matrixEPslj] -> 0xffff9e652c70
npuchk: [_ZN6npuchk16create_cb_matrixEPilj] -> 0xffff9e652e38
npuchk: [_ZN6npuchk16create_cb_matrixEPilN7float165Fp16TE] -> 0xffff9e653000
npuchk: [_ZN6npuchk16create_cb_matrixEPtlj] -> 0xffff9e6531d4
npuchk: [_ZN6npuchk16create_cb_matrixEPjlj] -> 0xffff9e65339c
npuchk: [_ZN6npuchk16create_cb_matrixEPjlN7float165Fp16TE] -> 0xffff9e653564
npuchk: [_ZN6npuchk21create_cb_matrix_bf16EPN8bfloat165Bf16TElS1_] -> (nil)
npuchk: [_ZN6npuchk18create_cbuf_matrixEPvlN7float165Fp16TE] -> 0xffff9e745a78
npuchk: [_ZN6npuchk18create_cbuf_matrixEPN7float165Fp16TElS1_] -> 0xffff9e653738
npuchk: [_ZN6npuchk18create_cbuf_matrixEPslN7float165Fp16TE] -> 0xffff9e65390c
npuchk: [_ZN6npuchk18create_cbuf_matrixEPtlN7float165Fp16TE] -> 0xffff9e653ae0
npuchk: [_ZN6npuchk18create_cbuf_matrixEPN7float165Fp16TElj] -> 0xffff9e653cb4
npuchk: [_ZN6npuchk18create_cbuf_matrixEPflj] -> 0xffff9e653e7c
npuchk: [_ZN6npuchk18create_cbuf_matrixEPflN7float165Fp16TE] -> 0xffff9e654044
npuchk: [_ZN6npuchk18create_cbuf_matrixEPslj] -> 0xffff9e654218
npuchk: [_ZN6npuchk18create_cbuf_matrixEPilj] -> 0xffff9e6543e0
npuchk: [_ZN6npuchk18create_cbuf_matrixEPilN7float165Fp16TE] -> 0xffff9e6545a8
npuchk: [_ZN6npuchk18create_cbuf_matrixEPtlj] -> 0xffff9e65477c
npuchk: [_ZN6npuchk18create_cbuf_matrixEPjlj] -> 0xffff9e654944
npuchk: [_ZN6npuchk18create_cbuf_matrixEPjlN7float165Fp16TE] -> 0xffff9e654b0c
npuchk: [_ZN6npuchk23create_cbuf_matrix_bf16EPN8bfloat165Bf16TElS1_] -> (nil)
npuchk: [_ZN6npuchk10dc_preloadEPms] -> 0xffff9e654ce0
npuchk: [_ZN6npuchk10dc_preloadEPml] -> 0xffff9e654f04
npuchk: [_ZN6npuchk4dcciEPvm] -> 0xffff9e655128
npuchk: [_ZN6npuchk4dcciEPvmm] -> 0xffff9e655348
npuchk: [_ZN6npuchk21decompress_gm_to_cbufEPhS0_l] -> 0xffff9e745c4c
npuchk: [_ZN6npuchk21decompress_gm_to_cbufEPhS0_tbhh] -> 0xffff9e745ecc
npuchk: [_ZN6npuchk21decompress_gm_to_cbufEPN7float165Fp16TES2_l] -> 0xffff9e74623c
npuchk: [_ZN6npuchk21decompress_gm_to_cbufEPN7float165Fp16TES2_tbhh] -> 0xffff9e7464bc
npuchk: [_ZN6npuchk19decompress_gm_to_ubEPhS0_l] -> 0xffff9e74682c
npuchk: [_ZN6npuchk19decompress_gm_to_ubEPhS0_tbhh] -> 0xffff9e746aa8
npuchk: [_ZN6npuchk19decompress_gm_to_ubEPN7float165Fp16TES2_l] -> 0xffff9e746e14
npuchk: [_ZN6npuchk19decompress_gm_to_ubEPN7float165Fp16TES2_tbhh] -> 0xffff9e747094
npuchk: [_ZN6npuchk14depthwise_convEPN7float165Fp16TES2_S2_mb] -> 0xffff9e747404
npuchk: [_ZN6npuchk14depthwise_convEPN7float165Fp16TES2_S2_tthhhhb] -> 0xffff9e747740
npuchk: [_ZN6npuchk14depthwise_convEPfPN7float165Fp16TES3_mb] -> 0xffff9e747c0c
npuchk: [_ZN6npuchk14depthwise_convEPfPN7float165Fp16TES3_tthhhhb] -> 0xffff9e747f48
npuchk: [_ZN6npuchk14depthwise_convEPiPaS1_mb] -> 0xffff9e748414
npuchk: [_ZN6npuchk14depthwise_convEPiPaS1_ttahhhb] -> 0xffff9e748750
npuchk: [_ZN6npuchk14depthwise_convEPiPhS1_mb] -> 0xffff9e748c1c
npuchk: [_ZN6npuchk14depthwise_convEPiPhS1_tthhhhb] -> 0xffff9e748f58
npuchk: [_ZN6npuchk14depthwise_convEPiPhPamb] -> 0xffff9e749424
npuchk: [_ZN6npuchk14depthwise_convEPiPhPatthhhhb] -> 0xffff9e749760
npuchk: [_ZN6npuchk17depthwise_conv_v2EPN7float165Fp16TES2_S2_m] -> (nil)
npuchk: [_ZN6npuchk17depthwise_conv_v2EPN7float165Fp16TES2_S2_tthhhthbbh] -> (nil)
npuchk: [_ZN6npuchk17depthwise_conv_v2EPfPN7float165Fp16TES3_m] -> (nil)
npuchk: [_ZN6npuchk17depthwise_conv_v2EPfPN7float165Fp16TES3_tthhhthbbh] -> (nil)
npuchk: [_ZN6npuchk17depthwise_conv_v2EPiPaS1_m] -> (nil)
npuchk: [_ZN6npuchk17depthwise_conv_v2EPiPaS1_tthhhthbbh] -> (nil)
npuchk: [_ZN6npuchk17depthwise_conv_v2EPiPhS1_m] -> (nil)
npuchk: [_ZN6npuchk17depthwise_conv_v2EPiPhS1_tthhhthbbh] -> (nil)
npuchk: [_ZN6npuchk17depthwise_conv_v2EPiPhPam] -> (nil)
npuchk: [_ZN6npuchk17depthwise_conv_v2EPiPhPatthhhthbbh] -> (nil)
npuchk: [_ZN6npuchk3dsbE9mem_dsb_t] -> 0xffff9e6555ac
npuchk: [_ZN6npuchk22fake_overflow_status_1Ev] -> (nil)
npuchk: [_ZN6npuchk22fake_overflow_status_2Ev] -> (nil)
npuchk: [_ZN6npuchk20ffts_cross_core_syncE6pipe_tm] -> 0xffff9e655780
npuchk: [_ZN6npuchk5fifr1EPsS0_mm] -> (nil)
npuchk: [_ZN6npuchk5fifr1EPsS0_mm4bm_t] -> (nil)
npuchk: [_ZN6npuchk5fifr1EPsS0_8w_size_thhhaaaaaaaaaahh4bm_t] -> (nil)
npuchk: [_ZN6npuchk5fifr1EPsS0_8w_size_thhhaaaaaaaaaahh] -> (nil)
npuchk: [_ZN6npuchk5fifr1EPsPamm] -> (nil)
npuchk: [_ZN6npuchk5fifr1EPsPamm4bm_t] -> (nil)
npuchk: [_ZN6npuchk5fifr1EPsPa8w_size_thhhaaaaaaaaaahh4bm_t] -> (nil)
npuchk: [_ZN6npuchk5fifr1EPsPa8w_size_thhhaaaaaaaaaahh] -> (nil)
npuchk: [_ZN6npuchk5fifr1EPsPtmm] -> (nil)
npuchk: [_ZN6npuchk5fifr1EPsPtmm4bm_t] -> (nil)
npuchk: [_ZN6npuchk5fifr1EPsPt8w_size_thhhaaaaaaaaaahh4bm_t] -> (nil)
npuchk: [_ZN6npuchk5fifr1EPsPt8w_size_thhhaaaaaaaaaahh] -> (nil)
npuchk: [_ZN6npuchk5fifr1EPsPhmm] -> (nil)
npuchk: [_ZN6npuchk5fifr1EPsPhmm4bm_t] -> (nil)
npuchk: [_ZN6npuchk5fifr1EPsPh8w_size_thhhaaaaaaaaaahh4bm_t] -> (nil)
npuchk: [_ZN6npuchk5fifr1EPsPh8w_size_thhhaaaaaaaaaahh] -> (nil)
npuchk: [_ZN6npuchk26fix_depthwisein_cc_to_cbufEPaPimm] -> (nil)
npuchk: [_ZN6npuchk26fix_depthwisein_cc_to_cbufEPaPi11unit_flag_thtttt13ConvReluFix_tb6Relu_tbS4_6Pool_t5Req_t10DualMode_ttt] -> (nil)
npuchk: [_ZN6npuchk26fix_depthwisein_cc_to_cbufEPhPimm] -> (nil)
npuchk: [_ZN6npuchk26fix_depthwisein_cc_to_cbufEPhPi11unit_flag_thtttt13ConvReluFix_tb6Relu_tbS4_6Pool_t5Req_t10DualMode_ttt] -> (nil)
npuchk: [_ZN6npuchk26fix_depthwisein_cc_to_ubufEPaPimm] -> (nil)
npuchk: [_ZN6npuchk26fix_depthwisein_cc_to_ubufEPaPi11unit_flag_thtttt13ConvReluFix_tb6Relu_tbS4_6Pool_t5Req_t10DualMode_ttt] -> (nil)
npuchk: [_ZN6npuchk26fix_depthwisein_cc_to_ubufEPhPimm] -> (nil)
npuchk: [_ZN6npuchk26fix_depthwisein_cc_to_ubufEPhPi11unit_flag_thtttt13ConvReluFix_tb6Relu_tbS4_6Pool_t5Req_t10DualMode_ttt] -> (nil)
npuchk: [_ZN6npuchk27fix_depthwiseout_cc_to_cbufEPaPimm] -> (nil)
npuchk: [_ZN6npuchk27fix_depthwiseout_cc_to_cbufEPaPi11unit_flag_thtttt13ConvReluFix_tb6Relu_tbS4_6Pool_t5Req_t10DualMode_ttt] -> (nil)
npuchk: [_ZN6npuchk27fix_depthwiseout_cc_to_cbufEPhPimm] -> (nil)
npuchk: [_ZN6npuchk27fix_depthwiseout_cc_to_cbufEPhPi11unit_flag_thtttt13ConvReluFix_tb6Relu_tbS4_6Pool_t5Req_t10DualMode_ttt] -> (nil)
npuchk: [_ZN6npuchk21fix_matrix_cc_to_cbufEPN7float165Fp16TES2_mm] -> (nil)
npuchk: [_ZN6npuchk21fix_matrix_cc_to_cbufEPaPN7float165Fp16TEmm] -> (nil)
npuchk: [_ZN6npuchk21fix_matrix_cc_to_cbufEPaPN7float165Fp16TE11unit_flag_thtttt13ConvReluFix_tb6Relu_tbS6_6Pool_t5Req_t10DualMode_ttt] -> (nil)
npuchk: [_ZN6npuchk21fix_matrix_cc_to_cbufEPhPN7float165Fp16TEmm] -> (nil)
npuchk: [_ZN6npuchk21fix_matrix_cc_to_cbufEPhPN7float165Fp16TE11unit_flag_thtttt13ConvReluFix_tb6Relu_tbS6_6Pool_t5Req_t10DualMode_ttt] -> (nil)
npuchk: [_ZN6npuchk21fix_matrix_cc_to_cbufEPN7float165Fp16TES2_11unit_flag_thtttt13ConvReluFix_tb6Relu_tbS5_6Pool_t5Req_t10DualMode_ttt] -> (nil)
npuchk: [_ZN6npuchk21fix_matrix_cc_to_cbufEPiS0_mm] -> (nil)
npuchk: [_ZN6npuchk21fix_matrix_cc_to_cbufEPN7float165Fp16TEPimm] -> (nil)
npuchk: [_ZN6npuchk21fix_matrix_cc_to_cbufEPN7float165Fp16TEPi11unit_flag_thtttt13ConvReluFix_tb6Relu_tbS6_6Pool_t5Req_t10DualMode_ttt] -> (nil)
npuchk: [_ZN6npuchk21fix_matrix_cc_to_cbufEPsPimm] -> (nil)
npuchk: [_ZN6npuchk21fix_matrix_cc_to_cbufEPsPi11unit_flag_thtttt13ConvReluFix_tb6Relu_tbS4_6Pool_t5Req_t10DualMode_ttt] -> (nil)
npuchk: [_ZN6npuchk21fix_matrix_cc_to_cbufEPaPimm] -> (nil)
npuchk: [_ZN6npuchk21fix_matrix_cc_to_cbufEPaPi11unit_flag_thtttt13ConvReluFix_tb6Relu_tbS4_6Pool_t5Req_t10DualMode_ttt] -> (nil)
npuchk: [_ZN6npuchk21fix_matrix_cc_to_cbufEPhPimm] -> (nil)
npuchk: [_ZN6npuchk21fix_matrix_cc_to_cbufEPhPi11unit_flag_thtttt13ConvReluFix_tb6Relu_tbS4_6Pool_t5Req_t10DualMode_ttt] -> (nil)
npuchk: [_ZN6npuchk21fix_matrix_cc_to_cbufEPiS0_11unit_flag_thtttt13ConvReluFix_tb6Relu_tbS3_6Pool_t5Req_t10DualMode_ttt] -> (nil)
npuchk: [_ZN6npuchk21fix_matrix_cc_to_ubufEPN7float165Fp16TES2_mm] -> (nil)
npuchk: [_ZN6npuchk21fix_matrix_cc_to_ubufEPN7float165Fp16TES2_11unit_flag_thtttt13ConvReluFix_tb6Relu_tbS5_6Pool_t5Req_t10DualMode_ttt] -> (nil)
npuchk: [_ZN6npuchk21fix_matrix_cc_to_ubufEPN7float165Fp16TEPimm] -> (nil)
npuchk: [_ZN6npuchk21fix_matrix_cc_to_ubufEPN7float165Fp16TEPi11unit_flag_thtttt13ConvReluFix_tb6Relu_tbS6_6Pool_t5Req_t10DualMode_ttt] -> (nil)
npuchk: [_ZN6npuchk21fix_matrix_cc_to_ubufEPsPimm] -> (nil)
npuchk: [_ZN6npuchk21fix_matrix_cc_to_ubufEPsPi11unit_flag_thtttt13ConvReluFix_tb6Relu_tbS4_6Pool_t5Req_t10DualMode_ttt] -> (nil)
npuchk: [_ZN6npuchk21fix_matrix_cc_to_ubufEPiS0_mm] -> (nil)
npuchk: [_ZN6npuchk21fix_matrix_cc_to_ubufEPiS0_11unit_flag_thtttt13ConvReluFix_tb6Relu_tbS3_6Pool_t5Req_t10DualMode_ttt] -> (nil)
npuchk: [_ZN6npuchk21fix_matrix_cc_to_ubufEPaPimm] -> (nil)
npuchk: [_ZN6npuchk21fix_matrix_cc_to_ubufEPaPi11unit_flag_thtttt13ConvReluFix_tb6Relu_tbS4_6Pool_t5Req_t10DualMode_ttt] -> (nil)
npuchk: [_ZN6npuchk21fix_matrix_cc_to_ubufEPhPimm] -> (nil)
npuchk: [_ZN6npuchk21fix_matrix_cc_to_ubufEPhPi11unit_flag_thtttt13ConvReluFix_tb6Relu_tbS4_6Pool_t5Req_t10DualMode_ttt] -> (nil)
npuchk: [_ZN6npuchk23fix_winograd_cc_to_cbufEPiS0_mm] -> (nil)
npuchk: [_ZN6npuchk23fix_winograd_cc_to_cbufEPN7float165Fp16TEPimm] -> (nil)
npuchk: [_ZN6npuchk23fix_winograd_cc_to_cbufEPN7float165Fp16TEPi11unit_flag_thtttt13ConvReluFix_tb6Relu_tbS6_6Pool_t5Req_t10DualMode_ttt] -> (nil)
npuchk: [_ZN6npuchk23fix_winograd_cc_to_cbufEPsPimm] -> (nil)
npuchk: [_ZN6npuchk23fix_winograd_cc_to_cbufEPsPi11unit_flag_thtttt13ConvReluFix_tb6Relu_tbS4_6Pool_t5Req_t10DualMode_ttt] -> (nil)
npuchk: [_ZN6npuchk23fix_winograd_cc_to_cbufEPaPimm] -> (nil)
npuchk: [_ZN6npuchk23fix_winograd_cc_to_cbufEPaPi11unit_flag_thtttt13ConvReluFix_tb6Relu_tbS4_6Pool_t5Req_t10DualMode_ttt] -> (nil)
npuchk: [_ZN6npuchk23fix_winograd_cc_to_cbufEPhPimm] -> (nil)
npuchk: [_ZN6npuchk23fix_winograd_cc_to_cbufEPhPi11unit_flag_thtttt13ConvReluFix_tb6Relu_tbS4_6Pool_t5Req_t10DualMode_ttt] -> (nil)
npuchk: [_ZN6npuchk23fix_winograd_cc_to_cbufEPiS0_11unit_flag_thtttt13ConvReluFix_tb6Relu_tbS3_6Pool_t5Req_t10DualMode_ttt] -> (nil)
npuchk: [_ZN6npuchk23fix_winograd_cc_to_ubufEPiS0_mm] -> (nil)
npuchk: [_ZN6npuchk23fix_winograd_cc_to_ubufEPN7float165Fp16TEPimm] -> (nil)
npuchk: [_ZN6npuchk23fix_winograd_cc_to_ubufEPN7float165Fp16TEPi11unit_flag_thtttt13ConvReluFix_tb6Relu_tbS6_6Pool_t5Req_t10DualMode_ttt] -> (nil)
npuchk: [_ZN6npuchk23fix_winograd_cc_to_ubufEPsPimm] -> (nil)
npuchk: [_ZN6npuchk23fix_winograd_cc_to_ubufEPsPi11unit_flag_thtttt13ConvReluFix_tb6Relu_tbS4_6Pool_t5Req_t10DualMode_ttt] -> (nil)
npuchk: [_ZN6npuchk23fix_winograd_cc_to_ubufEPaPimm] -> (nil)
npuchk: [_ZN6npuchk23fix_winograd_cc_to_ubufEPaPi11unit_flag_thtttt13ConvReluFix_tb6Relu_tbS4_6Pool_t5Req_t10DualMode_ttt] -> (nil)
npuchk: [_ZN6npuchk23fix_winograd_cc_to_ubufEPhPimm] -> (nil)
npuchk: [_ZN6npuchk23fix_winograd_cc_to_ubufEPhPi11unit_flag_thtttt13ConvReluFix_tb6Relu_tbS4_6Pool_t5Req_t10DualMode_ttt] -> (nil)
npuchk: [_ZN6npuchk23fix_winograd_cc_to_ubufEPiS0_11unit_flag_thtttt13ConvReluFix_tb6Relu_tbS3_6Pool_t5Req_t10DualMode_ttt] -> (nil)
npuchk: [_ZN6npuchk4fmaxEPhS0_m] -> (nil)
npuchk: [_ZN6npuchk4fmaxEPhS0_8w_size_thhhaaaaa] -> (nil)
npuchk: [_ZN6npuchk4fminEPhS0_m] -> (nil)
npuchk: [_ZN6npuchk4fminEPhS0_8w_size_thhhaaaaa] -> (nil)
npuchk: [_ZN6npuchk11get_acc_valEv] -> (nil)
npuchk: [_ZN6npuchk6get_arEv] -> (nil)
npuchk: [_ZN6npuchk12get_arch_verEv] -> (nil)
npuchk: [_ZN6npuchk13get_block_idxEv] -> (nil)
npuchk: [_ZN6npuchk13get_block_numEv] -> (nil)
npuchk: [_ZN6npuchk11get_cmpmaskEPv] -> 0xffff9e69d508
npuchk: [_ZN6npuchk8get_condEv] -> (nil)
npuchk: [_ZN6npuchk18get_condition_flagEv] -> (nil)
npuchk: [_ZN6npuchk10get_coreidEv] -> (nil)
npuchk: [_ZN6npuchk8get_ctrlEv] -> (nil)
npuchk: [_ZN6npuchk18get_data_main_baseEv] -> (nil)
npuchk: [_ZN6npuchk13get_data_sizeEv] -> (nil)
npuchk: [_ZN6npuchk16get_data_ub_baseEv] -> (nil)
npuchk: [_ZN6npuchk18get_ffts_base_addrEv] -> (nil)
npuchk: [_ZN6npuchk7get_fpcEv] -> (nil)
npuchk: [_ZN6npuchk17get_icache_prl_stEv] -> (nil)
npuchk: [_ZN6npuchk7get_immEm] -> (nil)
npuchk: [_ZN6npuchk7get_immEmm] -> (nil)
npuchk: [_ZN6npuchk7get_immEmmm] -> (nil)
npuchk: [_ZN6npuchk7get_immEmmmm] -> (nil)
npuchk: [_ZN6npuchk9get_k_numEv] -> (nil)
npuchk: [_ZN6npuchk14get_l2_in_mainEv] -> (nil)
npuchk: [_ZN6npuchk17get_l2_vaddr_baseEv] -> (nil)
npuchk: [_ZN6npuchk9get_lpcntEv] -> (nil)
npuchk: [_ZN6npuchk15get_max_min_cntEv] -> (nil)
npuchk: [_ZN6npuchk19get_overflow_statusEv] -> (nil)
npuchk: [_ZN6npuchk13get_para_baseEv] -> (nil)
npuchk: [_ZN6npuchk6get_pcEv] -> (nil)
npuchk: [_ZN6npuchk14get_rpn_cor_irEv] -> (nil)
npuchk: [_ZN6npuchk12get_rsvd_cntEv] -> (nil)
npuchk: [_ZN6npuchk19get_safety_crc_dataEv] -> (nil)
npuchk: [_ZN6npuchk17get_safety_crc_enEv] -> (nil)
npuchk: [_ZN6npuchk16get_smmu_tag_verEv] -> (nil)
npuchk: [_ZN6npuchk17get_st_atomic_cfgEv] -> (nil)
npuchk: [_ZN6npuchk18get_stack_phy_baseEv] -> (nil)
npuchk: [_ZN6npuchk10get_statusEv] -> (nil)
npuchk: [_ZN6npuchk15get_subblockdimEv] -> (nil)
npuchk: [_ZN6npuchk14get_subblockidEv] -> (nil)
npuchk: [_ZN6npuchk11get_sys_cntEv] -> (nil)
npuchk: [_ZN6npuchk15get_sys_va_baseEv] -> (nil)
npuchk: [_ZN6npuchk14get_thread_dimEv] -> (nil)
npuchk: [_ZN6npuchk13get_thread_idEv] -> (nil)
npuchk: [_ZN6npuchk6get_vlEv] -> (nil)
npuchk: [_ZN6npuchk11get_vms4_srEv] -> (nil)
npuchk: [_ZN6npuchk15hebcd_out_to_ubEPvS0_S0_m] -> (nil)
npuchk: [_ZN6npuchk15hebcd_out_to_ubEPvS0_S0_hhbbhttht] -> (nil)
npuchk: [_ZN6npuchk15hebce_l1_to_outEPvS0_S0_m] -> (nil)
npuchk: [_ZN6npuchk15hebce_l1_to_outEPvS0_S0_bbhhbbhttht] -> (nil)
npuchk: [_ZN6npuchk15hebce_ub_to_outEPvS0_S0_m] -> (nil)
npuchk: [_ZN6npuchk15hebce_ub_to_outEPvS0_S0_bbhhbbhttht] -> (nil)
npuchk: [_ZN6npuchk9hset_flagE6pipe_tS0_7event_t5mem_tb] -> (nil)
npuchk: [_ZN6npuchk9hset_flagE6pipe_tS0_m5mem_tb] -> (nil)
npuchk: [_ZN6npuchk10hwait_flagE6pipe_tS0_7event_t5mem_tb] -> (nil)
npuchk: [_ZN6npuchk10hwait_flagE6pipe_tS0_m5mem_tb] -> (nil)
npuchk: [_ZN6npuchk18img2col_cbuf_to_caEPN7float165Fp16TES2_mm7csize_t] -> 0xffff9e749c2c
npuchk: [_ZN6npuchk18img2col_cbuf_to_caEPN7float165Fp16TES2_hhssthhhhhhhhh7csize_t] -> 0xffff9e749f74
npuchk: [_ZN6npuchk18img2col_cbuf_to_caEPaS0_mm7csize_t] -> 0xffff9e74a67c
npuchk: [_ZN6npuchk18img2col_cbuf_to_caEPaS0_hhssthhhhhhhhh7csize_t] -> 0xffff9e74a9c4
npuchk: [_ZN6npuchk18img2col_cbuf_to_caEPhS0_mm7csize_t] -> 0xffff9e74b0cc
npuchk: [_ZN6npuchk18img2col_cbuf_to_caEPhS0_hhssthhhhhhhhh7csize_t] -> 0xffff9e74b414
npuchk: [_ZN6npuchk18img2col_cbuf_to_cbEPN7float165Fp16TES2_mm7csize_t] -> 0xffff9e74bb1c
npuchk: [_ZN6npuchk18img2col_cbuf_to_cbEPN7float165Fp16TES2_hhssthhhhhhhhh7csize_t] -> 0xffff9e74be68
npuchk: [_ZN6npuchk18img2col_cbuf_to_cbEPaS0_mm7csize_t] -> 0xffff9e74c574
npuchk: [_ZN6npuchk18img2col_cbuf_to_cbEPaS0_hhssthhhhhhhhh7csize_t] -> 0xffff9e74c8c0
npuchk: [_ZN6npuchk18img2col_cbuf_to_cbEPhS0_mm7csize_t] -> 0xffff9e74cfcc
npuchk: [_ZN6npuchk18img2col_cbuf_to_cbEPhS0_hhssthhhhhhhhh7csize_t] -> 0xffff9e74d318
npuchk: [_ZN6npuchk18img2col_cbuf_to_ubEPN7float165Fp16TES2_mm7csize_t] -> 0xffff9e74da24
npuchk: [_ZN6npuchk18img2col_cbuf_to_ubEPN7float165Fp16TES2_hhssthhhhhhhhh7csize_t] -> 0xffff9e74dd6c
npuchk: [_ZN6npuchk18img2col_cbuf_to_ubEPaS0_mm7csize_t] -> 0xffff9e74e474
npuchk: [_ZN6npuchk18img2col_cbuf_to_ubEPaS0_hhssthhhhhhhhh7csize_t] -> 0xffff9e74e7bc
npuchk: [_ZN6npuchk18img2col_cbuf_to_ubEPhS0_mm7csize_t] -> 0xffff9e74eec4
npuchk: [_ZN6npuchk18img2col_cbuf_to_ubEPhS0_hhssthhhhhhhhh7csize_t] -> 0xffff9e74f20c
npuchk: [_ZN6npuchk20img2colv2_cbuf_to_caEPN7float165Fp16TES2_mm] -> 0xffff9e655918
npuchk: [_ZN6npuchk20img2colv2_cbuf_to_caEPN7float165Fp16TES2_mm4bm_t] -> 0xffff9e74f914
npuchk: [_ZN6npuchk20img2colv2_cbuf_to_caEPN7float165Fp16TES2_tttthhhhhhbt] -> 0xffff9e74fb5c
npuchk: [_ZN6npuchk20img2colv2_cbuf_to_caEPN7float165Fp16TES2_tttthhhhhhbt4bm_t] -> (nil)
npuchk: [_ZN6npuchk20img2colv2_cbuf_to_caEPN7float165Fp16TES2_tttthhhhhhbbbbt] -> 0xffff9e655bf4
npuchk: [_ZN6npuchk20img2colv2_cbuf_to_caEPN8bfloat165Bf16TES2_mm] -> 0xffff9e65629c
npuchk: [_ZN6npuchk20img2colv2_cbuf_to_caEPN8bfloat165Bf16TES2_mm4bm_t] -> (nil)
npuchk: [_ZN6npuchk20img2colv2_cbuf_to_caEPN8bfloat165Bf16TES2_tttthhhhhhbt] -> (nil)
npuchk: [_ZN6npuchk20img2colv2_cbuf_to_caEPN8bfloat165Bf16TES2_tttthhhhhhbt4bm_t] -> (nil)
npuchk: [_ZN6npuchk20img2colv2_cbuf_to_caEPN8bfloat165Bf16TES2_tttthhhhhhbbbbt] -> 0xffff9e656578
npuchk: [_ZN6npuchk20img2colv2_cbuf_to_caEPfS0_mm] -> 0xffff9e656c20
npuchk: [_ZN6npuchk20img2colv2_cbuf_to_caEPfS0_mm4bm_t] -> 0xffff9e750138
npuchk: [_ZN6npuchk20img2colv2_cbuf_to_caEPfS0_tttthhhhhhbt] -> 0xffff9e750380
npuchk: [_ZN6npuchk20img2colv2_cbuf_to_caEPfS0_tttthhhhhhbt4bm_t] -> (nil)
npuchk: [_ZN6npuchk20img2colv2_cbuf_to_caEPfS0_tttthhhhhhbbbbt] -> 0xffff9e656efc
npuchk: [_ZN6npuchk20img2colv2_cbuf_to_caEPiS0_mm] -> 0xffff9e6575a4
npuchk: [_ZN6npuchk20img2colv2_cbuf_to_caEPiS0_mm4bm_t] -> 0xffff9e75095c
npuchk: [_ZN6npuchk20img2colv2_cbuf_to_caEPiS0_tttthhhhhhbt] -> 0xffff9e750ba4
npuchk: [_ZN6npuchk20img2colv2_cbuf_to_caEPiS0_tttthhhhhhbt4bm_t] -> (nil)
npuchk: [_ZN6npuchk20img2colv2_cbuf_to_caEPiS0_tttthhhhhhbbbbt] -> 0xffff9e657880
npuchk: [_ZN6npuchk20img2colv2_cbuf_to_caEPaS0_mm] -> 0xffff9e657f28
npuchk: [_ZN6npuchk20img2colv2_cbuf_to_caEPaS0_mm4bm_t] -> 0xffff9e751180
npuchk: [_ZN6npuchk20img2colv2_cbuf_to_caEPaS0_tttthhhhhhbt] -> 0xffff9e7513c8
npuchk: [_ZN6npuchk20img2colv2_cbuf_to_caEPaS0_tttthhhhhhbt4bm_t] -> (nil)
npuchk: [_ZN6npuchk20img2colv2_cbuf_to_caEPaS0_tttthhhhhhbbbbt] -> 0xffff9e658204
npuchk: [_ZN6npuchk20img2colv2_cbuf_to_caEPjS0_mm] -> 0xffff9e6588ac
npuchk: [_ZN6npuchk20img2colv2_cbuf_to_caEPjS0_mm4bm_t] -> 0xffff9e7519a4
npuchk: [_ZN6npuchk20img2colv2_cbuf_to_caEPjS0_tttthhhhhhbt] -> 0xffff9e751bec
npuchk: [_ZN6npuchk20img2colv2_cbuf_to_caEPjS0_tttthhhhhhbt4bm_t] -> (nil)
npuchk: [_ZN6npuchk20img2colv2_cbuf_to_caEPjS0_tttthhhhhhbbbbt] -> 0xffff9e658b88
npuchk: [_ZN6npuchk20img2colv2_cbuf_to_caEPhS0_mm] -> 0xffff9e659230
npuchk: [_ZN6npuchk20img2colv2_cbuf_to_caEPhS0_mm4bm_t] -> 0xffff9e7521c8
npuchk: [_ZN6npuchk20img2colv2_cbuf_to_caEPhS0_tttthhhhhhbt] -> 0xffff9e752410
npuchk: [_ZN6npuchk20img2colv2_cbuf_to_caEPhS0_tttthhhhhhbt4bm_t] -> (nil)
npuchk: [_ZN6npuchk20img2colv2_cbuf_to_caEPhS0_tttthhhhhhbbbbt] -> 0xffff9e65950c
npuchk: [_ZN6npuchk23img2colv2_cbuf_to_ca_s4EPvS0_mm] -> 0xffff9e659bb4
npuchk: [_ZN6npuchk23img2colv2_cbuf_to_ca_s4EPvS0_mm4bm_t] -> 0xffff9e7529ec
npuchk: [_ZN6npuchk23img2colv2_cbuf_to_ca_s4EPvS0_tttthhhhhhbt] -> 0xffff9e752c34
npuchk: [_ZN6npuchk23img2colv2_cbuf_to_ca_s4EPvS0_tttthhhhhhbt4bm_t] -> (nil)
npuchk: [_ZN6npuchk23img2colv2_cbuf_to_ca_s4EPvS0_tttthhhhhhbbbbt] -> 0xffff9e659e90
npuchk: [_ZN6npuchk20img2colv2_cbuf_to_cbEPN7float165Fp16TES2_mm] -> 0xffff9e65a538
npuchk: [_ZN6npuchk20img2colv2_cbuf_to_cbEPN7float165Fp16TES2_mm4bm_t] -> 0xffff9e753210
npuchk: [_ZN6npuchk20img2colv2_cbuf_to_cbEPN7float165Fp16TES2_tttthhhhhhbt] -> 0xffff9e75345c
npuchk: [_ZN6npuchk20img2colv2_cbuf_to_cbEPN7float165Fp16TES2_tttthhhhhhbt4bm_t] -> (nil)
npuchk: [_ZN6npuchk20img2colv2_cbuf_to_cbEPN7float165Fp16TES2_tttthhhhhhbbbbt] -> 0xffff9e65a818
npuchk: [_ZN6npuchk20img2colv2_cbuf_to_cbEPN8bfloat165Bf16TES2_mm] -> 0xffff9e65aec4
npuchk: [_ZN6npuchk20img2colv2_cbuf_to_cbEPN8bfloat165Bf16TES2_mm4bm_t] -> (nil)
npuchk: [_ZN6npuchk20img2colv2_cbuf_to_cbEPN8bfloat165Bf16TES2_tttthhhhhhbt] -> (nil)
npuchk: [_ZN6npuchk20img2colv2_cbuf_to_cbEPN8bfloat165Bf16TES2_tttthhhhhhbt4bm_t] -> (nil)
npuchk: [_ZN6npuchk20img2colv2_cbuf_to_cbEPN8bfloat165Bf16TES2_tttthhhhhhbbbbt] -> 0xffff9e65b0c8
npuchk: [_ZN6npuchk20img2colv2_cbuf_to_cbEPfS0_mm] -> 0xffff9e65b5fc
npuchk: [_ZN6npuchk20img2colv2_cbuf_to_cbEPfS0_mm4bm_t] -> 0xffff9e753a3c
npuchk: [_ZN6npuchk20img2colv2_cbuf_to_cbEPfS0_tttthhhhhhbt] -> 0xffff9e753c88
npuchk: [_ZN6npuchk20img2colv2_cbuf_to_cbEPfS0_tttthhhhhhbt4bm_t] -> (nil)
npuchk: [_ZN6npuchk20img2colv2_cbuf_to_cbEPfS0_tttthhhhhhbbbbt] -> 0xffff9e65b8dc
npuchk: [_ZN6npuchk20img2colv2_cbuf_to_cbEPiS0_mm] -> 0xffff9e65bf88
npuchk: [_ZN6npuchk20img2colv2_cbuf_to_cbEPiS0_mm4bm_t] -> 0xffff9e754268
npuchk: [_ZN6npuchk20img2colv2_cbuf_to_cbEPiS0_tttthhhhhhbt] -> 0xffff9e7544b4
npuchk: [_ZN6npuchk20img2colv2_cbuf_to_cbEPiS0_tttthhhhhhbt4bm_t] -> (nil)
npuchk: [_ZN6npuchk20img2colv2_cbuf_to_cbEPiS0_tttthhhhhhbbbbt] -> 0xffff9e65c268
npuchk: [_ZN6npuchk20img2colv2_cbuf_to_cbEPaS0_mm] -> 0xffff9e754a94
npuchk: [_ZN6npuchk20img2colv2_cbuf_to_cbEPaS0_mm4bm_t] -> 0xffff9e754d74
npuchk: [_ZN6npuchk20img2colv2_cbuf_to_cbEPaS0_tttthhhhhhbt] -> 0xffff9e754fc0
npuchk: [_ZN6npuchk20img2colv2_cbuf_to_cbEPaS0_tttthhhhhhbt4bm_t] -> (nil)
npuchk: [_ZN6npuchk20img2colv2_cbuf_to_cbEPaS0_tttthhhhhhbbbbt] -> (nil)
npuchk: [_ZN6npuchk20img2colv2_cbuf_to_cbEPjS0_mm] -> 0xffff9e65c914
npuchk: [_ZN6npuchk20img2colv2_cbuf_to_cbEPjS0_mm4bm_t] -> 0xffff9e7555a0
npuchk: [_ZN6npuchk20img2colv2_cbuf_to_cbEPjS0_tttthhhhhhbt] -> 0xffff9e7557ec
npuchk: [_ZN6npuchk20img2colv2_cbuf_to_cbEPjS0_tttthhhhhhbt4bm_t] -> (nil)
npuchk: [_ZN6npuchk20img2colv2_cbuf_to_cbEPjS0_tttthhhhhhbbbbt] -> 0xffff9e65cbf4
npuchk: [_ZN6npuchk20img2colv2_cbuf_to_cbEPhS0_mm] -> 0xffff9e755dcc
npuchk: [_ZN6npuchk20img2colv2_cbuf_to_cbEPhS0_mm4bm_t] -> 0xffff9e7560ac
npuchk: [_ZN6npuchk20img2colv2_cbuf_to_cbEPhS0_tttthhhhhhbt] -> 0xffff9e7562f8
npuchk: [_ZN6npuchk20img2colv2_cbuf_to_cbEPhS0_tttthhhhhhbt4bm_t] -> (nil)
npuchk: [_ZN6npuchk20img2colv2_cbuf_to_cbEPhS0_tttthhhhhhbbbbt] -> (nil)
npuchk: [_ZN6npuchk23img2colv2_cbuf_to_cb_s4EPvS0_mm] -> 0xffff9e7568d8
npuchk: [_ZN6npuchk23img2colv2_cbuf_to_cb_s4EPvS0_mm4bm_t] -> 0xffff9e756bb8
npuchk: [_ZN6npuchk23img2colv2_cbuf_to_cb_s4EPvS0_tttthhhhhhbt] -> 0xffff9e756e04
npuchk: [_ZN6npuchk23img2colv2_cbuf_to_cb_s4EPvS0_tttthhhhhhbt4bm_t] -> (nil)
npuchk: [_ZN6npuchk23img2colv2_cbuf_to_cb_s4EPvS0_tttthhhhhhbbbbt] -> (nil)
npuchk: [_ZN6npuchk20img2colv2_cbuf_to_ubEPN7float165Fp16TES2_mm] -> 0xffff9e7573e4
npuchk: [_ZN6npuchk20img2colv2_cbuf_to_ubEPN7float165Fp16TES2_mm4bm_t] -> 0xffff9e7576c0
npuchk: [_ZN6npuchk20img2colv2_cbuf_to_ubEPN7float165Fp16TES2_tttthhhhhhbt] -> 0xffff9e757908
npuchk: [_ZN6npuchk20img2colv2_cbuf_to_ubEPN7float165Fp16TES2_tttthhhhhhbt4bm_t] -> (nil)
npuchk: [_ZN6npuchk20img2colv2_cbuf_to_ubEPN7float165Fp16TES2_tttthhhhhhbbbbt] -> (nil)
npuchk: [_ZN6npuchk20img2colv2_cbuf_to_ubEPfS0_mm] -> 0xffff9e757ee4
npuchk: [_ZN6npuchk20img2colv2_cbuf_to_ubEPfS0_mm4bm_t] -> 0xffff9e7581c0
npuchk: [_ZN6npuchk20img2colv2_cbuf_to_ubEPfS0_tttthhhhhhbt] -> 0xffff9e758408
npuchk: [_ZN6npuchk20img2colv2_cbuf_to_ubEPfS0_tttthhhhhhbt4bm_t] -> (nil)
npuchk: [_ZN6npuchk20img2colv2_cbuf_to_ubEPfS0_tttthhhhhhbbbbt] -> (nil)
npuchk: [_ZN6npuchk20img2colv2_cbuf_to_ubEPiS0_mm] -> 0xffff9e7589e4
npuchk: [_ZN6npuchk20img2colv2_cbuf_to_ubEPiS0_mm4bm_t] -> 0xffff9e758cc0
npuchk: [_ZN6npuchk20img2colv2_cbuf_to_ubEPiS0_tttthhhhhhbt] -> 0xffff9e758f08
npuchk: [_ZN6npuchk20img2colv2_cbuf_to_ubEPiS0_tttthhhhhhbt4bm_t] -> (nil)
npuchk: [_ZN6npuchk20img2colv2_cbuf_to_ubEPiS0_tttthhhhhhbbbbt] -> (nil)
npuchk: [_ZN6npuchk20img2colv2_cbuf_to_ubEPaS0_mm] -> 0xffff9e7594e4
npuchk: [_ZN6npuchk20img2colv2_cbuf_to_ubEPaS0_mm4bm_t] -> 0xffff9e7597c0
npuchk: [_ZN6npuchk20img2colv2_cbuf_to_ubEPaS0_tttthhhhhhbt] -> 0xffff9e759a08
npuchk: [_ZN6npuchk20img2colv2_cbuf_to_ubEPaS0_tttthhhhhhbt4bm_t] -> (nil)
npuchk: [_ZN6npuchk20img2colv2_cbuf_to_ubEPaS0_tttthhhhhhbbbbt] -> (nil)
npuchk: [_ZN6npuchk20img2colv2_cbuf_to_ubEPjS0_mm] -> 0xffff9e759fe4
npuchk: [_ZN6npuchk20img2colv2_cbuf_to_ubEPjS0_mm4bm_t] -> 0xffff9e75a2c0
npuchk: [_ZN6npuchk20img2colv2_cbuf_to_ubEPjS0_tttthhhhhhbt] -> 0xffff9e75a508
npuchk: [_ZN6npuchk20img2colv2_cbuf_to_ubEPjS0_tttthhhhhhbt4bm_t] -> (nil)
npuchk: [_ZN6npuchk20img2colv2_cbuf_to_ubEPjS0_tttthhhhhhbbbbt] -> (nil)
npuchk: [_ZN6npuchk20img2colv2_cbuf_to_ubEPhS0_mm] -> 0xffff9e75aae4
npuchk: [_ZN6npuchk20img2colv2_cbuf_to_ubEPhS0_mm4bm_t] -> 0xffff9e75adc0
npuchk: [_ZN6npuchk20img2colv2_cbuf_to_ubEPhS0_tttthhhhhhbt] -> 0xffff9e75b008
npuchk: [_ZN6npuchk20img2colv2_cbuf_to_ubEPhS0_tttthhhhhhbt4bm_t] -> (nil)
npuchk: [_ZN6npuchk20img2colv2_cbuf_to_ubEPhS0_tttthhhhhhbbbbt] -> (nil)
npuchk: [_ZN6npuchk23img2colv2_cbuf_to_ub_s4EPvS0_mm] -> 0xffff9e75b5e4
npuchk: [_ZN6npuchk23img2colv2_cbuf_to_ub_s4EPvS0_mm4bm_t] -> 0xffff9e75b8c0
npuchk: [_ZN6npuchk23img2colv2_cbuf_to_ub_s4EPvS0_tttthhhhhhbt] -> 0xffff9e75bb08
npuchk: [_ZN6npuchk23img2colv2_cbuf_to_ub_s4EPvS0_tttthhhhhhbt4bm_t] -> (nil)
npuchk: [_ZN6npuchk23img2colv2_cbuf_to_ub_s4EPvS0_tttthhhhhhbbbbt] -> (nil)
npuchk: [_ZN6npuchk10insert_immEmhhb] -> (nil)
npuchk: [_ZN6npuchk10insert_regEmmhh] -> (nil)
npuchk: [_ZN6npuchk6ld_devEPts] -> (nil)
npuchk: [_ZN6npuchk6ld_devEPjs] -> (nil)
npuchk: [_ZN6npuchk6ld_devEPms] -> (nil)
npuchk: [_ZN6npuchk6ld_devEPhs] -> (nil)
npuchk: [_ZN6npuchk4ldvaE10ub_addr8_tmb] -> (nil)
npuchk: [_ZN6npuchk15load_cbuf_to_caEPN8bfloat165Bf16TES2_mb] -> 0xffff9e65d2a0
npuchk: [_ZN6npuchk15load_cbuf_to_caEPN8bfloat165Bf16TES2_mb15addr_cal_mode_t] -> 0xffff9e65d588
npuchk: [_ZN6npuchk15load_cbuf_to_caEPN8bfloat165Bf16TES2_thtthb15addr_cal_mode_t] -> 0xffff9e65d8c4
npuchk: [_ZN6npuchk15load_cbuf_to_caEPN8bfloat165Bf16TES2_thtthbb15addr_cal_mode_t] -> 0xffff9e65dd34
npuchk: [_ZN6npuchk15load_cbuf_to_caEPN8bfloat165Bf16TES2_ththb] -> 0xffff9e65e1e8
npuchk: [_ZN6npuchk15load_cbuf_to_caEPN8bfloat165Bf16TES2_thttb15addr_cal_mode_t] -> (nil)
npuchk: [_ZN6npuchk15load_cbuf_to_caEPN8bfloat165Bf16TES2_mmb] -> (nil)
npuchk: [_ZN6npuchk15load_cbuf_to_caEPN8bfloat165Bf16TES2_tthhttb] -> (nil)
npuchk: [_ZN6npuchk15load_cbuf_to_caEPN7float165Fp16TES2_mb] -> 0xffff9e65e5c0
npuchk: [_ZN6npuchk15load_cbuf_to_caEPN7float165Fp16TES2_mb15addr_cal_mode_t] -> 0xffff9e65e8a8
npuchk: [_ZN6npuchk15load_cbuf_to_caEPN7float165Fp16TES2_thtthb15addr_cal_mode_t] -> 0xffff9e65ebe4
npuchk: [_ZN6npuchk15load_cbuf_to_caEPN7float165Fp16TES2_thtthbb15addr_cal_mode_t] -> 0xffff9e65f054
npuchk: [_ZN6npuchk15load_cbuf_to_caEPN7float165Fp16TES2_ththb] -> 0xffff9e65f508
npuchk: [_ZN6npuchk15load_cbuf_to_caEPN7float165Fp16TES2_thttb15addr_cal_mode_t] -> (nil)
npuchk: [_ZN6npuchk15load_cbuf_to_caEPfS0_mb15addr_cal_mode_t] -> 0xffff9e65f8e0
npuchk: [_ZN6npuchk15load_cbuf_to_caEPfS0_thtthb15addr_cal_mode_t] -> 0xffff9e65fc1c
npuchk: [_ZN6npuchk15load_cbuf_to_caEPfS0_thtthbb15addr_cal_mode_t] -> 0xffff9e66008c
npuchk: [_ZN6npuchk15load_cbuf_to_caEPfS0_thttb15addr_cal_mode_t] -> (nil)
npuchk: [_ZN6npuchk15load_cbuf_to_caEPiS0_mb15addr_cal_mode_t] -> 0xffff9e660540
npuchk: [_ZN6npuchk15load_cbuf_to_caEPiS0_thtthb15addr_cal_mode_t] -> 0xffff9e66087c
npuchk: [_ZN6npuchk15load_cbuf_to_caEPiS0_thtthbb15addr_cal_mode_t] -> 0xffff9e660cec
npuchk: [_ZN6npuchk15load_cbuf_to_caEPiS0_thttb15addr_cal_mode_t] -> (nil)
npuchk: [_ZN6npuchk15load_cbuf_to_caEPaS0_mb] -> 0xffff9e6611a0
npuchk: [_ZN6npuchk15load_cbuf_to_caEPaS0_mb15addr_cal_mode_t] -> 0xffff9e661488
npuchk: [_ZN6npuchk15load_cbuf_to_caEPaS0_thtthb15addr_cal_mode_t] -> 0xffff9e6617c4
npuchk: [_ZN6npuchk15load_cbuf_to_caEPaS0_thtthbb15addr_cal_mode_t] -> 0xffff9e661c34
npuchk: [_ZN6npuchk15load_cbuf_to_caEPaS0_ththb] -> 0xffff9e6620e8
npuchk: [_ZN6npuchk15load_cbuf_to_caEPaS0_thttb15addr_cal_mode_t] -> (nil)
npuchk: [_ZN6npuchk15load_cbuf_to_caEPjS0_mb15addr_cal_mode_t] -> 0xffff9e6624c0
npuchk: [_ZN6npuchk15load_cbuf_to_caEPjS0_thtthb15addr_cal_mode_t] -> 0xffff9e6627fc
npuchk: [_ZN6npuchk15load_cbuf_to_caEPjS0_thtthbb15addr_cal_mode_t] -> 0xffff9e662c6c
npuchk: [_ZN6npuchk15load_cbuf_to_caEPjS0_thttb15addr_cal_mode_t] -> (nil)
npuchk: [_ZN6npuchk15load_cbuf_to_caEPhS0_mb] -> 0xffff9e663120
npuchk: [_ZN6npuchk15load_cbuf_to_caEPhS0_mb15addr_cal_mode_t] -> 0xffff9e663408
npuchk: [_ZN6npuchk15load_cbuf_to_caEPhS0_thtthb15addr_cal_mode_t] -> 0xffff9e663744
npuchk: [_ZN6npuchk15load_cbuf_to_caEPhS0_thtthbb15addr_cal_mode_t] -> 0xffff9e663bb4
npuchk: [_ZN6npuchk15load_cbuf_to_caEPhS0_ththb] -> 0xffff9e664068
npuchk: [_ZN6npuchk15load_cbuf_to_caEPhS0_thttb15addr_cal_mode_t] -> (nil)
npuchk: [_ZN6npuchk15load_cbuf_to_caEPN7float165Fp16TES2_ththb15addr_cal_mode_t] -> 0xffff9e7bdc54
npuchk: [_ZN6npuchk15load_cbuf_to_caEPaS0_ththb15addr_cal_mode_t] -> 0xffff9e7be084
npuchk: [_ZN6npuchk15load_cbuf_to_caEPhS0_ththb15addr_cal_mode_t] -> 0xffff9e7be4b0
npuchk: [_ZN6npuchk18load_cbuf_to_ca_s4EPvS0_mb15addr_cal_mode_t] -> 0xffff9e664440
npuchk: [_ZN6npuchk18load_cbuf_to_ca_s4EPvS0_thtthb15addr_cal_mode_t] -> 0xffff9e66477c
npuchk: [_ZN6npuchk18load_cbuf_to_ca_s4EPvS0_thtthbb15addr_cal_mode_t] -> 0xffff9e664bec
npuchk: [_ZN6npuchk25load_cbuf_to_ca_transposeEPN7float165Fp16TES2_mm] -> 0xffff9e6650a0
npuchk: [_ZN6npuchk25load_cbuf_to_ca_transposeEPN7float165Fp16TES2_thttbt] -> 0xffff9e66537c
npuchk: [_ZN6npuchk25load_cbuf_to_ca_transposeEPfS0_mm] -> 0xffff9e665784
npuchk: [_ZN6npuchk25load_cbuf_to_ca_transposeEPfS0_thttbt] -> 0xffff9e665a60
npuchk: [_ZN6npuchk25load_cbuf_to_ca_transposeEPiS0_mm] -> 0xffff9e665e68
npuchk: [_ZN6npuchk25load_cbuf_to_ca_transposeEPiS0_thttbt] -> 0xffff9e666144
npuchk: [_ZN6npuchk25load_cbuf_to_ca_transposeEPaS0_mm] -> 0xffff9e66654c
npuchk: [_ZN6npuchk25load_cbuf_to_ca_transposeEPaS0_thttbt] -> 0xffff9e666828
npuchk: [_ZN6npuchk25load_cbuf_to_ca_transposeEPjS0_mm] -> 0xffff9e666c30
npuchk: [_ZN6npuchk25load_cbuf_to_ca_transposeEPjS0_thttbt] -> 0xffff9e666f0c
npuchk: [_ZN6npuchk25load_cbuf_to_ca_transposeEPhS0_mm] -> 0xffff9e667314
npuchk: [_ZN6npuchk25load_cbuf_to_ca_transposeEPhS0_thttbt] -> 0xffff9e6675f0
npuchk: [_ZN6npuchk24load_cbuf_to_ca_winogradEPN7float165Fp16TES2_mm] -> 0xffff9e75c0e4
npuchk: [_ZN6npuchk24load_cbuf_to_ca_winogradEPN7float165Fp16TES2_ttthhhhtttt] -> 0xffff9e75c3c4
npuchk: [_ZN6npuchk24load_cbuf_to_ca_winogradEPaS0_mm] -> 0xffff9e75c94c
npuchk: [_ZN6npuchk24load_cbuf_to_ca_winogradEPaS0_ttthhhhtttt] -> 0xffff9e75cc28
npuchk: [_ZN6npuchk24load_cbuf_to_ca_winogradEPhS0_mm] -> 0xffff9e75d1ac
npuchk: [_ZN6npuchk24load_cbuf_to_ca_winogradEPhS0_ttthhhhtttt] -> 0xffff9e75d48c
npuchk: [_ZN6npuchk27load_cbuf_to_ca_winograd_v2EPsS0_mm] -> (nil)
npuchk: [_ZN6npuchk27load_cbuf_to_ca_winograd_v2EPsS0_ttthhtttt] -> (nil)
npuchk: [_ZN6npuchk27load_cbuf_to_ca_winograd_v2EPsS0_ttthhttttb] -> (nil)
npuchk: [_ZN6npuchk27load_cbuf_to_ca_winograd_v2EPaS0_mm] -> (nil)
npuchk: [_ZN6npuchk27load_cbuf_to_ca_winograd_v2EPaS0_ttthhtttt] -> (nil)
npuchk: [_ZN6npuchk27load_cbuf_to_ca_winograd_v2EPaS0_ttthhttttb] -> (nil)
npuchk: [_ZN6npuchk27load_cbuf_to_ca_winograd_v2EPhS0_mm] -> (nil)
npuchk: [_ZN6npuchk27load_cbuf_to_ca_winograd_v2EPhS0_ttthhttttb] -> (nil)
npuchk: [_ZN6npuchk15load_cbuf_to_cbEPN8bfloat165Bf16TES2_mb] -> (nil)
npuchk: [_ZN6npuchk15load_cbuf_to_cbEPN8bfloat165Bf16TES2_mb15addr_cal_mode_t] -> (nil)
npuchk: [_ZN6npuchk15load_cbuf_to_cbEPN8bfloat165Bf16TES2_thtthb15addr_cal_mode_t] -> (nil)
npuchk: [_ZN6npuchk15load_cbuf_to_cbEPN8bfloat165Bf16TES2_thtthbb15addr_cal_mode_t] -> (nil)
npuchk: [_ZN6npuchk15load_cbuf_to_cbEPN8bfloat165Bf16TES2_ththb] -> (nil)
npuchk: [_ZN6npuchk15load_cbuf_to_cbEPN8bfloat165Bf16TES2_thttb15addr_cal_mode_t] -> (nil)
npuchk: [_ZN6npuchk15load_cbuf_to_cbEPN8bfloat165Bf16TES2_mmb] -> (nil)
npuchk: [_ZN6npuchk15load_cbuf_to_cbEPN8bfloat165Bf16TES2_tthhttb] -> (nil)
npuchk: [_ZN6npuchk15load_cbuf_to_cbEPN7float165Fp16TES2_mb] -> 0xffff9e6679f8
npuchk: [_ZN6npuchk15load_cbuf_to_cbEPN7float165Fp16TES2_mb15addr_cal_mode_t] -> 0xffff9e667ce4
npuchk: [_ZN6npuchk15load_cbuf_to_cbEPN7float165Fp16TES2_thtthb15addr_cal_mode_t] -> 0xffff9e668024
npuchk: [_ZN6npuchk15load_cbuf_to_cbEPN7float165Fp16TES2_thtthbb15addr_cal_mode_t] -> 0xffff9e668498
npuchk: [_ZN6npuchk15load_cbuf_to_cbEPN7float165Fp16TES2_ththb] -> 0xffff9e668950
npuchk: [_ZN6npuchk15load_cbuf_to_cbEPN7float165Fp16TES2_thttb15addr_cal_mode_t] -> (nil)
npuchk: [_ZN6npuchk15load_cbuf_to_cbEPfS0_mb15addr_cal_mode_t] -> 0xffff9e668d2c
npuchk: [_ZN6npuchk15load_cbuf_to_cbEPfS0_thtthb15addr_cal_mode_t] -> 0xffff9e66906c
npuchk: [_ZN6npuchk15load_cbuf_to_cbEPfS0_thtthbb15addr_cal_mode_t] -> 0xffff9e6694e0
npuchk: [_ZN6npuchk15load_cbuf_to_cbEPfS0_thttb15addr_cal_mode_t] -> (nil)
npuchk: [_ZN6npuchk15load_cbuf_to_cbEPiS0_mb15addr_cal_mode_t] -> 0xffff9e669998
npuchk: [_ZN6npuchk15load_cbuf_to_cbEPiS0_thtthb15addr_cal_mode_t] -> 0xffff9e669cd8
npuchk: [_ZN6npuchk15load_cbuf_to_cbEPiS0_thtthbb15addr_cal_mode_t] -> 0xffff9e66a14c
npuchk: [_ZN6npuchk15load_cbuf_to_cbEPiS0_thttb15addr_cal_mode_t] -> (nil)
npuchk: [_ZN6npuchk15load_cbuf_to_cbEPaS0_mb] -> 0xffff9e66a604
npuchk: [_ZN6npuchk15load_cbuf_to_cbEPaS0_mb15addr_cal_mode_t] -> 0xffff9e66a8f0
npuchk: [_ZN6npuchk15load_cbuf_to_cbEPaS0_thtthb15addr_cal_mode_t] -> 0xffff9e66ac30
npuchk: [_ZN6npuchk15load_cbuf_to_cbEPaS0_thtthbb15addr_cal_mode_t] -> 0xffff9e66b0a4
npuchk: [_ZN6npuchk15load_cbuf_to_cbEPaS0_ththb] -> 0xffff9e66b55c
npuchk: [_ZN6npuchk15load_cbuf_to_cbEPaS0_thttb15addr_cal_mode_t] -> (nil)
npuchk: [_ZN6npuchk15load_cbuf_to_cbEPjS0_mb15addr_cal_mode_t] -> 0xffff9e66b938
npuchk: [_ZN6npuchk15load_cbuf_to_cbEPjS0_thtthb15addr_cal_mode_t] -> 0xffff9e66bc78
npuchk: [_ZN6npuchk15load_cbuf_to_cbEPjS0_thtthbb15addr_cal_mode_t] -> 0xffff9e66c0ec
npuchk: [_ZN6npuchk15load_cbuf_to_cbEPjS0_thttb15addr_cal_mode_t] -> (nil)
npuchk: [_ZN6npuchk15load_cbuf_to_cbEPhS0_mb] -> 0xffff9e66c5a4
npuchk: [_ZN6npuchk15load_cbuf_to_cbEPhS0_mb15addr_cal_mode_t] -> 0xffff9e66c890
npuchk: [_ZN6npuchk15load_cbuf_to_cbEPhS0_thtthb15addr_cal_mode_t] -> 0xffff9e66cbd0
npuchk: [_ZN6npuchk15load_cbuf_to_cbEPhS0_thtthbb15addr_cal_mode_t] -> 0xffff9e66d044
npuchk: [_ZN6npuchk15load_cbuf_to_cbEPhS0_ththb] -> 0xffff9e66d4fc
npuchk: [_ZN6npuchk15load_cbuf_to_cbEPhS0_thttb15addr_cal_mode_t] -> (nil)
npuchk: [_ZN6npuchk15load_cbuf_to_cbEPN7float165Fp16TES2_ththb15addr_cal_mode_t] -> 0xffff9e7be8dc
npuchk: [_ZN6npuchk15load_cbuf_to_cbEPaS0_ththb15addr_cal_mode_t] -> 0xffff9e7bed0c
npuchk: [_ZN6npuchk15load_cbuf_to_cbEPhS0_ththb15addr_cal_mode_t] -> 0xffff9e7bf13c
npuchk: [_ZN6npuchk18load_cbuf_to_cb_b2EPvS0_m] -> (nil)
npuchk: [_ZN6npuchk18load_cbuf_to_cb_b2EPN7float165Fp16TES2_m] -> 0xffff9e75da14
npuchk: [_ZN6npuchk18load_cbuf_to_cb_b2EPN7float165Fp16TES2_hh] -> 0xffff9e75dc98
npuchk: [_ZN6npuchk18load_cbuf_to_cb_b2EPN7float165Fp16TES2_h] -> 0xffff9e75deb0
npuchk: [_ZN6npuchk18load_cbuf_to_cb_b2EPaS0_m] -> 0xffff9e75e140
npuchk: [_ZN6npuchk18load_cbuf_to_cb_b2EPaS0_hh] -> 0xffff9e75e3c8
npuchk: [_ZN6npuchk18load_cbuf_to_cb_b2EPaS0_h] -> 0xffff9e75e5e4
npuchk: [_ZN6npuchk18load_cbuf_to_cb_b2EPhS0_m] -> 0xffff9e75e878
npuchk: [_ZN6npuchk18load_cbuf_to_cb_b2EPhS0_hh] -> 0xffff9e75eb00
npuchk: [_ZN6npuchk18load_cbuf_to_cb_b2EPhS0_h] -> 0xffff9e75ed1c
npuchk: [_ZN6npuchk18load_cbuf_to_cb_s4EPvS0_mb15addr_cal_mode_t] -> 0xffff9e66d8d8
npuchk: [_ZN6npuchk18load_cbuf_to_cb_s4EPvS0_thtthb15addr_cal_mode_t] -> 0xffff9e66dc18
npuchk: [_ZN6npuchk18load_cbuf_to_cb_s4EPvS0_thtthbb15addr_cal_mode_t] -> 0xffff9e66e08c
npuchk: [_ZN6npuchk18load_cbuf_to_cb_spEPaS0_m] -> 0xffff9e66e544
npuchk: [_ZN6npuchk18load_cbuf_to_cb_spEPaS0_th] -> 0xffff9e66e7c8
npuchk: [_ZN6npuchk25load_cbuf_to_cb_transposeEPN7float165Fp16TES2_mm] -> 0xffff9e66eaa0
npuchk: [_ZN6npuchk25load_cbuf_to_cb_transposeEPN7float165Fp16TES2_thttbt] -> 0xffff9e66ed80
npuchk: [_ZN6npuchk25load_cbuf_to_cb_transposeEPfS0_mm] -> 0xffff9e66f18c
npuchk: [_ZN6npuchk25load_cbuf_to_cb_transposeEPfS0_thttbt] -> 0xffff9e66f46c
npuchk: [_ZN6npuchk25load_cbuf_to_cb_transposeEPiS0_mm] -> 0xffff9e66f878
npuchk: [_ZN6npuchk25load_cbuf_to_cb_transposeEPiS0_thttbt] -> 0xffff9e66fb58
npuchk: [_ZN6npuchk25load_cbuf_to_cb_transposeEPaS0_mm] -> 0xffff9e66ff64
npuchk: [_ZN6npuchk25load_cbuf_to_cb_transposeEPaS0_thttbt] -> 0xffff9e670244
npuchk: [_ZN6npuchk25load_cbuf_to_cb_transposeEPjS0_mm] -> 0xffff9e670650
npuchk: [_ZN6npuchk25load_cbuf_to_cb_transposeEPjS0_thttbt] -> 0xffff9e670930
npuchk: [_ZN6npuchk25load_cbuf_to_cb_transposeEPhS0_mm] -> 0xffff9e670d3c
npuchk: [_ZN6npuchk25load_cbuf_to_cb_transposeEPhS0_thttbt] -> 0xffff9e67101c
npuchk: [_ZN6npuchk28load_cbuf_to_cb_transpose_s4EPvS0_mm] -> 0xffff9e671428
npuchk: [_ZN6npuchk28load_cbuf_to_cb_transpose_s4EPvS0_thttbt] -> 0xffff9e671708
npuchk: [_ZN6npuchk24load_cbuf_to_cb_winogradEPN7float165Fp16TES2_m] -> 0xffff9e75efb0
npuchk: [_ZN6npuchk24load_cbuf_to_cb_winogradEPN7float165Fp16TES2_hthhhbbh] -> 0xffff9e75f238
npuchk: [_ZN6npuchk24load_cbuf_to_cb_winogradEPaS0_m] -> 0xffff9e75f6f0
npuchk: [_ZN6npuchk24load_cbuf_to_cb_winogradEPaS0_hthhhbbh] -> 0xffff9e75f974
npuchk: [_ZN6npuchk27load_cbuf_to_cb_winograd_v2EPaS0_m] -> (nil)
npuchk: [_ZN6npuchk27load_cbuf_to_cb_winograd_v2EPaS0_tttb] -> (nil)
npuchk: [_ZN6npuchk30load_decompress_header_from_gmEPvm] -> 0xffff9e75fe28
npuchk: [_ZN6npuchk30load_decompress_header_from_gmEPvth] -> 0xffff9e760044
npuchk: [_ZN6npuchk13load_gm_to_caEPN7float165Fp16TES2_m] -> 0xffff9e671b14
npuchk: [_ZN6npuchk13load_gm_to_caEPN7float165Fp16TES2_m15addr_cal_mode_t] -> 0xffff9e671d9c
npuchk: [_ZN6npuchk13load_gm_to_caEPN7float165Fp16TES2_thtth15addr_cal_mode_t] -> 0xffff9e672094
npuchk: [_ZN6npuchk13load_gm_to_caEPN7float165Fp16TES2_thtthb15addr_cal_mode_t] -> 0xffff9e6724c4
npuchk: [_ZN6npuchk13load_gm_to_caEPN7float165Fp16TES2_thth] -> 0xffff9e672938
npuchk: [_ZN6npuchk13load_gm_to_caEPN8bfloat165Bf16TES2_m] -> 0xffff9e672cb0
npuchk: [_ZN6npuchk13load_gm_to_caEPN8bfloat165Bf16TES2_m15addr_cal_mode_t] -> 0xffff9e672f38
npuchk: [_ZN6npuchk13load_gm_to_caEPN8bfloat165Bf16TES2_thtth15addr_cal_mode_t] -> 0xffff9e673230
npuchk: [_ZN6npuchk13load_gm_to_caEPN8bfloat165Bf16TES2_thtthb15addr_cal_mode_t] -> 0xffff9e673660
npuchk: [_ZN6npuchk13load_gm_to_caEPN8bfloat165Bf16TES2_thth] -> 0xffff9e673ad4
npuchk: [_ZN6npuchk13load_gm_to_caEPfS0_m15addr_cal_mode_t] -> 0xffff9e673e4c
npuchk: [_ZN6npuchk13load_gm_to_caEPfS0_thtth15addr_cal_mode_t] -> 0xffff9e674144
npuchk: [_ZN6npuchk13load_gm_to_caEPfS0_thtthb15addr_cal_mode_t] -> 0xffff9e674574
npuchk: [_ZN6npuchk13load_gm_to_caEPiS0_m15addr_cal_mode_t] -> 0xffff9e6749e8
npuchk: [_ZN6npuchk13load_gm_to_caEPiS0_thtth15addr_cal_mode_t] -> 0xffff9e674ce0
npuchk: [_ZN6npuchk13load_gm_to_caEPiS0_thtthb15addr_cal_mode_t] -> 0xffff9e675110
npuchk: [_ZN6npuchk13load_gm_to_caEPaS0_m] -> 0xffff9e675584
npuchk: [_ZN6npuchk13load_gm_to_caEPaS0_m15addr_cal_mode_t] -> 0xffff9e67580c
npuchk: [_ZN6npuchk13load_gm_to_caEPaS0_thtth15addr_cal_mode_t] -> 0xffff9e675b04
npuchk: [_ZN6npuchk13load_gm_to_caEPaS0_thtthb15addr_cal_mode_t] -> 0xffff9e675f34
npuchk: [_ZN6npuchk13load_gm_to_caEPaS0_thth] -> 0xffff9e6763a8
npuchk: [_ZN6npuchk13load_gm_to_caEPjS0_m15addr_cal_mode_t] -> 0xffff9e676720
npuchk: [_ZN6npuchk13load_gm_to_caEPjS0_thtth15addr_cal_mode_t] -> 0xffff9e676a18
npuchk: [_ZN6npuchk13load_gm_to_caEPjS0_thtthb15addr_cal_mode_t] -> 0xffff9e676e48
npuchk: [_ZN6npuchk13load_gm_to_caEPhS0_m] -> 0xffff9e6772bc
npuchk: [_ZN6npuchk13load_gm_to_caEPhS0_m15addr_cal_mode_t] -> 0xffff9e677544
npuchk: [_ZN6npuchk13load_gm_to_caEPhS0_thtth15addr_cal_mode_t] -> 0xffff9e67783c
npuchk: [_ZN6npuchk13load_gm_to_caEPhS0_thtthb15addr_cal_mode_t] -> 0xffff9e677c6c
npuchk: [_ZN6npuchk13load_gm_to_caEPhS0_thth] -> 0xffff9e6780e0
npuchk: [_ZN6npuchk13load_gm_to_caEPN7float165Fp16TES2_thth15addr_cal_mode_t] -> 0xffff9e7bf56c
npuchk: [_ZN6npuchk13load_gm_to_caEPaS0_thth15addr_cal_mode_t] -> 0xffff9e7bf954
npuchk: [_ZN6npuchk13load_gm_to_caEPhS0_thth15addr_cal_mode_t] -> 0xffff9e7bfd3c
npuchk: [_ZN6npuchk16load_gm_to_ca_s4EPvS0_m15addr_cal_mode_t] -> 0xffff9e678458
npuchk: [_ZN6npuchk16load_gm_to_ca_s4EPvS0_thtth15addr_cal_mode_t] -> 0xffff9e678750
npuchk: [_ZN6npuchk16load_gm_to_ca_s4EPvS0_thtthb15addr_cal_mode_t] -> 0xffff9e678b80
npuchk: [_ZN6npuchk19load_gm_to_ca_unzipEPN7float165Fp16TES2_] -> 0xffff9e7c0124
npuchk: [_ZN6npuchk19load_gm_to_ca_unzipEPvS0_] -> 0xffff9e7c0350
npuchk: [_ZN6npuchk13load_gm_to_cbEPN7float165Fp16TES2_m] -> 0xffff9e678ff4
npuchk: [_ZN6npuchk13load_gm_to_cbEPN7float165Fp16TES2_m15addr_cal_mode_t] -> 0xffff9e67927c
npuchk: [_ZN6npuchk13load_gm_to_cbEPN7float165Fp16TES2_thtth15addr_cal_mode_t] -> 0xffff9e679574
npuchk: [_ZN6npuchk13load_gm_to_cbEPN7float165Fp16TES2_thtthb15addr_cal_mode_t] -> 0xffff9e6799a4
npuchk: [_ZN6npuchk13load_gm_to_cbEPN7float165Fp16TES2_thth] -> 0xffff9e679e18
npuchk: [_ZN6npuchk13load_gm_to_cbEPN8bfloat165Bf16TES2_m] -> 0xffff9e67a190
npuchk: [_ZN6npuchk13load_gm_to_cbEPN8bfloat165Bf16TES2_m15addr_cal_mode_t] -> 0xffff9e67a418
npuchk: [_ZN6npuchk13load_gm_to_cbEPN8bfloat165Bf16TES2_thtth15addr_cal_mode_t] -> 0xffff9e67a710
npuchk: [_ZN6npuchk13load_gm_to_cbEPN8bfloat165Bf16TES2_thtthb15addr_cal_mode_t] -> 0xffff9e67ab40
npuchk: [_ZN6npuchk13load_gm_to_cbEPN8bfloat165Bf16TES2_thth] -> 0xffff9e67afb4
npuchk: [_ZN6npuchk13load_gm_to_cbEPfS0_m15addr_cal_mode_t] -> 0xffff9e67b32c
npuchk: [_ZN6npuchk13load_gm_to_cbEPfS0_thtth15addr_cal_mode_t] -> 0xffff9e67b624
npuchk: [_ZN6npuchk13load_gm_to_cbEPfS0_thtthb15addr_cal_mode_t] -> 0xffff9e67ba54
npuchk: [_ZN6npuchk13load_gm_to_cbEPiS0_m15addr_cal_mode_t] -> 0xffff9e67bec8
npuchk: [_ZN6npuchk13load_gm_to_cbEPiS0_thtth15addr_cal_mode_t] -> 0xffff9e67c1c0
npuchk: [_ZN6npuchk13load_gm_to_cbEPiS0_thtthb15addr_cal_mode_t] -> 0xffff9e67c5f0
npuchk: [_ZN6npuchk13load_gm_to_cbEPaS0_m] -> 0xffff9e67ca64
npuchk: [_ZN6npuchk13load_gm_to_cbEPaS0_m15addr_cal_mode_t] -> 0xffff9e67ccec
npuchk: [_ZN6npuchk13load_gm_to_cbEPaS0_thtth15addr_cal_mode_t] -> 0xffff9e67cfe4
npuchk: [_ZN6npuchk13load_gm_to_cbEPaS0_thtthb15addr_cal_mode_t] -> 0xffff9e67d414
npuchk: [_ZN6npuchk13load_gm_to_cbEPaS0_thth] -> 0xffff9e67d888
npuchk: [_ZN6npuchk13load_gm_to_cbEPjS0_m15addr_cal_mode_t] -> 0xffff9e67dc00
npuchk: [_ZN6npuchk13load_gm_to_cbEPjS0_thtth15addr_cal_mode_t] -> 0xffff9e67def8
npuchk: [_ZN6npuchk13load_gm_to_cbEPjS0_thtthb15addr_cal_mode_t] -> 0xffff9e67e328
npuchk: [_ZN6npuchk13load_gm_to_cbEPhS0_m] -> 0xffff9e67e79c
npuchk: [_ZN6npuchk13load_gm_to_cbEPhS0_m15addr_cal_mode_t] -> 0xffff9e67ea24
npuchk: [_ZN6npuchk13load_gm_to_cbEPhS0_thtth15addr_cal_mode_t] -> 0xffff9e67ed1c
npuchk: [_ZN6npuchk13load_gm_to_cbEPhS0_thtthb15addr_cal_mode_t] -> 0xffff9e67f14c
npuchk: [_ZN6npuchk13load_gm_to_cbEPhS0_thth] -> 0xffff9e67f5c0
npuchk: [_ZN6npuchk13load_gm_to_cbEPN7float165Fp16TES2_thth15addr_cal_mode_t] -> 0xffff9e7c057c
npuchk: [_ZN6npuchk13load_gm_to_cbEPaS0_thth15addr_cal_mode_t] -> 0xffff9e7c0964
npuchk: [_ZN6npuchk13load_gm_to_cbEPhS0_thth15addr_cal_mode_t] -> 0xffff9e7c0d4c
npuchk: [_ZN6npuchk16load_gm_to_cb_s4EPvS0_m15addr_cal_mode_t] -> 0xffff9e67f938
npuchk: [_ZN6npuchk16load_gm_to_cb_s4EPvS0_thtth15addr_cal_mode_t] -> 0xffff9e67fc30
npuchk: [_ZN6npuchk16load_gm_to_cb_s4EPvS0_thtthb15addr_cal_mode_t] -> 0xffff9e680060
npuchk: [_ZN6npuchk19load_gm_to_cb_unzipEPN7float165Fp16TES2_] -> 0xffff9e7602b4
npuchk: [_ZN6npuchk19load_gm_to_cb_unzipEPvS0_] -> 0xffff9e7604e4
npuchk: [_ZN6npuchk15load_gm_to_cbufEPN7float165Fp16TES2_m] -> 0xffff9e6804d4
npuchk: [_ZN6npuchk15load_gm_to_cbufEPN7float165Fp16TES2_m15addr_cal_mode_t] -> 0xffff9e68075c
npuchk: [_ZN6npuchk15load_gm_to_cbufEPN7float165Fp16TES2_thtth15addr_cal_mode_t] -> 0xffff9e680a54
npuchk: [_ZN6npuchk15load_gm_to_cbufEPN7float165Fp16TES2_thtthb15addr_cal_mode_t] -> 0xffff9e680e84
npuchk: [_ZN6npuchk15load_gm_to_cbufEPN7float165Fp16TES2_thth] -> 0xffff9e6812f8
npuchk: [_ZN6npuchk15load_gm_to_cbufEPN8bfloat165Bf16TES2_m] -> 0xffff9e681670
npuchk: [_ZN6npuchk15load_gm_to_cbufEPN8bfloat165Bf16TES2_m15addr_cal_mode_t] -> 0xffff9e6818f8
npuchk: [_ZN6npuchk15load_gm_to_cbufEPN8bfloat165Bf16TES2_thtth15addr_cal_mode_t] -> 0xffff9e681bf0
npuchk: [_ZN6npuchk15load_gm_to_cbufEPN8bfloat165Bf16TES2_thtthb15addr_cal_mode_t] -> 0xffff9e682020
npuchk: [_ZN6npuchk15load_gm_to_cbufEPN8bfloat165Bf16TES2_thth] -> 0xffff9e682494
npuchk: [_ZN6npuchk15load_gm_to_cbufEPfS0_m15addr_cal_mode_t] -> 0xffff9e68280c
npuchk: [_ZN6npuchk15load_gm_to_cbufEPfS0_thtth15addr_cal_mode_t] -> 0xffff9e682b04
npuchk: [_ZN6npuchk15load_gm_to_cbufEPfS0_thtthb15addr_cal_mode_t] -> 0xffff9e682f34
npuchk: [_ZN6npuchk15load_gm_to_cbufEPiS0_m15addr_cal_mode_t] -> 0xffff9e6833a8
npuchk: [_ZN6npuchk15load_gm_to_cbufEPiS0_thtth15addr_cal_mode_t] -> 0xffff9e6836a0
npuchk: [_ZN6npuchk15load_gm_to_cbufEPiS0_thtthb15addr_cal_mode_t] -> 0xffff9e683ad0
npuchk: [_ZN6npuchk15load_gm_to_cbufEPaS0_m] -> 0xffff9e683f44
npuchk: [_ZN6npuchk15load_gm_to_cbufEPaS0_m15addr_cal_mode_t] -> 0xffff9e6841cc
npuchk: [_ZN6npuchk15load_gm_to_cbufEPaS0_thtth15addr_cal_mode_t] -> 0xffff9e6844c4
npuchk: [_ZN6npuchk15load_gm_to_cbufEPaS0_thtthb15addr_cal_mode_t] -> 0xffff9e6848f4
npuchk: [_ZN6npuchk15load_gm_to_cbufEPaS0_thth] -> 0xffff9e684d68
npuchk: [_ZN6npuchk15load_gm_to_cbufEPjS0_m15addr_cal_mode_t] -> 0xffff9e6850e0
npuchk: [_ZN6npuchk15load_gm_to_cbufEPjS0_thtth15addr_cal_mode_t] -> 0xffff9e6853d8
npuchk: [_ZN6npuchk15load_gm_to_cbufEPjS0_thtthb15addr_cal_mode_t] -> 0xffff9e685808
npuchk: [_ZN6npuchk15load_gm_to_cbufEPhS0_m] -> 0xffff9e685c7c
npuchk: [_ZN6npuchk15load_gm_to_cbufEPhS0_m15addr_cal_mode_t] -> 0xffff9e685f04
npuchk: [_ZN6npuchk15load_gm_to_cbufEPhS0_thtth15addr_cal_mode_t] -> 0xffff9e6861fc
npuchk: [_ZN6npuchk15load_gm_to_cbufEPhS0_thtthb15addr_cal_mode_t] -> 0xffff9e68662c
npuchk: [_ZN6npuchk15load_gm_to_cbufEPhS0_thth] -> 0xffff9e686aa0
npuchk: [_ZN6npuchk15load_gm_to_cbufEPN7float165Fp16TES2_thth15addr_cal_mode_t] -> 0xffff9e7c1134
npuchk: [_ZN6npuchk15load_gm_to_cbufEPaS0_thth15addr_cal_mode_t] -> 0xffff9e7c151c
npuchk: [_ZN6npuchk15load_gm_to_cbufEPhS0_thth15addr_cal_mode_t] -> 0xffff9e7c1904
npuchk: [_ZN6npuchk18load_gm_to_cbuf_s4EPvS0_m15addr_cal_mode_t] -> 0xffff9e686e18
npuchk: [_ZN6npuchk18load_gm_to_cbuf_s4EPvS0_thtth15addr_cal_mode_t] -> 0xffff9e687110
npuchk: [_ZN6npuchk18load_gm_to_cbuf_s4EPvS0_thtthb15addr_cal_mode_t] -> 0xffff9e687540
npuchk: [_ZN6npuchk21load_gm_to_cbuf_unzipEPN7float165Fp16TES2_] -> 0xffff9e760714
npuchk: [_ZN6npuchk21load_gm_to_cbuf_unzipEPvS0_] -> 0xffff9e760944
npuchk: [_ZN6npuchk18load_image_to_cbufEPN7float165Fp16TEmm] -> 0xffff9e6879b4
npuchk: [_ZN6npuchk18load_image_to_cbufEPN7float165Fp16TEttttthhtth] -> 0xffff9e687c34
npuchk: [_ZN6npuchk18load_image_to_cbufEPsmm] -> (nil)
npuchk: [_ZN6npuchk18load_image_to_cbufEPsttttthhtth] -> (nil)
npuchk: [_ZN6npuchk18load_image_to_cbufEPamm] -> 0xffff9e68810c
npuchk: [_ZN6npuchk18load_image_to_cbufEPattttthhtth] -> 0xffff9e688388
npuchk: [_ZN6npuchk18load_image_to_cbufEPhmm] -> 0xffff9e760b74
npuchk: [_ZN6npuchk18load_image_to_cbufEPhttttthhtth] -> 0xffff9e760df4
npuchk: [_ZN6npuchk26load_smask_table_from_cbufEtPvm] -> (nil)
npuchk: [_ZN6npuchk24load_smask_table_from_gmEtPvm] -> 0xffff9e7612cc
npuchk: [_ZN6npuchk24load_smask_table_from_ubEtPvm] -> 0xffff9e761550
npuchk: [_ZN6npuchk24load_unzip_index_from_gmEPvm] -> 0xffff9e7617d8
npuchk: [_ZN6npuchk24load_unzip_index_from_gmEPvjh] -> 0xffff9e7619f4
npuchk: [_ZN6npuchk3madEPN7float165Fp16TES2_S2_m] -> 0xffff9e761c64
npuchk: [_ZN6npuchk3madEPN7float165Fp16TES2_S2_tttb] -> 0xffff9e761f54
npuchk: [_ZN6npuchk3madEPN7float165Fp16TES2_S2_ttthhbbbbb] -> 0xffff9e76231c
npuchk: [_ZN6npuchk3madEPN7float165Fp16TES2_S2_ttthbbb] -> (nil)
npuchk: [_ZN6npuchk3madEPfPN7float165Fp16TES3_m] -> 0xffff9e68885c
npuchk: [_ZN6npuchk3madEPfPN7float165Fp16TES3_tttb] -> 0xffff9e688b4c
npuchk: [_ZN6npuchk3madEPfPN7float165Fp16TES3_ttthhbbbbb] -> 0xffff9e688f14
npuchk: [_ZN6npuchk3madEPfPN7float165Fp16TES3_ttthbbb] -> 0xffff9e689490
npuchk: [_ZN6npuchk3madEPfPN7float165Fp16TES3_ttthhhbbbb] -> 0xffff9e689934
npuchk: [_ZN6npuchk3madEPfPN8bfloat165Bf16TES3_m] -> 0xffff9e689ebc
npuchk: [_ZN6npuchk3madEPfPN8bfloat165Bf16TES3_ttthbbb] -> 0xffff9e68a19c
npuchk: [_ZN6npuchk3madEPfPN8bfloat165Bf16TES3_ttthhhbbbb] -> 0xffff9e68a630
npuchk: [_ZN6npuchk3madEPfS0_S0_m] -> 0xffff9e68aba8
npuchk: [_ZN6npuchk3madEPfS0_S0_ttthbbb] -> 0xffff9e68ae9c
npuchk: [_ZN6npuchk3madEPfS0_S0_ttthhhbbbb] -> 0xffff9e68b344
npuchk: [_ZN6npuchk3madEPiPsPam] -> (nil)
npuchk: [_ZN6npuchk3madEPiPsPattth11unit_flag_tbb] -> (nil)
npuchk: [_ZN6npuchk3madEPiPaS1_m] -> 0xffff9e68b8d0
npuchk: [_ZN6npuchk3madEPiPaS1_tttb] -> 0xffff9e68bbc0
npuchk: [_ZN6npuchk3madEPiPaS1_ttthhbbbbb] -> 0xffff9e68bf88
npuchk: [_ZN6npuchk3madEPiPaS1_ttthbbb] -> 0xffff9e68c504
npuchk: [_ZN6npuchk3madEPiPaS1_ttthhhbbbb] -> 0xffff9e68c9a8
npuchk: [_ZN6npuchk3madEPjPhS1_m] -> 0xffff9e762898
npuchk: [_ZN6npuchk3madEPjPhS1_tttb] -> 0xffff9e762b88
npuchk: [_ZN6npuchk3madEPjPhS1_ttthhbbbbb] -> 0xffff9e762f50
npuchk: [_ZN6npuchk3madEPjPhS1_ttthbbb] -> (nil)
npuchk: [_ZN6npuchk3madEPiPhS1_m] -> 0xffff9e7634cc
npuchk: [_ZN6npuchk3madEPiPhS1_tttb] -> 0xffff9e7637bc
npuchk: [_ZN6npuchk3madEPiPhS1_ttthhbbbbb] -> 0xffff9e763b84
npuchk: [_ZN6npuchk3madEPiPhS1_ttthbbb] -> (nil)
npuchk: [_ZN6npuchk3madEPiPhS1_ttthhhbbbb] -> 0xffff9e764100
npuchk: [_ZN6npuchk3madEPiPhPam] -> 0xffff9e764688
npuchk: [_ZN6npuchk3madEPiPhPatttb] -> 0xffff9e764978
npuchk: [_ZN6npuchk3madEPiPhPattthhbbbbb] -> 0xffff9e764d40
npuchk: [_ZN6npuchk3madEPiPhPattthbbb] -> (nil)
npuchk: [_ZN6npuchk3madEPN7float165Fp16TES2_S2_mm] -> (nil)
npuchk: [_ZN6npuchk3madEPN7float165Fp16TES2_S2_mtttb] -> (nil)
npuchk: [_ZN6npuchk3madEPN7float165Fp16TES2_S2_mttthbbb] -> (nil)
npuchk: [_ZN6npuchk3madEPfPN7float165Fp16TES3_mm] -> (nil)
npuchk: [_ZN6npuchk3madEPfPN7float165Fp16TES3_mtttb] -> (nil)
npuchk: [_ZN6npuchk3madEPfPN7float165Fp16TES3_mttthbbb] -> (nil)
npuchk: [_ZN6npuchk3madEPfPN8bfloat165Bf16TES3_mm] -> (nil)
npuchk: [_ZN6npuchk3madEPfPN8bfloat165Bf16TES3_mttthbbb] -> (nil)
npuchk: [_ZN6npuchk3madEPfS0_S0_mm] -> (nil)
npuchk: [_ZN6npuchk3madEPfS0_S0_mttthbbb] -> (nil)
npuchk: [_ZN6npuchk3madEPiPsPamm] -> (nil)
npuchk: [_ZN6npuchk3madEPiPsPamttth11unit_flag_tbb] -> (nil)
npuchk: [_ZN6npuchk3madEPiPaS1_mm] -> (nil)
npuchk: [_ZN6npuchk3madEPiPaS1_mtttb] -> (nil)
npuchk: [_ZN6npuchk3madEPiPaS1_mttthbbb] -> (nil)
npuchk: [_ZN6npuchk3madEPjPhS1_mm] -> (nil)
npuchk: [_ZN6npuchk3madEPjPhS1_mtttb] -> (nil)
npuchk: [_ZN6npuchk3madEPjPhS1_mttthbbb] -> (nil)
npuchk: [_ZN6npuchk3madEPiPhS1_mm] -> (nil)
npuchk: [_ZN6npuchk3madEPiPhS1_mtttb] -> (nil)
npuchk: [_ZN6npuchk3madEPiPhS1_mttthbbb] -> (nil)
npuchk: [_ZN6npuchk3madEPiPhPamm] -> (nil)
npuchk: [_ZN6npuchk3madEPiPhPamtttb] -> (nil)
npuchk: [_ZN6npuchk3madEPiPhPamttthbbb] -> (nil)
npuchk: [_ZN6npuchk8mad_b8u2EPiPaPvm] -> 0xffff9e7652bc
npuchk: [_ZN6npuchk8mad_b8u2EPiPaPvtttb] -> 0xffff9e7655ac
npuchk: [_ZN6npuchk8mad_b8u2EPiPaPvttthhbbbbb] -> 0xffff9e765974
npuchk: [_ZN6npuchk8mad_b8u2EPiPhPvm] -> 0xffff9e765ef0
npuchk: [_ZN6npuchk8mad_b8u2EPiPhPvtttb] -> 0xffff9e7661e0
npuchk: [_ZN6npuchk8mad_b8u2EPiPhPvttthhbbbbb] -> 0xffff9e7665a8
npuchk: [_ZN6npuchk12mad_bf162f32EPfPtS1_m] -> (nil)
npuchk: [_ZN6npuchk12mad_bf162f32EPfPtS1_ttthbbb] -> (nil)
npuchk: [_ZN6npuchk12mad_bf162f32EPfPtS1_ttthhhbbbb] -> (nil)
npuchk: [_ZN6npuchk9mad_f16u2EPN7float165Fp16TES2_Pvm] -> 0xffff9e766b24
npuchk: [_ZN6npuchk9mad_f16u2EPN7float165Fp16TES2_Pvtttb] -> 0xffff9e766e14
npuchk: [_ZN6npuchk9mad_f16u2EPN7float165Fp16TES2_Pvttthhbbbbb] -> 0xffff9e7671dc
npuchk: [_ZN6npuchk6mad_s4EPiPvS1_m] -> 0xffff9e68cf30
npuchk: [_ZN6npuchk6mad_s4EPiPvS1_tttb] -> 0xffff9e68d220
npuchk: [_ZN6npuchk6mad_s4EPiPvS1_ttthhbbbbb] -> 0xffff9e68d5e8
npuchk: [_ZN6npuchk6mad_s4EPiPvS1_ttthbbb] -> 0xffff9e68db64
npuchk: [_ZN6npuchk6mad_s4EPiPvS1_ttthhhbbbb] -> 0xffff9e68e008
npuchk: [_ZN6npuchk6mad_spEPiPaS1_m] -> 0xffff9e68e590
npuchk: [_ZN6npuchk6mad_spEPiPaS1_ttthbb] -> 0xffff9e68e880
npuchk: [_ZN6npuchk12mad_tf322f32EPfS0_S0_m] -> 0xffff9e68ece0
npuchk: [_ZN6npuchk12mad_tf322f32EPfS0_S0_ttthbbb] -> 0xffff9e68efd4
npuchk: [_ZN6npuchk12mad_tf322f32EPfS0_S0_ttthhhbbbb] -> 0xffff9e68f47c
npuchk: [_ZN6npuchk8mov_vsprE6VSPR_tm] -> (nil)
npuchk: [_ZN6npuchk13mte4_mte5_offEv] -> 0xffff9e68fa08
npuchk: [_ZN6npuchk12mte4_mte5_onEv] -> 0xffff9e68fb34
npuchk: [_ZN6npuchk7mvf_dciEv] -> (nil)
npuchk: [_ZN6npuchk21mvf_gm_to_ub_b128_u16EPvS0_S0_m] -> (nil)
npuchk: [_ZN6npuchk21mvf_gm_to_ub_b128_u16EPvS0_S0_thh] -> (nil)
npuchk: [_ZN6npuchk21mvf_gm_to_ub_b128_u32EPvS0_S0_m] -> (nil)
npuchk: [_ZN6npuchk21mvf_gm_to_ub_b128_u32EPvS0_S0_thh] -> (nil)
npuchk: [_ZN6npuchk21mvf_gm_to_ub_b256_u16EPvS0_S0_m] -> (nil)
npuchk: [_ZN6npuchk21mvf_gm_to_ub_b256_u16EPvS0_S0_thh] -> (nil)
npuchk: [_ZN6npuchk21mvf_gm_to_ub_b256_u32EPvS0_S0_m] -> (nil)
npuchk: [_ZN6npuchk21mvf_gm_to_ub_b256_u32EPvS0_S0_thh] -> (nil)
npuchk: [_ZN6npuchk20mvf_gm_to_ub_b32_u16EPvS0_S0_m] -> (nil)
npuchk: [_ZN6npuchk20mvf_gm_to_ub_b32_u16EPvS0_S0_thh] -> (nil)
npuchk: [_ZN6npuchk20mvf_gm_to_ub_b32_u32EPvS0_S0_m] -> (nil)
npuchk: [_ZN6npuchk20mvf_gm_to_ub_b32_u32EPvS0_S0_thh] -> (nil)
npuchk: [_ZN6npuchk21mvf_gm_to_ub_b512_u16EPvS0_S0_m] -> (nil)
npuchk: [_ZN6npuchk21mvf_gm_to_ub_b512_u16EPvS0_S0_thh] -> (nil)
npuchk: [_ZN6npuchk21mvf_gm_to_ub_b512_u32EPvS0_S0_m] -> (nil)
npuchk: [_ZN6npuchk21mvf_gm_to_ub_b512_u32EPvS0_S0_thh] -> (nil)
npuchk: [_ZN6npuchk20mvf_gm_to_ub_b64_u16EPvS0_S0_m] -> (nil)
npuchk: [_ZN6npuchk20mvf_gm_to_ub_b64_u16EPvS0_S0_thh] -> (nil)
npuchk: [_ZN6npuchk20mvf_gm_to_ub_b64_u32EPvS0_S0_m] -> (nil)
npuchk: [_ZN6npuchk20mvf_gm_to_ub_b64_u32EPvS0_S0_thh] -> (nil)
npuchk: [_ZN6npuchk12pc_trace_offEv] -> 0xffff9e68fc60
npuchk: [_ZN6npuchk11pc_trace_onEv] -> 0xffff9e68fd8c
npuchk: [_ZN6npuchk12pipe_barrierE6pipe_t] -> 0xffff9e68feb8
npuchk: [_ZN6npuchk7preloadEPKv] -> 0xffff9e767758
npuchk: [_ZN6npuchk7preloadEPKvl] -> (nil)
npuchk: [_ZN6npuchk12release_pbidEm] -> (nil)
npuchk: [_ZN6npuchk7rpn_corEPN7float165Fp16TES2_m] -> 0xffff9e767914
npuchk: [_ZN6npuchk7rpn_corEPN7float165Fp16TES2_htt] -> 0xffff9e767b94
npuchk: [_ZN6npuchk12rpn_cor_diagEPN7float165Fp16TES2_] -> 0xffff9e767eb4
npuchk: [_ZN6npuchk13rpn_cor_diag2EPN7float165Fp16TES2_] -> (nil)
npuchk: [_ZN6npuchk8sbitset0Eml] -> (nil)
npuchk: [_ZN6npuchk8sbitset1Eml] -> (nil)
npuchk: [_ZN6npuchk12scatter_vabsE7vtype_t10ub_addr8_tS1_m] -> (nil)
npuchk: [_ZN6npuchk12scatter_vabsE7vtype_t10ub_addr8_tS1_htt] -> (nil)
npuchk: [_ZN6npuchk16scatter_vabs_f16E10ub_addr8_tS0_m] -> 0xffff9e7680dc
npuchk: [_ZN6npuchk16scatter_vabs_f16E10ub_addr8_tS0_htt] -> 0xffff9e7682bc
npuchk: [_ZN6npuchk16scatter_vabs_f32E10ub_addr8_tS0_m] -> 0xffff9e768520
npuchk: [_ZN6npuchk16scatter_vabs_f32E10ub_addr8_tS0_htt] -> 0xffff9e768700
npuchk: [_ZN6npuchk16scatter_vabs_s16E10ub_addr8_tS0_m] -> (nil)
npuchk: [_ZN6npuchk16scatter_vabs_s16E10ub_addr8_tS0_htt] -> (nil)
npuchk: [_ZN6npuchk12scatter_vaddE7vtype_t10ub_addr8_tS1_S1_m] -> (nil)
npuchk: [_ZN6npuchk12scatter_vaddE7vtype_t10ub_addr8_tS1_S1_httt] -> (nil)
npuchk: [_ZN6npuchk16scatter_vadd_f16E10ub_addr8_tS0_S0_m] -> 0xffff9e768964
npuchk: [_ZN6npuchk16scatter_vadd_f16E10ub_addr8_tS0_S0_httt] -> 0xffff9e768b8c
npuchk: [_ZN6npuchk16scatter_vadd_f32E10ub_addr8_tS0_S0_m] -> 0xffff9e768e74
npuchk: [_ZN6npuchk16scatter_vadd_f32E10ub_addr8_tS0_S0_httt] -> 0xffff9e76909c
npuchk: [_ZN6npuchk16scatter_vadd_s16E10ub_addr8_tS0_S0_m] -> 0xffff9e769384
npuchk: [_ZN6npuchk16scatter_vadd_s16E10ub_addr8_tS0_S0_httt] -> 0xffff9e7695ac
npuchk: [_ZN6npuchk16scatter_vadd_s32E10ub_addr8_tS0_S0_m] -> 0xffff9e769894
npuchk: [_ZN6npuchk16scatter_vadd_s32E10ub_addr8_tS0_S0_httt] -> 0xffff9e769abc
npuchk: [_ZN6npuchk13scatter_vaddsE7vtype_t10ub_addr8_tS1_N7float165Fp16TEm] -> (nil)
npuchk: [_ZN6npuchk13scatter_vaddsE7vtype_t10ub_addr8_tS1_N7float165Fp16TEhtt] -> (nil)
npuchk: [_ZN6npuchk13scatter_vaddsE7vtype_t10ub_addr8_tS1_fm] -> (nil)
npuchk: [_ZN6npuchk13scatter_vaddsE7vtype_t10ub_addr8_tS1_fhtt] -> (nil)
npuchk: [_ZN6npuchk17scatter_vadds_f16E10ub_addr8_tS0_N7float165Fp16TEm] -> 0xffff9e769da4
npuchk: [_ZN6npuchk17scatter_vadds_f16E10ub_addr8_tS0_N7float165Fp16TEhtt] -> 0xffff9e769fcc
npuchk: [_ZN6npuchk17scatter_vadds_f32E10ub_addr8_tS0_fm] -> 0xffff9e76a278
npuchk: [_ZN6npuchk17scatter_vadds_f32E10ub_addr8_tS0_fhtt] -> 0xffff9e76a494
npuchk: [_ZN6npuchk17scatter_vadds_s16E10ub_addr8_tS0_sm] -> 0xffff9e76a734
npuchk: [_ZN6npuchk17scatter_vadds_s16E10ub_addr8_tS0_shtt] -> 0xffff9e76a950
npuchk: [_ZN6npuchk17scatter_vadds_s32E10ub_addr8_tS0_im] -> 0xffff9e76abf0
npuchk: [_ZN6npuchk17scatter_vadds_s32E10ub_addr8_tS0_ihtt] -> 0xffff9e76ae0c
npuchk: [_ZN6npuchk13scatter_vaxpyE7vtype_t10ub_addr8_tS1_N7float165Fp16TEmb] -> (nil)
npuchk: [_ZN6npuchk13scatter_vaxpyE7vtype_t10ub_addr8_tS1_N7float165Fp16TEhttb] -> (nil)
npuchk: [_ZN6npuchk13scatter_vaxpyE7vtype_t10ub_addr8_tS1_fmb] -> (nil)
npuchk: [_ZN6npuchk13scatter_vaxpyE7vtype_t10ub_addr8_tS1_fhttb] -> (nil)
npuchk: [_ZN6npuchk17scatter_vaxpy_f16E10ub_addr8_tS0_N7float165Fp16TEmb] -> 0xffff9e76b0ac
npuchk: [_ZN6npuchk17scatter_vaxpy_f16E10ub_addr8_tS0_N7float165Fp16TEhttb] -> 0xffff9e76b310
npuchk: [_ZN6npuchk17scatter_vaxpy_f32E10ub_addr8_tS0_fmb] -> 0xffff9e76b5f8
npuchk: [_ZN6npuchk17scatter_vaxpy_f32E10ub_addr8_tS0_fhttb] -> 0xffff9e76b850
npuchk: [_ZN6npuchk18scatter_vaxpy_fmixE10ub_addr8_tS0_N7float165Fp16TEmb] -> 0xffff9e76bb2c
npuchk: [_ZN6npuchk18scatter_vaxpy_fmixE10ub_addr8_tS0_N7float165Fp16TEhttb] -> 0xffff9e76bd90
npuchk: [_ZN6npuchk15scatter_vcmp_eqE7vtype_t10ub_addr8_tS1_m] -> (nil)
npuchk: [_ZN6npuchk19scatter_vcmp_eq_f16E10ub_addr8_tS0_m] -> 0xffff9e76c078
npuchk: [_ZN6npuchk19scatter_vcmp_eq_f32E10ub_addr8_tS0_m] -> 0xffff9e76c258
npuchk: [_ZN6npuchk19scatter_vcmp_eq_s16E10ub_addr8_tS0_m] -> (nil)
npuchk: [_ZN6npuchk15scatter_vcmp_geE7vtype_t10ub_addr8_tS1_m] -> (nil)
npuchk: [_ZN6npuchk19scatter_vcmp_ge_f16E10ub_addr8_tS0_m] -> 0xffff9e76c438
npuchk: [_ZN6npuchk19scatter_vcmp_ge_f32E10ub_addr8_tS0_m] -> 0xffff9e76c618
npuchk: [_ZN6npuchk19scatter_vcmp_ge_s16E10ub_addr8_tS0_m] -> (nil)
npuchk: [_ZN6npuchk15scatter_vcmp_gtE7vtype_t10ub_addr8_tS1_m] -> (nil)
npuchk: [_ZN6npuchk19scatter_vcmp_gt_f16E10ub_addr8_tS0_m] -> 0xffff9e76c7f8
npuchk: [_ZN6npuchk19scatter_vcmp_gt_f32E10ub_addr8_tS0_m] -> 0xffff9e76c9d8
npuchk: [_ZN6npuchk19scatter_vcmp_gt_s16E10ub_addr8_tS0_m] -> (nil)
npuchk: [_ZN6npuchk15scatter_vcmp_leE7vtype_t10ub_addr8_tS1_m] -> (nil)
npuchk: [_ZN6npuchk19scatter_vcmp_le_f16E10ub_addr8_tS0_m] -> 0xffff9e76cbb8
npuchk: [_ZN6npuchk19scatter_vcmp_le_f32E10ub_addr8_tS0_m] -> 0xffff9e76cd98
npuchk: [_ZN6npuchk19scatter_vcmp_le_s16E10ub_addr8_tS0_m] -> (nil)
npuchk: [_ZN6npuchk15scatter_vcmp_ltE7vtype_t10ub_addr8_tS1_m] -> (nil)
npuchk: [_ZN6npuchk19scatter_vcmp_lt_f16E10ub_addr8_tS0_m] -> 0xffff9e76cf78
npuchk: [_ZN6npuchk19scatter_vcmp_lt_f32E10ub_addr8_tS0_m] -> 0xffff9e76d158
npuchk: [_ZN6npuchk19scatter_vcmp_lt_s16E10ub_addr8_tS0_m] -> (nil)
npuchk: [_ZN6npuchk15scatter_vcmp_neE7vtype_t10ub_addr8_tS1_m] -> (nil)
npuchk: [_ZN6npuchk19scatter_vcmp_ne_f16E10ub_addr8_tS0_m] -> 0xffff9e76d338
npuchk: [_ZN6npuchk19scatter_vcmp_ne_f32E10ub_addr8_tS0_m] -> 0xffff9e76d518
npuchk: [_ZN6npuchk19scatter_vcmp_ne_s16E10ub_addr8_tS0_m] -> (nil)
npuchk: [_ZN6npuchk19scatter_vconcat_f16EPN7float165Fp16TE10ub_addr8_tm] -> 0xffff9e76d6f8
npuchk: [_ZN6npuchk19scatter_vconcat_f16EPN7float165Fp16TE10ub_addr8_thh] -> 0xffff9e76d8cc
npuchk: [_ZN6npuchk19scatter_vconcat_f32EPf10ub_addr8_tm] -> 0xffff9e76daf4
npuchk: [_ZN6npuchk19scatter_vconcat_f32EPf10ub_addr8_thh] -> 0xffff9e76dcc8
npuchk: [_ZN6npuchk17scatter_vconv_deqE10ub_addr8_tS0_mb] -> 0xffff9e76def0
npuchk: [_ZN6npuchk17scatter_vconv_deqE10ub_addr8_tS0_httb] -> 0xffff9e76e10c
npuchk: [_ZN6npuchk21scatter_vconv_f162f32E10ub_addr8_tS0_mb] -> 0xffff9e76e3ac
npuchk: [_ZN6npuchk21scatter_vconv_f162f32E10ub_addr8_tS0_httb] -> 0xffff9e76e5c8
npuchk: [_ZN6npuchk22scatter_vconv_f162s32aE10ub_addr8_tS0_mb] -> 0xffff9e76e868
npuchk: [_ZN6npuchk22scatter_vconv_f162s32aE10ub_addr8_tS0_httb] -> 0xffff9e76ea84
npuchk: [_ZN6npuchk22scatter_vconv_f162s32cE10ub_addr8_tS0_mb] -> 0xffff9e76ed24
npuchk: [_ZN6npuchk22scatter_vconv_f162s32cE10ub_addr8_tS0_httb] -> 0xffff9e76ef40
npuchk: [_ZN6npuchk22scatter_vconv_f162s32fE10ub_addr8_tS0_mb] -> 0xffff9e76f1e0
npuchk: [_ZN6npuchk22scatter_vconv_f162s32fE10ub_addr8_tS0_httb] -> 0xffff9e76f3fc
npuchk: [_ZN6npuchk22scatter_vconv_f162s32rE10ub_addr8_tS0_mb] -> 0xffff9e76f69c
npuchk: [_ZN6npuchk22scatter_vconv_f162s32rE10ub_addr8_tS0_httb] -> 0xffff9e76f8b8
npuchk: [_ZN6npuchk22scatter_vconv_f162s32zE10ub_addr8_tS0_mb] -> 0xffff9e76fb58
npuchk: [_ZN6npuchk22scatter_vconv_f162s32zE10ub_addr8_tS0_httb] -> 0xffff9e76fd74
npuchk: [_ZN6npuchk20scatter_vconv_f162s8E10ub_addr8_tS0_mb] -> 0xffff9e770014
npuchk: [_ZN6npuchk20scatter_vconv_f162s8E10ub_addr8_tS0_httb] -> 0xffff9e770230
npuchk: [_ZN6npuchk21scatter_vconv_f162s8aE10ub_addr8_tS0_mb] -> 0xffff9e7704d0
npuchk: [_ZN6npuchk21scatter_vconv_f162s8aE10ub_addr8_tS0_httb] -> 0xffff9e7706ec
npuchk: [_ZN6npuchk21scatter_vconv_f162s8cE10ub_addr8_tS0_mb] -> 0xffff9e77098c
npuchk: [_ZN6npuchk21scatter_vconv_f162s8cE10ub_addr8_tS0_httb] -> 0xffff9e770ba8
npuchk: [_ZN6npuchk21scatter_vconv_f162s8fE10ub_addr8_tS0_mb] -> 0xffff9e770e48
npuchk: [_ZN6npuchk21scatter_vconv_f162s8fE10ub_addr8_tS0_httb] -> 0xffff9e771064
npuchk: [_ZN6npuchk21scatter_vconv_f162s8zE10ub_addr8_tS0_mb] -> 0xffff9e771304
npuchk: [_ZN6npuchk21scatter_vconv_f162s8zE10ub_addr8_tS0_httb] -> 0xffff9e771520
npuchk: [_ZN6npuchk20scatter_vconv_f162u8E10ub_addr8_tS0_mb] -> 0xffff9e7717c0
npuchk: [_ZN6npuchk20scatter_vconv_f162u8E10ub_addr8_tS0_httb] -> 0xffff9e7719dc
npuchk: [_ZN6npuchk21scatter_vconv_f162u8aE10ub_addr8_tS0_mb] -> 0xffff9e771c7c
npuchk: [_ZN6npuchk21scatter_vconv_f162u8aE10ub_addr8_tS0_httb] -> 0xffff9e771e98
npuchk: [_ZN6npuchk21scatter_vconv_f162u8cE10ub_addr8_tS0_mb] -> 0xffff9e772138
npuchk: [_ZN6npuchk21scatter_vconv_f162u8cE10ub_addr8_tS0_httb] -> 0xffff9e772354
npuchk: [_ZN6npuchk21scatter_vconv_f162u8fE10ub_addr8_tS0_mb] -> 0xffff9e7725f4
npuchk: [_ZN6npuchk21scatter_vconv_f162u8fE10ub_addr8_tS0_httb] -> 0xffff9e772810
npuchk: [_ZN6npuchk21scatter_vconv_f162u8zE10ub_addr8_tS0_mb] -> 0xffff9e772ab0
npuchk: [_ZN6npuchk21scatter_vconv_f162u8zE10ub_addr8_tS0_httb] -> 0xffff9e772ccc
npuchk: [_ZN6npuchk21scatter_vconv_f322f16E10ub_addr8_tS0_mb] -> 0xffff9e772f6c
npuchk: [_ZN6npuchk21scatter_vconv_f322f16E10ub_addr8_tS0_httb] -> 0xffff9e773188
npuchk: [_ZN6npuchk22scatter_vconv_f322f16oE10ub_addr8_tS0_mb] -> 0xffff9e773428
npuchk: [_ZN6npuchk22scatter_vconv_f322f16oE10ub_addr8_tS0_httb] -> 0xffff9e773644
npuchk: [_ZN6npuchk22scatter_vconv_f322s32aE10ub_addr8_tS0_mb] -> 0xffff9e7738e4
npuchk: [_ZN6npuchk22scatter_vconv_f322s32aE10ub_addr8_tS0_httb] -> 0xffff9e773b00
npuchk: [_ZN6npuchk22scatter_vconv_f322s32cE10ub_addr8_tS0_mb] -> 0xffff9e773da0
npuchk: [_ZN6npuchk22scatter_vconv_f322s32cE10ub_addr8_tS0_httb] -> 0xffff9e773fbc
npuchk: [_ZN6npuchk22scatter_vconv_f322s32fE10ub_addr8_tS0_mb] -> 0xffff9e77425c
npuchk: [_ZN6npuchk22scatter_vconv_f322s32fE10ub_addr8_tS0_httb] -> 0xffff9e774478
npuchk: [_ZN6npuchk22scatter_vconv_f322s32rE10ub_addr8_tS0_mb] -> 0xffff9e774718
npuchk: [_ZN6npuchk22scatter_vconv_f322s32rE10ub_addr8_tS0_httb] -> 0xffff9e774934
npuchk: [_ZN6npuchk22scatter_vconv_f322s32zE10ub_addr8_tS0_mb] -> 0xffff9e774bd4
npuchk: [_ZN6npuchk22scatter_vconv_f322s32zE10ub_addr8_tS0_httb] -> 0xffff9e774df0
npuchk: [_ZN6npuchk21scatter_vconv_s322f32E10ub_addr8_tS0_mb] -> 0xffff9e775090
npuchk: [_ZN6npuchk21scatter_vconv_s322f32E10ub_addr8_tS0_httb] -> 0xffff9e7752ac
npuchk: [_ZN6npuchk20scatter_vconv_s82f16E10ub_addr8_tS0_mb] -> 0xffff9e77554c
npuchk: [_ZN6npuchk20scatter_vconv_s82f16E10ub_addr8_tS0_httb] -> 0xffff9e775768
npuchk: [_ZN6npuchk20scatter_vconv_u82f16E10ub_addr8_tS0_mb] -> 0xffff9e775a08
npuchk: [_ZN6npuchk20scatter_vconv_u82f16E10ub_addr8_tS0_httb] -> 0xffff9e775c24
npuchk: [_ZN6npuchk21scatter_vcshuffle_b16E10ub_addr8_tS0_m] -> 0xffff9e775ec4
npuchk: [_ZN6npuchk21scatter_vcshuffle_b16E10ub_addr8_tS0_htth] -> 0xffff9e7760a0
npuchk: [_ZN6npuchk21scatter_vcshuffle_b32E10ub_addr8_tS0_m] -> 0xffff9e776348
npuchk: [_ZN6npuchk21scatter_vcshuffle_b32E10ub_addr8_tS0_htth] -> 0xffff9e776528
npuchk: [_ZN6npuchk20scatter_vcshuffle_b8E10ub_addr8_tS0_m] -> 0xffff9e7767d4
npuchk: [_ZN6npuchk20scatter_vcshuffle_b8E10ub_addr8_tS0_htth] -> 0xffff9e7769b0
npuchk: [_ZN6npuchk12scatter_vdivE7vtype_t10ub_addr8_tS1_S1_m] -> (nil)
npuchk: [_ZN6npuchk12scatter_vdivE7vtype_t10ub_addr8_tS1_S1_httt] -> (nil)
npuchk: [_ZN6npuchk16scatter_vdiv_f16E10ub_addr8_tS0_S0_m] -> 0xffff9e776c58
npuchk: [_ZN6npuchk16scatter_vdiv_f16E10ub_addr8_tS0_S0_httt] -> 0xffff9e776e80
npuchk: [_ZN6npuchk16scatter_vdiv_f32E10ub_addr8_tS0_S0_m] -> 0xffff9e777168
npuchk: [_ZN6npuchk16scatter_vdiv_f32E10ub_addr8_tS0_S0_httt] -> 0xffff9e777390
npuchk: [_ZN6npuchk18scatter_vector_movE7vtype_t10ub_addr8_tS1_m] -> (nil)
npuchk: [_ZN6npuchk18scatter_vector_movE7vtype_t10ub_addr8_tS1_htt] -> (nil)
npuchk: [_ZN6npuchk22scatter_vector_mov_f16E10ub_addr8_tS0_m] -> 0xffff9e777678
npuchk: [_ZN6npuchk22scatter_vector_mov_f16E10ub_addr8_tS0_htt] -> 0xffff9e777858
npuchk: [_ZN6npuchk22scatter_vector_mov_s16E10ub_addr8_tS0_m] -> 0xffff9e777abc
npuchk: [_ZN6npuchk22scatter_vector_mov_s16E10ub_addr8_tS0_htt] -> 0xffff9e777c9c
npuchk: [_ZN6npuchk22scatter_vector_mov_u16E10ub_addr8_tS0_m] -> 0xffff9e777f00
npuchk: [_ZN6npuchk22scatter_vector_mov_u16E10ub_addr8_tS0_htt] -> 0xffff9e7780e0
npuchk: [_ZN6npuchk12scatter_vexpE7vtype_t10ub_addr8_tS1_m] -> (nil)
npuchk: [_ZN6npuchk12scatter_vexpE7vtype_t10ub_addr8_tS1_htt] -> (nil)
npuchk: [_ZN6npuchk16scatter_vexp_f16E10ub_addr8_tS0_m] -> 0xffff9e778344
npuchk: [_ZN6npuchk16scatter_vexp_f16E10ub_addr8_tS0_htt] -> 0xffff9e778524
npuchk: [_ZN6npuchk16scatter_vexp_f32E10ub_addr8_tS0_m] -> 0xffff9e778788
npuchk: [_ZN6npuchk16scatter_vexp_f32E10ub_addr8_tS0_htt] -> 0xffff9e778968
npuchk: [_ZN6npuchk20scatter_vextract_f16E10ub_addr8_tPN7float165Fp16TEm] -> 0xffff9e778bcc
npuchk: [_ZN6npuchk20scatter_vextract_f16E10ub_addr8_tPN7float165Fp16TEhh] -> 0xffff9e778da0
npuchk: [_ZN6npuchk20scatter_vextract_f32E10ub_addr8_tPfm] -> 0xffff9e778fc8
npuchk: [_ZN6npuchk20scatter_vextract_f32E10ub_addr8_tPfhh] -> 0xffff9e77919c
npuchk: [_ZN6npuchk11scatter_vlnE7vtype_t10ub_addr8_tS1_m] -> (nil)
npuchk: [_ZN6npuchk11scatter_vlnE7vtype_t10ub_addr8_tS1_htt] -> (nil)
npuchk: [_ZN6npuchk15scatter_vln_f16E10ub_addr8_tS0_m] -> 0xffff9e7793c4
npuchk: [_ZN6npuchk15scatter_vln_f16E10ub_addr8_tS0_htt] -> 0xffff9e7795a4
npuchk: [_ZN6npuchk15scatter_vln_f32E10ub_addr8_tS0_m] -> 0xffff9e779808
npuchk: [_ZN6npuchk15scatter_vln_f32E10ub_addr8_tS0_htt] -> 0xffff9e7799e8
npuchk: [_ZN6npuchk13scatter_vmaddE7vtype_t10ub_addr8_tS1_S1_m] -> (nil)
npuchk: [_ZN6npuchk13scatter_vmaddE7vtype_t10ub_addr8_tS1_S1_httt] -> (nil)
npuchk: [_ZN6npuchk17scatter_vmadd_f16E10ub_addr8_tS0_S0_m] -> 0xffff9e779c4c
npuchk: [_ZN6npuchk17scatter_vmadd_f16E10ub_addr8_tS0_S0_httt] -> 0xffff9e779e74
npuchk: [_ZN6npuchk17scatter_vmadd_f32E10ub_addr8_tS0_S0_m] -> 0xffff9e77a15c
npuchk: [_ZN6npuchk17scatter_vmadd_f32E10ub_addr8_tS0_S0_httt] -> 0xffff9e77a384
npuchk: [_ZN6npuchk17scatter_vmaddreluE7vtype_t10ub_addr8_tS1_S1_m] -> (nil)
npuchk: [_ZN6npuchk17scatter_vmaddreluE7vtype_t10ub_addr8_tS1_S1_httt] -> (nil)
npuchk: [_ZN6npuchk21scatter_vmaddrelu_f16E10ub_addr8_tS0_S0_m] -> 0xffff9e77a66c
npuchk: [_ZN6npuchk21scatter_vmaddrelu_f16E10ub_addr8_tS0_S0_httt] -> 0xffff9e77a894
npuchk: [_ZN6npuchk21scatter_vmaddrelu_f32E10ub_addr8_tS0_S0_m] -> 0xffff9e77ab7c
npuchk: [_ZN6npuchk21scatter_vmaddrelu_f32E10ub_addr8_tS0_S0_httt] -> 0xffff9e77ada4
npuchk: [_ZN6npuchk12scatter_vmaxE7vtype_t10ub_addr8_tS1_S1_m] -> (nil)
npuchk: [_ZN6npuchk12scatter_vmaxE7vtype_t10ub_addr8_tS1_S1_httt] -> (nil)
npuchk: [_ZN6npuchk16scatter_vmax_f16E10ub_addr8_tS0_S0_m] -> 0xffff9e77b08c
npuchk: [_ZN6npuchk16scatter_vmax_f16E10ub_addr8_tS0_S0_httt] -> 0xffff9e77b2b4
npuchk: [_ZN6npuchk16scatter_vmax_f32E10ub_addr8_tS0_S0_m] -> 0xffff9e77b59c
npuchk: [_ZN6npuchk16scatter_vmax_f32E10ub_addr8_tS0_S0_httt] -> 0xffff9e77b7c4
npuchk: [_ZN6npuchk16scatter_vmax_s16E10ub_addr8_tS0_S0_m] -> 0xffff9e77baac
npuchk: [_ZN6npuchk16scatter_vmax_s16E10ub_addr8_tS0_S0_httt] -> 0xffff9e77bcd4
npuchk: [_ZN6npuchk16scatter_vmax_s32E10ub_addr8_tS0_S0_m] -> 0xffff9e77bfbc
npuchk: [_ZN6npuchk16scatter_vmax_s32E10ub_addr8_tS0_S0_httt] -> 0xffff9e77c1e4
npuchk: [_ZN6npuchk17scatter_vmaxs_f16E10ub_addr8_tS0_N7float165Fp16TEm] -> 0xffff9e77c4cc
npuchk: [_ZN6npuchk17scatter_vmaxs_f16E10ub_addr8_tS0_N7float165Fp16TEhtt] -> 0xffff9e77c6f4
npuchk: [_ZN6npuchk17scatter_vmaxs_f32E10ub_addr8_tS0_fm] -> 0xffff9e77c9a0
npuchk: [_ZN6npuchk17scatter_vmaxs_f32E10ub_addr8_tS0_fhtt] -> 0xffff9e77cbbc
npuchk: [_ZN6npuchk17scatter_vmaxs_s16E10ub_addr8_tS0_sm] -> 0xffff9e77ce5c
npuchk: [_ZN6npuchk17scatter_vmaxs_s16E10ub_addr8_tS0_shtt] -> 0xffff9e77d078
npuchk: [_ZN6npuchk17scatter_vmaxs_s32E10ub_addr8_tS0_im] -> 0xffff9e77d318
npuchk: [_ZN6npuchk17scatter_vmaxs_s32E10ub_addr8_tS0_ihtt] -> 0xffff9e77d534
npuchk: [_ZN6npuchk12scatter_vminE7vtype_t10ub_addr8_tS1_S1_m] -> (nil)
npuchk: [_ZN6npuchk12scatter_vminE7vtype_t10ub_addr8_tS1_S1_httt] -> (nil)
npuchk: [_ZN6npuchk16scatter_vmin_f16E10ub_addr8_tS0_S0_m] -> 0xffff9e77d7d4
npuchk: [_ZN6npuchk16scatter_vmin_f16E10ub_addr8_tS0_S0_httt] -> 0xffff9e77d9fc
npuchk: [_ZN6npuchk16scatter_vmin_f32E10ub_addr8_tS0_S0_m] -> 0xffff9e77dce4
npuchk: [_ZN6npuchk16scatter_vmin_f32E10ub_addr8_tS0_S0_httt] -> 0xffff9e77df0c
npuchk: [_ZN6npuchk16scatter_vmin_s16E10ub_addr8_tS0_S0_m] -> 0xffff9e77e1f4
npuchk: [_ZN6npuchk16scatter_vmin_s16E10ub_addr8_tS0_S0_httt] -> 0xffff9e77e41c
npuchk: [_ZN6npuchk16scatter_vmin_s32E10ub_addr8_tS0_S0_m] -> 0xffff9e77e704
npuchk: [_ZN6npuchk16scatter_vmin_s32E10ub_addr8_tS0_S0_httt] -> 0xffff9e77e92c
npuchk: [_ZN6npuchk17scatter_vmins_f16E10ub_addr8_tS0_N7float165Fp16TEm] -> 0xffff9e77ec14
npuchk: [_ZN6npuchk17scatter_vmins_f16E10ub_addr8_tS0_N7float165Fp16TEhtt] -> 0xffff9e77ee3c
npuchk: [_ZN6npuchk17scatter_vmins_f32E10ub_addr8_tS0_fm] -> 0xffff9e77f0e8
npuchk: [_ZN6npuchk17scatter_vmins_f32E10ub_addr8_tS0_fhtt] -> 0xffff9e77f304
npuchk: [_ZN6npuchk17scatter_vmins_s16E10ub_addr8_tS0_sm] -> 0xffff9e77f5a4
npuchk: [_ZN6npuchk17scatter_vmins_s16E10ub_addr8_tS0_shtt] -> 0xffff9e77f7c0
npuchk: [_ZN6npuchk17scatter_vmins_s32E10ub_addr8_tS0_im] -> 0xffff9e77fa60
npuchk: [_ZN6npuchk17scatter_vmins_s32E10ub_addr8_tS0_ihtt] -> 0xffff9e77fc7c
npuchk: [_ZN6npuchk12scatter_vmlaE7vtype_t10ub_addr8_tS1_S1_m] -> (nil)
npuchk: [_ZN6npuchk12scatter_vmlaE7vtype_t10ub_addr8_tS1_S1_httt] -> (nil)
npuchk: [_ZN6npuchk16scatter_vmla_f16E10ub_addr8_tS0_S0_m] -> 0xffff9e77ff1c
npuchk: [_ZN6npuchk16scatter_vmla_f16E10ub_addr8_tS0_S0_httt] -> 0xffff9e780144
npuchk: [_ZN6npuchk16scatter_vmla_f32E10ub_addr8_tS0_S0_m] -> 0xffff9e78042c
npuchk: [_ZN6npuchk16scatter_vmla_f32E10ub_addr8_tS0_S0_httt] -> 0xffff9e780654
npuchk: [_ZN6npuchk17scatter_vmla_fmixE10ub_addr8_tS0_S0_m] -> 0xffff9e78093c
npuchk: [_ZN6npuchk17scatter_vmla_fmixE10ub_addr8_tS0_S0_httt] -> 0xffff9e780b64
npuchk: [_ZN6npuchk12scatter_vmulE7vtype_t10ub_addr8_tS1_S1_m] -> (nil)
npuchk: [_ZN6npuchk12scatter_vmulE7vtype_t10ub_addr8_tS1_S1_httt] -> (nil)
npuchk: [_ZN6npuchk16scatter_vmul_f16E10ub_addr8_tS0_S0_m] -> 0xffff9e780e4c
npuchk: [_ZN6npuchk16scatter_vmul_f16E10ub_addr8_tS0_S0_httt] -> 0xffff9e781074
npuchk: [_ZN6npuchk16scatter_vmul_f32E10ub_addr8_tS0_S0_m] -> 0xffff9e78135c
npuchk: [_ZN6npuchk16scatter_vmul_f32E10ub_addr8_tS0_S0_httt] -> 0xffff9e781584
npuchk: [_ZN6npuchk16scatter_vmul_s16E10ub_addr8_tS0_S0_m] -> 0xffff9e78186c
npuchk: [_ZN6npuchk16scatter_vmul_s16E10ub_addr8_tS0_S0_httt] -> 0xffff9e781a94
npuchk: [_ZN6npuchk16scatter_vmul_s32E10ub_addr8_tS0_S0_m] -> 0xffff9e781d7c
npuchk: [_ZN6npuchk16scatter_vmul_s32E10ub_addr8_tS0_S0_httt] -> 0xffff9e781fa4
npuchk: [_ZN6npuchk23scatter_vmulconv_f162s8E10ub_addr8_tS0_S0_mb] -> 0xffff9e78228c
npuchk: [_ZN6npuchk23scatter_vmulconv_f162s8E10ub_addr8_tS0_S0_htttb] -> 0xffff9e7824f0
npuchk: [_ZN6npuchk23scatter_vmulconv_f162u8E10ub_addr8_tS0_S0_mb] -> 0xffff9e782814
npuchk: [_ZN6npuchk23scatter_vmulconv_f162u8E10ub_addr8_tS0_S0_htttb] -> 0xffff9e782a78
npuchk: [_ZN6npuchk13scatter_vmulsE7vtype_t10ub_addr8_tS1_N7float165Fp16TEm] -> (nil)
npuchk: [_ZN6npuchk13scatter_vmulsE7vtype_t10ub_addr8_tS1_N7float165Fp16TEhtt] -> (nil)
npuchk: [_ZN6npuchk13scatter_vmulsE7vtype_t10ub_addr8_tS1_fm] -> (nil)
npuchk: [_ZN6npuchk13scatter_vmulsE7vtype_t10ub_addr8_tS1_fhtt] -> (nil)
npuchk: [_ZN6npuchk17scatter_vmuls_f16E10ub_addr8_tS0_N7float165Fp16TEm] -> 0xffff9e782d9c
npuchk: [_ZN6npuchk17scatter_vmuls_f16E10ub_addr8_tS0_N7float165Fp16TEhtt] -> 0xffff9e782fc4
npuchk: [_ZN6npuchk17scatter_vmuls_f32E10ub_addr8_tS0_fm] -> 0xffff9e783270
npuchk: [_ZN6npuchk17scatter_vmuls_f32E10ub_addr8_tS0_fhtt] -> 0xffff9e78348c
npuchk: [_ZN6npuchk17scatter_vmuls_s16E10ub_addr8_tS0_sm] -> 0xffff9e78372c
npuchk: [_ZN6npuchk17scatter_vmuls_s16E10ub_addr8_tS0_shtt] -> 0xffff9e783948
npuchk: [_ZN6npuchk17scatter_vmuls_s32E10ub_addr8_tS0_im] -> 0xffff9e783be8
npuchk: [_ZN6npuchk17scatter_vmuls_s32E10ub_addr8_tS0_ihtt] -> 0xffff9e783e04
npuchk: [_ZN6npuchk21scatter_vnchwconv_b16E10ub_addr8_tPsm] -> (nil)
npuchk: [_ZN6npuchk21scatter_vnchwconv_b16E10ub_addr8_tPshtt] -> (nil)
npuchk: [_ZN6npuchk21scatter_vnchwconv_b16E10ub_addr8_tPtm] -> (nil)
npuchk: [_ZN6npuchk21scatter_vnchwconv_b16E10ub_addr8_tPthtt] -> (nil)
npuchk: [_ZN6npuchk21scatter_vnchwconv_b16EPs10ub_addr8_tm] -> (nil)
npuchk: [_ZN6npuchk21scatter_vnchwconv_b16EPs10ub_addr8_thtt] -> (nil)
npuchk: [_ZN6npuchk21scatter_vnchwconv_b16EPt10ub_addr8_tm] -> (nil)
npuchk: [_ZN6npuchk21scatter_vnchwconv_b16EPt10ub_addr8_thtt] -> (nil)
npuchk: [_ZN6npuchk21scatter_vnchwconv_b16E10ub_addr8_tS0_m] -> 0xffff9e69d6d0
npuchk: [_ZN6npuchk21scatter_vnchwconv_b16E10ub_addr8_tS0_htt] -> 0xffff9e69d8b0
npuchk: [_ZN6npuchk21scatter_vnchwconv_b32E10ub_addr8_tPim] -> (nil)
npuchk: [_ZN6npuchk21scatter_vnchwconv_b32E10ub_addr8_tPihtt] -> (nil)
npuchk: [_ZN6npuchk21scatter_vnchwconv_b32E10ub_addr8_tPjm] -> (nil)
npuchk: [_ZN6npuchk21scatter_vnchwconv_b32E10ub_addr8_tPjhtt] -> (nil)
npuchk: [_ZN6npuchk21scatter_vnchwconv_b32EPi10ub_addr8_tm] -> (nil)
npuchk: [_ZN6npuchk21scatter_vnchwconv_b32EPi10ub_addr8_thtt] -> (nil)
npuchk: [_ZN6npuchk21scatter_vnchwconv_b32EPj10ub_addr8_tm] -> (nil)
npuchk: [_ZN6npuchk21scatter_vnchwconv_b32EPj10ub_addr8_thtt] -> (nil)
npuchk: [_ZN6npuchk21scatter_vnchwconv_b32E10ub_addr8_tS0_m] -> 0xffff9e69db14
npuchk: [_ZN6npuchk21scatter_vnchwconv_b32E10ub_addr8_tS0_htt] -> 0xffff9e69dcf4
npuchk: [_ZN6npuchk20scatter_vnchwconv_b8E10ub_addr8_tPambb] -> (nil)
npuchk: [_ZN6npuchk20scatter_vnchwconv_b8E10ub_addr8_tPahttbb] -> (nil)
npuchk: [_ZN6npuchk20scatter_vnchwconv_b8E10ub_addr8_tPhmbb] -> (nil)
npuchk: [_ZN6npuchk20scatter_vnchwconv_b8E10ub_addr8_tPhhttbb] -> (nil)
npuchk: [_ZN6npuchk20scatter_vnchwconv_b8EPa10ub_addr8_tmbb] -> (nil)
npuchk: [_ZN6npuchk20scatter_vnchwconv_b8EPa10ub_addr8_thttbb] -> (nil)
npuchk: [_ZN6npuchk20scatter_vnchwconv_b8EPh10ub_addr8_tmbb] -> (nil)
npuchk: [_ZN6npuchk20scatter_vnchwconv_b8EPh10ub_addr8_thttbb] -> (nil)
npuchk: [_ZN6npuchk20scatter_vnchwconv_b8E10ub_addr8_tS0_mbb] -> 0xffff9e69df58
npuchk: [_ZN6npuchk20scatter_vnchwconv_b8E10ub_addr8_tS0_httbb] -> 0xffff9e69e1b0
npuchk: [_ZN6npuchk12scatter_vrecE7vtype_t10ub_addr8_tS1_m] -> (nil)
npuchk: [_ZN6npuchk12scatter_vrecE7vtype_t10ub_addr8_tS1_htt] -> (nil)
npuchk: [_ZN6npuchk16scatter_vrec_f16E10ub_addr8_tS0_m] -> 0xffff9e7840a4
npuchk: [_ZN6npuchk16scatter_vrec_f16E10ub_addr8_tS0_htt] -> 0xffff9e784284
npuchk: [_ZN6npuchk16scatter_vrec_f32E10ub_addr8_tS0_m] -> 0xffff9e7844e8
npuchk: [_ZN6npuchk16scatter_vrec_f32E10ub_addr8_tS0_htt] -> 0xffff9e7846c8
npuchk: [_ZN6npuchk13scatter_vreluE7vtype_t10ub_addr8_tS1_m] -> (nil)
npuchk: [_ZN6npuchk13scatter_vreluE7vtype_t10ub_addr8_tS1_htt] -> (nil)
npuchk: [_ZN6npuchk17scatter_vrelu_f16E10ub_addr8_tS0_m] -> 0xffff9e78492c
npuchk: [_ZN6npuchk17scatter_vrelu_f16E10ub_addr8_tS0_htt] -> 0xffff9e784b0c
npuchk: [_ZN6npuchk17scatter_vrelu_f32E10ub_addr8_tS0_m] -> 0xffff9e784d70
npuchk: [_ZN6npuchk17scatter_vrelu_f32E10ub_addr8_tS0_htt] -> 0xffff9e784f50
npuchk: [_ZN6npuchk17scatter_vrelu_s32E10ub_addr8_tS0_m] -> 0xffff9e7851b4
npuchk: [_ZN6npuchk17scatter_vrelu_s32E10ub_addr8_tS0_htt] -> 0xffff9e785394
npuchk: [_ZN6npuchk14scatter_vrsqrtE7vtype_t10ub_addr8_tS1_m] -> (nil)
npuchk: [_ZN6npuchk14scatter_vrsqrtE7vtype_t10ub_addr8_tS1_htt] -> (nil)
npuchk: [_ZN6npuchk18scatter_vrsqrt_f16E10ub_addr8_tS0_m] -> 0xffff9e7855f8
npuchk: [_ZN6npuchk18scatter_vrsqrt_f16E10ub_addr8_tS0_htt] -> 0xffff9e7857d8
npuchk: [_ZN6npuchk18scatter_vrsqrt_f32E10ub_addr8_tS0_m] -> 0xffff9e785a3c
npuchk: [_ZN6npuchk18scatter_vrsqrt_f32E10ub_addr8_tS0_htt] -> 0xffff9e785c1c
npuchk: [_ZN6npuchk16scatter_vscmergeEPt10ub_addr8_tm] -> (nil)
npuchk: [_ZN6npuchk16scatter_vscmergeEPt10ub_addr8_tth] -> (nil)
npuchk: [_ZN6npuchk16scatter_vscmergeEPh10ub_addr8_tm] -> (nil)
npuchk: [_ZN6npuchk16scatter_vscmergeEPh10ub_addr8_tth] -> (nil)
npuchk: [_ZN6npuchk16scatter_vscmergeEPN7float165Fp16TE10ub_addr8_tm] -> (nil)
npuchk: [_ZN6npuchk16scatter_vscmergeEPN7float165Fp16TE10ub_addr8_tth] -> (nil)
npuchk: [_ZN6npuchk20scatter_vscmerge_b16EPt10ub_addr8_tm] -> 0xffff9e785e80
npuchk: [_ZN6npuchk20scatter_vscmerge_b16EPt10ub_addr8_tth] -> (nil)
npuchk: [_ZN6npuchk19scatter_vscmerge_b8EPh10ub_addr8_tm] -> 0xffff9e786054
npuchk: [_ZN6npuchk19scatter_vscmerge_b8EPh10ub_addr8_tth] -> (nil)
npuchk: [_ZN6npuchk20scatter_vscmerge_f16EPN7float165Fp16TE10ub_addr8_tm] -> (nil)
npuchk: [_ZN6npuchk20scatter_vscmerge_f16EPN7float165Fp16TE10ub_addr8_tth] -> (nil)
npuchk: [_ZN6npuchk16scatter_vscsplitE10ub_addr8_tPtm] -> (nil)
npuchk: [_ZN6npuchk16scatter_vscsplitE10ub_addr8_tPtth] -> (nil)
npuchk: [_ZN6npuchk16scatter_vscsplitE10ub_addr8_tPhm] -> (nil)
npuchk: [_ZN6npuchk16scatter_vscsplitE10ub_addr8_tPhth] -> (nil)
npuchk: [_ZN6npuchk16scatter_vscsplitE10ub_addr8_tPN7float165Fp16TEm] -> (nil)
npuchk: [_ZN6npuchk16scatter_vscsplitE10ub_addr8_tPN7float165Fp16TEth] -> (nil)
npuchk: [_ZN6npuchk20scatter_vscsplit_b16E10ub_addr8_tPtm] -> 0xffff9e786224
npuchk: [_ZN6npuchk20scatter_vscsplit_b16E10ub_addr8_tPtth] -> (nil)
npuchk: [_ZN6npuchk20scatter_vscsplit_b16E10ub_addr8_tPsm] -> (nil)
npuchk: [_ZN6npuchk20scatter_vscsplit_b16E10ub_addr8_tPsth] -> (nil)
npuchk: [_ZN6npuchk19scatter_vscsplit_b8E10ub_addr8_tPhm] -> 0xffff9e7863f8
npuchk: [_ZN6npuchk19scatter_vscsplit_b8E10ub_addr8_tPhth] -> (nil)
npuchk: [_ZN6npuchk19scatter_vscsplit_b8E10ub_addr8_tPam] -> (nil)
npuchk: [_ZN6npuchk19scatter_vscsplit_b8E10ub_addr8_tPath] -> (nil)
npuchk: [_ZN6npuchk20scatter_vscsplit_f16E10ub_addr8_tPN7float165Fp16TEm] -> (nil)
npuchk: [_ZN6npuchk20scatter_vscsplit_f16E10ub_addr8_tPN7float165Fp16TEth] -> (nil)
npuchk: [_ZN6npuchk12scatter_vselE7vtype_t10ub_addr8_tS1_S1_m] -> (nil)
npuchk: [_ZN6npuchk12scatter_vselE7vtype_t10ub_addr8_tS1_S1_httt] -> (nil)
npuchk: [_ZN6npuchk16scatter_vsel_f16E10ub_addr8_tS0_S0_m] -> 0xffff9e7865cc
npuchk: [_ZN6npuchk16scatter_vsel_f16E10ub_addr8_tS0_S0_httth] -> 0xffff9e7867f4
npuchk: [_ZN6npuchk16scatter_vsel_f32E10ub_addr8_tS0_S0_m] -> 0xffff9e786b24
npuchk: [_ZN6npuchk16scatter_vsel_f32E10ub_addr8_tS0_S0_httth] -> 0xffff9e786d4c
npuchk: [_ZN6npuchk13scatter_vsqrtE7vtype_t10ub_addr8_tS1_m] -> (nil)
npuchk: [_ZN6npuchk13scatter_vsqrtE7vtype_t10ub_addr8_tS1_htt] -> (nil)
npuchk: [_ZN6npuchk17scatter_vsqrt_f16E10ub_addr8_tS0_m] -> 0xffff9e78707c
npuchk: [_ZN6npuchk17scatter_vsqrt_f16E10ub_addr8_tS0_htt] -> 0xffff9e78725c
npuchk: [_ZN6npuchk17scatter_vsqrt_f32E10ub_addr8_tS0_m] -> 0xffff9e7874c0
npuchk: [_ZN6npuchk17scatter_vsqrt_f32E10ub_addr8_tS0_htt] -> 0xffff9e7876a0
npuchk: [_ZN6npuchk12scatter_vsubE7vtype_t10ub_addr8_tS1_S1_m] -> (nil)
npuchk: [_ZN6npuchk12scatter_vsubE7vtype_t10ub_addr8_tS1_S1_httt] -> (nil)
npuchk: [_ZN6npuchk16scatter_vsub_f16E10ub_addr8_tS0_S0_m] -> 0xffff9e787904
npuchk: [_ZN6npuchk16scatter_vsub_f16E10ub_addr8_tS0_S0_httt] -> 0xffff9e787b2c
npuchk: [_ZN6npuchk16scatter_vsub_f32E10ub_addr8_tS0_S0_m] -> 0xffff9e787e14
npuchk: [_ZN6npuchk16scatter_vsub_f32E10ub_addr8_tS0_S0_httt] -> 0xffff9e78803c
npuchk: [_ZN6npuchk16scatter_vsub_s16E10ub_addr8_tS0_S0_m] -> 0xffff9e788324
npuchk: [_ZN6npuchk16scatter_vsub_s16E10ub_addr8_tS0_S0_httt] -> 0xffff9e78854c
npuchk: [_ZN6npuchk16scatter_vsub_s32E10ub_addr8_tS0_S0_m] -> 0xffff9e788834
npuchk: [_ZN6npuchk16scatter_vsub_s32E10ub_addr8_tS0_S0_httt] -> 0xffff9e788a5c
npuchk: [_ZN6npuchk14set_aipp_spr_0Em] -> 0xffff9e6900a4
npuchk: [_ZN6npuchk14set_aipp_spr_1Em] -> 0xffff9e690264
npuchk: [_ZN6npuchk15set_aipp_spr_10Em] -> 0xffff9e690424
npuchk: [_ZN6npuchk15set_aipp_spr_11Em] -> 0xffff9e6905e4
npuchk: [_ZN6npuchk15set_aipp_spr_12Em] -> 0xffff9e6907a4
npuchk: [_ZN6npuchk15set_aipp_spr_13Em] -> 0xffff9e690964
npuchk: [_ZN6npuchk15set_aipp_spr_14Em] -> 0xffff9e690b24
npuchk: [_ZN6npuchk15set_aipp_spr_15Em] -> 0xffff9e690ce4
npuchk: [_ZN6npuchk15set_aipp_spr_16Em] -> 0xffff9e690ea4
npuchk: [_ZN6npuchk15set_aipp_spr_17Em] -> 0xffff9e691064
npuchk: [_ZN6npuchk15set_aipp_spr_18Em] -> 0xffff9e691224
npuchk: [_ZN6npuchk15set_aipp_spr_19Em] -> 0xffff9e6913e4
npuchk: [_ZN6npuchk14set_aipp_spr_2Em] -> 0xffff9e6915a4
npuchk: [_ZN6npuchk15set_aipp_spr_20Em] -> 0xffff9e691764
npuchk: [_ZN6npuchk15set_aipp_spr_21Em] -> 0xffff9e691924
npuchk: [_ZN6npuchk15set_aipp_spr_22Em] -> 0xffff9e691ae4
npuchk: [_ZN6npuchk15set_aipp_spr_23Em] -> 0xffff9e691ca4
npuchk: [_ZN6npuchk15set_aipp_spr_24Em] -> 0xffff9e691e64
npuchk: [_ZN6npuchk15set_aipp_spr_25Em] -> (nil)
npuchk: [_ZN6npuchk15set_aipp_spr_26Em] -> (nil)
npuchk: [_ZN6npuchk15set_aipp_spr_27Em] -> (nil)
npuchk: [_ZN6npuchk15set_aipp_spr_28Em] -> (nil)
npuchk: [_ZN6npuchk15set_aipp_spr_29Em] -> (nil)
npuchk: [_ZN6npuchk14set_aipp_spr_3Em] -> 0xffff9e692024
npuchk: [_ZN6npuchk15set_aipp_spr_30Em] -> (nil)
npuchk: [_ZN6npuchk15set_aipp_spr_31Em] -> (nil)
npuchk: [_ZN6npuchk14set_aipp_spr_4Em] -> 0xffff9e6921e4
npuchk: [_ZN6npuchk14set_aipp_spr_5Em] -> 0xffff9e6923a4
npuchk: [_ZN6npuchk14set_aipp_spr_6Em] -> 0xffff9e692564
npuchk: [_ZN6npuchk14set_aipp_spr_7Em] -> 0xffff9e692724
npuchk: [_ZN6npuchk14set_aipp_spr_8Em] -> 0xffff9e6928e4
npuchk: [_ZN6npuchk14set_aipp_spr_9Em] -> 0xffff9e692aa4
npuchk: [_ZN6npuchk14set_atomic_addEv] -> (nil)
npuchk: [_ZN6npuchk15set_atomic_bf16Ev] -> 0xffff9e613368
npuchk: [_ZN6npuchk14set_atomic_f16Ev] -> 0xffff9e613348
npuchk: [_ZN6npuchk14set_atomic_f32Ev] -> 0xffff9e6133c8
npuchk: [_ZN6npuchk14set_atomic_maxEv] -> (nil)
npuchk: [_ZN6npuchk14set_atomic_minEv] -> (nil)
npuchk: [_ZN6npuchk15set_atomic_noneEv] -> 0xffff9e6133a8
npuchk: [_ZN6npuchk14set_atomic_s16Ev] -> 0xffff9e613328
npuchk: [_ZN6npuchk14set_atomic_s32Ev] -> 0xffff9e613308
npuchk: [_ZN6npuchk13set_atomic_s8Ev] -> 0xffff9e613388
npuchk: [_ZN6npuchk18set_cache_normreadEv] -> 0xffff9e788d44
npuchk: [_ZN6npuchk22set_cache_notwritebackEv] -> 0xffff9e788e70
npuchk: [_ZN6npuchk17set_cache_readinvEv] -> 0xffff9e788f9c
npuchk: [_ZN6npuchk18set_cache_readlastEv] -> 0xffff9e7890c8
npuchk: [_ZN6npuchk16set_channel_paraEm] -> (nil)
npuchk: [_ZN6npuchk11set_cmpmaskEPv] -> 0xffff9e69e48c
npuchk: [_ZN6npuchk8set_condEm] -> 0xffff9e692c64
npuchk: [_ZN6npuchk18set_condition_flagEm] -> 0xffff9e692e24
npuchk: [_ZN6npuchk8set_ctrlEm] -> 0xffff9e692fe4
npuchk: [_ZN6npuchk14set_data_exp_0Em] -> 0xffff9e69e654
npuchk: [_ZN6npuchk14set_data_exp_1Em] -> 0xffff9e69e814
npuchk: [_ZN6npuchk14set_data_exp_2Em] -> 0xffff9e69e9d4
npuchk: [_ZN6npuchk14set_data_exp_3Em] -> 0xffff9e69eb94
npuchk: [_ZN6npuchk12set_deqscaleEN7float165Fp16TE] -> 0xffff9e69ed54
npuchk: [_ZN6npuchk12set_deqscaleEm] -> 0xffff9e69ef28
npuchk: [_ZN6npuchk18set_elt_antiq_paraEm] -> (nil)
npuchk: [_ZN6npuchk16set_elt_src_paraEm] -> (nil)
npuchk: [_ZN6npuchk12set_fcol2imgEm] -> 0xffff9e7891f4
npuchk: [_ZN6npuchk18set_ffts_base_addrEm] -> 0xffff9e6931a4
npuchk: [_ZN6npuchk17set_fix_clip_reluEm] -> (nil)
npuchk: [_ZN6npuchk13set_fixp_addrEm] -> (nil)
npuchk: [_ZN6npuchk8set_flagE6pipe_tS0_7event_t] -> 0xffff9e693364
npuchk: [_ZN6npuchk8set_flagE6pipe_t7event_t] -> (nil)
npuchk: [_ZN6npuchk8set_flagE6pipe_tS0_m] -> (nil)
npuchk: [_ZN6npuchk8set_flagE6pipe_tm] -> (nil)
npuchk: [_ZN6npuchk11set_fmatrixEm] -> 0xffff9e693624
npuchk: [_ZN6npuchk13set_fmatrix_bEm] -> 0xffff9e6937e4
npuchk: [_ZN6npuchk18set_fmatrix_dual_0Em] -> (nil)
npuchk: [_ZN6npuchk18set_fmatrix_dual_1Em] -> (nil)
npuchk: [_ZN6npuchk7set_fpcEm] -> 0xffff9e6939a4
npuchk: [_ZN6npuchk9set_fpdeqEm] -> (nil)
npuchk: [_ZN6npuchk16set_l0_set_valueEN7float165Fp16TE] -> 0xffff9e693b64
npuchk: [_ZN6npuchk16set_l0_set_valueEj] -> 0xffff9e693d38
npuchk: [_ZN6npuchk10set_l0a_2dEPvl] -> 0xffff9e789398
npuchk: [_ZN6npuchk10set_l0a_2dEPN7float165Fp16TEl] -> 0xffff9e693ef8
npuchk: [_ZN6npuchk10set_l0a_2dEPfl] -> 0xffff9e694114
npuchk: [_ZN6npuchk10set_l0a_2dEPsl] -> 0xffff9e694334
npuchk: [_ZN6npuchk10set_l0a_2dEPil] -> 0xffff9e694550
npuchk: [_ZN6npuchk10set_l0a_2dEPtl] -> 0xffff9e694770
npuchk: [_ZN6npuchk10set_l0a_2dEPjl] -> 0xffff9e69498c
npuchk: [_ZN6npuchk10set_l0b_2dEPvl] -> 0xffff9e7895b4
npuchk: [_ZN6npuchk10set_l0b_2dEPN7float165Fp16TEl] -> 0xffff9e694bac
npuchk: [_ZN6npuchk10set_l0b_2dEPfl] -> 0xffff9e694dcc
npuchk: [_ZN6npuchk10set_l0b_2dEPsl] -> 0xffff9e694fec
npuchk: [_ZN6npuchk10set_l0b_2dEPil] -> 0xffff9e69520c
npuchk: [_ZN6npuchk10set_l0b_2dEPtl] -> 0xffff9e69542c
npuchk: [_ZN6npuchk10set_l0b_2dEPjl] -> 0xffff9e69564c
npuchk: [_ZN6npuchk9set_l1_2dEPvl] -> 0xffff9e7897d4
npuchk: [_ZN6npuchk9set_l1_2dEPN7float165Fp16TEl] -> 0xffff9e69586c
npuchk: [_ZN6npuchk9set_l1_2dEPfl] -> 0xffff9e695a8c
npuchk: [_ZN6npuchk9set_l1_2dEPsl] -> 0xffff9e695cac
npuchk: [_ZN6npuchk9set_l1_2dEPil] -> 0xffff9e695ecc
npuchk: [_ZN6npuchk9set_l1_2dEPtl] -> 0xffff9e6960ec
npuchk: [_ZN6npuchk9set_l1_2dEPjl] -> 0xffff9e69630c
npuchk: [_ZN6npuchk14set_l1_3d_sizeEm] -> 0xffff9e69652c
npuchk: [_ZN6npuchk11set_l3d_rptEm] -> 0xffff9e6966ec
npuchk: [_ZN6npuchk14set_loop3_paraEm] -> (nil)
npuchk: [_ZN6npuchk15set_low_pre_tblEm] -> 0xffff9e7899f4
npuchk: [_ZN6npuchk9set_lpcntEm] -> 0xffff9e6968ac
npuchk: [_ZN6npuchk15set_lrelu_alphaEm] -> 0xffff9e696a6c
npuchk: [_ZN6npuchk15set_lrelu_alphaEN7float165Fp16TE] -> 0xffff9e696bbc
npuchk: [_ZN6npuchk15set_lrelu_alphaEf] -> 0xffff9e696d90
npuchk: [_ZN6npuchk14set_mask_countEv] -> 0xffff9e696f58
npuchk: [_ZN6npuchk13set_mask_normEv] -> 0xffff9e697084
npuchk: [_ZN6npuchk15set_mov_pad_valEm] -> 0xffff9e69f0e8
npuchk: [_ZN6npuchk11set_nd_paraEm] -> 0xffff9e6971b0
npuchk: [_ZN6npuchk11set_paddingEm] -> 0xffff9e697370
npuchk: [_ZN6npuchk11set_paddingEN7float165Fp16TE] -> 0xffff9e697530
npuchk: [_ZN6npuchk11set_paddingEs] -> 0xffff9e697704
npuchk: [_ZN6npuchk11set_paddingEt] -> 0xffff9e6978c4
npuchk: [_ZN6npuchk16set_pcie_rd_ctrlEm] -> 0xffff9e69f2a8
npuchk: [_ZN6npuchk16set_pcie_wr_ctrlEm] -> 0xffff9e69f468
npuchk: [_ZN6npuchk11set_pnt_coeEm] -> (nil)
npuchk: [_ZN6npuchk14set_quant_postEm] -> (nil)
npuchk: [_ZN6npuchk13set_quant_preEm] -> 0xffff9e697a84
npuchk: [_ZN6npuchk19set_rawheader_to_gmEPvm] -> 0xffff9e789bb4
npuchk: [_ZN6npuchk19set_rawheader_to_gmEPvtbh] -> 0xffff9e789dd0
npuchk: [_ZN6npuchk14set_relu_alphaEm] -> (nil)
npuchk: [_ZN6npuchk12set_reqscaleEm] -> (nil)
npuchk: [_ZN6npuchk14set_rpn_cor_irEm] -> (nil)
npuchk: [_ZN6npuchk14set_rpn_offsetEN7float165Fp16TE] -> 0xffff9e78a088
npuchk: [_ZN6npuchk17set_safety_crc_enEm] -> (nil)
npuchk: [_ZN6npuchk19set_safety_crc_excpEm] -> (nil)
npuchk: [_ZN6npuchk15set_smask_indexEm] -> 0xffff9e78a25c
npuchk: [_ZN6npuchk17set_st_atomic_cfgEm] -> 0xffff9e697c44
npuchk: [_ZN6npuchk17set_st_atomic_cfgE13atomic_type_t11atomic_op_t] -> 0xffff9e697e04
npuchk: [_ZN6npuchk13set_va_reg_sbE10ub_addr8_tPm] -> 0xffff9e69f628
npuchk: [_ZN6npuchk15set_vector_maskEmm] -> 0xffff9e69f7c0
npuchk: [_ZN6npuchk19set_vector_mask_dupEm] -> 0xffff9e69f980
npuchk: [_ZN6npuchk9set_vpipeEm] -> 0xffff9e78a41c
npuchk: [_ZN6npuchk7set_vspEm] -> (nil)
npuchk: [_ZN6npuchk4sff0Em] -> (nil)
npuchk: [_ZN6npuchk4sff1Em] -> (nil)
npuchk: [_ZN6npuchk7sflbitsEl] -> (nil)
npuchk: [_ZN6npuchk6st_devEtPts] -> 0xffff9e698018
npuchk: [_ZN6npuchk6st_devEjPjs] -> 0xffff9e698294
npuchk: [_ZN6npuchk6st_devEmPms] -> 0xffff9e698510
npuchk: [_ZN6npuchk6st_devEhPhs] -> 0xffff9e69878c
npuchk: [_ZN6npuchk21store_l1_to_out_imageEPN7float165Fp16TES2_mm] -> (nil)
npuchk: [_ZN6npuchk21store_l1_to_out_imageEPN7float165Fp16TES2_thththbhm] -> (nil)
npuchk: [_ZN6npuchk21store_l1_to_out_imageEPsS0_mm] -> (nil)
npuchk: [_ZN6npuchk21store_l1_to_out_imageEPsS0_thththbhm] -> (nil)
npuchk: [_ZN6npuchk4trapEm] -> (nil)
npuchk: [_ZN6npuchk6plt_b8ERj7Literal] -> (nil)
npuchk: [_ZN6npuchk7plt_b16ERj7Literal] -> (nil)
npuchk: [_ZN6npuchk7plt_b32ERj7Literal] -> (nil)
npuchk: [_ZN6npuchk7pltm_b8Etj] -> (nil)
npuchk: [_ZN6npuchk8pltm_b16Etj] -> (nil)
npuchk: [_ZN6npuchk8pltm_b32Etj] -> (nil)
npuchk: [_ZN6npuchk7vag_b32Et] -> (nil)
npuchk: [_ZN6npuchk7vag_b32Ett] -> (nil)
npuchk: [_ZN6npuchk7vag_b32Ettt] -> (nil)
npuchk: [_ZN6npuchk7vag_b32Etttt] -> (nil)
npuchk: [_ZN6npuchk7vag_b16Et] -> (nil)
npuchk: [_ZN6npuchk7vag_b16Ett] -> (nil)
npuchk: [_ZN6npuchk7vag_b16Ettt] -> (nil)
npuchk: [_ZN6npuchk7vag_b16Etttt] -> (nil)
npuchk: [_ZN6npuchk4trapEv] -> 0xffff9e698a14
npuchk: [_ZN6npuchk7mem_barE7Literal] -> (nil)
npuchk: [_ZN6npuchk4vaddERA64_iPiS2_h7Literal] -> (nil)
npuchk: [_ZN6npuchk4vaddERA64_jPjS2_h7Literal] -> (nil)
npuchk: [_ZN6npuchk4vaddERA128_sPsS2_h7Literal] -> (nil)
npuchk: [_ZN6npuchk4vaddERA128_tPtS2_h7Literal] -> (nil)
npuchk: [_ZN6npuchk4vaddERA256_aPaS2_h7Literal] -> (nil)
npuchk: [_ZN6npuchk4vaddERA256_hPhS2_h7Literal] -> (nil)
npuchk: [_ZN6npuchk4vaddERA64_fPfS2_h7Literal] -> (nil)
npuchk: [_ZN6npuchk4vaddERA128_N7float165Fp16TEPS1_S4_h7Literal] -> (nil)
npuchk: [_ZN6npuchk4vabsERA64_fPfh7Literal] -> (nil)
npuchk: [_ZN6npuchk4vabsERA128_N7float165Fp16TEPS1_h7Literal] -> (nil)
npuchk: [_ZN6npuchk4vabsERA256_aPah7Literal] -> (nil)
npuchk: [_ZN6npuchk4vabsERA128_sPsh7Literal] -> (nil)
npuchk: [_ZN6npuchk4vabsERA64_iPih7Literal] -> (nil)
npuchk: [_ZN6npuchk4vrecERA64_fPfh7Literal] -> (nil)
npuchk: [_ZN6npuchk4vrecERA128_N7float165Fp16TEPS1_h7Literal] -> (nil)
npuchk: [_ZN6npuchk6vrsqrtERA64_fPfh7Literal] -> (nil)
npuchk: [_ZN6npuchk6vrsqrtERA128_N7float165Fp16TEPS1_h7Literal] -> (nil)
npuchk: [_ZN6npuchk5vreluERA64_fPfh7Literal] -> (nil)
npuchk: [_ZN6npuchk5vreluERA128_N7float165Fp16TEPS1_h7Literal] -> (nil)
npuchk: [_ZN6npuchk5vreluERA64_iPih7Literal] -> (nil)
npuchk: [_ZN6npuchk5vsqrtERA64_fPfh7Literal] -> (nil)
npuchk: [_ZN6npuchk5vsqrtERA128_N7float165Fp16TEPS1_h7Literal] -> (nil)
npuchk: [_ZN6npuchk3vlnERA64_fPfh7Literal] -> (nil)
npuchk: [_ZN6npuchk3vlnERA128_N7float165Fp16TEPS1_h7Literal] -> (nil)
npuchk: [_ZN6npuchk4vexpERA64_fPfh7Literal] -> (nil)
npuchk: [_ZN6npuchk4vexpERA128_N7float165Fp16TEPS1_h7Literal] -> (nil)
npuchk: [_ZN6npuchk4vnotERA256_hPhh7Literal] -> (nil)
npuchk: [_ZN6npuchk4vnotERA256_aPah7Literal] -> (nil)
npuchk: [_ZN6npuchk4vnotERA128_tPth7Literal] -> (nil)
npuchk: [_ZN6npuchk4vnotERA128_sPsh7Literal] -> (nil)
npuchk: [_ZN6npuchk4vnotERA128_N7float165Fp16TEPS1_h7Literal] -> (nil)
npuchk: [_ZN6npuchk4vnotERA64_iPih7Literal] -> (nil)
npuchk: [_ZN6npuchk4vnotERA64_jPjh7Literal] -> (nil)
npuchk: [_ZN6npuchk4vnotERA64_fPfh7Literal] -> (nil)
npuchk: [_ZN6npuchk4pldsERhPji7Literal] -> (nil)
npuchk: [_ZN6npuchk4pldsERhRPji7LiteralS3_] -> (nil)
npuchk: [_ZN6npuchk8movp_b16Ev] -> (nil)
npuchk: [_ZN6npuchk8movp_b32Ev] -> (nil)
npuchk: [_ZN6npuchk4pstsEhPji7Literal] -> (nil)
npuchk: [_ZN6npuchk5ppackERhh7Literal] -> (nil)
npuchk: [_ZN6npuchk7punpackERhh7Literal] -> (nil)
npuchk: [_ZN6npuchk6vintlvERA256_hS1_PhS2_] -> (nil)
npuchk: [_ZN6npuchk6vintlvERA256_aS1_PaS2_] -> (nil)
npuchk: [_ZN6npuchk6vintlvERA128_N7float165Fp16TES3_PS1_S4_] -> (nil)
npuchk: [_ZN6npuchk6vintlvERA128_sS1_PsS2_] -> (nil)
npuchk: [_ZN6npuchk6vintlvERA128_tS1_PtS2_] -> (nil)
npuchk: [_ZN6npuchk6vintlvERA64_fS1_PfS2_] -> (nil)
npuchk: [_ZN6npuchk6vintlvERA64_iS1_PiS2_] -> (nil)
npuchk: [_ZN6npuchk6vintlvERA64_jS1_PjS2_] -> (nil)
npuchk: [_ZN6npuchk7vdintlvERA256_hS1_PhS2_] -> (nil)
npuchk: [_ZN6npuchk7vdintlvERA256_aS1_PaS2_] -> (nil)
npuchk: [_ZN6npuchk7vdintlvERA128_N7float165Fp16TES3_PS1_S4_] -> (nil)
npuchk: [_ZN6npuchk7vdintlvERA128_sS1_PsS2_] -> (nil)
npuchk: [_ZN6npuchk7vdintlvERA128_tS1_PtS2_] -> (nil)
npuchk: [_ZN6npuchk7vdintlvERA64_fS1_PfS2_] -> (nil)
npuchk: [_ZN6npuchk7vdintlvERA64_iS1_PiS2_] -> (nil)
npuchk: [_ZN6npuchk7vdintlvERA64_jS1_PjS2_] -> (nil)
npuchk: [_ZN6npuchk9pintlv_b8ERhS0_hh] -> (nil)
npuchk: [_ZN6npuchk10pintlv_b16ERhS0_hh] -> (nil)
npuchk: [_ZN6npuchk10pintlv_b32ERhS0_hh] -> (nil)
npuchk: [_ZN6npuchk10pdintlv_b8ERhS0_hh] -> (nil)
npuchk: [_ZN6npuchk11pdintlv_b16ERhS0_hh] -> (nil)
npuchk: [_ZN6npuchk11pdintlv_b32ERhS0_hh] -> (nil)
npuchk: [_ZN6npuchk5vsstbEPaS0_ih] -> (nil)
npuchk: [_ZN6npuchk5vsstbEPhS0_ih] -> (nil)
npuchk: [_ZN6npuchk5vsstbEPsS0_ih] -> (nil)
npuchk: [_ZN6npuchk5vsstbEPtS0_ih] -> (nil)
npuchk: [_ZN6npuchk5vsstbEPiS0_ih] -> (nil)
npuchk: [_ZN6npuchk5vsstbEPjS0_ih] -> (nil)
npuchk: [_ZN6npuchk5vsstbEPN8bfloat165Bf16TES2_ih] -> (nil)
npuchk: [_ZN6npuchk5vsstbEPN7float165Fp16TES2_ih] -> (nil)
npuchk: [_ZN6npuchk5vsstbEPfS0_ih] -> (nil)
npuchk: [_ZN6npuchk5vsstbEPaRS0_ih7Literal] -> (nil)
npuchk: [_ZN6npuchk5vsstbEPhRS0_ih7Literal] -> (nil)
npuchk: [_ZN6npuchk5vsstbEPsRS0_ih7Literal] -> (nil)
npuchk: [_ZN6npuchk5vsstbEPtRS0_ih7Literal] -> (nil)
npuchk: [_ZN6npuchk5vsstbEPiRS0_ih7Literal] -> (nil)
npuchk: [_ZN6npuchk5vsstbEPjRS0_ih7Literal] -> (nil)
npuchk: [_ZN6npuchk5vsstbEPN8bfloat165Bf16TERS2_ih7Literal] -> (nil)
npuchk: [_ZN6npuchk5vsstbEPN7float165Fp16TERS2_ih7Literal] -> (nil)
npuchk: [_ZN6npuchk5vsstbEPfRS0_ih7Literal] -> (nil)
npuchk: [_ZN6npuchk5vsldbERA256_aPaih] -> (nil)
npuchk: [_ZN6npuchk5vsldbERA256_hPhih] -> (nil)
npuchk: [_ZN6npuchk5vsldbERA128_sPsih] -> (nil)
npuchk: [_ZN6npuchk5vsldbERA128_tPtih] -> (nil)
npuchk: [_ZN6npuchk5vsldbERA64_iPiih] -> (nil)
npuchk: [_ZN6npuchk5vsldbERA64_jPjih] -> (nil)
npuchk: [_ZN6npuchk5vsldbERA32_lPlih] -> (nil)
npuchk: [_ZN6npuchk5vsldbERA128_N8bfloat165Bf16TEPS1_ih] -> (nil)
npuchk: [_ZN6npuchk5vsldbERA128_N7float165Fp16TEPS1_ih] -> (nil)
npuchk: [_ZN6npuchk5vsldbERA64_fPfih] -> (nil)
npuchk: [_ZN6npuchk5vsldbERA256_aRPaih7Literal] -> (nil)
npuchk: [_ZN6npuchk5vsldbERA256_hRPhih7Literal] -> (nil)
npuchk: [_ZN6npuchk5vsldbERA128_sRPsih7Literal] -> (nil)
npuchk: [_ZN6npuchk5vsldbERA128_tRPtih7Literal] -> (nil)
npuchk: [_ZN6npuchk5vsldbERA64_iRPiih7Literal] -> (nil)
npuchk: [_ZN6npuchk5vsldbERA64_jRPjih7Literal] -> (nil)
npuchk: [_ZN6npuchk5vsldbERA32_lRPlih7Literal] -> (nil)
npuchk: [_ZN6npuchk5vsldbERA128_N8bfloat165Bf16TERPS1_ih7Literal] -> (nil)
npuchk: [_ZN6npuchk5vsldbERA128_N7float165Fp16TERPS1_ih7Literal] -> (nil)
npuchk: [_ZN6npuchk5vsldbERA64_fRPfih7Literal] -> (nil)
npuchk: [_ZN6npuchk3vstEPaS0_i7Literalh] -> (nil)
npuchk: [_ZN6npuchk3vstEPhS0_i7Literalh] -> (nil)
npuchk: [_ZN6npuchk3vstEPsS0_i7Literalh] -> (nil)
npuchk: [_ZN6npuchk3vstEPtS0_i7Literalh] -> (nil)
npuchk: [_ZN6npuchk3vstEPiS0_i7Literalh] -> (nil)
npuchk: [_ZN6npuchk3vstEPjS0_i7Literalh] -> (nil)
npuchk: [_ZN6npuchk3vstEPmS0_i7Literalh] -> (nil)
npuchk: [_ZN6npuchk3vstEPlS0_i7Literalh] -> (nil)
npuchk: [_ZN6npuchk3vstEPN8bfloat165Bf16TES2_i7Literalh] -> (nil)
npuchk: [_ZN6npuchk3vstEPN7float165Fp16TES2_i7Literalh] -> (nil)
npuchk: [_ZN6npuchk3vstEPfS0_i7Literalh] -> (nil)
npuchk: [_ZN6npuchk3vstEPaS0_S0_i7Literalh] -> (nil)
npuchk: [_ZN6npuchk3vstEPhS0_S0_i7Literalh] -> (nil)
npuchk: [_ZN6npuchk3vstEPsS0_S0_i7Literalh] -> (nil)
npuchk: [_ZN6npuchk3vstEPtS0_S0_i7Literalh] -> (nil)
npuchk: [_ZN6npuchk3vstEPN8bfloat165Bf16TES2_S2_i7Literalh] -> (nil)
npuchk: [_ZN6npuchk3vstEPN7float165Fp16TES2_S2_i7Literalh] -> (nil)
npuchk: [_ZN6npuchk4vstsEPaS0_i7Literalh] -> (nil)
npuchk: [_ZN6npuchk4vstsEPhS0_i7Literalh] -> (nil)
npuchk: [_ZN6npuchk4vstsEPsS0_i7Literalh] -> (nil)
npuchk: [_ZN6npuchk4vstsEPtS0_i7Literalh] -> (nil)
npuchk: [_ZN6npuchk4vstsEPiS0_i7Literalh] -> (nil)
npuchk: [_ZN6npuchk4vstsEPjS0_i7Literalh] -> (nil)
npuchk: [_ZN6npuchk4vstsEPmS0_i7Literalh] -> (nil)
npuchk: [_ZN6npuchk4vstsEPlS0_i7Literalh] -> (nil)
npuchk: [_ZN6npuchk4vstsEPN8bfloat165Bf16TES2_i7Literalh] -> (nil)
npuchk: [_ZN6npuchk4vstsEPN7float165Fp16TES2_i7Literalh] -> (nil)
npuchk: [_ZN6npuchk4vstsEPfS0_i7Literalh] -> (nil)
npuchk: [_ZN6npuchk5vstuiERA32_ajPN7float165Fp16TERS4_] -> (nil)
npuchk: [_ZN6npuchk5vstuiERA32_ajPN7float165Fp16TERS4_7Literal] -> (nil)
npuchk: [_ZN6npuchk5vstuiERA32_ajPfRS2_] -> (nil)
npuchk: [_ZN6npuchk5vstuiERA32_ajPfRS2_7Literal] -> (nil)
npuchk: [_ZN6npuchk5vstusERA32_ajPN7float165Fp16TERS4_] -> (nil)
npuchk: [_ZN6npuchk5vstusERA32_ajPN7float165Fp16TERS4_7Literal] -> (nil)
npuchk: [_ZN6npuchk5vstusERA32_ajPfRS2_] -> (nil)
npuchk: [_ZN6npuchk5vstusERA32_ajPfRS2_7Literal] -> (nil)
npuchk: [_ZN6npuchk5vstaiEPaPN7float165Fp16TEi] -> (nil)
npuchk: [_ZN6npuchk5vstaiEPaRPN7float165Fp16TEi7Literal] -> (nil)
npuchk: [_ZN6npuchk5vstaiEPaPfi] -> (nil)
npuchk: [_ZN6npuchk5vstaiEPaRPfi7Literal] -> (nil)
npuchk: [_ZN6npuchk5vstasEPaPN7float165Fp16TEi] -> (nil)
npuchk: [_ZN6npuchk5vstasEPaRPN7float165Fp16TEi7Literal] -> (nil)
npuchk: [_ZN6npuchk5vstasEPaPfi] -> (nil)
npuchk: [_ZN6npuchk5vstasEPaRPfi7Literal] -> (nil)
npuchk: [_ZN6npuchk3vorERA256_hPhS2_h7Literal] -> (nil)
npuchk: [_ZN6npuchk3vorERA256_aPaS2_h7Literal] -> (nil)
npuchk: [_ZN6npuchk3vorERA128_tPtS2_h7Literal] -> (nil)
npuchk: [_ZN6npuchk3vorERA128_sPsS2_h7Literal] -> (nil)
npuchk: [_ZN6npuchk3vorERA64_iPiS2_h7Literal] -> (nil)
npuchk: [_ZN6npuchk3vorERA64_jPjS2_h7Literal] -> (nil)
npuchk: [_ZN6npuchk3vorERA64_fPfS2_h7Literal] -> (nil)
npuchk: [_ZN6npuchk3vorERA128_N7float165Fp16TEPS1_S4_h7Literal] -> (nil)
npuchk: [_ZN6npuchk4vandERA256_hPhS2_h7Literal] -> (nil)
npuchk: [_ZN6npuchk4vandERA256_aPaS2_h7Literal] -> (nil)
npuchk: [_ZN6npuchk4vandERA128_tPtS2_h7Literal] -> (nil)
npuchk: [_ZN6npuchk4vandERA128_sPsS2_h7Literal] -> (nil)
npuchk: [_ZN6npuchk4vandERA64_iPiS2_h7Literal] -> (nil)
npuchk: [_ZN6npuchk4vandERA64_jPjS2_h7Literal] -> (nil)
npuchk: [_ZN6npuchk4vandERA64_fPfS2_h7Literal] -> (nil)
npuchk: [_ZN6npuchk4vandERA128_N7float165Fp16TEPS1_S4_h7Literal] -> (nil)
npuchk: [_ZN6npuchk4vmaxERA256_hPhS2_h7Literal] -> (nil)
npuchk: [_ZN6npuchk4vmaxERA256_aPaS2_h7Literal] -> (nil)
npuchk: [_ZN6npuchk4vmaxERA128_tPtS2_h7Literal] -> (nil)
npuchk: [_ZN6npuchk4vmaxERA128_sPsS2_h7Literal] -> (nil)
npuchk: [_ZN6npuchk4vmaxERA64_iPiS2_h7Literal] -> (nil)
npuchk: [_ZN6npuchk4vmaxERA64_jPjS2_h7Literal] -> (nil)
npuchk: [_ZN6npuchk4vmaxERA64_fPfS2_h7Literal] -> (nil)
npuchk: [_ZN6npuchk4vmaxERA128_N7float165Fp16TEPS1_S4_h7Literal] -> (nil)
npuchk: [_ZN6npuchk4vminERA256_hPhS2_h7Literal] -> (nil)
npuchk: [_ZN6npuchk4vminERA256_aPaS2_h7Literal] -> (nil)
npuchk: [_ZN6npuchk4vminERA128_tPtS2_h7Literal] -> (nil)
npuchk: [_ZN6npuchk4vminERA128_sPsS2_h7Literal] -> (nil)
npuchk: [_ZN6npuchk4vminERA64_iPiS2_h7Literal] -> (nil)
npuchk: [_ZN6npuchk4vminERA64_jPjS2_h7Literal] -> (nil)
npuchk: [_ZN6npuchk4vminERA64_fPfS2_h7Literal] -> (nil)
npuchk: [_ZN6npuchk4vminERA128_N7float165Fp16TEPS1_S4_h7Literal] -> (nil)
npuchk: [_ZN6npuchk4vsubERA256_hPhS2_h7Literal] -> (nil)
npuchk: [_ZN6npuchk4vsubERA256_aPaS2_h7Literal] -> (nil)
npuchk: [_ZN6npuchk4vsubERA128_tPtS2_h7Literal] -> (nil)
npuchk: [_ZN6npuchk4vsubERA128_sPsS2_h7Literal] -> (nil)
npuchk: [_ZN6npuchk4vsubERA64_iPiS2_h7Literal] -> (nil)
npuchk: [_ZN6npuchk4vsubERA64_jPjS2_h7Literal] -> (nil)
npuchk: [_ZN6npuchk4vsubERA64_fPfS2_h7Literal] -> (nil)
npuchk: [_ZN6npuchk4vsubERA128_N7float165Fp16TEPS1_S4_h7Literal] -> (nil)
npuchk: [_ZN6npuchk4vmulERA256_hPhS2_h7Literal] -> (nil)
npuchk: [_ZN6npuchk4vmulERA256_aPaS2_h7Literal] -> (nil)
npuchk: [_ZN6npuchk4vmulERA128_tPtS2_h7Literal] -> (nil)
npuchk: [_ZN6npuchk4vmulERA128_sPsS2_h7Literal] -> (nil)
npuchk: [_ZN6npuchk4vmulERA64_iPiS2_h7Literal] -> (nil)
npuchk: [_ZN6npuchk4vmulERA64_jPjS2_h7Literal] -> (nil)
npuchk: [_ZN6npuchk4vmulERA64_fPfS2_h7Literal] -> (nil)
npuchk: [_ZN6npuchk4vmulERA128_N7float165Fp16TEPS1_S4_h7Literal] -> (nil)
npuchk: [_ZN6npuchk4vdivERA256_hPhS2_h7Literal] -> (nil)
npuchk: [_ZN6npuchk4vdivERA256_aPaS2_h7Literal] -> (nil)
npuchk: [_ZN6npuchk4vdivERA128_tPtS2_h7Literal] -> (nil)
npuchk: [_ZN6npuchk4vdivERA128_sPsS2_h7Literal] -> (nil)
npuchk: [_ZN6npuchk4vdivERA64_iPiS2_h7Literal] -> (nil)
npuchk: [_ZN6npuchk4vdivERA64_jPjS2_h7Literal] -> (nil)
npuchk: [_ZN6npuchk4vdivERA64_fPfS2_h7Literal] -> (nil)
npuchk: [_ZN6npuchk4vdivERA128_N7float165Fp16TEPS1_S4_h7Literal] -> (nil)
npuchk: [_ZN6npuchk7vcmp_eqERhPN7float165Fp16TES3_h] -> (nil)
npuchk: [_ZN6npuchk7vcmp_neERhPN7float165Fp16TES3_h] -> (nil)
npuchk: [_ZN6npuchk7vcmp_gtERhPN7float165Fp16TES3_h] -> (nil)
npuchk: [_ZN6npuchk7vcmp_geERhPN7float165Fp16TES3_h] -> (nil)
npuchk: [_ZN6npuchk7vcmp_ltERhPN7float165Fp16TES3_h] -> (nil)
npuchk: [_ZN6npuchk7vcmp_leERhPN7float165Fp16TES3_h] -> (nil)
npuchk: [_ZN6npuchk7vcmp_eqERhPfS1_h] -> (nil)
npuchk: [_ZN6npuchk7vcmp_neERhPfS1_h] -> (nil)
npuchk: [_ZN6npuchk7vcmp_gtERhPfS1_h] -> (nil)
npuchk: [_ZN6npuchk7vcmp_geERhPfS1_h] -> (nil)
npuchk: [_ZN6npuchk7vcmp_ltERhPfS1_h] -> (nil)
npuchk: [_ZN6npuchk7vcmp_leERhPfS1_h] -> (nil)
npuchk: [_ZN6npuchk4vselERA128_N7float165Fp16TEPS1_S4_h] -> (nil)
npuchk: [_ZN6npuchk4vselERA64_fPfS2_h] -> (nil)
npuchk: [_ZN6npuchk3vbrERA128_N7float165Fp16TES1_] -> (nil)
npuchk: [_ZN6npuchk3vbrERA128_tt] -> (nil)
npuchk: [_ZN6npuchk3vbrERA128_ss] -> (nil)
npuchk: [_ZN6npuchk3vbrERA64_ff] -> (nil)
npuchk: [_ZN6npuchk3vbrERA64_jj] -> (nil)
npuchk: [_ZN6npuchk3vbrERA64_ii] -> (nil)
npuchk: [_ZN6npuchk6sprclrE7Literal] -> (nil)
npuchk: [_ZN6npuchk4pmovERhhh] -> (nil)
npuchk: [_ZN6npuchk4vsqzERA128_N7float165Fp16TEPS1_h7Literal] -> (nil)
npuchk: [_ZN6npuchk4vsqzERA128_tPth7Literal] -> (nil)
npuchk: [_ZN6npuchk4vsqzERA128_sPsh7Literal] -> (nil)
npuchk: [_ZN6npuchk4vsqzERA64_fPfh7Literal] -> (nil)
npuchk: [_ZN6npuchk4vsqzERA64_jPjh7Literal] -> (nil)
npuchk: [_ZN6npuchk4vsqzERA64_iPih7Literal] -> (nil)
npuchk: [_ZN6npuchk5vsturERA32_aPN7float165Fp16TES4_7Literal] -> (nil)
npuchk: [_ZN6npuchk5vsturERA32_aPtS2_7Literal] -> (nil)
npuchk: [_ZN6npuchk5vsturERA32_aPsS2_7Literal] -> (nil)
npuchk: [_ZN6npuchk5vsturERA32_aPfS2_7Literal] -> (nil)
npuchk: [_ZN6npuchk5vsturERA32_aPjS2_7Literal] -> (nil)
npuchk: [_ZN6npuchk5vsturERA32_aPiS2_7Literal] -> (nil)
npuchk: [_ZN6npuchk5vstarEPaPN7float165Fp16TE] -> (nil)
npuchk: [_ZN6npuchk5vstarEPaPs] -> (nil)
npuchk: [_ZN6npuchk5vstarEPaPt] -> (nil)
npuchk: [_ZN6npuchk5vstarEPaPf] -> (nil)
npuchk: [_ZN6npuchk5vstarEPaPi] -> (nil)
npuchk: [_ZN6npuchk5vstarEPaPj] -> (nil)
npuchk: [_ZN6npuchk6pge_b8E7Literal] -> (nil)
npuchk: [_ZN6npuchk7pge_b16E7Literal] -> (nil)
npuchk: [_ZN6npuchk7pge_b32E7Literal] -> (nil)
npuchk: [_ZN6npuchk7pset_b8E7Literal] -> (nil)
npuchk: [_ZN6npuchk8pset_b16E7Literal] -> (nil)
npuchk: [_ZN6npuchk8pset_b32E7Literal] -> (nil)
npuchk: [_ZN6npuchk5vldasERA32_aPh] -> (nil)
npuchk: [_ZN6npuchk5vldasERA32_aPN7float165Fp16TE] -> (nil)
npuchk: [_ZN6npuchk5vldasERA32_aPt] -> (nil)
npuchk: [_ZN6npuchk5vldasERA32_aPs] -> (nil)
npuchk: [_ZN6npuchk5vldasERA32_aPf] -> (nil)
npuchk: [_ZN6npuchk5vldasERA32_aPj] -> (nil)
npuchk: [_ZN6npuchk5vldasERA32_aPi] -> (nil)
npuchk: [_ZN6npuchk5vldusERA256_hRA32_aRPhj7Literal] -> (nil)
npuchk: [_ZN6npuchk5vldusERA128_N7float165Fp16TERA32_aRPS1_j7Literal] -> (nil)
npuchk: [_ZN6npuchk5vldusERA128_tRA32_aRPtj7Literal] -> (nil)
npuchk: [_ZN6npuchk5vldusERA128_sRA32_aRPsj7Literal] -> (nil)
npuchk: [_ZN6npuchk5vldusERA64_fRA32_aRPfj7Literal] -> (nil)
npuchk: [_ZN6npuchk5vldusERA64_jRA32_aRPjj7Literal] -> (nil)
npuchk: [_ZN6npuchk5vldusERA64_iRA32_aRPij7Literal] -> (nil)
npuchk: [_ZN6npuchk4vdupERA256_hhh7Literal] -> (nil)
npuchk: [_ZN6npuchk4vdupERA256_aah7Literal] -> (nil)
npuchk: [_ZN6npuchk4vdupERA128_tth7Literal] -> (nil)
npuchk: [_ZN6npuchk4vdupERA128_ssh7Literal] -> (nil)
npuchk: [_ZN6npuchk4vdupERA64_iih7Literal] -> (nil)
npuchk: [_ZN6npuchk4vdupERA64_jjh7Literal] -> (nil)
npuchk: [_ZN6npuchk4vdupERA64_ffh7Literal] -> (nil)
npuchk: [_ZN6npuchk4vdupERA128_N7float165Fp16TES1_h7Literal] -> (nil)
npuchk: [_ZN6npuchk3vldERA256_aPai7Literal] -> (nil)
npuchk: [_ZN6npuchk3vldERA256_hPhi7Literal] -> (nil)
npuchk: [_ZN6npuchk3vldERA128_sPsi7Literal] -> (nil)
npuchk: [_ZN6npuchk3vldERA128_tPti7Literal] -> (nil)
npuchk: [_ZN6npuchk3vldERA64_iPii7Literal] -> (nil)
npuchk: [_ZN6npuchk3vldERA64_jPji7Literal] -> (nil)
npuchk: [_ZN6npuchk3vldERA32_lPli7Literal] -> (nil)
npuchk: [_ZN6npuchk3vldERA32_mPmi7Literal] -> (nil)
npuchk: [_ZN6npuchk3vldERA128_N8bfloat165Bf16TEPS1_i7Literal] -> (nil)
npuchk: [_ZN6npuchk3vldERA128_N7float165Fp16TEPS1_i7Literal] -> (nil)
npuchk: [_ZN6npuchk3vldERA64_fPfi7Literal] -> (nil)
npuchk: [_ZN6npuchk3vldERA256_aPa7Literal] -> (nil)
npuchk: [_ZN6npuchk3vldERA256_hPh7Literal] -> (nil)
npuchk: [_ZN6npuchk3vldERA128_sPs7Literal] -> (nil)
npuchk: [_ZN6npuchk3vldERA128_tPt7Literal] -> (nil)
npuchk: [_ZN6npuchk3vldERA64_iPi7Literal] -> (nil)
npuchk: [_ZN6npuchk3vldERA64_jPj7Literal] -> (nil)
npuchk: [_ZN6npuchk3vldERA32_lPl7Literal] -> (nil)
npuchk: [_ZN6npuchk3vldERA32_mPm7Literal] -> (nil)
npuchk: [_ZN6npuchk3vldERA128_N8bfloat165Bf16TEPS1_7Literal] -> (nil)
npuchk: [_ZN6npuchk3vldERA128_N7float165Fp16TEPS1_7Literal] -> (nil)
npuchk: [_ZN6npuchk3vldERA64_fPf7Literal] -> (nil)
npuchk: [_ZN6npuchk3vldERA256_aS1_Pai7Literal] -> (nil)
npuchk: [_ZN6npuchk3vldERA256_hS1_Phi7Literal] -> (nil)
npuchk: [_ZN6npuchk3vldERA128_sS1_Psi7Literal] -> (nil)
npuchk: [_ZN6npuchk3vldERA128_tS1_Pti7Literal] -> (nil)
npuchk: [_ZN6npuchk3vldERA64_iS1_Pii7Literal] -> (nil)
npuchk: [_ZN6npuchk3vldERA64_jS1_Pji7Literal] -> (nil)
npuchk: [_ZN6npuchk3vldERA32_mS1_Pmi7Literal] -> (nil)
npuchk: [_ZN6npuchk3vldERA32_lS1_Pli7Literal] -> (nil)
npuchk: [_ZN6npuchk3vldERA128_N8bfloat165Bf16TES3_PS1_i7Literal] -> (nil)
npuchk: [_ZN6npuchk3vldERA128_N7float165Fp16TES3_PS1_i7Literal] -> (nil)
npuchk: [_ZN6npuchk3vldERA64_fS1_Pfi7Literal] -> (nil)
npuchk: [_ZN6npuchk3vldERA256_aS1_Pa7Literal] -> (nil)
npuchk: [_ZN6npuchk3vldERA256_hS1_Ph7Literal] -> (nil)
npuchk: [_ZN6npuchk3vldERA128_sS1_Ps7Literal] -> (nil)
npuchk: [_ZN6npuchk3vldERA128_tS1_Pt7Literal] -> (nil)
npuchk: [_ZN6npuchk3vldERA64_iS1_Pi7Literal] -> (nil)
npuchk: [_ZN6npuchk3vldERA64_jS1_Pj7Literal] -> (nil)
npuchk: [_ZN6npuchk3vldERA32_mS1_Pm7Literal] -> (nil)
npuchk: [_ZN6npuchk3vldERA32_lS1_Pl7Literal] -> (nil)
npuchk: [_ZN6npuchk3vldERA128_N8bfloat165Bf16TES3_PS1_7Literal] -> (nil)
npuchk: [_ZN6npuchk3vldERA128_N7float165Fp16TES3_PS1_7Literal] -> (nil)
npuchk: [_ZN6npuchk3vldERA64_fS1_Pf7Literal] -> (nil)
npuchk: [_ZN6npuchk4vldsERA256_aPai7Literal] -> (nil)
npuchk: [_ZN6npuchk4vldsERA256_hPhi7Literal] -> (nil)
npuchk: [_ZN6npuchk4vldsERA128_sPsi7Literal] -> (nil)
npuchk: [_ZN6npuchk4vldsERA128_tPti7Literal] -> (nil)
npuchk: [_ZN6npuchk4vldsERA64_iPii7Literal] -> (nil)
npuchk: [_ZN6npuchk4vldsERA64_jPji7Literal] -> (nil)
npuchk: [_ZN6npuchk4vldsERA32_mPmi7Literal] -> (nil)
npuchk: [_ZN6npuchk4vldsERA32_lPli7Literal] -> (nil)
npuchk: [_ZN6npuchk4vldsERA128_N8bfloat165Bf16TEPS1_i7Literal] -> (nil)
npuchk: [_ZN6npuchk4vldsERA128_N7float165Fp16TEPS1_i7Literal] -> (nil)
npuchk: [_ZN6npuchk4vldsERA64_fPfi7Literal] -> (nil)
npuchk: [_ZN6npuchk5vaddsERA64_iPiih7Literal] -> (nil)
npuchk: [_ZN6npuchk5vaddsERA64_jPjjh7Literal] -> (nil)
npuchk: [_ZN6npuchk5vaddsERA128_sPssh7Literal] -> (nil)
npuchk: [_ZN6npuchk5vaddsERA128_tPtth7Literal] -> (nil)
npuchk: [_ZN6npuchk5vaddsERA256_aPaah7Literal] -> (nil)
npuchk: [_ZN6npuchk5vaddsERA256_hPhhh7Literal] -> (nil)
npuchk: [_ZN6npuchk5vaddsERA64_fPffh7Literal] -> (nil)
npuchk: [_ZN6npuchk5vaddsERA128_N7float165Fp16TEPS1_S1_h7Literal] -> (nil)
npuchk: [_ZN6npuchk5vmulsERA64_iPiih7Literal] -> (nil)
npuchk: [_ZN6npuchk5vmulsERA64_jPjjh7Literal] -> (nil)
npuchk: [_ZN6npuchk5vmulsERA128_sPssh7Literal] -> (nil)
npuchk: [_ZN6npuchk5vmulsERA128_tPtth7Literal] -> (nil)
npuchk: [_ZN6npuchk5vmulsERA256_aPaah7Literal] -> (nil)
npuchk: [_ZN6npuchk5vmulsERA256_hPhhh7Literal] -> (nil)
npuchk: [_ZN6npuchk5vmulsERA64_fPffh7Literal] -> (nil)
npuchk: [_ZN6npuchk5vmulsERA128_N7float165Fp16TEPS1_S1_h7Literal] -> (nil)
npuchk: [_ZN6npuchk5vmaxsERA64_iPiih7Literal] -> (nil)
npuchk: [_ZN6npuchk5vmaxsERA64_jPjjh7Literal] -> (nil)
npuchk: [_ZN6npuchk5vmaxsERA128_sPssh7Literal] -> (nil)
npuchk: [_ZN6npuchk5vmaxsERA128_tPtth7Literal] -> (nil)
npuchk: [_ZN6npuchk5vmaxsERA256_aPaah7Literal] -> (nil)
npuchk: [_ZN6npuchk5vmaxsERA256_hPhhh7Literal] -> (nil)
npuchk: [_ZN6npuchk5vmaxsERA64_fPffh7Literal] -> (nil)
npuchk: [_ZN6npuchk5vmaxsERA128_N7float165Fp16TEPS1_S1_h7Literal] -> (nil)
npuchk: [_ZN6npuchk5vminsERA64_iPiih7Literal] -> (nil)
npuchk: [_ZN6npuchk5vminsERA64_jPjjh7Literal] -> (nil)
npuchk: [_ZN6npuchk5vminsERA128_sPssh7Literal] -> (nil)
npuchk: [_ZN6npuchk5vminsERA128_tPtth7Literal] -> (nil)
npuchk: [_ZN6npuchk5vminsERA256_aPaah7Literal] -> (nil)
npuchk: [_ZN6npuchk5vminsERA256_hPhhh7Literal] -> (nil)
npuchk: [_ZN6npuchk5vminsERA64_fPffh7Literal] -> (nil)
npuchk: [_ZN6npuchk5vminsERA128_N7float165Fp16TEPS1_S1_h7Literal] -> (nil)
npuchk: [_ZN6npuchk5vshlsERA64_iPish7Literal] -> (nil)
npuchk: [_ZN6npuchk5vshlsERA64_jPjsh7Literal] -> (nil)
npuchk: [_ZN6npuchk5vshlsERA128_sPssh7Literal] -> (nil)
npuchk: [_ZN6npuchk5vshlsERA128_tPtsh7Literal] -> (nil)
npuchk: [_ZN6npuchk5vshlsERA256_aPash7Literal] -> (nil)
npuchk: [_ZN6npuchk5vshlsERA256_hPhsh7Literal] -> (nil)
npuchk: [_ZN6npuchk5vshrsERA64_iPish7Literal] -> (nil)
npuchk: [_ZN6npuchk5vshrsERA64_jPjsh7Literal] -> (nil)
npuchk: [_ZN6npuchk5vshrsERA128_sPssh7Literal] -> (nil)
npuchk: [_ZN6npuchk5vshrsERA128_tPtsh7Literal] -> (nil)
npuchk: [_ZN6npuchk5vshrsERA256_aPash7Literal] -> (nil)
npuchk: [_ZN6npuchk5vshrsERA256_hPhsh7Literal] -> (nil)
npuchk: [_ZN6npuchk6vlreluERA64_fPffh7Literal] -> (nil)
npuchk: [_ZN6npuchk6vlreluERA128_N7float165Fp16TEPS1_S1_h7Literal] -> (nil)
npuchk: [_ZN6npuchk10use_pipe_vEv] -> 0xffff9e78a5dc
npuchk: [_ZN6npuchk11use_pipe_v2Ev] -> 0xffff9e78a758
npuchk: [_ZN6npuchk8v4dtransEPtS0_m] -> 0xffff9e78a8d8
npuchk: [_ZN6npuchk8v4dtransEPtS0_ttb] -> 0xffff9e78ab68
npuchk: [_ZN6npuchk8v4dtransEPjS0_m] -> 0xffff9e78ae88
npuchk: [_ZN6npuchk8v4dtransEPjS0_ttb] -> 0xffff9e78b118
npuchk: [_ZN6npuchk8v4dtransEPhS0_m] -> 0xffff9e78b438
npuchk: [_ZN6npuchk8v4dtransEPhS0_ttb] -> 0xffff9e78b6c8
npuchk: [_ZN6npuchk5vaaddEPN7float165Fp16TES2_S2_m] -> 0xffff9e78b9e8
npuchk: [_ZN6npuchk5vaaddEPN7float165Fp16TES2_S2_hhhhhhh] -> (nil)
npuchk: [_ZN6npuchk5vaaddEPN7float165Fp16TES2_S2_hhhhhhhbb] -> (nil)
npuchk: [_ZN6npuchk5vaaddEPfS0_S0_m] -> 0xffff9e78bcd8
npuchk: [_ZN6npuchk5vaaddEPfS0_S0_hhhhhhh] -> (nil)
npuchk: [_ZN6npuchk5vaaddEPfS0_S0_hhhhhhhbb] -> (nil)
npuchk: [_ZN6npuchk4vabsEPN7float165Fp16TES2_m] -> 0xffff9e69facc
npuchk: [_ZN6npuchk4vabsEPN7float165Fp16TES2_htthh] -> 0xffff9e69fd5c
npuchk: [_ZN6npuchk4vabsEPN7float165Fp16TES2_htthhbb] -> 0xffff9e78bfc8
npuchk: [_ZN6npuchk4vabsEPN7float165Fp16TES2_htttt] -> 0xffff9e6a0130
npuchk: [_ZN6npuchk4vabsEPfS0_m] -> 0xffff9e6a0518
npuchk: [_ZN6npuchk4vabsEPfS0_htthh] -> 0xffff9e6a07a8
npuchk: [_ZN6npuchk4vabsEPfS0_htthhbb] -> 0xffff9e78c428
npuchk: [_ZN6npuchk4vabsEPfS0_htttt] -> 0xffff9e6a0b7c
npuchk: [_ZN6npuchk4vabsEPsS0_m] -> (nil)
npuchk: [_ZN6npuchk4vabsEPsS0_htthh] -> (nil)
npuchk: [_ZN6npuchk4vabsEPsS0_htthhbb] -> (nil)
npuchk: [_ZN6npuchk4vabsEPsS0_htttt] -> (nil)
npuchk: [_ZN6npuchk4vaddEPN7float165Fp16TES2_S2_m] -> 0xffff9e6a0f64
npuchk: [_ZN6npuchk4vaddEPN7float165Fp16TES2_S2_hhhhhhh] -> 0xffff9e6a1250
npuchk: [_ZN6npuchk4vaddEPN7float165Fp16TES2_S2_hhhhhhhbb] -> 0xffff9e78c888
npuchk: [_ZN6npuchk4vaddEPfS0_S0_hhhhhhh] -> 0xffff9e6a1738
npuchk: [_ZN6npuchk4vaddEPfS0_S0_hhhhhhhbb] -> 0xffff9e78cdf8
npuchk: [_ZN6npuchk4vaddEPsS0_S0_m] -> 0xffff9e6a1c20
npuchk: [_ZN6npuchk4vaddEPsS0_S0_hhhhhhh] -> 0xffff9e6a1f0c
npuchk: [_ZN6npuchk4vaddEPsS0_S0_hhhhhhhbb] -> 0xffff9e78d368
npuchk: [_ZN6npuchk4vaddEPiS0_S0_m] -> 0xffff9e6a23f4
npuchk: [_ZN6npuchk4vaddEPiS0_S0_hhhhhhh] -> 0xffff9e6a26e0
npuchk: [_ZN6npuchk4vaddEPiS0_S0_hhhhhhhbb] -> 0xffff9e78d8d8
npuchk: [_ZN6npuchk11vadddeqreluEPN7float165Fp16TEPiS3_m] -> 0xffff9e78de48
npuchk: [_ZN6npuchk11vadddeqreluEPN7float165Fp16TEPiS3_hhhhhhh] -> 0xffff9e78e138
npuchk: [_ZN6npuchk11vadddeqreluEPN7float165Fp16TEPiS3_hhhhhhhbb] -> 0xffff9e78e624
npuchk: [_ZN6npuchk8vaddreluEPN7float165Fp16TES2_S2_m] -> 0xffff9e6a2bc8
npuchk: [_ZN6npuchk8vaddreluEPN7float165Fp16TES2_S2_hhhhhhhbb] -> 0xffff9e78eb98
npuchk: [_ZN6npuchk8vaddreluEPN7float165Fp16TES2_S2_hhhhhhh] -> 0xffff9e6a2eb4
npuchk: [_ZN6npuchk8vaddreluEPfS0_S0_m] -> 0xffff9e6a339c
npuchk: [_ZN6npuchk8vaddreluEPfS0_S0_hhhhhhhbb] -> 0xffff9e78f108
npuchk: [_ZN6npuchk8vaddreluEPfS0_S0_hhhhhhh] -> 0xffff9e6a3688
npuchk: [_ZN6npuchk8vaddreluEPsS0_S0_m] -> 0xffff9e6a3b70
npuchk: [_ZN6npuchk8vaddreluEPsS0_S0_hhhhhhhbb] -> 0xffff9e78f678
npuchk: [_ZN6npuchk8vaddreluEPsS0_S0_hhhhhhh] -> 0xffff9e6a3e5c
npuchk: [_ZN6npuchk19vaddreluconv_f162s8EPaPN7float165Fp16TES3_mb] -> 0xffff9e6a4344
npuchk: [_ZN6npuchk19vaddreluconv_f162s8EPaPN7float165Fp16TES3_hhhhhhhbbb] -> 0xffff9e78fbe8
npuchk: [_ZN6npuchk19vaddreluconv_f162s8EPaPN7float165Fp16TES3_hhhhhhhb] -> 0xffff9e6a4690
npuchk: [_ZN6npuchk20vaddreluconv_f322f16EPN7float165Fp16TEPfS3_mb] -> 0xffff9e6a4bd4
npuchk: [_ZN6npuchk20vaddreluconv_f322f16EPN7float165Fp16TEPfS3_hhhhhhhbbb] -> 0xffff9e7901b4
npuchk: [_ZN6npuchk20vaddreluconv_f322f16EPN7float165Fp16TEPfS3_hhhhhhhb] -> 0xffff9e6a4f20
npuchk: [_ZN6npuchk19vaddreluconv_s162s8EPaPsS1_mb] -> 0xffff9e6a5464
npuchk: [_ZN6npuchk19vaddreluconv_s162s8EPaPsS1_hhhhhhhbbb] -> 0xffff9e790780
npuchk: [_ZN6npuchk19vaddreluconv_s162s8EPaPsS1_hhhhhhhb] -> 0xffff9e6a57b0
npuchk: [_ZN6npuchk23vaddreluconv_vdeqs162b8EPaPsS1_mb] -> (nil)
npuchk: [_ZN6npuchk23vaddreluconv_vdeqs162b8EPhPsS1_mb] -> (nil)
npuchk: [_ZN6npuchk23vaddreluconv_vdeqs162b8EPhPsS1_hhhhhhhbbb] -> (nil)
npuchk: [_ZN6npuchk23vaddreluconv_vdeqs162b8EPhPsS1_hhhhhhhb] -> (nil)
npuchk: [_ZN6npuchk23vaddreluconv_vdeqs162b8EPaPsS1_hhhhhhhbbb] -> (nil)
npuchk: [_ZN6npuchk23vaddreluconv_vdeqs162b8EPaPsS1_hhhhhhhb] -> (nil)
npuchk: [_ZN6npuchk5vaddsEPN7float165Fp16TES2_S1_m] -> 0xffff9e6a5cf4
npuchk: [_ZN6npuchk5vaddsEPN7float165Fp16TES2_S1_htthh] -> 0xffff9e6a5fec
npuchk: [_ZN6npuchk5vaddsEPN7float165Fp16TES2_S1_htthhbb] -> 0xffff9e790d4c
npuchk: [_ZN6npuchk5vaddsEPN7float165Fp16TES2_S1_htttt] -> 0xffff9e6a6428
npuchk: [_ZN6npuchk5vaddsEPfS0_fm] -> 0xffff9e6a6878
npuchk: [_ZN6npuchk5vaddsEPfS0_fhtthh] -> 0xffff9e6a6b64
npuchk: [_ZN6npuchk5vaddsEPfS0_fhtthhbb] -> 0xffff9e791210
npuchk: [_ZN6npuchk5vaddsEPfS0_fhtttt] -> 0xffff9e6a6f94
npuchk: [_ZN6npuchk5vaddsEPsS0_sm] -> 0xffff9e6a73d8
npuchk: [_ZN6npuchk5vaddsEPsS0_shtthh] -> 0xffff9e6a76bc
npuchk: [_ZN6npuchk5vaddsEPsS0_shtthhbb] -> 0xffff9e7916cc
npuchk: [_ZN6npuchk5vaddsEPsS0_shtttt] -> 0xffff9e6a7ae4
npuchk: [_ZN6npuchk5vaddsEPiS0_im] -> 0xffff9e6a7f20
npuchk: [_ZN6npuchk5vaddsEPiS0_ihtthh] -> 0xffff9e6a8204
npuchk: [_ZN6npuchk5vaddsEPiS0_ihtthhbb] -> 0xffff9e791b7c
npuchk: [_ZN6npuchk5vaddsEPiS0_ihtttt] -> 0xffff9e6a862c
npuchk: [_ZN6npuchk4vandEPsS0_S0_m] -> 0xffff9e6a8a68
npuchk: [_ZN6npuchk4vandEPsS0_S0_hhhhhhh] -> 0xffff9e6a8d58
npuchk: [_ZN6npuchk4vandEPsS0_S0_hhhhhhhbb] -> 0xffff9e79202c
npuchk: [_ZN6npuchk4vandEPtS0_S0_m] -> 0xffff9e6a9244
npuchk: [_ZN6npuchk4vandEPtS0_S0_hhhhhhh] -> 0xffff9e6a9534
npuchk: [_ZN6npuchk4vandEPtS0_S0_hhhhhhhbb] -> 0xffff9e7925a0
npuchk: [_ZN6npuchk5vaxpyEPN7float165Fp16TES2_S1_m] -> 0xffff9e6a9a20
npuchk: [_ZN6npuchk5vaxpyEPN7float165Fp16TES2_S1_htthh] -> 0xffff9e6a9d18
npuchk: [_ZN6npuchk5vaxpyEPN7float165Fp16TES2_S1_htthhbb] -> 0xffff9e792b14
npuchk: [_ZN6npuchk5vaxpyEPN7float165Fp16TES2_S1_htttt] -> 0xffff9e6aa154
npuchk: [_ZN6npuchk5vaxpyEPfS0_fm] -> 0xffff9e6aa5a4
npuchk: [_ZN6npuchk5vaxpyEPfS0_fhtthh] -> 0xffff9e6aa890
npuchk: [_ZN6npuchk5vaxpyEPfS0_fhtthhbb] -> 0xffff9e792fd8
npuchk: [_ZN6npuchk5vaxpyEPfS0_fhtttt] -> 0xffff9e6aacc0
npuchk: [_ZN6npuchk5vaxpyEPfPN7float165Fp16TES2_m] -> 0xffff9e6ab104
npuchk: [_ZN6npuchk5vaxpyEPfPN7float165Fp16TES2_htthh] -> 0xffff9e6ab3fc
npuchk: [_ZN6npuchk5vaxpyEPfPN7float165Fp16TES2_htthhbb] -> 0xffff9e793494
npuchk: [_ZN6npuchk5vaxpyEPfPN7float165Fp16TES2_htttt] -> 0xffff9e6ab838
npuchk: [_ZN6npuchk3vbiEPN7float165Fp16TEPtS2_m] -> 0xffff9e793958
npuchk: [_ZN6npuchk3vbiEPN7float165Fp16TEPtS2_hbtth] -> 0xffff9e793c40
npuchk: [_ZN6npuchk8vbitsortEPN7float165Fp16TES2_m] -> 0xffff9e794060
npuchk: [_ZN6npuchk8vbitsortEPN7float165Fp16TES2_htthh] -> (nil)
npuchk: [_ZN6npuchk8vbitsortEPN7float165Fp16TES2_htthhbb] -> (nil)
npuchk: [_ZN6npuchk8vbitsortEPfS0_m] -> 0xffff9e7942f4
npuchk: [_ZN6npuchk8vbitsortEPfS0_htthh] -> (nil)
npuchk: [_ZN6npuchk8vbitsortEPfS0_htthhbb] -> (nil)
npuchk: [_ZN6npuchk8vbitsortEPN7float165Fp16TES2_Pjm] -> 0xffff9e6abc88
npuchk: [_ZN6npuchk8vbitsortEPN7float165Fp16TES2_Pjhhhhhhhbb] -> (nil)
npuchk: [_ZN6npuchk8vbitsortEPfS0_Pjm] -> 0xffff9e6abf7c
npuchk: [_ZN6npuchk8vbitsortEPfS0_Pjhhhhhhhbb] -> (nil)
npuchk: [_ZN6npuchk8vbitsortEPN7float165Fp16TES2_Pjhhhhhhh] -> (nil)
npuchk: [_ZN6npuchk8vbitsortEPfS0_Pjhhhhhhh] -> (nil)
npuchk: [_ZN6npuchk5vbrcbEPtS0_m] -> 0xffff9e6ac270
npuchk: [_ZN6npuchk5vbrcbEPtS0_tth] -> 0xffff9e6ac500
npuchk: [_ZN6npuchk5vbrcbEPjS0_m] -> 0xffff9e6ac858
npuchk: [_ZN6npuchk5vbrcbEPjS0_tth] -> 0xffff9e6acae8
npuchk: [_ZN6npuchk5vcaddEPN7float165Fp16TES2_m] -> 0xffff9e794588
npuchk: [_ZN6npuchk5vcaddEPN7float165Fp16TES2_httt] -> 0xffff9e794818
npuchk: [_ZN6npuchk5vcaddEPN7float165Fp16TES2_htttbb] -> 0xffff9e794b8c
npuchk: [_ZN6npuchk5vcaddEPN7float165Fp16TES2_mb] -> 0xffff9e6ace40
npuchk: [_ZN6npuchk5vcaddEPN7float165Fp16TES2_htttb] -> 0xffff9e6ad134
npuchk: [_ZN6npuchk5vcaddEPfS0_m] -> 0xffff9e794f90
npuchk: [_ZN6npuchk5vcaddEPfS0_httt] -> 0xffff9e795220
npuchk: [_ZN6npuchk5vcaddEPfS0_htttbb] -> 0xffff9e795594
npuchk: [_ZN6npuchk5vcaddEPfS0_mb] -> 0xffff9e6ad50c
npuchk: [_ZN6npuchk5vcaddEPfS0_htttb] -> 0xffff9e6ad800
npuchk: [_ZN6npuchk5vcaddERA128_N7float165Fp16TEPS1_h7Literal] -> (nil)
npuchk: [_ZN6npuchk5vcaddERA64_fPfh7Literal] -> (nil)
npuchk: [_ZN6npuchk5vcmaxERA128_N7float165Fp16TEPS1_h7Literal] -> (nil)
npuchk: [_ZN6npuchk5vcmaxERA64_fPfh7Literal] -> (nil)
npuchk: [_ZN6npuchk5vcminERA128_N7float165Fp16TEPS1_h7Literal] -> (nil)
npuchk: [_ZN6npuchk5vcminERA64_fPfh7Literal] -> (nil)
npuchk: [_ZN6npuchk12vcbd_s162s32EPiPsm] -> (nil)
npuchk: [_ZN6npuchk12vcbd_s162s32EPiPshtthhbb] -> (nil)
npuchk: [_ZN6npuchk12vcbd_s162u32EPjPsm] -> (nil)
npuchk: [_ZN6npuchk12vcbd_s162u32EPjPshtthhbb] -> (nil)
npuchk: [_ZN6npuchk11vcbd_s162u8EPhPsm] -> (nil)
npuchk: [_ZN6npuchk11vcbd_s162u8EPhPshtthhbb] -> (nil)
npuchk: [_ZN6npuchk12vcbd_s322s16EPsPim] -> 0xffff9e795998
npuchk: [_ZN6npuchk12vcbd_s322s16EPsPihtthhbb] -> 0xffff9e795c28
npuchk: [_ZN6npuchk12vcbd_s322u16EPtPim] -> (nil)
npuchk: [_ZN6npuchk12vcbd_s322u16EPtPihtthhbb] -> (nil)
npuchk: [_ZN6npuchk11vcbd_s322u8EPhPim] -> (nil)
npuchk: [_ZN6npuchk11vcbd_s322u8EPhPihtthhbb] -> (nil)
npuchk: [_ZN6npuchk12vcbd_u162s32EPiPtm] -> (nil)
npuchk: [_ZN6npuchk12vcbd_u162s32EPiPthtthhbb] -> (nil)
npuchk: [_ZN6npuchk12vcbd_u162u32EPjPtm] -> (nil)
npuchk: [_ZN6npuchk12vcbd_u162u32EPjPthtthhbb] -> (nil)
npuchk: [_ZN6npuchk11vcbd_u162u8EPhPtm] -> (nil)
npuchk: [_ZN6npuchk11vcbd_u162u8EPhPthtthhbb] -> (nil)
npuchk: [_ZN6npuchk12vcbd_u322s16EPsPjm] -> (nil)
npuchk: [_ZN6npuchk12vcbd_u322s16EPsPjhtthhbb] -> (nil)
npuchk: [_ZN6npuchk12vcbd_u322u16EPtPjm] -> (nil)
npuchk: [_ZN6npuchk12vcbd_u322u16EPtPjhtthhbb] -> (nil)
npuchk: [_ZN6npuchk11vcbd_u322u8EPhPjm] -> (nil)
npuchk: [_ZN6npuchk11vcbd_u322u8EPhPjhtthhbb] -> (nil)
npuchk: [_ZN6npuchk11vcbd_u82s16EPsPhm] -> (nil)
npuchk: [_ZN6npuchk11vcbd_u82s16EPsPhhtthhbb] -> (nil)
npuchk: [_ZN6npuchk11vcbd_u82s32EPiPhm] -> (nil)
npuchk: [_ZN6npuchk11vcbd_u82s32EPiPhhtthhbb] -> (nil)
npuchk: [_ZN6npuchk11vcbd_u82u16EPtPhm] -> (nil)
npuchk: [_ZN6npuchk11vcbd_u82u16EPtPhhtthhbb] -> (nil)
npuchk: [_ZN6npuchk11vcbd_u82u32EPjPhm] -> (nil)
npuchk: [_ZN6npuchk11vcbd_u82u32EPjPhhtthhbb] -> (nil)
npuchk: [_ZN6npuchk6vcgaddEPN7float165Fp16TES2_m] -> 0xffff9e6adbd8
npuchk: [_ZN6npuchk6vcgaddEPN7float165Fp16TES2_httt] -> 0xffff9e6ade68
npuchk: [_ZN6npuchk6vcgaddEPN7float165Fp16TES2_htttbb] -> 0xffff9e796088
npuchk: [_ZN6npuchk6vcgaddEPfS0_m] -> 0xffff9e6ae1dc
npuchk: [_ZN6npuchk6vcgaddEPfS0_httt] -> 0xffff9e6ae46c
npuchk: [_ZN6npuchk6vcgaddEPfS0_htttbb] -> 0xffff9e79648c
npuchk: [_ZN6npuchk6vcgaddERA128_N7float165Fp16TEPS1_h7Literal] -> (nil)
npuchk: [_ZN6npuchk6vcgaddERA64_fPfh7Literal] -> (nil)
npuchk: [_ZN6npuchk6vcgmaxERA128_N7float165Fp16TEPS1_h7Literal] -> (nil)
npuchk: [_ZN6npuchk6vcgmaxERA64_fPfh7Literal] -> (nil)
npuchk: [_ZN6npuchk6vcgminERA128_N7float165Fp16TEPS1_h7Literal] -> (nil)
npuchk: [_ZN6npuchk6vcgminERA64_fPfh7Literal] -> (nil)
npuchk: [_ZN6npuchk6vcpaddERA128_N7float165Fp16TEPS1_h7Literal] -> (nil)
npuchk: [_ZN6npuchk6vcpaddERA64_fPfh7Literal] -> (nil)
npuchk: [_ZN6npuchk6vcgmaxEPN7float165Fp16TES2_m] -> 0xffff9e6ae7e0
npuchk: [_ZN6npuchk6vcgmaxEPN7float165Fp16TES2_httt] -> 0xffff9e6aea70
npuchk: [_ZN6npuchk6vcgmaxEPN7float165Fp16TES2_htttbb] -> 0xffff9e796890
npuchk: [_ZN6npuchk6vcgmaxEPfS0_m] -> 0xffff9e6aede4
npuchk: [_ZN6npuchk6vcgmaxEPfS0_httt] -> 0xffff9e6af074
npuchk: [_ZN6npuchk6vcgmaxEPfS0_htttbb] -> 0xffff9e796c94
npuchk: [_ZN6npuchk6vcgminEPN7float165Fp16TES2_m] -> 0xffff9e6af3e8
npuchk: [_ZN6npuchk6vcgminEPN7float165Fp16TES2_httt] -> 0xffff9e6af678
npuchk: [_ZN6npuchk6vcgminEPN7float165Fp16TES2_htttbb] -> 0xffff9e797098
npuchk: [_ZN6npuchk6vcgminEPfS0_m] -> 0xffff9e6af9ec
npuchk: [_ZN6npuchk6vcgminEPfS0_httt] -> 0xffff9e6afc7c
npuchk: [_ZN6npuchk6vcgminEPfS0_htttbb] -> 0xffff9e79749c
npuchk: [_ZN6npuchk3vciEPN7float165Fp16TES1_m] -> (nil)
npuchk: [_ZN6npuchk3vciEPN7float165Fp16TES1_hthbb] -> (nil)
npuchk: [_ZN6npuchk3vciEPffm] -> (nil)
npuchk: [_ZN6npuchk3vciEPffhthbb] -> (nil)
npuchk: [_ZN6npuchk3vciEPssm] -> (nil)
npuchk: [_ZN6npuchk3vciEPsshthbb] -> (nil)
npuchk: [_ZN6npuchk3vciEPiim] -> (nil)
npuchk: [_ZN6npuchk3vciEPiihthbb] -> (nil)
npuchk: [_ZN6npuchk5vcmaxEPN7float165Fp16TES2_m] -> 0xffff9e7978a0
npuchk: [_ZN6npuchk5vcmaxEPN7float165Fp16TES2_httt] -> 0xffff9e797b30
npuchk: [_ZN6npuchk5vcmaxEPN7float165Fp16TES2_htttbb] -> 0xffff9e797ea4
npuchk: [_ZN6npuchk5vcmaxEPN7float165Fp16TES2_mb] -> 0xffff9e7982a8
npuchk: [_ZN6npuchk5vcmaxEPN7float165Fp16TES2_htttbbb] -> 0xffff9e79859c
npuchk: [_ZN6npuchk5vcmaxEPN7float165Fp16TES2_m7Order_t] -> 0xffff9e6afff0
npuchk: [_ZN6npuchk5vcmaxEPN7float165Fp16TES2_httt7Order_t] -> 0xffff9e6b02ec
npuchk: [_ZN6npuchk5vcmaxEPfS0_mb] -> 0xffff9e798a00
npuchk: [_ZN6npuchk5vcmaxEPfS0_htttbbb] -> 0xffff9e798cf4
npuchk: [_ZN6npuchk5vcmaxEPfS0_m7Order_t] -> 0xffff9e6b06cc
npuchk: [_ZN6npuchk5vcmaxEPfS0_httt7Order_t] -> 0xffff9e6b09c8
npuchk: [_ZN6npuchk5vcmaxEPtS0_mb] -> (nil)
npuchk: [_ZN6npuchk5vcmaxEPtS0_htttbbb] -> (nil)
npuchk: [_ZN6npuchk5vcminEPN7float165Fp16TES2_m] -> 0xffff9e799158
npuchk: [_ZN6npuchk5vcminEPN7float165Fp16TES2_httt] -> 0xffff9e7993e8
npuchk: [_ZN6npuchk5vcminEPN7float165Fp16TES2_htttbb] -> 0xffff9e79975c
npuchk: [_ZN6npuchk5vcminEPN7float165Fp16TES2_mb] -> 0xffff9e799b60
npuchk: [_ZN6npuchk5vcminEPN7float165Fp16TES2_htttbbb] -> 0xffff9e799e54
npuchk: [_ZN6npuchk5vcminEPN7float165Fp16TES2_m7Order_t] -> 0xffff9e6b0da8
npuchk: [_ZN6npuchk5vcminEPN7float165Fp16TES2_httt7Order_t] -> 0xffff9e6b10a4
npuchk: [_ZN6npuchk5vcminEPfS0_mb] -> 0xffff9e79a2b8
npuchk: [_ZN6npuchk5vcminEPfS0_htttbbb] -> 0xffff9e79a5ac
npuchk: [_ZN6npuchk5vcminEPfS0_m7Order_t] -> 0xffff9e6b1484
npuchk: [_ZN6npuchk5vcminEPfS0_httt7Order_t] -> 0xffff9e6b1780
npuchk: [_ZN6npuchk5vcminEPtS0_mb] -> (nil)
npuchk: [_ZN6npuchk5vcminEPtS0_htttbbb] -> (nil)
npuchk: [_ZN6npuchk7vcmp_eqEPN7float165Fp16TES2_m] -> 0xffff9e6b1b60
npuchk: [_ZN6npuchk7vcmp_eqEPN7float165Fp16TES2_hhhhhhh] -> 0xffff9e6b1dec
npuchk: [_ZN6npuchk7vcmp_eqEPN7float165Fp16TES2_hhhhhhhbb] -> 0xffff9e79aa10
npuchk: [_ZN6npuchk7vcmp_eqEPfS0_m] -> 0xffff9e6b2278
npuchk: [_ZN6npuchk7vcmp_eqEPfS0_hhhhhhh] -> 0xffff9e6b2504
npuchk: [_ZN6npuchk7vcmp_eqEPfS0_hhhhhhhbb] -> 0xffff9e79af24
npuchk: [_ZN6npuchk7vcmp_eqEPtS0_m] -> (nil)
npuchk: [_ZN6npuchk7vcmp_eqEPtS0_hhhhhhh] -> (nil)
npuchk: [_ZN6npuchk7vcmp_eqEPtS0_hhhhhhhbb] -> (nil)
npuchk: [_ZN6npuchk7vcmp_geEPN7float165Fp16TES2_m] -> 0xffff9e6b2990
npuchk: [_ZN6npuchk7vcmp_geEPN7float165Fp16TES2_hhhhhhh] -> 0xffff9e6b2c1c
npuchk: [_ZN6npuchk7vcmp_geEPN7float165Fp16TES2_hhhhhhhbb] -> 0xffff9e79b438
npuchk: [_ZN6npuchk7vcmp_geEPfS0_m] -> 0xffff9e6b30a8
npuchk: [_ZN6npuchk7vcmp_geEPfS0_hhhhhhh] -> 0xffff9e6b3334
npuchk: [_ZN6npuchk7vcmp_geEPfS0_hhhhhhhbb] -> 0xffff9e79b94c
npuchk: [_ZN6npuchk7vcmp_geEPtS0_m] -> (nil)
npuchk: [_ZN6npuchk7vcmp_geEPtS0_hhhhhhh] -> (nil)
npuchk: [_ZN6npuchk7vcmp_geEPtS0_hhhhhhhbb] -> (nil)
npuchk: [_ZN6npuchk7vcmp_gtEPN7float165Fp16TES2_m] -> 0xffff9e6b37c0
npuchk: [_ZN6npuchk7vcmp_gtEPN7float165Fp16TES2_hhhhhhh] -> 0xffff9e6b3a4c
npuchk: [_ZN6npuchk7vcmp_gtEPN7float165Fp16TES2_hhhhhhhbb] -> 0xffff9e79be60
npuchk: [_ZN6npuchk7vcmp_gtEPfS0_m] -> 0xffff9e6b3ed8
npuchk: [_ZN6npuchk7vcmp_gtEPfS0_hhhhhhh] -> 0xffff9e6b4164
npuchk: [_ZN6npuchk7vcmp_gtEPfS0_hhhhhhhbb] -> 0xffff9e79c374
npuchk: [_ZN6npuchk7vcmp_gtEPtS0_m] -> (nil)
npuchk: [_ZN6npuchk7vcmp_gtEPtS0_hhhhhhh] -> (nil)
npuchk: [_ZN6npuchk7vcmp_gtEPtS0_hhhhhhhbb] -> (nil)
npuchk: [_ZN6npuchk7vcmp_leEPN7float165Fp16TES2_m] -> 0xffff9e6b45f0
npuchk: [_ZN6npuchk7vcmp_leEPN7float165Fp16TES2_hhhhhhh] -> 0xffff9e6b487c
npuchk: [_ZN6npuchk7vcmp_leEPN7float165Fp16TES2_hhhhhhhbb] -> 0xffff9e79c888
npuchk: [_ZN6npuchk7vcmp_leEPfS0_m] -> 0xffff9e6b4d08
npuchk: [_ZN6npuchk7vcmp_leEPfS0_hhhhhhh] -> 0xffff9e6b4f94
npuchk: [_ZN6npuchk7vcmp_leEPfS0_hhhhhhhbb] -> 0xffff9e79cd9c
npuchk: [_ZN6npuchk7vcmp_leEPtS0_m] -> (nil)
npuchk: [_ZN6npuchk7vcmp_leEPtS0_hhhhhhh] -> (nil)
npuchk: [_ZN6npuchk7vcmp_leEPtS0_hhhhhhhbb] -> (nil)
npuchk: [_ZN6npuchk7vcmp_ltEPN7float165Fp16TES2_m] -> 0xffff9e6b5420
npuchk: [_ZN6npuchk7vcmp_ltEPN7float165Fp16TES2_hhhhhhh] -> 0xffff9e6b56ac
npuchk: [_ZN6npuchk7vcmp_ltEPN7float165Fp16TES2_hhhhhhhbb] -> 0xffff9e79d2b0
npuchk: [_ZN6npuchk7vcmp_ltEPfS0_m] -> 0xffff9e6b5b38
npuchk: [_ZN6npuchk7vcmp_ltEPfS0_hhhhhhh] -> 0xffff9e6b5dc4
npuchk: [_ZN6npuchk7vcmp_ltEPfS0_hhhhhhhbb] -> 0xffff9e79d7c4
npuchk: [_ZN6npuchk7vcmp_ltEPtS0_m] -> (nil)
npuchk: [_ZN6npuchk7vcmp_ltEPtS0_hhhhhhh] -> (nil)
npuchk: [_ZN6npuchk7vcmp_ltEPtS0_hhhhhhhbb] -> (nil)
npuchk: [_ZN6npuchk7vcmp_neEPN7float165Fp16TES2_m] -> 0xffff9e6b6250
npuchk: [_ZN6npuchk7vcmp_neEPN7float165Fp16TES2_hhhhhhh] -> 0xffff9e6b64dc
npuchk: [_ZN6npuchk7vcmp_neEPN7float165Fp16TES2_hhhhhhhbb] -> 0xffff9e79dcd8
npuchk: [_ZN6npuchk7vcmp_neEPfS0_m] -> 0xffff9e6b6968
npuchk: [_ZN6npuchk7vcmp_neEPfS0_hhhhhhh] -> 0xffff9e6b6bf4
npuchk: [_ZN6npuchk7vcmp_neEPfS0_hhhhhhhbb] -> 0xffff9e79e1ec
npuchk: [_ZN6npuchk7vcmp_neEPtS0_m] -> (nil)
npuchk: [_ZN6npuchk7vcmp_neEPtS0_hhhhhhh] -> (nil)
npuchk: [_ZN6npuchk7vcmp_neEPtS0_hhhhhhhbb] -> (nil)
npuchk: [_ZN6npuchk8vcmpv_eqEPhPN7float165Fp16TES3_m] -> 0xffff9e6b7080
npuchk: [_ZN6npuchk8vcmpv_eqEPhPN7float165Fp16TES3_hhhhhhh] -> 0xffff9e6b7370
npuchk: [_ZN6npuchk8vcmpv_eqEPhPfS1_m] -> 0xffff9e6b785c
npuchk: [_ZN6npuchk8vcmpv_eqEPhPfS1_hhhhhhh] -> 0xffff9e6b7b4c
npuchk: [_ZN6npuchk8vcmpv_eqEPhPiS1_m] -> 0xffff9e6b8038
npuchk: [_ZN6npuchk8vcmpv_eqEPhPiS1_hhhhhhh] -> 0xffff9e6b8328
npuchk: [_ZN6npuchk8vcmpv_geEPhPN7float165Fp16TES3_m] -> 0xffff9e6b8814
npuchk: [_ZN6npuchk8vcmpv_geEPhPN7float165Fp16TES3_hhhhhhh] -> 0xffff9e6b8b04
npuchk: [_ZN6npuchk8vcmpv_geEPhPfS1_m] -> 0xffff9e6b8ff0
npuchk: [_ZN6npuchk8vcmpv_geEPhPfS1_hhhhhhh] -> 0xffff9e6b92e0
npuchk: [_ZN6npuchk8vcmpv_gtEPhPN7float165Fp16TES3_m] -> 0xffff9e6b97cc
npuchk: [_ZN6npuchk8vcmpv_gtEPhPN7float165Fp16TES3_hhhhhhh] -> 0xffff9e6b9abc
npuchk: [_ZN6npuchk8vcmpv_gtEPhPfS1_m] -> 0xffff9e6b9fa8
npuchk: [_ZN6npuchk8vcmpv_gtEPhPfS1_hhhhhhh] -> 0xffff9e6ba298
npuchk: [_ZN6npuchk8vcmpv_leEPhPN7float165Fp16TES3_m] -> 0xffff9e6ba784
npuchk: [_ZN6npuchk8vcmpv_leEPhPN7float165Fp16TES3_hhhhhhh] -> 0xffff9e6baa74
npuchk: [_ZN6npuchk8vcmpv_leEPhPfS1_m] -> 0xffff9e6baf60
npuchk: [_ZN6npuchk8vcmpv_leEPhPfS1_hhhhhhh] -> 0xffff9e6bb250
npuchk: [_ZN6npuchk8vcmpv_ltEPhPN7float165Fp16TES3_m] -> 0xffff9e6bb73c
npuchk: [_ZN6npuchk8vcmpv_ltEPhPN7float165Fp16TES3_hhhhhhh] -> 0xffff9e6bba2c
npuchk: [_ZN6npuchk8vcmpv_ltEPhPfS1_m] -> 0xffff9e6bbf18
npuchk: [_ZN6npuchk8vcmpv_ltEPhPfS1_hhhhhhh] -> 0xffff9e6bc208
npuchk: [_ZN6npuchk8vcmpv_neEPhPN7float165Fp16TES3_m] -> 0xffff9e6bc6f4
npuchk: [_ZN6npuchk8vcmpv_neEPhPN7float165Fp16TES3_hhhhhhh] -> 0xffff9e6bc9e4
npuchk: [_ZN6npuchk8vcmpv_neEPhPfS1_m] -> 0xffff9e6bced0
npuchk: [_ZN6npuchk8vcmpv_neEPhPfS1_hhhhhhh] -> 0xffff9e6bd1c0
npuchk: [_ZN6npuchk9vcmpvs_eqEPhPN7float165Fp16TES2_m] -> 0xffff9e6bd6ac
npuchk: [_ZN6npuchk9vcmpvs_eqEPhPN7float165Fp16TES2_htthh] -> 0xffff9e6bd9a8
npuchk: [_ZN6npuchk9vcmpvs_eqEPhPN7float165Fp16TES2_htttt] -> 0xffff9e6bdde8
npuchk: [_ZN6npuchk9vcmpvs_eqEPhPffm] -> 0xffff9e6be23c
npuchk: [_ZN6npuchk9vcmpvs_eqEPhPffhtthh] -> 0xffff9e6be52c
npuchk: [_ZN6npuchk9vcmpvs_eqEPhPffhtttt] -> 0xffff9e6be960
npuchk: [_ZN6npuchk9vcmpvs_eqEPhPiim] -> 0xffff9e6beda8
npuchk: [_ZN6npuchk9vcmpvs_eqEPhPiihtttt] -> 0xffff9e6bf098
npuchk: [_ZN6npuchk9vcmpvs_geEPhPN7float165Fp16TES2_m] -> 0xffff9e6bf4e0
npuchk: [_ZN6npuchk9vcmpvs_geEPhPN7float165Fp16TES2_htthh] -> 0xffff9e6bf7dc
npuchk: [_ZN6npuchk9vcmpvs_geEPhPN7float165Fp16TES2_htttt] -> 0xffff9e6bfc1c
npuchk: [_ZN6npuchk9vcmpvs_geEPhPffm] -> 0xffff9e6c0070
npuchk: [_ZN6npuchk9vcmpvs_geEPhPffhtthh] -> 0xffff9e6c0360
npuchk: [_ZN6npuchk9vcmpvs_geEPhPffhtttt] -> 0xffff9e6c0794
npuchk: [_ZN6npuchk9vcmpvs_gtEPhPN7float165Fp16TES2_m] -> 0xffff9e6c0bdc
npuchk: [_ZN6npuchk9vcmpvs_gtEPhPN7float165Fp16TES2_htthh] -> 0xffff9e6c0ed8
npuchk: [_ZN6npuchk9vcmpvs_gtEPhPN7float165Fp16TES2_htttt] -> 0xffff9e6c1318
npuchk: [_ZN6npuchk9vcmpvs_gtEPhPffm] -> 0xffff9e6c176c
npuchk: [_ZN6npuchk9vcmpvs_gtEPhPffhtthh] -> 0xffff9e6c1a5c
npuchk: [_ZN6npuchk9vcmpvs_gtEPhPffhtttt] -> 0xffff9e6c1e90
npuchk: [_ZN6npuchk9vcmpvs_leEPhPN7float165Fp16TES2_m] -> 0xffff9e6c22d8
npuchk: [_ZN6npuchk9vcmpvs_leEPhPN7float165Fp16TES2_htthh] -> 0xffff9e6c25d4
npuchk: [_ZN6npuchk9vcmpvs_leEPhPN7float165Fp16TES2_htttt] -> 0xffff9e6c2a14
npuchk: [_ZN6npuchk9vcmpvs_leEPhPffm] -> 0xffff9e6c2e68
npuchk: [_ZN6npuchk9vcmpvs_leEPhPffhtthh] -> 0xffff9e6c3158
npuchk: [_ZN6npuchk9vcmpvs_leEPhPffhtttt] -> 0xffff9e6c358c
npuchk: [_ZN6npuchk9vcmpvs_ltEPhPN7float165Fp16TES2_m] -> 0xffff9e6c39d4
npuchk: [_ZN6npuchk9vcmpvs_ltEPhPN7float165Fp16TES2_htthh] -> 0xffff9e6c3cd0
npuchk: [_ZN6npuchk9vcmpvs_ltEPhPN7float165Fp16TES2_htttt] -> 0xffff9e6c4110
npuchk: [_ZN6npuchk9vcmpvs_ltEPhPffm] -> 0xffff9e6c4564
npuchk: [_ZN6npuchk9vcmpvs_ltEPhPffhtthh] -> 0xffff9e6c4854
npuchk: [_ZN6npuchk9vcmpvs_ltEPhPffhtttt] -> 0xffff9e6c4c88
npuchk: [_ZN6npuchk9vcmpvs_neEPhPN7float165Fp16TES2_m] -> 0xffff9e6c50d0
npuchk: [_ZN6npuchk9vcmpvs_neEPhPN7float165Fp16TES2_htthh] -> 0xffff9e6c53cc
npuchk: [_ZN6npuchk9vcmpvs_neEPhPN7float165Fp16TES2_htttt] -> 0xffff9e6c580c
npuchk: [_ZN6npuchk9vcmpvs_neEPhPffm] -> 0xffff9e6c5c60
npuchk: [_ZN6npuchk9vcmpvs_neEPhPffhtthh] -> 0xffff9e6c5f50
npuchk: [_ZN6npuchk9vcmpvs_neEPhPffhtttt] -> 0xffff9e6c6384
npuchk: [_ZN6npuchk7vconcatEPN7float165Fp16TES2_m] -> 0xffff9e79e700
npuchk: [_ZN6npuchk7vconcatEPN7float165Fp16TES2_hh] -> 0xffff9e79e990
npuchk: [_ZN6npuchk7vconcatEPN7float165Fp16TES2_htthh] -> (nil)
npuchk: [_ZN6npuchk7vconcatEPN7float165Fp16TES2_htthhbb] -> (nil)
npuchk: [_ZN6npuchk7vconcatEPfS0_m] -> 0xffff9e79ec84
npuchk: [_ZN6npuchk7vconcatEPfS0_hh] -> (nil)
npuchk: [_ZN6npuchk7vconcatEPfS0_htthh] -> (nil)
npuchk: [_ZN6npuchk7vconcatEPfS0_htthhbb] -> (nil)
npuchk: [_ZN6npuchk14vconv_bf162f32EPfPN8bfloat165Bf16TEhtttt] -> 0xffff9e6c67cc
npuchk: [_ZN6npuchk14vconv_bf162f32EPfPN8bfloat165Bf16TEm] -> 0xffff9e6c6bb0
npuchk: [_ZN6npuchk15vconv_bf162s32aEPiPN8bfloat165Bf16TEhtttt] -> 0xffff9e6c6e3c
npuchk: [_ZN6npuchk15vconv_bf162s32aEPiPN8bfloat165Bf16TEm] -> 0xffff9e6c7224
npuchk: [_ZN6npuchk15vconv_bf162s32cEPiPN8bfloat165Bf16TEhtttt] -> 0xffff9e6c74b4
npuchk: [_ZN6npuchk15vconv_bf162s32cEPiPN8bfloat165Bf16TEm] -> 0xffff9e6c789c
npuchk: [_ZN6npuchk15vconv_bf162s32fEPiPN8bfloat165Bf16TEhtttt] -> 0xffff9e6c7b2c
npuchk: [_ZN6npuchk15vconv_bf162s32fEPiPN8bfloat165Bf16TEm] -> 0xffff9e6c7f14
npuchk: [_ZN6npuchk15vconv_bf162s32rEPiPN8bfloat165Bf16TEhtttt] -> 0xffff9e6c81a4
npuchk: [_ZN6npuchk15vconv_bf162s32rEPiPN8bfloat165Bf16TEm] -> 0xffff9e6c858c
npuchk: [_ZN6npuchk15vconv_bf162s32zEPiPN8bfloat165Bf16TEhtttt] -> 0xffff9e6c881c
npuchk: [_ZN6npuchk15vconv_bf162s32zEPiPN8bfloat165Bf16TEm] -> 0xffff9e6c8c04
npuchk: [_ZN6npuchk9vconv_deqEPN7float165Fp16TEPim] -> 0xffff9e6c8e94
npuchk: [_ZN6npuchk9vconv_deqEPN7float165Fp16TEPihtthh] -> 0xffff9e6c9124
npuchk: [_ZN6npuchk9vconv_deqEPN7float165Fp16TEPihtthhbb] -> 0xffff9e79ef14
npuchk: [_ZN6npuchk15vconv_deqs162b8EPaPsmb] -> 0xffff9e79f374
npuchk: [_ZN6npuchk15vconv_deqs162b8EPaPshtthhbbb] -> 0xffff9e79f664
npuchk: [_ZN6npuchk15vconv_deqs162b8EPhPsmb] -> 0xffff9e79fb20
npuchk: [_ZN6npuchk15vconv_deqs162b8EPhPshtthhbbb] -> 0xffff9e79fe10
npuchk: [_ZN6npuchk16vconv_deqs162b8hEPaPshtthh] -> 0xffff9e6c94f8
npuchk: [_ZN6npuchk16vconv_deqs162b8hEPaPsm] -> 0xffff9e6c98cc
npuchk: [_ZN6npuchk16vconv_deqs162b8hEPhPshtthh] -> 0xffff9e6c9b5c
npuchk: [_ZN6npuchk16vconv_deqs162b8hEPhPsm] -> 0xffff9e6c9f30
npuchk: [_ZN6npuchk16vconv_deqs162b8lEPaPshtthh] -> 0xffff9e6ca1c0
npuchk: [_ZN6npuchk16vconv_deqs162b8lEPaPsm] -> 0xffff9e6ca594
npuchk: [_ZN6npuchk16vconv_deqs162b8lEPhPshtthh] -> 0xffff9e6ca824
npuchk: [_ZN6npuchk16vconv_deqs162b8lEPhPsm] -> 0xffff9e6cabf8
npuchk: [_ZN6npuchk13vconv_f162f32EPfPN7float165Fp16TEm] -> 0xffff9e6cae88
npuchk: [_ZN6npuchk13vconv_f162f32EPfPN7float165Fp16TEhtthh] -> 0xffff9e6cb114
npuchk: [_ZN6npuchk13vconv_f162f32EPfPN7float165Fp16TEhtthhbb] -> 0xffff9e7a02cc
npuchk: [_ZN6npuchk13vconv_f162f32EPfPN7float165Fp16TEhtttt] -> 0xffff9e6cb4e4
npuchk: [_ZN6npuchk14vconv_f162s16aEPsPN7float165Fp16TEhtttt] -> 0xffff9e6cb8c8
npuchk: [_ZN6npuchk14vconv_f162s16aEPsPN7float165Fp16TEm] -> 0xffff9e6cbcb0
npuchk: [_ZN6npuchk14vconv_f162s16cEPsPN7float165Fp16TEhtttt] -> 0xffff9e6cbf40
npuchk: [_ZN6npuchk14vconv_f162s16cEPsPN7float165Fp16TEm] -> 0xffff9e6cc328
npuchk: [_ZN6npuchk14vconv_f162s16fEPsPN7float165Fp16TEhtttt] -> 0xffff9e6cc5b8
npuchk: [_ZN6npuchk14vconv_f162s16fEPsPN7float165Fp16TEm] -> 0xffff9e6cc9a0
npuchk: [_ZN6npuchk14vconv_f162s16rEPsPN7float165Fp16TEm] -> 0xffff9e6ccc30
npuchk: [_ZN6npuchk14vconv_f162s16rEPsPN7float165Fp16TEhtthhbb] -> 0xffff9e7a072c
npuchk: [_ZN6npuchk14vconv_f162s16rEPsPN7float165Fp16TEhtttt] -> 0xffff9e6ccec0
npuchk: [_ZN6npuchk14vconv_f162s16zEPsPN7float165Fp16TEhtttt] -> 0xffff9e6cd2a8
npuchk: [_ZN6npuchk14vconv_f162s16zEPsPN7float165Fp16TEm] -> 0xffff9e6cd690
npuchk: [_ZN6npuchk14vconv_f162s32aEPiPN7float165Fp16TEm] -> 0xffff9e6cd920
npuchk: [_ZN6npuchk14vconv_f162s32aEPiPN7float165Fp16TEhtthh] -> 0xffff9e6cdbb0
npuchk: [_ZN6npuchk14vconv_f162s32aEPiPN7float165Fp16TEhtthhbb] -> 0xffff9e7a0b8c
npuchk: [_ZN6npuchk14vconv_f162s32aEPiPN7float165Fp16TEhtttt] -> 0xffff9e6cdf84
npuchk: [_ZN6npuchk14vconv_f162s32cEPiPN7float165Fp16TEm] -> 0xffff9e6ce36c
npuchk: [_ZN6npuchk14vconv_f162s32cEPiPN7float165Fp16TEhtthh] -> 0xffff9e6ce5fc
npuchk: [_ZN6npuchk14vconv_f162s32cEPiPN7float165Fp16TEhtthhbb] -> 0xffff9e7a0fec
npuchk: [_ZN6npuchk14vconv_f162s32cEPiPN7float165Fp16TEhtttt] -> 0xffff9e6ce9d0
npuchk: [_ZN6npuchk14vconv_f162s32fEPiPN7float165Fp16TEm] -> 0xffff9e6cedb8
npuchk: [_ZN6npuchk14vconv_f162s32fEPiPN7float165Fp16TEhtthh] -> 0xffff9e6cf048
npuchk: [_ZN6npuchk14vconv_f162s32fEPiPN7float165Fp16TEhtthhbb] -> 0xffff9e7a144c
npuchk: [_ZN6npuchk14vconv_f162s32fEPiPN7float165Fp16TEhtttt] -> 0xffff9e6cf41c
npuchk: [_ZN6npuchk14vconv_f162s32rEPiPN7float165Fp16TEm] -> 0xffff9e6cf804
npuchk: [_ZN6npuchk14vconv_f162s32rEPiPN7float165Fp16TEhtthh] -> 0xffff9e6cfa94
npuchk: [_ZN6npuchk14vconv_f162s32rEPiPN7float165Fp16TEhtthhbb] -> 0xffff9e7a18ac
npuchk: [_ZN6npuchk14vconv_f162s32rEPiPN7float165Fp16TEhtttt] -> 0xffff9e6cfe68
npuchk: [_ZN6npuchk14vconv_f162s32zEPiPN7float165Fp16TEm] -> 0xffff9e6d0250
npuchk: [_ZN6npuchk14vconv_f162s32zEPiPN7float165Fp16TEhtthh] -> 0xffff9e6d04e0
npuchk: [_ZN6npuchk14vconv_f162s32zEPiPN7float165Fp16TEhtthhbb] -> 0xffff9e7a1d0c
npuchk: [_ZN6npuchk14vconv_f162s32zEPiPN7float165Fp16TEhtttt] -> 0xffff9e6d08b4
npuchk: [_ZN6npuchk12vconv_f162s4EPvPN7float165Fp16TEm] -> 0xffff9e6d0c9c
npuchk: [_ZN6npuchk12vconv_f162s4EPvPN7float165Fp16TEhtthhbb] -> 0xffff9e7a216c
npuchk: [_ZN6npuchk12vconv_f162s4EPvPN7float165Fp16TEhtttt] -> 0xffff9e6d0f2c
npuchk: [_ZN6npuchk13vconv_f162s4aEPvPN7float165Fp16TEhtttt] -> 0xffff9e6d1314
npuchk: [_ZN6npuchk13vconv_f162s4aEPvPN7float165Fp16TEm] -> 0xffff9e6d16fc
npuchk: [_ZN6npuchk13vconv_f162s4cEPvPN7float165Fp16TEhtttt] -> 0xffff9e6d198c
npuchk: [_ZN6npuchk13vconv_f162s4cEPvPN7float165Fp16TEm] -> 0xffff9e6d1d74
npuchk: [_ZN6npuchk13vconv_f162s4fEPvPN7float165Fp16TEhtttt] -> 0xffff9e6d2004
npuchk: [_ZN6npuchk13vconv_f162s4fEPvPN7float165Fp16TEm] -> 0xffff9e6d23ec
npuchk: [_ZN6npuchk13vconv_f162s4rEPvPN7float165Fp16TEhtttt] -> 0xffff9e6d267c
npuchk: [_ZN6npuchk13vconv_f162s4rEPvPN7float165Fp16TEm] -> 0xffff9e6d2a64
npuchk: [_ZN6npuchk13vconv_f162s4zEPvPN7float165Fp16TEhtttt] -> 0xffff9e6d2cf4
npuchk: [_ZN6npuchk13vconv_f162s4zEPvPN7float165Fp16TEm] -> 0xffff9e6d30dc
npuchk: [_ZN6npuchk12vconv_f162s8EPaPN7float165Fp16TEm] -> 0xffff9e6d336c
npuchk: [_ZN6npuchk12vconv_f162s8EPaPN7float165Fp16TEhtthh] -> 0xffff9e6d35fc
npuchk: [_ZN6npuchk12vconv_f162s8EPaPN7float165Fp16TEhtthhbb] -> 0xffff9e7a25cc
npuchk: [_ZN6npuchk12vconv_f162s8EPaPN7float165Fp16TEhtttt] -> 0xffff9e6d39d0
npuchk: [_ZN6npuchk13vconv_f162s8aEPaPN7float165Fp16TEm] -> 0xffff9e6d3db8
npuchk: [_ZN6npuchk13vconv_f162s8aEPaPN7float165Fp16TEhtthh] -> 0xffff9e6d4048
npuchk: [_ZN6npuchk13vconv_f162s8aEPaPN7float165Fp16TEhtthhbb] -> 0xffff9e7a2a2c
npuchk: [_ZN6npuchk13vconv_f162s8aEPaPN7float165Fp16TEhtttt] -> 0xffff9e6d441c
npuchk: [_ZN6npuchk13vconv_f162s8cEPaPN7float165Fp16TEm] -> 0xffff9e6d4804
npuchk: [_ZN6npuchk13vconv_f162s8cEPaPN7float165Fp16TEhtthh] -> 0xffff9e6d4a94
npuchk: [_ZN6npuchk13vconv_f162s8cEPaPN7float165Fp16TEhtthhbb] -> 0xffff9e7a2e8c
npuchk: [_ZN6npuchk13vconv_f162s8cEPaPN7float165Fp16TEhtttt] -> 0xffff9e6d4e68
npuchk: [_ZN6npuchk13vconv_f162s8fEPaPN7float165Fp16TEm] -> 0xffff9e6d5250
npuchk: [_ZN6npuchk13vconv_f162s8fEPaPN7float165Fp16TEhtthh] -> 0xffff9e6d54e0
npuchk: [_ZN6npuchk13vconv_f162s8fEPaPN7float165Fp16TEhtthhbb] -> 0xffff9e7a32ec
npuchk: [_ZN6npuchk13vconv_f162s8fEPaPN7float165Fp16TEhtttt] -> 0xffff9e6d58b4
npuchk: [_ZN6npuchk13vconv_f162s8rEPaPN7float165Fp16TEhtttt] -> 0xffff9e6d5c9c
npuchk: [_ZN6npuchk13vconv_f162s8rEPaPN7float165Fp16TEm] -> 0xffff9e6d6084
npuchk: [_ZN6npuchk13vconv_f162s8zEPaPN7float165Fp16TEm] -> 0xffff9e6d6314
npuchk: [_ZN6npuchk13vconv_f162s8zEPaPN7float165Fp16TEhtthh] -> 0xffff9e6d65a4
npuchk: [_ZN6npuchk13vconv_f162s8zEPaPN7float165Fp16TEhtthhbb] -> 0xffff9e7a374c
npuchk: [_ZN6npuchk13vconv_f162s8zEPaPN7float165Fp16TEhtttt] -> 0xffff9e6d6978
npuchk: [_ZN6npuchk12vconv_f162u8EPhPN7float165Fp16TEm] -> 0xffff9e6d6d60
npuchk: [_ZN6npuchk12vconv_f162u8EPhPN7float165Fp16TEhtthh] -> 0xffff9e6d6ff0
npuchk: [_ZN6npuchk12vconv_f162u8EPhPN7float165Fp16TEhtthhbb] -> 0xffff9e7a3bac
npuchk: [_ZN6npuchk12vconv_f162u8EPhPN7float165Fp16TEhtttt] -> 0xffff9e6d73c4
npuchk: [_ZN6npuchk13vconv_f162u8aEPhPN7float165Fp16TEm] -> 0xffff9e6d77ac
npuchk: [_ZN6npuchk13vconv_f162u8aEPhPN7float165Fp16TEhtthh] -> 0xffff9e6d7a3c
npuchk: [_ZN6npuchk13vconv_f162u8aEPhPN7float165Fp16TEhtthhbb] -> 0xffff9e7a400c
npuchk: [_ZN6npuchk13vconv_f162u8aEPhPN7float165Fp16TEhtttt] -> 0xffff9e6d7e10
npuchk: [_ZN6npuchk13vconv_f162u8cEPhPN7float165Fp16TEm] -> 0xffff9e6d81f8
npuchk: [_ZN6npuchk13vconv_f162u8cEPhPN7float165Fp16TEhtthh] -> 0xffff9e6d8488
npuchk: [_ZN6npuchk13vconv_f162u8cEPhPN7float165Fp16TEhtthhbb] -> 0xffff9e7a446c
npuchk: [_ZN6npuchk13vconv_f162u8cEPhPN7float165Fp16TEhtttt] -> 0xffff9e6d885c
npuchk: [_ZN6npuchk13vconv_f162u8fEPhPN7float165Fp16TEm] -> 0xffff9e6d8c44
npuchk: [_ZN6npuchk13vconv_f162u8fEPhPN7float165Fp16TEhtthh] -> 0xffff9e6d8ed4
npuchk: [_ZN6npuchk13vconv_f162u8fEPhPN7float165Fp16TEhtthhbb] -> 0xffff9e7a48cc
npuchk: [_ZN6npuchk13vconv_f162u8fEPhPN7float165Fp16TEhtttt] -> 0xffff9e6d92a8
npuchk: [_ZN6npuchk13vconv_f162u8rEPhPN7float165Fp16TEhtttt] -> 0xffff9e6d9690
npuchk: [_ZN6npuchk13vconv_f162u8rEPhPN7float165Fp16TEm] -> 0xffff9e6d9a78
npuchk: [_ZN6npuchk13vconv_f162u8zEPhPN7float165Fp16TEm] -> 0xffff9e6d9d08
npuchk: [_ZN6npuchk13vconv_f162u8zEPhPN7float165Fp16TEhtthh] -> 0xffff9e6d9f98
npuchk: [_ZN6npuchk13vconv_f162u8zEPhPN7float165Fp16TEhtthhbb] -> 0xffff9e7a4d2c
npuchk: [_ZN6npuchk13vconv_f162u8zEPhPN7float165Fp16TEhtttt] -> 0xffff9e6da36c
npuchk: [_ZN6npuchk15vconv_f322bf16aEPN8bfloat165Bf16TEPfhtttt] -> 0xffff9e6da754
npuchk: [_ZN6npuchk15vconv_f322bf16aEPN8bfloat165Bf16TEPfm] -> 0xffff9e6dab3c
npuchk: [_ZN6npuchk15vconv_f322bf16cEPN8bfloat165Bf16TEPfhtttt] -> 0xffff9e6dadcc
npuchk: [_ZN6npuchk15vconv_f322bf16cEPN8bfloat165Bf16TEPfm] -> 0xffff9e6db1b4
npuchk: [_ZN6npuchk15vconv_f322bf16fEPN8bfloat165Bf16TEPfhtttt] -> 0xffff9e6db444
npuchk: [_ZN6npuchk15vconv_f322bf16fEPN8bfloat165Bf16TEPfm] -> 0xffff9e6db82c
npuchk: [_ZN6npuchk15vconv_f322bf16rEPN8bfloat165Bf16TEPfhtttt] -> 0xffff9e6dbabc
npuchk: [_ZN6npuchk15vconv_f322bf16rEPN8bfloat165Bf16TEPfm] -> 0xffff9e6dbea4
npuchk: [_ZN6npuchk15vconv_f322bf16zEPN8bfloat165Bf16TEPfhtttt] -> 0xffff9e6dc134
npuchk: [_ZN6npuchk15vconv_f322bf16zEPN8bfloat165Bf16TEPfm] -> 0xffff9e6dc51c
npuchk: [_ZN6npuchk13vconv_f322f16EPN7float165Fp16TEPfm] -> 0xffff9e6dc7ac
npuchk: [_ZN6npuchk13vconv_f322f16EPN7float165Fp16TEPfhtthh] -> 0xffff9e6dca3c
npuchk: [_ZN6npuchk13vconv_f322f16EPN7float165Fp16TEPfhtthhbb] -> 0xffff9e7a518c
npuchk: [_ZN6npuchk13vconv_f322f16EPN7float165Fp16TEPfhtttt] -> 0xffff9e6dce10
npuchk: [_ZN6npuchk14vconv_f322f16aEPN7float165Fp16TEPfhtttt] -> 0xffff9e6dd1f8
npuchk: [_ZN6npuchk14vconv_f322f16aEPN7float165Fp16TEPfm] -> 0xffff9e6dd5e0
npuchk: [_ZN6npuchk14vconv_f322f16cEPN7float165Fp16TEPfhtttt] -> 0xffff9e6dd870
npuchk: [_ZN6npuchk14vconv_f322f16cEPN7float165Fp16TEPfm] -> 0xffff9e6ddc58
npuchk: [_ZN6npuchk14vconv_f322f16fEPN7float165Fp16TEPfhtttt] -> 0xffff9e6ddee8
npuchk: [_ZN6npuchk14vconv_f322f16fEPN7float165Fp16TEPfm] -> 0xffff9e6de2d0
npuchk: [_ZN6npuchk14vconv_f322f16oEPN7float165Fp16TEPfm] -> 0xffff9e6de560
npuchk: [_ZN6npuchk14vconv_f322f16oEPN7float165Fp16TEPfhtthh] -> 0xffff9e6de7f0
npuchk: [_ZN6npuchk14vconv_f322f16oEPN7float165Fp16TEPfhtthhbb] -> 0xffff9e7a55ec
npuchk: [_ZN6npuchk14vconv_f322f16oEPN7float165Fp16TEPfhtttt] -> 0xffff9e6debc4
npuchk: [_ZN6npuchk14vconv_f322f16rEPN7float165Fp16TEPfhtttt] -> 0xffff9e6defac
npuchk: [_ZN6npuchk14vconv_f322f16rEPN7float165Fp16TEPfm] -> 0xffff9e6df394
npuchk: [_ZN6npuchk14vconv_f322f16zEPN7float165Fp16TEPfhtttt] -> 0xffff9e6df624
npuchk: [_ZN6npuchk14vconv_f322f16zEPN7float165Fp16TEPfm] -> 0xffff9e6dfa0c
npuchk: [_ZN6npuchk14vconv_f322f32aEPfS0_htttt] -> 0xffff9e6dfc9c
npuchk: [_ZN6npuchk14vconv_f322f32aEPfS0_m] -> 0xffff9e6e0084
npuchk: [_ZN6npuchk14vconv_f322f32cEPfS0_htttt] -> 0xffff9e6e0314
npuchk: [_ZN6npuchk14vconv_f322f32cEPfS0_m] -> 0xffff9e6e06fc
npuchk: [_ZN6npuchk14vconv_f322f32fEPfS0_htttt] -> 0xffff9e6e098c
npuchk: [_ZN6npuchk14vconv_f322f32fEPfS0_m] -> 0xffff9e6e0d74
npuchk: [_ZN6npuchk14vconv_f322f32rEPfS0_htttt] -> 0xffff9e6e1004
npuchk: [_ZN6npuchk14vconv_f322f32rEPfS0_m] -> 0xffff9e6e13e8
npuchk: [_ZN6npuchk14vconv_f322f32zEPfS0_htttt] -> 0xffff9e6e1674
npuchk: [_ZN6npuchk14vconv_f322f32zEPfS0_m] -> 0xffff9e6e1a5c
npuchk: [_ZN6npuchk14vconv_f322s16aEPsPfhtttt] -> 0xffff9e6e1cec
npuchk: [_ZN6npuchk14vconv_f322s16aEPsPfm] -> 0xffff9e6e20d4
npuchk: [_ZN6npuchk14vconv_f322s16cEPsPfhtttt] -> 0xffff9e6e2364
npuchk: [_ZN6npuchk14vconv_f322s16cEPsPfm] -> 0xffff9e6e274c
npuchk: [_ZN6npuchk14vconv_f322s16fEPsPfhtttt] -> 0xffff9e6e29dc
npuchk: [_ZN6npuchk14vconv_f322s16fEPsPfm] -> 0xffff9e6e2dc4
npuchk: [_ZN6npuchk14vconv_f322s16rEPsPfm] -> 0xffff9e6e3054
npuchk: [_ZN6npuchk14vconv_f322s16rEPsPfhtthh] -> 0xffff9e6e32e4
npuchk: [_ZN6npuchk14vconv_f322s16rEPsPfhtthhbb] -> (nil)
npuchk: [_ZN6npuchk14vconv_f322s16rEPsPfhtttt] -> 0xffff9e6e36b8
npuchk: [_ZN6npuchk14vconv_f322s16zEPsPfm] -> 0xffff9e6e3aa0
npuchk: [_ZN6npuchk14vconv_f322s16zEPsPfhtthh] -> 0xffff9e6e3d30
npuchk: [_ZN6npuchk14vconv_f322s16zEPsPfhtthhbb] -> (nil)
npuchk: [_ZN6npuchk14vconv_f322s16zEPsPfhtttt] -> 0xffff9e6e4104
npuchk: [_ZN6npuchk14vconv_f322s32aEPiPfm] -> 0xffff9e6e44ec
npuchk: [_ZN6npuchk14vconv_f322s32aEPiPfhtthh] -> 0xffff9e6e477c
npuchk: [_ZN6npuchk14vconv_f322s32aEPiPfhtthhbb] -> 0xffff9e7a5a4c
npuchk: [_ZN6npuchk14vconv_f322s32aEPiPfhtttt] -> 0xffff9e6e4b50
npuchk: [_ZN6npuchk14vconv_f322s32cEPiPfm] -> 0xffff9e6e4f38
npuchk: [_ZN6npuchk14vconv_f322s32cEPiPfhtthh] -> 0xffff9e6e51c8
npuchk: [_ZN6npuchk14vconv_f322s32cEPiPfhtthhbb] -> 0xffff9e7a5eac
npuchk: [_ZN6npuchk14vconv_f322s32cEPiPfhtttt] -> 0xffff9e6e559c
npuchk: [_ZN6npuchk14vconv_f322s32fEPiPfm] -> 0xffff9e6e5984
npuchk: [_ZN6npuchk14vconv_f322s32fEPiPfhtthh] -> 0xffff9e6e5c14
npuchk: [_ZN6npuchk14vconv_f322s32fEPiPfhtthhbb] -> 0xffff9e7a630c
npuchk: [_ZN6npuchk14vconv_f322s32fEPiPfhtttt] -> 0xffff9e6e5fe8
npuchk: [_ZN6npuchk14vconv_f322s32rEPiPfm] -> 0xffff9e6e63d0
npuchk: [_ZN6npuchk14vconv_f322s32rEPiPfhtthh] -> 0xffff9e6e6660
npuchk: [_ZN6npuchk14vconv_f322s32rEPiPfhtthhbb] -> 0xffff9e7a676c
npuchk: [_ZN6npuchk14vconv_f322s32rEPiPfhtttt] -> 0xffff9e6e6a34
npuchk: [_ZN6npuchk14vconv_f322s32zEPiPfm] -> 0xffff9e6e6e1c
npuchk: [_ZN6npuchk14vconv_f322s32zEPiPfhtthh] -> 0xffff9e6e70ac
npuchk: [_ZN6npuchk14vconv_f322s32zEPiPfhtthhbb] -> 0xffff9e7a6bcc
npuchk: [_ZN6npuchk14vconv_f322s32zEPiPfhtttt] -> 0xffff9e6e7480
npuchk: [_ZN6npuchk14vconv_f322s64aEPlPfhtttt] -> 0xffff9e6e7868
npuchk: [_ZN6npuchk14vconv_f322s64aEPlPfm] -> 0xffff9e6e7c50
npuchk: [_ZN6npuchk14vconv_f322s64cEPlPfhtttt] -> 0xffff9e6e7ee0
npuchk: [_ZN6npuchk14vconv_f322s64cEPlPfm] -> 0xffff9e6e82c8
npuchk: [_ZN6npuchk14vconv_f322s64fEPlPfhtttt] -> 0xffff9e6e8558
npuchk: [_ZN6npuchk14vconv_f322s64fEPlPfm] -> 0xffff9e6e8940
npuchk: [_ZN6npuchk14vconv_f322s64rEPlPfhtttt] -> 0xffff9e6e8bd0
npuchk: [_ZN6npuchk14vconv_f322s64rEPlPfm] -> 0xffff9e6e8fb8
npuchk: [_ZN6npuchk14vconv_f322s64zEPlPfhtttt] -> 0xffff9e6e9248
npuchk: [_ZN6npuchk14vconv_f322s64zEPlPfm] -> 0xffff9e6e9630
npuchk: [_ZN6npuchk13vconv_s162f16EPN7float165Fp16TEPsm] -> 0xffff9e6e98c0
npuchk: [_ZN6npuchk13vconv_s162f16EPN7float165Fp16TEPshtthhbb] -> 0xffff9e7a702c
npuchk: [_ZN6npuchk13vconv_s162f16EPN7float165Fp16TEPshtttt] -> 0xffff9e6e9b50
npuchk: [_ZN6npuchk14vconv_s162f16aEPN7float165Fp16TEPshtttt] -> 0xffff9e6e9f38
npuchk: [_ZN6npuchk14vconv_s162f16aEPN7float165Fp16TEPsm] -> 0xffff9e6ea320
npuchk: [_ZN6npuchk14vconv_s162f16cEPN7float165Fp16TEPshtttt] -> 0xffff9e6ea5b0
npuchk: [_ZN6npuchk14vconv_s162f16cEPN7float165Fp16TEPsm] -> 0xffff9e6ea998
npuchk: [_ZN6npuchk14vconv_s162f16fEPN7float165Fp16TEPshtttt] -> 0xffff9e6eac28
npuchk: [_ZN6npuchk14vconv_s162f16fEPN7float165Fp16TEPsm] -> 0xffff9e6eb010
npuchk: [_ZN6npuchk14vconv_s162f16rEPN7float165Fp16TEPshtttt] -> 0xffff9e6eb2a0
npuchk: [_ZN6npuchk14vconv_s162f16rEPN7float165Fp16TEPsm] -> 0xffff9e6eb688
npuchk: [_ZN6npuchk14vconv_s162f16zEPN7float165Fp16TEPshtttt] -> 0xffff9e6eb918
npuchk: [_ZN6npuchk14vconv_s162f16zEPN7float165Fp16TEPsm] -> 0xffff9e6ebd00
npuchk: [_ZN6npuchk13vconv_s162f32EPfPsm] -> 0xffff9e6ebf90
npuchk: [_ZN6npuchk13vconv_s162f32EPfPshtthhbb] -> (nil)
npuchk: [_ZN6npuchk13vconv_s162f32EPfPshtttt] -> 0xffff9e6ec21c
npuchk: [_ZN6npuchk13vconv_s322f32EPfPim] -> 0xffff9e6ec600
npuchk: [_ZN6npuchk13vconv_s322f32EPfPihtthh] -> 0xffff9e6ec88c
npuchk: [_ZN6npuchk13vconv_s322f32EPfPihtthhbb] -> 0xffff9e7a748c
npuchk: [_ZN6npuchk13vconv_s322f32EPfPihtttt] -> 0xffff9e6ecc5c
npuchk: [_ZN6npuchk14vconv_s322f32aEPfPihtttt] -> 0xffff9e6ed040
npuchk: [_ZN6npuchk14vconv_s322f32aEPfPim] -> 0xffff9e6ed428
npuchk: [_ZN6npuchk14vconv_s322f32cEPfPihtttt] -> 0xffff9e6ed6b8
npuchk: [_ZN6npuchk14vconv_s322f32cEPfPim] -> 0xffff9e6edaa0
npuchk: [_ZN6npuchk14vconv_s322f32fEPfPihtttt] -> 0xffff9e6edd30
npuchk: [_ZN6npuchk14vconv_s322f32fEPfPim] -> 0xffff9e6ee118
npuchk: [_ZN6npuchk14vconv_s322f32rEPfPihtttt] -> 0xffff9e6ee3a8
npuchk: [_ZN6npuchk14vconv_s322f32rEPfPim] -> 0xffff9e6ee78c
npuchk: [_ZN6npuchk14vconv_s322f32zEPfPihtttt] -> 0xffff9e6eea18
npuchk: [_ZN6npuchk14vconv_s322f32zEPfPim] -> 0xffff9e6eee00
npuchk: [_ZN6npuchk13vconv_s322s16EPsPihtttt] -> 0xffff9e6ef090
npuchk: [_ZN6npuchk13vconv_s322s16EPsPim] -> 0xffff9e6ef478
npuchk: [_ZN6npuchk13vconv_s322s64EPlPihtttt] -> 0xffff9e6ef708
npuchk: [_ZN6npuchk13vconv_s322s64EPlPim] -> 0xffff9e6efaf0
npuchk: [_ZN6npuchk12vconv_s42f16EPN7float165Fp16TEPvhtthh] -> 0xffff9e6efd80
npuchk: [_ZN6npuchk12vconv_s42f16EPN7float165Fp16TEPvm] -> 0xffff9e6f0154
npuchk: [_ZN6npuchk14vconv_s642f32aEPfPlhtttt] -> 0xffff9e6f03e4
npuchk: [_ZN6npuchk14vconv_s642f32aEPfPlm] -> 0xffff9e6f07cc
npuchk: [_ZN6npuchk14vconv_s642f32cEPfPlhtttt] -> 0xffff9e6f0a5c
npuchk: [_ZN6npuchk14vconv_s642f32cEPfPlm] -> 0xffff9e6f0e44
npuchk: [_ZN6npuchk14vconv_s642f32fEPfPlhtttt] -> 0xffff9e6f10d4
npuchk: [_ZN6npuchk14vconv_s642f32fEPfPlm] -> 0xffff9e6f14bc
npuchk: [_ZN6npuchk14vconv_s642f32rEPfPlhtttt] -> 0xffff9e6f174c
npuchk: [_ZN6npuchk14vconv_s642f32rEPfPlm] -> 0xffff9e6f1b30
npuchk: [_ZN6npuchk14vconv_s642f32zEPfPlhtttt] -> 0xffff9e6f1dbc
npuchk: [_ZN6npuchk14vconv_s642f32zEPfPlm] -> 0xffff9e6f21a4
npuchk: [_ZN6npuchk13vconv_s642s32EPiPlhtttt] -> 0xffff9e6f2434
npuchk: [_ZN6npuchk13vconv_s642s32EPiPlm] -> 0xffff9e6f281c
npuchk: [_ZN6npuchk12vconv_s82f16EPN7float165Fp16TEPam] -> 0xffff9e6f2aac
npuchk: [_ZN6npuchk12vconv_s82f16EPN7float165Fp16TEPahtthh] -> 0xffff9e6f2d3c
npuchk: [_ZN6npuchk12vconv_s82f16EPN7float165Fp16TEPahtthhbb] -> 0xffff9e7a78ec
npuchk: [_ZN6npuchk12vconv_s82f16EPN7float165Fp16TEPahtttt] -> 0xffff9e6f3110
npuchk: [_ZN6npuchk12vconv_u82f16EPN7float165Fp16TEPhm] -> 0xffff9e6f34f8
npuchk: [_ZN6npuchk12vconv_u82f16EPN7float165Fp16TEPhhtthh] -> 0xffff9e6f3788
npuchk: [_ZN6npuchk12vconv_u82f16EPN7float165Fp16TEPhhtthhbb] -> 0xffff9e7a7d4c
npuchk: [_ZN6npuchk12vconv_u82f16EPN7float165Fp16TEPhhtttt] -> 0xffff9e6f3b5c
npuchk: [_ZN6npuchk16vconv_vdeqs162b8EPaPsmb] -> 0xffff9e7a81ac
npuchk: [_ZN6npuchk16vconv_vdeqs162b8EPaPshtthhbbb] -> 0xffff9e7a849c
npuchk: [_ZN6npuchk16vconv_vdeqs162b8EPhPsmb] -> 0xffff9e7a8958
npuchk: [_ZN6npuchk16vconv_vdeqs162b8EPhPshtthhbbb] -> 0xffff9e7a8c48
npuchk: [_ZN6npuchk17vconv_vdeqs162b8hEPaPshtthh] -> 0xffff9e6f3f44
npuchk: [_ZN6npuchk17vconv_vdeqs162b8hEPaPsm] -> 0xffff9e6f4318
npuchk: [_ZN6npuchk17vconv_vdeqs162b8hEPhPshtthh] -> 0xffff9e6f45a8
npuchk: [_ZN6npuchk17vconv_vdeqs162b8hEPhPsm] -> 0xffff9e6f497c
npuchk: [_ZN6npuchk17vconv_vdeqs162b8lEPaPshtthh] -> 0xffff9e6f4c0c
npuchk: [_ZN6npuchk17vconv_vdeqs162b8lEPaPsm] -> 0xffff9e6f4fe0
npuchk: [_ZN6npuchk17vconv_vdeqs162b8lEPhPshtthh] -> 0xffff9e6f5270
npuchk: [_ZN6npuchk17vconv_vdeqs162b8lEPhPsm] -> 0xffff9e6f5644
npuchk: [_ZN6npuchk4vcvtERA128_N7float165Fp16TEPhh7Literal] -> (nil)
npuchk: [_ZN6npuchk4vcvtERA128_N7float165Fp16TEPah7Literal] -> (nil)
npuchk: [_ZN6npuchk4vcvtERA64_fPN7float165Fp16TEh7Literal] -> (nil)
npuchk: [_ZN6npuchk4vcvtERA64_iPN7float165Fp16TEh7LiteralS5_] -> (nil)
npuchk: [_ZN6npuchk4vcvtERA64_fPN8bfloat165Bf16TEh7Literal] -> (nil)
npuchk: [_ZN6npuchk4vcvtERA64_iPN8bfloat165Bf16TEh7LiteralS5_S5_] -> (nil)
npuchk: [_ZN6npuchk4vcvtERA64_fPsh7Literal] -> (nil)
npuchk: [_ZN6npuchk4vcvtERA32_lPfh7LiteralS3_S3_] -> (nil)
npuchk: [_ZN6npuchk4vcvtERA32_lPih7Literal] -> (nil)
npuchk: [_ZN6npuchk4vcvtERA256_hPN7float165Fp16TEh7LiteralS5_S5_] -> (nil)
npuchk: [_ZN6npuchk4vcvtERA256_aPN7float165Fp16TEh7LiteralS5_S5_] -> (nil)
npuchk: [_ZN6npuchk4vcvtERA128_N7float165Fp16TEPfh7LiteralS5_S5_] -> (nil)
npuchk: [_ZN6npuchk4vcvtERA128_N8bfloat165Bf16TEPfh7LiteralS5_S5_] -> (nil)
npuchk: [_ZN6npuchk4vcvtERA128_sPfh7LiteralS3_S3_] -> (nil)
npuchk: [_ZN6npuchk4vcvtERA128_sPih7LiteralS3_] -> (nil)
npuchk: [_ZN6npuchk4vcvtERA64_iPlh7LiteralS3_] -> (nil)
npuchk: [_ZN6npuchk4vcvtERA64_fPlh7LiteralS3_] -> (nil)
npuchk: [_ZN6npuchk4vcvtERA128_sPN7float165Fp16TEh7LiteralS5_] -> (nil)
npuchk: [_ZN6npuchk4vcvtERA128_N7float165Fp16TEPsh7Literal] -> (nil)
npuchk: [_ZN6npuchk4vcvtERA64_iPfh7LiteralS3_] -> (nil)
npuchk: [_ZN6npuchk4vcvtERA64_fPih7Literal] -> (nil)
npuchk: [_ZN6npuchk4vtrcERA64_fPf7Literalh] -> (nil)
npuchk: [_ZN6npuchk5vcopyEPsS0_m] -> 0xffff9e6f58d4
npuchk: [_ZN6npuchk5vcopyEPsS0_htttt] -> 0xffff9e6f5b64
npuchk: [_ZN6npuchk5vcopyEPiS0_m] -> 0xffff9e6f5f4c
npuchk: [_ZN6npuchk5vcopyEPiS0_htttt] -> 0xffff9e6f61dc
npuchk: [_ZN6npuchk5vcopyEPtS0_m] -> 0xffff9e6f65c4
npuchk: [_ZN6npuchk5vcopyEPtS0_htttt] -> 0xffff9e6f6854
npuchk: [_ZN6npuchk5vcopyEPjS0_m] -> 0xffff9e6f6c3c
npuchk: [_ZN6npuchk5vcopyEPjS0_htttt] -> 0xffff9e6f6ecc
npuchk: [_ZN6npuchk6vcpaddEPN7float165Fp16TES2_m] -> 0xffff9e6f72b4
npuchk: [_ZN6npuchk6vcpaddEPN7float165Fp16TES2_httt] -> 0xffff9e6f7544
npuchk: [_ZN6npuchk6vcpaddEPN7float165Fp16TES2_htttbb] -> 0xffff9e7a9104
npuchk: [_ZN6npuchk6vcpaddEPfS0_m] -> 0xffff9e6f78b8
npuchk: [_ZN6npuchk6vcpaddEPfS0_httt] -> 0xffff9e6f7b48
npuchk: [_ZN6npuchk6vcpaddEPfS0_htttbb] -> 0xffff9e7a9508
npuchk: [_ZN6npuchk4vdivEPN7float165Fp16TES2_S2_m] -> 0xffff9e6f7ebc
npuchk: [_ZN6npuchk4vdivEPN7float165Fp16TES2_S2_hhhhhhh] -> 0xffff9e6f81a8
npuchk: [_ZN6npuchk4vdivEPN7float165Fp16TES2_S2_hhhhhhhbb] -> 0xffff9e7a990c
npuchk: [_ZN6npuchk4vdivEPfS0_S0_m] -> 0xffff9e6f8690
npuchk: [_ZN6npuchk4vdivEPfS0_S0_hhhhhhh] -> 0xffff9e6f897c
npuchk: [_ZN6npuchk4vdivEPfS0_S0_hhhhhhhbb] -> 0xffff9e7a9e7c
npuchk: [_ZN6npuchk3vdpEPsS0_S0_m] -> (nil)
npuchk: [_ZN6npuchk3vdpEPsS0_S0_thttbbb] -> (nil)
npuchk: [_ZN6npuchk10vector_dupEPN7float165Fp16TES1_m] -> 0xffff9e6f8e64
npuchk: [_ZN6npuchk10vector_dupEPN7float165Fp16TES1_htthh] -> 0xffff9e6f90fc
npuchk: [_ZN6npuchk10vector_dupEPN7float165Fp16TES1_htthhbb] -> 0xffff9e7aa3ec
npuchk: [_ZN6npuchk10vector_dupEPN7float165Fp16TES1_htttt] -> 0xffff9e6f94d8
npuchk: [_ZN6npuchk10vector_dupEPffm] -> 0xffff9e6f98c8
npuchk: [_ZN6npuchk10vector_dupEPffhtthh] -> 0xffff9e6f9b54
npuchk: [_ZN6npuchk10vector_dupEPffhtthhbb] -> 0xffff9e7aa854
npuchk: [_ZN6npuchk10vector_dupEPffhtttt] -> 0xffff9e6f9f24
npuchk: [_ZN6npuchk10vector_dupEPssm] -> 0xffff9e6fa308
npuchk: [_ZN6npuchk10vector_dupEPsshtthh] -> 0xffff9e6fa58c
npuchk: [_ZN6npuchk10vector_dupEPsshtthhbb] -> 0xffff9e7aacb4
npuchk: [_ZN6npuchk10vector_dupEPsshtttt] -> 0xffff9e6fa954
npuchk: [_ZN6npuchk10vector_dupEPiim] -> 0xffff9e6fad30
npuchk: [_ZN6npuchk10vector_dupEPiihtthh] -> 0xffff9e6fafb4
npuchk: [_ZN6npuchk10vector_dupEPiihtthhbb] -> 0xffff9e7ab108
npuchk: [_ZN6npuchk10vector_dupEPiihtttt] -> 0xffff9e6fb37c
npuchk: [_ZN6npuchk10vector_dupEPttm] -> 0xffff9e6fb758
npuchk: [_ZN6npuchk10vector_dupEPtthtthh] -> 0xffff9e6fb9dc
npuchk: [_ZN6npuchk10vector_dupEPtthtthhbb] -> 0xffff9e7ab55c
npuchk: [_ZN6npuchk10vector_dupEPtthtttt] -> 0xffff9e6fbda4
npuchk: [_ZN6npuchk10vector_dupEPjjm] -> 0xffff9e6fc180
npuchk: [_ZN6npuchk10vector_dupEPjjhtthh] -> 0xffff9e6fc404
npuchk: [_ZN6npuchk10vector_dupEPjjhtthhbb] -> 0xffff9e7ab9b0
npuchk: [_ZN6npuchk10vector_dupEPjjhtttt] -> 0xffff9e6fc7cc
npuchk: [_ZN6npuchk10vector_dupEPN8bfloat165Bf16TES1_m] -> (nil)
npuchk: [_ZN6npuchk10vector_dupEPN8bfloat165Bf16TES1_htthh] -> (nil)
npuchk: [_ZN6npuchk4vexpEPN7float165Fp16TES2_m] -> 0xffff9e6fcba8
npuchk: [_ZN6npuchk4vexpEPN7float165Fp16TES2_htthh] -> 0xffff9e6fce38
npuchk: [_ZN6npuchk4vexpEPN7float165Fp16TES2_htthhbb] -> 0xffff9e7abe04
npuchk: [_ZN6npuchk4vexpEPN7float165Fp16TES2_htttt] -> 0xffff9e6fd20c
npuchk: [_ZN6npuchk4vexpEPfS0_m] -> 0xffff9e6fd5f4
npuchk: [_ZN6npuchk4vexpEPfS0_htthh] -> 0xffff9e6fd884
npuchk: [_ZN6npuchk4vexpEPfS0_htthhbb] -> 0xffff9e7ac264
npuchk: [_ZN6npuchk4vexpEPfS0_htttt] -> 0xffff9e6fdc58
npuchk: [_ZN6npuchk8vextractEPN7float165Fp16TES2_m] -> 0xffff9e7ac6c4
npuchk: [_ZN6npuchk8vextractEPN7float165Fp16TES2_hh] -> 0xffff9e7ac954
npuchk: [_ZN6npuchk8vextractEPN7float165Fp16TES2_htthh] -> (nil)
npuchk: [_ZN6npuchk8vextractEPN7float165Fp16TES2_htthhbb] -> (nil)
npuchk: [_ZN6npuchk8vextractEPfS0_m] -> 0xffff9e7acc48
npuchk: [_ZN6npuchk8vextractEPfS0_hh] -> (nil)
npuchk: [_ZN6npuchk8vextractEPfS0_htthh] -> (nil)
npuchk: [_ZN6npuchk8vextractEPfS0_htthhbb] -> (nil)
npuchk: [_ZN6npuchk7vgatherEPtPjm] -> 0xffff9e6fe040
npuchk: [_ZN6npuchk7vgatherEPtPjjb] -> 0xffff9e7aced8
npuchk: [_ZN6npuchk7vgatherEPtPjjth] -> 0xffff9e6fe2c8
npuchk: [_ZN6npuchk7vgatherEPjS0_m] -> 0xffff9e6fe618
npuchk: [_ZN6npuchk7vgatherEPjS0_jb] -> 0xffff9e7ad1a8
npuchk: [_ZN6npuchk7vgatherEPjS0_jth] -> 0xffff9e6fe8a0
npuchk: [_ZN6npuchk8vgatherbEPtPjm] -> 0xffff9e6febf0
npuchk: [_ZN6npuchk8vgatherbEPtPjjthh] -> 0xffff9e6fee78
npuchk: [_ZN6npuchk8vgatherbEPjS0_m] -> 0xffff9e6ff21c
npuchk: [_ZN6npuchk8vgatherbEPjS0_jthh] -> 0xffff9e6ff4a4
npuchk: [_ZN6npuchk4viouEPN7float165Fp16TES2_S2_m] -> 0xffff9e7ad478
npuchk: [_ZN6npuchk4viouEPN7float165Fp16TES2_S2_hhhhhhh] -> (nil)
npuchk: [_ZN6npuchk4viouEPN7float165Fp16TES2_S2_hhhhhhhbb] -> (nil)
npuchk: [_ZN6npuchk4viouEPfS0_S0_m] -> 0xffff9e7ad76c
npuchk: [_ZN6npuchk4viouEPfS0_S0_hhhhhhh] -> (nil)
npuchk: [_ZN6npuchk4viouEPfS0_S0_hhhhhhhbb] -> (nil)
npuchk: [_ZN6npuchk10vld_va_regE10ub_addr8_tPm7vpart_t] -> 0xffff9e6ff848
npuchk: [_ZN6npuchk3vlnEPN7float165Fp16TES2_m] -> 0xffff9e6ffa24
npuchk: [_ZN6npuchk3vlnEPN7float165Fp16TES2_htthh] -> 0xffff9e6ffcb4
npuchk: [_ZN6npuchk3vlnEPN7float165Fp16TES2_htthhbb] -> 0xffff9e7ada60
npuchk: [_ZN6npuchk3vlnEPN7float165Fp16TES2_htttt] -> 0xffff9e700088
npuchk: [_ZN6npuchk3vlnEPfS0_m] -> 0xffff9e700470
npuchk: [_ZN6npuchk3vlnEPfS0_htthh] -> 0xffff9e700700
npuchk: [_ZN6npuchk3vlnEPfS0_htthhbb] -> 0xffff9e7adec0
npuchk: [_ZN6npuchk3vlnEPfS0_htttt] -> 0xffff9e700ad4
npuchk: [_ZN6npuchk6vlreluEPN7float165Fp16TES2_S1_m] -> 0xffff9e700ebc
npuchk: [_ZN6npuchk6vlreluEPN7float165Fp16TES2_S1_htthhbb] -> 0xffff9e7ae320
npuchk: [_ZN6npuchk6vlreluEPN7float165Fp16TES2_S1_htttt] -> 0xffff9e7011b4
npuchk: [_ZN6npuchk6vlreluEPfS0_fm] -> 0xffff9e701604
npuchk: [_ZN6npuchk6vlreluEPfS0_fhtthhbb] -> 0xffff9e7ae7e4
npuchk: [_ZN6npuchk6vlreluEPfS0_fhtttt] -> 0xffff9e7018f0
npuchk: [_ZN6npuchk5vmaddEPN7float165Fp16TES2_S2_m] -> 0xffff9e701d34
npuchk: [_ZN6npuchk5vmaddEPN7float165Fp16TES2_S2_hhhhhhh] -> 0xffff9e702020
npuchk: [_ZN6npuchk5vmaddEPN7float165Fp16TES2_S2_hhhhhhhbb] -> 0xffff9e7aeca0
npuchk: [_ZN6npuchk5vmaddEPfS0_S0_m] -> 0xffff9e702508
npuchk: [_ZN6npuchk5vmaddEPfS0_S0_hhhhhhh] -> 0xffff9e7027f4
npuchk: [_ZN6npuchk5vmaddEPfS0_S0_hhhhhhhbb] -> 0xffff9e7af210
npuchk: [_ZN6npuchk9vmaddreluEPN7float165Fp16TES2_S2_m] -> 0xffff9e702cdc
npuchk: [_ZN6npuchk9vmaddreluEPN7float165Fp16TES2_S2_hhhhhhh] -> 0xffff9e702fcc
npuchk: [_ZN6npuchk9vmaddreluEPN7float165Fp16TES2_S2_hhhhhhhbb] -> 0xffff9e7af780
npuchk: [_ZN6npuchk9vmaddreluEPfS0_S0_m] -> 0xffff9e7034b8
npuchk: [_ZN6npuchk9vmaddreluEPfS0_S0_hhhhhhh] -> 0xffff9e7037a8
npuchk: [_ZN6npuchk9vmaddreluEPfS0_S0_hhhhhhhbb] -> 0xffff9e7afcf4
npuchk: [_ZN6npuchk4vmaxEPN7float165Fp16TES2_S2_m] -> 0xffff9e703c94
npuchk: [_ZN6npuchk4vmaxEPN7float165Fp16TES2_S2_hhhhhhh] -> 0xffff9e703f80
npuchk: [_ZN6npuchk4vmaxEPN7float165Fp16TES2_S2_hhhhhhhbb] -> 0xffff9e7b0268
npuchk: [_ZN6npuchk4vmaxEPfS0_S0_m] -> 0xffff9e704468
npuchk: [_ZN6npuchk4vmaxEPfS0_S0_hhhhhhh] -> 0xffff9e704754
npuchk: [_ZN6npuchk4vmaxEPfS0_S0_hhhhhhhbb] -> 0xffff9e7b07d8
npuchk: [_ZN6npuchk4vmaxEPsS0_S0_m] -> 0xffff9e704c3c
npuchk: [_ZN6npuchk4vmaxEPsS0_S0_hhhhhhh] -> 0xffff9e704f28
npuchk: [_ZN6npuchk4vmaxEPsS0_S0_hhhhhhhbb] -> 0xffff9e7b0d48
npuchk: [_ZN6npuchk4vmaxEPiS0_S0_m] -> 0xffff9e705410
npuchk: [_ZN6npuchk4vmaxEPiS0_S0_hhhhhhh] -> 0xffff9e7056fc
npuchk: [_ZN6npuchk4vmaxEPiS0_S0_hhhhhhhbb] -> 0xffff9e7b12b8
npuchk: [_ZN6npuchk5vmaxsEPN7float165Fp16TES2_S1_m] -> 0xffff9e705be4
npuchk: [_ZN6npuchk5vmaxsEPN7float165Fp16TES2_S1_htthhbb] -> 0xffff9e705edc
npuchk: [_ZN6npuchk5vmaxsEPN7float165Fp16TES2_S1_htttt] -> 0xffff9e7063a0
npuchk: [_ZN6npuchk5vmaxsEPfS0_fm] -> 0xffff9e7067f0
npuchk: [_ZN6npuchk5vmaxsEPfS0_fhtthhbb] -> 0xffff9e706adc
npuchk: [_ZN6npuchk5vmaxsEPfS0_fhtttt] -> 0xffff9e706f98
npuchk: [_ZN6npuchk5vmaxsEPsS0_sm] -> 0xffff9e7073dc
npuchk: [_ZN6npuchk5vmaxsEPsS0_shtthhbb] -> 0xffff9e7076c0
npuchk: [_ZN6npuchk5vmaxsEPsS0_shtttt] -> 0xffff9e707b70
npuchk: [_ZN6npuchk5vmaxsEPiS0_im] -> 0xffff9e707fac
npuchk: [_ZN6npuchk5vmaxsEPiS0_ihtthhbb] -> 0xffff9e708290
npuchk: [_ZN6npuchk5vmaxsEPiS0_ihtttt] -> 0xffff9e708740
npuchk: [_ZN6npuchk8vmergechEPhS0_m] -> 0xffff9e7b1828
npuchk: [_ZN6npuchk8vmergechEPhS0_htthh] -> (nil)
npuchk: [_ZN6npuchk8vmergechEPhS0_htthhbb] -> (nil)
npuchk: [_ZN6npuchk8vmergechEPN7float165Fp16TES2_m] -> 0xffff9e7b1abc
npuchk: [_ZN6npuchk8vmergechEPN7float165Fp16TES2_htthh] -> (nil)
npuchk: [_ZN6npuchk8vmergechEPN7float165Fp16TES2_htthhbb] -> (nil)
npuchk: [_ZN6npuchk4vminEPN7float165Fp16TES2_S2_m] -> 0xffff9e708b7c
npuchk: [_ZN6npuchk4vminEPN7float165Fp16TES2_S2_hhhhhhh] -> 0xffff9e708e6c
npuchk: [_ZN6npuchk4vminEPN7float165Fp16TES2_S2_hhhhhhhbb] -> 0xffff9e709358
npuchk: [_ZN6npuchk4vminEPfS0_S0_m] -> 0xffff9e7098cc
npuchk: [_ZN6npuchk4vminEPfS0_S0_hhhhhhh] -> 0xffff9e709bbc
npuchk: [_ZN6npuchk4vminEPfS0_S0_hhhhhhhbb] -> 0xffff9e70a0a8
npuchk: [_ZN6npuchk4vminEPsS0_S0_m] -> 0xffff9e70a61c
npuchk: [_ZN6npuchk4vminEPsS0_S0_hhhhhhh] -> 0xffff9e70a90c
npuchk: [_ZN6npuchk4vminEPsS0_S0_hhhhhhhbb] -> 0xffff9e70adf8
npuchk: [_ZN6npuchk4vminEPiS0_S0_m] -> 0xffff9e70b36c
npuchk: [_ZN6npuchk4vminEPiS0_S0_hhhhhhh] -> 0xffff9e70b65c
npuchk: [_ZN6npuchk4vminEPiS0_S0_hhhhhhhbb] -> 0xffff9e70bb48
npuchk: [_ZN6npuchk5vminsEPN7float165Fp16TES2_S1_m] -> 0xffff9e70c0bc
npuchk: [_ZN6npuchk5vminsEPN7float165Fp16TES2_S1_htthhbb] -> 0xffff9e70c3b8
npuchk: [_ZN6npuchk5vminsEPN7float165Fp16TES2_S1_htttt] -> 0xffff9e70c880
npuchk: [_ZN6npuchk5vminsEPfS0_fm] -> 0xffff9e70ccd4
npuchk: [_ZN6npuchk5vminsEPfS0_fhtthhbb] -> 0xffff9e70cfc4
npuchk: [_ZN6npuchk5vminsEPfS0_fhtttt] -> 0xffff9e70d484
npuchk: [_ZN6npuchk5vminsEPsS0_sm] -> 0xffff9e70d8cc
npuchk: [_ZN6npuchk5vminsEPsS0_shtthhbb] -> 0xffff9e70dbb4
npuchk: [_ZN6npuchk5vminsEPsS0_shtttt] -> 0xffff9e70e068
npuchk: [_ZN6npuchk5vminsEPiS0_im] -> 0xffff9e70e4a8
npuchk: [_ZN6npuchk5vminsEPiS0_ihtthhbb] -> 0xffff9e70e790
npuchk: [_ZN6npuchk5vminsEPiS0_ihtttt] -> 0xffff9e70ec44
npuchk: [_ZN6npuchk4vmlaEPN7float165Fp16TES2_S2_m] -> 0xffff9e70f084
npuchk: [_ZN6npuchk4vmlaEPN7float165Fp16TES2_S2_hhhhhhh] -> 0xffff9e70f374
npuchk: [_ZN6npuchk4vmlaEPN7float165Fp16TES2_S2_hhhhhhhbb] -> 0xffff9e70f860
npuchk: [_ZN6npuchk4vmlaEPfS0_S0_m] -> 0xffff9e70fdd4
npuchk: [_ZN6npuchk4vmlaEPfS0_S0_hhhhhhh] -> 0xffff9e7100c4
npuchk: [_ZN6npuchk4vmlaEPfS0_S0_hhhhhhhbb] -> 0xffff9e7105b0
npuchk: [_ZN6npuchk4vmlaEPfPN7float165Fp16TES3_m] -> 0xffff9e710b24
npuchk: [_ZN6npuchk4vmlaEPfPN7float165Fp16TES3_hhhhhhh] -> 0xffff9e710e14
npuchk: [_ZN6npuchk4vmlaEPfPN7float165Fp16TES3_hhhhhhhbb] -> 0xffff9e711300
npuchk: [_ZN6npuchk9vmrgsort4EPN7float165Fp16TEPS2_m] -> 0xffff9e7b1d50
npuchk: [_ZN6npuchk9vmrgsort4EPfPS0_m] -> 0xffff9e7b1f18
npuchk: [_ZN6npuchk9vmrgsort4EPN7float165Fp16TEPS2_mm] -> 0xffff9e711874
npuchk: [_ZN6npuchk9vmrgsort4EPfPS0_mm] -> 0xffff9e711a78
npuchk: [_ZN6npuchk4vmulEPN7float165Fp16TES2_S2_m] -> 0xffff9e711c7c
npuchk: [_ZN6npuchk4vmulEPN7float165Fp16TES2_S2_hhhhhhh] -> 0xffff9e711f68
npuchk: [_ZN6npuchk4vmulEPN7float165Fp16TES2_S2_hhhhhhhbb] -> 0xffff9e712450
npuchk: [_ZN6npuchk4vmulEPfS0_S0_m] -> 0xffff9e7129c0
npuchk: [_ZN6npuchk4vmulEPfS0_S0_hhhhhhh] -> 0xffff9e712cac
npuchk: [_ZN6npuchk4vmulEPfS0_S0_hhhhhhhbb] -> 0xffff9e713194
npuchk: [_ZN6npuchk4vmulEPsS0_S0_m] -> 0xffff9e713704
npuchk: [_ZN6npuchk4vmulEPsS0_S0_hhhhhhh] -> 0xffff9e7139f0
npuchk: [_ZN6npuchk4vmulEPsS0_S0_hhhhhhhbb] -> 0xffff9e713ed8
npuchk: [_ZN6npuchk4vmulEPiS0_S0_m] -> 0xffff9e714448
npuchk: [_ZN6npuchk4vmulEPiS0_S0_hhhhhhh] -> 0xffff9e714734
npuchk: [_ZN6npuchk4vmulEPiS0_S0_hhhhhhhbb] -> 0xffff9e714c1c
npuchk: [_ZN6npuchk15vmulconv_f162s8EPaPN7float165Fp16TES3_m] -> 0xffff9e71518c
npuchk: [_ZN6npuchk15vmulconv_f162s8EPaPN7float165Fp16TES3_hhhhhhh] -> 0xffff9e71547c
npuchk: [_ZN6npuchk15vmulconv_f162s8EPaPN7float165Fp16TES3_hhhhhhhbb] -> 0xffff9e7b20e0
npuchk: [_ZN6npuchk15vmulconv_f162u8EPhPN7float165Fp16TES3_m] -> 0xffff9e715968
npuchk: [_ZN6npuchk15vmulconv_f162u8EPhPN7float165Fp16TES3_hhhhhhh] -> 0xffff9e715c58
npuchk: [_ZN6npuchk15vmulconv_f162u8EPhPN7float165Fp16TES3_hhhhhhhbb] -> 0xffff9e7b2654
npuchk: [_ZN6npuchk5vmulsEPN7float165Fp16TES2_S1_m] -> 0xffff9e716144
npuchk: [_ZN6npuchk5vmulsEPN7float165Fp16TES2_S1_htthh] -> 0xffff9e716440
npuchk: [_ZN6npuchk5vmulsEPN7float165Fp16TES2_S1_htthhbb] -> 0xffff9e7b2bc8
npuchk: [_ZN6npuchk5vmulsEPN7float165Fp16TES2_S1_htttt] -> 0xffff9e716880
npuchk: [_ZN6npuchk5vmulsEPfS0_fm] -> 0xffff9e716cd4
npuchk: [_ZN6npuchk5vmulsEPfS0_fhtthh] -> 0xffff9e716fc4
npuchk: [_ZN6npuchk5vmulsEPfS0_fhtthhbb] -> 0xffff9e7b3090
npuchk: [_ZN6npuchk5vmulsEPfS0_fhtttt] -> 0xffff9e7173f8
npuchk: [_ZN6npuchk5vmulsEPsS0_sm] -> 0xffff9e717840
npuchk: [_ZN6npuchk5vmulsEPsS0_shtthh] -> 0xffff9e717b28
npuchk: [_ZN6npuchk5vmulsEPsS0_shtthhbb] -> 0xffff9e7b3550
npuchk: [_ZN6npuchk5vmulsEPsS0_shtttt] -> 0xffff9e717f54
npuchk: [_ZN6npuchk5vmulsEPiS0_im] -> 0xffff9e718394
npuchk: [_ZN6npuchk5vmulsEPiS0_ihtthh] -> 0xffff9e71867c
npuchk: [_ZN6npuchk5vmulsEPiS0_ihtthhbb] -> 0xffff9e7b3a04
npuchk: [_ZN6npuchk5vmulsEPiS0_ihtttt] -> 0xffff9e718aa8
npuchk: [_ZN6npuchk4vnotEPsS0_m] -> 0xffff9e718ee8
npuchk: [_ZN6npuchk4vnotEPsS0_htthh] -> 0xffff9e719178
npuchk: [_ZN6npuchk4vnotEPsS0_htthhbb] -> 0xffff9e7b3eb8
npuchk: [_ZN6npuchk4vnotEPsS0_htttt] -> 0xffff9e71954c
npuchk: [_ZN6npuchk4vnotEPtS0_m] -> 0xffff9e719934
npuchk: [_ZN6npuchk4vnotEPtS0_htthh] -> 0xffff9e719bc4
npuchk: [_ZN6npuchk4vnotEPtS0_htthhbb] -> 0xffff9e7b4318
npuchk: [_ZN6npuchk4vnotEPtS0_htttt] -> 0xffff9e719f98
npuchk: [_ZN6npuchk3vorEPsS0_S0_m] -> 0xffff9e71a380
npuchk: [_ZN6npuchk3vorEPsS0_S0_hhhhhhh] -> 0xffff9e71a66c
npuchk: [_ZN6npuchk3vorEPsS0_S0_hhhhhhhbb] -> 0xffff9e71ab54
npuchk: [_ZN6npuchk3vorEPtS0_S0_m] -> 0xffff9e71b0c4
npuchk: [_ZN6npuchk3vorEPtS0_S0_hhhhhhh] -> 0xffff9e71b3b0
npuchk: [_ZN6npuchk3vorEPtS0_S0_hhhhhhhbb] -> 0xffff9e71b898
npuchk: [_ZN6npuchk8vpaddingEPtS0_m] -> 0xffff9e7b4778
npuchk: [_ZN6npuchk8vpaddingEPtS0_htthhbbhb] -> 0xffff9e7b4a08
npuchk: [_ZN6npuchk8vpaddingEPjS0_m] -> 0xffff9e7b4efc
npuchk: [_ZN6npuchk8vpaddingEPjS0_htthhbbhb] -> 0xffff9e7b518c
npuchk: [_ZN6npuchk4vrecEPN7float165Fp16TES2_m] -> 0xffff9e71be08
npuchk: [_ZN6npuchk4vrecEPN7float165Fp16TES2_htthh] -> 0xffff9e71c098
npuchk: [_ZN6npuchk4vrecEPN7float165Fp16TES2_htthhbb] -> 0xffff9e7b5680
npuchk: [_ZN6npuchk4vrecEPN7float165Fp16TES2_htttt] -> 0xffff9e71c46c
npuchk: [_ZN6npuchk4vrecEPfS0_m] -> 0xffff9e71c854
npuchk: [_ZN6npuchk4vrecEPfS0_htthh] -> 0xffff9e71cae4
npuchk: [_ZN6npuchk4vrecEPfS0_htthhbb] -> 0xffff9e7b5ae0
npuchk: [_ZN6npuchk4vrecEPfS0_htttt] -> 0xffff9e71ceb8
npuchk: [_ZN6npuchk7vreduceEPtS0_S0_m] -> 0xffff9e71d2a0
npuchk: [_ZN6npuchk7vreduceEPtS0_S0_hhhhhhh] -> 0xffff9e71d590
npuchk: [_ZN6npuchk7vreduceEPtS0_S0_hhhhh] -> 0xffff9e71da7c
npuchk: [_ZN6npuchk7vreduceEPjS0_S0_m] -> 0xffff9e71decc
npuchk: [_ZN6npuchk7vreduceEPjS0_S0_hhhhhhh] -> 0xffff9e71e1bc
npuchk: [_ZN6npuchk7vreduceEPjS0_S0_hhhhh] -> 0xffff9e71e6a8
npuchk: [_ZN6npuchk9vreducev2EPtS0_S0_m] -> 0xffff9e71eaf8
npuchk: [_ZN6npuchk9vreducev2EPtS0_S0_thhth] -> 0xffff9e71ede8
npuchk: [_ZN6npuchk9vreducev2EPjS0_S0_m] -> 0xffff9e71f100
npuchk: [_ZN6npuchk9vreducev2EPjS0_S0_thhth] -> 0xffff9e71f3f0
npuchk: [_ZN6npuchk5vreluEPN7float165Fp16TES2_m] -> 0xffff9e71f708
npuchk: [_ZN6npuchk5vreluEPN7float165Fp16TES2_htthh] -> 0xffff9e71f998
npuchk: [_ZN6npuchk5vreluEPN7float165Fp16TES2_htthhbb] -> 0xffff9e7b5f40
npuchk: [_ZN6npuchk5vreluEPN7float165Fp16TES2_htttt] -> 0xffff9e71fd6c
npuchk: [_ZN6npuchk5vreluEPfS0_m] -> 0xffff9e720154
npuchk: [_ZN6npuchk5vreluEPfS0_htthh] -> 0xffff9e7203e4
npuchk: [_ZN6npuchk5vreluEPfS0_htthhbb] -> 0xffff9e7b63a0
npuchk: [_ZN6npuchk5vreluEPfS0_htttt] -> 0xffff9e7207b8
npuchk: [_ZN6npuchk5vreluEPiS0_m] -> 0xffff9e720ba0
npuchk: [_ZN6npuchk5vreluEPiS0_htthh] -> 0xffff9e720e30
npuchk: [_ZN6npuchk5vreluEPiS0_htthhbb] -> 0xffff9e7b6800
npuchk: [_ZN6npuchk5vreluEPiS0_htttt] -> 0xffff9e721204
npuchk: [_ZN6npuchk5vrpacEPN7float165Fp16TES2_m] -> 0xffff9e7b6c60
npuchk: [_ZN6npuchk5vrpacEPN7float165Fp16TES2_htthh] -> (nil)
npuchk: [_ZN6npuchk5vrpacEPN7float165Fp16TES2_htthhbb] -> (nil)
npuchk: [_ZN6npuchk5vrpacEPfS0_m] -> 0xffff9e7b6ef4
npuchk: [_ZN6npuchk5vrpacEPfS0_htthh] -> (nil)
npuchk: [_ZN6npuchk5vrpacEPfS0_htthhbb] -> (nil)
npuchk: [_ZN6npuchk6vrsqrtEPN7float165Fp16TES2_m] -> 0xffff9e7215ec
npuchk: [_ZN6npuchk6vrsqrtEPN7float165Fp16TES2_htthh] -> 0xffff9e72187c
npuchk: [_ZN6npuchk6vrsqrtEPN7float165Fp16TES2_htthhbb] -> 0xffff9e7b7188
npuchk: [_ZN6npuchk6vrsqrtEPN7float165Fp16TES2_htttt] -> 0xffff9e721c50
npuchk: [_ZN6npuchk6vrsqrtEPfS0_m] -> 0xffff9e722038
npuchk: [_ZN6npuchk6vrsqrtEPfS0_htthh] -> 0xffff9e7222c8
npuchk: [_ZN6npuchk6vrsqrtEPfS0_htthhbb] -> 0xffff9e7b75e8
npuchk: [_ZN6npuchk6vrsqrtEPfS0_htttt] -> 0xffff9e72269c
npuchk: [_ZN6npuchk8vscatterEPjPtm] -> 0xffff9e7b7a48
npuchk: [_ZN6npuchk8vscatterEPjPtjb] -> 0xffff9e7b7cd0
npuchk: [_ZN6npuchk8vscatterEPjS0_m] -> 0xffff9e7b7fa0
npuchk: [_ZN6npuchk8vscatterEPjS0_jb] -> 0xffff9e7b8228
npuchk: [_ZN6npuchk4vselEPN7float165Fp16TES2_S2_m] -> 0xffff9e722a84
npuchk: [_ZN6npuchk4vselEPN7float165Fp16TES2_Pvm] -> 0xffff9e722d70
npuchk: [_ZN6npuchk4vselEPN7float165Fp16TES2_Pvhhhhhhh] -> 0xffff9e72305c
npuchk: [_ZN6npuchk4vselEPN7float165Fp16TES2_Pvhhhhhhhhbb] -> 0xffff9e7b84f8
npuchk: [_ZN6npuchk4vselEPN7float165Fp16TES2_Pvhhhhhhhh] -> 0xffff9e723544
npuchk: [_ZN6npuchk4vselEPN7float165Fp16TES2_S2_hhhhhhh] -> 0xffff9e723a7c
npuchk: [_ZN6npuchk4vselEPN7float165Fp16TES2_S2_hhhhhhhhbb] -> 0xffff9e7b8ab8
npuchk: [_ZN6npuchk4vselEPN7float165Fp16TES2_S2_hhhhhhhh] -> 0xffff9e723f64
npuchk: [_ZN6npuchk4vselEPfS0_S0_m] -> 0xffff9e72449c
npuchk: [_ZN6npuchk4vselEPfS0_Pvm] -> 0xffff9e724788
npuchk: [_ZN6npuchk4vselEPfS0_Pvhhhhhhh] -> 0xffff9e724a74
npuchk: [_ZN6npuchk4vselEPfS0_Pvhhhhhhhhbb] -> 0xffff9e7b9078
npuchk: [_ZN6npuchk4vselEPfS0_Pvhhhhhhhh] -> 0xffff9e724f5c
npuchk: [_ZN6npuchk4vselEPfS0_S0_hhhhhhh] -> 0xffff9e725494
npuchk: [_ZN6npuchk4vselEPfS0_S0_hhhhhhhhbb] -> 0xffff9e7b9638
npuchk: [_ZN6npuchk4vselEPfS0_S0_hhhhhhhh] -> 0xffff9e72597c
npuchk: [_ZN6npuchk4vshlEPsS0_jm] -> 0xffff9e725eb4
npuchk: [_ZN6npuchk4vshlEPsS0_jhtthh] -> 0xffff9e72619c
npuchk: [_ZN6npuchk4vshlEPsS0_jhtthhbb] -> (nil)
npuchk: [_ZN6npuchk4vshlEPsS0_jhtttt] -> 0xffff9e7265c8
npuchk: [_ZN6npuchk4vshlEPiS0_jm] -> 0xffff9e726a08
npuchk: [_ZN6npuchk4vshlEPiS0_jhtthh] -> 0xffff9e726cf0
npuchk: [_ZN6npuchk4vshlEPiS0_jhtthhbb] -> (nil)
npuchk: [_ZN6npuchk4vshlEPiS0_jhtttt] -> 0xffff9e72711c
npuchk: [_ZN6npuchk4vshlEPtS0_jm] -> 0xffff9e72755c
npuchk: [_ZN6npuchk4vshlEPtS0_jhtthh] -> 0xffff9e727844
npuchk: [_ZN6npuchk4vshlEPtS0_jhtthhbb] -> (nil)
npuchk: [_ZN6npuchk4vshlEPtS0_jhtttt] -> 0xffff9e727c70
npuchk: [_ZN6npuchk4vshlEPjS0_jm] -> 0xffff9e7280b0
npuchk: [_ZN6npuchk4vshlEPjS0_jhtthh] -> 0xffff9e728398
npuchk: [_ZN6npuchk4vshlEPjS0_jhtthhbb] -> (nil)
npuchk: [_ZN6npuchk4vshlEPjS0_jhtttt] -> 0xffff9e7287c4
npuchk: [_ZN6npuchk4vshrEPsS0_imb] -> 0xffff9e728c04
npuchk: [_ZN6npuchk4vshrEPsS0_ihtthhbbb] -> (nil)
npuchk: [_ZN6npuchk4vshrEPsS0_ihttttb] -> 0xffff9e728f48
npuchk: [_ZN6npuchk4vshrEPiS0_imb] -> 0xffff9e7293e0
npuchk: [_ZN6npuchk4vshrEPiS0_ihtthhbbb] -> (nil)
npuchk: [_ZN6npuchk4vshrEPiS0_ihttttb] -> 0xffff9e729724
npuchk: [_ZN6npuchk4vshrEPtS0_jmb] -> 0xffff9e729bbc
npuchk: [_ZN6npuchk4vshrEPtS0_jhtthhbbb] -> (nil)
npuchk: [_ZN6npuchk4vshrEPtS0_jhttttb] -> 0xffff9e729f00
npuchk: [_ZN6npuchk4vshrEPjS0_jmb] -> 0xffff9e72a398
npuchk: [_ZN6npuchk4vshrEPjS0_jhtthhbbb] -> (nil)
npuchk: [_ZN6npuchk4vshrEPjS0_jhttttb] -> 0xffff9e72a6dc
npuchk: [_ZN6npuchk5vsortEPN7float165Fp16TES2_m] -> (nil)
npuchk: [_ZN6npuchk5vsortEPN7float165Fp16TES2_h] -> (nil)
npuchk: [_ZN6npuchk5vsortEPfS0_m] -> (nil)
npuchk: [_ZN6npuchk5vsortEPfS0_h] -> (nil)
npuchk: [_ZN6npuchk5vsqrtEPN7float165Fp16TES2_m] -> 0xffff9e72ab74
npuchk: [_ZN6npuchk5vsqrtEPN7float165Fp16TES2_htthh] -> 0xffff9e72ae04
npuchk: [_ZN6npuchk5vsqrtEPN7float165Fp16TES2_htthhbb] -> 0xffff9e7b9bf8
npuchk: [_ZN6npuchk5vsqrtEPN7float165Fp16TES2_htttt] -> 0xffff9e72b1d8
npuchk: [_ZN6npuchk5vsqrtEPfS0_m] -> 0xffff9e72b5c0
npuchk: [_ZN6npuchk5vsqrtEPfS0_htthh] -> 0xffff9e72b850
npuchk: [_ZN6npuchk5vsqrtEPfS0_htthhbb] -> 0xffff9e7ba058
npuchk: [_ZN6npuchk5vsqrtEPfS0_htttt] -> 0xffff9e72bc24
npuchk: [_ZN6npuchk4vsubEPN7float165Fp16TES2_S2_m] -> 0xffff9e72c00c
npuchk: [_ZN6npuchk4vsubEPN7float165Fp16TES2_S2_hhhhhhh] -> 0xffff9e72c2fc
npuchk: [_ZN6npuchk4vsubEPN7float165Fp16TES2_S2_hhhhhhhbb] -> 0xffff9e7ba4b8
npuchk: [_ZN6npuchk4vsubEPfS0_S0_m] -> 0xffff9e72c7e8
npuchk: [_ZN6npuchk4vsubEPfS0_S0_hhhhhhh] -> 0xffff9e72cad8
npuchk: [_ZN6npuchk4vsubEPfS0_S0_hhhhhhhbb] -> 0xffff9e7baa2c
npuchk: [_ZN6npuchk4vsubEPsS0_S0_m] -> 0xffff9e72cfc4
npuchk: [_ZN6npuchk4vsubEPsS0_S0_hhhhhhh] -> 0xffff9e72d2b4
npuchk: [_ZN6npuchk4vsubEPsS0_S0_hhhhhhhbb] -> 0xffff9e7bafa0
npuchk: [_ZN6npuchk4vsubEPiS0_S0_m] -> 0xffff9e72d7a0
npuchk: [_ZN6npuchk4vsubEPiS0_S0_hhhhhhh] -> 0xffff9e72da90
npuchk: [_ZN6npuchk4vsubEPiS0_S0_hhhhhhhbb] -> 0xffff9e7bb514
npuchk: [_ZN6npuchk8vsubreluEPN7float165Fp16TES2_S2_m] -> 0xffff9e72df7c
npuchk: [_ZN6npuchk8vsubreluEPN7float165Fp16TES2_S2_hhhhhhhbb] -> 0xffff9e7bba88
npuchk: [_ZN6npuchk8vsubreluEPN7float165Fp16TES2_S2_hhhhhhh] -> 0xffff9e72e26c
npuchk: [_ZN6npuchk8vsubreluEPfS0_S0_m] -> 0xffff9e72e758
npuchk: [_ZN6npuchk8vsubreluEPfS0_S0_hhhhhhhbb] -> 0xffff9e7bbffc
npuchk: [_ZN6npuchk8vsubreluEPfS0_S0_hhhhhhh] -> 0xffff9e72ea48
npuchk: [_ZN6npuchk8vsubreluEPsS0_S0_m] -> 0xffff9e72ef34
npuchk: [_ZN6npuchk8vsubreluEPsS0_S0_hhhhhhhbb] -> 0xffff9e7bc570
npuchk: [_ZN6npuchk8vsubreluEPsS0_S0_hhhhhhh] -> 0xffff9e72f224
npuchk: [_ZN6npuchk19vsubreluconv_f162s8EPaPN7float165Fp16TES3_mb] -> 0xffff9e72f710
npuchk: [_ZN6npuchk19vsubreluconv_f162s8EPaPN7float165Fp16TES3_hhhhhhhbbb] -> 0xffff9e7bcae4
npuchk: [_ZN6npuchk19vsubreluconv_f162s8EPaPN7float165Fp16TES3_hhhhhhhb] -> 0xffff9e72fa60
npuchk: [_ZN6npuchk20vsubreluconv_f322f16EPN7float165Fp16TEPfS3_mb] -> 0xffff9e72ffa8
npuchk: [_ZN6npuchk20vsubreluconv_f322f16EPN7float165Fp16TEPfS3_hhhhhhhbbb] -> 0xffff9e7bd0b4
npuchk: [_ZN6npuchk20vsubreluconv_f322f16EPN7float165Fp16TEPfS3_hhhhhhhb] -> 0xffff9e7302f8
npuchk: [_ZN6npuchk19vsubreluconv_s162s8EPaPsS1_mb] -> 0xffff9e730840
npuchk: [_ZN6npuchk19vsubreluconv_s162s8EPaPsS1_hhhhhhhbbb] -> 0xffff9e7bd684
npuchk: [_ZN6npuchk19vsubreluconv_s162s8EPaPsS1_hhhhhhhb] -> 0xffff9e730b90
npuchk: [_ZN6npuchk23vsubreluconv_vdeqs162b8EPaPsS1_mb] -> (nil)
npuchk: [_ZN6npuchk23vsubreluconv_vdeqs162b8EPhPsS1_mb] -> (nil)
npuchk: [_ZN6npuchk23vsubreluconv_vdeqs162b8EPhPsS1_hhhhhhhbbb] -> (nil)
npuchk: [_ZN6npuchk23vsubreluconv_vdeqs162b8EPhPsS1_hhhhhhhb] -> (nil)
npuchk: [_ZN6npuchk23vsubreluconv_vdeqs162b8EPaPsS1_hhhhhhhbbb] -> (nil)
npuchk: [_ZN6npuchk23vsubreluconv_vdeqs162b8EPaPsS1_hhhhhhhb] -> (nil)
npuchk: [_ZN6npuchk10vtransposeEPsS0_] -> 0xffff9e7310d8
npuchk: [_ZN6npuchk10vtransposeEPtS0_] -> 0xffff9e731310
npuchk: [_ZN6npuchk9wait_flagE6pipe_tS0_7event_t] -> 0xffff9e698b94
npuchk: [_ZN6npuchk9wait_flagE6pipe_t7event_t] -> (nil)
npuchk: [_ZN6npuchk9wait_flagE6pipe_tS0_m] -> (nil)
npuchk: [_ZN6npuchk9wait_flagE6pipe_tm] -> (nil)
npuchk: [_ZN6npuchk13wait_flag_devEl] -> 0xffff9e698e54
npuchk: [_ZN6npuchk13winograd_convEPiPsPam] -> (nil)
npuchk: [_ZN6npuchk13winograd_convEPiPsPattthhhb] -> (nil)
npuchk: [_ZN6npuchk13winograd_convEPiPaS1_m] -> (nil)
npuchk: [_ZN6npuchk13winograd_convEPiPaS1_ttthhhb] -> (nil)
npuchk: [_ZN6npuchk13get_workspaceEi] -> (nil)
npuchk: [_ZN6npuchk13set_core_typeEi] -> (nil)
npuchk: [_ZN6npuchk15get_process_numEv] -> (nil)
npuchk: [_ZN6npuchk13set_block_dimEi] -> (nil)
npuchk: [_ZN6npuchk18AscendCKernelBeginEPKciPm] -> 0xffff9e612ac8
npuchk: [_ZN6npuchk16AscendCKernelEndEPKciPm] -> 0xffff9e612b00
npuchk: [_ZN6npuchk17AscendCBlockBeginEiPKciPKm] -> 0xffff9e612e24
npuchk: [_ZN6npuchk15AscendCBlockEndEiPKciPKm] -> 0xffff9e612b28
npuchk: [_ZN6npuchk16AscendCQueCreateEhhh] -> 0xffff9e6131ec
npuchk: [_ZN6npuchk14AscendCBufInitEhhhmm] -> 0xffff9e6133e8
npuchk: [_ZN6npuchk15AscendCBufAllocEhhmm] -> 0xffff9e613208
npuchk: [_ZN6npuchk14AscendCBufFreeEhhmm] -> 0xffff9e61326c
npuchk: [_ZN6npuchk15AscendCBufEnqueEhhhm] -> 0xffff9e6134a4
npuchk: [_ZN6npuchk15AscendCBufDequeEhhhm] -> 0xffff9e613500
npuchk: [_ZN6npuchk17AscendCBufAbsAddrEhmm] -> 0xffff9e6132d0
npuchk: [_ZN6npuchk13AscendCBufGetEhhmm] -> 0xffff9e61355c
npuchk: [_ZN6npuchk19AscendCTBufPoolInitEhmmm] -> 0xffff9e6135d8
npuchk: [_ZN6npuchk27AscendCUpdateTbufPoolStatusEmb] -> 0xffff9e613634
npuchk: [_ZN6npuchk26AscendCRecordPoolHierarchyEmm] -> 0xffff9e613660
npuchk: [_ZN6npuchk25AscendCTBufPoolResetCheckEhmmm] -> 0xffff9e61368c
npuchk: [_ZN6npuchk12batch_offsetEmm] -> (nil)
npuchk: [_ZN6npuchk12wait_and_setEPvS0_mm] -> (nil)
npuchk: [_ZN6npuchk9wait_syncEPvS0_S0_] -> (nil)
npuchk: [_ZN6npuchk11set_tensoraEPvS0_] -> (nil)
npuchk: [_ZN6npuchk11set_tensorbEPv] -> (nil)
npuchk: [_ZN6npuchk11get_tensorcEPv] -> (nil)
npuchk: [_ZN6npuchk13__ib_set_stubEiib] -> (nil)
npuchk: [_ZN6npuchk14__ib_wait_stubEiib] -> (nil)
npuchk: [_ZN6npuchk15__sync_all_stubEib] -> (nil)
