AscendC: [_ZN7AscendC5bcnt0Em] -> 0xffff8e324c00
AscendC: [_ZN7AscendC5bcnt1Em] -> 0xffff8e324c28
AscendC: [_ZN7AscendC18broadcast_ub_to_ccEPN7float165Fp16TES2_m] -> (nil)
AscendC: [_ZN7AscendC18broadcast_ub_to_ccEPN7float165Fp16TES2_hhhh] -> 0xffff8e3627e0
AscendC: [_ZN7AscendC18broadcast_ub_to_ccEPN7float165Fp16TES2_hhhhb] -> (nil)
AscendC: [_ZN7AscendC18broadcast_ub_to_ccEPfS0_m] -> (nil)
AscendC: [_ZN7AscendC18broadcast_ub_to_ccEPfS0_hhhh] -> 0xffff8e362640
AscendC: [_ZN7AscendC18broadcast_ub_to_ccEPfS0_hhhhb] -> (nil)
AscendC: [_ZN7AscendC18broadcast_ub_to_ccEPfPN7float165Fp16TEm] -> (nil)
AscendC: [_ZN7AscendC18broadcast_ub_to_ccEPfPN7float165Fp16TEhhhh] -> 0xffff8e362980
AscendC: [_ZN7AscendC18broadcast_ub_to_ccEPfPN7float165Fp16TEhhhhb] -> (nil)
AscendC: [_ZN7AscendC18broadcast_ub_to_ccEPiS0_m] -> (nil)
AscendC: [_ZN7AscendC18broadcast_ub_to_ccEPiS0_hhhh] -> 0xffff8e3624a0
AscendC: [_ZN7AscendC18broadcast_ub_to_ccEPiS0_hhhhb] -> (nil)
AscendC: [_ZN7AscendC3clzEm] -> 0xffff8e324c50
AscendC: [_ZN7AscendC7col2imgEPN7float165Fp16TES2_mm] -> (nil)
AscendC: [_ZN7AscendC7col2imgEPN7float165Fp16TES2_shhshhhhhhhb] -> (nil)
AscendC: [_ZN7AscendC7col2imgEPfS0_mm] -> (nil)
AscendC: [_ZN7AscendC7col2imgEPfS0_shhshhhhhhhb] -> (nil)
AscendC: [_ZN7AscendC17compress_ub_to_gmEPhS0_S0_l] -> (nil)
AscendC: [_ZN7AscendC17compress_ub_to_gmEPhS0_S0_tbhh] -> (nil)
AscendC: [_ZN7AscendC17compress_ub_to_gmEPN7float165Fp16TES2_S2_l] -> (nil)
AscendC: [_ZN7AscendC17compress_ub_to_gmEPN7float165Fp16TES2_S2_tbhh] -> (nil)
AscendC: [_ZN7AscendC13conv_f322f16oEf] -> 0xffff8e3284f8
AscendC: [_ZN7AscendC13conv_f322s32aEf] -> 0xffff8e328b88
AscendC: [_ZN7AscendC13conv_f322s32cEf] -> 0xffff8e328f58
AscendC: [_ZN7AscendC13conv_f322s32fEf] -> 0xffff8e329310
AscendC: [_ZN7AscendC13conv_f322s32rEf] -> 0xffff8e3296c8
AscendC: [_ZN7AscendC15copy_cbuf_to_btEmPvm] -> (nil)
AscendC: [_ZN7AscendC15copy_cbuf_to_btEmPvttttt] -> 0xffff8e311aa0
AscendC: [_ZN7AscendC17copy_cbuf_to_fbufEPvS0_m] -> (nil)
AscendC: [_ZN7AscendC17copy_cbuf_to_fbufEPvS0_tttt] -> 0xffff8e30f160
AscendC: [_ZN7AscendC15copy_cbuf_to_gmEPvS0_m] -> (nil)
AscendC: [_ZN7AscendC15copy_cbuf_to_gmEPvS0_htttt] -> 0xffff8e3118b8
AscendC: [_ZN7AscendC21copy_cbuf_to_gm_alignEPN7float165Fp16TES2_htjjj] -> (nil)
AscendC: [_ZN7AscendC21copy_cbuf_to_gm_alignEPfS0_htjjj] -> (nil)
AscendC: [_ZN7AscendC21copy_cbuf_to_gm_alignEPsS0_htjjj] -> (nil)
AscendC: [_ZN7AscendC21copy_cbuf_to_gm_alignEPiS0_htjjj] -> (nil)
AscendC: [_ZN7AscendC21copy_cbuf_to_gm_alignEPaS0_htjjj] -> (nil)
AscendC: [_ZN7AscendC21copy_cbuf_to_gm_alignEPtS0_htjjj] -> (nil)
AscendC: [_ZN7AscendC21copy_cbuf_to_gm_alignEPjS0_htjjj] -> (nil)
AscendC: [_ZN7AscendC21copy_cbuf_to_gm_alignEPhS0_htjjj] -> (nil)
AscendC: [_ZN7AscendC17copy_cbuf_to_ubufEPvS0_m] -> (nil)
AscendC: [_ZN7AscendC17copy_cbuf_to_ubufEPvS0_htttt] -> 0xffff8e310d38
AscendC: [_ZN7AscendC25copy_depthwise_cc_to_ubufEPN7float165Fp16TES2_m10ConvRelu_t] -> (nil)
AscendC: [_ZN7AscendC25copy_depthwise_cc_to_ubufEPN7float165Fp16TES2_htttt10ConvRelu_t] -> 0xffff8e311c98
AscendC: [_ZN7AscendC25copy_depthwise_cc_to_ubufEPfPN7float165Fp16TEm10ConvRelu_t] -> (nil)
AscendC: [_ZN7AscendC25copy_depthwise_cc_to_ubufEPfPN7float165Fp16TEhtttt10ConvRelu_t] -> 0xffff8e311e98
AscendC: [_ZN7AscendC25copy_depthwise_cc_to_ubufEPN7float165Fp16TEPfm10ConvRelu_t] -> (nil)
AscendC: [_ZN7AscendC25copy_depthwise_cc_to_ubufEPN7float165Fp16TEPfhtttt10ConvRelu_t] -> 0xffff8e3120a8
AscendC: [_ZN7AscendC25copy_depthwise_cc_to_ubufEPfS0_m10ConvRelu_t] -> (nil)
AscendC: [_ZN7AscendC25copy_depthwise_cc_to_ubufEPfS0_htttt10ConvRelu_t] -> 0xffff8e3122b8
AscendC: [_ZN7AscendC15copy_gm_to_cbufEPvS0_m5pad_t] -> (nil)
AscendC: [_ZN7AscendC15copy_gm_to_cbufEPvS0_htttt5pad_t] -> 0xffff8e310f20
AscendC: [_ZN7AscendC31copy_gm_to_cbuf_multi_nd2nz_b16EPN7float165Fp16TES2_mm] -> (nil)
AscendC: [_ZN7AscendC31copy_gm_to_cbuf_multi_nd2nz_b16EPN7float165Fp16TES2_htttttttt] -> 0xffff8e30c018
AscendC: [_ZN7AscendC31copy_gm_to_cbuf_multi_nd2nz_b16EPN8bfloat165Bf16TES2_mm] -> (nil)
AscendC: [_ZN7AscendC31copy_gm_to_cbuf_multi_nd2nz_b16EPN8bfloat165Bf16TES2_htttttttt] -> 0xffff8e30c9d0
AscendC: [_ZN7AscendC31copy_gm_to_cbuf_multi_nd2nz_b16EPsS0_mm] -> (nil)
AscendC: [_ZN7AscendC31copy_gm_to_cbuf_multi_nd2nz_b16EPsS0_htttttttt] -> 0xffff8e30c350
AscendC: [_ZN7AscendC31copy_gm_to_cbuf_multi_nd2nz_b16EPtS0_mm] -> (nil)
AscendC: [_ZN7AscendC31copy_gm_to_cbuf_multi_nd2nz_b16EPtS0_htttttttt] -> 0xffff8e30c690
AscendC: [_ZN7AscendC32copy_gm_to_cbuf_multi_nd2nz_b32sEPfS0_mm] -> (nil)
AscendC: [_ZN7AscendC32copy_gm_to_cbuf_multi_nd2nz_b32sEPfS0_htttttttt] -> 0xffff8e30cd10
AscendC: [_ZN7AscendC32copy_gm_to_cbuf_multi_nd2nz_b32sEPiS0_mm] -> (nil)
AscendC: [_ZN7AscendC32copy_gm_to_cbuf_multi_nd2nz_b32sEPiS0_htttttttt] -> 0xffff8e30d050
AscendC: [_ZN7AscendC32copy_gm_to_cbuf_multi_nd2nz_b32sEPjS0_mm] -> (nil)
AscendC: [_ZN7AscendC32copy_gm_to_cbuf_multi_nd2nz_b32sEPjS0_htttttttt] -> 0xffff8e30d390
AscendC: [_ZN7AscendC30copy_gm_to_cbuf_multi_nd2nz_b8EPaS0_mm] -> (nil)
AscendC: [_ZN7AscendC30copy_gm_to_cbuf_multi_nd2nz_b8EPaS0_htttttttt] -> 0xffff8e30d6d0
AscendC: [_ZN7AscendC30copy_gm_to_cbuf_multi_nd2nz_b8EPhS0_mm] -> (nil)
AscendC: [_ZN7AscendC30copy_gm_to_cbuf_multi_nd2nz_b8EPhS0_htttttttt] -> 0xffff8e30da10
AscendC: [_ZN7AscendC15copy_gm_to_ubufEPvS0_m] -> (nil)
AscendC: [_ZN7AscendC15copy_gm_to_ubufEPvS0_htttt] -> 0xffff8e311110
AscendC: [_ZN7AscendC25copy_gm_to_ubuf_align_b16EPvS0_mm] -> (nil)
AscendC: [_ZN7AscendC25copy_gm_to_ubuf_align_b16EPvS0_htjhhjj] -> 0xffff8e30f9e0
AscendC: [_ZN7AscendC25copy_gm_to_ubuf_align_b32EPvS0_mm] -> (nil)
AscendC: [_ZN7AscendC25copy_gm_to_ubuf_align_b32EPvS0_htjhhjj] -> 0xffff8e30fa40
AscendC: [_ZN7AscendC24copy_gm_to_ubuf_align_b8EPvS0_mm] -> (nil)
AscendC: [_ZN7AscendC24copy_gm_to_ubuf_align_b8EPvS0_htjhhjj] -> 0xffff8e30f980
AscendC: [_ZN7AscendC21copy_gm_to_ubuf_alignEPaS0_htjhhjj] -> (nil)
AscendC: [_ZN7AscendC21copy_gm_to_ubuf_alignEPhS0_htjhhjj] -> (nil)
AscendC: [_ZN7AscendC21copy_gm_to_ubuf_alignEPsS0_htjhhjj] -> (nil)
AscendC: [_ZN7AscendC21copy_gm_to_ubuf_alignEPtS0_htjhhjj] -> (nil)
AscendC: [_ZN7AscendC21copy_gm_to_ubuf_alignEPN7float165Fp16TES2_htjhhjj] -> (nil)
AscendC: [_ZN7AscendC21copy_gm_to_ubuf_alignEPiS0_htjhhjj] -> (nil)
AscendC: [_ZN7AscendC21copy_gm_to_ubuf_alignEPjS0_htjhhjj] -> (nil)
AscendC: [_ZN7AscendC21copy_gm_to_ubuf_alignEPfS0_htjhhjj] -> (nil)
AscendC: [_ZN7AscendC23copy_gm_to_ubuf_pad_b16EPvS0_mm] -> (nil)
AscendC: [_ZN7AscendC23copy_gm_to_ubuf_pad_b16EPvS0_htttthh] -> (nil)
AscendC: [_ZN7AscendC23copy_gm_to_ubuf_pad_b32EPvS0_mm] -> (nil)
AscendC: [_ZN7AscendC23copy_gm_to_ubuf_pad_b32EPvS0_htttthh] -> (nil)
AscendC: [_ZN7AscendC22copy_gm_to_ubuf_pad_b8EPvS0_mm] -> (nil)
AscendC: [_ZN7AscendC22copy_gm_to_ubuf_pad_b8EPvS0_htttthh] -> (nil)
AscendC: [_ZN7AscendC22copy_matrix_cbuf_to_ccEPN7float165Fp16TES2_m] -> (nil)
AscendC: [_ZN7AscendC22copy_matrix_cbuf_to_ccEPN7float165Fp16TES2_tttt] -> 0xffff8e316140
AscendC: [_ZN7AscendC22copy_matrix_cbuf_to_ccEPN7float165Fp16TEPfm] -> (nil)
AscendC: [_ZN7AscendC22copy_matrix_cbuf_to_ccEPN7float165Fp16TEPftttt] -> 0xffff8e316338
AscendC: [_ZN7AscendC22copy_matrix_cbuf_to_ccEPN8bfloat165Bf16TES2_m] -> (nil)
AscendC: [_ZN7AscendC22copy_matrix_cbuf_to_ccEPN8bfloat165Bf16TES2_tttt] -> 0xffff8e315d48
AscendC: [_ZN7AscendC22copy_matrix_cbuf_to_ccEPN8bfloat165Bf16TEPfm] -> (nil)
AscendC: [_ZN7AscendC22copy_matrix_cbuf_to_ccEPN8bfloat165Bf16TEPftttt] -> 0xffff8e315f40
AscendC: [_ZN7AscendC22copy_matrix_cbuf_to_ccEPfS0_m] -> (nil)
AscendC: [_ZN7AscendC22copy_matrix_cbuf_to_ccEPfS0_tttt] -> 0xffff8e316538
AscendC: [_ZN7AscendC22copy_matrix_cbuf_to_ccEPiS0_m] -> (nil)
AscendC: [_ZN7AscendC22copy_matrix_cbuf_to_ccEPiS0_tttt] -> 0xffff8e316730
AscendC: [_ZN7AscendC22copy_matrix_cbuf_to_ccEPjS0_m] -> (nil)
AscendC: [_ZN7AscendC22copy_matrix_cbuf_to_ccEPjS0_tttt] -> 0xffff8e316928
AscendC: [_ZN7AscendC22copy_matrix_cc_to_cbufEPN7float165Fp16TEPfmm] -> (nil)
AscendC: [_ZN7AscendC22copy_matrix_cc_to_cbufEPN7float165Fp16TEPfhttjthh11QuantMode_thbbb] -> (nil)
AscendC: [_ZN7AscendC22copy_matrix_cc_to_cbufEPN7float165Fp16TEPfhttjthh11QuantMode_thbb14QuantMode_posthbhhb] -> (nil)
AscendC: [_ZN7AscendC22copy_matrix_cc_to_cbufEPN7float165Fp16TEPfhttjth11QuantMode_thbb] -> 0xffff8e358e98
AscendC: [_ZN7AscendC22copy_matrix_cc_to_cbufEPN8bfloat165Bf16TEPfhttjth11QuantMode_thbb] -> 0xffff8e358898
AscendC: [_ZN7AscendC22copy_matrix_cc_to_cbufEPN8bfloat165Bf16TEPfhttjthh11QuantMode_thbbb] -> (nil)
AscendC: [_ZN7AscendC22copy_matrix_cc_to_cbufEPfS0_mm] -> (nil)
AscendC: [_ZN7AscendC22copy_matrix_cc_to_cbufEPaPfmm] -> (nil)
AscendC: [_ZN7AscendC22copy_matrix_cc_to_cbufEPaPfhttjthh11QuantMode_thbbb] -> (nil)
AscendC: [_ZN7AscendC22copy_matrix_cc_to_cbufEPaPfhttjthh11QuantMode_thbb14QuantMode_posthbhhb] -> (nil)
AscendC: [_ZN7AscendC22copy_matrix_cc_to_cbufEPaPfhttjth11QuantMode_thbb] -> 0xffff8e3594b8
AscendC: [_ZN7AscendC22copy_matrix_cc_to_cbufEPhPfmm] -> (nil)
AscendC: [_ZN7AscendC22copy_matrix_cc_to_cbufEPhPfhttjthh11QuantMode_thbbb] -> (nil)
AscendC: [_ZN7AscendC22copy_matrix_cc_to_cbufEPhPfhttjthh11QuantMode_thbb14QuantMode_posthbhhb] -> (nil)
AscendC: [_ZN7AscendC22copy_matrix_cc_to_cbufEPfS0_httjthh11QuantMode_thbbb] -> (nil)
AscendC: [_ZN7AscendC22copy_matrix_cc_to_cbufEPfS0_httjthh11QuantMode_thbb14QuantMode_posthbhhb] -> (nil)
AscendC: [_ZN7AscendC22copy_matrix_cc_to_cbufEPiS0_mm] -> (nil)
AscendC: [_ZN7AscendC22copy_matrix_cc_to_cbufEPN7float165Fp16TEPimm] -> (nil)
AscendC: [_ZN7AscendC22copy_matrix_cc_to_cbufEPN7float165Fp16TEPihttjthh11QuantMode_thbbb] -> (nil)
AscendC: [_ZN7AscendC22copy_matrix_cc_to_cbufEPN7float165Fp16TEPihttjthh11QuantMode_thbb14QuantMode_posthbhhb] -> (nil)
AscendC: [_ZN7AscendC22copy_matrix_cc_to_cbufEPN7float165Fp16TEPihttjth11QuantMode_thbb] -> 0xffff8e3591a8
AscendC: [_ZN7AscendC22copy_matrix_cc_to_cbufEPsPimm] -> (nil)
AscendC: [_ZN7AscendC22copy_matrix_cc_to_cbufEPsPihttjth11QuantMode_thbb] -> (nil)
AscendC: [_ZN7AscendC22copy_matrix_cc_to_cbufEPaPimm] -> (nil)
AscendC: [_ZN7AscendC22copy_matrix_cc_to_cbufEPaPihttjthh11QuantMode_thbbb] -> (nil)
AscendC: [_ZN7AscendC22copy_matrix_cc_to_cbufEPaPihttjthh11QuantMode_thbb14QuantMode_posthbhhb] -> (nil)
AscendC: [_ZN7AscendC22copy_matrix_cc_to_cbufEPaPihttjth11QuantMode_thbb] -> 0xffff8e3597c8
AscendC: [_ZN7AscendC22copy_matrix_cc_to_cbufEPhPimm] -> (nil)
AscendC: [_ZN7AscendC22copy_matrix_cc_to_cbufEPhPihttjthh11QuantMode_thbbb] -> (nil)
AscendC: [_ZN7AscendC22copy_matrix_cc_to_cbufEPhPihttjthh11QuantMode_thbb14QuantMode_posthbhhb] -> (nil)
AscendC: [_ZN7AscendC22copy_matrix_cc_to_cbufEPhPihttjth11QuantMode_thbb] -> 0xffff8e359de8
AscendC: [_ZN7AscendC22copy_matrix_cc_to_cbufEPiS0_httjthh11QuantMode_thbbb] -> (nil)
AscendC: [_ZN7AscendC22copy_matrix_cc_to_cbufEPiS0_httjthh11QuantMode_thbb14QuantMode_posthbhhb] -> (nil)
AscendC: [_ZN7AscendC25copy_matrix_cc_to_cbuf_b4EPvPfmm] -> (nil)
AscendC: [_ZN7AscendC25copy_matrix_cc_to_cbuf_b4EPvPfhttjth11QuantMode_thbb] -> (nil)
AscendC: [_ZN7AscendC25copy_matrix_cc_to_cbuf_b4EPvPimm] -> (nil)
AscendC: [_ZN7AscendC25copy_matrix_cc_to_cbuf_b4EPvPihttjth11QuantMode_thbb] -> (nil)
AscendC: [_ZN7AscendC27copy_matrix_cc_to_cbuf_bf16EPtPfmm] -> (nil)
AscendC: [_ZN7AscendC27copy_matrix_cc_to_cbuf_bf16EPtPfhttjthh11QuantMode_thbbb] -> (nil)
AscendC: [_ZN7AscendC27copy_matrix_cc_to_cbuf_bf16EPtPfhttjthh11QuantMode_thbb14QuantMode_posthbhhb] -> (nil)
AscendC: [_ZN7AscendC27copy_matrix_cc_to_cbuf_bf16EPtPfhttjth11QuantMode_thbb] -> (nil)
AscendC: [_ZN7AscendC25copy_matrix_cc_to_cbuf_s4EPvPfmm] -> (nil)
AscendC: [_ZN7AscendC25copy_matrix_cc_to_cbuf_s4EPvPfhttjthh11QuantMode_thbbb] -> (nil)
AscendC: [_ZN7AscendC25copy_matrix_cc_to_cbuf_s4EPvPfhttjthh11QuantMode_thbb14QuantMode_posthbhhb] -> (nil)
AscendC: [_ZN7AscendC25copy_matrix_cc_to_cbuf_s4EPvPimm] -> (nil)
AscendC: [_ZN7AscendC25copy_matrix_cc_to_cbuf_s4EPvPihttjthh11QuantMode_thbbb] -> (nil)
AscendC: [_ZN7AscendC25copy_matrix_cc_to_cbuf_s4EPvPihttjthh11QuantMode_thbb14QuantMode_posthbhhb] -> (nil)
AscendC: [_ZN7AscendC20copy_matrix_cc_to_gmEPN7float165Fp16TEPfmm] -> (nil)
AscendC: [_ZN7AscendC20copy_matrix_cc_to_gmEPN7float165Fp16TEPfhttjthh11QuantMode_thbbb] -> (nil)
AscendC: [_ZN7AscendC20copy_matrix_cc_to_gmEPN7float165Fp16TEPfhttjthh11QuantMode_thbb14QuantMode_posthbhhb] -> (nil)
AscendC: [_ZN7AscendC20copy_matrix_cc_to_gmEPN7float165Fp16TEPfhttjth11QuantMode_thbb] -> 0xffff8e359028
AscendC: [_ZN7AscendC20copy_matrix_cc_to_gmEPfS0_mm] -> (nil)
AscendC: [_ZN7AscendC20copy_matrix_cc_to_gmEPaPfmm] -> (nil)
AscendC: [_ZN7AscendC20copy_matrix_cc_to_gmEPaPfhttjthh11QuantMode_thbbb] -> (nil)
AscendC: [_ZN7AscendC20copy_matrix_cc_to_gmEPaPfhttjthh11QuantMode_thbb14QuantMode_posthbhhb] -> (nil)
AscendC: [_ZN7AscendC20copy_matrix_cc_to_gmEPaPfhttjth11QuantMode_thbb] -> 0xffff8e359648
AscendC: [_ZN7AscendC20copy_matrix_cc_to_gmEPhPfmm] -> (nil)
AscendC: [_ZN7AscendC20copy_matrix_cc_to_gmEPhPfhttjthh11QuantMode_thbbb] -> (nil)
AscendC: [_ZN7AscendC20copy_matrix_cc_to_gmEPhPfhttjthh11QuantMode_thbb14QuantMode_posthbhhb] -> (nil)
AscendC: [_ZN7AscendC20copy_matrix_cc_to_gmEPhPfhttjth11QuantMode_thbb] -> 0xffff8e359c68
AscendC: [_ZN7AscendC20copy_matrix_cc_to_gmEPfS0_httjthh11QuantMode_thbbb] -> (nil)
AscendC: [_ZN7AscendC20copy_matrix_cc_to_gmEPfS0_httjthh11QuantMode_thbb14QuantMode_posthbhhb] -> (nil)
AscendC: [_ZN7AscendC20copy_matrix_cc_to_gmEPfS0_httjth11QuantMode_thbb] -> 0xffff8e358ba8
AscendC: [_ZN7AscendC20copy_matrix_cc_to_gmEPiS0_mm] -> (nil)
AscendC: [_ZN7AscendC20copy_matrix_cc_to_gmEPN7float165Fp16TEPimm] -> (nil)
AscendC: [_ZN7AscendC20copy_matrix_cc_to_gmEPN7float165Fp16TEPihttjthh11QuantMode_thbbb] -> (nil)
AscendC: [_ZN7AscendC20copy_matrix_cc_to_gmEPN7float165Fp16TEPihttjthh11QuantMode_thbb14QuantMode_posthbhhb] -> (nil)
AscendC: [_ZN7AscendC20copy_matrix_cc_to_gmEPN7float165Fp16TEPihttjth11QuantMode_thbb] -> 0xffff8e359338
AscendC: [_ZN7AscendC20copy_matrix_cc_to_gmEPsPimm] -> (nil)
AscendC: [_ZN7AscendC20copy_matrix_cc_to_gmEPsPihttjth11QuantMode_thbb] -> (nil)
AscendC: [_ZN7AscendC20copy_matrix_cc_to_gmEPaPimm] -> (nil)
AscendC: [_ZN7AscendC20copy_matrix_cc_to_gmEPaPihttjthh11QuantMode_thbbb] -> (nil)
AscendC: [_ZN7AscendC20copy_matrix_cc_to_gmEPaPihttjthh11QuantMode_thbb14QuantMode_posthbhhb] -> (nil)
AscendC: [_ZN7AscendC20copy_matrix_cc_to_gmEPaPihttjth11QuantMode_thbb] -> 0xffff8e359958
AscendC: [_ZN7AscendC20copy_matrix_cc_to_gmEPhPimm] -> (nil)
AscendC: [_ZN7AscendC20copy_matrix_cc_to_gmEPhPihttjthh11QuantMode_thbbb] -> (nil)
AscendC: [_ZN7AscendC20copy_matrix_cc_to_gmEPhPihttjthh11QuantMode_thbb14QuantMode_posthbhhb] -> (nil)
AscendC: [_ZN7AscendC20copy_matrix_cc_to_gmEPhPihttjth11QuantMode_thbb] -> 0xffff8e359f78
AscendC: [_ZN7AscendC20copy_matrix_cc_to_gmEPiS0_httjthh11QuantMode_thbbb] -> (nil)
AscendC: [_ZN7AscendC20copy_matrix_cc_to_gmEPiS0_httjthh11QuantMode_thbb14QuantMode_posthbhhb] -> (nil)
AscendC: [_ZN7AscendC20copy_matrix_cc_to_gmEPiS0_httjth11QuantMode_thbb] -> 0xffff8e358d20
AscendC: [_ZN7AscendC20copy_matrix_cc_to_gmEPN8bfloat165Bf16TEPfhttjth11QuantMode_thbb] -> 0xffff8e358a28
AscendC: [_ZN7AscendC20copy_matrix_cc_to_gmEPN8bfloat165Bf16TEPfhttjthh11QuantMode_thbbb] -> (nil)
AscendC: [_ZN7AscendC23copy_matrix_cc_to_gm_b4EPvPfmm] -> (nil)
AscendC: [_ZN7AscendC23copy_matrix_cc_to_gm_b4EPvPfhttjth11QuantMode_thbb] -> (nil)
AscendC: [_ZN7AscendC23copy_matrix_cc_to_gm_b4EPvPimm] -> (nil)
AscendC: [_ZN7AscendC23copy_matrix_cc_to_gm_b4EPvPihttjth11QuantMode_thbb] -> (nil)
AscendC: [_ZN7AscendC25copy_matrix_cc_to_gm_bf16EPtPfmm] -> (nil)
AscendC: [_ZN7AscendC25copy_matrix_cc_to_gm_bf16EPtPfhttjthh11QuantMode_thbbb] -> (nil)
AscendC: [_ZN7AscendC25copy_matrix_cc_to_gm_bf16EPtPfhttjthh11QuantMode_thbb14QuantMode_posthbhhb] -> (nil)
AscendC: [_ZN7AscendC25copy_matrix_cc_to_gm_bf16EPtPfhttjth11QuantMode_thbb] -> (nil)
AscendC: [_ZN7AscendC23copy_matrix_cc_to_gm_s4EPvPfmm] -> (nil)
AscendC: [_ZN7AscendC23copy_matrix_cc_to_gm_s4EPvPfhttjthh11QuantMode_thbbb] -> (nil)
AscendC: [_ZN7AscendC23copy_matrix_cc_to_gm_s4EPvPfhttjthh11QuantMode_thbb14QuantMode_posthbhhb] -> (nil)
AscendC: [_ZN7AscendC23copy_matrix_cc_to_gm_s4EPvPimm] -> (nil)
AscendC: [_ZN7AscendC23copy_matrix_cc_to_gm_s4EPvPihttjthh11QuantMode_thbbb] -> (nil)
AscendC: [_ZN7AscendC23copy_matrix_cc_to_gm_s4EPvPihttjthh11QuantMode_thbb14QuantMode_posthbhhb] -> (nil)
AscendC: [_ZN7AscendC20copy_matrix_cc_to_ubEPN7float165Fp16TEPfmm] -> (nil)
AscendC: [_ZN7AscendC20copy_matrix_cc_to_ubEPN7float165Fp16TEPfhttjthh11QuantMode_thbbb] -> (nil)
AscendC: [_ZN7AscendC20copy_matrix_cc_to_ubEPN8bfloat165Bf16TEPfhttjthh11QuantMode_thbbb] -> (nil)
AscendC: [_ZN7AscendC20copy_matrix_cc_to_ubEPN7float165Fp16TEPfhttjthh11QuantMode_thbb14QuantMode_posthbhhb] -> (nil)
AscendC: [_ZN7AscendC20copy_matrix_cc_to_ubEPaPfmm] -> (nil)
AscendC: [_ZN7AscendC20copy_matrix_cc_to_ubEPaPfhttjthh11QuantMode_thbbb] -> (nil)
AscendC: [_ZN7AscendC20copy_matrix_cc_to_ubEPaPfhttjthh11QuantMode_thbb14QuantMode_posthbhhb] -> (nil)
AscendC: [_ZN7AscendC20copy_matrix_cc_to_ubEPhPfmm] -> (nil)
AscendC: [_ZN7AscendC20copy_matrix_cc_to_ubEPhPfhttjthh11QuantMode_thbbb] -> (nil)
AscendC: [_ZN7AscendC20copy_matrix_cc_to_ubEPhPfhttjthh11QuantMode_thbb14QuantMode_posthbhhb] -> (nil)
AscendC: [_ZN7AscendC20copy_matrix_cc_to_ubEPfS0_mm] -> (nil)
AscendC: [_ZN7AscendC20copy_matrix_cc_to_ubEPfS0_httjthh11QuantMode_thbbb] -> (nil)
AscendC: [_ZN7AscendC20copy_matrix_cc_to_ubEPfS0_httjthh11QuantMode_thbb14QuantMode_posthbhhb] -> (nil)
AscendC: [_ZN7AscendC20copy_matrix_cc_to_ubEPN7float165Fp16TEPimm] -> (nil)
AscendC: [_ZN7AscendC20copy_matrix_cc_to_ubEPN7float165Fp16TEPihttjthh11QuantMode_thbbb] -> (nil)
AscendC: [_ZN7AscendC20copy_matrix_cc_to_ubEPN7float165Fp16TEPihttjthh11QuantMode_thbb14QuantMode_posthbhhb] -> (nil)
AscendC: [_ZN7AscendC20copy_matrix_cc_to_ubEPaPimm] -> (nil)
AscendC: [_ZN7AscendC20copy_matrix_cc_to_ubEPaPihttjthh11QuantMode_thbbb] -> (nil)
AscendC: [_ZN7AscendC20copy_matrix_cc_to_ubEPaPihttjthh11QuantMode_thbb14QuantMode_posthbhhb] -> (nil)
AscendC: [_ZN7AscendC20copy_matrix_cc_to_ubEPhPimm] -> (nil)
AscendC: [_ZN7AscendC20copy_matrix_cc_to_ubEPhPihttjthh11QuantMode_thbbb] -> (nil)
AscendC: [_ZN7AscendC20copy_matrix_cc_to_ubEPhPihttjthh11QuantMode_thbb14QuantMode_posthbhhb] -> (nil)
AscendC: [_ZN7AscendC20copy_matrix_cc_to_ubEPiS0_mm] -> (nil)
AscendC: [_ZN7AscendC20copy_matrix_cc_to_ubEPiS0_httjthh11QuantMode_thbbb] -> (nil)
AscendC: [_ZN7AscendC20copy_matrix_cc_to_ubEPiS0_httjthh11QuantMode_thbb14QuantMode_posthbhhb] -> (nil)
AscendC: [_ZN7AscendC25copy_matrix_cc_to_ub_bf16EPtPfmm] -> (nil)
AscendC: [_ZN7AscendC25copy_matrix_cc_to_ub_bf16EPtPfhttjthh11QuantMode_thbbb] -> (nil)
AscendC: [_ZN7AscendC25copy_matrix_cc_to_ub_bf16EPtPfhttjthh11QuantMode_thbb14QuantMode_posthbhhb] -> (nil)
AscendC: [_ZN7AscendC23copy_matrix_cc_to_ub_s4EPvPfmm] -> (nil)
AscendC: [_ZN7AscendC23copy_matrix_cc_to_ub_s4EPvPfhttjthh11QuantMode_thbbb] -> (nil)
AscendC: [_ZN7AscendC23copy_matrix_cc_to_ub_s4EPvPfhttjthh11QuantMode_thbb14QuantMode_posthbhhb] -> (nil)
AscendC: [_ZN7AscendC23copy_matrix_cc_to_ub_s4EPvPimm] -> (nil)
AscendC: [_ZN7AscendC23copy_matrix_cc_to_ub_s4EPvPihttjthh11QuantMode_thbbb] -> (nil)
AscendC: [_ZN7AscendC23copy_matrix_cc_to_ub_s4EPvPihttjthh11QuantMode_thbb14QuantMode_posthbhhb] -> (nil)
AscendC: [_ZN7AscendC22copy_matrix_cc_to_ubufEPN7float165Fp16TES2_m10ConvRelu_t] -> (nil)
AscendC: [_ZN7AscendC22copy_matrix_cc_to_ubufEPN7float165Fp16TES2_htttt10ConvRelu_t] -> 0xffff8e3124b8
AscendC: [_ZN7AscendC22copy_matrix_cc_to_ubufEPN7float165Fp16TEPfm10ConvRelu_t] -> (nil)
AscendC: [_ZN7AscendC22copy_matrix_cc_to_ubufEPN7float165Fp16TEPfhtttt10ConvRelu_t] -> 0xffff8e3126b8
AscendC: [_ZN7AscendC22copy_matrix_cc_to_ubufEPfS0_m10ConvRelu_t] -> (nil)
AscendC: [_ZN7AscendC22copy_matrix_cc_to_ubufEPfS0_htttt10ConvRelu_t] -> 0xffff8e3128c0
AscendC: [_ZN7AscendC22copy_matrix_cc_to_ubufEPN7float165Fp16TEPim10ConvRelu_t] -> (nil)
AscendC: [_ZN7AscendC22copy_matrix_cc_to_ubufEPN7float165Fp16TEPihtttt10ConvRelu_t] -> 0xffff8e312ac0
AscendC: [_ZN7AscendC22copy_matrix_cc_to_ubufEPsPim10ConvRelu_t] -> (nil)
AscendC: [_ZN7AscendC22copy_matrix_cc_to_ubufEPsPihtttt10ConvRelu_t] -> 0xffff8e312cc8
AscendC: [_ZN7AscendC22copy_matrix_cc_to_ubufEPiS0_m10ConvRelu_t] -> (nil)
AscendC: [_ZN7AscendC22copy_matrix_cc_to_ubufEPiS0_htttt10ConvRelu_t] -> 0xffff8e312ed0
AscendC: [_ZN7AscendC22copy_matrix_cc_to_ubufEPaPim10ConvRelu_t] -> (nil)
AscendC: [_ZN7AscendC22copy_matrix_cc_to_ubufEPaPihtttt10ConvRelu_t] -> 0xffff8e3130d0
AscendC: [_ZN7AscendC22copy_matrix_cc_to_ubufEPjS0_m10ConvRelu_t] -> (nil)
AscendC: [_ZN7AscendC22copy_matrix_cc_to_ubufEPjS0_htttt10ConvRelu_t] -> 0xffff8e3132d8
AscendC: [_ZN7AscendC22copy_matrix_cc_to_ubufEPhPim10ConvRelu_t] -> (nil)
AscendC: [_ZN7AscendC22copy_matrix_cc_to_ubufEPhPihtttt10ConvRelu_t] -> 0xffff8e3134d8
AscendC: [_ZN7AscendC22copy_matrix_ubuf_to_ccEPN7float165Fp16TES2_m10ConvRelu_t] -> (nil)
AscendC: [_ZN7AscendC22copy_matrix_ubuf_to_ccEPN7float165Fp16TES2_htttt10ConvRelu_t] -> 0xffff8e3136e0
AscendC: [_ZN7AscendC22copy_matrix_ubuf_to_ccEPfS0_m10ConvRelu_t] -> (nil)
AscendC: [_ZN7AscendC22copy_matrix_ubuf_to_ccEPfS0_htttt10ConvRelu_t] -> 0xffff8e3138e0
AscendC: [_ZN7AscendC22copy_matrix_ubuf_to_ccEPfPN7float165Fp16TEm10ConvRelu_t] -> (nil)
AscendC: [_ZN7AscendC22copy_matrix_ubuf_to_ccEPfPN7float165Fp16TEhtttt10ConvRelu_t] -> 0xffff8e313ae0
AscendC: [_ZN7AscendC22copy_matrix_ubuf_to_ccEPiS0_m10ConvRelu_t] -> (nil)
AscendC: [_ZN7AscendC22copy_matrix_ubuf_to_ccEPiS0_htttt10ConvRelu_t] -> 0xffff8e313ce8
AscendC: [_ZN7AscendC22copy_matrix_ubuf_to_ccEPjS0_m10ConvRelu_t] -> (nil)
AscendC: [_ZN7AscendC22copy_matrix_ubuf_to_ccEPjS0_htttt10ConvRelu_t] -> 0xffff8e313ee8
AscendC: [_ZN7AscendC28copy_small_matrix_cc_to_ubufEPN7float165Fp16TEPim10ConvRelu_t] -> (nil)
AscendC: [_ZN7AscendC28copy_small_matrix_cc_to_ubufEPN7float165Fp16TEPihtttt10ConvRelu_t] -> (nil)
AscendC: [_ZN7AscendC28copy_small_matrix_cc_to_ubufEPsPim10ConvRelu_t] -> (nil)
AscendC: [_ZN7AscendC28copy_small_matrix_cc_to_ubufEPsPihtttt10ConvRelu_t] -> (nil)
AscendC: [_ZN7AscendC28copy_small_matrix_cc_to_ubufEPiS0_m10ConvRelu_t] -> (nil)
AscendC: [_ZN7AscendC28copy_small_matrix_cc_to_ubufEPiS0_htttt10ConvRelu_t] -> (nil)
AscendC: [_ZN7AscendC28copy_small_matrix_cc_to_ubufEPaPim10ConvRelu_t] -> (nil)
AscendC: [_ZN7AscendC28copy_small_matrix_cc_to_ubufEPaPihtttt10ConvRelu_t] -> (nil)
AscendC: [_ZN7AscendC28copy_small_matrix_cc_to_ubufEPjS0_m10ConvRelu_t] -> (nil)
AscendC: [_ZN7AscendC28copy_small_matrix_cc_to_ubufEPjS0_htttt10ConvRelu_t] -> (nil)
AscendC: [_ZN7AscendC28copy_small_matrix_cc_to_ubufEPhPim10ConvRelu_t] -> (nil)
AscendC: [_ZN7AscendC28copy_small_matrix_cc_to_ubufEPhPihtttt10ConvRelu_t] -> (nil)
AscendC: [_ZN7AscendC28copy_small_matrix_ubuf_to_ccEPiS0_m10ConvRelu_t] -> (nil)
AscendC: [_ZN7AscendC28copy_small_matrix_ubuf_to_ccEPiS0_htttt10ConvRelu_t] -> (nil)
AscendC: [_ZN7AscendC28copy_small_matrix_ubuf_to_ccEPjS0_m10ConvRelu_t] -> (nil)
AscendC: [_ZN7AscendC28copy_small_matrix_ubuf_to_ccEPjS0_htttt10ConvRelu_t] -> (nil)
AscendC: [_ZN7AscendC17copy_ubuf_to_cbufEPvS0_m] -> (nil)
AscendC: [_ZN7AscendC17copy_ubuf_to_cbufEPvS0_htttt] -> 0xffff8e3112f8
AscendC: [_ZN7AscendC17copy_ubuf_to_fbufEPvS0_m] -> (nil)
AscendC: [_ZN7AscendC17copy_ubuf_to_fbufEPvS0_9CvtMode_ttttt] -> (nil)
AscendC: [_ZN7AscendC15copy_ubuf_to_gmEPvS0_m] -> (nil)
AscendC: [_ZN7AscendC15copy_ubuf_to_gmEPvS0_m4bm_t] -> (nil)
AscendC: [_ZN7AscendC15copy_ubuf_to_gmEPvS0_htttt4bm_t] -> (nil)
AscendC: [_ZN7AscendC15copy_ubuf_to_gmEPvS0_htttt] -> 0xffff8e3114e0
AscendC: [_ZN7AscendC25copy_ubuf_to_gm_align_b16EPvS0_mm] -> (nil)
AscendC: [_ZN7AscendC25copy_ubuf_to_gm_align_b16EPvS0_htjhhjj] -> 0xffff8e30fb00
AscendC: [_ZN7AscendC25copy_ubuf_to_gm_align_b32EPvS0_mm] -> (nil)
AscendC: [_ZN7AscendC25copy_ubuf_to_gm_align_b32EPvS0_htjhhjj] -> 0xffff8e30fb60
AscendC: [_ZN7AscendC24copy_ubuf_to_gm_align_b8EPvS0_mm] -> (nil)
AscendC: [_ZN7AscendC24copy_ubuf_to_gm_align_b8EPvS0_htjhhjj] -> 0xffff8e30faa0
AscendC: [_ZN7AscendC21copy_ubuf_to_gm_alignEPaS0_htjjj] -> (nil)
AscendC: [_ZN7AscendC21copy_ubuf_to_gm_alignEPhS0_htjjj] -> (nil)
AscendC: [_ZN7AscendC21copy_ubuf_to_gm_alignEPsS0_htjjj] -> (nil)
AscendC: [_ZN7AscendC21copy_ubuf_to_gm_alignEPtS0_htjjj] -> (nil)
AscendC: [_ZN7AscendC21copy_ubuf_to_gm_alignEPN7float165Fp16TES2_htjjj] -> (nil)
AscendC: [_ZN7AscendC21copy_ubuf_to_gm_alignEPiS0_htjjj] -> (nil)
AscendC: [_ZN7AscendC21copy_ubuf_to_gm_alignEPjS0_htjjj] -> (nil)
AscendC: [_ZN7AscendC21copy_ubuf_to_gm_alignEPfS0_htjjj] -> (nil)
AscendC: [_ZN7AscendC23copy_ubuf_to_gm_pad_b16EPvS0_mm] -> (nil)
AscendC: [_ZN7AscendC23copy_ubuf_to_gm_pad_b16EPvS0_htttthh] -> (nil)
AscendC: [_ZN7AscendC23copy_ubuf_to_gm_pad_b32EPvS0_mm] -> (nil)
AscendC: [_ZN7AscendC23copy_ubuf_to_gm_pad_b32EPvS0_htttthh] -> (nil)
AscendC: [_ZN7AscendC22copy_ubuf_to_gm_pad_b8EPvS0_mm] -> (nil)
AscendC: [_ZN7AscendC22copy_ubuf_to_gm_pad_b8EPvS0_htttthh] -> (nil)
AscendC: [_ZN7AscendC17copy_ubuf_to_ubufEPvS0_m] -> (nil)
AscendC: [_ZN7AscendC17copy_ubuf_to_ubufEPvS0_htttt] -> 0xffff8e3116d0
AscendC: [_ZN7AscendC22copy_vector_cc_to_ubufEPN7float165Fp16TES2_m10ConvRelu_t] -> (nil)
AscendC: [_ZN7AscendC22copy_vector_cc_to_ubufEPN7float165Fp16TES2_htttt10ConvRelu_t] -> 0xffff8e3140e8
AscendC: [_ZN7AscendC22copy_vector_cc_to_ubufEPN7float165Fp16TEPfm10ConvRelu_t] -> (nil)
AscendC: [_ZN7AscendC22copy_vector_cc_to_ubufEPN7float165Fp16TEPfhtttt10ConvRelu_t] -> 0xffff8e3142e8
AscendC: [_ZN7AscendC22copy_vector_cc_to_ubufEPfS0_m10ConvRelu_t] -> (nil)
AscendC: [_ZN7AscendC22copy_vector_cc_to_ubufEPfS0_htttt10ConvRelu_t] -> 0xffff8e3144f8
AscendC: [_ZN7AscendC22copy_vector_cc_to_ubufEPN7float165Fp16TEPim10ConvRelu_t] -> (nil)
AscendC: [_ZN7AscendC22copy_vector_cc_to_ubufEPN7float165Fp16TEPihtttt10ConvRelu_t] -> 0xffff8e3146f8
AscendC: [_ZN7AscendC22copy_vector_cc_to_ubufEPsPim10ConvRelu_t] -> (nil)
AscendC: [_ZN7AscendC22copy_vector_cc_to_ubufEPsPihtttt10ConvRelu_t] -> 0xffff8e314908
AscendC: [_ZN7AscendC22copy_vector_cc_to_ubufEPiS0_m10ConvRelu_t] -> (nil)
AscendC: [_ZN7AscendC22copy_vector_cc_to_ubufEPiS0_htttt10ConvRelu_t] -> 0xffff8e314b18
AscendC: [_ZN7AscendC22copy_vector_cc_to_ubufEPaPim10ConvRelu_t] -> (nil)
AscendC: [_ZN7AscendC22copy_vector_cc_to_ubufEPaPihtttt10ConvRelu_t] -> 0xffff8e314d18
AscendC: [_ZN7AscendC22copy_vector_cc_to_ubufEPjS0_m10ConvRelu_t] -> (nil)
AscendC: [_ZN7AscendC22copy_vector_cc_to_ubufEPjS0_htttt10ConvRelu_t] -> 0xffff8e314f28
AscendC: [_ZN7AscendC22copy_vector_cc_to_ubufEPhPim10ConvRelu_t] -> (nil)
AscendC: [_ZN7AscendC22copy_vector_cc_to_ubufEPhPihtttt10ConvRelu_t] -> 0xffff8e315128
AscendC: [_ZN7AscendC22copy_vector_ubuf_to_ccEPN7float165Fp16TES2_m10ConvRelu_t] -> (nil)
AscendC: [_ZN7AscendC22copy_vector_ubuf_to_ccEPN7float165Fp16TES2_htttt10ConvRelu_t] -> 0xffff8e315338
AscendC: [_ZN7AscendC22copy_vector_ubuf_to_ccEPfS0_m10ConvRelu_t] -> (nil)
AscendC: [_ZN7AscendC22copy_vector_ubuf_to_ccEPfS0_htttt10ConvRelu_t] -> 0xffff8e315538
AscendC: [_ZN7AscendC22copy_vector_ubuf_to_ccEPfPN7float165Fp16TEm10ConvRelu_t] -> (nil)
AscendC: [_ZN7AscendC22copy_vector_ubuf_to_ccEPfPN7float165Fp16TEhtttt10ConvRelu_t] -> 0xffff8e315738
AscendC: [_ZN7AscendC22copy_vector_ubuf_to_ccEPiS0_m10ConvRelu_t] -> (nil)
AscendC: [_ZN7AscendC22copy_vector_ubuf_to_ccEPiS0_htttt10ConvRelu_t] -> 0xffff8e315948
AscendC: [_ZN7AscendC22copy_vector_ubuf_to_ccEPjS0_m10ConvRelu_t] -> (nil)
AscendC: [_ZN7AscendC22copy_vector_ubuf_to_ccEPjS0_htttt10ConvRelu_t] -> 0xffff8e315b48
AscendC: [_ZN7AscendC16create_ca_matrixEPvlN7float165Fp16TE] -> (nil)
AscendC: [_ZN7AscendC16create_ca_matrixEPN7float165Fp16TElS1_] -> 0xffff8e369e30
AscendC: [_ZN7AscendC16create_ca_matrixEPslN7float165Fp16TE] -> 0xffff8e36a3b8
AscendC: [_ZN7AscendC16create_ca_matrixEPtlN7float165Fp16TE] -> 0xffff8e36a940
AscendC: [_ZN7AscendC16create_ca_matrixEPN7float165Fp16TElj] -> (nil)
AscendC: [_ZN7AscendC16create_ca_matrixEPflj] -> 0xffff8e36b850
AscendC: [_ZN7AscendC16create_ca_matrixEPflN7float165Fp16TE] -> (nil)
AscendC: [_ZN7AscendC16create_ca_matrixEPslj] -> (nil)
AscendC: [_ZN7AscendC16create_ca_matrixEPilj] -> 0xffff8e36aec0
AscendC: [_ZN7AscendC16create_ca_matrixEPilN7float165Fp16TE] -> (nil)
AscendC: [_ZN7AscendC16create_ca_matrixEPtlj] -> (nil)
AscendC: [_ZN7AscendC16create_ca_matrixEPjlj] -> 0xffff8e36b388
AscendC: [_ZN7AscendC16create_ca_matrixEPjlN7float165Fp16TE] -> (nil)
AscendC: [_ZN7AscendC21create_ca_matrix_bf16EPN8bfloat165Bf16TElS1_] -> 0xffff8e36bd18
AscendC: [_ZN7AscendC16create_cb_matrixEPvlN7float165Fp16TE] -> (nil)
AscendC: [_ZN7AscendC16create_cb_matrixEPN7float165Fp16TElS1_] -> 0xffff8e36a008
AscendC: [_ZN7AscendC16create_cb_matrixEPslN7float165Fp16TE] -> 0xffff8e36a590
AscendC: [_ZN7AscendC16create_cb_matrixEPtlN7float165Fp16TE] -> 0xffff8e36ab18
AscendC: [_ZN7AscendC16create_cb_matrixEPN7float165Fp16TElj] -> (nil)
AscendC: [_ZN7AscendC16create_cb_matrixEPflj] -> 0xffff8e36b9e8
AscendC: [_ZN7AscendC16create_cb_matrixEPflN7float165Fp16TE] -> (nil)
AscendC: [_ZN7AscendC16create_cb_matrixEPslj] -> (nil)
AscendC: [_ZN7AscendC16create_cb_matrixEPilj] -> 0xffff8e36b058
AscendC: [_ZN7AscendC16create_cb_matrixEPilN7float165Fp16TE] -> (nil)
AscendC: [_ZN7AscendC16create_cb_matrixEPtlj] -> (nil)
AscendC: [_ZN7AscendC16create_cb_matrixEPjlj] -> 0xffff8e36b520
AscendC: [_ZN7AscendC16create_cb_matrixEPjlN7float165Fp16TE] -> (nil)
AscendC: [_ZN7AscendC21create_cb_matrix_bf16EPN8bfloat165Bf16TElS1_] -> 0xffff8e36bef0
AscendC: [_ZN7AscendC18create_cbuf_matrixEPvlN7float165Fp16TE] -> (nil)
AscendC: [_ZN7AscendC18create_cbuf_matrixEPN7float165Fp16TElS1_] -> 0xffff8e36a1e0
AscendC: [_ZN7AscendC18create_cbuf_matrixEPslN7float165Fp16TE] -> 0xffff8e36a768
AscendC: [_ZN7AscendC18create_cbuf_matrixEPtlN7float165Fp16TE] -> 0xffff8e36acf0
AscendC: [_ZN7AscendC18create_cbuf_matrixEPN7float165Fp16TElj] -> (nil)
AscendC: [_ZN7AscendC18create_cbuf_matrixEPflj] -> 0xffff8e36bb80
AscendC: [_ZN7AscendC18create_cbuf_matrixEPflN7float165Fp16TE] -> (nil)
AscendC: [_ZN7AscendC18create_cbuf_matrixEPslj] -> (nil)
AscendC: [_ZN7AscendC18create_cbuf_matrixEPilj] -> 0xffff8e36b1f0
AscendC: [_ZN7AscendC18create_cbuf_matrixEPilN7float165Fp16TE] -> (nil)
AscendC: [_ZN7AscendC18create_cbuf_matrixEPtlj] -> (nil)
AscendC: [_ZN7AscendC18create_cbuf_matrixEPjlj] -> 0xffff8e36b6b8
AscendC: [_ZN7AscendC18create_cbuf_matrixEPjlN7float165Fp16TE] -> (nil)
AscendC: [_ZN7AscendC23create_cbuf_matrix_bf16EPN8bfloat165Bf16TElS1_] -> 0xffff8e36c0c8
AscendC: [_ZN7AscendC10dc_preloadEPms] -> 0xffff8e326f28
AscendC: [_ZN7AscendC10dc_preloadEPml] -> (nil)
AscendC: [_ZN7AscendC4dcciEPvm] -> 0xffff8e3587c8
AscendC: [_ZN7AscendC4dcciEPvmm] -> 0xffff8e3586f8
AscendC: [_ZN7AscendC21decompress_gm_to_cbufEPhS0_l] -> (nil)
AscendC: [_ZN7AscendC21decompress_gm_to_cbufEPhS0_tbhh] -> (nil)
AscendC: [_ZN7AscendC21decompress_gm_to_cbufEPN7float165Fp16TES2_l] -> (nil)
AscendC: [_ZN7AscendC21decompress_gm_to_cbufEPN7float165Fp16TES2_tbhh] -> (nil)
AscendC: [_ZN7AscendC19decompress_gm_to_ubEPhS0_l] -> (nil)
AscendC: [_ZN7AscendC19decompress_gm_to_ubEPhS0_tbhh] -> (nil)
AscendC: [_ZN7AscendC19decompress_gm_to_ubEPN7float165Fp16TES2_l] -> (nil)
AscendC: [_ZN7AscendC19decompress_gm_to_ubEPN7float165Fp16TES2_tbhh] -> (nil)
AscendC: [_ZN7AscendC14depthwise_convEPN7float165Fp16TES2_S2_mb] -> (nil)
AscendC: [_ZN7AscendC14depthwise_convEPN7float165Fp16TES2_S2_tthhhhb] -> (nil)
AscendC: [_ZN7AscendC14depthwise_convEPfPN7float165Fp16TES3_mb] -> (nil)
AscendC: [_ZN7AscendC14depthwise_convEPfPN7float165Fp16TES3_tthhhhb] -> (nil)
AscendC: [_ZN7AscendC14depthwise_convEPiPaS1_mb] -> (nil)
AscendC: [_ZN7AscendC14depthwise_convEPiPaS1_ttahhhb] -> (nil)
AscendC: [_ZN7AscendC14depthwise_convEPiPhS1_mb] -> (nil)
AscendC: [_ZN7AscendC14depthwise_convEPiPhS1_tthhhhb] -> (nil)
AscendC: [_ZN7AscendC14depthwise_convEPiPhPamb] -> (nil)
AscendC: [_ZN7AscendC14depthwise_convEPiPhPatthhhhb] -> (nil)
AscendC: [_ZN7AscendC17depthwise_conv_v2EPN7float165Fp16TES2_S2_m] -> (nil)
AscendC: [_ZN7AscendC17depthwise_conv_v2EPN7float165Fp16TES2_S2_tthhhthbbh] -> (nil)
AscendC: [_ZN7AscendC17depthwise_conv_v2EPfPN7float165Fp16TES3_m] -> (nil)
AscendC: [_ZN7AscendC17depthwise_conv_v2EPfPN7float165Fp16TES3_tthhhthbbh] -> (nil)
AscendC: [_ZN7AscendC17depthwise_conv_v2EPiPaS1_m] -> (nil)
AscendC: [_ZN7AscendC17depthwise_conv_v2EPiPaS1_tthhhthbbh] -> (nil)
AscendC: [_ZN7AscendC17depthwise_conv_v2EPiPhS1_m] -> (nil)
AscendC: [_ZN7AscendC17depthwise_conv_v2EPiPhS1_tthhhthbbh] -> (nil)
AscendC: [_ZN7AscendC17depthwise_conv_v2EPiPhPam] -> (nil)
AscendC: [_ZN7AscendC17depthwise_conv_v2EPiPhPatthhhthbbh] -> (nil)
AscendC: [_ZN7AscendC3dsbE9mem_dsb_t] -> 0xffff8e326170
AscendC: [_ZN7AscendC22fake_overflow_status_1Ev] -> (nil)
AscendC: [_ZN7AscendC22fake_overflow_status_2Ev] -> (nil)
AscendC: [_ZN7AscendC20ffts_cross_core_syncE6pipe_tm] -> 0xffff8e32abd8
AscendC: [_ZN7AscendC5fifr1EPsS0_mm] -> (nil)
AscendC: [_ZN7AscendC5fifr1EPsS0_mm4bm_t] -> (nil)
AscendC: [_ZN7AscendC5fifr1EPsS0_8w_size_thhhaaaaaaaaaahh4bm_t] -> (nil)
AscendC: [_ZN7AscendC5fifr1EPsS0_8w_size_thhhaaaaaaaaaahh] -> (nil)
AscendC: [_ZN7AscendC5fifr1EPsPamm] -> (nil)
AscendC: [_ZN7AscendC5fifr1EPsPamm4bm_t] -> (nil)
AscendC: [_ZN7AscendC5fifr1EPsPa8w_size_thhhaaaaaaaaaahh4bm_t] -> (nil)
AscendC: [_ZN7AscendC5fifr1EPsPa8w_size_thhhaaaaaaaaaahh] -> (nil)
AscendC: [_ZN7AscendC5fifr1EPsPtmm] -> (nil)
AscendC: [_ZN7AscendC5fifr1EPsPtmm4bm_t] -> (nil)
AscendC: [_ZN7AscendC5fifr1EPsPt8w_size_thhhaaaaaaaaaahh4bm_t] -> (nil)
AscendC: [_ZN7AscendC5fifr1EPsPt8w_size_thhhaaaaaaaaaahh] -> (nil)
AscendC: [_ZN7AscendC5fifr1EPsPhmm] -> (nil)
AscendC: [_ZN7AscendC5fifr1EPsPhmm4bm_t] -> (nil)
AscendC: [_ZN7AscendC5fifr1EPsPh8w_size_thhhaaaaaaaaaahh4bm_t] -> (nil)
AscendC: [_ZN7AscendC5fifr1EPsPh8w_size_thhhaaaaaaaaaahh] -> (nil)
AscendC: [_ZN7AscendC26fix_depthwisein_cc_to_cbufEPaPimm] -> (nil)
AscendC: [_ZN7AscendC26fix_depthwisein_cc_to_cbufEPaPi11unit_flag_thtttt13ConvReluFix_tb6Relu_tbS4_6Pool_t5Req_t10DualMode_ttt] -> (nil)
AscendC: [_ZN7AscendC26fix_depthwisein_cc_to_cbufEPhPimm] -> (nil)
AscendC: [_ZN7AscendC26fix_depthwisein_cc_to_cbufEPhPi11unit_flag_thtttt13ConvReluFix_tb6Relu_tbS4_6Pool_t5Req_t10DualMode_ttt] -> (nil)
AscendC: [_ZN7AscendC26fix_depthwisein_cc_to_ubufEPaPimm] -> (nil)
AscendC: [_ZN7AscendC26fix_depthwisein_cc_to_ubufEPaPi11unit_flag_thtttt13ConvReluFix_tb6Relu_tbS4_6Pool_t5Req_t10DualMode_ttt] -> (nil)
AscendC: [_ZN7AscendC26fix_depthwisein_cc_to_ubufEPhPimm] -> (nil)
AscendC: [_ZN7AscendC26fix_depthwisein_cc_to_ubufEPhPi11unit_flag_thtttt13ConvReluFix_tb6Relu_tbS4_6Pool_t5Req_t10DualMode_ttt] -> (nil)
AscendC: [_ZN7AscendC27fix_depthwiseout_cc_to_cbufEPaPimm] -> (nil)
AscendC: [_ZN7AscendC27fix_depthwiseout_cc_to_cbufEPaPi11unit_flag_thtttt13ConvReluFix_tb6Relu_tbS4_6Pool_t5Req_t10DualMode_ttt] -> (nil)
AscendC: [_ZN7AscendC27fix_depthwiseout_cc_to_cbufEPhPimm] -> (nil)
AscendC: [_ZN7AscendC27fix_depthwiseout_cc_to_cbufEPhPi11unit_flag_thtttt13ConvReluFix_tb6Relu_tbS4_6Pool_t5Req_t10DualMode_ttt] -> (nil)
AscendC: [_ZN7AscendC21fix_matrix_cc_to_cbufEPN7float165Fp16TES2_mm] -> (nil)
AscendC: [_ZN7AscendC21fix_matrix_cc_to_cbufEPaPN7float165Fp16TEmm] -> (nil)
AscendC: [_ZN7AscendC21fix_matrix_cc_to_cbufEPaPN7float165Fp16TE11unit_flag_thtttt13ConvReluFix_tb6Relu_tbS6_6Pool_t5Req_t10DualMode_ttt] -> (nil)
AscendC: [_ZN7AscendC21fix_matrix_cc_to_cbufEPhPN7float165Fp16TEmm] -> (nil)
AscendC: [_ZN7AscendC21fix_matrix_cc_to_cbufEPhPN7float165Fp16TE11unit_flag_thtttt13ConvReluFix_tb6Relu_tbS6_6Pool_t5Req_t10DualMode_ttt] -> (nil)
AscendC: [_ZN7AscendC21fix_matrix_cc_to_cbufEPN7float165Fp16TES2_11unit_flag_thtttt13ConvReluFix_tb6Relu_tbS5_6Pool_t5Req_t10DualMode_ttt] -> (nil)
AscendC: [_ZN7AscendC21fix_matrix_cc_to_cbufEPiS0_mm] -> (nil)
AscendC: [_ZN7AscendC21fix_matrix_cc_to_cbufEPN7float165Fp16TEPimm] -> (nil)
AscendC: [_ZN7AscendC21fix_matrix_cc_to_cbufEPN7float165Fp16TEPi11unit_flag_thtttt13ConvReluFix_tb6Relu_tbS6_6Pool_t5Req_t10DualMode_ttt] -> (nil)
AscendC: [_ZN7AscendC21fix_matrix_cc_to_cbufEPsPimm] -> (nil)
AscendC: [_ZN7AscendC21fix_matrix_cc_to_cbufEPsPi11unit_flag_thtttt13ConvReluFix_tb6Relu_tbS4_6Pool_t5Req_t10DualMode_ttt] -> (nil)
AscendC: [_ZN7AscendC21fix_matrix_cc_to_cbufEPaPimm] -> (nil)
AscendC: [_ZN7AscendC21fix_matrix_cc_to_cbufEPaPi11unit_flag_thtttt13ConvReluFix_tb6Relu_tbS4_6Pool_t5Req_t10DualMode_ttt] -> (nil)
AscendC: [_ZN7AscendC21fix_matrix_cc_to_cbufEPhPimm] -> (nil)
AscendC: [_ZN7AscendC21fix_matrix_cc_to_cbufEPhPi11unit_flag_thtttt13ConvReluFix_tb6Relu_tbS4_6Pool_t5Req_t10DualMode_ttt] -> (nil)
AscendC: [_ZN7AscendC21fix_matrix_cc_to_cbufEPiS0_11unit_flag_thtttt13ConvReluFix_tb6Relu_tbS3_6Pool_t5Req_t10DualMode_ttt] -> (nil)
AscendC: [_ZN7AscendC21fix_matrix_cc_to_ubufEPN7float165Fp16TES2_mm] -> (nil)
AscendC: [_ZN7AscendC21fix_matrix_cc_to_ubufEPN7float165Fp16TES2_11unit_flag_thtttt13ConvReluFix_tb6Relu_tbS5_6Pool_t5Req_t10DualMode_ttt] -> (nil)
AscendC: [_ZN7AscendC21fix_matrix_cc_to_ubufEPN7float165Fp16TEPimm] -> (nil)
AscendC: [_ZN7AscendC21fix_matrix_cc_to_ubufEPN7float165Fp16TEPi11unit_flag_thtttt13ConvReluFix_tb6Relu_tbS6_6Pool_t5Req_t10DualMode_ttt] -> (nil)
AscendC: [_ZN7AscendC21fix_matrix_cc_to_ubufEPsPimm] -> (nil)
AscendC: [_ZN7AscendC21fix_matrix_cc_to_ubufEPsPi11unit_flag_thtttt13ConvReluFix_tb6Relu_tbS4_6Pool_t5Req_t10DualMode_ttt] -> (nil)
AscendC: [_ZN7AscendC21fix_matrix_cc_to_ubufEPiS0_mm] -> (nil)
AscendC: [_ZN7AscendC21fix_matrix_cc_to_ubufEPiS0_11unit_flag_thtttt13ConvReluFix_tb6Relu_tbS3_6Pool_t5Req_t10DualMode_ttt] -> (nil)
AscendC: [_ZN7AscendC21fix_matrix_cc_to_ubufEPaPimm] -> (nil)
AscendC: [_ZN7AscendC21fix_matrix_cc_to_ubufEPaPi11unit_flag_thtttt13ConvReluFix_tb6Relu_tbS4_6Pool_t5Req_t10DualMode_ttt] -> (nil)
AscendC: [_ZN7AscendC21fix_matrix_cc_to_ubufEPhPimm] -> (nil)
AscendC: [_ZN7AscendC21fix_matrix_cc_to_ubufEPhPi11unit_flag_thtttt13ConvReluFix_tb6Relu_tbS4_6Pool_t5Req_t10DualMode_ttt] -> (nil)
AscendC: [_ZN7AscendC23fix_winograd_cc_to_cbufEPiS0_mm] -> (nil)
AscendC: [_ZN7AscendC23fix_winograd_cc_to_cbufEPN7float165Fp16TEPimm] -> (nil)
AscendC: [_ZN7AscendC23fix_winograd_cc_to_cbufEPN7float165Fp16TEPi11unit_flag_thtttt13ConvReluFix_tb6Relu_tbS6_6Pool_t5Req_t10DualMode_ttt] -> (nil)
AscendC: [_ZN7AscendC23fix_winograd_cc_to_cbufEPsPimm] -> (nil)
AscendC: [_ZN7AscendC23fix_winograd_cc_to_cbufEPsPi11unit_flag_thtttt13ConvReluFix_tb6Relu_tbS4_6Pool_t5Req_t10DualMode_ttt] -> (nil)
AscendC: [_ZN7AscendC23fix_winograd_cc_to_cbufEPaPimm] -> (nil)
AscendC: [_ZN7AscendC23fix_winograd_cc_to_cbufEPaPi11unit_flag_thtttt13ConvReluFix_tb6Relu_tbS4_6Pool_t5Req_t10DualMode_ttt] -> (nil)
AscendC: [_ZN7AscendC23fix_winograd_cc_to_cbufEPhPimm] -> (nil)
AscendC: [_ZN7AscendC23fix_winograd_cc_to_cbufEPhPi11unit_flag_thtttt13ConvReluFix_tb6Relu_tbS4_6Pool_t5Req_t10DualMode_ttt] -> (nil)
AscendC: [_ZN7AscendC23fix_winograd_cc_to_cbufEPiS0_11unit_flag_thtttt13ConvReluFix_tb6Relu_tbS3_6Pool_t5Req_t10DualMode_ttt] -> (nil)
AscendC: [_ZN7AscendC23fix_winograd_cc_to_ubufEPiS0_mm] -> (nil)
AscendC: [_ZN7AscendC23fix_winograd_cc_to_ubufEPN7float165Fp16TEPimm] -> (nil)
AscendC: [_ZN7AscendC23fix_winograd_cc_to_ubufEPN7float165Fp16TEPi11unit_flag_thtttt13ConvReluFix_tb6Relu_tbS6_6Pool_t5Req_t10DualMode_ttt] -> (nil)
AscendC: [_ZN7AscendC23fix_winograd_cc_to_ubufEPsPimm] -> (nil)
AscendC: [_ZN7AscendC23fix_winograd_cc_to_ubufEPsPi11unit_flag_thtttt13ConvReluFix_tb6Relu_tbS4_6Pool_t5Req_t10DualMode_ttt] -> (nil)
AscendC: [_ZN7AscendC23fix_winograd_cc_to_ubufEPaPimm] -> (nil)
AscendC: [_ZN7AscendC23fix_winograd_cc_to_ubufEPaPi11unit_flag_thtttt13ConvReluFix_tb6Relu_tbS4_6Pool_t5Req_t10DualMode_ttt] -> (nil)
AscendC: [_ZN7AscendC23fix_winograd_cc_to_ubufEPhPimm] -> (nil)
AscendC: [_ZN7AscendC23fix_winograd_cc_to_ubufEPhPi11unit_flag_thtttt13ConvReluFix_tb6Relu_tbS4_6Pool_t5Req_t10DualMode_ttt] -> (nil)
AscendC: [_ZN7AscendC23fix_winograd_cc_to_ubufEPiS0_11unit_flag_thtttt13ConvReluFix_tb6Relu_tbS3_6Pool_t5Req_t10DualMode_ttt] -> (nil)
AscendC: [_ZN7AscendC4fmaxEPhS0_m] -> (nil)
AscendC: [_ZN7AscendC4fmaxEPhS0_8w_size_thhhaaaaa] -> (nil)
AscendC: [_ZN7AscendC4fminEPhS0_m] -> (nil)
AscendC: [_ZN7AscendC4fminEPhS0_8w_size_thhhaaaaa] -> (nil)
AscendC: [_ZN7AscendC11get_acc_valEv] -> 0xffff8e325898
AscendC: [_ZN7AscendC6get_arEv] -> 0xffff8e325738
AscendC: [_ZN7AscendC12get_arch_verEv] -> 0xffff8e326c68
AscendC: [_ZN7AscendC13get_block_idxEv] -> 0xffff8e3267e0
AscendC: [_ZN7AscendC13get_block_numEv] -> 0xffff8e326818
AscendC: [_ZN7AscendC11get_cmpmaskEPv] -> 0xffff8e325cb8
AscendC: [_ZN7AscendC8get_condEv] -> 0xffff8e324cc8
AscendC: [_ZN7AscendC18get_condition_flagEv] -> 0xffff8e324e28
AscendC: [_ZN7AscendC10get_coreidEv] -> (nil)
AscendC: [_ZN7AscendC8get_ctrlEv] -> 0xffff8e324f88
AscendC: [_ZN7AscendC18get_data_main_baseEv] -> (nil)
AscendC: [_ZN7AscendC13get_data_sizeEv] -> (nil)
AscendC: [_ZN7AscendC16get_data_ub_baseEv] -> (nil)
AscendC: [_ZN7AscendC18get_ffts_base_addrEv] -> (nil)
AscendC: [_ZN7AscendC7get_fpcEv] -> (nil)
AscendC: [_ZN7AscendC17get_icache_prl_stEv] -> 0xffff8e327188
AscendC: [_ZN7AscendC7get_immEm] -> (nil)
AscendC: [_ZN7AscendC7get_immEmm] -> (nil)
AscendC: [_ZN7AscendC7get_immEmmm] -> (nil)
AscendC: [_ZN7AscendC7get_immEmmmm] -> (nil)
AscendC: [_ZN7AscendC9get_k_numEv] -> (nil)
AscendC: [_ZN7AscendC14get_l2_in_mainEv] -> (nil)
AscendC: [_ZN7AscendC17get_l2_vaddr_baseEv] -> (nil)
AscendC: [_ZN7AscendC9get_lpcntEv] -> (nil)
AscendC: [_ZN7AscendC15get_max_min_cntEv] -> 0xffff8e325b58
AscendC: [_ZN7AscendC19get_overflow_statusEv] -> (nil)
AscendC: [_ZN7AscendC13get_para_baseEv] -> (nil)
AscendC: [_ZN7AscendC6get_pcEv] -> 0xffff8e326dc8
AscendC: [_ZN7AscendC14get_rpn_cor_irEv] -> (nil)
AscendC: [_ZN7AscendC12get_rsvd_cntEv] -> 0xffff8e3255d8
AscendC: [_ZN7AscendC19get_safety_crc_dataEv] -> (nil)
AscendC: [_ZN7AscendC17get_safety_crc_enEv] -> (nil)
AscendC: [_ZN7AscendC16get_smmu_tag_verEv] -> (nil)
AscendC: [_ZN7AscendC17get_st_atomic_cfgEv] -> 0xffff8e3259f8
AscendC: [_ZN7AscendC18get_stack_phy_baseEv] -> (nil)
AscendC: [_ZN7AscendC10get_statusEv] -> (nil)
AscendC: [_ZN7AscendC15get_subblockdimEv] -> (nil)
AscendC: [_ZN7AscendC14get_subblockidEv] -> (nil)
AscendC: [_ZN7AscendC11get_sys_cntEv] -> (nil)
AscendC: [_ZN7AscendC15get_sys_va_baseEv] -> (nil)
AscendC: [_ZN7AscendC14get_thread_dimEv] -> (nil)
AscendC: [_ZN7AscendC13get_thread_idEv] -> (nil)
AscendC: [_ZN7AscendC6get_vlEv] -> (nil)
AscendC: [_ZN7AscendC11get_vms4_srEv] -> 0xffff8e325478
AscendC: [_ZN7AscendC15hebcd_out_to_ubEPvS0_S0_m] -> (nil)
AscendC: [_ZN7AscendC15hebcd_out_to_ubEPvS0_S0_hhbbhttht] -> (nil)
AscendC: [_ZN7AscendC15hebce_l1_to_outEPvS0_S0_m] -> (nil)
AscendC: [_ZN7AscendC15hebce_l1_to_outEPvS0_S0_bbhhbbhttht] -> (nil)
AscendC: [_ZN7AscendC15hebce_ub_to_outEPvS0_S0_m] -> (nil)
AscendC: [_ZN7AscendC15hebce_ub_to_outEPvS0_S0_bbhhbbhttht] -> (nil)
AscendC: [_ZN7AscendC9hset_flagE6pipe_tS0_7event_t5mem_tb] -> 0xffff8e327e48
AscendC: [_ZN7AscendC9hset_flagE6pipe_tS0_m5mem_tb] -> (nil)
AscendC: [_ZN7AscendC10hwait_flagE6pipe_tS0_7event_t5mem_tb] -> 0xffff8e327bf8
AscendC: [_ZN7AscendC10hwait_flagE6pipe_tS0_m5mem_tb] -> (nil)
AscendC: [_ZN7AscendC18img2col_cbuf_to_caEPN7float165Fp16TES2_mm7csize_t] -> (nil)
AscendC: [_ZN7AscendC18img2col_cbuf_to_caEPN7float165Fp16TES2_hhssthhhhhhhhh7csize_t] -> 0xffff8e36cfc0
AscendC: [_ZN7AscendC18img2col_cbuf_to_caEPaS0_mm7csize_t] -> (nil)
AscendC: [_ZN7AscendC18img2col_cbuf_to_caEPaS0_hhssthhhhhhhhh7csize_t] -> 0xffff8e36c930
AscendC: [_ZN7AscendC18img2col_cbuf_to_caEPhS0_mm7csize_t] -> (nil)
AscendC: [_ZN7AscendC18img2col_cbuf_to_caEPhS0_hhssthhhhhhhhh7csize_t] -> 0xffff8e36c2a0
AscendC: [_ZN7AscendC18img2col_cbuf_to_cbEPN7float165Fp16TES2_mm7csize_t] -> (nil)
AscendC: [_ZN7AscendC18img2col_cbuf_to_cbEPN7float165Fp16TES2_hhssthhhhhhhhh7csize_t] -> 0xffff8e36d240
AscendC: [_ZN7AscendC18img2col_cbuf_to_cbEPaS0_mm7csize_t] -> (nil)
AscendC: [_ZN7AscendC18img2col_cbuf_to_cbEPaS0_hhssthhhhhhhhh7csize_t] -> 0xffff8e36cb60
AscendC: [_ZN7AscendC18img2col_cbuf_to_cbEPhS0_mm7csize_t] -> (nil)
AscendC: [_ZN7AscendC18img2col_cbuf_to_cbEPhS0_hhssthhhhhhhhh7csize_t] -> 0xffff8e36c4d0
AscendC: [_ZN7AscendC18img2col_cbuf_to_ubEPN7float165Fp16TES2_mm7csize_t] -> (nil)
AscendC: [_ZN7AscendC18img2col_cbuf_to_ubEPN7float165Fp16TES2_hhssthhhhhhhhh7csize_t] -> 0xffff8e36d4c0
AscendC: [_ZN7AscendC18img2col_cbuf_to_ubEPaS0_mm7csize_t] -> (nil)
AscendC: [_ZN7AscendC18img2col_cbuf_to_ubEPaS0_hhssthhhhhhhhh7csize_t] -> 0xffff8e36cd90
AscendC: [_ZN7AscendC18img2col_cbuf_to_ubEPhS0_mm7csize_t] -> (nil)
AscendC: [_ZN7AscendC18img2col_cbuf_to_ubEPhS0_hhssthhhhhhhhh7csize_t] -> 0xffff8e36c700
AscendC: [_ZN7AscendC20img2colv2_cbuf_to_caEPN7float165Fp16TES2_mm] -> (nil)
AscendC: [_ZN7AscendC20img2colv2_cbuf_to_caEPN7float165Fp16TES2_mm4bm_t] -> (nil)
AscendC: [_ZN7AscendC20img2colv2_cbuf_to_caEPN7float165Fp16TES2_tttthhhhhhbt] -> (nil)
AscendC: [_ZN7AscendC20img2colv2_cbuf_to_caEPN7float165Fp16TES2_tttthhhhhhbt4bm_t] -> (nil)
AscendC: [_ZN7AscendC20img2colv2_cbuf_to_caEPN7float165Fp16TES2_tttthhhhhhbbbbt] -> 0xffff8e36dc90
AscendC: [_ZN7AscendC20img2colv2_cbuf_to_caEPN8bfloat165Bf16TES2_mm] -> (nil)
AscendC: [_ZN7AscendC20img2colv2_cbuf_to_caEPN8bfloat165Bf16TES2_mm4bm_t] -> (nil)
AscendC: [_ZN7AscendC20img2colv2_cbuf_to_caEPN8bfloat165Bf16TES2_tttthhhhhhbt] -> (nil)
AscendC: [_ZN7AscendC20img2colv2_cbuf_to_caEPN8bfloat165Bf16TES2_tttthhhhhhbt4bm_t] -> (nil)
AscendC: [_ZN7AscendC20img2colv2_cbuf_to_caEPN8bfloat165Bf16TES2_tttthhhhhhbbbbt] -> 0xffff8e36d740
AscendC: [_ZN7AscendC20img2colv2_cbuf_to_caEPfS0_mm] -> (nil)
AscendC: [_ZN7AscendC20img2colv2_cbuf_to_caEPfS0_mm4bm_t] -> (nil)
AscendC: [_ZN7AscendC20img2colv2_cbuf_to_caEPfS0_tttthhhhhhbt] -> (nil)
AscendC: [_ZN7AscendC20img2colv2_cbuf_to_caEPfS0_tttthhhhhhbt4bm_t] -> (nil)
AscendC: [_ZN7AscendC20img2colv2_cbuf_to_caEPfS0_tttthhhhhhbbbbt] -> 0xffff8e36e1e0
AscendC: [_ZN7AscendC20img2colv2_cbuf_to_caEPiS0_mm] -> (nil)
AscendC: [_ZN7AscendC20img2colv2_cbuf_to_caEPiS0_mm4bm_t] -> (nil)
AscendC: [_ZN7AscendC20img2colv2_cbuf_to_caEPiS0_tttthhhhhhbt] -> (nil)
AscendC: [_ZN7AscendC20img2colv2_cbuf_to_caEPiS0_tttthhhhhhbt4bm_t] -> (nil)
AscendC: [_ZN7AscendC20img2colv2_cbuf_to_caEPiS0_tttthhhhhhbbbbt] -> 0xffff8e36eaa0
AscendC: [_ZN7AscendC20img2colv2_cbuf_to_caEPaS0_mm] -> (nil)
AscendC: [_ZN7AscendC20img2colv2_cbuf_to_caEPaS0_mm4bm_t] -> (nil)
AscendC: [_ZN7AscendC20img2colv2_cbuf_to_caEPaS0_tttthhhhhhbt] -> (nil)
AscendC: [_ZN7AscendC20img2colv2_cbuf_to_caEPaS0_tttthhhhhhbt4bm_t] -> (nil)
AscendC: [_ZN7AscendC20img2colv2_cbuf_to_caEPaS0_tttthhhhhhbbbbt] -> 0xffff8e36f130
AscendC: [_ZN7AscendC20img2colv2_cbuf_to_caEPjS0_mm] -> (nil)
AscendC: [_ZN7AscendC20img2colv2_cbuf_to_caEPjS0_mm4bm_t] -> (nil)
AscendC: [_ZN7AscendC20img2colv2_cbuf_to_caEPjS0_tttthhhhhhbt] -> (nil)
AscendC: [_ZN7AscendC20img2colv2_cbuf_to_caEPjS0_tttthhhhhhbt4bm_t] -> (nil)
AscendC: [_ZN7AscendC20img2colv2_cbuf_to_caEPjS0_tttthhhhhhbbbbt] -> 0xffff8e36e640
AscendC: [_ZN7AscendC20img2colv2_cbuf_to_caEPhS0_mm] -> (nil)
AscendC: [_ZN7AscendC20img2colv2_cbuf_to_caEPhS0_mm4bm_t] -> (nil)
AscendC: [_ZN7AscendC20img2colv2_cbuf_to_caEPhS0_tttthhhhhhbt] -> (nil)
AscendC: [_ZN7AscendC20img2colv2_cbuf_to_caEPhS0_tttthhhhhhbt4bm_t] -> (nil)
AscendC: [_ZN7AscendC20img2colv2_cbuf_to_caEPhS0_tttthhhhhhbbbbt] -> 0xffff8e36ef00
AscendC: [_ZN7AscendC23img2colv2_cbuf_to_ca_s4EPvS0_mm] -> (nil)
AscendC: [_ZN7AscendC23img2colv2_cbuf_to_ca_s4EPvS0_mm4bm_t] -> (nil)
AscendC: [_ZN7AscendC23img2colv2_cbuf_to_ca_s4EPvS0_tttthhhhhhbt] -> (nil)
AscendC: [_ZN7AscendC23img2colv2_cbuf_to_ca_s4EPvS0_tttthhhhhhbt4bm_t] -> (nil)
AscendC: [_ZN7AscendC23img2colv2_cbuf_to_ca_s4EPvS0_tttthhhhhhbbbbt] -> 0xffff8e36fb20
AscendC: [_ZN7AscendC20img2colv2_cbuf_to_cbEPN7float165Fp16TES2_mm] -> (nil)
AscendC: [_ZN7AscendC20img2colv2_cbuf_to_cbEPN7float165Fp16TES2_mm4bm_t] -> (nil)
AscendC: [_ZN7AscendC20img2colv2_cbuf_to_cbEPN7float165Fp16TES2_tttthhhhhhbt] -> (nil)
AscendC: [_ZN7AscendC20img2colv2_cbuf_to_cbEPN7float165Fp16TES2_tttthhhhhhbt4bm_t] -> (nil)
AscendC: [_ZN7AscendC20img2colv2_cbuf_to_cbEPN7float165Fp16TES2_tttthhhhhhbbbbt] -> 0xffff8e36df38
AscendC: [_ZN7AscendC20img2colv2_cbuf_to_cbEPN8bfloat165Bf16TES2_mm] -> (nil)
AscendC: [_ZN7AscendC20img2colv2_cbuf_to_cbEPN8bfloat165Bf16TES2_mm4bm_t] -> (nil)
AscendC: [_ZN7AscendC20img2colv2_cbuf_to_cbEPN8bfloat165Bf16TES2_tttthhhhhhbt] -> (nil)
AscendC: [_ZN7AscendC20img2colv2_cbuf_to_cbEPN8bfloat165Bf16TES2_tttthhhhhhbt4bm_t] -> (nil)
AscendC: [_ZN7AscendC20img2colv2_cbuf_to_cbEPN8bfloat165Bf16TES2_tttthhhhhhbbbbt] -> 0xffff8e36d9e8
AscendC: [_ZN7AscendC20img2colv2_cbuf_to_cbEPfS0_mm] -> (nil)
AscendC: [_ZN7AscendC20img2colv2_cbuf_to_cbEPfS0_mm4bm_t] -> (nil)
AscendC: [_ZN7AscendC20img2colv2_cbuf_to_cbEPfS0_tttthhhhhhbt] -> (nil)
AscendC: [_ZN7AscendC20img2colv2_cbuf_to_cbEPfS0_tttthhhhhhbt4bm_t] -> (nil)
AscendC: [_ZN7AscendC20img2colv2_cbuf_to_cbEPfS0_tttthhhhhhbbbbt] -> 0xffff8e36e410
AscendC: [_ZN7AscendC20img2colv2_cbuf_to_cbEPiS0_mm] -> (nil)
AscendC: [_ZN7AscendC20img2colv2_cbuf_to_cbEPiS0_mm4bm_t] -> (nil)
AscendC: [_ZN7AscendC20img2colv2_cbuf_to_cbEPiS0_tttthhhhhhbt] -> (nil)
AscendC: [_ZN7AscendC20img2colv2_cbuf_to_cbEPiS0_tttthhhhhhbt4bm_t] -> (nil)
AscendC: [_ZN7AscendC20img2colv2_cbuf_to_cbEPiS0_tttthhhhhhbbbbt] -> 0xffff8e36ecd0
AscendC: [_ZN7AscendC20img2colv2_cbuf_to_cbEPaS0_mm] -> (nil)
AscendC: [_ZN7AscendC20img2colv2_cbuf_to_cbEPaS0_mm4bm_t] -> (nil)
AscendC: [_ZN7AscendC20img2colv2_cbuf_to_cbEPaS0_tttthhhhhhbt] -> (nil)
AscendC: [_ZN7AscendC20img2colv2_cbuf_to_cbEPaS0_tttthhhhhhbt4bm_t] -> (nil)
AscendC: [_ZN7AscendC20img2colv2_cbuf_to_cbEPaS0_tttthhhhhhbbbbt] -> (nil)
AscendC: [_ZN7AscendC20img2colv2_cbuf_to_cbEPjS0_mm] -> (nil)
AscendC: [_ZN7AscendC20img2colv2_cbuf_to_cbEPjS0_mm4bm_t] -> (nil)
AscendC: [_ZN7AscendC20img2colv2_cbuf_to_cbEPjS0_tttthhhhhhbt] -> (nil)
AscendC: [_ZN7AscendC20img2colv2_cbuf_to_cbEPjS0_tttthhhhhhbt4bm_t] -> (nil)
AscendC: [_ZN7AscendC20img2colv2_cbuf_to_cbEPjS0_tttthhhhhhbbbbt] -> 0xffff8e36e870
AscendC: [_ZN7AscendC20img2colv2_cbuf_to_cbEPhS0_mm] -> (nil)
AscendC: [_ZN7AscendC20img2colv2_cbuf_to_cbEPhS0_mm4bm_t] -> (nil)
AscendC: [_ZN7AscendC20img2colv2_cbuf_to_cbEPhS0_tttthhhhhhbt] -> (nil)
AscendC: [_ZN7AscendC20img2colv2_cbuf_to_cbEPhS0_tttthhhhhhbt4bm_t] -> (nil)
AscendC: [_ZN7AscendC20img2colv2_cbuf_to_cbEPhS0_tttthhhhhhbbbbt] -> (nil)
AscendC: [_ZN7AscendC23img2colv2_cbuf_to_cb_s4EPvS0_mm] -> (nil)
AscendC: [_ZN7AscendC23img2colv2_cbuf_to_cb_s4EPvS0_mm4bm_t] -> (nil)
AscendC: [_ZN7AscendC23img2colv2_cbuf_to_cb_s4EPvS0_tttthhhhhhbt] -> (nil)
AscendC: [_ZN7AscendC23img2colv2_cbuf_to_cb_s4EPvS0_tttthhhhhhbt4bm_t] -> (nil)
AscendC: [_ZN7AscendC23img2colv2_cbuf_to_cb_s4EPvS0_tttthhhhhhbbbbt] -> (nil)
AscendC: [_ZN7AscendC20img2colv2_cbuf_to_ubEPN7float165Fp16TES2_mm] -> (nil)
AscendC: [_ZN7AscendC20img2colv2_cbuf_to_ubEPN7float165Fp16TES2_mm4bm_t] -> (nil)
AscendC: [_ZN7AscendC20img2colv2_cbuf_to_ubEPN7float165Fp16TES2_tttthhhhhhbt] -> (nil)
AscendC: [_ZN7AscendC20img2colv2_cbuf_to_ubEPN7float165Fp16TES2_tttthhhhhhbt4bm_t] -> (nil)
AscendC: [_ZN7AscendC20img2colv2_cbuf_to_ubEPN7float165Fp16TES2_tttthhhhhhbbbbt] -> (nil)
AscendC: [_ZN7AscendC20img2colv2_cbuf_to_ubEPfS0_mm] -> (nil)
AscendC: [_ZN7AscendC20img2colv2_cbuf_to_ubEPfS0_mm4bm_t] -> (nil)
AscendC: [_ZN7AscendC20img2colv2_cbuf_to_ubEPfS0_tttthhhhhhbt] -> (nil)
AscendC: [_ZN7AscendC20img2colv2_cbuf_to_ubEPfS0_tttthhhhhhbt4bm_t] -> (nil)
AscendC: [_ZN7AscendC20img2colv2_cbuf_to_ubEPfS0_tttthhhhhhbbbbt] -> (nil)
AscendC: [_ZN7AscendC20img2colv2_cbuf_to_ubEPiS0_mm] -> (nil)
AscendC: [_ZN7AscendC20img2colv2_cbuf_to_ubEPiS0_mm4bm_t] -> (nil)
AscendC: [_ZN7AscendC20img2colv2_cbuf_to_ubEPiS0_tttthhhhhhbt] -> (nil)
AscendC: [_ZN7AscendC20img2colv2_cbuf_to_ubEPiS0_tttthhhhhhbt4bm_t] -> (nil)
AscendC: [_ZN7AscendC20img2colv2_cbuf_to_ubEPiS0_tttthhhhhhbbbbt] -> (nil)
AscendC: [_ZN7AscendC20img2colv2_cbuf_to_ubEPaS0_mm] -> (nil)
AscendC: [_ZN7AscendC20img2colv2_cbuf_to_ubEPaS0_mm4bm_t] -> (nil)
AscendC: [_ZN7AscendC20img2colv2_cbuf_to_ubEPaS0_tttthhhhhhbt] -> (nil)
AscendC: [_ZN7AscendC20img2colv2_cbuf_to_ubEPaS0_tttthhhhhhbt4bm_t] -> (nil)
AscendC: [_ZN7AscendC20img2colv2_cbuf_to_ubEPaS0_tttthhhhhhbbbbt] -> (nil)
AscendC: [_ZN7AscendC20img2colv2_cbuf_to_ubEPjS0_mm] -> (nil)
AscendC: [_ZN7AscendC20img2colv2_cbuf_to_ubEPjS0_mm4bm_t] -> (nil)
AscendC: [_ZN7AscendC20img2colv2_cbuf_to_ubEPjS0_tttthhhhhhbt] -> (nil)
AscendC: [_ZN7AscendC20img2colv2_cbuf_to_ubEPjS0_tttthhhhhhbt4bm_t] -> (nil)
AscendC: [_ZN7AscendC20img2colv2_cbuf_to_ubEPjS0_tttthhhhhhbbbbt] -> (nil)
AscendC: [_ZN7AscendC20img2colv2_cbuf_to_ubEPhS0_mm] -> (nil)
AscendC: [_ZN7AscendC20img2colv2_cbuf_to_ubEPhS0_mm4bm_t] -> (nil)
AscendC: [_ZN7AscendC20img2colv2_cbuf_to_ubEPhS0_tttthhhhhhbt] -> (nil)
AscendC: [_ZN7AscendC20img2colv2_cbuf_to_ubEPhS0_tttthhhhhhbt4bm_t] -> (nil)
AscendC: [_ZN7AscendC20img2colv2_cbuf_to_ubEPhS0_tttthhhhhhbbbbt] -> (nil)
AscendC: [_ZN7AscendC23img2colv2_cbuf_to_ub_s4EPvS0_mm] -> (nil)
AscendC: [_ZN7AscendC23img2colv2_cbuf_to_ub_s4EPvS0_mm4bm_t] -> (nil)
AscendC: [_ZN7AscendC23img2colv2_cbuf_to_ub_s4EPvS0_tttthhhhhhbt] -> (nil)
AscendC: [_ZN7AscendC23img2colv2_cbuf_to_ub_s4EPvS0_tttthhhhhhbt4bm_t] -> (nil)
AscendC: [_ZN7AscendC23img2colv2_cbuf_to_ub_s4EPvS0_tttthhhhhhbbbbt] -> (nil)
AscendC: [_ZN7AscendC10insert_immEmhhb] -> (nil)
AscendC: [_ZN7AscendC10insert_regEmmhh] -> (nil)
AscendC: [_ZN7AscendC6ld_devEPts] -> (nil)
AscendC: [_ZN7AscendC6ld_devEPjs] -> (nil)
AscendC: [_ZN7AscendC6ld_devEPms] -> (nil)
AscendC: [_ZN7AscendC6ld_devEPhs] -> (nil)
AscendC: [_ZN7AscendC4ldvaE10ub_addr8_tmb] -> (nil)
AscendC: [_ZN7AscendC15load_cbuf_to_caEPN8bfloat165Bf16TES2_mb] -> (nil)
AscendC: [_ZN7AscendC15load_cbuf_to_caEPN8bfloat165Bf16TES2_mb15addr_cal_mode_t] -> (nil)
AscendC: [_ZN7AscendC15load_cbuf_to_caEPN8bfloat165Bf16TES2_thtthb15addr_cal_mode_t] -> 0xffff8e368598
AscendC: [_ZN7AscendC15load_cbuf_to_caEPN8bfloat165Bf16TES2_thtthbb15addr_cal_mode_t] -> (nil)
AscendC: [_ZN7AscendC15load_cbuf_to_caEPN8bfloat165Bf16TES2_ththb] -> (nil)
AscendC: [_ZN7AscendC15load_cbuf_to_caEPN8bfloat165Bf16TES2_thttb15addr_cal_mode_t] -> (nil)
AscendC: [_ZN7AscendC15load_cbuf_to_caEPN8bfloat165Bf16TES2_mmb] -> (nil)
AscendC: [_ZN7AscendC15load_cbuf_to_caEPN8bfloat165Bf16TES2_tthhttb] -> (nil)
AscendC: [_ZN7AscendC15load_cbuf_to_caEPN7float165Fp16TES2_mb] -> (nil)
AscendC: [_ZN7AscendC15load_cbuf_to_caEPN7float165Fp16TES2_mb15addr_cal_mode_t] -> (nil)
AscendC: [_ZN7AscendC15load_cbuf_to_caEPN7float165Fp16TES2_thtthb15addr_cal_mode_t] -> 0xffff8e366578
AscendC: [_ZN7AscendC15load_cbuf_to_caEPN7float165Fp16TES2_thtthbb15addr_cal_mode_t] -> (nil)
AscendC: [_ZN7AscendC15load_cbuf_to_caEPN7float165Fp16TES2_ththb] -> (nil)
AscendC: [_ZN7AscendC15load_cbuf_to_caEPN7float165Fp16TES2_thttb15addr_cal_mode_t] -> (nil)
AscendC: [_ZN7AscendC15load_cbuf_to_caEPfS0_mb15addr_cal_mode_t] -> (nil)
AscendC: [_ZN7AscendC15load_cbuf_to_caEPfS0_thtthb15addr_cal_mode_t] -> 0xffff8e367d90
AscendC: [_ZN7AscendC15load_cbuf_to_caEPfS0_thtthbb15addr_cal_mode_t] -> (nil)
AscendC: [_ZN7AscendC15load_cbuf_to_caEPfS0_thttb15addr_cal_mode_t] -> (nil)
AscendC: [_ZN7AscendC15load_cbuf_to_caEPiS0_mb15addr_cal_mode_t] -> (nil)
AscendC: [_ZN7AscendC15load_cbuf_to_caEPiS0_thtthb15addr_cal_mode_t] -> 0xffff8e367588
AscendC: [_ZN7AscendC15load_cbuf_to_caEPiS0_thtthbb15addr_cal_mode_t] -> (nil)
AscendC: [_ZN7AscendC15load_cbuf_to_caEPiS0_thttb15addr_cal_mode_t] -> (nil)
AscendC: [_ZN7AscendC15load_cbuf_to_caEPaS0_mb] -> (nil)
AscendC: [_ZN7AscendC15load_cbuf_to_caEPaS0_mb15addr_cal_mode_t] -> (nil)
AscendC: [_ZN7AscendC15load_cbuf_to_caEPaS0_thtthb15addr_cal_mode_t] -> 0xffff8e364d60
AscendC: [_ZN7AscendC15load_cbuf_to_caEPaS0_thtthbb15addr_cal_mode_t] -> (nil)
AscendC: [_ZN7AscendC15load_cbuf_to_caEPaS0_ththb] -> (nil)
AscendC: [_ZN7AscendC15load_cbuf_to_caEPaS0_thttb15addr_cal_mode_t] -> (nil)
AscendC: [_ZN7AscendC15load_cbuf_to_caEPjS0_mb15addr_cal_mode_t] -> (nil)
AscendC: [_ZN7AscendC15load_cbuf_to_caEPjS0_thtthb15addr_cal_mode_t] -> 0xffff8e366d80
AscendC: [_ZN7AscendC15load_cbuf_to_caEPjS0_thtthbb15addr_cal_mode_t] -> (nil)
AscendC: [_ZN7AscendC15load_cbuf_to_caEPjS0_thttb15addr_cal_mode_t] -> (nil)
AscendC: [_ZN7AscendC15load_cbuf_to_caEPhS0_mb] -> (nil)
AscendC: [_ZN7AscendC15load_cbuf_to_caEPhS0_mb15addr_cal_mode_t] -> (nil)
AscendC: [_ZN7AscendC15load_cbuf_to_caEPhS0_thtthb15addr_cal_mode_t] -> 0xffff8e364558
AscendC: [_ZN7AscendC15load_cbuf_to_caEPhS0_thtthbb15addr_cal_mode_t] -> (nil)
AscendC: [_ZN7AscendC15load_cbuf_to_caEPhS0_ththb] -> (nil)
AscendC: [_ZN7AscendC15load_cbuf_to_caEPhS0_thttb15addr_cal_mode_t] -> (nil)
AscendC: [_ZN7AscendC15load_cbuf_to_caEPN7float165Fp16TES2_ththb15addr_cal_mode_t] -> (nil)
AscendC: [_ZN7AscendC15load_cbuf_to_caEPaS0_ththb15addr_cal_mode_t] -> (nil)
AscendC: [_ZN7AscendC15load_cbuf_to_caEPhS0_ththb15addr_cal_mode_t] -> (nil)
AscendC: [_ZN7AscendC18load_cbuf_to_ca_s4EPvS0_mb15addr_cal_mode_t] -> (nil)
AscendC: [_ZN7AscendC18load_cbuf_to_ca_s4EPvS0_thtthb15addr_cal_mode_t] -> 0xffff8e369b20
AscendC: [_ZN7AscendC18load_cbuf_to_ca_s4EPvS0_thtthbb15addr_cal_mode_t] -> (nil)
AscendC: [_ZN7AscendC25load_cbuf_to_ca_transposeEPN7float165Fp16TES2_mm] -> (nil)
AscendC: [_ZN7AscendC25load_cbuf_to_ca_transposeEPN7float165Fp16TES2_thttbt] -> 0xffff8e364248
AscendC: [_ZN7AscendC25load_cbuf_to_ca_transposeEPfS0_mm] -> (nil)
AscendC: [_ZN7AscendC25load_cbuf_to_ca_transposeEPfS0_thttbt] -> 0xffff8e363c28
AscendC: [_ZN7AscendC25load_cbuf_to_ca_transposeEPiS0_mm] -> (nil)
AscendC: [_ZN7AscendC25load_cbuf_to_ca_transposeEPiS0_thttbt] -> 0xffff8e363918
AscendC: [_ZN7AscendC25load_cbuf_to_ca_transposeEPaS0_mm] -> (nil)
AscendC: [_ZN7AscendC25load_cbuf_to_ca_transposeEPaS0_thttbt] -> 0xffff8e3632f8
AscendC: [_ZN7AscendC25load_cbuf_to_ca_transposeEPjS0_mm] -> (nil)
AscendC: [_ZN7AscendC25load_cbuf_to_ca_transposeEPjS0_thttbt] -> 0xffff8e363608
AscendC: [_ZN7AscendC25load_cbuf_to_ca_transposeEPhS0_mm] -> (nil)
AscendC: [_ZN7AscendC25load_cbuf_to_ca_transposeEPhS0_thttbt] -> 0xffff8e362fe8
AscendC: [_ZN7AscendC24load_cbuf_to_ca_winogradEPN7float165Fp16TES2_mm] -> (nil)
AscendC: [_ZN7AscendC24load_cbuf_to_ca_winogradEPN7float165Fp16TES2_ttthhhhtttt] -> (nil)
AscendC: [_ZN7AscendC24load_cbuf_to_ca_winogradEPaS0_mm] -> (nil)
AscendC: [_ZN7AscendC24load_cbuf_to_ca_winogradEPaS0_ttthhhhtttt] -> (nil)
AscendC: [_ZN7AscendC24load_cbuf_to_ca_winogradEPhS0_mm] -> (nil)
AscendC: [_ZN7AscendC24load_cbuf_to_ca_winogradEPhS0_ttthhhhtttt] -> (nil)
AscendC: [_ZN7AscendC27load_cbuf_to_ca_winograd_v2EPsS0_mm] -> (nil)
AscendC: [_ZN7AscendC27load_cbuf_to_ca_winograd_v2EPsS0_ttthhtttt] -> (nil)
AscendC: [_ZN7AscendC27load_cbuf_to_ca_winograd_v2EPsS0_ttthhttttb] -> (nil)
AscendC: [_ZN7AscendC27load_cbuf_to_ca_winograd_v2EPaS0_mm] -> (nil)
AscendC: [_ZN7AscendC27load_cbuf_to_ca_winograd_v2EPaS0_ttthhtttt] -> (nil)
AscendC: [_ZN7AscendC27load_cbuf_to_ca_winograd_v2EPaS0_ttthhttttb] -> (nil)
AscendC: [_ZN7AscendC27load_cbuf_to_ca_winograd_v2EPhS0_mm] -> (nil)
AscendC: [_ZN7AscendC27load_cbuf_to_ca_winograd_v2EPhS0_ttthhttttb] -> (nil)
AscendC: [_ZN7AscendC15load_cbuf_to_cbEPN8bfloat165Bf16TES2_mb] -> (nil)
AscendC: [_ZN7AscendC15load_cbuf_to_cbEPN8bfloat165Bf16TES2_mb15addr_cal_mode_t] -> (nil)
AscendC: [_ZN7AscendC15load_cbuf_to_cbEPN8bfloat165Bf16TES2_thtthb15addr_cal_mode_t] -> 0xffff8e368738
AscendC: [_ZN7AscendC15load_cbuf_to_cbEPN8bfloat165Bf16TES2_thtthbb15addr_cal_mode_t] -> (nil)
AscendC: [_ZN7AscendC15load_cbuf_to_cbEPN8bfloat165Bf16TES2_ththb] -> (nil)
AscendC: [_ZN7AscendC15load_cbuf_to_cbEPN8bfloat165Bf16TES2_thttb15addr_cal_mode_t] -> (nil)
AscendC: [_ZN7AscendC15load_cbuf_to_cbEPN8bfloat165Bf16TES2_mmb] -> (nil)
AscendC: [_ZN7AscendC15load_cbuf_to_cbEPN8bfloat165Bf16TES2_tthhttb] -> (nil)
AscendC: [_ZN7AscendC15load_cbuf_to_cbEPN7float165Fp16TES2_mb] -> (nil)
AscendC: [_ZN7AscendC15load_cbuf_to_cbEPN7float165Fp16TES2_mb15addr_cal_mode_t] -> (nil)
AscendC: [_ZN7AscendC15load_cbuf_to_cbEPN7float165Fp16TES2_thtthb15addr_cal_mode_t] -> 0xffff8e366718
AscendC: [_ZN7AscendC15load_cbuf_to_cbEPN7float165Fp16TES2_thtthbb15addr_cal_mode_t] -> (nil)
AscendC: [_ZN7AscendC15load_cbuf_to_cbEPN7float165Fp16TES2_ththb] -> (nil)
AscendC: [_ZN7AscendC15load_cbuf_to_cbEPN7float165Fp16TES2_thttb15addr_cal_mode_t] -> (nil)
AscendC: [_ZN7AscendC15load_cbuf_to_cbEPfS0_mb15addr_cal_mode_t] -> (nil)
AscendC: [_ZN7AscendC15load_cbuf_to_cbEPfS0_thtthb15addr_cal_mode_t] -> 0xffff8e367f30
AscendC: [_ZN7AscendC15load_cbuf_to_cbEPfS0_thtthbb15addr_cal_mode_t] -> (nil)
AscendC: [_ZN7AscendC15load_cbuf_to_cbEPfS0_thttb15addr_cal_mode_t] -> (nil)
AscendC: [_ZN7AscendC15load_cbuf_to_cbEPiS0_mb15addr_cal_mode_t] -> (nil)
AscendC: [_ZN7AscendC15load_cbuf_to_cbEPiS0_thtthb15addr_cal_mode_t] -> 0xffff8e367728
AscendC: [_ZN7AscendC15load_cbuf_to_cbEPiS0_thtthbb15addr_cal_mode_t] -> (nil)
AscendC: [_ZN7AscendC15load_cbuf_to_cbEPiS0_thttb15addr_cal_mode_t] -> (nil)
AscendC: [_ZN7AscendC15load_cbuf_to_cbEPaS0_mb] -> (nil)
AscendC: [_ZN7AscendC15load_cbuf_to_cbEPaS0_mb15addr_cal_mode_t] -> (nil)
AscendC: [_ZN7AscendC15load_cbuf_to_cbEPaS0_thtthb15addr_cal_mode_t] -> 0xffff8e364f00
AscendC: [_ZN7AscendC15load_cbuf_to_cbEPaS0_thtthbb15addr_cal_mode_t] -> (nil)
AscendC: [_ZN7AscendC15load_cbuf_to_cbEPaS0_ththb] -> (nil)
AscendC: [_ZN7AscendC15load_cbuf_to_cbEPaS0_thttb15addr_cal_mode_t] -> (nil)
AscendC: [_ZN7AscendC15load_cbuf_to_cbEPjS0_mb15addr_cal_mode_t] -> (nil)
AscendC: [_ZN7AscendC15load_cbuf_to_cbEPjS0_thtthb15addr_cal_mode_t] -> 0xffff8e366f20
AscendC: [_ZN7AscendC15load_cbuf_to_cbEPjS0_thtthbb15addr_cal_mode_t] -> (nil)
AscendC: [_ZN7AscendC15load_cbuf_to_cbEPjS0_thttb15addr_cal_mode_t] -> (nil)
AscendC: [_ZN7AscendC15load_cbuf_to_cbEPhS0_mb] -> (nil)
AscendC: [_ZN7AscendC15load_cbuf_to_cbEPhS0_mb15addr_cal_mode_t] -> (nil)
AscendC: [_ZN7AscendC15load_cbuf_to_cbEPhS0_thtthb15addr_cal_mode_t] -> 0xffff8e3646f8
AscendC: [_ZN7AscendC15load_cbuf_to_cbEPhS0_thtthbb15addr_cal_mode_t] -> (nil)
AscendC: [_ZN7AscendC15load_cbuf_to_cbEPhS0_ththb] -> (nil)
AscendC: [_ZN7AscendC15load_cbuf_to_cbEPhS0_thttb15addr_cal_mode_t] -> (nil)
AscendC: [_ZN7AscendC15load_cbuf_to_cbEPN7float165Fp16TES2_ththb15addr_cal_mode_t] -> (nil)
AscendC: [_ZN7AscendC15load_cbuf_to_cbEPaS0_ththb15addr_cal_mode_t] -> (nil)
AscendC: [_ZN7AscendC15load_cbuf_to_cbEPhS0_ththb15addr_cal_mode_t] -> (nil)
AscendC: [_ZN7AscendC18load_cbuf_to_cb_b2EPvS0_m] -> (nil)
AscendC: [_ZN7AscendC18load_cbuf_to_cb_b2EPN7float165Fp16TES2_m] -> (nil)
AscendC: [_ZN7AscendC18load_cbuf_to_cb_b2EPN7float165Fp16TES2_hh] -> (nil)
AscendC: [_ZN7AscendC18load_cbuf_to_cb_b2EPN7float165Fp16TES2_h] -> (nil)
AscendC: [_ZN7AscendC18load_cbuf_to_cb_b2EPaS0_m] -> (nil)
AscendC: [_ZN7AscendC18load_cbuf_to_cb_b2EPaS0_hh] -> (nil)
AscendC: [_ZN7AscendC18load_cbuf_to_cb_b2EPaS0_h] -> (nil)
AscendC: [_ZN7AscendC18load_cbuf_to_cb_b2EPhS0_m] -> (nil)
AscendC: [_ZN7AscendC18load_cbuf_to_cb_b2EPhS0_hh] -> (nil)
AscendC: [_ZN7AscendC18load_cbuf_to_cb_b2EPhS0_h] -> (nil)
AscendC: [_ZN7AscendC18load_cbuf_to_cb_s4EPvS0_mb15addr_cal_mode_t] -> (nil)
AscendC: [_ZN7AscendC18load_cbuf_to_cb_s4EPvS0_thtthb15addr_cal_mode_t] -> 0xffff8e369ca8
AscendC: [_ZN7AscendC18load_cbuf_to_cb_s4EPvS0_thtthbb15addr_cal_mode_t] -> (nil)
AscendC: [_ZN7AscendC18load_cbuf_to_cb_spEPaS0_m] -> (nil)
AscendC: [_ZN7AscendC18load_cbuf_to_cb_spEPaS0_th] -> 0xffff8e360ba0
AscendC: [_ZN7AscendC25load_cbuf_to_cb_transposeEPN7float165Fp16TES2_mm] -> (nil)
AscendC: [_ZN7AscendC25load_cbuf_to_cb_transposeEPN7float165Fp16TES2_thttbt] -> 0xffff8e3643d0
AscendC: [_ZN7AscendC25load_cbuf_to_cb_transposeEPfS0_mm] -> (nil)
AscendC: [_ZN7AscendC25load_cbuf_to_cb_transposeEPfS0_thttbt] -> 0xffff8e363db0
AscendC: [_ZN7AscendC25load_cbuf_to_cb_transposeEPiS0_mm] -> (nil)
AscendC: [_ZN7AscendC25load_cbuf_to_cb_transposeEPiS0_thttbt] -> 0xffff8e363aa0
AscendC: [_ZN7AscendC25load_cbuf_to_cb_transposeEPaS0_mm] -> (nil)
AscendC: [_ZN7AscendC25load_cbuf_to_cb_transposeEPaS0_thttbt] -> 0xffff8e363480
AscendC: [_ZN7AscendC25load_cbuf_to_cb_transposeEPjS0_mm] -> (nil)
AscendC: [_ZN7AscendC25load_cbuf_to_cb_transposeEPjS0_thttbt] -> 0xffff8e363790
AscendC: [_ZN7AscendC25load_cbuf_to_cb_transposeEPhS0_mm] -> (nil)
AscendC: [_ZN7AscendC25load_cbuf_to_cb_transposeEPhS0_thttbt] -> 0xffff8e363170
AscendC: [_ZN7AscendC28load_cbuf_to_cb_transpose_s4EPvS0_mm] -> (nil)
AscendC: [_ZN7AscendC28load_cbuf_to_cb_transpose_s4EPvS0_thttbt] -> 0xffff8e361f08
AscendC: [_ZN7AscendC24load_cbuf_to_cb_winogradEPN7float165Fp16TES2_m] -> (nil)
AscendC: [_ZN7AscendC24load_cbuf_to_cb_winogradEPN7float165Fp16TES2_hthhhbbh] -> (nil)
AscendC: [_ZN7AscendC24load_cbuf_to_cb_winogradEPaS0_m] -> (nil)
AscendC: [_ZN7AscendC24load_cbuf_to_cb_winogradEPaS0_hthhhbbh] -> (nil)
AscendC: [_ZN7AscendC27load_cbuf_to_cb_winograd_v2EPaS0_m] -> (nil)
AscendC: [_ZN7AscendC27load_cbuf_to_cb_winograd_v2EPaS0_tttb] -> (nil)
AscendC: [_ZN7AscendC30load_decompress_header_from_gmEPvm] -> (nil)
AscendC: [_ZN7AscendC30load_decompress_header_from_gmEPvth] -> (nil)
AscendC: [_ZN7AscendC13load_gm_to_caEPN7float165Fp16TES2_m] -> (nil)
AscendC: [_ZN7AscendC13load_gm_to_caEPN7float165Fp16TES2_m15addr_cal_mode_t] -> (nil)
AscendC: [_ZN7AscendC13load_gm_to_caEPN7float165Fp16TES2_thtth15addr_cal_mode_t] -> 0xffff8e3668b8
AscendC: [_ZN7AscendC13load_gm_to_caEPN7float165Fp16TES2_thtthb15addr_cal_mode_t] -> (nil)
AscendC: [_ZN7AscendC13load_gm_to_caEPN7float165Fp16TES2_thth] -> (nil)
AscendC: [_ZN7AscendC13load_gm_to_caEPN8bfloat165Bf16TES2_m] -> (nil)
AscendC: [_ZN7AscendC13load_gm_to_caEPN8bfloat165Bf16TES2_m15addr_cal_mode_t] -> (nil)
AscendC: [_ZN7AscendC13load_gm_to_caEPN8bfloat165Bf16TES2_thtth15addr_cal_mode_t] -> 0xffff8e3688d8
AscendC: [_ZN7AscendC13load_gm_to_caEPN8bfloat165Bf16TES2_thtthb15addr_cal_mode_t] -> (nil)
AscendC: [_ZN7AscendC13load_gm_to_caEPN8bfloat165Bf16TES2_thth] -> (nil)
AscendC: [_ZN7AscendC13load_gm_to_caEPfS0_m15addr_cal_mode_t] -> (nil)
AscendC: [_ZN7AscendC13load_gm_to_caEPfS0_thtth15addr_cal_mode_t] -> 0xffff8e3680d0
AscendC: [_ZN7AscendC13load_gm_to_caEPfS0_thtthb15addr_cal_mode_t] -> (nil)
AscendC: [_ZN7AscendC13load_gm_to_caEPiS0_m15addr_cal_mode_t] -> (nil)
AscendC: [_ZN7AscendC13load_gm_to_caEPiS0_thtth15addr_cal_mode_t] -> 0xffff8e3678c8
AscendC: [_ZN7AscendC13load_gm_to_caEPiS0_thtthb15addr_cal_mode_t] -> (nil)
AscendC: [_ZN7AscendC13load_gm_to_caEPaS0_m] -> (nil)
AscendC: [_ZN7AscendC13load_gm_to_caEPaS0_m15addr_cal_mode_t] -> (nil)
AscendC: [_ZN7AscendC13load_gm_to_caEPaS0_thtth15addr_cal_mode_t] -> 0xffff8e3650a0
AscendC: [_ZN7AscendC13load_gm_to_caEPaS0_thtthb15addr_cal_mode_t] -> (nil)
AscendC: [_ZN7AscendC13load_gm_to_caEPaS0_thth] -> (nil)
AscendC: [_ZN7AscendC13load_gm_to_caEPjS0_m15addr_cal_mode_t] -> (nil)
AscendC: [_ZN7AscendC13load_gm_to_caEPjS0_thtth15addr_cal_mode_t] -> 0xffff8e3670c0
AscendC: [_ZN7AscendC13load_gm_to_caEPjS0_thtthb15addr_cal_mode_t] -> (nil)
AscendC: [_ZN7AscendC13load_gm_to_caEPhS0_m] -> (nil)
AscendC: [_ZN7AscendC13load_gm_to_caEPhS0_m15addr_cal_mode_t] -> (nil)
AscendC: [_ZN7AscendC13load_gm_to_caEPhS0_thtth15addr_cal_mode_t] -> 0xffff8e364898
AscendC: [_ZN7AscendC13load_gm_to_caEPhS0_thtthb15addr_cal_mode_t] -> (nil)
AscendC: [_ZN7AscendC13load_gm_to_caEPhS0_thth] -> (nil)
AscendC: [_ZN7AscendC13load_gm_to_caEPN7float165Fp16TES2_thth15addr_cal_mode_t] -> (nil)
AscendC: [_ZN7AscendC13load_gm_to_caEPaS0_thth15addr_cal_mode_t] -> (nil)
AscendC: [_ZN7AscendC13load_gm_to_caEPhS0_thth15addr_cal_mode_t] -> (nil)
AscendC: [_ZN7AscendC16load_gm_to_ca_s4EPvS0_m15addr_cal_mode_t] -> (nil)
AscendC: [_ZN7AscendC16load_gm_to_ca_s4EPvS0_thtth15addr_cal_mode_t] -> (nil)
AscendC: [_ZN7AscendC16load_gm_to_ca_s4EPvS0_thtthb15addr_cal_mode_t] -> (nil)
AscendC: [_ZN7AscendC19load_gm_to_ca_unzipEPN7float165Fp16TES2_] -> (nil)
AscendC: [_ZN7AscendC19load_gm_to_ca_unzipEPvS0_] -> (nil)
AscendC: [_ZN7AscendC13load_gm_to_cbEPN7float165Fp16TES2_m] -> (nil)
AscendC: [_ZN7AscendC13load_gm_to_cbEPN7float165Fp16TES2_m15addr_cal_mode_t] -> (nil)
AscendC: [_ZN7AscendC13load_gm_to_cbEPN7float165Fp16TES2_thtth15addr_cal_mode_t] -> 0xffff8e366a50
AscendC: [_ZN7AscendC13load_gm_to_cbEPN7float165Fp16TES2_thtthb15addr_cal_mode_t] -> (nil)
AscendC: [_ZN7AscendC13load_gm_to_cbEPN7float165Fp16TES2_thth] -> (nil)
AscendC: [_ZN7AscendC13load_gm_to_cbEPN8bfloat165Bf16TES2_m] -> (nil)
AscendC: [_ZN7AscendC13load_gm_to_cbEPN8bfloat165Bf16TES2_m15addr_cal_mode_t] -> (nil)
AscendC: [_ZN7AscendC13load_gm_to_cbEPN8bfloat165Bf16TES2_thtth15addr_cal_mode_t] -> 0xffff8e368a70
AscendC: [_ZN7AscendC13load_gm_to_cbEPN8bfloat165Bf16TES2_thtthb15addr_cal_mode_t] -> (nil)
AscendC: [_ZN7AscendC13load_gm_to_cbEPN8bfloat165Bf16TES2_thth] -> (nil)
AscendC: [_ZN7AscendC13load_gm_to_cbEPfS0_m15addr_cal_mode_t] -> (nil)
AscendC: [_ZN7AscendC13load_gm_to_cbEPfS0_thtth15addr_cal_mode_t] -> 0xffff8e368268
AscendC: [_ZN7AscendC13load_gm_to_cbEPfS0_thtthb15addr_cal_mode_t] -> (nil)
AscendC: [_ZN7AscendC13load_gm_to_cbEPiS0_m15addr_cal_mode_t] -> (nil)
AscendC: [_ZN7AscendC13load_gm_to_cbEPiS0_thtth15addr_cal_mode_t] -> 0xffff8e367a60
AscendC: [_ZN7AscendC13load_gm_to_cbEPiS0_thtthb15addr_cal_mode_t] -> (nil)
AscendC: [_ZN7AscendC13load_gm_to_cbEPaS0_m] -> (nil)
AscendC: [_ZN7AscendC13load_gm_to_cbEPaS0_m15addr_cal_mode_t] -> (nil)
AscendC: [_ZN7AscendC13load_gm_to_cbEPaS0_thtth15addr_cal_mode_t] -> 0xffff8e365238
AscendC: [_ZN7AscendC13load_gm_to_cbEPaS0_thtthb15addr_cal_mode_t] -> (nil)
AscendC: [_ZN7AscendC13load_gm_to_cbEPaS0_thth] -> (nil)
AscendC: [_ZN7AscendC13load_gm_to_cbEPjS0_m15addr_cal_mode_t] -> (nil)
AscendC: [_ZN7AscendC13load_gm_to_cbEPjS0_thtth15addr_cal_mode_t] -> 0xffff8e367258
AscendC: [_ZN7AscendC13load_gm_to_cbEPjS0_thtthb15addr_cal_mode_t] -> (nil)
AscendC: [_ZN7AscendC13load_gm_to_cbEPhS0_m] -> (nil)
AscendC: [_ZN7AscendC13load_gm_to_cbEPhS0_m15addr_cal_mode_t] -> (nil)
AscendC: [_ZN7AscendC13load_gm_to_cbEPhS0_thtth15addr_cal_mode_t] -> 0xffff8e364a30
AscendC: [_ZN7AscendC13load_gm_to_cbEPhS0_thtthb15addr_cal_mode_t] -> (nil)
AscendC: [_ZN7AscendC13load_gm_to_cbEPhS0_thth] -> (nil)
AscendC: [_ZN7AscendC13load_gm_to_cbEPN7float165Fp16TES2_thth15addr_cal_mode_t] -> (nil)
AscendC: [_ZN7AscendC13load_gm_to_cbEPaS0_thth15addr_cal_mode_t] -> (nil)
AscendC: [_ZN7AscendC13load_gm_to_cbEPhS0_thth15addr_cal_mode_t] -> (nil)
AscendC: [_ZN7AscendC16load_gm_to_cb_s4EPvS0_m15addr_cal_mode_t] -> (nil)
AscendC: [_ZN7AscendC16load_gm_to_cb_s4EPvS0_thtth15addr_cal_mode_t] -> (nil)
AscendC: [_ZN7AscendC16load_gm_to_cb_s4EPvS0_thtthb15addr_cal_mode_t] -> (nil)
AscendC: [_ZN7AscendC19load_gm_to_cb_unzipEPN7float165Fp16TES2_] -> (nil)
AscendC: [_ZN7AscendC19load_gm_to_cb_unzipEPvS0_] -> (nil)
AscendC: [_ZN7AscendC15load_gm_to_cbufEPN7float165Fp16TES2_m] -> (nil)
AscendC: [_ZN7AscendC15load_gm_to_cbufEPN7float165Fp16TES2_m15addr_cal_mode_t] -> (nil)
AscendC: [_ZN7AscendC15load_gm_to_cbufEPN7float165Fp16TES2_thtth15addr_cal_mode_t] -> 0xffff8e366be8
AscendC: [_ZN7AscendC15load_gm_to_cbufEPN7float165Fp16TES2_thtthb15addr_cal_mode_t] -> (nil)
AscendC: [_ZN7AscendC15load_gm_to_cbufEPN7float165Fp16TES2_thth] -> (nil)
AscendC: [_ZN7AscendC15load_gm_to_cbufEPN8bfloat165Bf16TES2_m] -> (nil)
AscendC: [_ZN7AscendC15load_gm_to_cbufEPN8bfloat165Bf16TES2_m15addr_cal_mode_t] -> (nil)
AscendC: [_ZN7AscendC15load_gm_to_cbufEPN8bfloat165Bf16TES2_thtth15addr_cal_mode_t] -> 0xffff8e368c08
AscendC: [_ZN7AscendC15load_gm_to_cbufEPN8bfloat165Bf16TES2_thtthb15addr_cal_mode_t] -> (nil)
AscendC: [_ZN7AscendC15load_gm_to_cbufEPN8bfloat165Bf16TES2_thth] -> (nil)
AscendC: [_ZN7AscendC15load_gm_to_cbufEPfS0_m15addr_cal_mode_t] -> (nil)
AscendC: [_ZN7AscendC15load_gm_to_cbufEPfS0_thtth15addr_cal_mode_t] -> 0xffff8e368400
AscendC: [_ZN7AscendC15load_gm_to_cbufEPfS0_thtthb15addr_cal_mode_t] -> (nil)
AscendC: [_ZN7AscendC15load_gm_to_cbufEPiS0_m15addr_cal_mode_t] -> (nil)
AscendC: [_ZN7AscendC15load_gm_to_cbufEPiS0_thtth15addr_cal_mode_t] -> 0xffff8e367bf8
AscendC: [_ZN7AscendC15load_gm_to_cbufEPiS0_thtthb15addr_cal_mode_t] -> (nil)
AscendC: [_ZN7AscendC15load_gm_to_cbufEPaS0_m] -> (nil)
AscendC: [_ZN7AscendC15load_gm_to_cbufEPaS0_m15addr_cal_mode_t] -> (nil)
AscendC: [_ZN7AscendC15load_gm_to_cbufEPaS0_thtth15addr_cal_mode_t] -> 0xffff8e3653d0
AscendC: [_ZN7AscendC15load_gm_to_cbufEPaS0_thtthb15addr_cal_mode_t] -> (nil)
AscendC: [_ZN7AscendC15load_gm_to_cbufEPaS0_thth] -> (nil)
AscendC: [_ZN7AscendC15load_gm_to_cbufEPjS0_m15addr_cal_mode_t] -> (nil)
AscendC: [_ZN7AscendC15load_gm_to_cbufEPjS0_thtth15addr_cal_mode_t] -> 0xffff8e3673f0
AscendC: [_ZN7AscendC15load_gm_to_cbufEPjS0_thtthb15addr_cal_mode_t] -> (nil)
AscendC: [_ZN7AscendC15load_gm_to_cbufEPhS0_m] -> (nil)
AscendC: [_ZN7AscendC15load_gm_to_cbufEPhS0_m15addr_cal_mode_t] -> (nil)
AscendC: [_ZN7AscendC15load_gm_to_cbufEPhS0_thtth15addr_cal_mode_t] -> 0xffff8e364bc8
AscendC: [_ZN7AscendC15load_gm_to_cbufEPhS0_thtthb15addr_cal_mode_t] -> (nil)
AscendC: [_ZN7AscendC15load_gm_to_cbufEPhS0_thth] -> (nil)
AscendC: [_ZN7AscendC15load_gm_to_cbufEPN7float165Fp16TES2_thth15addr_cal_mode_t] -> (nil)
AscendC: [_ZN7AscendC15load_gm_to_cbufEPaS0_thth15addr_cal_mode_t] -> (nil)
AscendC: [_ZN7AscendC15load_gm_to_cbufEPhS0_thth15addr_cal_mode_t] -> (nil)
AscendC: [_ZN7AscendC18load_gm_to_cbuf_s4EPvS0_m15addr_cal_mode_t] -> (nil)
AscendC: [_ZN7AscendC18load_gm_to_cbuf_s4EPvS0_thtth15addr_cal_mode_t] -> (nil)
AscendC: [_ZN7AscendC18load_gm_to_cbuf_s4EPvS0_thtthb15addr_cal_mode_t] -> (nil)
AscendC: [_ZN7AscendC21load_gm_to_cbuf_unzipEPN7float165Fp16TES2_] -> (nil)
AscendC: [_ZN7AscendC21load_gm_to_cbuf_unzipEPvS0_] -> (nil)
AscendC: [_ZN7AscendC18load_image_to_cbufEPN7float165Fp16TEmm] -> (nil)
AscendC: [_ZN7AscendC18load_image_to_cbufEPN7float165Fp16TEttttthhtth] -> 0xffff8e36ff90
AscendC: [_ZN7AscendC18load_image_to_cbufEPsmm] -> (nil)
AscendC: [_ZN7AscendC18load_image_to_cbufEPsttttthhtth] -> 0xffff8e370458
AscendC: [_ZN7AscendC18load_image_to_cbufEPamm] -> (nil)
AscendC: [_ZN7AscendC18load_image_to_cbufEPattttthhtth] -> 0xffff8e370128
AscendC: [_ZN7AscendC18load_image_to_cbufEPhmm] -> (nil)
AscendC: [_ZN7AscendC18load_image_to_cbufEPhttttthhtth] -> 0xffff8e3702c0
AscendC: [_ZN7AscendC26load_smask_table_from_cbufEtPvm] -> (nil)
AscendC: [_ZN7AscendC24load_smask_table_from_gmEtPvm] -> (nil)
AscendC: [_ZN7AscendC24load_smask_table_from_ubEtPvm] -> (nil)
AscendC: [_ZN7AscendC24load_unzip_index_from_gmEPvm] -> (nil)
AscendC: [_ZN7AscendC24load_unzip_index_from_gmEPvjh] -> (nil)
AscendC: [_ZN7AscendC3madEPN7float165Fp16TES2_S2_m] -> (nil)
AscendC: [_ZN7AscendC3madEPN7float165Fp16TES2_S2_tttb] -> 0xffff8e36f940
AscendC: [_ZN7AscendC3madEPN7float165Fp16TES2_S2_ttthhbbbbb] -> (nil)
AscendC: [_ZN7AscendC3madEPN7float165Fp16TES2_S2_ttthbbb] -> 0xffff8e36fa20
AscendC: [_ZN7AscendC3madEPfPN7float165Fp16TES3_m] -> (nil)
AscendC: [_ZN7AscendC3madEPfPN7float165Fp16TES3_tttb] -> 0xffff8e3691a8
AscendC: [_ZN7AscendC3madEPfPN7float165Fp16TES3_ttthhbbbbb] -> (nil)
AscendC: [_ZN7AscendC3madEPfPN7float165Fp16TES3_ttthbbb] -> 0xffff8e3692f0
AscendC: [_ZN7AscendC3madEPfPN7float165Fp16TES3_ttthhhbbbb] -> (nil)
AscendC: [_ZN7AscendC3madEPfPN8bfloat165Bf16TES3_m] -> (nil)
AscendC: [_ZN7AscendC3madEPfPN8bfloat165Bf16TES3_ttthbbb] -> 0xffff8e369860
AscendC: [_ZN7AscendC3madEPfPN8bfloat165Bf16TES3_ttthhhbbbb] -> (nil)
AscendC: [_ZN7AscendC3madEPfS0_S0_m] -> (nil)
AscendC: [_ZN7AscendC3madEPfS0_S0_ttthbbb] -> 0xffff8e3695b0
AscendC: [_ZN7AscendC3madEPfS0_S0_ttthhhbbbb] -> (nil)
AscendC: [_ZN7AscendC3madEPiPsPam] -> (nil)
AscendC: [_ZN7AscendC3madEPiPsPattth11unit_flag_tbb] -> (nil)
AscendC: [_ZN7AscendC3madEPiPaS1_m] -> (nil)
AscendC: [_ZN7AscendC3madEPiPaS1_tttb] -> 0xffff8e368da0
AscendC: [_ZN7AscendC3madEPiPaS1_ttthhbbbbb] -> (nil)
AscendC: [_ZN7AscendC3madEPiPaS1_ttthbbb] -> 0xffff8e368ee8
AscendC: [_ZN7AscendC3madEPiPaS1_ttthhhbbbb] -> (nil)
AscendC: [_ZN7AscendC3madEPjPhS1_m] -> (nil)
AscendC: [_ZN7AscendC3madEPjPhS1_tttb] -> 0xffff8e36f360
AscendC: [_ZN7AscendC3madEPjPhS1_ttthhbbbbb] -> (nil)
AscendC: [_ZN7AscendC3madEPjPhS1_ttthbbb] -> 0xffff8e36f448
AscendC: [_ZN7AscendC3madEPiPhS1_m] -> (nil)
AscendC: [_ZN7AscendC3madEPiPhS1_tttb] -> 0xffff8e36f550
AscendC: [_ZN7AscendC3madEPiPhS1_ttthhbbbbb] -> (nil)
AscendC: [_ZN7AscendC3madEPiPhS1_ttthbbb] -> 0xffff8e36f638
AscendC: [_ZN7AscendC3madEPiPhS1_ttthhhbbbb] -> (nil)
AscendC: [_ZN7AscendC3madEPiPhPam] -> (nil)
AscendC: [_ZN7AscendC3madEPiPhPatttb] -> 0xffff8e36f740
AscendC: [_ZN7AscendC3madEPiPhPattthhbbbbb] -> (nil)
AscendC: [_ZN7AscendC3madEPiPhPattthbbb] -> 0xffff8e36f830
AscendC: [_ZN7AscendC3madEPN7float165Fp16TES2_S2_mm] -> (nil)
AscendC: [_ZN7AscendC3madEPN7float165Fp16TES2_S2_mtttb] -> (nil)
AscendC: [_ZN7AscendC3madEPN7float165Fp16TES2_S2_mttthbbb] -> (nil)
AscendC: [_ZN7AscendC3madEPfPN7float165Fp16TES3_mm] -> (nil)
AscendC: [_ZN7AscendC3madEPfPN7float165Fp16TES3_mtttb] -> (nil)
AscendC: [_ZN7AscendC3madEPfPN7float165Fp16TES3_mttthbbb] -> 0xffff8e369450
AscendC: [_ZN7AscendC3madEPfPN8bfloat165Bf16TES3_mm] -> (nil)
AscendC: [_ZN7AscendC3madEPfPN8bfloat165Bf16TES3_mttthbbb] -> 0xffff8e3699c0
AscendC: [_ZN7AscendC3madEPfS0_S0_mm] -> (nil)
AscendC: [_ZN7AscendC3madEPfS0_S0_mttthbbb] -> 0xffff8e369708
AscendC: [_ZN7AscendC3madEPiPsPamm] -> (nil)
AscendC: [_ZN7AscendC3madEPiPsPamttth11unit_flag_tbb] -> (nil)
AscendC: [_ZN7AscendC3madEPiPaS1_mm] -> (nil)
AscendC: [_ZN7AscendC3madEPiPaS1_mtttb] -> (nil)
AscendC: [_ZN7AscendC3madEPiPaS1_mttthbbb] -> 0xffff8e369048
AscendC: [_ZN7AscendC3madEPjPhS1_mm] -> (nil)
AscendC: [_ZN7AscendC3madEPjPhS1_mtttb] -> (nil)
AscendC: [_ZN7AscendC3madEPjPhS1_mttthbbb] -> (nil)
AscendC: [_ZN7AscendC3madEPiPhS1_mm] -> (nil)
AscendC: [_ZN7AscendC3madEPiPhS1_mtttb] -> (nil)
AscendC: [_ZN7AscendC3madEPiPhS1_mttthbbb] -> (nil)
AscendC: [_ZN7AscendC3madEPiPhPamm] -> (nil)
AscendC: [_ZN7AscendC3madEPiPhPamtttb] -> (nil)
AscendC: [_ZN7AscendC3madEPiPhPamttthbbb] -> (nil)
AscendC: [_ZN7AscendC8mad_b8u2EPiPaPvm] -> (nil)
AscendC: [_ZN7AscendC8mad_b8u2EPiPaPvtttb] -> (nil)
AscendC: [_ZN7AscendC8mad_b8u2EPiPaPvttthhbbbbb] -> (nil)
AscendC: [_ZN7AscendC8mad_b8u2EPiPhPvm] -> (nil)
AscendC: [_ZN7AscendC8mad_b8u2EPiPhPvtttb] -> (nil)
AscendC: [_ZN7AscendC8mad_b8u2EPiPhPvttthhbbbbb] -> (nil)
AscendC: [_ZN7AscendC12mad_bf162f32EPfPtS1_m] -> (nil)
AscendC: [_ZN7AscendC12mad_bf162f32EPfPtS1_ttthbbb] -> (nil)
AscendC: [_ZN7AscendC12mad_bf162f32EPfPtS1_ttthhhbbbb] -> (nil)
AscendC: [_ZN7AscendC9mad_f16u2EPN7float165Fp16TES2_Pvm] -> (nil)
AscendC: [_ZN7AscendC9mad_f16u2EPN7float165Fp16TES2_Pvtttb] -> (nil)
AscendC: [_ZN7AscendC9mad_f16u2EPN7float165Fp16TES2_Pvttthhbbbbb] -> (nil)
AscendC: [_ZN7AscendC6mad_s4EPiPvS1_m] -> (nil)
AscendC: [_ZN7AscendC6mad_s4EPiPvS1_tttb] -> (nil)
AscendC: [_ZN7AscendC6mad_s4EPiPvS1_ttthhbbbbb] -> (nil)
AscendC: [_ZN7AscendC6mad_s4EPiPvS1_ttthbbb] -> 0xffff8e3605e0
AscendC: [_ZN7AscendC6mad_s4EPiPvS1_ttthhhbbbb] -> (nil)
AscendC: [_ZN7AscendC6mad_spEPiPaS1_m] -> (nil)
AscendC: [_ZN7AscendC6mad_spEPiPaS1_ttthbb] -> 0xffff8e360a60
AscendC: [_ZN7AscendC12mad_tf322f32EPfS0_S0_m] -> (nil)
AscendC: [_ZN7AscendC12mad_tf322f32EPfS0_S0_ttthbbb] -> (nil)
AscendC: [_ZN7AscendC12mad_tf322f32EPfS0_S0_ttthhhbbbb] -> (nil)
AscendC: [_ZN7AscendC8mov_vsprE6VSPR_tm] -> (nil)
AscendC: [_ZN7AscendC13mte4_mte5_offEv] -> (nil)
AscendC: [_ZN7AscendC12mte4_mte5_onEv] -> (nil)
AscendC: [_ZN7AscendC7mvf_dciEv] -> (nil)
AscendC: [_ZN7AscendC21mvf_gm_to_ub_b128_u16EPvS0_S0_m] -> (nil)
AscendC: [_ZN7AscendC21mvf_gm_to_ub_b128_u16EPvS0_S0_thh] -> (nil)
AscendC: [_ZN7AscendC21mvf_gm_to_ub_b128_u32EPvS0_S0_m] -> (nil)
AscendC: [_ZN7AscendC21mvf_gm_to_ub_b128_u32EPvS0_S0_thh] -> (nil)
AscendC: [_ZN7AscendC21mvf_gm_to_ub_b256_u16EPvS0_S0_m] -> (nil)
AscendC: [_ZN7AscendC21mvf_gm_to_ub_b256_u16EPvS0_S0_thh] -> (nil)
AscendC: [_ZN7AscendC21mvf_gm_to_ub_b256_u32EPvS0_S0_m] -> (nil)
AscendC: [_ZN7AscendC21mvf_gm_to_ub_b256_u32EPvS0_S0_thh] -> (nil)
AscendC: [_ZN7AscendC20mvf_gm_to_ub_b32_u16EPvS0_S0_m] -> (nil)
AscendC: [_ZN7AscendC20mvf_gm_to_ub_b32_u16EPvS0_S0_thh] -> (nil)
AscendC: [_ZN7AscendC20mvf_gm_to_ub_b32_u32EPvS0_S0_m] -> (nil)
AscendC: [_ZN7AscendC20mvf_gm_to_ub_b32_u32EPvS0_S0_thh] -> (nil)
AscendC: [_ZN7AscendC21mvf_gm_to_ub_b512_u16EPvS0_S0_m] -> (nil)
AscendC: [_ZN7AscendC21mvf_gm_to_ub_b512_u16EPvS0_S0_thh] -> (nil)
AscendC: [_ZN7AscendC21mvf_gm_to_ub_b512_u32EPvS0_S0_m] -> (nil)
AscendC: [_ZN7AscendC21mvf_gm_to_ub_b512_u32EPvS0_S0_thh] -> (nil)
AscendC: [_ZN7AscendC20mvf_gm_to_ub_b64_u16EPvS0_S0_m] -> (nil)
AscendC: [_ZN7AscendC20mvf_gm_to_ub_b64_u16EPvS0_S0_thh] -> (nil)
AscendC: [_ZN7AscendC20mvf_gm_to_ub_b64_u32EPvS0_S0_m] -> (nil)
AscendC: [_ZN7AscendC20mvf_gm_to_ub_b64_u32EPvS0_S0_thh] -> (nil)
AscendC: [_ZN7AscendC12pc_trace_offEv] -> (nil)
AscendC: [_ZN7AscendC11pc_trace_onEv] -> (nil)
AscendC: [_ZN7AscendC12pipe_barrierE6pipe_t] -> 0xffff8e326300
AscendC: [_ZN7AscendC7preloadEPKv] -> 0xffff8e3270c8
AscendC: [_ZN7AscendC7preloadEPKvl] -> 0xffff8e326ff8
AscendC: [_ZN7AscendC12release_pbidEm] -> (nil)
AscendC: [_ZN7AscendC7rpn_corEPN7float165Fp16TES2_m] -> (nil)
AscendC: [_ZN7AscendC7rpn_corEPN7float165Fp16TES2_htt] -> (nil)
AscendC: [_ZN7AscendC12rpn_cor_diagEPN7float165Fp16TES2_] -> (nil)
AscendC: [_ZN7AscendC13rpn_cor_diag2EPN7float165Fp16TES2_] -> (nil)
AscendC: [_ZN7AscendC8sbitset0Eml] -> 0xffff8e324b90
AscendC: [_ZN7AscendC8sbitset1Eml] -> 0xffff8e324b80
AscendC: [_ZN7AscendC12scatter_vabsE7vtype_t10ub_addr8_tS1_m] -> (nil)
AscendC: [_ZN7AscendC12scatter_vabsE7vtype_t10ub_addr8_tS1_htt] -> (nil)
AscendC: [_ZN7AscendC16scatter_vabs_f16E10ub_addr8_tS0_m] -> (nil)
AscendC: [_ZN7AscendC16scatter_vabs_f16E10ub_addr8_tS0_htt] -> (nil)
AscendC: [_ZN7AscendC16scatter_vabs_f32E10ub_addr8_tS0_m] -> (nil)
AscendC: [_ZN7AscendC16scatter_vabs_f32E10ub_addr8_tS0_htt] -> (nil)
AscendC: [_ZN7AscendC16scatter_vabs_s16E10ub_addr8_tS0_m] -> (nil)
AscendC: [_ZN7AscendC16scatter_vabs_s16E10ub_addr8_tS0_htt] -> (nil)
AscendC: [_ZN7AscendC12scatter_vaddE7vtype_t10ub_addr8_tS1_S1_m] -> (nil)
AscendC: [_ZN7AscendC12scatter_vaddE7vtype_t10ub_addr8_tS1_S1_httt] -> (nil)
AscendC: [_ZN7AscendC16scatter_vadd_f16E10ub_addr8_tS0_S0_m] -> (nil)
AscendC: [_ZN7AscendC16scatter_vadd_f16E10ub_addr8_tS0_S0_httt] -> (nil)
AscendC: [_ZN7AscendC16scatter_vadd_f32E10ub_addr8_tS0_S0_m] -> (nil)
AscendC: [_ZN7AscendC16scatter_vadd_f32E10ub_addr8_tS0_S0_httt] -> (nil)
AscendC: [_ZN7AscendC16scatter_vadd_s16E10ub_addr8_tS0_S0_m] -> (nil)
AscendC: [_ZN7AscendC16scatter_vadd_s16E10ub_addr8_tS0_S0_httt] -> (nil)
AscendC: [_ZN7AscendC16scatter_vadd_s32E10ub_addr8_tS0_S0_m] -> (nil)
AscendC: [_ZN7AscendC16scatter_vadd_s32E10ub_addr8_tS0_S0_httt] -> (nil)
AscendC: [_ZN7AscendC13scatter_vaddsE7vtype_t10ub_addr8_tS1_N7float165Fp16TEm] -> (nil)
AscendC: [_ZN7AscendC13scatter_vaddsE7vtype_t10ub_addr8_tS1_N7float165Fp16TEhtt] -> (nil)
AscendC: [_ZN7AscendC13scatter_vaddsE7vtype_t10ub_addr8_tS1_fm] -> (nil)
AscendC: [_ZN7AscendC13scatter_vaddsE7vtype_t10ub_addr8_tS1_fhtt] -> (nil)
AscendC: [_ZN7AscendC17scatter_vadds_f16E10ub_addr8_tS0_N7float165Fp16TEm] -> (nil)
AscendC: [_ZN7AscendC17scatter_vadds_f16E10ub_addr8_tS0_N7float165Fp16TEhtt] -> (nil)
AscendC: [_ZN7AscendC17scatter_vadds_f32E10ub_addr8_tS0_fm] -> (nil)
AscendC: [_ZN7AscendC17scatter_vadds_f32E10ub_addr8_tS0_fhtt] -> (nil)
AscendC: [_ZN7AscendC17scatter_vadds_s16E10ub_addr8_tS0_sm] -> (nil)
AscendC: [_ZN7AscendC17scatter_vadds_s16E10ub_addr8_tS0_shtt] -> (nil)
AscendC: [_ZN7AscendC17scatter_vadds_s32E10ub_addr8_tS0_im] -> (nil)
AscendC: [_ZN7AscendC17scatter_vadds_s32E10ub_addr8_tS0_ihtt] -> (nil)
AscendC: [_ZN7AscendC13scatter_vaxpyE7vtype_t10ub_addr8_tS1_N7float165Fp16TEmb] -> (nil)
AscendC: [_ZN7AscendC13scatter_vaxpyE7vtype_t10ub_addr8_tS1_N7float165Fp16TEhttb] -> (nil)
AscendC: [_ZN7AscendC13scatter_vaxpyE7vtype_t10ub_addr8_tS1_fmb] -> (nil)
AscendC: [_ZN7AscendC13scatter_vaxpyE7vtype_t10ub_addr8_tS1_fhttb] -> (nil)
AscendC: [_ZN7AscendC17scatter_vaxpy_f16E10ub_addr8_tS0_N7float165Fp16TEmb] -> (nil)
AscendC: [_ZN7AscendC17scatter_vaxpy_f16E10ub_addr8_tS0_N7float165Fp16TEhttb] -> (nil)
AscendC: [_ZN7AscendC17scatter_vaxpy_f32E10ub_addr8_tS0_fmb] -> (nil)
AscendC: [_ZN7AscendC17scatter_vaxpy_f32E10ub_addr8_tS0_fhttb] -> (nil)
AscendC: [_ZN7AscendC18scatter_vaxpy_fmixE10ub_addr8_tS0_N7float165Fp16TEmb] -> (nil)
AscendC: [_ZN7AscendC18scatter_vaxpy_fmixE10ub_addr8_tS0_N7float165Fp16TEhttb] -> (nil)
AscendC: [_ZN7AscendC15scatter_vcmp_eqE7vtype_t10ub_addr8_tS1_m] -> (nil)
AscendC: [_ZN7AscendC19scatter_vcmp_eq_f16E10ub_addr8_tS0_m] -> (nil)
AscendC: [_ZN7AscendC19scatter_vcmp_eq_f32E10ub_addr8_tS0_m] -> (nil)
AscendC: [_ZN7AscendC19scatter_vcmp_eq_s16E10ub_addr8_tS0_m] -> (nil)
AscendC: [_ZN7AscendC15scatter_vcmp_geE7vtype_t10ub_addr8_tS1_m] -> (nil)
AscendC: [_ZN7AscendC19scatter_vcmp_ge_f16E10ub_addr8_tS0_m] -> (nil)
AscendC: [_ZN7AscendC19scatter_vcmp_ge_f32E10ub_addr8_tS0_m] -> (nil)
AscendC: [_ZN7AscendC19scatter_vcmp_ge_s16E10ub_addr8_tS0_m] -> (nil)
AscendC: [_ZN7AscendC15scatter_vcmp_gtE7vtype_t10ub_addr8_tS1_m] -> (nil)
AscendC: [_ZN7AscendC19scatter_vcmp_gt_f16E10ub_addr8_tS0_m] -> (nil)
AscendC: [_ZN7AscendC19scatter_vcmp_gt_f32E10ub_addr8_tS0_m] -> (nil)
AscendC: [_ZN7AscendC19scatter_vcmp_gt_s16E10ub_addr8_tS0_m] -> (nil)
AscendC: [_ZN7AscendC15scatter_vcmp_leE7vtype_t10ub_addr8_tS1_m] -> (nil)
AscendC: [_ZN7AscendC19scatter_vcmp_le_f16E10ub_addr8_tS0_m] -> (nil)
AscendC: [_ZN7AscendC19scatter_vcmp_le_f32E10ub_addr8_tS0_m] -> (nil)
AscendC: [_ZN7AscendC19scatter_vcmp_le_s16E10ub_addr8_tS0_m] -> (nil)
AscendC: [_ZN7AscendC15scatter_vcmp_ltE7vtype_t10ub_addr8_tS1_m] -> (nil)
AscendC: [_ZN7AscendC19scatter_vcmp_lt_f16E10ub_addr8_tS0_m] -> (nil)
AscendC: [_ZN7AscendC19scatter_vcmp_lt_f32E10ub_addr8_tS0_m] -> (nil)
AscendC: [_ZN7AscendC19scatter_vcmp_lt_s16E10ub_addr8_tS0_m] -> (nil)
AscendC: [_ZN7AscendC15scatter_vcmp_neE7vtype_t10ub_addr8_tS1_m] -> (nil)
AscendC: [_ZN7AscendC19scatter_vcmp_ne_f16E10ub_addr8_tS0_m] -> (nil)
AscendC: [_ZN7AscendC19scatter_vcmp_ne_f32E10ub_addr8_tS0_m] -> (nil)
AscendC: [_ZN7AscendC19scatter_vcmp_ne_s16E10ub_addr8_tS0_m] -> (nil)
AscendC: [_ZN7AscendC19scatter_vconcat_f16EPN7float165Fp16TE10ub_addr8_tm] -> (nil)
AscendC: [_ZN7AscendC19scatter_vconcat_f16EPN7float165Fp16TE10ub_addr8_thh] -> (nil)
AscendC: [_ZN7AscendC19scatter_vconcat_f32EPf10ub_addr8_tm] -> (nil)
AscendC: [_ZN7AscendC19scatter_vconcat_f32EPf10ub_addr8_thh] -> (nil)
AscendC: [_ZN7AscendC17scatter_vconv_deqE10ub_addr8_tS0_mb] -> (nil)
AscendC: [_ZN7AscendC17scatter_vconv_deqE10ub_addr8_tS0_httb] -> (nil)
AscendC: [_ZN7AscendC21scatter_vconv_f162f32E10ub_addr8_tS0_mb] -> (nil)
AscendC: [_ZN7AscendC21scatter_vconv_f162f32E10ub_addr8_tS0_httb] -> (nil)
AscendC: [_ZN7AscendC22scatter_vconv_f162s32aE10ub_addr8_tS0_mb] -> (nil)
AscendC: [_ZN7AscendC22scatter_vconv_f162s32aE10ub_addr8_tS0_httb] -> (nil)
AscendC: [_ZN7AscendC22scatter_vconv_f162s32cE10ub_addr8_tS0_mb] -> (nil)
AscendC: [_ZN7AscendC22scatter_vconv_f162s32cE10ub_addr8_tS0_httb] -> (nil)
AscendC: [_ZN7AscendC22scatter_vconv_f162s32fE10ub_addr8_tS0_mb] -> (nil)
AscendC: [_ZN7AscendC22scatter_vconv_f162s32fE10ub_addr8_tS0_httb] -> (nil)
AscendC: [_ZN7AscendC22scatter_vconv_f162s32rE10ub_addr8_tS0_mb] -> (nil)
AscendC: [_ZN7AscendC22scatter_vconv_f162s32rE10ub_addr8_tS0_httb] -> (nil)
AscendC: [_ZN7AscendC22scatter_vconv_f162s32zE10ub_addr8_tS0_mb] -> (nil)
AscendC: [_ZN7AscendC22scatter_vconv_f162s32zE10ub_addr8_tS0_httb] -> (nil)
AscendC: [_ZN7AscendC20scatter_vconv_f162s8E10ub_addr8_tS0_mb] -> (nil)
AscendC: [_ZN7AscendC20scatter_vconv_f162s8E10ub_addr8_tS0_httb] -> (nil)
AscendC: [_ZN7AscendC21scatter_vconv_f162s8aE10ub_addr8_tS0_mb] -> (nil)
AscendC: [_ZN7AscendC21scatter_vconv_f162s8aE10ub_addr8_tS0_httb] -> (nil)
AscendC: [_ZN7AscendC21scatter_vconv_f162s8cE10ub_addr8_tS0_mb] -> (nil)
AscendC: [_ZN7AscendC21scatter_vconv_f162s8cE10ub_addr8_tS0_httb] -> (nil)
AscendC: [_ZN7AscendC21scatter_vconv_f162s8fE10ub_addr8_tS0_mb] -> (nil)
AscendC: [_ZN7AscendC21scatter_vconv_f162s8fE10ub_addr8_tS0_httb] -> (nil)
AscendC: [_ZN7AscendC21scatter_vconv_f162s8zE10ub_addr8_tS0_mb] -> (nil)
AscendC: [_ZN7AscendC21scatter_vconv_f162s8zE10ub_addr8_tS0_httb] -> (nil)
AscendC: [_ZN7AscendC20scatter_vconv_f162u8E10ub_addr8_tS0_mb] -> (nil)
AscendC: [_ZN7AscendC20scatter_vconv_f162u8E10ub_addr8_tS0_httb] -> (nil)
AscendC: [_ZN7AscendC21scatter_vconv_f162u8aE10ub_addr8_tS0_mb] -> (nil)
AscendC: [_ZN7AscendC21scatter_vconv_f162u8aE10ub_addr8_tS0_httb] -> (nil)
AscendC: [_ZN7AscendC21scatter_vconv_f162u8cE10ub_addr8_tS0_mb] -> (nil)
AscendC: [_ZN7AscendC21scatter_vconv_f162u8cE10ub_addr8_tS0_httb] -> (nil)
AscendC: [_ZN7AscendC21scatter_vconv_f162u8fE10ub_addr8_tS0_mb] -> (nil)
AscendC: [_ZN7AscendC21scatter_vconv_f162u8fE10ub_addr8_tS0_httb] -> (nil)
AscendC: [_ZN7AscendC21scatter_vconv_f162u8zE10ub_addr8_tS0_mb] -> (nil)
AscendC: [_ZN7AscendC21scatter_vconv_f162u8zE10ub_addr8_tS0_httb] -> (nil)
AscendC: [_ZN7AscendC21scatter_vconv_f322f16E10ub_addr8_tS0_mb] -> (nil)
AscendC: [_ZN7AscendC21scatter_vconv_f322f16E10ub_addr8_tS0_httb] -> (nil)
AscendC: [_ZN7AscendC22scatter_vconv_f322f16oE10ub_addr8_tS0_mb] -> (nil)
AscendC: [_ZN7AscendC22scatter_vconv_f322f16oE10ub_addr8_tS0_httb] -> (nil)
AscendC: [_ZN7AscendC22scatter_vconv_f322s32aE10ub_addr8_tS0_mb] -> (nil)
AscendC: [_ZN7AscendC22scatter_vconv_f322s32aE10ub_addr8_tS0_httb] -> (nil)
AscendC: [_ZN7AscendC22scatter_vconv_f322s32cE10ub_addr8_tS0_mb] -> (nil)
AscendC: [_ZN7AscendC22scatter_vconv_f322s32cE10ub_addr8_tS0_httb] -> (nil)
AscendC: [_ZN7AscendC22scatter_vconv_f322s32fE10ub_addr8_tS0_mb] -> (nil)
AscendC: [_ZN7AscendC22scatter_vconv_f322s32fE10ub_addr8_tS0_httb] -> (nil)
AscendC: [_ZN7AscendC22scatter_vconv_f322s32rE10ub_addr8_tS0_mb] -> (nil)
AscendC: [_ZN7AscendC22scatter_vconv_f322s32rE10ub_addr8_tS0_httb] -> (nil)
AscendC: [_ZN7AscendC22scatter_vconv_f322s32zE10ub_addr8_tS0_mb] -> (nil)
AscendC: [_ZN7AscendC22scatter_vconv_f322s32zE10ub_addr8_tS0_httb] -> (nil)
AscendC: [_ZN7AscendC21scatter_vconv_s322f32E10ub_addr8_tS0_mb] -> (nil)
AscendC: [_ZN7AscendC21scatter_vconv_s322f32E10ub_addr8_tS0_httb] -> (nil)
AscendC: [_ZN7AscendC20scatter_vconv_s82f16E10ub_addr8_tS0_mb] -> (nil)
AscendC: [_ZN7AscendC20scatter_vconv_s82f16E10ub_addr8_tS0_httb] -> (nil)
AscendC: [_ZN7AscendC20scatter_vconv_u82f16E10ub_addr8_tS0_mb] -> (nil)
AscendC: [_ZN7AscendC20scatter_vconv_u82f16E10ub_addr8_tS0_httb] -> (nil)
AscendC: [_ZN7AscendC21scatter_vcshuffle_b16E10ub_addr8_tS0_m] -> (nil)
AscendC: [_ZN7AscendC21scatter_vcshuffle_b16E10ub_addr8_tS0_htth] -> (nil)
AscendC: [_ZN7AscendC21scatter_vcshuffle_b32E10ub_addr8_tS0_m] -> (nil)
AscendC: [_ZN7AscendC21scatter_vcshuffle_b32E10ub_addr8_tS0_htth] -> (nil)
AscendC: [_ZN7AscendC20scatter_vcshuffle_b8E10ub_addr8_tS0_m] -> (nil)
AscendC: [_ZN7AscendC20scatter_vcshuffle_b8E10ub_addr8_tS0_htth] -> (nil)
AscendC: [_ZN7AscendC12scatter_vdivE7vtype_t10ub_addr8_tS1_S1_m] -> (nil)
AscendC: [_ZN7AscendC12scatter_vdivE7vtype_t10ub_addr8_tS1_S1_httt] -> (nil)
AscendC: [_ZN7AscendC16scatter_vdiv_f16E10ub_addr8_tS0_S0_m] -> (nil)
AscendC: [_ZN7AscendC16scatter_vdiv_f16E10ub_addr8_tS0_S0_httt] -> (nil)
AscendC: [_ZN7AscendC16scatter_vdiv_f32E10ub_addr8_tS0_S0_m] -> (nil)
AscendC: [_ZN7AscendC16scatter_vdiv_f32E10ub_addr8_tS0_S0_httt] -> (nil)
AscendC: [_ZN7AscendC18scatter_vector_movE7vtype_t10ub_addr8_tS1_m] -> (nil)
AscendC: [_ZN7AscendC18scatter_vector_movE7vtype_t10ub_addr8_tS1_htt] -> (nil)
AscendC: [_ZN7AscendC22scatter_vector_mov_f16E10ub_addr8_tS0_m] -> (nil)
AscendC: [_ZN7AscendC22scatter_vector_mov_f16E10ub_addr8_tS0_htt] -> (nil)
AscendC: [_ZN7AscendC22scatter_vector_mov_s16E10ub_addr8_tS0_m] -> (nil)
AscendC: [_ZN7AscendC22scatter_vector_mov_s16E10ub_addr8_tS0_htt] -> (nil)
AscendC: [_ZN7AscendC22scatter_vector_mov_u16E10ub_addr8_tS0_m] -> (nil)
AscendC: [_ZN7AscendC22scatter_vector_mov_u16E10ub_addr8_tS0_htt] -> (nil)
AscendC: [_ZN7AscendC12scatter_vexpE7vtype_t10ub_addr8_tS1_m] -> (nil)
AscendC: [_ZN7AscendC12scatter_vexpE7vtype_t10ub_addr8_tS1_htt] -> (nil)
AscendC: [_ZN7AscendC16scatter_vexp_f16E10ub_addr8_tS0_m] -> (nil)
AscendC: [_ZN7AscendC16scatter_vexp_f16E10ub_addr8_tS0_htt] -> (nil)
AscendC: [_ZN7AscendC16scatter_vexp_f32E10ub_addr8_tS0_m] -> (nil)
AscendC: [_ZN7AscendC16scatter_vexp_f32E10ub_addr8_tS0_htt] -> (nil)
AscendC: [_ZN7AscendC20scatter_vextract_f16E10ub_addr8_tPN7float165Fp16TEm] -> (nil)
AscendC: [_ZN7AscendC20scatter_vextract_f16E10ub_addr8_tPN7float165Fp16TEhh] -> (nil)
AscendC: [_ZN7AscendC20scatter_vextract_f32E10ub_addr8_tPfm] -> (nil)
AscendC: [_ZN7AscendC20scatter_vextract_f32E10ub_addr8_tPfhh] -> (nil)
AscendC: [_ZN7AscendC11scatter_vlnE7vtype_t10ub_addr8_tS1_m] -> (nil)
AscendC: [_ZN7AscendC11scatter_vlnE7vtype_t10ub_addr8_tS1_htt] -> (nil)
AscendC: [_ZN7AscendC15scatter_vln_f16E10ub_addr8_tS0_m] -> (nil)
AscendC: [_ZN7AscendC15scatter_vln_f16E10ub_addr8_tS0_htt] -> (nil)
AscendC: [_ZN7AscendC15scatter_vln_f32E10ub_addr8_tS0_m] -> (nil)
AscendC: [_ZN7AscendC15scatter_vln_f32E10ub_addr8_tS0_htt] -> (nil)
AscendC: [_ZN7AscendC13scatter_vmaddE7vtype_t10ub_addr8_tS1_S1_m] -> (nil)
AscendC: [_ZN7AscendC13scatter_vmaddE7vtype_t10ub_addr8_tS1_S1_httt] -> (nil)
AscendC: [_ZN7AscendC17scatter_vmadd_f16E10ub_addr8_tS0_S0_m] -> (nil)
AscendC: [_ZN7AscendC17scatter_vmadd_f16E10ub_addr8_tS0_S0_httt] -> (nil)
AscendC: [_ZN7AscendC17scatter_vmadd_f32E10ub_addr8_tS0_S0_m] -> (nil)
AscendC: [_ZN7AscendC17scatter_vmadd_f32E10ub_addr8_tS0_S0_httt] -> (nil)
AscendC: [_ZN7AscendC17scatter_vmaddreluE7vtype_t10ub_addr8_tS1_S1_m] -> (nil)
AscendC: [_ZN7AscendC17scatter_vmaddreluE7vtype_t10ub_addr8_tS1_S1_httt] -> (nil)
AscendC: [_ZN7AscendC21scatter_vmaddrelu_f16E10ub_addr8_tS0_S0_m] -> (nil)
AscendC: [_ZN7AscendC21scatter_vmaddrelu_f16E10ub_addr8_tS0_S0_httt] -> (nil)
AscendC: [_ZN7AscendC21scatter_vmaddrelu_f32E10ub_addr8_tS0_S0_m] -> (nil)
AscendC: [_ZN7AscendC21scatter_vmaddrelu_f32E10ub_addr8_tS0_S0_httt] -> (nil)
AscendC: [_ZN7AscendC12scatter_vmaxE7vtype_t10ub_addr8_tS1_S1_m] -> (nil)
AscendC: [_ZN7AscendC12scatter_vmaxE7vtype_t10ub_addr8_tS1_S1_httt] -> (nil)
AscendC: [_ZN7AscendC16scatter_vmax_f16E10ub_addr8_tS0_S0_m] -> (nil)
AscendC: [_ZN7AscendC16scatter_vmax_f16E10ub_addr8_tS0_S0_httt] -> (nil)
AscendC: [_ZN7AscendC16scatter_vmax_f32E10ub_addr8_tS0_S0_m] -> (nil)
AscendC: [_ZN7AscendC16scatter_vmax_f32E10ub_addr8_tS0_S0_httt] -> (nil)
AscendC: [_ZN7AscendC16scatter_vmax_s16E10ub_addr8_tS0_S0_m] -> (nil)
AscendC: [_ZN7AscendC16scatter_vmax_s16E10ub_addr8_tS0_S0_httt] -> (nil)
AscendC: [_ZN7AscendC16scatter_vmax_s32E10ub_addr8_tS0_S0_m] -> (nil)
AscendC: [_ZN7AscendC16scatter_vmax_s32E10ub_addr8_tS0_S0_httt] -> (nil)
AscendC: [_ZN7AscendC17scatter_vmaxs_f16E10ub_addr8_tS0_N7float165Fp16TEm] -> (nil)
AscendC: [_ZN7AscendC17scatter_vmaxs_f16E10ub_addr8_tS0_N7float165Fp16TEhtt] -> (nil)
AscendC: [_ZN7AscendC17scatter_vmaxs_f32E10ub_addr8_tS0_fm] -> (nil)
AscendC: [_ZN7AscendC17scatter_vmaxs_f32E10ub_addr8_tS0_fhtt] -> (nil)
AscendC: [_ZN7AscendC17scatter_vmaxs_s16E10ub_addr8_tS0_sm] -> (nil)
AscendC: [_ZN7AscendC17scatter_vmaxs_s16E10ub_addr8_tS0_shtt] -> (nil)
AscendC: [_ZN7AscendC17scatter_vmaxs_s32E10ub_addr8_tS0_im] -> (nil)
AscendC: [_ZN7AscendC17scatter_vmaxs_s32E10ub_addr8_tS0_ihtt] -> (nil)
AscendC: [_ZN7AscendC12scatter_vminE7vtype_t10ub_addr8_tS1_S1_m] -> (nil)
AscendC: [_ZN7AscendC12scatter_vminE7vtype_t10ub_addr8_tS1_S1_httt] -> (nil)
AscendC: [_ZN7AscendC16scatter_vmin_f16E10ub_addr8_tS0_S0_m] -> (nil)
AscendC: [_ZN7AscendC16scatter_vmin_f16E10ub_addr8_tS0_S0_httt] -> (nil)
AscendC: [_ZN7AscendC16scatter_vmin_f32E10ub_addr8_tS0_S0_m] -> (nil)
AscendC: [_ZN7AscendC16scatter_vmin_f32E10ub_addr8_tS0_S0_httt] -> (nil)
AscendC: [_ZN7AscendC16scatter_vmin_s16E10ub_addr8_tS0_S0_m] -> (nil)
AscendC: [_ZN7AscendC16scatter_vmin_s16E10ub_addr8_tS0_S0_httt] -> (nil)
AscendC: [_ZN7AscendC16scatter_vmin_s32E10ub_addr8_tS0_S0_m] -> (nil)
AscendC: [_ZN7AscendC16scatter_vmin_s32E10ub_addr8_tS0_S0_httt] -> (nil)
AscendC: [_ZN7AscendC17scatter_vmins_f16E10ub_addr8_tS0_N7float165Fp16TEm] -> (nil)
AscendC: [_ZN7AscendC17scatter_vmins_f16E10ub_addr8_tS0_N7float165Fp16TEhtt] -> (nil)
AscendC: [_ZN7AscendC17scatter_vmins_f32E10ub_addr8_tS0_fm] -> (nil)
AscendC: [_ZN7AscendC17scatter_vmins_f32E10ub_addr8_tS0_fhtt] -> (nil)
AscendC: [_ZN7AscendC17scatter_vmins_s16E10ub_addr8_tS0_sm] -> (nil)
AscendC: [_ZN7AscendC17scatter_vmins_s16E10ub_addr8_tS0_shtt] -> (nil)
AscendC: [_ZN7AscendC17scatter_vmins_s32E10ub_addr8_tS0_im] -> (nil)
AscendC: [_ZN7AscendC17scatter_vmins_s32E10ub_addr8_tS0_ihtt] -> (nil)
AscendC: [_ZN7AscendC12scatter_vmlaE7vtype_t10ub_addr8_tS1_S1_m] -> (nil)
AscendC: [_ZN7AscendC12scatter_vmlaE7vtype_t10ub_addr8_tS1_S1_httt] -> (nil)
AscendC: [_ZN7AscendC16scatter_vmla_f16E10ub_addr8_tS0_S0_m] -> (nil)
AscendC: [_ZN7AscendC16scatter_vmla_f16E10ub_addr8_tS0_S0_httt] -> (nil)
AscendC: [_ZN7AscendC16scatter_vmla_f32E10ub_addr8_tS0_S0_m] -> (nil)
AscendC: [_ZN7AscendC16scatter_vmla_f32E10ub_addr8_tS0_S0_httt] -> (nil)
AscendC: [_ZN7AscendC17scatter_vmla_fmixE10ub_addr8_tS0_S0_m] -> (nil)
AscendC: [_ZN7AscendC17scatter_vmla_fmixE10ub_addr8_tS0_S0_httt] -> (nil)
AscendC: [_ZN7AscendC12scatter_vmulE7vtype_t10ub_addr8_tS1_S1_m] -> (nil)
AscendC: [_ZN7AscendC12scatter_vmulE7vtype_t10ub_addr8_tS1_S1_httt] -> (nil)
AscendC: [_ZN7AscendC16scatter_vmul_f16E10ub_addr8_tS0_S0_m] -> (nil)
AscendC: [_ZN7AscendC16scatter_vmul_f16E10ub_addr8_tS0_S0_httt] -> (nil)
AscendC: [_ZN7AscendC16scatter_vmul_f32E10ub_addr8_tS0_S0_m] -> (nil)
AscendC: [_ZN7AscendC16scatter_vmul_f32E10ub_addr8_tS0_S0_httt] -> (nil)
AscendC: [_ZN7AscendC16scatter_vmul_s16E10ub_addr8_tS0_S0_m] -> (nil)
AscendC: [_ZN7AscendC16scatter_vmul_s16E10ub_addr8_tS0_S0_httt] -> (nil)
AscendC: [_ZN7AscendC16scatter_vmul_s32E10ub_addr8_tS0_S0_m] -> (nil)
AscendC: [_ZN7AscendC16scatter_vmul_s32E10ub_addr8_tS0_S0_httt] -> (nil)
AscendC: [_ZN7AscendC23scatter_vmulconv_f162s8E10ub_addr8_tS0_S0_mb] -> (nil)
AscendC: [_ZN7AscendC23scatter_vmulconv_f162s8E10ub_addr8_tS0_S0_htttb] -> (nil)
AscendC: [_ZN7AscendC23scatter_vmulconv_f162u8E10ub_addr8_tS0_S0_mb] -> (nil)
AscendC: [_ZN7AscendC23scatter_vmulconv_f162u8E10ub_addr8_tS0_S0_htttb] -> (nil)
AscendC: [_ZN7AscendC13scatter_vmulsE7vtype_t10ub_addr8_tS1_N7float165Fp16TEm] -> (nil)
AscendC: [_ZN7AscendC13scatter_vmulsE7vtype_t10ub_addr8_tS1_N7float165Fp16TEhtt] -> (nil)
AscendC: [_ZN7AscendC13scatter_vmulsE7vtype_t10ub_addr8_tS1_fm] -> (nil)
AscendC: [_ZN7AscendC13scatter_vmulsE7vtype_t10ub_addr8_tS1_fhtt] -> (nil)
AscendC: [_ZN7AscendC17scatter_vmuls_f16E10ub_addr8_tS0_N7float165Fp16TEm] -> (nil)
AscendC: [_ZN7AscendC17scatter_vmuls_f16E10ub_addr8_tS0_N7float165Fp16TEhtt] -> (nil)
AscendC: [_ZN7AscendC17scatter_vmuls_f32E10ub_addr8_tS0_fm] -> (nil)
AscendC: [_ZN7AscendC17scatter_vmuls_f32E10ub_addr8_tS0_fhtt] -> (nil)
AscendC: [_ZN7AscendC17scatter_vmuls_s16E10ub_addr8_tS0_sm] -> (nil)
AscendC: [_ZN7AscendC17scatter_vmuls_s16E10ub_addr8_tS0_shtt] -> (nil)
AscendC: [_ZN7AscendC17scatter_vmuls_s32E10ub_addr8_tS0_im] -> (nil)
AscendC: [_ZN7AscendC17scatter_vmuls_s32E10ub_addr8_tS0_ihtt] -> (nil)
AscendC: [_ZN7AscendC21scatter_vnchwconv_b16E10ub_addr8_tPsm] -> (nil)
AscendC: [_ZN7AscendC21scatter_vnchwconv_b16E10ub_addr8_tPshtt] -> (nil)
AscendC: [_ZN7AscendC21scatter_vnchwconv_b16E10ub_addr8_tPtm] -> (nil)
AscendC: [_ZN7AscendC21scatter_vnchwconv_b16E10ub_addr8_tPthtt] -> (nil)
AscendC: [_ZN7AscendC21scatter_vnchwconv_b16EPs10ub_addr8_tm] -> (nil)
AscendC: [_ZN7AscendC21scatter_vnchwconv_b16EPs10ub_addr8_thtt] -> (nil)
AscendC: [_ZN7AscendC21scatter_vnchwconv_b16EPt10ub_addr8_tm] -> (nil)
AscendC: [_ZN7AscendC21scatter_vnchwconv_b16EPt10ub_addr8_thtt] -> (nil)
AscendC: [_ZN7AscendC21scatter_vnchwconv_b16E10ub_addr8_tS0_m] -> (nil)
AscendC: [_ZN7AscendC21scatter_vnchwconv_b16E10ub_addr8_tS0_htt] -> 0xffff8e3b2cb8
AscendC: [_ZN7AscendC21scatter_vnchwconv_b32E10ub_addr8_tPim] -> (nil)
AscendC: [_ZN7AscendC21scatter_vnchwconv_b32E10ub_addr8_tPihtt] -> (nil)
AscendC: [_ZN7AscendC21scatter_vnchwconv_b32E10ub_addr8_tPjm] -> (nil)
AscendC: [_ZN7AscendC21scatter_vnchwconv_b32E10ub_addr8_tPjhtt] -> (nil)
AscendC: [_ZN7AscendC21scatter_vnchwconv_b32EPi10ub_addr8_tm] -> (nil)
AscendC: [_ZN7AscendC21scatter_vnchwconv_b32EPi10ub_addr8_thtt] -> (nil)
AscendC: [_ZN7AscendC21scatter_vnchwconv_b32EPj10ub_addr8_tm] -> (nil)
AscendC: [_ZN7AscendC21scatter_vnchwconv_b32EPj10ub_addr8_thtt] -> (nil)
AscendC: [_ZN7AscendC21scatter_vnchwconv_b32E10ub_addr8_tS0_m] -> (nil)
AscendC: [_ZN7AscendC21scatter_vnchwconv_b32E10ub_addr8_tS0_htt] -> 0xffff8e3b2ca8
AscendC: [_ZN7AscendC20scatter_vnchwconv_b8E10ub_addr8_tPambb] -> (nil)
AscendC: [_ZN7AscendC20scatter_vnchwconv_b8E10ub_addr8_tPahttbb] -> (nil)
AscendC: [_ZN7AscendC20scatter_vnchwconv_b8E10ub_addr8_tPhmbb] -> (nil)
AscendC: [_ZN7AscendC20scatter_vnchwconv_b8E10ub_addr8_tPhhttbb] -> (nil)
AscendC: [_ZN7AscendC20scatter_vnchwconv_b8EPa10ub_addr8_tmbb] -> (nil)
AscendC: [_ZN7AscendC20scatter_vnchwconv_b8EPa10ub_addr8_thttbb] -> (nil)
AscendC: [_ZN7AscendC20scatter_vnchwconv_b8EPh10ub_addr8_tmbb] -> (nil)
AscendC: [_ZN7AscendC20scatter_vnchwconv_b8EPh10ub_addr8_thttbb] -> (nil)
AscendC: [_ZN7AscendC20scatter_vnchwconv_b8E10ub_addr8_tS0_mbb] -> (nil)
AscendC: [_ZN7AscendC20scatter_vnchwconv_b8E10ub_addr8_tS0_httbb] -> 0xffff8e3b2cc8
AscendC: [_ZN7AscendC12scatter_vrecE7vtype_t10ub_addr8_tS1_m] -> (nil)
AscendC: [_ZN7AscendC12scatter_vrecE7vtype_t10ub_addr8_tS1_htt] -> (nil)
AscendC: [_ZN7AscendC16scatter_vrec_f16E10ub_addr8_tS0_m] -> (nil)
AscendC: [_ZN7AscendC16scatter_vrec_f16E10ub_addr8_tS0_htt] -> (nil)
AscendC: [_ZN7AscendC16scatter_vrec_f32E10ub_addr8_tS0_m] -> (nil)
AscendC: [_ZN7AscendC16scatter_vrec_f32E10ub_addr8_tS0_htt] -> (nil)
AscendC: [_ZN7AscendC13scatter_vreluE7vtype_t10ub_addr8_tS1_m] -> (nil)
AscendC: [_ZN7AscendC13scatter_vreluE7vtype_t10ub_addr8_tS1_htt] -> (nil)
AscendC: [_ZN7AscendC17scatter_vrelu_f16E10ub_addr8_tS0_m] -> (nil)
AscendC: [_ZN7AscendC17scatter_vrelu_f16E10ub_addr8_tS0_htt] -> (nil)
AscendC: [_ZN7AscendC17scatter_vrelu_f32E10ub_addr8_tS0_m] -> (nil)
AscendC: [_ZN7AscendC17scatter_vrelu_f32E10ub_addr8_tS0_htt] -> (nil)
AscendC: [_ZN7AscendC17scatter_vrelu_s32E10ub_addr8_tS0_m] -> (nil)
AscendC: [_ZN7AscendC17scatter_vrelu_s32E10ub_addr8_tS0_htt] -> (nil)
AscendC: [_ZN7AscendC14scatter_vrsqrtE7vtype_t10ub_addr8_tS1_m] -> (nil)
AscendC: [_ZN7AscendC14scatter_vrsqrtE7vtype_t10ub_addr8_tS1_htt] -> (nil)
AscendC: [_ZN7AscendC18scatter_vrsqrt_f16E10ub_addr8_tS0_m] -> (nil)
AscendC: [_ZN7AscendC18scatter_vrsqrt_f16E10ub_addr8_tS0_htt] -> (nil)
AscendC: [_ZN7AscendC18scatter_vrsqrt_f32E10ub_addr8_tS0_m] -> (nil)
AscendC: [_ZN7AscendC18scatter_vrsqrt_f32E10ub_addr8_tS0_htt] -> (nil)
AscendC: [_ZN7AscendC16scatter_vscmergeEPt10ub_addr8_tm] -> (nil)
AscendC: [_ZN7AscendC16scatter_vscmergeEPt10ub_addr8_tth] -> (nil)
AscendC: [_ZN7AscendC16scatter_vscmergeEPh10ub_addr8_tm] -> (nil)
AscendC: [_ZN7AscendC16scatter_vscmergeEPh10ub_addr8_tth] -> (nil)
AscendC: [_ZN7AscendC16scatter_vscmergeEPN7float165Fp16TE10ub_addr8_tm] -> (nil)
AscendC: [_ZN7AscendC16scatter_vscmergeEPN7float165Fp16TE10ub_addr8_tth] -> (nil)
AscendC: [_ZN7AscendC20scatter_vscmerge_b16EPt10ub_addr8_tm] -> (nil)
AscendC: [_ZN7AscendC20scatter_vscmerge_b16EPt10ub_addr8_tth] -> (nil)
AscendC: [_ZN7AscendC19scatter_vscmerge_b8EPh10ub_addr8_tm] -> (nil)
AscendC: [_ZN7AscendC19scatter_vscmerge_b8EPh10ub_addr8_tth] -> (nil)
AscendC: [_ZN7AscendC20scatter_vscmerge_f16EPN7float165Fp16TE10ub_addr8_tm] -> (nil)
AscendC: [_ZN7AscendC20scatter_vscmerge_f16EPN7float165Fp16TE10ub_addr8_tth] -> (nil)
AscendC: [_ZN7AscendC16scatter_vscsplitE10ub_addr8_tPtm] -> (nil)
AscendC: [_ZN7AscendC16scatter_vscsplitE10ub_addr8_tPtth] -> (nil)
AscendC: [_ZN7AscendC16scatter_vscsplitE10ub_addr8_tPhm] -> (nil)
AscendC: [_ZN7AscendC16scatter_vscsplitE10ub_addr8_tPhth] -> (nil)
AscendC: [_ZN7AscendC16scatter_vscsplitE10ub_addr8_tPN7float165Fp16TEm] -> (nil)
AscendC: [_ZN7AscendC16scatter_vscsplitE10ub_addr8_tPN7float165Fp16TEth] -> (nil)
AscendC: [_ZN7AscendC20scatter_vscsplit_b16E10ub_addr8_tPtm] -> (nil)
AscendC: [_ZN7AscendC20scatter_vscsplit_b16E10ub_addr8_tPtth] -> (nil)
AscendC: [_ZN7AscendC20scatter_vscsplit_b16E10ub_addr8_tPsm] -> (nil)
AscendC: [_ZN7AscendC20scatter_vscsplit_b16E10ub_addr8_tPsth] -> (nil)
AscendC: [_ZN7AscendC19scatter_vscsplit_b8E10ub_addr8_tPhm] -> (nil)
AscendC: [_ZN7AscendC19scatter_vscsplit_b8E10ub_addr8_tPhth] -> (nil)
AscendC: [_ZN7AscendC19scatter_vscsplit_b8E10ub_addr8_tPam] -> (nil)
AscendC: [_ZN7AscendC19scatter_vscsplit_b8E10ub_addr8_tPath] -> (nil)
AscendC: [_ZN7AscendC20scatter_vscsplit_f16E10ub_addr8_tPN7float165Fp16TEm] -> (nil)
AscendC: [_ZN7AscendC20scatter_vscsplit_f16E10ub_addr8_tPN7float165Fp16TEth] -> (nil)
AscendC: [_ZN7AscendC12scatter_vselE7vtype_t10ub_addr8_tS1_S1_m] -> (nil)
AscendC: [_ZN7AscendC12scatter_vselE7vtype_t10ub_addr8_tS1_S1_httt] -> (nil)
AscendC: [_ZN7AscendC16scatter_vsel_f16E10ub_addr8_tS0_S0_m] -> (nil)
AscendC: [_ZN7AscendC16scatter_vsel_f16E10ub_addr8_tS0_S0_httth] -> (nil)
AscendC: [_ZN7AscendC16scatter_vsel_f32E10ub_addr8_tS0_S0_m] -> (nil)
AscendC: [_ZN7AscendC16scatter_vsel_f32E10ub_addr8_tS0_S0_httth] -> (nil)
AscendC: [_ZN7AscendC13scatter_vsqrtE7vtype_t10ub_addr8_tS1_m] -> (nil)
AscendC: [_ZN7AscendC13scatter_vsqrtE7vtype_t10ub_addr8_tS1_htt] -> (nil)
AscendC: [_ZN7AscendC17scatter_vsqrt_f16E10ub_addr8_tS0_m] -> (nil)
AscendC: [_ZN7AscendC17scatter_vsqrt_f16E10ub_addr8_tS0_htt] -> (nil)
AscendC: [_ZN7AscendC17scatter_vsqrt_f32E10ub_addr8_tS0_m] -> (nil)
AscendC: [_ZN7AscendC17scatter_vsqrt_f32E10ub_addr8_tS0_htt] -> (nil)
AscendC: [_ZN7AscendC12scatter_vsubE7vtype_t10ub_addr8_tS1_S1_m] -> (nil)
AscendC: [_ZN7AscendC12scatter_vsubE7vtype_t10ub_addr8_tS1_S1_httt] -> (nil)
AscendC: [_ZN7AscendC16scatter_vsub_f16E10ub_addr8_tS0_S0_m] -> (nil)
AscendC: [_ZN7AscendC16scatter_vsub_f16E10ub_addr8_tS0_S0_httt] -> (nil)
AscendC: [_ZN7AscendC16scatter_vsub_f32E10ub_addr8_tS0_S0_m] -> (nil)
AscendC: [_ZN7AscendC16scatter_vsub_f32E10ub_addr8_tS0_S0_httt] -> (nil)
AscendC: [_ZN7AscendC16scatter_vsub_s16E10ub_addr8_tS0_S0_m] -> (nil)
AscendC: [_ZN7AscendC16scatter_vsub_s16E10ub_addr8_tS0_S0_httt] -> (nil)
AscendC: [_ZN7AscendC16scatter_vsub_s32E10ub_addr8_tS0_S0_m] -> (nil)
AscendC: [_ZN7AscendC16scatter_vsub_s32E10ub_addr8_tS0_S0_httt] -> (nil)
AscendC: [_ZN7AscendC14set_aipp_spr_0Em] -> 0xffff8e31fe48
AscendC: [_ZN7AscendC14set_aipp_spr_1Em] -> 0xffff8e31ffd8
AscendC: [_ZN7AscendC15set_aipp_spr_10Em] -> (nil)
AscendC: [_ZN7AscendC15set_aipp_spr_11Em] -> (nil)
AscendC: [_ZN7AscendC15set_aipp_spr_12Em] -> (nil)
AscendC: [_ZN7AscendC15set_aipp_spr_13Em] -> (nil)
AscendC: [_ZN7AscendC15set_aipp_spr_14Em] -> (nil)
AscendC: [_ZN7AscendC15set_aipp_spr_15Em] -> (nil)
AscendC: [_ZN7AscendC15set_aipp_spr_16Em] -> (nil)
AscendC: [_ZN7AscendC15set_aipp_spr_17Em] -> (nil)
AscendC: [_ZN7AscendC15set_aipp_spr_18Em] -> (nil)
AscendC: [_ZN7AscendC15set_aipp_spr_19Em] -> (nil)
AscendC: [_ZN7AscendC14set_aipp_spr_2Em] -> 0xffff8e320170
AscendC: [_ZN7AscendC15set_aipp_spr_20Em] -> (nil)
AscendC: [_ZN7AscendC15set_aipp_spr_21Em] -> (nil)
AscendC: [_ZN7AscendC15set_aipp_spr_22Em] -> (nil)
AscendC: [_ZN7AscendC15set_aipp_spr_23Em] -> (nil)
AscendC: [_ZN7AscendC15set_aipp_spr_24Em] -> (nil)
AscendC: [_ZN7AscendC15set_aipp_spr_25Em] -> (nil)
AscendC: [_ZN7AscendC15set_aipp_spr_26Em] -> (nil)
AscendC: [_ZN7AscendC15set_aipp_spr_27Em] -> (nil)
AscendC: [_ZN7AscendC15set_aipp_spr_28Em] -> (nil)
AscendC: [_ZN7AscendC15set_aipp_spr_29Em] -> (nil)
AscendC: [_ZN7AscendC14set_aipp_spr_3Em] -> 0xffff8e320308
AscendC: [_ZN7AscendC15set_aipp_spr_30Em] -> (nil)
AscendC: [_ZN7AscendC15set_aipp_spr_31Em] -> (nil)
AscendC: [_ZN7AscendC14set_aipp_spr_4Em] -> 0xffff8e3204a0
AscendC: [_ZN7AscendC14set_aipp_spr_5Em] -> 0xffff8e320638
AscendC: [_ZN7AscendC14set_aipp_spr_6Em] -> 0xffff8e3207d0
AscendC: [_ZN7AscendC14set_aipp_spr_7Em] -> 0xffff8e320968
AscendC: [_ZN7AscendC14set_aipp_spr_8Em] -> 0xffff8e320b00
AscendC: [_ZN7AscendC14set_aipp_spr_9Em] -> 0xffff8e320c98
AscendC: [_ZN7AscendC14set_atomic_addEv] -> 0xffff8e30bea0
AscendC: [_ZN7AscendC15set_atomic_bf16Ev] -> 0xffff8e322008
AscendC: [_ZN7AscendC14set_atomic_f16Ev] -> 0xffff8e321cf8
AscendC: [_ZN7AscendC14set_atomic_f32Ev] -> 0xffff8e321b70
AscendC: [_ZN7AscendC14set_atomic_maxEv] -> 0xffff8e30bec0
AscendC: [_ZN7AscendC14set_atomic_minEv] -> 0xffff8e30bee8
AscendC: [_ZN7AscendC15set_atomic_noneEv] -> 0xffff8e3219e8
AscendC: [_ZN7AscendC14set_atomic_s16Ev] -> 0xffff8e321e80
AscendC: [_ZN7AscendC14set_atomic_s32Ev] -> 0xffff8e322318
AscendC: [_ZN7AscendC13set_atomic_s8Ev] -> 0xffff8e322190
AscendC: [_ZN7AscendC18set_cache_normreadEv] -> (nil)
AscendC: [_ZN7AscendC22set_cache_notwritebackEv] -> (nil)
AscendC: [_ZN7AscendC17set_cache_readinvEv] -> (nil)
AscendC: [_ZN7AscendC18set_cache_readlastEv] -> (nil)
AscendC: [_ZN7AscendC16set_channel_paraEm] -> (nil)
AscendC: [_ZN7AscendC11set_cmpmaskEPv] -> 0xffff8e325e70
AscendC: [_ZN7AscendC8set_condEm] -> 0xffff8e329ad8
AscendC: [_ZN7AscendC18set_condition_flagEm] -> 0xffff8e329e70
AscendC: [_ZN7AscendC8set_ctrlEm] -> 0xffff8e325208
AscendC: [_ZN7AscendC14set_data_exp_0Em] -> 0xffff8e327190
AscendC: [_ZN7AscendC14set_data_exp_1Em] -> 0xffff8e3272c0
AscendC: [_ZN7AscendC14set_data_exp_2Em] -> 0xffff8e3273f0
AscendC: [_ZN7AscendC14set_data_exp_3Em] -> 0xffff8e327520
AscendC: [_ZN7AscendC12set_deqscaleEN7float165Fp16TE] -> 0xffff8e3236e0
AscendC: [_ZN7AscendC12set_deqscaleEm] -> 0xffff8e323860
AscendC: [_ZN7AscendC18set_elt_antiq_paraEm] -> (nil)
AscendC: [_ZN7AscendC16set_elt_src_paraEm] -> (nil)
AscendC: [_ZN7AscendC12set_fcol2imgEm] -> (nil)
AscendC: [_ZN7AscendC18set_ffts_base_addrEm] -> 0xffff8e324768
AscendC: [_ZN7AscendC17set_fix_clip_reluEm] -> (nil)
AscendC: [_ZN7AscendC13set_fixp_addrEm] -> (nil)
AscendC: [_ZN7AscendC8set_flagE6pipe_tS0_7event_t] -> 0xffff8e3279c8
AscendC: [_ZN7AscendC8set_flagE6pipe_t7event_t] -> (nil)
AscendC: [_ZN7AscendC8set_flagE6pipe_tS0_m] -> 0xffff8e328098
AscendC: [_ZN7AscendC8set_flagE6pipe_tm] -> (nil)
AscendC: [_ZN7AscendC11set_fmatrixEm] -> 0xffff8e3235b0
AscendC: [_ZN7AscendC13set_fmatrix_bEm] -> 0xffff8e323c58
AscendC: [_ZN7AscendC18set_fmatrix_dual_0Em] -> (nil)
AscendC: [_ZN7AscendC18set_fmatrix_dual_1Em] -> (nil)
AscendC: [_ZN7AscendC7set_fpcEm] -> 0xffff8e323eb8
AscendC: [_ZN7AscendC9set_fpdeqEm] -> (nil)
AscendC: [_ZN7AscendC16set_l0_set_valueEN7float165Fp16TE] -> (nil)
AscendC: [_ZN7AscendC16set_l0_set_valueEj] -> (nil)
AscendC: [_ZN7AscendC10set_l0a_2dEPvl] -> (nil)
AscendC: [_ZN7AscendC10set_l0a_2dEPN7float165Fp16TEl] -> (nil)
AscendC: [_ZN7AscendC10set_l0a_2dEPfl] -> (nil)
AscendC: [_ZN7AscendC10set_l0a_2dEPsl] -> (nil)
AscendC: [_ZN7AscendC10set_l0a_2dEPil] -> (nil)
AscendC: [_ZN7AscendC10set_l0a_2dEPtl] -> (nil)
AscendC: [_ZN7AscendC10set_l0a_2dEPjl] -> (nil)
AscendC: [_ZN7AscendC10set_l0b_2dEPvl] -> (nil)
AscendC: [_ZN7AscendC10set_l0b_2dEPN7float165Fp16TEl] -> (nil)
AscendC: [_ZN7AscendC10set_l0b_2dEPfl] -> (nil)
AscendC: [_ZN7AscendC10set_l0b_2dEPsl] -> (nil)
AscendC: [_ZN7AscendC10set_l0b_2dEPil] -> (nil)
AscendC: [_ZN7AscendC10set_l0b_2dEPtl] -> (nil)
AscendC: [_ZN7AscendC10set_l0b_2dEPjl] -> (nil)
AscendC: [_ZN7AscendC9set_l1_2dEPvl] -> (nil)
AscendC: [_ZN7AscendC9set_l1_2dEPN7float165Fp16TEl] -> (nil)
AscendC: [_ZN7AscendC9set_l1_2dEPfl] -> (nil)
AscendC: [_ZN7AscendC9set_l1_2dEPsl] -> (nil)
AscendC: [_ZN7AscendC9set_l1_2dEPil] -> (nil)
AscendC: [_ZN7AscendC9set_l1_2dEPtl] -> (nil)
AscendC: [_ZN7AscendC9set_l1_2dEPjl] -> (nil)
AscendC: [_ZN7AscendC14set_l1_3d_sizeEm] -> 0xffff8e326040
AscendC: [_ZN7AscendC11set_l3d_rptEm] -> 0xffff8e361310
AscendC: [_ZN7AscendC14set_loop3_paraEm] -> (nil)
AscendC: [_ZN7AscendC15set_low_pre_tblEm] -> (nil)
AscendC: [_ZN7AscendC9set_lpcntEm] -> (nil)
AscendC: [_ZN7AscendC15set_lrelu_alphaEm] -> (nil)
AscendC: [_ZN7AscendC15set_lrelu_alphaEN7float165Fp16TE] -> 0xffff8e323ad0
AscendC: [_ZN7AscendC15set_lrelu_alphaEf] -> 0xffff8e323990
AscendC: [_ZN7AscendC14set_mask_countEv] -> 0xffff8e324940
AscendC: [_ZN7AscendC13set_mask_normEv] -> 0xffff8e324a60
AscendC: [_ZN7AscendC15set_mov_pad_valEm] -> 0xffff8e30ded0
AscendC: [_ZN7AscendC11set_nd_paraEm] -> 0xffff8e323fe8
AscendC: [_ZN7AscendC11set_paddingEm] -> 0xffff8e361148
AscendC: [_ZN7AscendC11set_paddingEN7float165Fp16TE] -> 0xffff8e361440
AscendC: [_ZN7AscendC11set_paddingEs] -> 0xffff8e360f80
AscendC: [_ZN7AscendC11set_paddingEt] -> 0xffff8e360db8
AscendC: [_ZN7AscendC16set_pcie_rd_ctrlEm] -> (nil)
AscendC: [_ZN7AscendC16set_pcie_wr_ctrlEm] -> (nil)
AscendC: [_ZN7AscendC11set_pnt_coeEm] -> (nil)
AscendC: [_ZN7AscendC14set_quant_postEm] -> (nil)
AscendC: [_ZN7AscendC13set_quant_preEm] -> 0xffff8e323d88
AscendC: [_ZN7AscendC19set_rawheader_to_gmEPvm] -> (nil)
AscendC: [_ZN7AscendC19set_rawheader_to_gmEPvtbh] -> (nil)
AscendC: [_ZN7AscendC14set_relu_alphaEm] -> (nil)
AscendC: [_ZN7AscendC12set_reqscaleEm] -> (nil)
AscendC: [_ZN7AscendC14set_rpn_cor_irEm] -> (nil)
AscendC: [_ZN7AscendC14set_rpn_offsetEN7float165Fp16TE] -> (nil)
AscendC: [_ZN7AscendC17set_safety_crc_enEm] -> (nil)
AscendC: [_ZN7AscendC19set_safety_crc_excpEm] -> (nil)
AscendC: [_ZN7AscendC15set_smask_indexEm] -> (nil)
AscendC: [_ZN7AscendC17set_st_atomic_cfgEm] -> (nil)
AscendC: [_ZN7AscendC17set_st_atomic_cfgE13atomic_type_t11atomic_op_t] -> 0xffff8e32a208
AscendC: [_ZN7AscendC13set_va_reg_sbE10ub_addr8_tPm] -> 0xffff8e3b2220
AscendC: [_ZN7AscendC15set_vector_maskEmm] -> 0xffff8e324788
AscendC: [_ZN7AscendC19set_vector_mask_dupEm] -> (nil)
AscendC: [_ZN7AscendC9set_vpipeEm] -> (nil)
AscendC: [_ZN7AscendC7set_vspEm] -> (nil)
AscendC: [_ZN7AscendC4sff0Em] -> 0xffff8e324ba0
AscendC: [_ZN7AscendC4sff1Em] -> 0xffff8e324bd0
AscendC: [_ZN7AscendC7sflbitsEl] -> 0xffff8e324c80
AscendC: [_ZN7AscendC6st_devEtPts] -> (nil)
AscendC: [_ZN7AscendC6st_devEjPjs] -> (nil)
AscendC: [_ZN7AscendC6st_devEmPms] -> (nil)
AscendC: [_ZN7AscendC6st_devEhPhs] -> (nil)
AscendC: [_ZN7AscendC21store_l1_to_out_imageEPN7float165Fp16TES2_mm] -> (nil)
AscendC: [_ZN7AscendC21store_l1_to_out_imageEPN7float165Fp16TES2_thththbhm] -> (nil)
AscendC: [_ZN7AscendC21store_l1_to_out_imageEPsS0_mm] -> (nil)
AscendC: [_ZN7AscendC21store_l1_to_out_imageEPsS0_thththbhm] -> (nil)
AscendC: [_ZN7AscendC4trapEm] -> 0xffff8e326238
AscendC: [_ZN7AscendC6plt_b8ERj7Literal] -> (nil)
AscendC: [_ZN7AscendC7plt_b16ERj7Literal] -> (nil)
AscendC: [_ZN7AscendC7plt_b32ERj7Literal] -> (nil)
AscendC: [_ZN7AscendC7pltm_b8Etj] -> (nil)
AscendC: [_ZN7AscendC8pltm_b16Etj] -> (nil)
AscendC: [_ZN7AscendC8pltm_b32Etj] -> (nil)
AscendC: [_ZN7AscendC7vag_b32Et] -> (nil)
AscendC: [_ZN7AscendC7vag_b32Ett] -> (nil)
AscendC: [_ZN7AscendC7vag_b32Ettt] -> (nil)
AscendC: [_ZN7AscendC7vag_b32Etttt] -> (nil)
AscendC: [_ZN7AscendC7vag_b16Et] -> (nil)
AscendC: [_ZN7AscendC7vag_b16Ett] -> (nil)
AscendC: [_ZN7AscendC7vag_b16Ettt] -> (nil)
AscendC: [_ZN7AscendC7vag_b16Etttt] -> (nil)
AscendC: [_ZN7AscendC4trapEv] -> (nil)
AscendC: [_ZN7AscendC7mem_barE7Literal] -> (nil)
AscendC: [_ZN7AscendC4vaddERA64_iPiS2_h7Literal] -> (nil)
AscendC: [_ZN7AscendC4vaddERA64_jPjS2_h7Literal] -> (nil)
AscendC: [_ZN7AscendC4vaddERA128_sPsS2_h7Literal] -> (nil)
AscendC: [_ZN7AscendC4vaddERA128_tPtS2_h7Literal] -> (nil)
AscendC: [_ZN7AscendC4vaddERA256_aPaS2_h7Literal] -> (nil)
AscendC: [_ZN7AscendC4vaddERA256_hPhS2_h7Literal] -> (nil)
AscendC: [_ZN7AscendC4vaddERA64_fPfS2_h7Literal] -> (nil)
AscendC: [_ZN7AscendC4vaddERA128_N7float165Fp16TEPS1_S4_h7Literal] -> (nil)
AscendC: [_ZN7AscendC4vabsERA64_fPfh7Literal] -> (nil)
AscendC: [_ZN7AscendC4vabsERA128_N7float165Fp16TEPS1_h7Literal] -> (nil)
AscendC: [_ZN7AscendC4vabsERA256_aPah7Literal] -> (nil)
AscendC: [_ZN7AscendC4vabsERA128_sPsh7Literal] -> (nil)
AscendC: [_ZN7AscendC4vabsERA64_iPih7Literal] -> (nil)
AscendC: [_ZN7AscendC4vrecERA64_fPfh7Literal] -> (nil)
AscendC: [_ZN7AscendC4vrecERA128_N7float165Fp16TEPS1_h7Literal] -> (nil)
AscendC: [_ZN7AscendC6vrsqrtERA64_fPfh7Literal] -> (nil)
AscendC: [_ZN7AscendC6vrsqrtERA128_N7float165Fp16TEPS1_h7Literal] -> (nil)
AscendC: [_ZN7AscendC5vreluERA64_fPfh7Literal] -> (nil)
AscendC: [_ZN7AscendC5vreluERA128_N7float165Fp16TEPS1_h7Literal] -> (nil)
AscendC: [_ZN7AscendC5vreluERA64_iPih7Literal] -> (nil)
AscendC: [_ZN7AscendC5vsqrtERA64_fPfh7Literal] -> (nil)
AscendC: [_ZN7AscendC5vsqrtERA128_N7float165Fp16TEPS1_h7Literal] -> (nil)
AscendC: [_ZN7AscendC3vlnERA64_fPfh7Literal] -> (nil)
AscendC: [_ZN7AscendC3vlnERA128_N7float165Fp16TEPS1_h7Literal] -> (nil)
AscendC: [_ZN7AscendC4vexpERA64_fPfh7Literal] -> (nil)
AscendC: [_ZN7AscendC4vexpERA128_N7float165Fp16TEPS1_h7Literal] -> (nil)
AscendC: [_ZN7AscendC4vnotERA256_hPhh7Literal] -> (nil)
AscendC: [_ZN7AscendC4vnotERA256_aPah7Literal] -> (nil)
AscendC: [_ZN7AscendC4vnotERA128_tPth7Literal] -> (nil)
AscendC: [_ZN7AscendC4vnotERA128_sPsh7Literal] -> (nil)
AscendC: [_ZN7AscendC4vnotERA128_N7float165Fp16TEPS1_h7Literal] -> (nil)
AscendC: [_ZN7AscendC4vnotERA64_iPih7Literal] -> (nil)
AscendC: [_ZN7AscendC4vnotERA64_jPjh7Literal] -> (nil)
AscendC: [_ZN7AscendC4vnotERA64_fPfh7Literal] -> (nil)
AscendC: [_ZN7AscendC4pldsERhPji7Literal] -> (nil)
AscendC: [_ZN7AscendC4pldsERhRPji7LiteralS3_] -> (nil)
AscendC: [_ZN7AscendC8movp_b16Ev] -> (nil)
AscendC: [_ZN7AscendC8movp_b32Ev] -> (nil)
AscendC: [_ZN7AscendC4pstsEhPji7Literal] -> (nil)
AscendC: [_ZN7AscendC5ppackERhh7Literal] -> (nil)
AscendC: [_ZN7AscendC7punpackERhh7Literal] -> (nil)
AscendC: [_ZN7AscendC6vintlvERA256_hS1_PhS2_] -> (nil)
AscendC: [_ZN7AscendC6vintlvERA256_aS1_PaS2_] -> (nil)
AscendC: [_ZN7AscendC6vintlvERA128_N7float165Fp16TES3_PS1_S4_] -> (nil)
AscendC: [_ZN7AscendC6vintlvERA128_sS1_PsS2_] -> (nil)
AscendC: [_ZN7AscendC6vintlvERA128_tS1_PtS2_] -> (nil)
AscendC: [_ZN7AscendC6vintlvERA64_fS1_PfS2_] -> (nil)
AscendC: [_ZN7AscendC6vintlvERA64_iS1_PiS2_] -> (nil)
AscendC: [_ZN7AscendC6vintlvERA64_jS1_PjS2_] -> (nil)
AscendC: [_ZN7AscendC7vdintlvERA256_hS1_PhS2_] -> (nil)
AscendC: [_ZN7AscendC7vdintlvERA256_aS1_PaS2_] -> (nil)
AscendC: [_ZN7AscendC7vdintlvERA128_N7float165Fp16TES3_PS1_S4_] -> (nil)
AscendC: [_ZN7AscendC7vdintlvERA128_sS1_PsS2_] -> (nil)
AscendC: [_ZN7AscendC7vdintlvERA128_tS1_PtS2_] -> (nil)
AscendC: [_ZN7AscendC7vdintlvERA64_fS1_PfS2_] -> (nil)
AscendC: [_ZN7AscendC7vdintlvERA64_iS1_PiS2_] -> (nil)
AscendC: [_ZN7AscendC7vdintlvERA64_jS1_PjS2_] -> (nil)
AscendC: [_ZN7AscendC9pintlv_b8ERhS0_hh] -> (nil)
AscendC: [_ZN7AscendC10pintlv_b16ERhS0_hh] -> (nil)
AscendC: [_ZN7AscendC10pintlv_b32ERhS0_hh] -> (nil)
AscendC: [_ZN7AscendC10pdintlv_b8ERhS0_hh] -> (nil)
AscendC: [_ZN7AscendC11pdintlv_b16ERhS0_hh] -> (nil)
AscendC: [_ZN7AscendC11pdintlv_b32ERhS0_hh] -> (nil)
AscendC: [_ZN7AscendC5vsstbEPaS0_ih] -> (nil)
AscendC: [_ZN7AscendC5vsstbEPhS0_ih] -> (nil)
AscendC: [_ZN7AscendC5vsstbEPsS0_ih] -> (nil)
AscendC: [_ZN7AscendC5vsstbEPtS0_ih] -> (nil)
AscendC: [_ZN7AscendC5vsstbEPiS0_ih] -> (nil)
AscendC: [_ZN7AscendC5vsstbEPjS0_ih] -> (nil)
AscendC: [_ZN7AscendC5vsstbEPN8bfloat165Bf16TES2_ih] -> (nil)
AscendC: [_ZN7AscendC5vsstbEPN7float165Fp16TES2_ih] -> (nil)
AscendC: [_ZN7AscendC5vsstbEPfS0_ih] -> (nil)
AscendC: [_ZN7AscendC5vsstbEPaRS0_ih7Literal] -> (nil)
AscendC: [_ZN7AscendC5vsstbEPhRS0_ih7Literal] -> (nil)
AscendC: [_ZN7AscendC5vsstbEPsRS0_ih7Literal] -> (nil)
AscendC: [_ZN7AscendC5vsstbEPtRS0_ih7Literal] -> (nil)
AscendC: [_ZN7AscendC5vsstbEPiRS0_ih7Literal] -> (nil)
AscendC: [_ZN7AscendC5vsstbEPjRS0_ih7Literal] -> (nil)
AscendC: [_ZN7AscendC5vsstbEPN8bfloat165Bf16TERS2_ih7Literal] -> (nil)
AscendC: [_ZN7AscendC5vsstbEPN7float165Fp16TERS2_ih7Literal] -> (nil)
AscendC: [_ZN7AscendC5vsstbEPfRS0_ih7Literal] -> (nil)
AscendC: [_ZN7AscendC5vsldbERA256_aPaih] -> (nil)
AscendC: [_ZN7AscendC5vsldbERA256_hPhih] -> (nil)
AscendC: [_ZN7AscendC5vsldbERA128_sPsih] -> (nil)
AscendC: [_ZN7AscendC5vsldbERA128_tPtih] -> (nil)
AscendC: [_ZN7AscendC5vsldbERA64_iPiih] -> (nil)
AscendC: [_ZN7AscendC5vsldbERA64_jPjih] -> (nil)
AscendC: [_ZN7AscendC5vsldbERA32_lPlih] -> (nil)
AscendC: [_ZN7AscendC5vsldbERA128_N8bfloat165Bf16TEPS1_ih] -> (nil)
AscendC: [_ZN7AscendC5vsldbERA128_N7float165Fp16TEPS1_ih] -> (nil)
AscendC: [_ZN7AscendC5vsldbERA64_fPfih] -> (nil)
AscendC: [_ZN7AscendC5vsldbERA256_aRPaih7Literal] -> (nil)
AscendC: [_ZN7AscendC5vsldbERA256_hRPhih7Literal] -> (nil)
AscendC: [_ZN7AscendC5vsldbERA128_sRPsih7Literal] -> (nil)
AscendC: [_ZN7AscendC5vsldbERA128_tRPtih7Literal] -> (nil)
AscendC: [_ZN7AscendC5vsldbERA64_iRPiih7Literal] -> (nil)
AscendC: [_ZN7AscendC5vsldbERA64_jRPjih7Literal] -> (nil)
AscendC: [_ZN7AscendC5vsldbERA32_lRPlih7Literal] -> (nil)
AscendC: [_ZN7AscendC5vsldbERA128_N8bfloat165Bf16TERPS1_ih7Literal] -> (nil)
AscendC: [_ZN7AscendC5vsldbERA128_N7float165Fp16TERPS1_ih7Literal] -> (nil)
AscendC: [_ZN7AscendC5vsldbERA64_fRPfih7Literal] -> (nil)
AscendC: [_ZN7AscendC3vstEPaS0_i7Literalh] -> (nil)
AscendC: [_ZN7AscendC3vstEPhS0_i7Literalh] -> (nil)
AscendC: [_ZN7AscendC3vstEPsS0_i7Literalh] -> (nil)
AscendC: [_ZN7AscendC3vstEPtS0_i7Literalh] -> (nil)
AscendC: [_ZN7AscendC3vstEPiS0_i7Literalh] -> (nil)
AscendC: [_ZN7AscendC3vstEPjS0_i7Literalh] -> (nil)
AscendC: [_ZN7AscendC3vstEPmS0_i7Literalh] -> (nil)
AscendC: [_ZN7AscendC3vstEPlS0_i7Literalh] -> (nil)
AscendC: [_ZN7AscendC3vstEPN8bfloat165Bf16TES2_i7Literalh] -> (nil)
AscendC: [_ZN7AscendC3vstEPN7float165Fp16TES2_i7Literalh] -> (nil)
AscendC: [_ZN7AscendC3vstEPfS0_i7Literalh] -> (nil)
AscendC: [_ZN7AscendC3vstEPaS0_S0_i7Literalh] -> (nil)
AscendC: [_ZN7AscendC3vstEPhS0_S0_i7Literalh] -> (nil)
AscendC: [_ZN7AscendC3vstEPsS0_S0_i7Literalh] -> (nil)
AscendC: [_ZN7AscendC3vstEPtS0_S0_i7Literalh] -> (nil)
AscendC: [_ZN7AscendC3vstEPN8bfloat165Bf16TES2_S2_i7Literalh] -> (nil)
AscendC: [_ZN7AscendC3vstEPN7float165Fp16TES2_S2_i7Literalh] -> (nil)
AscendC: [_ZN7AscendC4vstsEPaS0_i7Literalh] -> (nil)
AscendC: [_ZN7AscendC4vstsEPhS0_i7Literalh] -> (nil)
AscendC: [_ZN7AscendC4vstsEPsS0_i7Literalh] -> (nil)
AscendC: [_ZN7AscendC4vstsEPtS0_i7Literalh] -> (nil)
AscendC: [_ZN7AscendC4vstsEPiS0_i7Literalh] -> (nil)
AscendC: [_ZN7AscendC4vstsEPjS0_i7Literalh] -> (nil)
AscendC: [_ZN7AscendC4vstsEPmS0_i7Literalh] -> (nil)
AscendC: [_ZN7AscendC4vstsEPlS0_i7Literalh] -> (nil)
AscendC: [_ZN7AscendC4vstsEPN8bfloat165Bf16TES2_i7Literalh] -> (nil)
AscendC: [_ZN7AscendC4vstsEPN7float165Fp16TES2_i7Literalh] -> (nil)
AscendC: [_ZN7AscendC4vstsEPfS0_i7Literalh] -> (nil)
AscendC: [_ZN7AscendC5vstuiERA32_ajPN7float165Fp16TERS4_] -> (nil)
AscendC: [_ZN7AscendC5vstuiERA32_ajPN7float165Fp16TERS4_7Literal] -> (nil)
AscendC: [_ZN7AscendC5vstuiERA32_ajPfRS2_] -> (nil)
AscendC: [_ZN7AscendC5vstuiERA32_ajPfRS2_7Literal] -> (nil)
AscendC: [_ZN7AscendC5vstusERA32_ajPN7float165Fp16TERS4_] -> (nil)
AscendC: [_ZN7AscendC5vstusERA32_ajPN7float165Fp16TERS4_7Literal] -> (nil)
AscendC: [_ZN7AscendC5vstusERA32_ajPfRS2_] -> (nil)
AscendC: [_ZN7AscendC5vstusERA32_ajPfRS2_7Literal] -> (nil)
AscendC: [_ZN7AscendC5vstaiEPaPN7float165Fp16TEi] -> (nil)
AscendC: [_ZN7AscendC5vstaiEPaRPN7float165Fp16TEi7Literal] -> (nil)
AscendC: [_ZN7AscendC5vstaiEPaPfi] -> (nil)
AscendC: [_ZN7AscendC5vstaiEPaRPfi7Literal] -> (nil)
AscendC: [_ZN7AscendC5vstasEPaPN7float165Fp16TEi] -> (nil)
AscendC: [_ZN7AscendC5vstasEPaRPN7float165Fp16TEi7Literal] -> (nil)
AscendC: [_ZN7AscendC5vstasEPaPfi] -> (nil)
AscendC: [_ZN7AscendC5vstasEPaRPfi7Literal] -> (nil)
AscendC: [_ZN7AscendC3vorERA256_hPhS2_h7Literal] -> (nil)
AscendC: [_ZN7AscendC3vorERA256_aPaS2_h7Literal] -> (nil)
AscendC: [_ZN7AscendC3vorERA128_tPtS2_h7Literal] -> (nil)
AscendC: [_ZN7AscendC3vorERA128_sPsS2_h7Literal] -> (nil)
AscendC: [_ZN7AscendC3vorERA64_iPiS2_h7Literal] -> (nil)
AscendC: [_ZN7AscendC3vorERA64_jPjS2_h7Literal] -> (nil)
AscendC: [_ZN7AscendC3vorERA64_fPfS2_h7Literal] -> (nil)
AscendC: [_ZN7AscendC3vorERA128_N7float165Fp16TEPS1_S4_h7Literal] -> (nil)
AscendC: [_ZN7AscendC4vandERA256_hPhS2_h7Literal] -> (nil)
AscendC: [_ZN7AscendC4vandERA256_aPaS2_h7Literal] -> (nil)
AscendC: [_ZN7AscendC4vandERA128_tPtS2_h7Literal] -> (nil)
AscendC: [_ZN7AscendC4vandERA128_sPsS2_h7Literal] -> (nil)
AscendC: [_ZN7AscendC4vandERA64_iPiS2_h7Literal] -> (nil)
AscendC: [_ZN7AscendC4vandERA64_jPjS2_h7Literal] -> (nil)
AscendC: [_ZN7AscendC4vandERA64_fPfS2_h7Literal] -> (nil)
AscendC: [_ZN7AscendC4vandERA128_N7float165Fp16TEPS1_S4_h7Literal] -> (nil)
AscendC: [_ZN7AscendC4vmaxERA256_hPhS2_h7Literal] -> (nil)
AscendC: [_ZN7AscendC4vmaxERA256_aPaS2_h7Literal] -> (nil)
AscendC: [_ZN7AscendC4vmaxERA128_tPtS2_h7Literal] -> (nil)
AscendC: [_ZN7AscendC4vmaxERA128_sPsS2_h7Literal] -> (nil)
AscendC: [_ZN7AscendC4vmaxERA64_iPiS2_h7Literal] -> (nil)
AscendC: [_ZN7AscendC4vmaxERA64_jPjS2_h7Literal] -> (nil)
AscendC: [_ZN7AscendC4vmaxERA64_fPfS2_h7Literal] -> (nil)
AscendC: [_ZN7AscendC4vmaxERA128_N7float165Fp16TEPS1_S4_h7Literal] -> (nil)
AscendC: [_ZN7AscendC4vminERA256_hPhS2_h7Literal] -> (nil)
AscendC: [_ZN7AscendC4vminERA256_aPaS2_h7Literal] -> (nil)
AscendC: [_ZN7AscendC4vminERA128_tPtS2_h7Literal] -> (nil)
AscendC: [_ZN7AscendC4vminERA128_sPsS2_h7Literal] -> (nil)
AscendC: [_ZN7AscendC4vminERA64_iPiS2_h7Literal] -> (nil)
AscendC: [_ZN7AscendC4vminERA64_jPjS2_h7Literal] -> (nil)
AscendC: [_ZN7AscendC4vminERA64_fPfS2_h7Literal] -> (nil)
AscendC: [_ZN7AscendC4vminERA128_N7float165Fp16TEPS1_S4_h7Literal] -> (nil)
AscendC: [_ZN7AscendC4vsubERA256_hPhS2_h7Literal] -> (nil)
AscendC: [_ZN7AscendC4vsubERA256_aPaS2_h7Literal] -> (nil)
AscendC: [_ZN7AscendC4vsubERA128_tPtS2_h7Literal] -> (nil)
AscendC: [_ZN7AscendC4vsubERA128_sPsS2_h7Literal] -> (nil)
AscendC: [_ZN7AscendC4vsubERA64_iPiS2_h7Literal] -> (nil)
AscendC: [_ZN7AscendC4vsubERA64_jPjS2_h7Literal] -> (nil)
AscendC: [_ZN7AscendC4vsubERA64_fPfS2_h7Literal] -> (nil)
AscendC: [_ZN7AscendC4vsubERA128_N7float165Fp16TEPS1_S4_h7Literal] -> (nil)
AscendC: [_ZN7AscendC4vmulERA256_hPhS2_h7Literal] -> (nil)
AscendC: [_ZN7AscendC4vmulERA256_aPaS2_h7Literal] -> (nil)
AscendC: [_ZN7AscendC4vmulERA128_tPtS2_h7Literal] -> (nil)
AscendC: [_ZN7AscendC4vmulERA128_sPsS2_h7Literal] -> (nil)
AscendC: [_ZN7AscendC4vmulERA64_iPiS2_h7Literal] -> (nil)
AscendC: [_ZN7AscendC4vmulERA64_jPjS2_h7Literal] -> (nil)
AscendC: [_ZN7AscendC4vmulERA64_fPfS2_h7Literal] -> (nil)
AscendC: [_ZN7AscendC4vmulERA128_N7float165Fp16TEPS1_S4_h7Literal] -> (nil)
AscendC: [_ZN7AscendC4vdivERA256_hPhS2_h7Literal] -> (nil)
AscendC: [_ZN7AscendC4vdivERA256_aPaS2_h7Literal] -> (nil)
AscendC: [_ZN7AscendC4vdivERA128_tPtS2_h7Literal] -> (nil)
AscendC: [_ZN7AscendC4vdivERA128_sPsS2_h7Literal] -> (nil)
AscendC: [_ZN7AscendC4vdivERA64_iPiS2_h7Literal] -> (nil)
AscendC: [_ZN7AscendC4vdivERA64_jPjS2_h7Literal] -> (nil)
AscendC: [_ZN7AscendC4vdivERA64_fPfS2_h7Literal] -> (nil)
AscendC: [_ZN7AscendC4vdivERA128_N7float165Fp16TEPS1_S4_h7Literal] -> (nil)
AscendC: [_ZN7AscendC7vcmp_eqERhPN7float165Fp16TES3_h] -> (nil)
AscendC: [_ZN7AscendC7vcmp_neERhPN7float165Fp16TES3_h] -> (nil)
AscendC: [_ZN7AscendC7vcmp_gtERhPN7float165Fp16TES3_h] -> (nil)
AscendC: [_ZN7AscendC7vcmp_geERhPN7float165Fp16TES3_h] -> (nil)
AscendC: [_ZN7AscendC7vcmp_ltERhPN7float165Fp16TES3_h] -> (nil)
AscendC: [_ZN7AscendC7vcmp_leERhPN7float165Fp16TES3_h] -> (nil)
AscendC: [_ZN7AscendC7vcmp_eqERhPfS1_h] -> (nil)
AscendC: [_ZN7AscendC7vcmp_neERhPfS1_h] -> (nil)
AscendC: [_ZN7AscendC7vcmp_gtERhPfS1_h] -> (nil)
AscendC: [_ZN7AscendC7vcmp_geERhPfS1_h] -> (nil)
AscendC: [_ZN7AscendC7vcmp_ltERhPfS1_h] -> (nil)
AscendC: [_ZN7AscendC7vcmp_leERhPfS1_h] -> (nil)
AscendC: [_ZN7AscendC4vselERA128_N7float165Fp16TEPS1_S4_h] -> (nil)
AscendC: [_ZN7AscendC4vselERA64_fPfS2_h] -> (nil)
AscendC: [_ZN7AscendC3vbrERA128_N7float165Fp16TES1_] -> (nil)
AscendC: [_ZN7AscendC3vbrERA128_tt] -> (nil)
AscendC: [_ZN7AscendC3vbrERA128_ss] -> (nil)
AscendC: [_ZN7AscendC3vbrERA64_ff] -> (nil)
AscendC: [_ZN7AscendC3vbrERA64_jj] -> (nil)
AscendC: [_ZN7AscendC3vbrERA64_ii] -> (nil)
AscendC: [_ZN7AscendC6sprclrE7Literal] -> (nil)
AscendC: [_ZN7AscendC4pmovERhhh] -> (nil)
AscendC: [_ZN7AscendC4vsqzERA128_N7float165Fp16TEPS1_h7Literal] -> (nil)
AscendC: [_ZN7AscendC4vsqzERA128_tPth7Literal] -> (nil)
AscendC: [_ZN7AscendC4vsqzERA128_sPsh7Literal] -> (nil)
AscendC: [_ZN7AscendC4vsqzERA64_fPfh7Literal] -> (nil)
AscendC: [_ZN7AscendC4vsqzERA64_jPjh7Literal] -> (nil)
AscendC: [_ZN7AscendC4vsqzERA64_iPih7Literal] -> (nil)
AscendC: [_ZN7AscendC5vsturERA32_aPN7float165Fp16TES4_7Literal] -> (nil)
AscendC: [_ZN7AscendC5vsturERA32_aPtS2_7Literal] -> (nil)
AscendC: [_ZN7AscendC5vsturERA32_aPsS2_7Literal] -> (nil)
AscendC: [_ZN7AscendC5vsturERA32_aPfS2_7Literal] -> (nil)
AscendC: [_ZN7AscendC5vsturERA32_aPjS2_7Literal] -> (nil)
AscendC: [_ZN7AscendC5vsturERA32_aPiS2_7Literal] -> (nil)
AscendC: [_ZN7AscendC5vstarEPaPN7float165Fp16TE] -> (nil)
AscendC: [_ZN7AscendC5vstarEPaPs] -> (nil)
AscendC: [_ZN7AscendC5vstarEPaPt] -> (nil)
AscendC: [_ZN7AscendC5vstarEPaPf] -> (nil)
AscendC: [_ZN7AscendC5vstarEPaPi] -> (nil)
AscendC: [_ZN7AscendC5vstarEPaPj] -> (nil)
AscendC: [_ZN7AscendC6pge_b8E7Literal] -> (nil)
AscendC: [_ZN7AscendC7pge_b16E7Literal] -> (nil)
AscendC: [_ZN7AscendC7pge_b32E7Literal] -> (nil)
AscendC: [_ZN7AscendC7pset_b8E7Literal] -> (nil)
AscendC: [_ZN7AscendC8pset_b16E7Literal] -> (nil)
AscendC: [_ZN7AscendC8pset_b32E7Literal] -> (nil)
AscendC: [_ZN7AscendC5vldasERA32_aPh] -> (nil)
AscendC: [_ZN7AscendC5vldasERA32_aPN7float165Fp16TE] -> (nil)
AscendC: [_ZN7AscendC5vldasERA32_aPt] -> (nil)
AscendC: [_ZN7AscendC5vldasERA32_aPs] -> (nil)
AscendC: [_ZN7AscendC5vldasERA32_aPf] -> (nil)
AscendC: [_ZN7AscendC5vldasERA32_aPj] -> (nil)
AscendC: [_ZN7AscendC5vldasERA32_aPi] -> (nil)
AscendC: [_ZN7AscendC5vldusERA256_hRA32_aRPhj7Literal] -> (nil)
AscendC: [_ZN7AscendC5vldusERA128_N7float165Fp16TERA32_aRPS1_j7Literal] -> (nil)
AscendC: [_ZN7AscendC5vldusERA128_tRA32_aRPtj7Literal] -> (nil)
AscendC: [_ZN7AscendC5vldusERA128_sRA32_aRPsj7Literal] -> (nil)
AscendC: [_ZN7AscendC5vldusERA64_fRA32_aRPfj7Literal] -> (nil)
AscendC: [_ZN7AscendC5vldusERA64_jRA32_aRPjj7Literal] -> (nil)
AscendC: [_ZN7AscendC5vldusERA64_iRA32_aRPij7Literal] -> (nil)
AscendC: [_ZN7AscendC4vdupERA256_hhh7Literal] -> (nil)
AscendC: [_ZN7AscendC4vdupERA256_aah7Literal] -> (nil)
AscendC: [_ZN7AscendC4vdupERA128_tth7Literal] -> (nil)
AscendC: [_ZN7AscendC4vdupERA128_ssh7Literal] -> (nil)
AscendC: [_ZN7AscendC4vdupERA64_iih7Literal] -> (nil)
AscendC: [_ZN7AscendC4vdupERA64_jjh7Literal] -> (nil)
AscendC: [_ZN7AscendC4vdupERA64_ffh7Literal] -> (nil)
AscendC: [_ZN7AscendC4vdupERA128_N7float165Fp16TES1_h7Literal] -> (nil)
AscendC: [_ZN7AscendC3vldERA256_aPai7Literal] -> (nil)
AscendC: [_ZN7AscendC3vldERA256_hPhi7Literal] -> (nil)
AscendC: [_ZN7AscendC3vldERA128_sPsi7Literal] -> (nil)
AscendC: [_ZN7AscendC3vldERA128_tPti7Literal] -> (nil)
AscendC: [_ZN7AscendC3vldERA64_iPii7Literal] -> (nil)
AscendC: [_ZN7AscendC3vldERA64_jPji7Literal] -> (nil)
AscendC: [_ZN7AscendC3vldERA32_lPli7Literal] -> (nil)
AscendC: [_ZN7AscendC3vldERA32_mPmi7Literal] -> (nil)
AscendC: [_ZN7AscendC3vldERA128_N8bfloat165Bf16TEPS1_i7Literal] -> (nil)
AscendC: [_ZN7AscendC3vldERA128_N7float165Fp16TEPS1_i7Literal] -> (nil)
AscendC: [_ZN7AscendC3vldERA64_fPfi7Literal] -> (nil)
AscendC: [_ZN7AscendC3vldERA256_aPa7Literal] -> (nil)
AscendC: [_ZN7AscendC3vldERA256_hPh7Literal] -> (nil)
AscendC: [_ZN7AscendC3vldERA128_sPs7Literal] -> (nil)
AscendC: [_ZN7AscendC3vldERA128_tPt7Literal] -> (nil)
AscendC: [_ZN7AscendC3vldERA64_iPi7Literal] -> (nil)
AscendC: [_ZN7AscendC3vldERA64_jPj7Literal] -> (nil)
AscendC: [_ZN7AscendC3vldERA32_lPl7Literal] -> (nil)
AscendC: [_ZN7AscendC3vldERA32_mPm7Literal] -> (nil)
AscendC: [_ZN7AscendC3vldERA128_N8bfloat165Bf16TEPS1_7Literal] -> (nil)
AscendC: [_ZN7AscendC3vldERA128_N7float165Fp16TEPS1_7Literal] -> (nil)
AscendC: [_ZN7AscendC3vldERA64_fPf7Literal] -> (nil)
AscendC: [_ZN7AscendC3vldERA256_aS1_Pai7Literal] -> (nil)
AscendC: [_ZN7AscendC3vldERA256_hS1_Phi7Literal] -> (nil)
AscendC: [_ZN7AscendC3vldERA128_sS1_Psi7Literal] -> (nil)
AscendC: [_ZN7AscendC3vldERA128_tS1_Pti7Literal] -> (nil)
AscendC: [_ZN7AscendC3vldERA64_iS1_Pii7Literal] -> (nil)
AscendC: [_ZN7AscendC3vldERA64_jS1_Pji7Literal] -> (nil)
AscendC: [_ZN7AscendC3vldERA32_mS1_Pmi7Literal] -> (nil)
AscendC: [_ZN7AscendC3vldERA32_lS1_Pli7Literal] -> (nil)
AscendC: [_ZN7AscendC3vldERA128_N8bfloat165Bf16TES3_PS1_i7Literal] -> (nil)
AscendC: [_ZN7AscendC3vldERA128_N7float165Fp16TES3_PS1_i7Literal] -> (nil)
AscendC: [_ZN7AscendC3vldERA64_fS1_Pfi7Literal] -> (nil)
AscendC: [_ZN7AscendC3vldERA256_aS1_Pa7Literal] -> (nil)
AscendC: [_ZN7AscendC3vldERA256_hS1_Ph7Literal] -> (nil)
AscendC: [_ZN7AscendC3vldERA128_sS1_Ps7Literal] -> (nil)
AscendC: [_ZN7AscendC3vldERA128_tS1_Pt7Literal] -> (nil)
AscendC: [_ZN7AscendC3vldERA64_iS1_Pi7Literal] -> (nil)
AscendC: [_ZN7AscendC3vldERA64_jS1_Pj7Literal] -> (nil)
AscendC: [_ZN7AscendC3vldERA32_mS1_Pm7Literal] -> (nil)
AscendC: [_ZN7AscendC3vldERA32_lS1_Pl7Literal] -> (nil)
AscendC: [_ZN7AscendC3vldERA128_N8bfloat165Bf16TES3_PS1_7Literal] -> (nil)
AscendC: [_ZN7AscendC3vldERA128_N7float165Fp16TES3_PS1_7Literal] -> (nil)
AscendC: [_ZN7AscendC3vldERA64_fS1_Pf7Literal] -> (nil)
AscendC: [_ZN7AscendC4vldsERA256_aPai7Literal] -> (nil)
AscendC: [_ZN7AscendC4vldsERA256_hPhi7Literal] -> (nil)
AscendC: [_ZN7AscendC4vldsERA128_sPsi7Literal] -> (nil)
AscendC: [_ZN7AscendC4vldsERA128_tPti7Literal] -> (nil)
AscendC: [_ZN7AscendC4vldsERA64_iPii7Literal] -> (nil)
AscendC: [_ZN7AscendC4vldsERA64_jPji7Literal] -> (nil)
AscendC: [_ZN7AscendC4vldsERA32_mPmi7Literal] -> (nil)
AscendC: [_ZN7AscendC4vldsERA32_lPli7Literal] -> (nil)
AscendC: [_ZN7AscendC4vldsERA128_N8bfloat165Bf16TEPS1_i7Literal] -> (nil)
AscendC: [_ZN7AscendC4vldsERA128_N7float165Fp16TEPS1_i7Literal] -> (nil)
AscendC: [_ZN7AscendC4vldsERA64_fPfi7Literal] -> (nil)
AscendC: [_ZN7AscendC5vaddsERA64_iPiih7Literal] -> (nil)
AscendC: [_ZN7AscendC5vaddsERA64_jPjjh7Literal] -> (nil)
AscendC: [_ZN7AscendC5vaddsERA128_sPssh7Literal] -> (nil)
AscendC: [_ZN7AscendC5vaddsERA128_tPtth7Literal] -> (nil)
AscendC: [_ZN7AscendC5vaddsERA256_aPaah7Literal] -> (nil)
AscendC: [_ZN7AscendC5vaddsERA256_hPhhh7Literal] -> (nil)
AscendC: [_ZN7AscendC5vaddsERA64_fPffh7Literal] -> (nil)
AscendC: [_ZN7AscendC5vaddsERA128_N7float165Fp16TEPS1_S1_h7Literal] -> (nil)
AscendC: [_ZN7AscendC5vmulsERA64_iPiih7Literal] -> (nil)
AscendC: [_ZN7AscendC5vmulsERA64_jPjjh7Literal] -> (nil)
AscendC: [_ZN7AscendC5vmulsERA128_sPssh7Literal] -> (nil)
AscendC: [_ZN7AscendC5vmulsERA128_tPtth7Literal] -> (nil)
AscendC: [_ZN7AscendC5vmulsERA256_aPaah7Literal] -> (nil)
AscendC: [_ZN7AscendC5vmulsERA256_hPhhh7Literal] -> (nil)
AscendC: [_ZN7AscendC5vmulsERA64_fPffh7Literal] -> (nil)
AscendC: [_ZN7AscendC5vmulsERA128_N7float165Fp16TEPS1_S1_h7Literal] -> (nil)
AscendC: [_ZN7AscendC5vmaxsERA64_iPiih7Literal] -> (nil)
AscendC: [_ZN7AscendC5vmaxsERA64_jPjjh7Literal] -> (nil)
AscendC: [_ZN7AscendC5vmaxsERA128_sPssh7Literal] -> (nil)
AscendC: [_ZN7AscendC5vmaxsERA128_tPtth7Literal] -> (nil)
AscendC: [_ZN7AscendC5vmaxsERA256_aPaah7Literal] -> (nil)
AscendC: [_ZN7AscendC5vmaxsERA256_hPhhh7Literal] -> (nil)
AscendC: [_ZN7AscendC5vmaxsERA64_fPffh7Literal] -> (nil)
AscendC: [_ZN7AscendC5vmaxsERA128_N7float165Fp16TEPS1_S1_h7Literal] -> (nil)
AscendC: [_ZN7AscendC5vminsERA64_iPiih7Literal] -> (nil)
AscendC: [_ZN7AscendC5vminsERA64_jPjjh7Literal] -> (nil)
AscendC: [_ZN7AscendC5vminsERA128_sPssh7Literal] -> (nil)
AscendC: [_ZN7AscendC5vminsERA128_tPtth7Literal] -> (nil)
AscendC: [_ZN7AscendC5vminsERA256_aPaah7Literal] -> (nil)
AscendC: [_ZN7AscendC5vminsERA256_hPhhh7Literal] -> (nil)
AscendC: [_ZN7AscendC5vminsERA64_fPffh7Literal] -> (nil)
AscendC: [_ZN7AscendC5vminsERA128_N7float165Fp16TEPS1_S1_h7Literal] -> (nil)
AscendC: [_ZN7AscendC5vshlsERA64_iPish7Literal] -> (nil)
AscendC: [_ZN7AscendC5vshlsERA64_jPjsh7Literal] -> (nil)
AscendC: [_ZN7AscendC5vshlsERA128_sPssh7Literal] -> (nil)
AscendC: [_ZN7AscendC5vshlsERA128_tPtsh7Literal] -> (nil)
AscendC: [_ZN7AscendC5vshlsERA256_aPash7Literal] -> (nil)
AscendC: [_ZN7AscendC5vshlsERA256_hPhsh7Literal] -> (nil)
AscendC: [_ZN7AscendC5vshrsERA64_iPish7Literal] -> (nil)
AscendC: [_ZN7AscendC5vshrsERA64_jPjsh7Literal] -> (nil)
AscendC: [_ZN7AscendC5vshrsERA128_sPssh7Literal] -> (nil)
AscendC: [_ZN7AscendC5vshrsERA128_tPtsh7Literal] -> (nil)
AscendC: [_ZN7AscendC5vshrsERA256_aPash7Literal] -> (nil)
AscendC: [_ZN7AscendC5vshrsERA256_hPhsh7Literal] -> (nil)
AscendC: [_ZN7AscendC6vlreluERA64_fPffh7Literal] -> (nil)
AscendC: [_ZN7AscendC6vlreluERA128_N7float165Fp16TEPS1_S1_h7Literal] -> (nil)
AscendC: [_ZN7AscendC10use_pipe_vEv] -> (nil)
AscendC: [_ZN7AscendC11use_pipe_v2Ev] -> (nil)
AscendC: [_ZN7AscendC8v4dtransEPtS0_m] -> (nil)
AscendC: [_ZN7AscendC8v4dtransEPtS0_ttb] -> (nil)
AscendC: [_ZN7AscendC8v4dtransEPjS0_m] -> (nil)
AscendC: [_ZN7AscendC8v4dtransEPjS0_ttb] -> (nil)
AscendC: [_ZN7AscendC8v4dtransEPhS0_m] -> (nil)
AscendC: [_ZN7AscendC8v4dtransEPhS0_ttb] -> (nil)
AscendC: [_ZN7AscendC5vaaddEPN7float165Fp16TES2_S2_m] -> (nil)
AscendC: [_ZN7AscendC5vaaddEPN7float165Fp16TES2_S2_hhhhhhh] -> (nil)
AscendC: [_ZN7AscendC5vaaddEPN7float165Fp16TES2_S2_hhhhhhhbb] -> (nil)
AscendC: [_ZN7AscendC5vaaddEPfS0_S0_m] -> (nil)
AscendC: [_ZN7AscendC5vaaddEPfS0_S0_hhhhhhh] -> (nil)
AscendC: [_ZN7AscendC5vaaddEPfS0_S0_hhhhhhhbb] -> (nil)
AscendC: [_ZN7AscendC4vabsEPN7float165Fp16TES2_m] -> (nil)
AscendC: [_ZN7AscendC4vabsEPN7float165Fp16TES2_htthh] -> 0xffff8e3b6a18
AscendC: [_ZN7AscendC4vabsEPN7float165Fp16TES2_htthhbb] -> 0xffff8e3b6cb0
AscendC: [_ZN7AscendC4vabsEPN7float165Fp16TES2_htttt] -> (nil)
AscendC: [_ZN7AscendC4vabsEPfS0_m] -> (nil)
AscendC: [_ZN7AscendC4vabsEPfS0_htthh] -> 0xffff8e3b6f58
AscendC: [_ZN7AscendC4vabsEPfS0_htthhbb] -> 0xffff8e3b71f0
AscendC: [_ZN7AscendC4vabsEPfS0_htttt] -> (nil)
AscendC: [_ZN7AscendC4vabsEPsS0_m] -> (nil)
AscendC: [_ZN7AscendC4vabsEPsS0_htthh] -> 0xffff8e3b7498
AscendC: [_ZN7AscendC4vabsEPsS0_htthhbb] -> 0xffff8e3b7730
AscendC: [_ZN7AscendC4vabsEPsS0_htttt] -> 0xffff8e3b9958
AscendC: [_ZN7AscendC4vaddEPN7float165Fp16TES2_S2_m] -> (nil)
AscendC: [_ZN7AscendC4vaddEPN7float165Fp16TES2_S2_hhhhhhh] -> 0xffff8e383da0
AscendC: [_ZN7AscendC4vaddEPN7float165Fp16TES2_S2_hhhhhhhbb] -> (nil)
AscendC: [_ZN7AscendC4vaddEPfS0_S0_hhhhhhh] -> 0xffff8e382690
AscendC: [_ZN7AscendC4vaddEPfS0_S0_hhhhhhhbb] -> (nil)
AscendC: [_ZN7AscendC4vaddEPsS0_S0_m] -> (nil)
AscendC: [_ZN7AscendC4vaddEPsS0_S0_hhhhhhh] -> 0xffff8e3866a0
AscendC: [_ZN7AscendC4vaddEPsS0_S0_hhhhhhhbb] -> (nil)
AscendC: [_ZN7AscendC4vaddEPiS0_S0_m] -> (nil)
AscendC: [_ZN7AscendC4vaddEPiS0_S0_hhhhhhh] -> 0xffff8e3854b0
AscendC: [_ZN7AscendC4vaddEPiS0_S0_hhhhhhhbb] -> (nil)
AscendC: [_ZN7AscendC11vadddeqreluEPN7float165Fp16TEPiS3_m] -> (nil)
AscendC: [_ZN7AscendC11vadddeqreluEPN7float165Fp16TEPiS3_hhhhhhh] -> (nil)
AscendC: [_ZN7AscendC11vadddeqreluEPN7float165Fp16TEPiS3_hhhhhhhbb] -> (nil)
AscendC: [_ZN7AscendC8vaddreluEPN7float165Fp16TES2_S2_m] -> (nil)
AscendC: [_ZN7AscendC8vaddreluEPN7float165Fp16TES2_S2_hhhhhhhbb] -> (nil)
AscendC: [_ZN7AscendC8vaddreluEPN7float165Fp16TES2_S2_hhhhhhh] -> 0xffff8e384f90
AscendC: [_ZN7AscendC8vaddreluEPfS0_S0_m] -> (nil)
AscendC: [_ZN7AscendC8vaddreluEPfS0_S0_hhhhhhhbb] -> (nil)
AscendC: [_ZN7AscendC8vaddreluEPfS0_S0_hhhhhhh] -> 0xffff8e383880
AscendC: [_ZN7AscendC8vaddreluEPsS0_S0_m] -> (nil)
AscendC: [_ZN7AscendC8vaddreluEPsS0_S0_hhhhhhhbb] -> (nil)
AscendC: [_ZN7AscendC8vaddreluEPsS0_S0_hhhhhhh] -> 0xffff8e387370
AscendC: [_ZN7AscendC19vaddreluconv_f162s8EPaPN7float165Fp16TES3_mb] -> (nil)
AscendC: [_ZN7AscendC19vaddreluconv_f162s8EPaPN7float165Fp16TES3_hhhhhhhbbb] -> (nil)
AscendC: [_ZN7AscendC19vaddreluconv_f162s8EPaPN7float165Fp16TES3_hhhhhhhb] -> 0xffff8e3c96a0
AscendC: [_ZN7AscendC20vaddreluconv_f322f16EPN7float165Fp16TEPfS3_mb] -> (nil)
AscendC: [_ZN7AscendC20vaddreluconv_f322f16EPN7float165Fp16TEPfS3_hhhhhhhbbb] -> (nil)
AscendC: [_ZN7AscendC20vaddreluconv_f322f16EPN7float165Fp16TEPfS3_hhhhhhhb] -> 0xffff8e3c9e80
AscendC: [_ZN7AscendC19vaddreluconv_s162s8EPaPsS1_mb] -> (nil)
AscendC: [_ZN7AscendC19vaddreluconv_s162s8EPaPsS1_hhhhhhhbbb] -> (nil)
AscendC: [_ZN7AscendC19vaddreluconv_s162s8EPaPsS1_hhhhhhhb] -> 0xffff8e3c9a90
AscendC: [_ZN7AscendC23vaddreluconv_vdeqs162b8EPaPsS1_mb] -> (nil)
AscendC: [_ZN7AscendC23vaddreluconv_vdeqs162b8EPhPsS1_mb] -> (nil)
AscendC: [_ZN7AscendC23vaddreluconv_vdeqs162b8EPhPsS1_hhhhhhhbbb] -> (nil)
AscendC: [_ZN7AscendC23vaddreluconv_vdeqs162b8EPhPsS1_hhhhhhhb] -> (nil)
AscendC: [_ZN7AscendC23vaddreluconv_vdeqs162b8EPaPsS1_hhhhhhhbbb] -> (nil)
AscendC: [_ZN7AscendC23vaddreluconv_vdeqs162b8EPaPsS1_hhhhhhhb] -> (nil)
AscendC: [_ZN7AscendC5vaddsEPN7float165Fp16TES2_S1_m] -> (nil)
AscendC: [_ZN7AscendC5vaddsEPN7float165Fp16TES2_S1_htthh] -> (nil)
AscendC: [_ZN7AscendC5vaddsEPN7float165Fp16TES2_S1_htthhbb] -> (nil)
AscendC: [_ZN7AscendC5vaddsEPN7float165Fp16TES2_S1_htttt] -> 0xffff8e38c088
AscendC: [_ZN7AscendC5vaddsEPfS0_fm] -> (nil)
AscendC: [_ZN7AscendC5vaddsEPfS0_fhtthh] -> (nil)
AscendC: [_ZN7AscendC5vaddsEPfS0_fhtthhbb] -> (nil)
AscendC: [_ZN7AscendC5vaddsEPfS0_fhtttt] -> 0xffff8e38d208
AscendC: [_ZN7AscendC5vaddsEPsS0_sm] -> (nil)
AscendC: [_ZN7AscendC5vaddsEPsS0_shtthh] -> (nil)
AscendC: [_ZN7AscendC5vaddsEPsS0_shtthhbb] -> (nil)
AscendC: [_ZN7AscendC5vaddsEPsS0_shtttt] -> 0xffff8e38e258
AscendC: [_ZN7AscendC5vaddsEPiS0_im] -> (nil)
AscendC: [_ZN7AscendC5vaddsEPiS0_ihtthh] -> (nil)
AscendC: [_ZN7AscendC5vaddsEPiS0_ihtthhbb] -> (nil)
AscendC: [_ZN7AscendC5vaddsEPiS0_ihtttt] -> 0xffff8e38efa8
AscendC: [_ZN7AscendC4vandEPsS0_S0_m] -> (nil)
AscendC: [_ZN7AscendC4vandEPsS0_S0_hhhhhhh] -> 0xffff8e386180
AscendC: [_ZN7AscendC4vandEPsS0_S0_hhhhhhhbb] -> (nil)
AscendC: [_ZN7AscendC4vandEPtS0_S0_m] -> (nil)
AscendC: [_ZN7AscendC4vandEPtS0_S0_hhhhhhh] -> 0xffff8e387890
AscendC: [_ZN7AscendC4vandEPtS0_S0_hhhhhhhbb] -> (nil)
AscendC: [_ZN7AscendC5vaxpyEPN7float165Fp16TES2_S1_m] -> (nil)
AscendC: [_ZN7AscendC5vaxpyEPN7float165Fp16TES2_S1_htthh] -> 0xffff8e3aff78
AscendC: [_ZN7AscendC5vaxpyEPN7float165Fp16TES2_S1_htthhbb] -> (nil)
AscendC: [_ZN7AscendC5vaxpyEPN7float165Fp16TES2_S1_htttt] -> (nil)
AscendC: [_ZN7AscendC5vaxpyEPfS0_fm] -> (nil)
AscendC: [_ZN7AscendC5vaxpyEPfS0_fhtthh] -> 0xffff8e3afc48
AscendC: [_ZN7AscendC5vaxpyEPfS0_fhtthhbb] -> (nil)
AscendC: [_ZN7AscendC5vaxpyEPfS0_fhtttt] -> (nil)
AscendC: [_ZN7AscendC5vaxpyEPfPN7float165Fp16TES2_m] -> (nil)
AscendC: [_ZN7AscendC5vaxpyEPfPN7float165Fp16TES2_htthh] -> 0xffff8e3af8d8
AscendC: [_ZN7AscendC5vaxpyEPfPN7float165Fp16TES2_htthhbb] -> (nil)
AscendC: [_ZN7AscendC5vaxpyEPfPN7float165Fp16TES2_htttt] -> (nil)
AscendC: [_ZN7AscendC3vbiEPN7float165Fp16TEPtS2_m] -> (nil)
AscendC: [_ZN7AscendC3vbiEPN7float165Fp16TEPtS2_hbtth] -> (nil)
AscendC: [_ZN7AscendC8vbitsortEPN7float165Fp16TES2_m] -> 0xffff8e37d1c0
AscendC: [_ZN7AscendC8vbitsortEPN7float165Fp16TES2_htthh] -> (nil)
AscendC: [_ZN7AscendC8vbitsortEPN7float165Fp16TES2_htthhbb] -> (nil)
AscendC: [_ZN7AscendC8vbitsortEPfS0_m] -> 0xffff8e37d668
AscendC: [_ZN7AscendC8vbitsortEPfS0_htthh] -> (nil)
AscendC: [_ZN7AscendC8vbitsortEPfS0_htthhbb] -> (nil)
AscendC: [_ZN7AscendC8vbitsortEPN7float165Fp16TES2_Pjm] -> 0xffff8e37d7f0
AscendC: [_ZN7AscendC8vbitsortEPN7float165Fp16TES2_Pjhhhhhhhbb] -> (nil)
AscendC: [_ZN7AscendC8vbitsortEPfS0_Pjm] -> 0xffff8e37d980
AscendC: [_ZN7AscendC8vbitsortEPfS0_Pjhhhhhhhbb] -> (nil)
AscendC: [_ZN7AscendC8vbitsortEPN7float165Fp16TES2_Pjhhhhhhh] -> (nil)
AscendC: [_ZN7AscendC8vbitsortEPfS0_Pjhhhhhhh] -> (nil)
AscendC: [_ZN7AscendC5vbrcbEPtS0_m] -> (nil)
AscendC: [_ZN7AscendC5vbrcbEPtS0_tth] -> 0xffff8e394878
AscendC: [_ZN7AscendC5vbrcbEPjS0_m] -> (nil)
AscendC: [_ZN7AscendC5vbrcbEPjS0_tth] -> 0xffff8e394ad0
AscendC: [_ZN7AscendC5vcaddEPN7float165Fp16TES2_m] -> (nil)
AscendC: [_ZN7AscendC5vcaddEPN7float165Fp16TES2_httt] -> 0xffff8e3ac640
AscendC: [_ZN7AscendC5vcaddEPN7float165Fp16TES2_htttbb] -> 0xffff8e3aca38
AscendC: [_ZN7AscendC5vcaddEPN7float165Fp16TES2_mb] -> (nil)
AscendC: [_ZN7AscendC5vcaddEPN7float165Fp16TES2_htttb] -> 0xffff8e3ace50
AscendC: [_ZN7AscendC5vcaddEPfS0_m] -> (nil)
AscendC: [_ZN7AscendC5vcaddEPfS0_httt] -> 0xffff8e3acfa0
AscendC: [_ZN7AscendC5vcaddEPfS0_htttbb] -> 0xffff8e3ad0e8
AscendC: [_ZN7AscendC5vcaddEPfS0_mb] -> (nil)
AscendC: [_ZN7AscendC5vcaddEPfS0_htttb] -> 0xffff8e3ad500
AscendC: [_ZN7AscendC5vcaddERA128_N7float165Fp16TEPS1_h7Literal] -> (nil)
AscendC: [_ZN7AscendC5vcaddERA64_fPfh7Literal] -> (nil)
AscendC: [_ZN7AscendC5vcmaxERA128_N7float165Fp16TEPS1_h7Literal] -> (nil)
AscendC: [_ZN7AscendC5vcmaxERA64_fPfh7Literal] -> (nil)
AscendC: [_ZN7AscendC5vcminERA128_N7float165Fp16TEPS1_h7Literal] -> (nil)
AscendC: [_ZN7AscendC5vcminERA64_fPfh7Literal] -> (nil)
AscendC: [_ZN7AscendC12vcbd_s162s32EPiPsm] -> (nil)
AscendC: [_ZN7AscendC12vcbd_s162s32EPiPshtthhbb] -> (nil)
AscendC: [_ZN7AscendC12vcbd_s162u32EPjPsm] -> (nil)
AscendC: [_ZN7AscendC12vcbd_s162u32EPjPshtthhbb] -> (nil)
AscendC: [_ZN7AscendC11vcbd_s162u8EPhPsm] -> (nil)
AscendC: [_ZN7AscendC11vcbd_s162u8EPhPshtthhbb] -> (nil)
AscendC: [_ZN7AscendC12vcbd_s322s16EPsPim] -> (nil)
AscendC: [_ZN7AscendC12vcbd_s322s16EPsPihtthhbb] -> (nil)
AscendC: [_ZN7AscendC12vcbd_s322u16EPtPim] -> (nil)
AscendC: [_ZN7AscendC12vcbd_s322u16EPtPihtthhbb] -> (nil)
AscendC: [_ZN7AscendC11vcbd_s322u8EPhPim] -> (nil)
AscendC: [_ZN7AscendC11vcbd_s322u8EPhPihtthhbb] -> (nil)
AscendC: [_ZN7AscendC12vcbd_u162s32EPiPtm] -> (nil)
AscendC: [_ZN7AscendC12vcbd_u162s32EPiPthtthhbb] -> (nil)
AscendC: [_ZN7AscendC12vcbd_u162u32EPjPtm] -> (nil)
AscendC: [_ZN7AscendC12vcbd_u162u32EPjPthtthhbb] -> (nil)
AscendC: [_ZN7AscendC11vcbd_u162u8EPhPtm] -> (nil)
AscendC: [_ZN7AscendC11vcbd_u162u8EPhPthtthhbb] -> (nil)
AscendC: [_ZN7AscendC12vcbd_u322s16EPsPjm] -> (nil)
AscendC: [_ZN7AscendC12vcbd_u322s16EPsPjhtthhbb] -> (nil)
AscendC: [_ZN7AscendC12vcbd_u322u16EPtPjm] -> (nil)
AscendC: [_ZN7AscendC12vcbd_u322u16EPtPjhtthhbb] -> (nil)
AscendC: [_ZN7AscendC11vcbd_u322u8EPhPjm] -> (nil)
AscendC: [_ZN7AscendC11vcbd_u322u8EPhPjhtthhbb] -> (nil)
AscendC: [_ZN7AscendC11vcbd_u82s16EPsPhm] -> (nil)
AscendC: [_ZN7AscendC11vcbd_u82s16EPsPhhtthhbb] -> (nil)
AscendC: [_ZN7AscendC11vcbd_u82s32EPiPhm] -> (nil)
AscendC: [_ZN7AscendC11vcbd_u82s32EPiPhhtthhbb] -> (nil)
AscendC: [_ZN7AscendC11vcbd_u82u16EPtPhm] -> (nil)
AscendC: [_ZN7AscendC11vcbd_u82u16EPtPhhtthhbb] -> (nil)
AscendC: [_ZN7AscendC11vcbd_u82u32EPjPhm] -> (nil)
AscendC: [_ZN7AscendC11vcbd_u82u32EPjPhhtthhbb] -> (nil)
AscendC: [_ZN7AscendC6vcgaddEPN7float165Fp16TES2_m] -> (nil)
AscendC: [_ZN7AscendC6vcgaddEPN7float165Fp16TES2_httt] -> 0xffff8e3ac020
AscendC: [_ZN7AscendC6vcgaddEPN7float165Fp16TES2_htttbb] -> (nil)
AscendC: [_ZN7AscendC6vcgaddEPfS0_m] -> (nil)
AscendC: [_ZN7AscendC6vcgaddEPfS0_httt] -> 0xffff8e3ab900
AscendC: [_ZN7AscendC6vcgaddEPfS0_htttbb] -> (nil)
AscendC: [_ZN7AscendC6vcgaddERA128_N7float165Fp16TEPS1_h7Literal] -> (nil)
AscendC: [_ZN7AscendC6vcgaddERA64_fPfh7Literal] -> (nil)
AscendC: [_ZN7AscendC6vcgmaxERA128_N7float165Fp16TEPS1_h7Literal] -> (nil)
AscendC: [_ZN7AscendC6vcgmaxERA64_fPfh7Literal] -> (nil)
AscendC: [_ZN7AscendC6vcgminERA128_N7float165Fp16TEPS1_h7Literal] -> (nil)
AscendC: [_ZN7AscendC6vcgminERA64_fPfh7Literal] -> (nil)
AscendC: [_ZN7AscendC6vcpaddERA128_N7float165Fp16TEPS1_h7Literal] -> (nil)
AscendC: [_ZN7AscendC6vcpaddERA64_fPfh7Literal] -> (nil)
AscendC: [_ZN7AscendC6vcgmaxEPN7float165Fp16TES2_m] -> (nil)
AscendC: [_ZN7AscendC6vcgmaxEPN7float165Fp16TES2_httt] -> 0xffff8e3abc90
AscendC: [_ZN7AscendC6vcgmaxEPN7float165Fp16TES2_htttbb] -> (nil)
AscendC: [_ZN7AscendC6vcgmaxEPfS0_m] -> (nil)
AscendC: [_ZN7AscendC6vcgmaxEPfS0_httt] -> 0xffff8e3ab570
AscendC: [_ZN7AscendC6vcgmaxEPfS0_htttbb] -> (nil)
AscendC: [_ZN7AscendC6vcgminEPN7float165Fp16TES2_m] -> (nil)
AscendC: [_ZN7AscendC6vcgminEPN7float165Fp16TES2_httt] -> 0xffff8e3abe58
AscendC: [_ZN7AscendC6vcgminEPN7float165Fp16TES2_htttbb] -> (nil)
AscendC: [_ZN7AscendC6vcgminEPfS0_m] -> (nil)
AscendC: [_ZN7AscendC6vcgminEPfS0_httt] -> 0xffff8e3ab738
AscendC: [_ZN7AscendC6vcgminEPfS0_htttbb] -> (nil)
AscendC: [_ZN7AscendC3vciEPN7float165Fp16TES1_m] -> (nil)
AscendC: [_ZN7AscendC3vciEPN7float165Fp16TES1_hthbb] -> (nil)
AscendC: [_ZN7AscendC3vciEPffm] -> (nil)
AscendC: [_ZN7AscendC3vciEPffhthbb] -> (nil)
AscendC: [_ZN7AscendC3vciEPssm] -> (nil)
AscendC: [_ZN7AscendC3vciEPsshthbb] -> (nil)
AscendC: [_ZN7AscendC3vciEPiim] -> (nil)
AscendC: [_ZN7AscendC3vciEPiihthbb] -> (nil)
AscendC: [_ZN7AscendC5vcmaxEPN7float165Fp16TES2_m] -> (nil)
AscendC: [_ZN7AscendC5vcmaxEPN7float165Fp16TES2_httt] -> 0xffff8e3ac3b0
AscendC: [_ZN7AscendC5vcmaxEPN7float165Fp16TES2_htttbb] -> 0xffff8e3ac788
AscendC: [_ZN7AscendC5vcmaxEPN7float165Fp16TES2_mb] -> (nil)
AscendC: [_ZN7AscendC5vcmaxEPN7float165Fp16TES2_htttbbb] -> 0xffff8e3acb90
AscendC: [_ZN7AscendC5vcmaxEPN7float165Fp16TES2_m7Order_t] -> (nil)
AscendC: [_ZN7AscendC5vcmaxEPN7float165Fp16TES2_httt7Order_t] -> 0xffff8e3ad650
AscendC: [_ZN7AscendC5vcmaxEPfS0_mb] -> (nil)
AscendC: [_ZN7AscendC5vcmaxEPfS0_htttbbb] -> 0xffff8e3ad240
AscendC: [_ZN7AscendC5vcmaxEPfS0_m7Order_t] -> (nil)
AscendC: [_ZN7AscendC5vcmaxEPfS0_httt7Order_t] -> 0xffff8e3ad8d0
AscendC: [_ZN7AscendC5vcmaxEPtS0_mb] -> (nil)
AscendC: [_ZN7AscendC5vcmaxEPtS0_htttbbb] -> (nil)
AscendC: [_ZN7AscendC5vcminEPN7float165Fp16TES2_m] -> (nil)
AscendC: [_ZN7AscendC5vcminEPN7float165Fp16TES2_httt] -> 0xffff8e3ac4f8
AscendC: [_ZN7AscendC5vcminEPN7float165Fp16TES2_htttbb] -> 0xffff8e3ac8e0
AscendC: [_ZN7AscendC5vcminEPN7float165Fp16TES2_mb] -> (nil)
AscendC: [_ZN7AscendC5vcminEPN7float165Fp16TES2_htttbbb] -> 0xffff8e3accf0
AscendC: [_ZN7AscendC5vcminEPN7float165Fp16TES2_m7Order_t] -> (nil)
AscendC: [_ZN7AscendC5vcminEPN7float165Fp16TES2_httt7Order_t] -> 0xffff8e3ad790
AscendC: [_ZN7AscendC5vcminEPfS0_mb] -> (nil)
AscendC: [_ZN7AscendC5vcminEPfS0_htttbbb] -> 0xffff8e3ad3a0
AscendC: [_ZN7AscendC5vcminEPfS0_m7Order_t] -> (nil)
AscendC: [_ZN7AscendC5vcminEPfS0_httt7Order_t] -> 0xffff8e3ada10
AscendC: [_ZN7AscendC5vcminEPtS0_mb] -> (nil)
AscendC: [_ZN7AscendC5vcminEPtS0_htttbbb] -> (nil)
AscendC: [_ZN7AscendC7vcmp_eqEPN7float165Fp16TES2_m] -> (nil)
AscendC: [_ZN7AscendC7vcmp_eqEPN7float165Fp16TES2_hhhhhhh] -> 0xffff8e39c380
AscendC: [_ZN7AscendC7vcmp_eqEPN7float165Fp16TES2_hhhhhhhbb] -> (nil)
AscendC: [_ZN7AscendC7vcmp_eqEPfS0_m] -> (nil)
AscendC: [_ZN7AscendC7vcmp_eqEPfS0_hhhhhhh] -> 0xffff8e39c5c0
AscendC: [_ZN7AscendC7vcmp_eqEPfS0_hhhhhhhbb] -> (nil)
AscendC: [_ZN7AscendC7vcmp_eqEPtS0_m] -> (nil)
AscendC: [_ZN7AscendC7vcmp_eqEPtS0_hhhhhhh] -> (nil)
AscendC: [_ZN7AscendC7vcmp_eqEPtS0_hhhhhhhbb] -> (nil)
AscendC: [_ZN7AscendC7vcmp_geEPN7float165Fp16TES2_m] -> (nil)
AscendC: [_ZN7AscendC7vcmp_geEPN7float165Fp16TES2_hhhhhhh] -> 0xffff8e39c800
AscendC: [_ZN7AscendC7vcmp_geEPN7float165Fp16TES2_hhhhhhhbb] -> (nil)
AscendC: [_ZN7AscendC7vcmp_geEPfS0_m] -> (nil)
AscendC: [_ZN7AscendC7vcmp_geEPfS0_hhhhhhh] -> 0xffff8e39ca40
AscendC: [_ZN7AscendC7vcmp_geEPfS0_hhhhhhhbb] -> (nil)
AscendC: [_ZN7AscendC7vcmp_geEPtS0_m] -> (nil)
AscendC: [_ZN7AscendC7vcmp_geEPtS0_hhhhhhh] -> (nil)
AscendC: [_ZN7AscendC7vcmp_geEPtS0_hhhhhhhbb] -> (nil)
AscendC: [_ZN7AscendC7vcmp_gtEPN7float165Fp16TES2_m] -> (nil)
AscendC: [_ZN7AscendC7vcmp_gtEPN7float165Fp16TES2_hhhhhhh] -> 0xffff8e39cc80
AscendC: [_ZN7AscendC7vcmp_gtEPN7float165Fp16TES2_hhhhhhhbb] -> (nil)
AscendC: [_ZN7AscendC7vcmp_gtEPfS0_m] -> (nil)
AscendC: [_ZN7AscendC7vcmp_gtEPfS0_hhhhhhh] -> 0xffff8e39cec0
AscendC: [_ZN7AscendC7vcmp_gtEPfS0_hhhhhhhbb] -> (nil)
AscendC: [_ZN7AscendC7vcmp_gtEPtS0_m] -> (nil)
AscendC: [_ZN7AscendC7vcmp_gtEPtS0_hhhhhhh] -> (nil)
AscendC: [_ZN7AscendC7vcmp_gtEPtS0_hhhhhhhbb] -> (nil)
AscendC: [_ZN7AscendC7vcmp_leEPN7float165Fp16TES2_m] -> (nil)
AscendC: [_ZN7AscendC7vcmp_leEPN7float165Fp16TES2_hhhhhhh] -> 0xffff8e39d100
AscendC: [_ZN7AscendC7vcmp_leEPN7float165Fp16TES2_hhhhhhhbb] -> (nil)
AscendC: [_ZN7AscendC7vcmp_leEPfS0_m] -> (nil)
AscendC: [_ZN7AscendC7vcmp_leEPfS0_hhhhhhh] -> 0xffff8e39d340
AscendC: [_ZN7AscendC7vcmp_leEPfS0_hhhhhhhbb] -> (nil)
AscendC: [_ZN7AscendC7vcmp_leEPtS0_m] -> (nil)
AscendC: [_ZN7AscendC7vcmp_leEPtS0_hhhhhhh] -> (nil)
AscendC: [_ZN7AscendC7vcmp_leEPtS0_hhhhhhhbb] -> (nil)
AscendC: [_ZN7AscendC7vcmp_ltEPN7float165Fp16TES2_m] -> (nil)
AscendC: [_ZN7AscendC7vcmp_ltEPN7float165Fp16TES2_hhhhhhh] -> 0xffff8e39d580
AscendC: [_ZN7AscendC7vcmp_ltEPN7float165Fp16TES2_hhhhhhhbb] -> (nil)
AscendC: [_ZN7AscendC7vcmp_ltEPfS0_m] -> (nil)
AscendC: [_ZN7AscendC7vcmp_ltEPfS0_hhhhhhh] -> 0xffff8e39d7c0
AscendC: [_ZN7AscendC7vcmp_ltEPfS0_hhhhhhhbb] -> (nil)
AscendC: [_ZN7AscendC7vcmp_ltEPtS0_m] -> (nil)
AscendC: [_ZN7AscendC7vcmp_ltEPtS0_hhhhhhh] -> (nil)
AscendC: [_ZN7AscendC7vcmp_ltEPtS0_hhhhhhhbb] -> (nil)
AscendC: [_ZN7AscendC7vcmp_neEPN7float165Fp16TES2_m] -> (nil)
AscendC: [_ZN7AscendC7vcmp_neEPN7float165Fp16TES2_hhhhhhh] -> 0xffff8e39da00
AscendC: [_ZN7AscendC7vcmp_neEPN7float165Fp16TES2_hhhhhhhbb] -> (nil)
AscendC: [_ZN7AscendC7vcmp_neEPfS0_m] -> (nil)
AscendC: [_ZN7AscendC7vcmp_neEPfS0_hhhhhhh] -> 0xffff8e39dc40
AscendC: [_ZN7AscendC7vcmp_neEPfS0_hhhhhhhbb] -> (nil)
AscendC: [_ZN7AscendC7vcmp_neEPtS0_m] -> (nil)
AscendC: [_ZN7AscendC7vcmp_neEPtS0_hhhhhhh] -> (nil)
AscendC: [_ZN7AscendC7vcmp_neEPtS0_hhhhhhhbb] -> (nil)
AscendC: [_ZN7AscendC8vcmpv_eqEPhPN7float165Fp16TES3_m] -> (nil)
AscendC: [_ZN7AscendC8vcmpv_eqEPhPN7float165Fp16TES3_hhhhhhh] -> 0xffff8e395fc0
AscendC: [_ZN7AscendC8vcmpv_eqEPhPfS1_m] -> (nil)
AscendC: [_ZN7AscendC8vcmpv_eqEPhPfS1_hhhhhhh] -> 0xffff8e396210
AscendC: [_ZN7AscendC8vcmpv_eqEPhPiS1_m] -> (nil)
AscendC: [_ZN7AscendC8vcmpv_eqEPhPiS1_hhhhhhh] -> 0xffff8e397b80
AscendC: [_ZN7AscendC8vcmpv_geEPhPN7float165Fp16TES3_m] -> (nil)
AscendC: [_ZN7AscendC8vcmpv_geEPhPN7float165Fp16TES3_hhhhhhh] -> 0xffff8e396460
AscendC: [_ZN7AscendC8vcmpv_geEPhPfS1_m] -> (nil)
AscendC: [_ZN7AscendC8vcmpv_geEPhPfS1_hhhhhhh] -> 0xffff8e3966b0
AscendC: [_ZN7AscendC8vcmpv_gtEPhPN7float165Fp16TES3_m] -> (nil)
AscendC: [_ZN7AscendC8vcmpv_gtEPhPN7float165Fp16TES3_hhhhhhh] -> 0xffff8e396900
AscendC: [_ZN7AscendC8vcmpv_gtEPhPfS1_m] -> (nil)
AscendC: [_ZN7AscendC8vcmpv_gtEPhPfS1_hhhhhhh] -> 0xffff8e396b50
AscendC: [_ZN7AscendC8vcmpv_leEPhPN7float165Fp16TES3_m] -> (nil)
AscendC: [_ZN7AscendC8vcmpv_leEPhPN7float165Fp16TES3_hhhhhhh] -> 0xffff8e396da0
AscendC: [_ZN7AscendC8vcmpv_leEPhPfS1_m] -> (nil)
AscendC: [_ZN7AscendC8vcmpv_leEPhPfS1_hhhhhhh] -> 0xffff8e396ff0
AscendC: [_ZN7AscendC8vcmpv_ltEPhPN7float165Fp16TES3_m] -> (nil)
AscendC: [_ZN7AscendC8vcmpv_ltEPhPN7float165Fp16TES3_hhhhhhh] -> 0xffff8e397240
AscendC: [_ZN7AscendC8vcmpv_ltEPhPfS1_m] -> (nil)
AscendC: [_ZN7AscendC8vcmpv_ltEPhPfS1_hhhhhhh] -> 0xffff8e397490
AscendC: [_ZN7AscendC8vcmpv_neEPhPN7float165Fp16TES3_m] -> (nil)
AscendC: [_ZN7AscendC8vcmpv_neEPhPN7float165Fp16TES3_hhhhhhh] -> 0xffff8e3976e0
AscendC: [_ZN7AscendC8vcmpv_neEPhPfS1_m] -> (nil)
AscendC: [_ZN7AscendC8vcmpv_neEPhPfS1_hhhhhhh] -> 0xffff8e397930
AscendC: [_ZN7AscendC9vcmpvs_eqEPhPN7float165Fp16TES2_m] -> (nil)
AscendC: [_ZN7AscendC9vcmpvs_eqEPhPN7float165Fp16TES2_htthh] -> (nil)
AscendC: [_ZN7AscendC9vcmpvs_eqEPhPN7float165Fp16TES2_htttt] -> 0xffff8e398420
AscendC: [_ZN7AscendC9vcmpvs_eqEPhPffm] -> (nil)
AscendC: [_ZN7AscendC9vcmpvs_eqEPhPffhtthh] -> (nil)
AscendC: [_ZN7AscendC9vcmpvs_eqEPhPffhtttt] -> 0xffff8e3993d8
AscendC: [_ZN7AscendC9vcmpvs_eqEPhPiim] -> (nil)
AscendC: [_ZN7AscendC9vcmpvs_eqEPhPiihtttt] -> 0xffff8e397dd0
AscendC: [_ZN7AscendC9vcmpvs_geEPhPN7float165Fp16TES2_m] -> (nil)
AscendC: [_ZN7AscendC9vcmpvs_geEPhPN7float165Fp16TES2_htthh] -> (nil)
AscendC: [_ZN7AscendC9vcmpvs_geEPhPN7float165Fp16TES2_htttt] -> 0xffff8e398690
AscendC: [_ZN7AscendC9vcmpvs_geEPhPffm] -> (nil)
AscendC: [_ZN7AscendC9vcmpvs_geEPhPffhtthh] -> (nil)
AscendC: [_ZN7AscendC9vcmpvs_geEPhPffhtttt] -> 0xffff8e399680
AscendC: [_ZN7AscendC9vcmpvs_gtEPhPN7float165Fp16TES2_m] -> (nil)
AscendC: [_ZN7AscendC9vcmpvs_gtEPhPN7float165Fp16TES2_htthh] -> (nil)
AscendC: [_ZN7AscendC9vcmpvs_gtEPhPN7float165Fp16TES2_htttt] -> 0xffff8e398938
AscendC: [_ZN7AscendC9vcmpvs_gtEPhPffm] -> (nil)
AscendC: [_ZN7AscendC9vcmpvs_gtEPhPffhtthh] -> (nil)
AscendC: [_ZN7AscendC9vcmpvs_gtEPhPffhtttt] -> 0xffff8e399928
AscendC: [_ZN7AscendC9vcmpvs_leEPhPN7float165Fp16TES2_m] -> (nil)
AscendC: [_ZN7AscendC9vcmpvs_leEPhPN7float165Fp16TES2_htthh] -> (nil)
AscendC: [_ZN7AscendC9vcmpvs_leEPhPN7float165Fp16TES2_htttt] -> 0xffff8e398be0
AscendC: [_ZN7AscendC9vcmpvs_leEPhPffm] -> (nil)
AscendC: [_ZN7AscendC9vcmpvs_leEPhPffhtthh] -> (nil)
AscendC: [_ZN7AscendC9vcmpvs_leEPhPffhtttt] -> 0xffff8e399bd0
AscendC: [_ZN7AscendC9vcmpvs_ltEPhPN7float165Fp16TES2_m] -> (nil)
AscendC: [_ZN7AscendC9vcmpvs_ltEPhPN7float165Fp16TES2_htthh] -> (nil)
AscendC: [_ZN7AscendC9vcmpvs_ltEPhPN7float165Fp16TES2_htttt] -> 0xffff8e398e88
AscendC: [_ZN7AscendC9vcmpvs_ltEPhPffm] -> (nil)
AscendC: [_ZN7AscendC9vcmpvs_ltEPhPffhtthh] -> (nil)
AscendC: [_ZN7AscendC9vcmpvs_ltEPhPffhtttt] -> 0xffff8e399e78
AscendC: [_ZN7AscendC9vcmpvs_neEPhPN7float165Fp16TES2_m] -> (nil)
AscendC: [_ZN7AscendC9vcmpvs_neEPhPN7float165Fp16TES2_htthh] -> (nil)
AscendC: [_ZN7AscendC9vcmpvs_neEPhPN7float165Fp16TES2_htttt] -> 0xffff8e399130
AscendC: [_ZN7AscendC9vcmpvs_neEPhPffm] -> (nil)
AscendC: [_ZN7AscendC9vcmpvs_neEPhPffhtthh] -> (nil)
AscendC: [_ZN7AscendC9vcmpvs_neEPhPffhtttt] -> 0xffff8e39a120
AscendC: [_ZN7AscendC7vconcatEPN7float165Fp16TES2_m] -> (nil)
AscendC: [_ZN7AscendC7vconcatEPN7float165Fp16TES2_hh] -> 0xffff8e37cea0
AscendC: [_ZN7AscendC7vconcatEPN7float165Fp16TES2_htthh] -> (nil)
AscendC: [_ZN7AscendC7vconcatEPN7float165Fp16TES2_htthhbb] -> (nil)
AscendC: [_ZN7AscendC7vconcatEPfS0_m] -> (nil)
AscendC: [_ZN7AscendC7vconcatEPfS0_hh] -> 0xffff8e37d348
AscendC: [_ZN7AscendC7vconcatEPfS0_htthh] -> (nil)
AscendC: [_ZN7AscendC7vconcatEPfS0_htthhbb] -> (nil)
AscendC: [_ZN7AscendC14vconv_bf162f32EPfPN8bfloat165Bf16TEhtttt] -> 0xffff8e3c5cc8
AscendC: [_ZN7AscendC14vconv_bf162f32EPfPN8bfloat165Bf16TEm] -> (nil)
AscendC: [_ZN7AscendC15vconv_bf162s32aEPiPN8bfloat165Bf16TEhtttt] -> 0xffff8e3c5ec0
AscendC: [_ZN7AscendC15vconv_bf162s32aEPiPN8bfloat165Bf16TEm] -> (nil)
AscendC: [_ZN7AscendC15vconv_bf162s32cEPiPN8bfloat165Bf16TEhtttt] -> 0xffff8e3c60b8
AscendC: [_ZN7AscendC15vconv_bf162s32cEPiPN8bfloat165Bf16TEm] -> (nil)
AscendC: [_ZN7AscendC15vconv_bf162s32fEPiPN8bfloat165Bf16TEhtttt] -> 0xffff8e3c62b0
AscendC: [_ZN7AscendC15vconv_bf162s32fEPiPN8bfloat165Bf16TEm] -> (nil)
AscendC: [_ZN7AscendC15vconv_bf162s32rEPiPN8bfloat165Bf16TEhtttt] -> 0xffff8e3c64a8
AscendC: [_ZN7AscendC15vconv_bf162s32rEPiPN8bfloat165Bf16TEm] -> (nil)
AscendC: [_ZN7AscendC15vconv_bf162s32zEPiPN8bfloat165Bf16TEhtttt] -> 0xffff8e3c66a0
AscendC: [_ZN7AscendC15vconv_bf162s32zEPiPN8bfloat165Bf16TEm] -> (nil)
AscendC: [_ZN7AscendC9vconv_deqEPN7float165Fp16TEPim] -> (nil)
AscendC: [_ZN7AscendC9vconv_deqEPN7float165Fp16TEPihtthh] -> 0xffff8e3bacc8
AscendC: [_ZN7AscendC9vconv_deqEPN7float165Fp16TEPihtthhbb] -> (nil)
AscendC: [_ZN7AscendC15vconv_deqs162b8EPaPsmb] -> (nil)
AscendC: [_ZN7AscendC15vconv_deqs162b8EPaPshtthhbbb] -> (nil)
AscendC: [_ZN7AscendC15vconv_deqs162b8EPhPsmb] -> (nil)
AscendC: [_ZN7AscendC15vconv_deqs162b8EPhPshtthhbbb] -> (nil)
AscendC: [_ZN7AscendC16vconv_deqs162b8hEPaPshtthh] -> 0xffff8e3bf158
AscendC: [_ZN7AscendC16vconv_deqs162b8hEPaPsm] -> (nil)
AscendC: [_ZN7AscendC16vconv_deqs162b8hEPhPshtthh] -> 0xffff8e3bf350
AscendC: [_ZN7AscendC16vconv_deqs162b8hEPhPsm] -> (nil)
AscendC: [_ZN7AscendC16vconv_deqs162b8lEPaPshtthh] -> 0xffff8e3bf548
AscendC: [_ZN7AscendC16vconv_deqs162b8lEPaPsm] -> (nil)
AscendC: [_ZN7AscendC16vconv_deqs162b8lEPhPshtthh] -> 0xffff8e3bf740
AscendC: [_ZN7AscendC16vconv_deqs162b8lEPhPsm] -> (nil)
AscendC: [_ZN7AscendC13vconv_f162f32EPfPN7float165Fp16TEm] -> (nil)
AscendC: [_ZN7AscendC13vconv_f162f32EPfPN7float165Fp16TEhtthh] -> 0xffff8e3baec0
AscendC: [_ZN7AscendC13vconv_f162f32EPfPN7float165Fp16TEhtthhbb] -> (nil)
AscendC: [_ZN7AscendC13vconv_f162f32EPfPN7float165Fp16TEhtttt] -> (nil)
AscendC: [_ZN7AscendC14vconv_f162s16aEPsPN7float165Fp16TEhtttt] -> 0xffff8e3c6898
AscendC: [_ZN7AscendC14vconv_f162s16aEPsPN7float165Fp16TEm] -> (nil)
AscendC: [_ZN7AscendC14vconv_f162s16cEPsPN7float165Fp16TEhtttt] -> 0xffff8e3c6a88
AscendC: [_ZN7AscendC14vconv_f162s16cEPsPN7float165Fp16TEm] -> (nil)
AscendC: [_ZN7AscendC14vconv_f162s16fEPsPN7float165Fp16TEhtttt] -> 0xffff8e3c6c78
AscendC: [_ZN7AscendC14vconv_f162s16fEPsPN7float165Fp16TEm] -> (nil)
AscendC: [_ZN7AscendC14vconv_f162s16rEPsPN7float165Fp16TEm] -> (nil)
AscendC: [_ZN7AscendC14vconv_f162s16rEPsPN7float165Fp16TEhtthhbb] -> (nil)
AscendC: [_ZN7AscendC14vconv_f162s16rEPsPN7float165Fp16TEhtttt] -> 0xffff8e3c6e68
AscendC: [_ZN7AscendC14vconv_f162s16zEPsPN7float165Fp16TEhtttt] -> 0xffff8e3c7058
AscendC: [_ZN7AscendC14vconv_f162s16zEPsPN7float165Fp16TEm] -> (nil)
AscendC: [_ZN7AscendC14vconv_f162s32aEPiPN7float165Fp16TEm] -> (nil)
AscendC: [_ZN7AscendC14vconv_f162s32aEPiPN7float165Fp16TEhtthh] -> 0xffff8e3bb0b8
AscendC: [_ZN7AscendC14vconv_f162s32aEPiPN7float165Fp16TEhtthhbb] -> (nil)
AscendC: [_ZN7AscendC14vconv_f162s32aEPiPN7float165Fp16TEhtttt] -> (nil)
AscendC: [_ZN7AscendC14vconv_f162s32cEPiPN7float165Fp16TEm] -> (nil)
AscendC: [_ZN7AscendC14vconv_f162s32cEPiPN7float165Fp16TEhtthh] -> 0xffff8e3bb2b0
AscendC: [_ZN7AscendC14vconv_f162s32cEPiPN7float165Fp16TEhtthhbb] -> (nil)
AscendC: [_ZN7AscendC14vconv_f162s32cEPiPN7float165Fp16TEhtttt] -> (nil)
AscendC: [_ZN7AscendC14vconv_f162s32fEPiPN7float165Fp16TEm] -> (nil)
AscendC: [_ZN7AscendC14vconv_f162s32fEPiPN7float165Fp16TEhtthh] -> 0xffff8e3bb4a8
AscendC: [_ZN7AscendC14vconv_f162s32fEPiPN7float165Fp16TEhtthhbb] -> (nil)
AscendC: [_ZN7AscendC14vconv_f162s32fEPiPN7float165Fp16TEhtttt] -> (nil)
AscendC: [_ZN7AscendC14vconv_f162s32rEPiPN7float165Fp16TEm] -> (nil)
AscendC: [_ZN7AscendC14vconv_f162s32rEPiPN7float165Fp16TEhtthh] -> 0xffff8e3bb6a0
AscendC: [_ZN7AscendC14vconv_f162s32rEPiPN7float165Fp16TEhtthhbb] -> (nil)
AscendC: [_ZN7AscendC14vconv_f162s32rEPiPN7float165Fp16TEhtttt] -> (nil)
AscendC: [_ZN7AscendC14vconv_f162s32zEPiPN7float165Fp16TEm] -> (nil)
AscendC: [_ZN7AscendC14vconv_f162s32zEPiPN7float165Fp16TEhtthh] -> 0xffff8e3bb898
AscendC: [_ZN7AscendC14vconv_f162s32zEPiPN7float165Fp16TEhtthhbb] -> (nil)
AscendC: [_ZN7AscendC14vconv_f162s32zEPiPN7float165Fp16TEhtttt] -> (nil)
AscendC: [_ZN7AscendC12vconv_f162s4EPvPN7float165Fp16TEm] -> (nil)
AscendC: [_ZN7AscendC12vconv_f162s4EPvPN7float165Fp16TEhtthhbb] -> (nil)
AscendC: [_ZN7AscendC12vconv_f162s4EPvPN7float165Fp16TEhtttt] -> 0xffff8e3c8b90
AscendC: [_ZN7AscendC13vconv_f162s4aEPvPN7float165Fp16TEhtttt] -> 0xffff8e3c8d68
AscendC: [_ZN7AscendC13vconv_f162s4aEPvPN7float165Fp16TEm] -> (nil)
AscendC: [_ZN7AscendC13vconv_f162s4cEPvPN7float165Fp16TEhtttt] -> 0xffff8e3c8f40
AscendC: [_ZN7AscendC13vconv_f162s4cEPvPN7float165Fp16TEm] -> (nil)
AscendC: [_ZN7AscendC13vconv_f162s4fEPvPN7float165Fp16TEhtttt] -> 0xffff8e3c9118
AscendC: [_ZN7AscendC13vconv_f162s4fEPvPN7float165Fp16TEm] -> (nil)
AscendC: [_ZN7AscendC13vconv_f162s4rEPvPN7float165Fp16TEhtttt] -> 0xffff8e3c92f0
AscendC: [_ZN7AscendC13vconv_f162s4rEPvPN7float165Fp16TEm] -> (nil)
AscendC: [_ZN7AscendC13vconv_f162s4zEPvPN7float165Fp16TEhtttt] -> 0xffff8e3c94c8
AscendC: [_ZN7AscendC13vconv_f162s4zEPvPN7float165Fp16TEm] -> (nil)
AscendC: [_ZN7AscendC12vconv_f162s8EPaPN7float165Fp16TEm] -> (nil)
AscendC: [_ZN7AscendC12vconv_f162s8EPaPN7float165Fp16TEhtthh] -> 0xffff8e3bba90
AscendC: [_ZN7AscendC12vconv_f162s8EPaPN7float165Fp16TEhtthhbb] -> (nil)
AscendC: [_ZN7AscendC12vconv_f162s8EPaPN7float165Fp16TEhtttt] -> (nil)
AscendC: [_ZN7AscendC13vconv_f162s8aEPaPN7float165Fp16TEm] -> (nil)
AscendC: [_ZN7AscendC13vconv_f162s8aEPaPN7float165Fp16TEhtthh] -> 0xffff8e3bbc88
AscendC: [_ZN7AscendC13vconv_f162s8aEPaPN7float165Fp16TEhtthhbb] -> (nil)
AscendC: [_ZN7AscendC13vconv_f162s8aEPaPN7float165Fp16TEhtttt] -> (nil)
AscendC: [_ZN7AscendC13vconv_f162s8cEPaPN7float165Fp16TEm] -> (nil)
AscendC: [_ZN7AscendC13vconv_f162s8cEPaPN7float165Fp16TEhtthh] -> 0xffff8e3bbe80
AscendC: [_ZN7AscendC13vconv_f162s8cEPaPN7float165Fp16TEhtthhbb] -> (nil)
AscendC: [_ZN7AscendC13vconv_f162s8cEPaPN7float165Fp16TEhtttt] -> (nil)
AscendC: [_ZN7AscendC13vconv_f162s8fEPaPN7float165Fp16TEm] -> (nil)
AscendC: [_ZN7AscendC13vconv_f162s8fEPaPN7float165Fp16TEhtthh] -> 0xffff8e3bc078
AscendC: [_ZN7AscendC13vconv_f162s8fEPaPN7float165Fp16TEhtthhbb] -> (nil)
AscendC: [_ZN7AscendC13vconv_f162s8fEPaPN7float165Fp16TEhtttt] -> (nil)
AscendC: [_ZN7AscendC13vconv_f162s8rEPaPN7float165Fp16TEhtttt] -> 0xffff8e3c0118
AscendC: [_ZN7AscendC13vconv_f162s8rEPaPN7float165Fp16TEm] -> (nil)
AscendC: [_ZN7AscendC13vconv_f162s8zEPaPN7float165Fp16TEm] -> (nil)
AscendC: [_ZN7AscendC13vconv_f162s8zEPaPN7float165Fp16TEhtthh] -> 0xffff8e3bc270
AscendC: [_ZN7AscendC13vconv_f162s8zEPaPN7float165Fp16TEhtthhbb] -> (nil)
AscendC: [_ZN7AscendC13vconv_f162s8zEPaPN7float165Fp16TEhtttt] -> (nil)
AscendC: [_ZN7AscendC12vconv_f162u8EPhPN7float165Fp16TEm] -> (nil)
AscendC: [_ZN7AscendC12vconv_f162u8EPhPN7float165Fp16TEhtthh] -> 0xffff8e3bc468
AscendC: [_ZN7AscendC12vconv_f162u8EPhPN7float165Fp16TEhtthhbb] -> (nil)
AscendC: [_ZN7AscendC12vconv_f162u8EPhPN7float165Fp16TEhtttt] -> (nil)
AscendC: [_ZN7AscendC13vconv_f162u8aEPhPN7float165Fp16TEm] -> (nil)
AscendC: [_ZN7AscendC13vconv_f162u8aEPhPN7float165Fp16TEhtthh] -> 0xffff8e3bc660
AscendC: [_ZN7AscendC13vconv_f162u8aEPhPN7float165Fp16TEhtthhbb] -> (nil)
AscendC: [_ZN7AscendC13vconv_f162u8aEPhPN7float165Fp16TEhtttt] -> (nil)
AscendC: [_ZN7AscendC13vconv_f162u8cEPhPN7float165Fp16TEm] -> (nil)
AscendC: [_ZN7AscendC13vconv_f162u8cEPhPN7float165Fp16TEhtthh] -> 0xffff8e3bc858
AscendC: [_ZN7AscendC13vconv_f162u8cEPhPN7float165Fp16TEhtthhbb] -> (nil)
AscendC: [_ZN7AscendC13vconv_f162u8cEPhPN7float165Fp16TEhtttt] -> (nil)
AscendC: [_ZN7AscendC13vconv_f162u8fEPhPN7float165Fp16TEm] -> (nil)
AscendC: [_ZN7AscendC13vconv_f162u8fEPhPN7float165Fp16TEhtthh] -> 0xffff8e3bca50
AscendC: [_ZN7AscendC13vconv_f162u8fEPhPN7float165Fp16TEhtthhbb] -> (nil)
AscendC: [_ZN7AscendC13vconv_f162u8fEPhPN7float165Fp16TEhtttt] -> (nil)
AscendC: [_ZN7AscendC13vconv_f162u8rEPhPN7float165Fp16TEhtttt] -> 0xffff8e3c0310
AscendC: [_ZN7AscendC13vconv_f162u8rEPhPN7float165Fp16TEm] -> (nil)
AscendC: [_ZN7AscendC13vconv_f162u8zEPhPN7float165Fp16TEm] -> (nil)
AscendC: [_ZN7AscendC13vconv_f162u8zEPhPN7float165Fp16TEhtthh] -> 0xffff8e3bcc48
AscendC: [_ZN7AscendC13vconv_f162u8zEPhPN7float165Fp16TEhtthhbb] -> (nil)
AscendC: [_ZN7AscendC13vconv_f162u8zEPhPN7float165Fp16TEhtttt] -> (nil)
AscendC: [_ZN7AscendC15vconv_f322bf16aEPN8bfloat165Bf16TEPfhtttt] -> 0xffff8e3c4918
AscendC: [_ZN7AscendC15vconv_f322bf16aEPN8bfloat165Bf16TEPfm] -> (nil)
AscendC: [_ZN7AscendC15vconv_f322bf16cEPN8bfloat165Bf16TEPfhtttt] -> 0xffff8e3c4b10
AscendC: [_ZN7AscendC15vconv_f322bf16cEPN8bfloat165Bf16TEPfm] -> (nil)
AscendC: [_ZN7AscendC15vconv_f322bf16fEPN8bfloat165Bf16TEPfhtttt] -> 0xffff8e3c4d08
AscendC: [_ZN7AscendC15vconv_f322bf16fEPN8bfloat165Bf16TEPfm] -> (nil)
AscendC: [_ZN7AscendC15vconv_f322bf16rEPN8bfloat165Bf16TEPfhtttt] -> 0xffff8e3c4f00
AscendC: [_ZN7AscendC15vconv_f322bf16rEPN8bfloat165Bf16TEPfm] -> (nil)
AscendC: [_ZN7AscendC15vconv_f322bf16zEPN8bfloat165Bf16TEPfhtttt] -> 0xffff8e3c50f8
AscendC: [_ZN7AscendC15vconv_f322bf16zEPN8bfloat165Bf16TEPfm] -> (nil)
AscendC: [_ZN7AscendC13vconv_f322f16EPN7float165Fp16TEPfm] -> (nil)
AscendC: [_ZN7AscendC13vconv_f322f16EPN7float165Fp16TEPfhtthh] -> 0xffff8e3bce40
AscendC: [_ZN7AscendC13vconv_f322f16EPN7float165Fp16TEPfhtthhbb] -> (nil)
AscendC: [_ZN7AscendC13vconv_f322f16EPN7float165Fp16TEPfhtttt] -> (nil)
AscendC: [_ZN7AscendC14vconv_f322f16aEPN7float165Fp16TEPfhtttt] -> 0xffff8e3c0508
AscendC: [_ZN7AscendC14vconv_f322f16aEPN7float165Fp16TEPfm] -> (nil)
AscendC: [_ZN7AscendC14vconv_f322f16cEPN7float165Fp16TEPfhtttt] -> 0xffff8e3c0700
AscendC: [_ZN7AscendC14vconv_f322f16cEPN7float165Fp16TEPfm] -> (nil)
AscendC: [_ZN7AscendC14vconv_f322f16fEPN7float165Fp16TEPfhtttt] -> 0xffff8e3c08f8
AscendC: [_ZN7AscendC14vconv_f322f16fEPN7float165Fp16TEPfm] -> (nil)
AscendC: [_ZN7AscendC14vconv_f322f16oEPN7float165Fp16TEPfm] -> (nil)
AscendC: [_ZN7AscendC14vconv_f322f16oEPN7float165Fp16TEPfhtthh] -> 0xffff8e3bd038
AscendC: [_ZN7AscendC14vconv_f322f16oEPN7float165Fp16TEPfhtthhbb] -> (nil)
AscendC: [_ZN7AscendC14vconv_f322f16oEPN7float165Fp16TEPfhtttt] -> (nil)
AscendC: [_ZN7AscendC14vconv_f322f16rEPN7float165Fp16TEPfhtttt] -> 0xffff8e3c0af0
AscendC: [_ZN7AscendC14vconv_f322f16rEPN7float165Fp16TEPfm] -> (nil)
AscendC: [_ZN7AscendC14vconv_f322f16zEPN7float165Fp16TEPfhtttt] -> 0xffff8e3c0ce8
AscendC: [_ZN7AscendC14vconv_f322f16zEPN7float165Fp16TEPfm] -> (nil)
AscendC: [_ZN7AscendC14vconv_f322f32aEPfS0_htttt] -> 0xffff8e3c3f90
AscendC: [_ZN7AscendC14vconv_f322f32aEPfS0_m] -> (nil)
AscendC: [_ZN7AscendC14vconv_f322f32cEPfS0_htttt] -> 0xffff8e3c4178
AscendC: [_ZN7AscendC14vconv_f322f32cEPfS0_m] -> (nil)
AscendC: [_ZN7AscendC14vconv_f322f32fEPfS0_htttt] -> 0xffff8e3c4360
AscendC: [_ZN7AscendC14vconv_f322f32fEPfS0_m] -> (nil)
AscendC: [_ZN7AscendC14vconv_f322f32rEPfS0_htttt] -> 0xffff8e3c4548
AscendC: [_ZN7AscendC14vconv_f322f32rEPfS0_m] -> (nil)
AscendC: [_ZN7AscendC14vconv_f322f32zEPfS0_htttt] -> 0xffff8e3c4730
AscendC: [_ZN7AscendC14vconv_f322f32zEPfS0_m] -> (nil)
AscendC: [_ZN7AscendC14vconv_f322s16aEPsPfhtttt] -> 0xffff8e3c0ee0
AscendC: [_ZN7AscendC14vconv_f322s16aEPsPfm] -> (nil)
AscendC: [_ZN7AscendC14vconv_f322s16cEPsPfhtttt] -> 0xffff8e3c10d8
AscendC: [_ZN7AscendC14vconv_f322s16cEPsPfm] -> (nil)
AscendC: [_ZN7AscendC14vconv_f322s16fEPsPfhtttt] -> 0xffff8e3c12d0
AscendC: [_ZN7AscendC14vconv_f322s16fEPsPfm] -> (nil)
AscendC: [_ZN7AscendC14vconv_f322s16rEPsPfm] -> (nil)
AscendC: [_ZN7AscendC14vconv_f322s16rEPsPfhtthh] -> 0xffff8e3bd230
AscendC: [_ZN7AscendC14vconv_f322s16rEPsPfhtthhbb] -> (nil)
AscendC: [_ZN7AscendC14vconv_f322s16rEPsPfhtttt] -> 0xffff8e3c14c8
AscendC: [_ZN7AscendC14vconv_f322s16zEPsPfm] -> (nil)
AscendC: [_ZN7AscendC14vconv_f322s16zEPsPfhtthh] -> 0xffff8e3bd428
AscendC: [_ZN7AscendC14vconv_f322s16zEPsPfhtthhbb] -> (nil)
AscendC: [_ZN7AscendC14vconv_f322s16zEPsPfhtttt] -> 0xffff8e3c16c0
AscendC: [_ZN7AscendC14vconv_f322s32aEPiPfm] -> (nil)
AscendC: [_ZN7AscendC14vconv_f322s32aEPiPfhtthh] -> 0xffff8e3bd620
AscendC: [_ZN7AscendC14vconv_f322s32aEPiPfhtthhbb] -> (nil)
AscendC: [_ZN7AscendC14vconv_f322s32aEPiPfhtttt] -> 0xffff8e3c18b8
AscendC: [_ZN7AscendC14vconv_f322s32cEPiPfm] -> (nil)
AscendC: [_ZN7AscendC14vconv_f322s32cEPiPfhtthh] -> 0xffff8e3bd810
AscendC: [_ZN7AscendC14vconv_f322s32cEPiPfhtthhbb] -> (nil)
AscendC: [_ZN7AscendC14vconv_f322s32cEPiPfhtttt] -> 0xffff8e3c1aa8
AscendC: [_ZN7AscendC14vconv_f322s32fEPiPfm] -> (nil)
AscendC: [_ZN7AscendC14vconv_f322s32fEPiPfhtthh] -> 0xffff8e3bda00
AscendC: [_ZN7AscendC14vconv_f322s32fEPiPfhtthhbb] -> (nil)
AscendC: [_ZN7AscendC14vconv_f322s32fEPiPfhtttt] -> 0xffff8e3c1c98
AscendC: [_ZN7AscendC14vconv_f322s32rEPiPfm] -> (nil)
AscendC: [_ZN7AscendC14vconv_f322s32rEPiPfhtthh] -> 0xffff8e3bdbf0
AscendC: [_ZN7AscendC14vconv_f322s32rEPiPfhtthhbb] -> (nil)
AscendC: [_ZN7AscendC14vconv_f322s32rEPiPfhtttt] -> 0xffff8e3c1e88
AscendC: [_ZN7AscendC14vconv_f322s32zEPiPfm] -> (nil)
AscendC: [_ZN7AscendC14vconv_f322s32zEPiPfhtthh] -> 0xffff8e3bdde0
AscendC: [_ZN7AscendC14vconv_f322s32zEPiPfhtthhbb] -> (nil)
AscendC: [_ZN7AscendC14vconv_f322s32zEPiPfhtttt] -> 0xffff8e3c2078
AscendC: [_ZN7AscendC14vconv_f322s64aEPlPfhtttt] -> 0xffff8e3c52f0
AscendC: [_ZN7AscendC14vconv_f322s64aEPlPfm] -> (nil)
AscendC: [_ZN7AscendC14vconv_f322s64cEPlPfhtttt] -> 0xffff8e3c54e8
AscendC: [_ZN7AscendC14vconv_f322s64cEPlPfm] -> (nil)
AscendC: [_ZN7AscendC14vconv_f322s64fEPlPfhtttt] -> 0xffff8e3c56e0
AscendC: [_ZN7AscendC14vconv_f322s64fEPlPfm] -> (nil)
AscendC: [_ZN7AscendC14vconv_f322s64rEPlPfhtttt] -> 0xffff8e3c58d8
AscendC: [_ZN7AscendC14vconv_f322s64rEPlPfm] -> (nil)
AscendC: [_ZN7AscendC14vconv_f322s64zEPlPfhtttt] -> 0xffff8e3c5ad0
AscendC: [_ZN7AscendC14vconv_f322s64zEPlPfm] -> (nil)
AscendC: [_ZN7AscendC13vconv_s162f16EPN7float165Fp16TEPsm] -> (nil)
AscendC: [_ZN7AscendC13vconv_s162f16EPN7float165Fp16TEPshtthhbb] -> (nil)
AscendC: [_ZN7AscendC13vconv_s162f16EPN7float165Fp16TEPshtttt] -> 0xffff8e3c2268
AscendC: [_ZN7AscendC14vconv_s162f16aEPN7float165Fp16TEPshtttt] -> 0xffff8e3c2458
AscendC: [_ZN7AscendC14vconv_s162f16aEPN7float165Fp16TEPsm] -> (nil)
AscendC: [_ZN7AscendC14vconv_s162f16cEPN7float165Fp16TEPshtttt] -> 0xffff8e3c2648
AscendC: [_ZN7AscendC14vconv_s162f16cEPN7float165Fp16TEPsm] -> (nil)
AscendC: [_ZN7AscendC14vconv_s162f16fEPN7float165Fp16TEPshtttt] -> 0xffff8e3c2838
AscendC: [_ZN7AscendC14vconv_s162f16fEPN7float165Fp16TEPsm] -> (nil)
AscendC: [_ZN7AscendC14vconv_s162f16rEPN7float165Fp16TEPshtttt] -> 0xffff8e3c2a28
AscendC: [_ZN7AscendC14vconv_s162f16rEPN7float165Fp16TEPsm] -> (nil)
AscendC: [_ZN7AscendC14vconv_s162f16zEPN7float165Fp16TEPshtttt] -> 0xffff8e3c2c18
AscendC: [_ZN7AscendC14vconv_s162f16zEPN7float165Fp16TEPsm] -> (nil)
AscendC: [_ZN7AscendC13vconv_s162f32EPfPsm] -> (nil)
AscendC: [_ZN7AscendC13vconv_s162f32EPfPshtthhbb] -> (nil)
AscendC: [_ZN7AscendC13vconv_s162f32EPfPshtttt] -> 0xffff8e3c2e08
AscendC: [_ZN7AscendC13vconv_s322f32EPfPim] -> (nil)
AscendC: [_ZN7AscendC13vconv_s322f32EPfPihtthh] -> 0xffff8e3be1c8
AscendC: [_ZN7AscendC13vconv_s322f32EPfPihtthhbb] -> (nil)
AscendC: [_ZN7AscendC13vconv_s322f32EPfPihtttt] -> 0xffff8e3c3000
AscendC: [_ZN7AscendC14vconv_s322f32aEPfPihtttt] -> 0xffff8e3c31f0
AscendC: [_ZN7AscendC14vconv_s322f32aEPfPim] -> (nil)
AscendC: [_ZN7AscendC14vconv_s322f32cEPfPihtttt] -> 0xffff8e3c33e0
AscendC: [_ZN7AscendC14vconv_s322f32cEPfPim] -> (nil)
AscendC: [_ZN7AscendC14vconv_s322f32fEPfPihtttt] -> 0xffff8e3c35d0
AscendC: [_ZN7AscendC14vconv_s322f32fEPfPim] -> (nil)
AscendC: [_ZN7AscendC14vconv_s322f32rEPfPihtttt] -> 0xffff8e3c37c0
AscendC: [_ZN7AscendC14vconv_s322f32rEPfPim] -> (nil)
AscendC: [_ZN7AscendC14vconv_s322f32zEPfPihtttt] -> 0xffff8e3c39b0
AscendC: [_ZN7AscendC14vconv_s322f32zEPfPim] -> (nil)
AscendC: [_ZN7AscendC13vconv_s322s16EPsPihtttt] -> 0xffff8e3c7248
AscendC: [_ZN7AscendC13vconv_s322s16EPsPim] -> (nil)
AscendC: [_ZN7AscendC13vconv_s322s64EPlPihtttt] -> 0xffff8e3c7440
AscendC: [_ZN7AscendC13vconv_s322s64EPlPim] -> (nil)
AscendC: [_ZN7AscendC12vconv_s42f16EPN7float165Fp16TEPvhtthh] -> 0xffff8e3c89b8
AscendC: [_ZN7AscendC12vconv_s42f16EPN7float165Fp16TEPvm] -> (nil)
AscendC: [_ZN7AscendC14vconv_s642f32aEPfPlhtttt] -> 0xffff8e3c7638
AscendC: [_ZN7AscendC14vconv_s642f32aEPfPlm] -> (nil)
AscendC: [_ZN7AscendC14vconv_s642f32cEPfPlhtttt] -> 0xffff8e3c7830
AscendC: [_ZN7AscendC14vconv_s642f32cEPfPlm] -> (nil)
AscendC: [_ZN7AscendC14vconv_s642f32fEPfPlhtttt] -> 0xffff8e3c7a28
AscendC: [_ZN7AscendC14vconv_s642f32fEPfPlm] -> (nil)
AscendC: [_ZN7AscendC14vconv_s642f32rEPfPlhtttt] -> 0xffff8e3c7c20
AscendC: [_ZN7AscendC14vconv_s642f32rEPfPlm] -> (nil)
AscendC: [_ZN7AscendC14vconv_s642f32zEPfPlhtttt] -> 0xffff8e3c7e18
AscendC: [_ZN7AscendC14vconv_s642f32zEPfPlm] -> (nil)
AscendC: [_ZN7AscendC13vconv_s642s32EPiPlhtttt] -> 0xffff8e3c8010
AscendC: [_ZN7AscendC13vconv_s642s32EPiPlm] -> (nil)
AscendC: [_ZN7AscendC12vconv_s82f16EPN7float165Fp16TEPam] -> (nil)
AscendC: [_ZN7AscendC12vconv_s82f16EPN7float165Fp16TEPahtthh] -> 0xffff8e3bed68
AscendC: [_ZN7AscendC12vconv_s82f16EPN7float165Fp16TEPahtthhbb] -> (nil)
AscendC: [_ZN7AscendC12vconv_s82f16EPN7float165Fp16TEPahtttt] -> 0xffff8e3c3ba0
AscendC: [_ZN7AscendC12vconv_u82f16EPN7float165Fp16TEPhm] -> (nil)
AscendC: [_ZN7AscendC12vconv_u82f16EPN7float165Fp16TEPhhtthh] -> 0xffff8e3bef60
AscendC: [_ZN7AscendC12vconv_u82f16EPN7float165Fp16TEPhhtthhbb] -> (nil)
AscendC: [_ZN7AscendC12vconv_u82f16EPN7float165Fp16TEPhhtttt] -> 0xffff8e3c3d98
AscendC: [_ZN7AscendC16vconv_vdeqs162b8EPaPsmb] -> (nil)
AscendC: [_ZN7AscendC16vconv_vdeqs162b8EPaPshtthhbbb] -> (nil)
AscendC: [_ZN7AscendC16vconv_vdeqs162b8EPhPsmb] -> (nil)
AscendC: [_ZN7AscendC16vconv_vdeqs162b8EPhPshtthhbbb] -> (nil)
AscendC: [_ZN7AscendC17vconv_vdeqs162b8hEPaPshtthh] -> 0xffff8e3bf938
AscendC: [_ZN7AscendC17vconv_vdeqs162b8hEPaPsm] -> (nil)
AscendC: [_ZN7AscendC17vconv_vdeqs162b8hEPhPshtthh] -> 0xffff8e3bfb30
AscendC: [_ZN7AscendC17vconv_vdeqs162b8hEPhPsm] -> (nil)
AscendC: [_ZN7AscendC17vconv_vdeqs162b8lEPaPshtthh] -> 0xffff8e3bfd28
AscendC: [_ZN7AscendC17vconv_vdeqs162b8lEPaPsm] -> (nil)
AscendC: [_ZN7AscendC17vconv_vdeqs162b8lEPhPshtthh] -> 0xffff8e3bff20
AscendC: [_ZN7AscendC17vconv_vdeqs162b8lEPhPsm] -> (nil)
AscendC: [_ZN7AscendC4vcvtERA128_N7float165Fp16TEPhh7Literal] -> (nil)
AscendC: [_ZN7AscendC4vcvtERA128_N7float165Fp16TEPah7Literal] -> (nil)
AscendC: [_ZN7AscendC4vcvtERA64_fPN7float165Fp16TEh7Literal] -> (nil)
AscendC: [_ZN7AscendC4vcvtERA64_iPN7float165Fp16TEh7LiteralS5_] -> (nil)
AscendC: [_ZN7AscendC4vcvtERA64_fPN8bfloat165Bf16TEh7Literal] -> (nil)
AscendC: [_ZN7AscendC4vcvtERA64_iPN8bfloat165Bf16TEh7LiteralS5_S5_] -> (nil)
AscendC: [_ZN7AscendC4vcvtERA64_fPsh7Literal] -> (nil)
AscendC: [_ZN7AscendC4vcvtERA32_lPfh7LiteralS3_S3_] -> (nil)
AscendC: [_ZN7AscendC4vcvtERA32_lPih7Literal] -> (nil)
AscendC: [_ZN7AscendC4vcvtERA256_hPN7float165Fp16TEh7LiteralS5_S5_] -> (nil)
AscendC: [_ZN7AscendC4vcvtERA256_aPN7float165Fp16TEh7LiteralS5_S5_] -> (nil)
AscendC: [_ZN7AscendC4vcvtERA128_N7float165Fp16TEPfh7LiteralS5_S5_] -> (nil)
AscendC: [_ZN7AscendC4vcvtERA128_N8bfloat165Bf16TEPfh7LiteralS5_S5_] -> (nil)
AscendC: [_ZN7AscendC4vcvtERA128_sPfh7LiteralS3_S3_] -> (nil)
AscendC: [_ZN7AscendC4vcvtERA128_sPih7LiteralS3_] -> (nil)
AscendC: [_ZN7AscendC4vcvtERA64_iPlh7LiteralS3_] -> (nil)
AscendC: [_ZN7AscendC4vcvtERA64_fPlh7LiteralS3_] -> (nil)
AscendC: [_ZN7AscendC4vcvtERA128_sPN7float165Fp16TEh7LiteralS5_] -> (nil)
AscendC: [_ZN7AscendC4vcvtERA128_N7float165Fp16TEPsh7Literal] -> (nil)
AscendC: [_ZN7AscendC4vcvtERA64_iPfh7LiteralS3_] -> (nil)
AscendC: [_ZN7AscendC4vcvtERA64_fPih7Literal] -> (nil)
AscendC: [_ZN7AscendC4vtrcERA64_fPf7Literalh] -> (nil)
AscendC: [_ZN7AscendC5vcopyEPsS0_m] -> (nil)
AscendC: [_ZN7AscendC5vcopyEPsS0_htttt] -> 0xffff8e30ff50
AscendC: [_ZN7AscendC5vcopyEPiS0_m] -> (nil)
AscendC: [_ZN7AscendC5vcopyEPiS0_htttt] -> 0xffff8e30fbc0
AscendC: [_ZN7AscendC5vcopyEPtS0_m] -> (nil)
AscendC: [_ZN7AscendC5vcopyEPtS0_htttt] -> 0xffff8e30fd88
AscendC: [_ZN7AscendC5vcopyEPjS0_m] -> (nil)
AscendC: [_ZN7AscendC5vcopyEPjS0_htttt] -> 0xffff8e310118
AscendC: [_ZN7AscendC6vcpaddEPN7float165Fp16TES2_m] -> (nil)
AscendC: [_ZN7AscendC6vcpaddEPN7float165Fp16TES2_httt] -> 0xffff8e3ac1e8
AscendC: [_ZN7AscendC6vcpaddEPN7float165Fp16TES2_htttbb] -> (nil)
AscendC: [_ZN7AscendC6vcpaddEPfS0_m] -> (nil)
AscendC: [_ZN7AscendC6vcpaddEPfS0_httt] -> 0xffff8e3abac8
AscendC: [_ZN7AscendC6vcpaddEPfS0_htttbb] -> (nil)
AscendC: [_ZN7AscendC4vdivEPN7float165Fp16TES2_S2_m] -> (nil)
AscendC: [_ZN7AscendC4vdivEPN7float165Fp16TES2_S2_hhhhhhh] -> 0xffff8e384550
AscendC: [_ZN7AscendC4vdivEPN7float165Fp16TES2_S2_hhhhhhhbb] -> (nil)
AscendC: [_ZN7AscendC4vdivEPfS0_S0_m] -> (nil)
AscendC: [_ZN7AscendC4vdivEPfS0_S0_hhhhhhh] -> 0xffff8e382e40
AscendC: [_ZN7AscendC4vdivEPfS0_S0_hhhhhhhbb] -> (nil)
AscendC: [_ZN7AscendC3vdpEPsS0_S0_m] -> (nil)
AscendC: [_ZN7AscendC3vdpEPsS0_S0_thttbbb] -> (nil)
AscendC: [_ZN7AscendC10vector_dupEPN7float165Fp16TES1_m] -> (nil)
AscendC: [_ZN7AscendC10vector_dupEPN7float165Fp16TES1_htthh] -> 0xffff8e39e9a0
AscendC: [_ZN7AscendC10vector_dupEPN7float165Fp16TES1_htthhbb] -> (nil)
AscendC: [_ZN7AscendC10vector_dupEPN7float165Fp16TES1_htttt] -> (nil)
AscendC: [_ZN7AscendC10vector_dupEPffm] -> (nil)
AscendC: [_ZN7AscendC10vector_dupEPffhtthh] -> 0xffff8e39f5e0
AscendC: [_ZN7AscendC10vector_dupEPffhtthhbb] -> (nil)
AscendC: [_ZN7AscendC10vector_dupEPffhtttt] -> (nil)
AscendC: [_ZN7AscendC10vector_dupEPssm] -> (nil)
AscendC: [_ZN7AscendC10vector_dupEPsshtthh] -> 0xffff8e39f370
AscendC: [_ZN7AscendC10vector_dupEPsshtthhbb] -> (nil)
AscendC: [_ZN7AscendC10vector_dupEPsshtttt] -> (nil)
AscendC: [_ZN7AscendC10vector_dupEPiim] -> (nil)
AscendC: [_ZN7AscendC10vector_dupEPiihtthh] -> 0xffff8e39ee90
AscendC: [_ZN7AscendC10vector_dupEPiihtthhbb] -> (nil)
AscendC: [_ZN7AscendC10vector_dupEPiihtttt] -> (nil)
AscendC: [_ZN7AscendC10vector_dupEPttm] -> (nil)
AscendC: [_ZN7AscendC10vector_dupEPtthtthh] -> 0xffff8e39ec20
AscendC: [_ZN7AscendC10vector_dupEPtthtthhbb] -> (nil)
AscendC: [_ZN7AscendC10vector_dupEPtthtttt] -> (nil)
AscendC: [_ZN7AscendC10vector_dupEPjjm] -> (nil)
AscendC: [_ZN7AscendC10vector_dupEPjjhtthh] -> 0xffff8e39f100
AscendC: [_ZN7AscendC10vector_dupEPjjhtthhbb] -> (nil)
AscendC: [_ZN7AscendC10vector_dupEPjjhtttt] -> (nil)
AscendC: [_ZN7AscendC10vector_dupEPN8bfloat165Bf16TES1_m] -> (nil)
AscendC: [_ZN7AscendC10vector_dupEPN8bfloat165Bf16TES1_htthh] -> 0xffff8e39f850
AscendC: [_ZN7AscendC4vexpEPN7float165Fp16TES2_m] -> (nil)
AscendC: [_ZN7AscendC4vexpEPN7float165Fp16TES2_htthh] -> 0xffff8e3b5518
AscendC: [_ZN7AscendC4vexpEPN7float165Fp16TES2_htthhbb] -> 0xffff8e3b57b0
AscendC: [_ZN7AscendC4vexpEPN7float165Fp16TES2_htttt] -> (nil)
AscendC: [_ZN7AscendC4vexpEPfS0_m] -> (nil)
AscendC: [_ZN7AscendC4vexpEPfS0_htthh] -> 0xffff8e3b5a58
AscendC: [_ZN7AscendC4vexpEPfS0_htthhbb] -> 0xffff8e3b5cf0
AscendC: [_ZN7AscendC4vexpEPfS0_htttt] -> (nil)
AscendC: [_ZN7AscendC8vextractEPN7float165Fp16TES2_m] -> (nil)
AscendC: [_ZN7AscendC8vextractEPN7float165Fp16TES2_hh] -> 0xffff8e37d030
AscendC: [_ZN7AscendC8vextractEPN7float165Fp16TES2_htthh] -> (nil)
AscendC: [_ZN7AscendC8vextractEPN7float165Fp16TES2_htthhbb] -> (nil)
AscendC: [_ZN7AscendC8vextractEPfS0_m] -> (nil)
AscendC: [_ZN7AscendC8vextractEPfS0_hh] -> 0xffff8e37d4d8
AscendC: [_ZN7AscendC8vextractEPfS0_htthh] -> (nil)
AscendC: [_ZN7AscendC8vextractEPfS0_htthhbb] -> (nil)
AscendC: [_ZN7AscendC7vgatherEPtPjm] -> (nil)
AscendC: [_ZN7AscendC7vgatherEPtPjjb] -> (nil)
AscendC: [_ZN7AscendC7vgatherEPtPjjth] -> 0xffff8e3a6010
AscendC: [_ZN7AscendC7vgatherEPjS0_m] -> (nil)
AscendC: [_ZN7AscendC7vgatherEPjS0_jb] -> (nil)
AscendC: [_ZN7AscendC7vgatherEPjS0_jth] -> 0xffff8e3a6260
AscendC: [_ZN7AscendC8vgatherbEPtPjm] -> (nil)
AscendC: [_ZN7AscendC8vgatherbEPtPjjthh] -> 0xffff8e3a5b68
AscendC: [_ZN7AscendC8vgatherbEPjS0_m] -> (nil)
AscendC: [_ZN7AscendC8vgatherbEPjS0_jthh] -> 0xffff8e3a5db8
AscendC: [_ZN7AscendC4viouEPN7float165Fp16TES2_S2_m] -> (nil)
AscendC: [_ZN7AscendC4viouEPN7float165Fp16TES2_S2_hhhhhhh] -> (nil)
AscendC: [_ZN7AscendC4viouEPN7float165Fp16TES2_S2_hhhhhhhbb] -> (nil)
AscendC: [_ZN7AscendC4viouEPfS0_S0_m] -> (nil)
AscendC: [_ZN7AscendC4viouEPfS0_S0_hhhhhhh] -> (nil)
AscendC: [_ZN7AscendC4viouEPfS0_S0_hhhhhhhbb] -> (nil)
AscendC: [_ZN7AscendC10vld_va_regE10ub_addr8_tPm7vpart_t] -> 0xffff8e3b22c0
AscendC: [_ZN7AscendC3vlnEPN7float165Fp16TES2_m] -> (nil)
AscendC: [_ZN7AscendC3vlnEPN7float165Fp16TES2_htthh] -> 0xffff8e3b5f98
AscendC: [_ZN7AscendC3vlnEPN7float165Fp16TES2_htthhbb] -> 0xffff8e3b6230
AscendC: [_ZN7AscendC3vlnEPN7float165Fp16TES2_htttt] -> (nil)
AscendC: [_ZN7AscendC3vlnEPfS0_m] -> (nil)
AscendC: [_ZN7AscendC3vlnEPfS0_htthh] -> 0xffff8e3b64d8
AscendC: [_ZN7AscendC3vlnEPfS0_htthhbb] -> 0xffff8e3b6770
AscendC: [_ZN7AscendC3vlnEPfS0_htttt] -> (nil)
AscendC: [_ZN7AscendC6vlreluEPN7float165Fp16TES2_S1_m] -> (nil)
AscendC: [_ZN7AscendC6vlreluEPN7float165Fp16TES2_S1_htthhbb] -> (nil)
AscendC: [_ZN7AscendC6vlreluEPN7float165Fp16TES2_S1_htttt] -> 0xffff8e38ce98
AscendC: [_ZN7AscendC6vlreluEPfS0_fm] -> (nil)
AscendC: [_ZN7AscendC6vlreluEPfS0_fhtthhbb] -> (nil)
AscendC: [_ZN7AscendC6vlreluEPfS0_fhtttt] -> 0xffff8e38df28
AscendC: [_ZN7AscendC5vmaddEPN7float165Fp16TES2_S2_m] -> (nil)
AscendC: [_ZN7AscendC5vmaddEPN7float165Fp16TES2_S2_hhhhhhh] -> 0xffff8e384d00
AscendC: [_ZN7AscendC5vmaddEPN7float165Fp16TES2_S2_hhhhhhhbb] -> (nil)
AscendC: [_ZN7AscendC5vmaddEPfS0_S0_m] -> (nil)
AscendC: [_ZN7AscendC5vmaddEPfS0_S0_hhhhhhh] -> 0xffff8e3835f0
AscendC: [_ZN7AscendC5vmaddEPfS0_S0_hhhhhhhbb] -> (nil)
AscendC: [_ZN7AscendC9vmaddreluEPN7float165Fp16TES2_S2_m] -> (nil)
AscendC: [_ZN7AscendC9vmaddreluEPN7float165Fp16TES2_S2_hhhhhhh] -> 0xffff8e382368
AscendC: [_ZN7AscendC9vmaddreluEPN7float165Fp16TES2_S2_hhhhhhhbb] -> (nil)
AscendC: [_ZN7AscendC9vmaddreluEPfS0_S0_m] -> (nil)
AscendC: [_ZN7AscendC9vmaddreluEPfS0_S0_hhhhhhh] -> 0xffff8e381d18
AscendC: [_ZN7AscendC9vmaddreluEPfS0_S0_hhhhhhhbb] -> (nil)
AscendC: [_ZN7AscendC4vmaxEPN7float165Fp16TES2_S2_m] -> (nil)
AscendC: [_ZN7AscendC4vmaxEPN7float165Fp16TES2_S2_hhhhhhh] -> 0xffff8e3847e0
AscendC: [_ZN7AscendC4vmaxEPN7float165Fp16TES2_S2_hhhhhhhbb] -> (nil)
AscendC: [_ZN7AscendC4vmaxEPfS0_S0_m] -> (nil)
AscendC: [_ZN7AscendC4vmaxEPfS0_S0_hhhhhhh] -> 0xffff8e3830d0
AscendC: [_ZN7AscendC4vmaxEPfS0_S0_hhhhhhhbb] -> (nil)
AscendC: [_ZN7AscendC4vmaxEPsS0_S0_m] -> (nil)
AscendC: [_ZN7AscendC4vmaxEPsS0_S0_hhhhhhh] -> 0xffff8e386e50
AscendC: [_ZN7AscendC4vmaxEPsS0_S0_hhhhhhhbb] -> (nil)
AscendC: [_ZN7AscendC4vmaxEPiS0_S0_m] -> (nil)
AscendC: [_ZN7AscendC4vmaxEPiS0_S0_hhhhhhh] -> 0xffff8e385c60
AscendC: [_ZN7AscendC4vmaxEPiS0_S0_hhhhhhhbb] -> (nil)
AscendC: [_ZN7AscendC5vmaxsEPN7float165Fp16TES2_S1_m] -> (nil)
AscendC: [_ZN7AscendC5vmaxsEPN7float165Fp16TES2_S1_htthhbb] -> 0xffff8e38c768
AscendC: [_ZN7AscendC5vmaxsEPN7float165Fp16TES2_S1_htttt] -> (nil)
AscendC: [_ZN7AscendC5vmaxsEPfS0_fm] -> (nil)
AscendC: [_ZN7AscendC5vmaxsEPfS0_fhtthhbb] -> 0xffff8e38d868
AscendC: [_ZN7AscendC5vmaxsEPfS0_fhtttt] -> (nil)
AscendC: [_ZN7AscendC5vmaxsEPsS0_sm] -> (nil)
AscendC: [_ZN7AscendC5vmaxsEPsS0_shtthhbb] -> 0xffff8e38e8d8
AscendC: [_ZN7AscendC5vmaxsEPsS0_shtttt] -> (nil)
AscendC: [_ZN7AscendC5vmaxsEPiS0_im] -> (nil)
AscendC: [_ZN7AscendC5vmaxsEPiS0_ihtthhbb] -> 0xffff8e38f628
AscendC: [_ZN7AscendC5vmaxsEPiS0_ihtttt] -> (nil)
AscendC: [_ZN7AscendC8vmergechEPhS0_m] -> (nil)
AscendC: [_ZN7AscendC8vmergechEPhS0_htthh] -> (nil)
AscendC: [_ZN7AscendC8vmergechEPhS0_htthhbb] -> (nil)
AscendC: [_ZN7AscendC8vmergechEPN7float165Fp16TES2_m] -> (nil)
AscendC: [_ZN7AscendC8vmergechEPN7float165Fp16TES2_htthh] -> (nil)
AscendC: [_ZN7AscendC8vmergechEPN7float165Fp16TES2_htthhbb] -> (nil)
AscendC: [_ZN7AscendC4vminEPN7float165Fp16TES2_S2_m] -> (nil)
AscendC: [_ZN7AscendC4vminEPN7float165Fp16TES2_S2_hhhhhhh] -> 0xffff8e384a70
AscendC: [_ZN7AscendC4vminEPN7float165Fp16TES2_S2_hhhhhhhbb] -> (nil)
AscendC: [_ZN7AscendC4vminEPfS0_S0_m] -> (nil)
AscendC: [_ZN7AscendC4vminEPfS0_S0_hhhhhhh] -> 0xffff8e383360
AscendC: [_ZN7AscendC4vminEPfS0_S0_hhhhhhhbb] -> (nil)
AscendC: [_ZN7AscendC4vminEPsS0_S0_m] -> (nil)
AscendC: [_ZN7AscendC4vminEPsS0_S0_hhhhhhh] -> 0xffff8e3870e0
AscendC: [_ZN7AscendC4vminEPsS0_S0_hhhhhhhbb] -> (nil)
AscendC: [_ZN7AscendC4vminEPiS0_S0_m] -> (nil)
AscendC: [_ZN7AscendC4vminEPiS0_S0_hhhhhhh] -> 0xffff8e385ef0
AscendC: [_ZN7AscendC4vminEPiS0_S0_hhhhhhhbb] -> (nil)
AscendC: [_ZN7AscendC5vminsEPN7float165Fp16TES2_S1_m] -> (nil)
AscendC: [_ZN7AscendC5vminsEPN7float165Fp16TES2_S1_htthhbb] -> 0xffff8e38cb00
AscendC: [_ZN7AscendC5vminsEPN7float165Fp16TES2_S1_htttt] -> (nil)
AscendC: [_ZN7AscendC5vminsEPfS0_fm] -> (nil)
AscendC: [_ZN7AscendC5vminsEPfS0_fhtthhbb] -> 0xffff8e38dbc8
AscendC: [_ZN7AscendC5vminsEPfS0_fhtttt] -> (nil)
AscendC: [_ZN7AscendC5vminsEPsS0_sm] -> (nil)
AscendC: [_ZN7AscendC5vminsEPsS0_shtthhbb] -> 0xffff8e38ec40
AscendC: [_ZN7AscendC5vminsEPsS0_shtttt] -> (nil)
AscendC: [_ZN7AscendC5vminsEPiS0_im] -> (nil)
AscendC: [_ZN7AscendC5vminsEPiS0_ihtthhbb] -> 0xffff8e38f990
AscendC: [_ZN7AscendC5vminsEPiS0_ihtttt] -> (nil)
AscendC: [_ZN7AscendC4vmlaEPN7float165Fp16TES2_S2_m] -> (nil)
AscendC: [_ZN7AscendC4vmlaEPN7float165Fp16TES2_S2_hhhhhhh] -> 0xffff8e382040
AscendC: [_ZN7AscendC4vmlaEPN7float165Fp16TES2_S2_hhhhhhhbb] -> (nil)
AscendC: [_ZN7AscendC4vmlaEPfS0_S0_m] -> (nil)
AscendC: [_ZN7AscendC4vmlaEPfS0_S0_hhhhhhh] -> 0xffff8e3819f0
AscendC: [_ZN7AscendC4vmlaEPfS0_S0_hhhhhhhbb] -> (nil)
AscendC: [_ZN7AscendC4vmlaEPfPN7float165Fp16TES3_m] -> (nil)
AscendC: [_ZN7AscendC4vmlaEPfPN7float165Fp16TES3_hhhhhhh] -> 0xffff8e3816d0
AscendC: [_ZN7AscendC4vmlaEPfPN7float165Fp16TES3_hhhhhhhbb] -> (nil)
AscendC: [_ZN7AscendC9vmrgsort4EPN7float165Fp16TEPS2_m] -> 0xffff8e37db10
AscendC: [_ZN7AscendC9vmrgsort4EPfPS0_m] -> 0xffff8e37dc10
AscendC: [_ZN7AscendC9vmrgsort4EPN7float165Fp16TEPS2_mm] -> 0xffff8e37dd10
AscendC: [_ZN7AscendC9vmrgsort4EPfPS0_mm] -> 0xffff8e37de18
AscendC: [_ZN7AscendC4vmulEPN7float165Fp16TES2_S2_m] -> (nil)
AscendC: [_ZN7AscendC4vmulEPN7float165Fp16TES2_S2_hhhhhhh] -> 0xffff8e3842c0
AscendC: [_ZN7AscendC4vmulEPN7float165Fp16TES2_S2_hhhhhhhbb] -> (nil)
AscendC: [_ZN7AscendC4vmulEPfS0_S0_m] -> (nil)
AscendC: [_ZN7AscendC4vmulEPfS0_S0_hhhhhhh] -> 0xffff8e382bb0
AscendC: [_ZN7AscendC4vmulEPfS0_S0_hhhhhhhbb] -> (nil)
AscendC: [_ZN7AscendC4vmulEPsS0_S0_m] -> (nil)
AscendC: [_ZN7AscendC4vmulEPsS0_S0_hhhhhhh] -> 0xffff8e386bc0
AscendC: [_ZN7AscendC4vmulEPsS0_S0_hhhhhhhbb] -> (nil)
AscendC: [_ZN7AscendC4vmulEPiS0_S0_m] -> (nil)
AscendC: [_ZN7AscendC4vmulEPiS0_S0_hhhhhhh] -> 0xffff8e3859d0
AscendC: [_ZN7AscendC4vmulEPiS0_S0_hhhhhhhbb] -> (nil)
AscendC: [_ZN7AscendC15vmulconv_f162s8EPaPN7float165Fp16TES3_m] -> (nil)
AscendC: [_ZN7AscendC15vmulconv_f162s8EPaPN7float165Fp16TES3_hhhhhhh] -> 0xffff8e3a9060
AscendC: [_ZN7AscendC15vmulconv_f162s8EPaPN7float165Fp16TES3_hhhhhhhbb] -> (nil)
AscendC: [_ZN7AscendC15vmulconv_f162u8EPhPN7float165Fp16TES3_m] -> (nil)
AscendC: [_ZN7AscendC15vmulconv_f162u8EPhPN7float165Fp16TES3_hhhhhhh] -> 0xffff8e3a9310
AscendC: [_ZN7AscendC15vmulconv_f162u8EPhPN7float165Fp16TES3_hhhhhhhbb] -> (nil)
AscendC: [_ZN7AscendC5vmulsEPN7float165Fp16TES2_S1_m] -> (nil)
AscendC: [_ZN7AscendC5vmulsEPN7float165Fp16TES2_S1_htthh] -> (nil)
AscendC: [_ZN7AscendC5vmulsEPN7float165Fp16TES2_S1_htthhbb] -> (nil)
AscendC: [_ZN7AscendC5vmulsEPN7float165Fp16TES2_S1_htttt] -> 0xffff8e38c3f8
AscendC: [_ZN7AscendC5vmulsEPfS0_fm] -> (nil)
AscendC: [_ZN7AscendC5vmulsEPfS0_fhtthh] -> (nil)
AscendC: [_ZN7AscendC5vmulsEPfS0_fhtthhbb] -> (nil)
AscendC: [_ZN7AscendC5vmulsEPfS0_fhtttt] -> 0xffff8e38d538
AscendC: [_ZN7AscendC5vmulsEPsS0_sm] -> (nil)
AscendC: [_ZN7AscendC5vmulsEPsS0_shtthh] -> (nil)
AscendC: [_ZN7AscendC5vmulsEPsS0_shtthhbb] -> (nil)
AscendC: [_ZN7AscendC5vmulsEPsS0_shtttt] -> 0xffff8e38e598
AscendC: [_ZN7AscendC5vmulsEPiS0_im] -> (nil)
AscendC: [_ZN7AscendC5vmulsEPiS0_ihtthh] -> (nil)
AscendC: [_ZN7AscendC5vmulsEPiS0_ihtthhbb] -> (nil)
AscendC: [_ZN7AscendC5vmulsEPiS0_ihtttt] -> 0xffff8e38f2e8
AscendC: [_ZN7AscendC4vnotEPsS0_m] -> (nil)
AscendC: [_ZN7AscendC4vnotEPsS0_htthh] -> 0xffff8e3b8ed8
AscendC: [_ZN7AscendC4vnotEPsS0_htthhbb] -> 0xffff8e3b9170
AscendC: [_ZN7AscendC4vnotEPsS0_htttt] -> (nil)
AscendC: [_ZN7AscendC4vnotEPtS0_m] -> (nil)
AscendC: [_ZN7AscendC4vnotEPtS0_htthh] -> 0xffff8e3b9418
AscendC: [_ZN7AscendC4vnotEPtS0_htthhbb] -> 0xffff8e3b96b0
AscendC: [_ZN7AscendC4vnotEPtS0_htttt] -> (nil)
AscendC: [_ZN7AscendC3vorEPsS0_S0_m] -> (nil)
AscendC: [_ZN7AscendC3vorEPsS0_S0_hhhhhhh] -> 0xffff8e386410
AscendC: [_ZN7AscendC3vorEPsS0_S0_hhhhhhhbb] -> (nil)
AscendC: [_ZN7AscendC3vorEPtS0_S0_m] -> (nil)
AscendC: [_ZN7AscendC3vorEPtS0_S0_hhhhhhh] -> 0xffff8e387b20
AscendC: [_ZN7AscendC3vorEPtS0_S0_hhhhhhhbb] -> (nil)
AscendC: [_ZN7AscendC8vpaddingEPtS0_m] -> (nil)
AscendC: [_ZN7AscendC8vpaddingEPtS0_htthhbbhb] -> (nil)
AscendC: [_ZN7AscendC8vpaddingEPjS0_m] -> (nil)
AscendC: [_ZN7AscendC8vpaddingEPjS0_htthhbbhb] -> (nil)
AscendC: [_ZN7AscendC4vrecEPN7float165Fp16TES2_m] -> (nil)
AscendC: [_ZN7AscendC4vrecEPN7float165Fp16TES2_htthh] -> 0xffff8e3b4a98
AscendC: [_ZN7AscendC4vrecEPN7float165Fp16TES2_htthhbb] -> 0xffff8e3b4d30
AscendC: [_ZN7AscendC4vrecEPN7float165Fp16TES2_htttt] -> (nil)
AscendC: [_ZN7AscendC4vrecEPfS0_m] -> (nil)
AscendC: [_ZN7AscendC4vrecEPfS0_htthh] -> 0xffff8e3b4fd8
AscendC: [_ZN7AscendC4vrecEPfS0_htthhbb] -> 0xffff8e3b5270
AscendC: [_ZN7AscendC4vrecEPfS0_htttt] -> (nil)
AscendC: [_ZN7AscendC7vreduceEPtS0_S0_m] -> (nil)
AscendC: [_ZN7AscendC7vreduceEPtS0_S0_hhhhhhh] -> (nil)
AscendC: [_ZN7AscendC7vreduceEPtS0_S0_hhhhh] -> (nil)
AscendC: [_ZN7AscendC7vreduceEPjS0_S0_m] -> (nil)
AscendC: [_ZN7AscendC7vreduceEPjS0_S0_hhhhhhh] -> (nil)
AscendC: [_ZN7AscendC7vreduceEPjS0_S0_hhhhh] -> (nil)
AscendC: [_ZN7AscendC9vreducev2EPtS0_S0_m] -> (nil)
AscendC: [_ZN7AscendC9vreducev2EPtS0_S0_thhth] -> 0xffff8e3a7c70
AscendC: [_ZN7AscendC9vreducev2EPjS0_S0_m] -> (nil)
AscendC: [_ZN7AscendC9vreducev2EPjS0_S0_thhth] -> 0xffff8e3a7e60
AscendC: [_ZN7AscendC5vreluEPN7float165Fp16TES2_m] -> (nil)
AscendC: [_ZN7AscendC5vreluEPN7float165Fp16TES2_htthh] -> 0xffff8e3b3ad8
AscendC: [_ZN7AscendC5vreluEPN7float165Fp16TES2_htthhbb] -> 0xffff8e3b3d70
AscendC: [_ZN7AscendC5vreluEPN7float165Fp16TES2_htttt] -> (nil)
AscendC: [_ZN7AscendC5vreluEPfS0_m] -> (nil)
AscendC: [_ZN7AscendC5vreluEPfS0_htthh] -> 0xffff8e3b4018
AscendC: [_ZN7AscendC5vreluEPfS0_htthhbb] -> 0xffff8e3b42b0
AscendC: [_ZN7AscendC5vreluEPfS0_htttt] -> (nil)
AscendC: [_ZN7AscendC5vreluEPiS0_m] -> (nil)
AscendC: [_ZN7AscendC5vreluEPiS0_htthh] -> 0xffff8e3b4558
AscendC: [_ZN7AscendC5vreluEPiS0_htthhbb] -> 0xffff8e3b47f0
AscendC: [_ZN7AscendC5vreluEPiS0_htttt] -> (nil)
AscendC: [_ZN7AscendC5vrpacEPN7float165Fp16TES2_m] -> (nil)
AscendC: [_ZN7AscendC5vrpacEPN7float165Fp16TES2_htthh] -> (nil)
AscendC: [_ZN7AscendC5vrpacEPN7float165Fp16TES2_htthhbb] -> (nil)
AscendC: [_ZN7AscendC5vrpacEPfS0_m] -> (nil)
AscendC: [_ZN7AscendC5vrpacEPfS0_htthh] -> (nil)
AscendC: [_ZN7AscendC5vrpacEPfS0_htthhbb] -> (nil)
AscendC: [_ZN7AscendC6vrsqrtEPN7float165Fp16TES2_m] -> (nil)
AscendC: [_ZN7AscendC6vrsqrtEPN7float165Fp16TES2_htthh] -> 0xffff8e3b8458
AscendC: [_ZN7AscendC6vrsqrtEPN7float165Fp16TES2_htthhbb] -> 0xffff8e3b86f0
AscendC: [_ZN7AscendC6vrsqrtEPN7float165Fp16TES2_htttt] -> (nil)
AscendC: [_ZN7AscendC6vrsqrtEPfS0_m] -> (nil)
AscendC: [_ZN7AscendC6vrsqrtEPfS0_htthh] -> 0xffff8e3b8998
AscendC: [_ZN7AscendC6vrsqrtEPfS0_htthhbb] -> 0xffff8e3b8c30
AscendC: [_ZN7AscendC6vrsqrtEPfS0_htttt] -> (nil)
AscendC: [_ZN7AscendC8vscatterEPjPtm] -> (nil)
AscendC: [_ZN7AscendC8vscatterEPjPtjb] -> (nil)
AscendC: [_ZN7AscendC8vscatterEPjS0_m] -> (nil)
AscendC: [_ZN7AscendC8vscatterEPjS0_jb] -> (nil)
AscendC: [_ZN7AscendC4vselEPN7float165Fp16TES2_S2_m] -> (nil)
AscendC: [_ZN7AscendC4vselEPN7float165Fp16TES2_Pvm] -> (nil)
AscendC: [_ZN7AscendC4vselEPN7float165Fp16TES2_Pvhhhhhhh] -> 0xffff8e39b7a8
AscendC: [_ZN7AscendC4vselEPN7float165Fp16TES2_Pvhhhhhhhhbb] -> 0xffff8e39b548
AscendC: [_ZN7AscendC4vselEPN7float165Fp16TES2_Pvhhhhhhhh] -> 0xffff8e39b7e0
AscendC: [_ZN7AscendC4vselEPN7float165Fp16TES2_S2_hhhhhhh] -> 0xffff8e39b200
AscendC: [_ZN7AscendC4vselEPN7float165Fp16TES2_S2_hhhhhhhhbb] -> 0xffff8e39afa8
AscendC: [_ZN7AscendC4vselEPN7float165Fp16TES2_S2_hhhhhhhh] -> 0xffff8e39b238
AscendC: [_ZN7AscendC4vselEPfS0_S0_m] -> (nil)
AscendC: [_ZN7AscendC4vselEPfS0_Pvm] -> (nil)
AscendC: [_ZN7AscendC4vselEPfS0_Pvhhhhhhh] -> 0xffff8e39ba80
AscendC: [_ZN7AscendC4vselEPfS0_Pvhhhhhhhhbb] -> 0xffff8e39b820
AscendC: [_ZN7AscendC4vselEPfS0_Pvhhhhhhhh] -> 0xffff8e39bab8
AscendC: [_ZN7AscendC4vselEPfS0_S0_hhhhhhh] -> 0xffff8e39b4d0
AscendC: [_ZN7AscendC4vselEPfS0_S0_hhhhhhhhbb] -> 0xffff8e39b278
AscendC: [_ZN7AscendC4vselEPfS0_S0_hhhhhhhh] -> 0xffff8e39b508
AscendC: [_ZN7AscendC4vshlEPsS0_jm] -> (nil)
AscendC: [_ZN7AscendC4vshlEPsS0_jhtthh] -> (nil)
AscendC: [_ZN7AscendC4vshlEPsS0_jhtthhbb] -> (nil)
AscendC: [_ZN7AscendC4vshlEPsS0_jhtttt] -> 0xffff8e390a18
AscendC: [_ZN7AscendC4vshlEPiS0_jm] -> (nil)
AscendC: [_ZN7AscendC4vshlEPiS0_jhtthh] -> (nil)
AscendC: [_ZN7AscendC4vshlEPiS0_jhtthhbb] -> (nil)
AscendC: [_ZN7AscendC4vshlEPiS0_jhtttt] -> 0xffff8e390d58
AscendC: [_ZN7AscendC4vshlEPtS0_jm] -> (nil)
AscendC: [_ZN7AscendC4vshlEPtS0_jhtthh] -> (nil)
AscendC: [_ZN7AscendC4vshlEPtS0_jhtthhbb] -> (nil)
AscendC: [_ZN7AscendC4vshlEPtS0_jhtttt] -> 0xffff8e390398
AscendC: [_ZN7AscendC4vshlEPjS0_jm] -> (nil)
AscendC: [_ZN7AscendC4vshlEPjS0_jhtthh] -> (nil)
AscendC: [_ZN7AscendC4vshlEPjS0_jhtthhbb] -> (nil)
AscendC: [_ZN7AscendC4vshlEPjS0_jhtttt] -> 0xffff8e3906d8
AscendC: [_ZN7AscendC4vshrEPsS0_imb] -> (nil)
AscendC: [_ZN7AscendC4vshrEPsS0_ihtthhbbb] -> (nil)
AscendC: [_ZN7AscendC4vshrEPsS0_ihttttb] -> 0xffff8e38fcf8
AscendC: [_ZN7AscendC4vshrEPiS0_imb] -> (nil)
AscendC: [_ZN7AscendC4vshrEPiS0_ihtthhbbb] -> (nil)
AscendC: [_ZN7AscendC4vshrEPiS0_ihttttb] -> 0xffff8e390048
AscendC: [_ZN7AscendC4vshrEPtS0_jmb] -> (nil)
AscendC: [_ZN7AscendC4vshrEPtS0_jhtthhbbb] -> (nil)
AscendC: [_ZN7AscendC4vshrEPtS0_jhttttb] -> 0xffff8e391098
AscendC: [_ZN7AscendC4vshrEPjS0_jmb] -> (nil)
AscendC: [_ZN7AscendC4vshrEPjS0_jhtthhbbb] -> (nil)
AscendC: [_ZN7AscendC4vshrEPjS0_jhttttb] -> 0xffff8e3913e8
AscendC: [_ZN7AscendC5vsortEPN7float165Fp16TES2_m] -> (nil)
AscendC: [_ZN7AscendC5vsortEPN7float165Fp16TES2_h] -> (nil)
AscendC: [_ZN7AscendC5vsortEPfS0_m] -> (nil)
AscendC: [_ZN7AscendC5vsortEPfS0_h] -> (nil)
AscendC: [_ZN7AscendC5vsqrtEPN7float165Fp16TES2_m] -> (nil)
AscendC: [_ZN7AscendC5vsqrtEPN7float165Fp16TES2_htthh] -> 0xffff8e3b79d8
AscendC: [_ZN7AscendC5vsqrtEPN7float165Fp16TES2_htthhbb] -> 0xffff8e3b7c70
AscendC: [_ZN7AscendC5vsqrtEPN7float165Fp16TES2_htttt] -> (nil)
AscendC: [_ZN7AscendC5vsqrtEPfS0_m] -> (nil)
AscendC: [_ZN7AscendC5vsqrtEPfS0_htthh] -> 0xffff8e3b7f18
AscendC: [_ZN7AscendC5vsqrtEPfS0_htthhbb] -> 0xffff8e3b81b0
AscendC: [_ZN7AscendC5vsqrtEPfS0_htttt] -> (nil)
AscendC: [_ZN7AscendC4vsubEPN7float165Fp16TES2_S2_m] -> (nil)
AscendC: [_ZN7AscendC4vsubEPN7float165Fp16TES2_S2_hhhhhhh] -> 0xffff8e384030
AscendC: [_ZN7AscendC4vsubEPN7float165Fp16TES2_S2_hhhhhhhbb] -> (nil)
AscendC: [_ZN7AscendC4vsubEPfS0_S0_m] -> (nil)
AscendC: [_ZN7AscendC4vsubEPfS0_S0_hhhhhhh] -> 0xffff8e382920
AscendC: [_ZN7AscendC4vsubEPfS0_S0_hhhhhhhbb] -> (nil)
AscendC: [_ZN7AscendC4vsubEPsS0_S0_m] -> (nil)
AscendC: [_ZN7AscendC4vsubEPsS0_S0_hhhhhhh] -> 0xffff8e386930
AscendC: [_ZN7AscendC4vsubEPsS0_S0_hhhhhhhbb] -> (nil)
AscendC: [_ZN7AscendC4vsubEPiS0_S0_m] -> (nil)
AscendC: [_ZN7AscendC4vsubEPiS0_S0_hhhhhhh] -> 0xffff8e385740
AscendC: [_ZN7AscendC4vsubEPiS0_S0_hhhhhhhbb] -> (nil)
AscendC: [_ZN7AscendC8vsubreluEPN7float165Fp16TES2_S2_m] -> (nil)
AscendC: [_ZN7AscendC8vsubreluEPN7float165Fp16TES2_S2_hhhhhhhbb] -> (nil)
AscendC: [_ZN7AscendC8vsubreluEPN7float165Fp16TES2_S2_hhhhhhh] -> 0xffff8e385220
AscendC: [_ZN7AscendC8vsubreluEPfS0_S0_m] -> (nil)
AscendC: [_ZN7AscendC8vsubreluEPfS0_S0_hhhhhhhbb] -> (nil)
AscendC: [_ZN7AscendC8vsubreluEPfS0_S0_hhhhhhh] -> 0xffff8e383b10
AscendC: [_ZN7AscendC8vsubreluEPsS0_S0_m] -> (nil)
AscendC: [_ZN7AscendC8vsubreluEPsS0_S0_hhhhhhhbb] -> (nil)
AscendC: [_ZN7AscendC8vsubreluEPsS0_S0_hhhhhhh] -> 0xffff8e387600
AscendC: [_ZN7AscendC19vsubreluconv_f162s8EPaPN7float165Fp16TES3_mb] -> (nil)
AscendC: [_ZN7AscendC19vsubreluconv_f162s8EPaPN7float165Fp16TES3_hhhhhhhbbb] -> (nil)
AscendC: [_ZN7AscendC19vsubreluconv_f162s8EPaPN7float165Fp16TES3_hhhhhhhb] -> 0xffff8e3c9898
AscendC: [_ZN7AscendC20vsubreluconv_f322f16EPN7float165Fp16TEPfS3_mb] -> (nil)
AscendC: [_ZN7AscendC20vsubreluconv_f322f16EPN7float165Fp16TEPfS3_hhhhhhhbbb] -> (nil)
AscendC: [_ZN7AscendC20vsubreluconv_f322f16EPN7float165Fp16TEPfS3_hhhhhhhb] -> 0xffff8e3ca078
AscendC: [_ZN7AscendC19vsubreluconv_s162s8EPaPsS1_mb] -> (nil)
AscendC: [_ZN7AscendC19vsubreluconv_s162s8EPaPsS1_hhhhhhhbbb] -> (nil)
AscendC: [_ZN7AscendC19vsubreluconv_s162s8EPaPsS1_hhhhhhhb] -> 0xffff8e3c9c88
AscendC: [_ZN7AscendC23vsubreluconv_vdeqs162b8EPaPsS1_mb] -> (nil)
AscendC: [_ZN7AscendC23vsubreluconv_vdeqs162b8EPhPsS1_mb] -> (nil)
AscendC: [_ZN7AscendC23vsubreluconv_vdeqs162b8EPhPsS1_hhhhhhhbbb] -> (nil)
AscendC: [_ZN7AscendC23vsubreluconv_vdeqs162b8EPhPsS1_hhhhhhhb] -> (nil)
AscendC: [_ZN7AscendC23vsubreluconv_vdeqs162b8EPaPsS1_hhhhhhhbbb] -> (nil)
AscendC: [_ZN7AscendC23vsubreluconv_vdeqs162b8EPaPsS1_hhhhhhhb] -> (nil)
AscendC: [_ZN7AscendC10vtransposeEPsS0_] -> (nil)
AscendC: [_ZN7AscendC10vtransposeEPtS0_] -> 0xffff8e3b2080
AscendC: [_ZN7AscendC9wait_flagE6pipe_tS0_7event_t] -> 0xffff8e327798
AscendC: [_ZN7AscendC9wait_flagE6pipe_t7event_t] -> (nil)
AscendC: [_ZN7AscendC9wait_flagE6pipe_tS0_m] -> 0xffff8e3282c8
AscendC: [_ZN7AscendC9wait_flagE6pipe_tm] -> (nil)
AscendC: [_ZN7AscendC13wait_flag_devEl] -> 0xffff8e32a5a8
AscendC: [_ZN7AscendC13winograd_convEPiPsPam] -> (nil)
AscendC: [_ZN7AscendC13winograd_convEPiPsPattthhhb] -> (nil)
AscendC: [_ZN7AscendC13winograd_convEPiPaS1_m] -> (nil)
AscendC: [_ZN7AscendC13winograd_convEPiPaS1_ttthhhb] -> (nil)
AscendC: [_ZN7AscendC13get_workspaceEi] -> 0xffff8e326778
AscendC: [_ZN7AscendC13set_core_typeEi] -> 0xffff8e326850
AscendC: [_ZN7AscendC15get_process_numEv] -> 0xffff8e326ae8
AscendC: [_ZN7AscendC13set_block_dimEi] -> 0xffff8e326b98
AscendC: [_ZN7AscendC18AscendCKernelBeginEPKciPm] -> (nil)
AscendC: [_ZN7AscendC16AscendCKernelEndEPKciPm] -> (nil)
AscendC: [_ZN7AscendC17AscendCBlockBeginEiPKciPKm] -> (nil)
AscendC: [_ZN7AscendC15AscendCBlockEndEiPKciPKm] -> (nil)
AscendC: [_ZN7AscendC16AscendCQueCreateEhhh] -> (nil)
AscendC: [_ZN7AscendC14AscendCBufInitEhhhmm] -> (nil)
AscendC: [_ZN7AscendC15AscendCBufAllocEhhmm] -> (nil)
AscendC: [_ZN7AscendC14AscendCBufFreeEhhmm] -> (nil)
AscendC: [_ZN7AscendC15AscendCBufEnqueEhhhm] -> (nil)
AscendC: [_ZN7AscendC15AscendCBufDequeEhhhm] -> (nil)
AscendC: [_ZN7AscendC17AscendCBufAbsAddrEhmm] -> (nil)
AscendC: [_ZN7AscendC13AscendCBufGetEhhmm] -> (nil)
AscendC: [_ZN7AscendC19AscendCTBufPoolInitEhmmm] -> (nil)
AscendC: [_ZN7AscendC27AscendCUpdateTbufPoolStatusEmb] -> (nil)
AscendC: [_ZN7AscendC26AscendCRecordPoolHierarchyEmm] -> (nil)
AscendC: [_ZN7AscendC25AscendCTBufPoolResetCheckEhmmm] -> (nil)
AscendC: [_ZN7AscendC12batch_offsetEmm] -> (nil)
AscendC: [_ZN7AscendC12wait_and_setEPvS0_mm] -> (nil)
AscendC: [_ZN7AscendC9wait_syncEPvS0_S0_] -> (nil)
AscendC: [_ZN7AscendC11set_tensoraEPvS0_] -> (nil)
AscendC: [_ZN7AscendC11set_tensorbEPv] -> (nil)
AscendC: [_ZN7AscendC11get_tensorcEPv] -> (nil)
AscendC: [_ZN7AscendC13__ib_set_stubEiib] -> 0xffff8e323c40
AscendC: [_ZN7AscendC14__ib_wait_stubEiib] -> 0xffff8e323c48
AscendC: [_ZN7AscendC15__sync_all_stubEib] -> 0xffff8e323c50
cceprint: [_ZN8cceprint5bcnt0Em] -> 0xffff8f1b83f0
cceprint: [_ZN8cceprint5bcnt1Em] -> 0xffff8f1b843c
cceprint: [_ZN8cceprint18broadcast_ub_to_ccEPN7float165Fp16TES2_m] -> 0xffff8f1b8488
cceprint: [_ZN8cceprint18broadcast_ub_to_ccEPN7float165Fp16TES2_hhhh] -> 0xffff8f1b8590
cceprint: [_ZN8cceprint18broadcast_ub_to_ccEPN7float165Fp16TES2_hhhhb] -> 0xffff8f1b8770
cceprint: [_ZN8cceprint18broadcast_ub_to_ccEPfS0_m] -> 0xffff8f1b898c
cceprint: [_ZN8cceprint18broadcast_ub_to_ccEPfS0_hhhh] -> 0xffff8f1b8a94
cceprint: [_ZN8cceprint18broadcast_ub_to_ccEPfS0_hhhhb] -> 0xffff8f1b8c74
cceprint: [_ZN8cceprint18broadcast_ub_to_ccEPfPN7float165Fp16TEm] -> 0xffff8f1b8e90
cceprint: [_ZN8cceprint18broadcast_ub_to_ccEPfPN7float165Fp16TEhhhh] -> 0xffff8f1b8f98
cceprint: [_ZN8cceprint18broadcast_ub_to_ccEPfPN7float165Fp16TEhhhhb] -> 0xffff8f1b9178
cceprint: [_ZN8cceprint18broadcast_ub_to_ccEPiS0_m] -> 0xffff8f1b9394
cceprint: [_ZN8cceprint18broadcast_ub_to_ccEPiS0_hhhh] -> 0xffff8f1b949c
cceprint: [_ZN8cceprint18broadcast_ub_to_ccEPiS0_hhhhb] -> 0xffff8f1b967c
cceprint: [_ZN8cceprint3clzEm] -> 0xffff8f1b9898
cceprint: [_ZN8cceprint7col2imgEPN7float165Fp16TES2_mm] -> 0xffff8f1b98e4
cceprint: [_ZN8cceprint7col2imgEPN7float165Fp16TES2_shhshhhhhhhb] -> 0xffff8f1b9a34
cceprint: [_ZN8cceprint7col2imgEPfS0_mm] -> 0xffff8f1b9e18
cceprint: [_ZN8cceprint7col2imgEPfS0_shhshhhhhhhb] -> 0xffff8f1b9f68
cceprint: [_ZN8cceprint17compress_ub_to_gmEPhS0_S0_l] -> 0xffff8f1ba34c
cceprint: [_ZN8cceprint17compress_ub_to_gmEPhS0_S0_tbhh] -> 0xffff8f1ba530
cceprint: [_ZN8cceprint17compress_ub_to_gmEPN7float165Fp16TES2_S2_l] -> 0xffff8f1ba7e0
cceprint: [_ZN8cceprint17compress_ub_to_gmEPN7float165Fp16TES2_S2_tbhh] -> 0xffff8f1ba9c4
cceprint: [_ZN8cceprint13conv_f322f16oEf] -> 0xffff8f1bac74
cceprint: [_ZN8cceprint13conv_f322s32aEf] -> 0xffff8f1bad14
cceprint: [_ZN8cceprint13conv_f322s32cEf] -> 0xffff8f1bad60
cceprint: [_ZN8cceprint13conv_f322s32fEf] -> 0xffff8f1badac
cceprint: [_ZN8cceprint13conv_f322s32rEf] -> 0xffff8f1badf8
cceprint: [_ZN8cceprint15copy_cbuf_to_btEmPvm] -> 0xffff8f1bae44
cceprint: [_ZN8cceprint15copy_cbuf_to_btEmPvttttt] -> 0xffff8f1baf58
cceprint: [_ZN8cceprint17copy_cbuf_to_fbufEPvS0_m] -> 0xffff8f1bb150
cceprint: [_ZN8cceprint17copy_cbuf_to_fbufEPvS0_tttt] -> 0xffff8f1bb258
cceprint: [_ZN8cceprint15copy_cbuf_to_gmEPvS0_m] -> 0xffff8f1bb408
cceprint: [_ZN8cceprint15copy_cbuf_to_gmEPvS0_htttt] -> 0xffff8f1bb588
cceprint: [_ZN8cceprint21copy_cbuf_to_gm_alignEPN7float165Fp16TES2_htjjj] -> 0xffff8f1bb7f8
cceprint: [_ZN8cceprint21copy_cbuf_to_gm_alignEPfS0_htjjj] -> 0xffff8f1bba68
cceprint: [_ZN8cceprint21copy_cbuf_to_gm_alignEPsS0_htjjj] -> 0xffff8f1bbcd8
cceprint: [_ZN8cceprint21copy_cbuf_to_gm_alignEPiS0_htjjj] -> 0xffff8f1bbf48
cceprint: [_ZN8cceprint21copy_cbuf_to_gm_alignEPaS0_htjjj] -> 0xffff8f1bc1b8
cceprint: [_ZN8cceprint21copy_cbuf_to_gm_alignEPtS0_htjjj] -> 0xffff8f1bc428
cceprint: [_ZN8cceprint21copy_cbuf_to_gm_alignEPjS0_htjjj] -> 0xffff8f1bc698
cceprint: [_ZN8cceprint21copy_cbuf_to_gm_alignEPhS0_htjjj] -> 0xffff8f1bc908
cceprint: [_ZN8cceprint17copy_cbuf_to_ubufEPvS0_m] -> 0xffff8f1bcb78
cceprint: [_ZN8cceprint17copy_cbuf_to_ubufEPvS0_htttt] -> 0xffff8f1bcc80
cceprint: [_ZN8cceprint25copy_depthwise_cc_to_ubufEPN7float165Fp16TES2_m10ConvRelu_t] -> 0xffff8f1bce78
cceprint: [_ZN8cceprint25copy_depthwise_cc_to_ubufEPN7float165Fp16TES2_htttt10ConvRelu_t] -> 0xffff8f1bcfc8
cceprint: [_ZN8cceprint25copy_depthwise_cc_to_ubufEPfPN7float165Fp16TEm10ConvRelu_t] -> 0xffff8f1bd208
cceprint: [_ZN8cceprint25copy_depthwise_cc_to_ubufEPfPN7float165Fp16TEhtttt10ConvRelu_t] -> 0xffff8f1bd358
cceprint: [_ZN8cceprint25copy_depthwise_cc_to_ubufEPN7float165Fp16TEPfm10ConvRelu_t] -> 0xffff8f1bd598
cceprint: [_ZN8cceprint25copy_depthwise_cc_to_ubufEPN7float165Fp16TEPfhtttt10ConvRelu_t] -> 0xffff8f1bd6e8
cceprint: [_ZN8cceprint25copy_depthwise_cc_to_ubufEPfS0_m10ConvRelu_t] -> 0xffff8f1bd928
cceprint: [_ZN8cceprint25copy_depthwise_cc_to_ubufEPfS0_htttt10ConvRelu_t] -> 0xffff8f1bda78
cceprint: [_ZN8cceprint15copy_gm_to_cbufEPvS0_m5pad_t] -> 0xffff8f1bdcb8
cceprint: [_ZN8cceprint15copy_gm_to_cbufEPvS0_htttt5pad_t] -> 0xffff8f1bde80
cceprint: [_ZN8cceprint31copy_gm_to_cbuf_multi_nd2nz_b16EPN7float165Fp16TES2_mm] -> 0xffff8f1be138
cceprint: [_ZN8cceprint31copy_gm_to_cbuf_multi_nd2nz_b16EPN7float165Fp16TES2_htttttttt] -> 0xffff8f1be300
cceprint: [_ZN8cceprint31copy_gm_to_cbuf_multi_nd2nz_b16EPN8bfloat165Bf16TES2_mm] -> 0xffff8f1be654
cceprint: [_ZN8cceprint31copy_gm_to_cbuf_multi_nd2nz_b16EPN8bfloat165Bf16TES2_htttttttt] -> 0xffff8f1be81c
cceprint: [_ZN8cceprint31copy_gm_to_cbuf_multi_nd2nz_b16EPsS0_mm] -> 0xffff8f1beb70
cceprint: [_ZN8cceprint31copy_gm_to_cbuf_multi_nd2nz_b16EPsS0_htttttttt] -> 0xffff8f1bed38
cceprint: [_ZN8cceprint31copy_gm_to_cbuf_multi_nd2nz_b16EPtS0_mm] -> 0xffff8f1bf08c
cceprint: [_ZN8cceprint31copy_gm_to_cbuf_multi_nd2nz_b16EPtS0_htttttttt] -> 0xffff8f1bf254
cceprint: [_ZN8cceprint32copy_gm_to_cbuf_multi_nd2nz_b32sEPfS0_mm] -> 0xffff8f1bf5a8
cceprint: [_ZN8cceprint32copy_gm_to_cbuf_multi_nd2nz_b32sEPfS0_htttttttt] -> 0xffff8f1bf770
cceprint: [_ZN8cceprint32copy_gm_to_cbuf_multi_nd2nz_b32sEPiS0_mm] -> 0xffff8f1bfac4
cceprint: [_ZN8cceprint32copy_gm_to_cbuf_multi_nd2nz_b32sEPiS0_htttttttt] -> 0xffff8f1bfc8c
cceprint: [_ZN8cceprint32copy_gm_to_cbuf_multi_nd2nz_b32sEPjS0_mm] -> 0xffff8f1bffe0
cceprint: [_ZN8cceprint32copy_gm_to_cbuf_multi_nd2nz_b32sEPjS0_htttttttt] -> 0xffff8f1c01a8
cceprint: [_ZN8cceprint30copy_gm_to_cbuf_multi_nd2nz_b8EPaS0_mm] -> 0xffff8f1c04fc
cceprint: [_ZN8cceprint30copy_gm_to_cbuf_multi_nd2nz_b8EPaS0_htttttttt] -> 0xffff8f1c06c4
cceprint: [_ZN8cceprint30copy_gm_to_cbuf_multi_nd2nz_b8EPhS0_mm] -> 0xffff8f1c0a18
cceprint: [_ZN8cceprint30copy_gm_to_cbuf_multi_nd2nz_b8EPhS0_htttttttt] -> 0xffff8f1c0be0
cceprint: [_ZN8cceprint15copy_gm_to_ubufEPvS0_m] -> 0xffff8f1c0f34
cceprint: [_ZN8cceprint15copy_gm_to_ubufEPvS0_htttt] -> 0xffff8f1c10b4
cceprint: [_ZN8cceprint25copy_gm_to_ubuf_align_b16EPvS0_mm] -> 0xffff8f1c1324
cceprint: [_ZN8cceprint25copy_gm_to_ubuf_align_b16EPvS0_htjhhjj] -> 0xffff8f1c14ec
cceprint: [_ZN8cceprint25copy_gm_to_ubuf_align_b32EPvS0_mm] -> 0xffff8f1c17e8
cceprint: [_ZN8cceprint25copy_gm_to_ubuf_align_b32EPvS0_htjhhjj] -> 0xffff8f1c19b0
cceprint: [_ZN8cceprint24copy_gm_to_ubuf_align_b8EPvS0_mm] -> 0xffff8f1c1cac
cceprint: [_ZN8cceprint24copy_gm_to_ubuf_align_b8EPvS0_htjhhjj] -> 0xffff8f1c1e74
cceprint: [_ZN8cceprint21copy_gm_to_ubuf_alignEPaS0_htjhhjj] -> 0xffff8f1c2170
cceprint: [_ZN8cceprint21copy_gm_to_ubuf_alignEPhS0_htjhhjj] -> 0xffff8f1c246c
cceprint: [_ZN8cceprint21copy_gm_to_ubuf_alignEPsS0_htjhhjj] -> 0xffff8f1c2768
cceprint: [_ZN8cceprint21copy_gm_to_ubuf_alignEPtS0_htjhhjj] -> 0xffff8f1c2a64
cceprint: [_ZN8cceprint21copy_gm_to_ubuf_alignEPN7float165Fp16TES2_htjhhjj] -> 0xffff8f1c2d60
cceprint: [_ZN8cceprint21copy_gm_to_ubuf_alignEPiS0_htjhhjj] -> 0xffff8f1c305c
cceprint: [_ZN8cceprint21copy_gm_to_ubuf_alignEPjS0_htjhhjj] -> 0xffff8f1c3358
cceprint: [_ZN8cceprint21copy_gm_to_ubuf_alignEPfS0_htjhhjj] -> 0xffff8f1c3654
cceprint: [_ZN8cceprint23copy_gm_to_ubuf_pad_b16EPvS0_mm] -> 0xffff8f1c3950
cceprint: [_ZN8cceprint23copy_gm_to_ubuf_pad_b16EPvS0_htttthh] -> 0xffff8f1c3b18
cceprint: [_ZN8cceprint23copy_gm_to_ubuf_pad_b32EPvS0_mm] -> 0xffff8f1c3e14
cceprint: [_ZN8cceprint23copy_gm_to_ubuf_pad_b32EPvS0_htttthh] -> 0xffff8f1c3fdc
cceprint: [_ZN8cceprint22copy_gm_to_ubuf_pad_b8EPvS0_mm] -> 0xffff8f1c42d8
cceprint: [_ZN8cceprint22copy_gm_to_ubuf_pad_b8EPvS0_htttthh] -> 0xffff8f1c44a0
cceprint: [_ZN8cceprint22copy_matrix_cbuf_to_ccEPN7float165Fp16TES2_m] -> 0xffff8f1c479c
cceprint: [_ZN8cceprint22copy_matrix_cbuf_to_ccEPN7float165Fp16TES2_tttt] -> 0xffff8f1c48a4
cceprint: [_ZN8cceprint22copy_matrix_cbuf_to_ccEPN7float165Fp16TEPfm] -> 0xffff8f1c4a54
cceprint: [_ZN8cceprint22copy_matrix_cbuf_to_ccEPN7float165Fp16TEPftttt] -> 0xffff8f1c4b5c
cceprint: [_ZN8cceprint22copy_matrix_cbuf_to_ccEPN8bfloat165Bf16TES2_m] -> 0xffff8f1c4d0c
cceprint: [_ZN8cceprint22copy_matrix_cbuf_to_ccEPN8bfloat165Bf16TES2_tttt] -> 0xffff8f1c4e14
cceprint: [_ZN8cceprint22copy_matrix_cbuf_to_ccEPN8bfloat165Bf16TEPfm] -> 0xffff8f1c4fc4
cceprint: [_ZN8cceprint22copy_matrix_cbuf_to_ccEPN8bfloat165Bf16TEPftttt] -> 0xffff8f1c50cc
cceprint: [_ZN8cceprint22copy_matrix_cbuf_to_ccEPfS0_m] -> 0xffff8f1c527c
cceprint: [_ZN8cceprint22copy_matrix_cbuf_to_ccEPfS0_tttt] -> 0xffff8f1c5384
cceprint: [_ZN8cceprint22copy_matrix_cbuf_to_ccEPiS0_m] -> 0xffff8f1c5534
cceprint: [_ZN8cceprint22copy_matrix_cbuf_to_ccEPiS0_tttt] -> 0xffff8f1c563c
cceprint: [_ZN8cceprint22copy_matrix_cbuf_to_ccEPjS0_m] -> 0xffff8f1c57ec
cceprint: [_ZN8cceprint22copy_matrix_cbuf_to_ccEPjS0_tttt] -> 0xffff8f1c58f4
cceprint: [_ZN8cceprint22copy_matrix_cc_to_cbufEPN7float165Fp16TEPfmm] -> 0xffff8f1c5aa4
cceprint: [_ZN8cceprint22copy_matrix_cc_to_cbufEPN7float165Fp16TEPfhttjthh11QuantMode_thbbb] -> 0xffff8f1c5bf4
cceprint: [_ZN8cceprint22copy_matrix_cc_to_cbufEPN7float165Fp16TEPfhttjthh11QuantMode_thbb14QuantMode_posthbhhb] -> 0xffff8f1c5fa8
cceprint: [_ZN8cceprint22copy_matrix_cc_to_cbufEPN7float165Fp16TEPfhttjth11QuantMode_thbb] -> 0xffff8f1c64a4
cceprint: [_ZN8cceprint22copy_matrix_cc_to_cbufEPN8bfloat165Bf16TEPfhttjth11QuantMode_thbb] -> 0xffff8f1c67dc
cceprint: [_ZN8cceprint22copy_matrix_cc_to_cbufEPN8bfloat165Bf16TEPfhttjthh11QuantMode_thbbb] -> 0xffff8f1c6b14
cceprint: [_ZN8cceprint22copy_matrix_cc_to_cbufEPfS0_mm] -> 0xffff8f1c6ec8
cceprint: [_ZN8cceprint22copy_matrix_cc_to_cbufEPaPfmm] -> 0xffff8f1c7018
cceprint: [_ZN8cceprint22copy_matrix_cc_to_cbufEPaPfhttjthh11QuantMode_thbbb] -> 0xffff8f1c7168
cceprint: [_ZN8cceprint22copy_matrix_cc_to_cbufEPaPfhttjthh11QuantMode_thbb14QuantMode_posthbhhb] -> 0xffff8f1c751c
cceprint: [_ZN8cceprint22copy_matrix_cc_to_cbufEPaPfhttjth11QuantMode_thbb] -> 0xffff8f1c7a18
cceprint: [_ZN8cceprint22copy_matrix_cc_to_cbufEPhPfmm] -> 0xffff8f1c7d50
cceprint: [_ZN8cceprint22copy_matrix_cc_to_cbufEPhPfhttjthh11QuantMode_thbbb] -> 0xffff8f1c7ea0
cceprint: [_ZN8cceprint22copy_matrix_cc_to_cbufEPhPfhttjthh11QuantMode_thbb14QuantMode_posthbhhb] -> 0xffff8f1c8254
cceprint: [_ZN8cceprint22copy_matrix_cc_to_cbufEPfS0_httjthh11QuantMode_thbbb] -> 0xffff8f1c8750
cceprint: [_ZN8cceprint22copy_matrix_cc_to_cbufEPfS0_httjthh11QuantMode_thbb14QuantMode_posthbhhb] -> 0xffff8f1c8b04
cceprint: [_ZN8cceprint22copy_matrix_cc_to_cbufEPiS0_mm] -> 0xffff8f1c9000
cceprint: [_ZN8cceprint22copy_matrix_cc_to_cbufEPN7float165Fp16TEPimm] -> 0xffff8f1c9150
cceprint: [_ZN8cceprint22copy_matrix_cc_to_cbufEPN7float165Fp16TEPihttjthh11QuantMode_thbbb] -> 0xffff8f1c92a0
cceprint: [_ZN8cceprint22copy_matrix_cc_to_cbufEPN7float165Fp16TEPihttjthh11QuantMode_thbb14QuantMode_posthbhhb] -> 0xffff8f1c9654
cceprint: [_ZN8cceprint22copy_matrix_cc_to_cbufEPN7float165Fp16TEPihttjth11QuantMode_thbb] -> 0xffff8f1c9b50
cceprint: [_ZN8cceprint22copy_matrix_cc_to_cbufEPsPimm] -> 0xffff8f1c9e88
cceprint: [_ZN8cceprint22copy_matrix_cc_to_cbufEPsPihttjth11QuantMode_thbb] -> 0xffff8f1c9fd8
cceprint: [_ZN8cceprint22copy_matrix_cc_to_cbufEPaPimm] -> 0xffff8f1ca310
cceprint: [_ZN8cceprint22copy_matrix_cc_to_cbufEPaPihttjthh11QuantMode_thbbb] -> 0xffff8f1ca460
cceprint: [_ZN8cceprint22copy_matrix_cc_to_cbufEPaPihttjthh11QuantMode_thbb14QuantMode_posthbhhb] -> 0xffff8f1ca814
cceprint: [_ZN8cceprint22copy_matrix_cc_to_cbufEPaPihttjth11QuantMode_thbb] -> 0xffff8f1cad10
cceprint: [_ZN8cceprint22copy_matrix_cc_to_cbufEPhPimm] -> 0xffff8f1cb048
cceprint: [_ZN8cceprint22copy_matrix_cc_to_cbufEPhPihttjthh11QuantMode_thbbb] -> 0xffff8f1cb198
cceprint: [_ZN8cceprint22copy_matrix_cc_to_cbufEPhPihttjthh11QuantMode_thbb14QuantMode_posthbhhb] -> 0xffff8f1cb54c
cceprint: [_ZN8cceprint22copy_matrix_cc_to_cbufEPhPihttjth11QuantMode_thbb] -> 0xffff8f1cba48
cceprint: [_ZN8cceprint22copy_matrix_cc_to_cbufEPiS0_httjthh11QuantMode_thbbb] -> 0xffff8f1cbd80
cceprint: [_ZN8cceprint22copy_matrix_cc_to_cbufEPiS0_httjthh11QuantMode_thbb14QuantMode_posthbhhb] -> 0xffff8f1cc134
cceprint: [_ZN8cceprint25copy_matrix_cc_to_cbuf_b4EPvPfmm] -> 0xffff8f1cc630
cceprint: [_ZN8cceprint25copy_matrix_cc_to_cbuf_b4EPvPfhttjth11QuantMode_thbb] -> 0xffff8f1cc780
cceprint: [_ZN8cceprint25copy_matrix_cc_to_cbuf_b4EPvPimm] -> 0xffff8f1ccab8
cceprint: [_ZN8cceprint25copy_matrix_cc_to_cbuf_b4EPvPihttjth11QuantMode_thbb] -> 0xffff8f1ccc08
cceprint: [_ZN8cceprint27copy_matrix_cc_to_cbuf_bf16EPtPfmm] -> 0xffff8f1ccf40
cceprint: [_ZN8cceprint27copy_matrix_cc_to_cbuf_bf16EPtPfhttjthh11QuantMode_thbbb] -> 0xffff8f1cd090
cceprint: [_ZN8cceprint27copy_matrix_cc_to_cbuf_bf16EPtPfhttjthh11QuantMode_thbb14QuantMode_posthbhhb] -> 0xffff8f1cd444
cceprint: [_ZN8cceprint27copy_matrix_cc_to_cbuf_bf16EPtPfhttjth11QuantMode_thbb] -> 0xffff8f1cd940
cceprint: [_ZN8cceprint25copy_matrix_cc_to_cbuf_s4EPvPfmm] -> 0xffff8f1cdc78
cceprint: [_ZN8cceprint25copy_matrix_cc_to_cbuf_s4EPvPfhttjthh11QuantMode_thbbb] -> 0xffff8f1cddc8
cceprint: [_ZN8cceprint25copy_matrix_cc_to_cbuf_s4EPvPfhttjthh11QuantMode_thbb14QuantMode_posthbhhb] -> 0xffff8f1ce17c
cceprint: [_ZN8cceprint25copy_matrix_cc_to_cbuf_s4EPvPimm] -> 0xffff8f1ce678
cceprint: [_ZN8cceprint25copy_matrix_cc_to_cbuf_s4EPvPihttjthh11QuantMode_thbbb] -> 0xffff8f1ce7c8
cceprint: [_ZN8cceprint25copy_matrix_cc_to_cbuf_s4EPvPihttjthh11QuantMode_thbb14QuantMode_posthbhhb] -> 0xffff8f1ceb7c
cceprint: [_ZN8cceprint20copy_matrix_cc_to_gmEPN7float165Fp16TEPfmm] -> 0xffff8f1cf078
cceprint: [_ZN8cceprint20copy_matrix_cc_to_gmEPN7float165Fp16TEPfhttjthh11QuantMode_thbbb] -> 0xffff8f1cf240
cceprint: [_ZN8cceprint20copy_matrix_cc_to_gmEPN7float165Fp16TEPfhttjthh11QuantMode_thbb14QuantMode_posthbhhb] -> 0xffff8f1cf66c
cceprint: [_ZN8cceprint20copy_matrix_cc_to_gmEPN7float165Fp16TEPfhttjth11QuantMode_thbb] -> 0xffff8f1cfbe0
cceprint: [_ZN8cceprint20copy_matrix_cc_to_gmEPfS0_mm] -> 0xffff8f1cff90
cceprint: [_ZN8cceprint20copy_matrix_cc_to_gmEPaPfmm] -> 0xffff8f1d0158
cceprint: [_ZN8cceprint20copy_matrix_cc_to_gmEPaPfhttjthh11QuantMode_thbbb] -> 0xffff8f1d0320
cceprint: [_ZN8cceprint20copy_matrix_cc_to_gmEPaPfhttjthh11QuantMode_thbb14QuantMode_posthbhhb] -> 0xffff8f1d074c
cceprint: [_ZN8cceprint20copy_matrix_cc_to_gmEPaPfhttjth11QuantMode_thbb] -> 0xffff8f1d0cc0
cceprint: [_ZN8cceprint20copy_matrix_cc_to_gmEPhPfmm] -> 0xffff8f1d1070
cceprint: [_ZN8cceprint20copy_matrix_cc_to_gmEPhPfhttjthh11QuantMode_thbbb] -> 0xffff8f1d1238
cceprint: [_ZN8cceprint20copy_matrix_cc_to_gmEPhPfhttjthh11QuantMode_thbb14QuantMode_posthbhhb] -> 0xffff8f1d1664
cceprint: [_ZN8cceprint20copy_matrix_cc_to_gmEPhPfhttjth11QuantMode_thbb] -> 0xffff8f1d1bd8
cceprint: [_ZN8cceprint20copy_matrix_cc_to_gmEPfS0_httjthh11QuantMode_thbbb] -> 0xffff8f1d1f88
cceprint: [_ZN8cceprint20copy_matrix_cc_to_gmEPfS0_httjthh11QuantMode_thbb14QuantMode_posthbhhb] -> 0xffff8f1d23b4
cceprint: [_ZN8cceprint20copy_matrix_cc_to_gmEPfS0_httjth11QuantMode_thbb] -> 0xffff8f1d2928
cceprint: [_ZN8cceprint20copy_matrix_cc_to_gmEPiS0_mm] -> 0xffff8f1d2cd8
cceprint: [_ZN8cceprint20copy_matrix_cc_to_gmEPN7float165Fp16TEPimm] -> 0xffff8f1d2ea0
cceprint: [_ZN8cceprint20copy_matrix_cc_to_gmEPN7float165Fp16TEPihttjthh11QuantMode_thbbb] -> 0xffff8f1d3068
cceprint: [_ZN8cceprint20copy_matrix_cc_to_gmEPN7float165Fp16TEPihttjthh11QuantMode_thbb14QuantMode_posthbhhb] -> 0xffff8f1d3494
cceprint: [_ZN8cceprint20copy_matrix_cc_to_gmEPN7float165Fp16TEPihttjth11QuantMode_thbb] -> 0xffff8f1d3a08
cceprint: [_ZN8cceprint20copy_matrix_cc_to_gmEPsPimm] -> 0xffff8f1d3db8
cceprint: [_ZN8cceprint20copy_matrix_cc_to_gmEPsPihttjth11QuantMode_thbb] -> 0xffff8f1d3f80
cceprint: [_ZN8cceprint20copy_matrix_cc_to_gmEPaPimm] -> 0xffff8f1d4330
cceprint: [_ZN8cceprint20copy_matrix_cc_to_gmEPaPihttjthh11QuantMode_thbbb] -> 0xffff8f1d44f8
cceprint: [_ZN8cceprint20copy_matrix_cc_to_gmEPaPihttjthh11QuantMode_thbb14QuantMode_posthbhhb] -> 0xffff8f1d4924
cceprint: [_ZN8cceprint20copy_matrix_cc_to_gmEPaPihttjth11QuantMode_thbb] -> 0xffff8f1d4e98
cceprint: [_ZN8cceprint20copy_matrix_cc_to_gmEPhPimm] -> 0xffff8f1d5248
cceprint: [_ZN8cceprint20copy_matrix_cc_to_gmEPhPihttjthh11QuantMode_thbbb] -> 0xffff8f1d5410
cceprint: [_ZN8cceprint20copy_matrix_cc_to_gmEPhPihttjthh11QuantMode_thbb14QuantMode_posthbhhb] -> 0xffff8f1d583c
cceprint: [_ZN8cceprint20copy_matrix_cc_to_gmEPhPihttjth11QuantMode_thbb] -> 0xffff8f1d5db0
cceprint: [_ZN8cceprint20copy_matrix_cc_to_gmEPiS0_httjthh11QuantMode_thbbb] -> 0xffff8f1d6160
cceprint: [_ZN8cceprint20copy_matrix_cc_to_gmEPiS0_httjthh11QuantMode_thbb14QuantMode_posthbhhb] -> 0xffff8f1d658c
cceprint: [_ZN8cceprint20copy_matrix_cc_to_gmEPiS0_httjth11QuantMode_thbb] -> 0xffff8f1d6b00
cceprint: [_ZN8cceprint20copy_matrix_cc_to_gmEPN8bfloat165Bf16TEPfhttjth11QuantMode_thbb] -> 0xffff8f1d6eb0
cceprint: [_ZN8cceprint20copy_matrix_cc_to_gmEPN8bfloat165Bf16TEPfhttjthh11QuantMode_thbbb] -> 0xffff8f1d7260
cceprint: [_ZN8cceprint23copy_matrix_cc_to_gm_b4EPvPfmm] -> 0xffff8f1d768c
cceprint: [_ZN8cceprint23copy_matrix_cc_to_gm_b4EPvPfhttjth11QuantMode_thbb] -> 0xffff8f1d7854
cceprint: [_ZN8cceprint23copy_matrix_cc_to_gm_b4EPvPimm] -> 0xffff8f1d7c04
cceprint: [_ZN8cceprint23copy_matrix_cc_to_gm_b4EPvPihttjth11QuantMode_thbb] -> 0xffff8f1d7dcc
cceprint: [_ZN8cceprint25copy_matrix_cc_to_gm_bf16EPtPfmm] -> 0xffff8f1d817c
cceprint: [_ZN8cceprint25copy_matrix_cc_to_gm_bf16EPtPfhttjthh11QuantMode_thbbb] -> 0xffff8f1d8344
cceprint: [_ZN8cceprint25copy_matrix_cc_to_gm_bf16EPtPfhttjthh11QuantMode_thbb14QuantMode_posthbhhb] -> 0xffff8f1d8770
cceprint: [_ZN8cceprint25copy_matrix_cc_to_gm_bf16EPtPfhttjth11QuantMode_thbb] -> 0xffff8f1d8ce4
cceprint: [_ZN8cceprint23copy_matrix_cc_to_gm_s4EPvPfmm] -> 0xffff8f1d9094
cceprint: [_ZN8cceprint23copy_matrix_cc_to_gm_s4EPvPfhttjthh11QuantMode_thbbb] -> 0xffff8f1d925c
cceprint: [_ZN8cceprint23copy_matrix_cc_to_gm_s4EPvPfhttjthh11QuantMode_thbb14QuantMode_posthbhhb] -> 0xffff8f1d9688
cceprint: [_ZN8cceprint23copy_matrix_cc_to_gm_s4EPvPimm] -> 0xffff8f1d9bfc
cceprint: [_ZN8cceprint23copy_matrix_cc_to_gm_s4EPvPihttjthh11QuantMode_thbbb] -> 0xffff8f1d9dc4
cceprint: [_ZN8cceprint23copy_matrix_cc_to_gm_s4EPvPihttjthh11QuantMode_thbb14QuantMode_posthbhhb] -> 0xffff8f1da1f0
cceprint: [_ZN8cceprint20copy_matrix_cc_to_ubEPN7float165Fp16TEPfmm] -> 0xffff8f1da764
cceprint: [_ZN8cceprint20copy_matrix_cc_to_ubEPN7float165Fp16TEPfhttjthh11QuantMode_thbbb] -> 0xffff8f1da8b4
cceprint: [_ZN8cceprint20copy_matrix_cc_to_ubEPN8bfloat165Bf16TEPfhttjthh11QuantMode_thbbb] -> 0xffff8f1dac68
cceprint: [_ZN8cceprint20copy_matrix_cc_to_ubEPN7float165Fp16TEPfhttjthh11QuantMode_thbb14QuantMode_posthbhhb] -> 0xffff8f1db01c
cceprint: [_ZN8cceprint20copy_matrix_cc_to_ubEPaPfmm] -> 0xffff8f1db518
cceprint: [_ZN8cceprint20copy_matrix_cc_to_ubEPaPfhttjthh11QuantMode_thbbb] -> 0xffff8f1db668
cceprint: [_ZN8cceprint20copy_matrix_cc_to_ubEPaPfhttjthh11QuantMode_thbb14QuantMode_posthbhhb] -> 0xffff8f1dba1c
cceprint: [_ZN8cceprint20copy_matrix_cc_to_ubEPhPfmm] -> 0xffff8f1dbf18
cceprint: [_ZN8cceprint20copy_matrix_cc_to_ubEPhPfhttjthh11QuantMode_thbbb] -> 0xffff8f1dc068
cceprint: [_ZN8cceprint20copy_matrix_cc_to_ubEPhPfhttjthh11QuantMode_thbb14QuantMode_posthbhhb] -> 0xffff8f1dc41c
cceprint: [_ZN8cceprint20copy_matrix_cc_to_ubEPfS0_mm] -> 0xffff8f1dc918
cceprint: [_ZN8cceprint20copy_matrix_cc_to_ubEPfS0_httjthh11QuantMode_thbbb] -> 0xffff8f1dca68
cceprint: [_ZN8cceprint20copy_matrix_cc_to_ubEPfS0_httjthh11QuantMode_thbb14QuantMode_posthbhhb] -> 0xffff8f1dce1c
cceprint: [_ZN8cceprint20copy_matrix_cc_to_ubEPN7float165Fp16TEPimm] -> 0xffff8f1dd318
cceprint: [_ZN8cceprint20copy_matrix_cc_to_ubEPN7float165Fp16TEPihttjthh11QuantMode_thbbb] -> 0xffff8f1dd468
cceprint: [_ZN8cceprint20copy_matrix_cc_to_ubEPN7float165Fp16TEPihttjthh11QuantMode_thbb14QuantMode_posthbhhb] -> 0xffff8f1dd81c
cceprint: [_ZN8cceprint20copy_matrix_cc_to_ubEPaPimm] -> 0xffff8f1ddd18
cceprint: [_ZN8cceprint20copy_matrix_cc_to_ubEPaPihttjthh11QuantMode_thbbb] -> 0xffff8f1dde68
cceprint: [_ZN8cceprint20copy_matrix_cc_to_ubEPaPihttjthh11QuantMode_thbb14QuantMode_posthbhhb] -> 0xffff8f1de21c
cceprint: [_ZN8cceprint20copy_matrix_cc_to_ubEPhPimm] -> 0xffff8f1de718
cceprint: [_ZN8cceprint20copy_matrix_cc_to_ubEPhPihttjthh11QuantMode_thbbb] -> 0xffff8f1de868
cceprint: [_ZN8cceprint20copy_matrix_cc_to_ubEPhPihttjthh11QuantMode_thbb14QuantMode_posthbhhb] -> 0xffff8f1dec1c
cceprint: [_ZN8cceprint20copy_matrix_cc_to_ubEPiS0_mm] -> 0xffff8f1df118
cceprint: [_ZN8cceprint20copy_matrix_cc_to_ubEPiS0_httjthh11QuantMode_thbbb] -> 0xffff8f1df268
cceprint: [_ZN8cceprint20copy_matrix_cc_to_ubEPiS0_httjthh11QuantMode_thbb14QuantMode_posthbhhb] -> 0xffff8f1df61c
cceprint: [_ZN8cceprint25copy_matrix_cc_to_ub_bf16EPtPfmm] -> 0xffff8f1dfb18
cceprint: [_ZN8cceprint25copy_matrix_cc_to_ub_bf16EPtPfhttjthh11QuantMode_thbbb] -> 0xffff8f1dfc68
cceprint: [_ZN8cceprint25copy_matrix_cc_to_ub_bf16EPtPfhttjthh11QuantMode_thbb14QuantMode_posthbhhb] -> 0xffff8f1e001c
cceprint: [_ZN8cceprint23copy_matrix_cc_to_ub_s4EPvPfmm] -> 0xffff8f1e0518
cceprint: [_ZN8cceprint23copy_matrix_cc_to_ub_s4EPvPfhttjthh11QuantMode_thbbb] -> 0xffff8f1e0668
cceprint: [_ZN8cceprint23copy_matrix_cc_to_ub_s4EPvPfhttjthh11QuantMode_thbb14QuantMode_posthbhhb] -> 0xffff8f1e0a1c
cceprint: [_ZN8cceprint23copy_matrix_cc_to_ub_s4EPvPimm] -> 0xffff8f1e0f18
cceprint: [_ZN8cceprint23copy_matrix_cc_to_ub_s4EPvPihttjthh11QuantMode_thbbb] -> 0xffff8f1e1068
cceprint: [_ZN8cceprint23copy_matrix_cc_to_ub_s4EPvPihttjthh11QuantMode_thbb14QuantMode_posthbhhb] -> 0xffff8f1e141c
cceprint: [_ZN8cceprint22copy_matrix_cc_to_ubufEPN7float165Fp16TES2_m10ConvRelu_t] -> 0xffff8f1e1918
cceprint: [_ZN8cceprint22copy_matrix_cc_to_ubufEPN7float165Fp16TES2_htttt10ConvRelu_t] -> 0xffff8f1e1a68
cceprint: [_ZN8cceprint22copy_matrix_cc_to_ubufEPN7float165Fp16TEPfm10ConvRelu_t] -> 0xffff8f1e1ca8
cceprint: [_ZN8cceprint22copy_matrix_cc_to_ubufEPN7float165Fp16TEPfhtttt10ConvRelu_t] -> 0xffff8f1e1df8
cceprint: [_ZN8cceprint22copy_matrix_cc_to_ubufEPfS0_m10ConvRelu_t] -> 0xffff8f1e2038
cceprint: [_ZN8cceprint22copy_matrix_cc_to_ubufEPfS0_htttt10ConvRelu_t] -> 0xffff8f1e2188
cceprint: [_ZN8cceprint22copy_matrix_cc_to_ubufEPN7float165Fp16TEPim10ConvRelu_t] -> 0xffff8f1e23c8
cceprint: [_ZN8cceprint22copy_matrix_cc_to_ubufEPN7float165Fp16TEPihtttt10ConvRelu_t] -> 0xffff8f1e2518
cceprint: [_ZN8cceprint22copy_matrix_cc_to_ubufEPsPim10ConvRelu_t] -> 0xffff8f1e2758
cceprint: [_ZN8cceprint22copy_matrix_cc_to_ubufEPsPihtttt10ConvRelu_t] -> 0xffff8f1e28a8
cceprint: [_ZN8cceprint22copy_matrix_cc_to_ubufEPiS0_m10ConvRelu_t] -> 0xffff8f1e2ae8
cceprint: [_ZN8cceprint22copy_matrix_cc_to_ubufEPiS0_htttt10ConvRelu_t] -> 0xffff8f1e2c38
cceprint: [_ZN8cceprint22copy_matrix_cc_to_ubufEPaPim10ConvRelu_t] -> 0xffff8f1e2e78
cceprint: [_ZN8cceprint22copy_matrix_cc_to_ubufEPaPihtttt10ConvRelu_t] -> 0xffff8f1e2fc8
cceprint: [_ZN8cceprint22copy_matrix_cc_to_ubufEPjS0_m10ConvRelu_t] -> 0xffff8f1e3208
cceprint: [_ZN8cceprint22copy_matrix_cc_to_ubufEPjS0_htttt10ConvRelu_t] -> 0xffff8f1e3358
cceprint: [_ZN8cceprint22copy_matrix_cc_to_ubufEPhPim10ConvRelu_t] -> 0xffff8f1e3598
cceprint: [_ZN8cceprint22copy_matrix_cc_to_ubufEPhPihtttt10ConvRelu_t] -> 0xffff8f1e36e8
cceprint: [_ZN8cceprint22copy_matrix_ubuf_to_ccEPN7float165Fp16TES2_m10ConvRelu_t] -> 0xffff8f1e3928
cceprint: [_ZN8cceprint22copy_matrix_ubuf_to_ccEPN7float165Fp16TES2_htttt10ConvRelu_t] -> 0xffff8f1e3a78
cceprint: [_ZN8cceprint22copy_matrix_ubuf_to_ccEPfS0_m10ConvRelu_t] -> 0xffff8f1e3cb8
cceprint: [_ZN8cceprint22copy_matrix_ubuf_to_ccEPfS0_htttt10ConvRelu_t] -> 0xffff8f1e3e08
cceprint: [_ZN8cceprint22copy_matrix_ubuf_to_ccEPfPN7float165Fp16TEm10ConvRelu_t] -> 0xffff8f1e4048
cceprint: [_ZN8cceprint22copy_matrix_ubuf_to_ccEPfPN7float165Fp16TEhtttt10ConvRelu_t] -> 0xffff8f1e4198
cceprint: [_ZN8cceprint22copy_matrix_ubuf_to_ccEPiS0_m10ConvRelu_t] -> 0xffff8f1e43d8
cceprint: [_ZN8cceprint22copy_matrix_ubuf_to_ccEPiS0_htttt10ConvRelu_t] -> 0xffff8f1e4528
cceprint: [_ZN8cceprint22copy_matrix_ubuf_to_ccEPjS0_m10ConvRelu_t] -> 0xffff8f1e4768
cceprint: [_ZN8cceprint22copy_matrix_ubuf_to_ccEPjS0_htttt10ConvRelu_t] -> 0xffff8f1e48b8
cceprint: [_ZN8cceprint28copy_small_matrix_cc_to_ubufEPN7float165Fp16TEPim10ConvRelu_t] -> 0xffff8f1e4af8
cceprint: [_ZN8cceprint28copy_small_matrix_cc_to_ubufEPN7float165Fp16TEPihtttt10ConvRelu_t] -> 0xffff8f1e4c48
cceprint: [_ZN8cceprint28copy_small_matrix_cc_to_ubufEPsPim10ConvRelu_t] -> 0xffff8f1e4e88
cceprint: [_ZN8cceprint28copy_small_matrix_cc_to_ubufEPsPihtttt10ConvRelu_t] -> 0xffff8f1e4fd8
cceprint: [_ZN8cceprint28copy_small_matrix_cc_to_ubufEPiS0_m10ConvRelu_t] -> 0xffff8f1e5218
cceprint: [_ZN8cceprint28copy_small_matrix_cc_to_ubufEPiS0_htttt10ConvRelu_t] -> 0xffff8f1e5368
cceprint: [_ZN8cceprint28copy_small_matrix_cc_to_ubufEPaPim10ConvRelu_t] -> 0xffff8f1e55a8
cceprint: [_ZN8cceprint28copy_small_matrix_cc_to_ubufEPaPihtttt10ConvRelu_t] -> 0xffff8f1e56f8
cceprint: [_ZN8cceprint28copy_small_matrix_cc_to_ubufEPjS0_m10ConvRelu_t] -> 0xffff8f1e5938
cceprint: [_ZN8cceprint28copy_small_matrix_cc_to_ubufEPjS0_htttt10ConvRelu_t] -> 0xffff8f1e5a88
cceprint: [_ZN8cceprint28copy_small_matrix_cc_to_ubufEPhPim10ConvRelu_t] -> 0xffff8f1e5cc8
cceprint: [_ZN8cceprint28copy_small_matrix_cc_to_ubufEPhPihtttt10ConvRelu_t] -> 0xffff8f1e5e18
cceprint: [_ZN8cceprint28copy_small_matrix_ubuf_to_ccEPiS0_m10ConvRelu_t] -> 0xffff8f1e6058
cceprint: [_ZN8cceprint28copy_small_matrix_ubuf_to_ccEPiS0_htttt10ConvRelu_t] -> 0xffff8f1e61a8
cceprint: [_ZN8cceprint28copy_small_matrix_ubuf_to_ccEPjS0_m10ConvRelu_t] -> 0xffff8f1e63e8
cceprint: [_ZN8cceprint28copy_small_matrix_ubuf_to_ccEPjS0_htttt10ConvRelu_t] -> 0xffff8f1e6538
cceprint: [_ZN8cceprint17copy_ubuf_to_cbufEPvS0_m] -> 0xffff8f1e6778
cceprint: [_ZN8cceprint17copy_ubuf_to_cbufEPvS0_htttt] -> 0xffff8f1e6880
cceprint: [_ZN8cceprint17copy_ubuf_to_fbufEPvS0_m] -> 0xffff8f1e6a78
cceprint: [_ZN8cceprint17copy_ubuf_to_fbufEPvS0_9CvtMode_ttttt] -> 0xffff8f1e6b80
cceprint: [_ZN8cceprint15copy_ubuf_to_gmEPvS0_m] -> 0xffff8f1e6d78
cceprint: [_ZN8cceprint15copy_ubuf_to_gmEPvS0_m4bm_t] -> 0xffff8f1e6ef8
cceprint: [_ZN8cceprint15copy_ubuf_to_gmEPvS0_htttt4bm_t] -> 0xffff8f1e70c0
cceprint: [_ZN8cceprint15copy_ubuf_to_gmEPvS0_htttt] -> 0xffff8f1e7378
cceprint: [_ZN8cceprint25copy_ubuf_to_gm_align_b16EPvS0_mm] -> 0xffff8f1e75e8
cceprint: [_ZN8cceprint25copy_ubuf_to_gm_align_b16EPvS0_htjhhjj] -> 0xffff8f1e77b0
cceprint: [_ZN8cceprint25copy_ubuf_to_gm_align_b32EPvS0_mm] -> 0xffff8f1e7aac
cceprint: [_ZN8cceprint25copy_ubuf_to_gm_align_b32EPvS0_htjhhjj] -> 0xffff8f1e7c74
cceprint: [_ZN8cceprint24copy_ubuf_to_gm_align_b8EPvS0_mm] -> 0xffff8f1e7f70
cceprint: [_ZN8cceprint24copy_ubuf_to_gm_align_b8EPvS0_htjhhjj] -> 0xffff8f1e8138
cceprint: [_ZN8cceprint21copy_ubuf_to_gm_alignEPaS0_htjjj] -> 0xffff8f1e8434
cceprint: [_ZN8cceprint21copy_ubuf_to_gm_alignEPhS0_htjjj] -> 0xffff8f1e86a4
cceprint: [_ZN8cceprint21copy_ubuf_to_gm_alignEPsS0_htjjj] -> 0xffff8f1e8914
cceprint: [_ZN8cceprint21copy_ubuf_to_gm_alignEPtS0_htjjj] -> 0xffff8f1e8b84
cceprint: [_ZN8cceprint21copy_ubuf_to_gm_alignEPN7float165Fp16TES2_htjjj] -> 0xffff8f1e8df4
cceprint: [_ZN8cceprint21copy_ubuf_to_gm_alignEPiS0_htjjj] -> 0xffff8f1e9064
cceprint: [_ZN8cceprint21copy_ubuf_to_gm_alignEPjS0_htjjj] -> 0xffff8f1e92d4
cceprint: [_ZN8cceprint21copy_ubuf_to_gm_alignEPfS0_htjjj] -> 0xffff8f1e9544
cceprint: [_ZN8cceprint23copy_ubuf_to_gm_pad_b16EPvS0_mm] -> 0xffff8f1e97b4
cceprint: [_ZN8cceprint23copy_ubuf_to_gm_pad_b16EPvS0_htttthh] -> 0xffff8f1e997c
cceprint: [_ZN8cceprint23copy_ubuf_to_gm_pad_b32EPvS0_mm] -> 0xffff8f1e9c78
cceprint: [_ZN8cceprint23copy_ubuf_to_gm_pad_b32EPvS0_htttthh] -> 0xffff8f1e9e40
cceprint: [_ZN8cceprint22copy_ubuf_to_gm_pad_b8EPvS0_mm] -> 0xffff8f1ea13c
cceprint: [_ZN8cceprint22copy_ubuf_to_gm_pad_b8EPvS0_htttthh] -> 0xffff8f1ea304
cceprint: [_ZN8cceprint17copy_ubuf_to_ubufEPvS0_m] -> 0xffff8f1ea600
cceprint: [_ZN8cceprint17copy_ubuf_to_ubufEPvS0_htttt] -> 0xffff8f1ea708
cceprint: [_ZN8cceprint22copy_vector_cc_to_ubufEPN7float165Fp16TES2_m10ConvRelu_t] -> 0xffff8f1ea900
cceprint: [_ZN8cceprint22copy_vector_cc_to_ubufEPN7float165Fp16TES2_htttt10ConvRelu_t] -> 0xffff8f1eaa50
cceprint: [_ZN8cceprint22copy_vector_cc_to_ubufEPN7float165Fp16TEPfm10ConvRelu_t] -> 0xffff8f1eac90
cceprint: [_ZN8cceprint22copy_vector_cc_to_ubufEPN7float165Fp16TEPfhtttt10ConvRelu_t] -> 0xffff8f1eade0
cceprint: [_ZN8cceprint22copy_vector_cc_to_ubufEPfS0_m10ConvRelu_t] -> 0xffff8f1eb020
cceprint: [_ZN8cceprint22copy_vector_cc_to_ubufEPfS0_htttt10ConvRelu_t] -> 0xffff8f1eb170
cceprint: [_ZN8cceprint22copy_vector_cc_to_ubufEPN7float165Fp16TEPim10ConvRelu_t] -> 0xffff8f1eb3b0
cceprint: [_ZN8cceprint22copy_vector_cc_to_ubufEPN7float165Fp16TEPihtttt10ConvRelu_t] -> 0xffff8f1eb500
cceprint: [_ZN8cceprint22copy_vector_cc_to_ubufEPsPim10ConvRelu_t] -> 0xffff8f1eb740
cceprint: [_ZN8cceprint22copy_vector_cc_to_ubufEPsPihtttt10ConvRelu_t] -> 0xffff8f1eb890
cceprint: [_ZN8cceprint22copy_vector_cc_to_ubufEPiS0_m10ConvRelu_t] -> 0xffff8f1ebad0
cceprint: [_ZN8cceprint22copy_vector_cc_to_ubufEPiS0_htttt10ConvRelu_t] -> 0xffff8f1ebc20
cceprint: [_ZN8cceprint22copy_vector_cc_to_ubufEPaPim10ConvRelu_t] -> 0xffff8f1ebe60
cceprint: [_ZN8cceprint22copy_vector_cc_to_ubufEPaPihtttt10ConvRelu_t] -> 0xffff8f1ebfb0
cceprint: [_ZN8cceprint22copy_vector_cc_to_ubufEPjS0_m10ConvRelu_t] -> 0xffff8f1ec1f0
cceprint: [_ZN8cceprint22copy_vector_cc_to_ubufEPjS0_htttt10ConvRelu_t] -> 0xffff8f1ec340
cceprint: [_ZN8cceprint22copy_vector_cc_to_ubufEPhPim10ConvRelu_t] -> 0xffff8f1ec580
cceprint: [_ZN8cceprint22copy_vector_cc_to_ubufEPhPihtttt10ConvRelu_t] -> 0xffff8f1ec6d0
cceprint: [_ZN8cceprint22copy_vector_ubuf_to_ccEPN7float165Fp16TES2_m10ConvRelu_t] -> 0xffff8f1ec910
cceprint: [_ZN8cceprint22copy_vector_ubuf_to_ccEPN7float165Fp16TES2_htttt10ConvRelu_t] -> 0xffff8f1eca60
cceprint: [_ZN8cceprint22copy_vector_ubuf_to_ccEPfS0_m10ConvRelu_t] -> 0xffff8f1ecca0
cceprint: [_ZN8cceprint22copy_vector_ubuf_to_ccEPfS0_htttt10ConvRelu_t] -> 0xffff8f1ecdf0
cceprint: [_ZN8cceprint22copy_vector_ubuf_to_ccEPfPN7float165Fp16TEm10ConvRelu_t] -> 0xffff8f1ed030
cceprint: [_ZN8cceprint22copy_vector_ubuf_to_ccEPfPN7float165Fp16TEhtttt10ConvRelu_t] -> 0xffff8f1ed180
cceprint: [_ZN8cceprint22copy_vector_ubuf_to_ccEPiS0_m10ConvRelu_t] -> 0xffff8f1ed3c0
cceprint: [_ZN8cceprint22copy_vector_ubuf_to_ccEPiS0_htttt10ConvRelu_t] -> 0xffff8f1ed510
cceprint: [_ZN8cceprint22copy_vector_ubuf_to_ccEPjS0_m10ConvRelu_t] -> 0xffff8f1ed750
cceprint: [_ZN8cceprint22copy_vector_ubuf_to_ccEPjS0_htttt10ConvRelu_t] -> 0xffff8f1ed8a0
cceprint: [_ZN8cceprint16create_ca_matrixEPvlN7float165Fp16TE] -> 0xffff8f1edae0
cceprint: [_ZN8cceprint16create_ca_matrixEPN7float165Fp16TElS1_] -> 0xffff8f1edbf0
cceprint: [_ZN8cceprint16create_ca_matrixEPslN7float165Fp16TE] -> 0xffff8f1edd00
cceprint: [_ZN8cceprint16create_ca_matrixEPtlN7float165Fp16TE] -> 0xffff8f1ede10
cceprint: [_ZN8cceprint16create_ca_matrixEPN7float165Fp16TElj] -> 0xffff8f1edf20
cceprint: [_ZN8cceprint16create_ca_matrixEPflj] -> 0xffff8f1ee01c
cceprint: [_ZN8cceprint16create_ca_matrixEPflN7float165Fp16TE] -> 0xffff8f1ee118
cceprint: [_ZN8cceprint16create_ca_matrixEPslj] -> 0xffff8f1ee228
cceprint: [_ZN8cceprint16create_ca_matrixEPilj] -> 0xffff8f1ee324
cceprint: [_ZN8cceprint16create_ca_matrixEPilN7float165Fp16TE] -> 0xffff8f1ee420
cceprint: [_ZN8cceprint16create_ca_matrixEPtlj] -> 0xffff8f1ee530
cceprint: [_ZN8cceprint16create_ca_matrixEPjlj] -> 0xffff8f1ee62c
cceprint: [_ZN8cceprint16create_ca_matrixEPjlN7float165Fp16TE] -> 0xffff8f1ee728
cceprint: [_ZN8cceprint21create_ca_matrix_bf16EPN8bfloat165Bf16TElS1_] -> 0xffff8f1ee838
cceprint: [_ZN8cceprint16create_cb_matrixEPvlN7float165Fp16TE] -> 0xffff8f1ee948
cceprint: [_ZN8cceprint16create_cb_matrixEPN7float165Fp16TElS1_] -> 0xffff8f1eea58
cceprint: [_ZN8cceprint16create_cb_matrixEPslN7float165Fp16TE] -> 0xffff8f1eeb68
cceprint: [_ZN8cceprint16create_cb_matrixEPtlN7float165Fp16TE] -> 0xffff8f1eec78
cceprint: [_ZN8cceprint16create_cb_matrixEPN7float165Fp16TElj] -> 0xffff8f1eed88
cceprint: [_ZN8cceprint16create_cb_matrixEPflj] -> 0xffff8f1eee84
cceprint: [_ZN8cceprint16create_cb_matrixEPflN7float165Fp16TE] -> 0xffff8f1eef80
cceprint: [_ZN8cceprint16create_cb_matrixEPslj] -> 0xffff8f1ef090
cceprint: [_ZN8cceprint16create_cb_matrixEPilj] -> 0xffff8f1ef18c
cceprint: [_ZN8cceprint16create_cb_matrixEPilN7float165Fp16TE] -> 0xffff8f1ef288
cceprint: [_ZN8cceprint16create_cb_matrixEPtlj] -> 0xffff8f1ef398
cceprint: [_ZN8cceprint16create_cb_matrixEPjlj] -> 0xffff8f1ef494
cceprint: [_ZN8cceprint16create_cb_matrixEPjlN7float165Fp16TE] -> 0xffff8f1ef590
cceprint: [_ZN8cceprint21create_cb_matrix_bf16EPN8bfloat165Bf16TElS1_] -> 0xffff8f1ef6a0
cceprint: [_ZN8cceprint18create_cbuf_matrixEPvlN7float165Fp16TE] -> 0xffff8f1ef7b0
cceprint: [_ZN8cceprint18create_cbuf_matrixEPN7float165Fp16TElS1_] -> 0xffff8f1ef8c0
cceprint: [_ZN8cceprint18create_cbuf_matrixEPslN7float165Fp16TE] -> 0xffff8f1ef9d0
cceprint: [_ZN8cceprint18create_cbuf_matrixEPtlN7float165Fp16TE] -> 0xffff8f1efae0
cceprint: [_ZN8cceprint18create_cbuf_matrixEPN7float165Fp16TElj] -> 0xffff8f1efbf0
cceprint: [_ZN8cceprint18create_cbuf_matrixEPflj] -> 0xffff8f1efcec
cceprint: [_ZN8cceprint18create_cbuf_matrixEPflN7float165Fp16TE] -> 0xffff8f1efde8
cceprint: [_ZN8cceprint18create_cbuf_matrixEPslj] -> 0xffff8f1efef8
cceprint: [_ZN8cceprint18create_cbuf_matrixEPilj] -> 0xffff8f1efff4
cceprint: [_ZN8cceprint18create_cbuf_matrixEPilN7float165Fp16TE] -> 0xffff8f1f00f0
cceprint: [_ZN8cceprint18create_cbuf_matrixEPtlj] -> 0xffff8f1f0200
cceprint: [_ZN8cceprint18create_cbuf_matrixEPjlj] -> 0xffff8f1f02fc
cceprint: [_ZN8cceprint18create_cbuf_matrixEPjlN7float165Fp16TE] -> 0xffff8f1f03f8
cceprint: [_ZN8cceprint23create_cbuf_matrix_bf16EPN8bfloat165Bf16TElS1_] -> 0xffff8f1f0508
cceprint: [_ZN8cceprint10dc_preloadEPms] -> 0xffff8f1f0618
cceprint: [_ZN8cceprint10dc_preloadEPml] -> 0xffff8f1f0750
cceprint: [_ZN8cceprint4dcciEPvm] -> (nil)
cceprint: [_ZN8cceprint4dcciEPvmm] -> (nil)
cceprint: [_ZN8cceprint21decompress_gm_to_cbufEPhS0_l] -> 0xffff8f1f0888
cceprint: [_ZN8cceprint21decompress_gm_to_cbufEPhS0_tbhh] -> 0xffff8f1f09fc
cceprint: [_ZN8cceprint21decompress_gm_to_cbufEPN7float165Fp16TES2_l] -> 0xffff8f1f0c3c
cceprint: [_ZN8cceprint21decompress_gm_to_cbufEPN7float165Fp16TES2_tbhh] -> 0xffff8f1f0db0
cceprint: [_ZN8cceprint19decompress_gm_to_ubEPhS0_l] -> 0xffff8f1f0ff0
cceprint: [_ZN8cceprint19decompress_gm_to_ubEPhS0_tbhh] -> 0xffff8f1f1164
cceprint: [_ZN8cceprint19decompress_gm_to_ubEPN7float165Fp16TES2_l] -> 0xffff8f1f13a4
cceprint: [_ZN8cceprint19decompress_gm_to_ubEPN7float165Fp16TES2_tbhh] -> 0xffff8f1f1518
cceprint: [_ZN8cceprint14depthwise_convEPN7float165Fp16TES2_S2_mb] -> 0xffff8f1f1758
cceprint: [_ZN8cceprint14depthwise_convEPN7float165Fp16TES2_S2_tthhhhb] -> 0xffff8f1f18d8
cceprint: [_ZN8cceprint14depthwise_convEPfPN7float165Fp16TES3_mb] -> 0xffff8f1f1ba0
cceprint: [_ZN8cceprint14depthwise_convEPfPN7float165Fp16TES3_tthhhhb] -> 0xffff8f1f1d20
cceprint: [_ZN8cceprint14depthwise_convEPiPaS1_mb] -> 0xffff8f1f1fe8
cceprint: [_ZN8cceprint14depthwise_convEPiPaS1_ttahhhb] -> 0xffff8f1f2168
cceprint: [_ZN8cceprint14depthwise_convEPiPhS1_mb] -> 0xffff8f1f2430
cceprint: [_ZN8cceprint14depthwise_convEPiPhS1_tthhhhb] -> 0xffff8f1f25b0
cceprint: [_ZN8cceprint14depthwise_convEPiPhPamb] -> 0xffff8f1f2878
cceprint: [_ZN8cceprint14depthwise_convEPiPhPatthhhhb] -> 0xffff8f1f29f8
cceprint: [_ZN8cceprint17depthwise_conv_v2EPN7float165Fp16TES2_S2_m] -> 0xffff8f1f2cc0
cceprint: [_ZN8cceprint17depthwise_conv_v2EPN7float165Fp16TES2_S2_tthhhthbbh] -> 0xffff8f1f2e04
cceprint: [_ZN8cceprint17depthwise_conv_v2EPfPN7float165Fp16TES3_m] -> 0xffff8f1f3180
cceprint: [_ZN8cceprint17depthwise_conv_v2EPfPN7float165Fp16TES3_tthhhthbbh] -> 0xffff8f1f32c4
cceprint: [_ZN8cceprint17depthwise_conv_v2EPiPaS1_m] -> 0xffff8f1f3640
cceprint: [_ZN8cceprint17depthwise_conv_v2EPiPaS1_tthhhthbbh] -> 0xffff8f1f3784
cceprint: [_ZN8cceprint17depthwise_conv_v2EPiPhS1_m] -> 0xffff8f1f3b00
cceprint: [_ZN8cceprint17depthwise_conv_v2EPiPhS1_tthhhthbbh] -> 0xffff8f1f3c44
cceprint: [_ZN8cceprint17depthwise_conv_v2EPiPhPam] -> 0xffff8f1f3fc0
cceprint: [_ZN8cceprint17depthwise_conv_v2EPiPhPatthhhthbbh] -> 0xffff8f1f4104
cceprint: [_ZN8cceprint3dsbE9mem_dsb_t] -> 0xffff8f1f4480
cceprint: [_ZN8cceprint22fake_overflow_status_1Ev] -> 0xffff8f1f4510
cceprint: [_ZN8cceprint22fake_overflow_status_2Ev] -> 0xffff8f1f4558
cceprint: [_ZN8cceprint20ffts_cross_core_syncE6pipe_tm] -> 0xffff8f1f45a0
cceprint: [_ZN8cceprint5fifr1EPsS0_mm] -> 0xffff8f1f4684
cceprint: [_ZN8cceprint5fifr1EPsS0_mm4bm_t] -> 0xffff8f1f47d4
cceprint: [_ZN8cceprint5fifr1EPsS0_8w_size_thhhaaaaaaaaaahh4bm_t] -> 0xffff8f1f496c
cceprint: [_ZN8cceprint5fifr1EPsS0_8w_size_thhhaaaaaaaaaahh] -> 0xffff8f1f4ec8
cceprint: [_ZN8cceprint5fifr1EPsPamm] -> 0xffff8f1f53e0
cceprint: [_ZN8cceprint5fifr1EPsPamm4bm_t] -> 0xffff8f1f5530
cceprint: [_ZN8cceprint5fifr1EPsPa8w_size_thhhaaaaaaaaaahh4bm_t] -> 0xffff8f1f56c8
cceprint: [_ZN8cceprint5fifr1EPsPa8w_size_thhhaaaaaaaaaahh] -> 0xffff8f1f5c24
cceprint: [_ZN8cceprint5fifr1EPsPtmm] -> 0xffff8f1f613c
cceprint: [_ZN8cceprint5fifr1EPsPtmm4bm_t] -> 0xffff8f1f628c
cceprint: [_ZN8cceprint5fifr1EPsPt8w_size_thhhaaaaaaaaaahh4bm_t] -> 0xffff8f1f6424
cceprint: [_ZN8cceprint5fifr1EPsPt8w_size_thhhaaaaaaaaaahh] -> 0xffff8f1f6980
cceprint: [_ZN8cceprint5fifr1EPsPhmm] -> 0xffff8f1f6e98
cceprint: [_ZN8cceprint5fifr1EPsPhmm4bm_t] -> 0xffff8f1f6fe8
cceprint: [_ZN8cceprint5fifr1EPsPh8w_size_thhhaaaaaaaaaahh4bm_t] -> 0xffff8f1f7180
cceprint: [_ZN8cceprint5fifr1EPsPh8w_size_thhhaaaaaaaaaahh] -> 0xffff8f1f76dc
cceprint: [_ZN8cceprint26fix_depthwisein_cc_to_cbufEPaPimm] -> 0xffff8f1f7bf4
cceprint: [_ZN8cceprint26fix_depthwisein_cc_to_cbufEPaPi11unit_flag_thtttt13ConvReluFix_tb6Relu_tbS4_6Pool_t5Req_t10DualMode_ttt] -> 0xffff8f1f7d44
cceprint: [_ZN8cceprint26fix_depthwisein_cc_to_cbufEPhPimm] -> 0xffff8f1f81fc
cceprint: [_ZN8cceprint26fix_depthwisein_cc_to_cbufEPhPi11unit_flag_thtttt13ConvReluFix_tb6Relu_tbS4_6Pool_t5Req_t10DualMode_ttt] -> 0xffff8f1f834c
cceprint: [_ZN8cceprint26fix_depthwisein_cc_to_ubufEPaPimm] -> 0xffff8f1f8804
cceprint: [_ZN8cceprint26fix_depthwisein_cc_to_ubufEPaPi11unit_flag_thtttt13ConvReluFix_tb6Relu_tbS4_6Pool_t5Req_t10DualMode_ttt] -> 0xffff8f1f8954
cceprint: [_ZN8cceprint26fix_depthwisein_cc_to_ubufEPhPimm] -> 0xffff8f1f8e0c
cceprint: [_ZN8cceprint26fix_depthwisein_cc_to_ubufEPhPi11unit_flag_thtttt13ConvReluFix_tb6Relu_tbS4_6Pool_t5Req_t10DualMode_ttt] -> 0xffff8f1f8f5c
cceprint: [_ZN8cceprint27fix_depthwiseout_cc_to_cbufEPaPimm] -> 0xffff8f1f9414
cceprint: [_ZN8cceprint27fix_depthwiseout_cc_to_cbufEPaPi11unit_flag_thtttt13ConvReluFix_tb6Relu_tbS4_6Pool_t5Req_t10DualMode_ttt] -> 0xffff8f1f9564
cceprint: [_ZN8cceprint27fix_depthwiseout_cc_to_cbufEPhPimm] -> 0xffff8f1f9a1c
cceprint: [_ZN8cceprint27fix_depthwiseout_cc_to_cbufEPhPi11unit_flag_thtttt13ConvReluFix_tb6Relu_tbS4_6Pool_t5Req_t10DualMode_ttt] -> 0xffff8f1f9b6c
cceprint: [_ZN8cceprint21fix_matrix_cc_to_cbufEPN7float165Fp16TES2_mm] -> 0xffff8f1fa024
cceprint: [_ZN8cceprint21fix_matrix_cc_to_cbufEPaPN7float165Fp16TEmm] -> 0xffff8f1fa174
cceprint: [_ZN8cceprint21fix_matrix_cc_to_cbufEPaPN7float165Fp16TE11unit_flag_thtttt13ConvReluFix_tb6Relu_tbS6_6Pool_t5Req_t10DualMode_ttt] -> 0xffff8f1fa2c4
cceprint: [_ZN8cceprint21fix_matrix_cc_to_cbufEPhPN7float165Fp16TEmm] -> 0xffff8f1fa77c
cceprint: [_ZN8cceprint21fix_matrix_cc_to_cbufEPhPN7float165Fp16TE11unit_flag_thtttt13ConvReluFix_tb6Relu_tbS6_6Pool_t5Req_t10DualMode_ttt] -> 0xffff8f1fa8cc
cceprint: [_ZN8cceprint21fix_matrix_cc_to_cbufEPN7float165Fp16TES2_11unit_flag_thtttt13ConvReluFix_tb6Relu_tbS5_6Pool_t5Req_t10DualMode_ttt] -> 0xffff8f1fad84
cceprint: [_ZN8cceprint21fix_matrix_cc_to_cbufEPiS0_mm] -> 0xffff8f1fb23c
cceprint: [_ZN8cceprint21fix_matrix_cc_to_cbufEPN7float165Fp16TEPimm] -> 0xffff8f1fb38c
cceprint: [_ZN8cceprint21fix_matrix_cc_to_cbufEPN7float165Fp16TEPi11unit_flag_thtttt13ConvReluFix_tb6Relu_tbS6_6Pool_t5Req_t10DualMode_ttt] -> 0xffff8f1fb4dc
cceprint: [_ZN8cceprint21fix_matrix_cc_to_cbufEPsPimm] -> 0xffff8f1fb994
cceprint: [_ZN8cceprint21fix_matrix_cc_to_cbufEPsPi11unit_flag_thtttt13ConvReluFix_tb6Relu_tbS4_6Pool_t5Req_t10DualMode_ttt] -> 0xffff8f1fbae4
cceprint: [_ZN8cceprint21fix_matrix_cc_to_cbufEPaPimm] -> 0xffff8f1fbf9c
cceprint: [_ZN8cceprint21fix_matrix_cc_to_cbufEPaPi11unit_flag_thtttt13ConvReluFix_tb6Relu_tbS4_6Pool_t5Req_t10DualMode_ttt] -> 0xffff8f1fc0ec
cceprint: [_ZN8cceprint21fix_matrix_cc_to_cbufEPhPimm] -> 0xffff8f1fc5a4
cceprint: [_ZN8cceprint21fix_matrix_cc_to_cbufEPhPi11unit_flag_thtttt13ConvReluFix_tb6Relu_tbS4_6Pool_t5Req_t10DualMode_ttt] -> 0xffff8f1fc6f4
cceprint: [_ZN8cceprint21fix_matrix_cc_to_cbufEPiS0_11unit_flag_thtttt13ConvReluFix_tb6Relu_tbS3_6Pool_t5Req_t10DualMode_ttt] -> 0xffff8f1fcbac
cceprint: [_ZN8cceprint21fix_matrix_cc_to_ubufEPN7float165Fp16TES2_mm] -> 0xffff8f1fd064
cceprint: [_ZN8cceprint21fix_matrix_cc_to_ubufEPN7float165Fp16TES2_11unit_flag_thtttt13ConvReluFix_tb6Relu_tbS5_6Pool_t5Req_t10DualMode_ttt] -> 0xffff8f1fd1b4
cceprint: [_ZN8cceprint21fix_matrix_cc_to_ubufEPN7float165Fp16TEPimm] -> 0xffff8f1fd66c
cceprint: [_ZN8cceprint21fix_matrix_cc_to_ubufEPN7float165Fp16TEPi11unit_flag_thtttt13ConvReluFix_tb6Relu_tbS6_6Pool_t5Req_t10DualMode_ttt] -> 0xffff8f1fd7bc
cceprint: [_ZN8cceprint21fix_matrix_cc_to_ubufEPsPimm] -> 0xffff8f1fdc74
cceprint: [_ZN8cceprint21fix_matrix_cc_to_ubufEPsPi11unit_flag_thtttt13ConvReluFix_tb6Relu_tbS4_6Pool_t5Req_t10DualMode_ttt] -> 0xffff8f1fddc4
cceprint: [_ZN8cceprint21fix_matrix_cc_to_ubufEPiS0_mm] -> 0xffff8f1fe27c
cceprint: [_ZN8cceprint21fix_matrix_cc_to_ubufEPiS0_11unit_flag_thtttt13ConvReluFix_tb6Relu_tbS3_6Pool_t5Req_t10DualMode_ttt] -> 0xffff8f1fe3cc
cceprint: [_ZN8cceprint21fix_matrix_cc_to_ubufEPaPimm] -> 0xffff8f1fe884
cceprint: [_ZN8cceprint21fix_matrix_cc_to_ubufEPaPi11unit_flag_thtttt13ConvReluFix_tb6Relu_tbS4_6Pool_t5Req_t10DualMode_ttt] -> 0xffff8f1fe9d4
cceprint: [_ZN8cceprint21fix_matrix_cc_to_ubufEPhPimm] -> 0xffff8f1fee8c
cceprint: [_ZN8cceprint21fix_matrix_cc_to_ubufEPhPi11unit_flag_thtttt13ConvReluFix_tb6Relu_tbS4_6Pool_t5Req_t10DualMode_ttt] -> 0xffff8f1fefdc
cceprint: [_ZN8cceprint23fix_winograd_cc_to_cbufEPiS0_mm] -> 0xffff8f1ff494
cceprint: [_ZN8cceprint23fix_winograd_cc_to_cbufEPN7float165Fp16TEPimm] -> 0xffff8f1ff5e4
cceprint: [_ZN8cceprint23fix_winograd_cc_to_cbufEPN7float165Fp16TEPi11unit_flag_thtttt13ConvReluFix_tb6Relu_tbS6_6Pool_t5Req_t10DualMode_ttt] -> 0xffff8f1ff734
cceprint: [_ZN8cceprint23fix_winograd_cc_to_cbufEPsPimm] -> 0xffff8f1ffbec
cceprint: [_ZN8cceprint23fix_winograd_cc_to_cbufEPsPi11unit_flag_thtttt13ConvReluFix_tb6Relu_tbS4_6Pool_t5Req_t10DualMode_ttt] -> 0xffff8f1ffd3c
cceprint: [_ZN8cceprint23fix_winograd_cc_to_cbufEPaPimm] -> 0xffff8f2001f4
cceprint: [_ZN8cceprint23fix_winograd_cc_to_cbufEPaPi11unit_flag_thtttt13ConvReluFix_tb6Relu_tbS4_6Pool_t5Req_t10DualMode_ttt] -> 0xffff8f200344
cceprint: [_ZN8cceprint23fix_winograd_cc_to_cbufEPhPimm] -> 0xffff8f2007fc
cceprint: [_ZN8cceprint23fix_winograd_cc_to_cbufEPhPi11unit_flag_thtttt13ConvReluFix_tb6Relu_tbS4_6Pool_t5Req_t10DualMode_ttt] -> 0xffff8f20094c
cceprint: [_ZN8cceprint23fix_winograd_cc_to_cbufEPiS0_11unit_flag_thtttt13ConvReluFix_tb6Relu_tbS3_6Pool_t5Req_t10DualMode_ttt] -> 0xffff8f200e04
cceprint: [_ZN8cceprint23fix_winograd_cc_to_ubufEPiS0_mm] -> 0xffff8f2012bc
cceprint: [_ZN8cceprint23fix_winograd_cc_to_ubufEPN7float165Fp16TEPimm] -> 0xffff8f20140c
cceprint: [_ZN8cceprint23fix_winograd_cc_to_ubufEPN7float165Fp16TEPi11unit_flag_thtttt13ConvReluFix_tb6Relu_tbS6_6Pool_t5Req_t10DualMode_ttt] -> 0xffff8f20155c
cceprint: [_ZN8cceprint23fix_winograd_cc_to_ubufEPsPimm] -> 0xffff8f201a14
cceprint: [_ZN8cceprint23fix_winograd_cc_to_ubufEPsPi11unit_flag_thtttt13ConvReluFix_tb6Relu_tbS4_6Pool_t5Req_t10DualMode_ttt] -> 0xffff8f201b64
cceprint: [_ZN8cceprint23fix_winograd_cc_to_ubufEPaPimm] -> 0xffff8f20201c
cceprint: [_ZN8cceprint23fix_winograd_cc_to_ubufEPaPi11unit_flag_thtttt13ConvReluFix_tb6Relu_tbS4_6Pool_t5Req_t10DualMode_ttt] -> 0xffff8f20216c
cceprint: [_ZN8cceprint23fix_winograd_cc_to_ubufEPhPimm] -> 0xffff8f202624
cceprint: [_ZN8cceprint23fix_winograd_cc_to_ubufEPhPi11unit_flag_thtttt13ConvReluFix_tb6Relu_tbS4_6Pool_t5Req_t10DualMode_ttt] -> 0xffff8f202774
cceprint: [_ZN8cceprint23fix_winograd_cc_to_ubufEPiS0_11unit_flag_thtttt13ConvReluFix_tb6Relu_tbS3_6Pool_t5Req_t10DualMode_ttt] -> 0xffff8f202c2c
cceprint: [_ZN8cceprint4fmaxEPhS0_m] -> 0xffff8f2030e4
cceprint: [_ZN8cceprint4fmaxEPhS0_8w_size_thhhaaaaa] -> 0xffff8f2031ec
cceprint: [_ZN8cceprint4fminEPhS0_m] -> 0xffff8f203528
cceprint: [_ZN8cceprint4fminEPhS0_8w_size_thhhaaaaa] -> 0xffff8f203630
cceprint: [_ZN8cceprint11get_acc_valEv] -> 0xffff8f20396c
cceprint: [_ZN8cceprint6get_arEv] -> 0xffff8f2039b4
cceprint: [_ZN8cceprint12get_arch_verEv] -> 0xffff8f2039fc
cceprint: [_ZN8cceprint13get_block_idxEv] -> 0xffff8f203a44
cceprint: [_ZN8cceprint13get_block_numEv] -> 0xffff8f203a5c
cceprint: [_ZN8cceprint11get_cmpmaskEPv] -> 0xffff8f203a74
cceprint: [_ZN8cceprint8get_condEv] -> 0xffff8f203af8
cceprint: [_ZN8cceprint18get_condition_flagEv] -> 0xffff8f203b40
cceprint: [_ZN8cceprint10get_coreidEv] -> 0xffff8f203b88
cceprint: [_ZN8cceprint8get_ctrlEv] -> 0xffff8f203bd0
cceprint: [_ZN8cceprint18get_data_main_baseEv] -> 0xffff8f203c18
cceprint: [_ZN8cceprint13get_data_sizeEv] -> 0xffff8f203c60
cceprint: [_ZN8cceprint16get_data_ub_baseEv] -> 0xffff8f203ca8
cceprint: [_ZN8cceprint18get_ffts_base_addrEv] -> 0xffff8f203cc0
cceprint: [_ZN8cceprint7get_fpcEv] -> 0xffff8f203d08
cceprint: [_ZN8cceprint17get_icache_prl_stEv] -> 0xffff8f203d50
cceprint: [_ZN8cceprint7get_immEm] -> 0xffff8f203d98
cceprint: [_ZN8cceprint7get_immEmm] -> 0xffff8f203dac
cceprint: [_ZN8cceprint7get_immEmmm] -> 0xffff8f203dc4
cceprint: [_ZN8cceprint7get_immEmmmm] -> 0xffff8f203de0
cceprint: [_ZN8cceprint9get_k_numEv] -> 0xffff8f203e00
cceprint: [_ZN8cceprint14get_l2_in_mainEv] -> 0xffff8f203e48
cceprint: [_ZN8cceprint17get_l2_vaddr_baseEv] -> 0xffff8f203e90
cceprint: [_ZN8cceprint9get_lpcntEv] -> 0xffff8f203ed8
cceprint: [_ZN8cceprint15get_max_min_cntEv] -> 0xffff8f203f20
cceprint: [_ZN8cceprint19get_overflow_statusEv] -> 0xffff8f203f68
cceprint: [_ZN8cceprint13get_para_baseEv] -> 0xffff8f203fb0
cceprint: [_ZN8cceprint6get_pcEv] -> 0xffff8f203ff8
cceprint: [_ZN8cceprint14get_rpn_cor_irEv] -> 0xffff8f204040
cceprint: [_ZN8cceprint12get_rsvd_cntEv] -> 0xffff8f204088
cceprint: [_ZN8cceprint19get_safety_crc_dataEv] -> 0xffff8f2040d0
cceprint: [_ZN8cceprint17get_safety_crc_enEv] -> 0xffff8f204118
cceprint: [_ZN8cceprint16get_smmu_tag_verEv] -> 0xffff8f204160
cceprint: [_ZN8cceprint17get_st_atomic_cfgEv] -> 0xffff8f2041a8
cceprint: [_ZN8cceprint18get_stack_phy_baseEv] -> 0xffff8f2041f0
cceprint: [_ZN8cceprint10get_statusEv] -> 0xffff8f204238
cceprint: [_ZN8cceprint15get_subblockdimEv] -> 0xffff8f204240
cceprint: [_ZN8cceprint14get_subblockidEv] -> 0xffff8f204288
cceprint: [_ZN8cceprint11get_sys_cntEv] -> 0xffff8f2042d0
cceprint: [_ZN8cceprint15get_sys_va_baseEv] -> 0xffff8f204318
cceprint: [_ZN8cceprint14get_thread_dimEv] -> 0xffff8f204360
cceprint: [_ZN8cceprint13get_thread_idEv] -> 0xffff8f2043a8
cceprint: [_ZN8cceprint6get_vlEv] -> 0xffff8f2043f0
cceprint: [_ZN8cceprint11get_vms4_srEv] -> 0xffff8f204438
cceprint: [_ZN8cceprint15hebcd_out_to_ubEPvS0_S0_m] -> 0xffff8f204480
cceprint: [_ZN8cceprint15hebcd_out_to_ubEPvS0_S0_hhbbhttht] -> 0xffff8f204670
cceprint: [_ZN8cceprint15hebce_l1_to_outEPvS0_S0_m] -> 0xffff8f204a54
cceprint: [_ZN8cceprint15hebce_l1_to_outEPvS0_S0_bbhhbbhttht] -> 0xffff8f204c44
cceprint: [_ZN8cceprint15hebce_ub_to_outEPvS0_S0_m] -> 0xffff8f205098
cceprint: [_ZN8cceprint15hebce_ub_to_outEPvS0_S0_bbhhbbhttht] -> 0xffff8f205288
cceprint: [_ZN8cceprint9hset_flagE6pipe_tS0_7event_t5mem_tb] -> 0xffff8f2056dc
cceprint: [_ZN8cceprint9hset_flagE6pipe_tS0_m5mem_tb] -> 0xffff8f205890
cceprint: [_ZN8cceprint10hwait_flagE6pipe_tS0_7event_t5mem_tb] -> 0xffff8f205a44
cceprint: [_ZN8cceprint10hwait_flagE6pipe_tS0_m5mem_tb] -> 0xffff8f205bf8
cceprint: [_ZN8cceprint18img2col_cbuf_to_caEPN7float165Fp16TES2_mm7csize_t] -> 0xffff8f205dac
cceprint: [_ZN8cceprint18img2col_cbuf_to_caEPN7float165Fp16TES2_hhssthhhhhhhhh7csize_t] -> 0xffff8f205f44
cceprint: [_ZN8cceprint18img2col_cbuf_to_caEPaS0_mm7csize_t] -> 0xffff8f2063f4
cceprint: [_ZN8cceprint18img2col_cbuf_to_caEPaS0_hhssthhhhhhhhh7csize_t] -> 0xffff8f20658c
cceprint: [_ZN8cceprint18img2col_cbuf_to_caEPhS0_mm7csize_t] -> 0xffff8f206a3c
cceprint: [_ZN8cceprint18img2col_cbuf_to_caEPhS0_hhssthhhhhhhhh7csize_t] -> 0xffff8f206bd4
cceprint: [_ZN8cceprint18img2col_cbuf_to_cbEPN7float165Fp16TES2_mm7csize_t] -> 0xffff8f207084
cceprint: [_ZN8cceprint18img2col_cbuf_to_cbEPN7float165Fp16TES2_hhssthhhhhhhhh7csize_t] -> 0xffff8f20721c
cceprint: [_ZN8cceprint18img2col_cbuf_to_cbEPaS0_mm7csize_t] -> 0xffff8f2076cc
cceprint: [_ZN8cceprint18img2col_cbuf_to_cbEPaS0_hhssthhhhhhhhh7csize_t] -> 0xffff8f207864
cceprint: [_ZN8cceprint18img2col_cbuf_to_cbEPhS0_mm7csize_t] -> 0xffff8f207d14
cceprint: [_ZN8cceprint18img2col_cbuf_to_cbEPhS0_hhssthhhhhhhhh7csize_t] -> 0xffff8f207eac
cceprint: [_ZN8cceprint18img2col_cbuf_to_ubEPN7float165Fp16TES2_mm7csize_t] -> 0xffff8f20835c
cceprint: [_ZN8cceprint18img2col_cbuf_to_ubEPN7float165Fp16TES2_hhssthhhhhhhhh7csize_t] -> 0xffff8f2084f4
cceprint: [_ZN8cceprint18img2col_cbuf_to_ubEPaS0_mm7csize_t] -> 0xffff8f2089a4
cceprint: [_ZN8cceprint18img2col_cbuf_to_ubEPaS0_hhssthhhhhhhhh7csize_t] -> 0xffff8f208b3c
cceprint: [_ZN8cceprint18img2col_cbuf_to_ubEPhS0_mm7csize_t] -> 0xffff8f208fec
cceprint: [_ZN8cceprint18img2col_cbuf_to_ubEPhS0_hhssthhhhhhhhh7csize_t] -> 0xffff8f209184
cceprint: [_ZN8cceprint20img2colv2_cbuf_to_caEPN7float165Fp16TES2_mm] -> 0xffff8f209634
cceprint: [_ZN8cceprint20img2colv2_cbuf_to_caEPN7float165Fp16TES2_mm4bm_t] -> 0xffff8f209784
cceprint: [_ZN8cceprint20img2colv2_cbuf_to_caEPN7float165Fp16TES2_tttthhhhhhbt] -> 0xffff8f20991c
cceprint: [_ZN8cceprint20img2colv2_cbuf_to_caEPN7float165Fp16TES2_tttthhhhhhbt4bm_t] -> 0xffff8f209cdc
cceprint: [_ZN8cceprint20img2colv2_cbuf_to_caEPN7float165Fp16TES2_tttthhhhhhbbbbt] -> 0xffff8f20a0e0
cceprint: [_ZN8cceprint20img2colv2_cbuf_to_caEPN8bfloat165Bf16TES2_mm] -> 0xffff8f20a548
cceprint: [_ZN8cceprint20img2colv2_cbuf_to_caEPN8bfloat165Bf16TES2_mm4bm_t] -> 0xffff8f20a698
cceprint: [_ZN8cceprint20img2colv2_cbuf_to_caEPN8bfloat165Bf16TES2_tttthhhhhhbt] -> 0xffff8f20a830
cceprint: [_ZN8cceprint20img2colv2_cbuf_to_caEPN8bfloat165Bf16TES2_tttthhhhhhbt4bm_t] -> 0xffff8f20abf0
cceprint: [_ZN8cceprint20img2colv2_cbuf_to_caEPN8bfloat165Bf16TES2_tttthhhhhhbbbbt] -> 0xffff8f20aff4
cceprint: [_ZN8cceprint20img2colv2_cbuf_to_caEPfS0_mm] -> 0xffff8f20b45c
cceprint: [_ZN8cceprint20img2colv2_cbuf_to_caEPfS0_mm4bm_t] -> 0xffff8f20b5ac
cceprint: [_ZN8cceprint20img2colv2_cbuf_to_caEPfS0_tttthhhhhhbt] -> 0xffff8f20b744
cceprint: [_ZN8cceprint20img2colv2_cbuf_to_caEPfS0_tttthhhhhhbt4bm_t] -> 0xffff8f20bb04
cceprint: [_ZN8cceprint20img2colv2_cbuf_to_caEPfS0_tttthhhhhhbbbbt] -> 0xffff8f20bf08
cceprint: [_ZN8cceprint20img2colv2_cbuf_to_caEPiS0_mm] -> 0xffff8f20c370
cceprint: [_ZN8cceprint20img2colv2_cbuf_to_caEPiS0_mm4bm_t] -> 0xffff8f20c4c0
cceprint: [_ZN8cceprint20img2colv2_cbuf_to_caEPiS0_tttthhhhhhbt] -> 0xffff8f20c658
cceprint: [_ZN8cceprint20img2colv2_cbuf_to_caEPiS0_tttthhhhhhbt4bm_t] -> 0xffff8f20ca18
cceprint: [_ZN8cceprint20img2colv2_cbuf_to_caEPiS0_tttthhhhhhbbbbt] -> 0xffff8f20ce1c
cceprint: [_ZN8cceprint20img2colv2_cbuf_to_caEPaS0_mm] -> 0xffff8f20d284
cceprint: [_ZN8cceprint20img2colv2_cbuf_to_caEPaS0_mm4bm_t] -> 0xffff8f20d3d4
cceprint: [_ZN8cceprint20img2colv2_cbuf_to_caEPaS0_tttthhhhhhbt] -> 0xffff8f20d56c
cceprint: [_ZN8cceprint20img2colv2_cbuf_to_caEPaS0_tttthhhhhhbt4bm_t] -> 0xffff8f20d92c
cceprint: [_ZN8cceprint20img2colv2_cbuf_to_caEPaS0_tttthhhhhhbbbbt] -> 0xffff8f20dd30
cceprint: [_ZN8cceprint20img2colv2_cbuf_to_caEPjS0_mm] -> 0xffff8f20e198
cceprint: [_ZN8cceprint20img2colv2_cbuf_to_caEPjS0_mm4bm_t] -> 0xffff8f20e2e8
cceprint: [_ZN8cceprint20img2colv2_cbuf_to_caEPjS0_tttthhhhhhbt] -> 0xffff8f20e480
cceprint: [_ZN8cceprint20img2colv2_cbuf_to_caEPjS0_tttthhhhhhbt4bm_t] -> 0xffff8f20e840
cceprint: [_ZN8cceprint20img2colv2_cbuf_to_caEPjS0_tttthhhhhhbbbbt] -> 0xffff8f20ec44
cceprint: [_ZN8cceprint20img2colv2_cbuf_to_caEPhS0_mm] -> 0xffff8f20f0ac
cceprint: [_ZN8cceprint20img2colv2_cbuf_to_caEPhS0_mm4bm_t] -> 0xffff8f20f1fc
cceprint: [_ZN8cceprint20img2colv2_cbuf_to_caEPhS0_tttthhhhhhbt] -> 0xffff8f20f394
cceprint: [_ZN8cceprint20img2colv2_cbuf_to_caEPhS0_tttthhhhhhbt4bm_t] -> 0xffff8f20f754
cceprint: [_ZN8cceprint20img2colv2_cbuf_to_caEPhS0_tttthhhhhhbbbbt] -> 0xffff8f20fb58
cceprint: [_ZN8cceprint23img2colv2_cbuf_to_ca_s4EPvS0_mm] -> 0xffff8f20ffc0
cceprint: [_ZN8cceprint23img2colv2_cbuf_to_ca_s4EPvS0_mm4bm_t] -> 0xffff8f210110
cceprint: [_ZN8cceprint23img2colv2_cbuf_to_ca_s4EPvS0_tttthhhhhhbt] -> 0xffff8f2102a8
cceprint: [_ZN8cceprint23img2colv2_cbuf_to_ca_s4EPvS0_tttthhhhhhbt4bm_t] -> 0xffff8f210668
cceprint: [_ZN8cceprint23img2colv2_cbuf_to_ca_s4EPvS0_tttthhhhhhbbbbt] -> 0xffff8f210a6c
cceprint: [_ZN8cceprint20img2colv2_cbuf_to_cbEPN7float165Fp16TES2_mm] -> 0xffff8f210ed4
cceprint: [_ZN8cceprint20img2colv2_cbuf_to_cbEPN7float165Fp16TES2_mm4bm_t] -> 0xffff8f211024
cceprint: [_ZN8cceprint20img2colv2_cbuf_to_cbEPN7float165Fp16TES2_tttthhhhhhbt] -> 0xffff8f2111bc
cceprint: [_ZN8cceprint20img2colv2_cbuf_to_cbEPN7float165Fp16TES2_tttthhhhhhbt4bm_t] -> 0xffff8f21157c
cceprint: [_ZN8cceprint20img2colv2_cbuf_to_cbEPN7float165Fp16TES2_tttthhhhhhbbbbt] -> 0xffff8f211980
cceprint: [_ZN8cceprint20img2colv2_cbuf_to_cbEPN8bfloat165Bf16TES2_mm] -> 0xffff8f211de8
cceprint: [_ZN8cceprint20img2colv2_cbuf_to_cbEPN8bfloat165Bf16TES2_mm4bm_t] -> 0xffff8f211f38
cceprint: [_ZN8cceprint20img2colv2_cbuf_to_cbEPN8bfloat165Bf16TES2_tttthhhhhhbt] -> 0xffff8f2120d0
cceprint: [_ZN8cceprint20img2colv2_cbuf_to_cbEPN8bfloat165Bf16TES2_tttthhhhhhbt4bm_t] -> 0xffff8f212490
cceprint: [_ZN8cceprint20img2colv2_cbuf_to_cbEPN8bfloat165Bf16TES2_tttthhhhhhbbbbt] -> 0xffff8f212894
cceprint: [_ZN8cceprint20img2colv2_cbuf_to_cbEPfS0_mm] -> 0xffff8f212cfc
cceprint: [_ZN8cceprint20img2colv2_cbuf_to_cbEPfS0_mm4bm_t] -> 0xffff8f212e4c
cceprint: [_ZN8cceprint20img2colv2_cbuf_to_cbEPfS0_tttthhhhhhbt] -> 0xffff8f212fe4
cceprint: [_ZN8cceprint20img2colv2_cbuf_to_cbEPfS0_tttthhhhhhbt4bm_t] -> 0xffff8f2133a4
cceprint: [_ZN8cceprint20img2colv2_cbuf_to_cbEPfS0_tttthhhhhhbbbbt] -> 0xffff8f2137a8
cceprint: [_ZN8cceprint20img2colv2_cbuf_to_cbEPiS0_mm] -> 0xffff8f213c10
cceprint: [_ZN8cceprint20img2colv2_cbuf_to_cbEPiS0_mm4bm_t] -> 0xffff8f213d60
cceprint: [_ZN8cceprint20img2colv2_cbuf_to_cbEPiS0_tttthhhhhhbt] -> 0xffff8f213ef8
cceprint: [_ZN8cceprint20img2colv2_cbuf_to_cbEPiS0_tttthhhhhhbt4bm_t] -> 0xffff8f2142b8
cceprint: [_ZN8cceprint20img2colv2_cbuf_to_cbEPiS0_tttthhhhhhbbbbt] -> 0xffff8f2146bc
cceprint: [_ZN8cceprint20img2colv2_cbuf_to_cbEPaS0_mm] -> 0xffff8f214b24
cceprint: [_ZN8cceprint20img2colv2_cbuf_to_cbEPaS0_mm4bm_t] -> 0xffff8f214c74
cceprint: [_ZN8cceprint20img2colv2_cbuf_to_cbEPaS0_tttthhhhhhbt] -> 0xffff8f214e0c
cceprint: [_ZN8cceprint20img2colv2_cbuf_to_cbEPaS0_tttthhhhhhbt4bm_t] -> 0xffff8f2151cc
cceprint: [_ZN8cceprint20img2colv2_cbuf_to_cbEPaS0_tttthhhhhhbbbbt] -> 0xffff8f2155d0
cceprint: [_ZN8cceprint20img2colv2_cbuf_to_cbEPjS0_mm] -> 0xffff8f215a38
cceprint: [_ZN8cceprint20img2colv2_cbuf_to_cbEPjS0_mm4bm_t] -> 0xffff8f215b88
cceprint: [_ZN8cceprint20img2colv2_cbuf_to_cbEPjS0_tttthhhhhhbt] -> 0xffff8f215d20
cceprint: [_ZN8cceprint20img2colv2_cbuf_to_cbEPjS0_tttthhhhhhbt4bm_t] -> 0xffff8f2160e0
cceprint: [_ZN8cceprint20img2colv2_cbuf_to_cbEPjS0_tttthhhhhhbbbbt] -> 0xffff8f2164e4
cceprint: [_ZN8cceprint20img2colv2_cbuf_to_cbEPhS0_mm] -> 0xffff8f21694c
cceprint: [_ZN8cceprint20img2colv2_cbuf_to_cbEPhS0_mm4bm_t] -> 0xffff8f216a9c
cceprint: [_ZN8cceprint20img2colv2_cbuf_to_cbEPhS0_tttthhhhhhbt] -> 0xffff8f216c34
cceprint: [_ZN8cceprint20img2colv2_cbuf_to_cbEPhS0_tttthhhhhhbt4bm_t] -> 0xffff8f216ff4
cceprint: [_ZN8cceprint20img2colv2_cbuf_to_cbEPhS0_tttthhhhhhbbbbt] -> 0xffff8f2173f8
cceprint: [_ZN8cceprint23img2colv2_cbuf_to_cb_s4EPvS0_mm] -> 0xffff8f217860
cceprint: [_ZN8cceprint23img2colv2_cbuf_to_cb_s4EPvS0_mm4bm_t] -> 0xffff8f2179b0
cceprint: [_ZN8cceprint23img2colv2_cbuf_to_cb_s4EPvS0_tttthhhhhhbt] -> 0xffff8f217b48
cceprint: [_ZN8cceprint23img2colv2_cbuf_to_cb_s4EPvS0_tttthhhhhhbt4bm_t] -> 0xffff8f217f08
cceprint: [_ZN8cceprint23img2colv2_cbuf_to_cb_s4EPvS0_tttthhhhhhbbbbt] -> 0xffff8f21830c
cceprint: [_ZN8cceprint20img2colv2_cbuf_to_ubEPN7float165Fp16TES2_mm] -> 0xffff8f218774
cceprint: [_ZN8cceprint20img2colv2_cbuf_to_ubEPN7float165Fp16TES2_mm4bm_t] -> 0xffff8f2188c4
cceprint: [_ZN8cceprint20img2colv2_cbuf_to_ubEPN7float165Fp16TES2_tttthhhhhhbt] -> 0xffff8f218a5c
cceprint: [_ZN8cceprint20img2colv2_cbuf_to_ubEPN7float165Fp16TES2_tttthhhhhhbt4bm_t] -> 0xffff8f218e1c
cceprint: [_ZN8cceprint20img2colv2_cbuf_to_ubEPN7float165Fp16TES2_tttthhhhhhbbbbt] -> 0xffff8f219220
cceprint: [_ZN8cceprint20img2colv2_cbuf_to_ubEPfS0_mm] -> 0xffff8f219688
cceprint: [_ZN8cceprint20img2colv2_cbuf_to_ubEPfS0_mm4bm_t] -> 0xffff8f2197d8
cceprint: [_ZN8cceprint20img2colv2_cbuf_to_ubEPfS0_tttthhhhhhbt] -> 0xffff8f219970
cceprint: [_ZN8cceprint20img2colv2_cbuf_to_ubEPfS0_tttthhhhhhbt4bm_t] -> 0xffff8f219d30
cceprint: [_ZN8cceprint20img2colv2_cbuf_to_ubEPfS0_tttthhhhhhbbbbt] -> 0xffff8f21a134
cceprint: [_ZN8cceprint20img2colv2_cbuf_to_ubEPiS0_mm] -> 0xffff8f21a59c
cceprint: [_ZN8cceprint20img2colv2_cbuf_to_ubEPiS0_mm4bm_t] -> 0xffff8f21a6ec
cceprint: [_ZN8cceprint20img2colv2_cbuf_to_ubEPiS0_tttthhhhhhbt] -> 0xffff8f21a884
cceprint: [_ZN8cceprint20img2colv2_cbuf_to_ubEPiS0_tttthhhhhhbt4bm_t] -> 0xffff8f21ac44
cceprint: [_ZN8cceprint20img2colv2_cbuf_to_ubEPiS0_tttthhhhhhbbbbt] -> 0xffff8f21b048
cceprint: [_ZN8cceprint20img2colv2_cbuf_to_ubEPaS0_mm] -> 0xffff8f21b4b0
cceprint: [_ZN8cceprint20img2colv2_cbuf_to_ubEPaS0_mm4bm_t] -> 0xffff8f21b600
cceprint: [_ZN8cceprint20img2colv2_cbuf_to_ubEPaS0_tttthhhhhhbt] -> 0xffff8f21b798
cceprint: [_ZN8cceprint20img2colv2_cbuf_to_ubEPaS0_tttthhhhhhbt4bm_t] -> 0xffff8f21bb58
cceprint: [_ZN8cceprint20img2colv2_cbuf_to_ubEPaS0_tttthhhhhhbbbbt] -> 0xffff8f21bf5c
cceprint: [_ZN8cceprint20img2colv2_cbuf_to_ubEPjS0_mm] -> 0xffff8f21c3c4
cceprint: [_ZN8cceprint20img2colv2_cbuf_to_ubEPjS0_mm4bm_t] -> 0xffff8f21c514
cceprint: [_ZN8cceprint20img2colv2_cbuf_to_ubEPjS0_tttthhhhhhbt] -> 0xffff8f21c6ac
cceprint: [_ZN8cceprint20img2colv2_cbuf_to_ubEPjS0_tttthhhhhhbt4bm_t] -> 0xffff8f21ca6c
cceprint: [_ZN8cceprint20img2colv2_cbuf_to_ubEPjS0_tttthhhhhhbbbbt] -> 0xffff8f21ce70
cceprint: [_ZN8cceprint20img2colv2_cbuf_to_ubEPhS0_mm] -> 0xffff8f21d2d8
cceprint: [_ZN8cceprint20img2colv2_cbuf_to_ubEPhS0_mm4bm_t] -> 0xffff8f21d428
cceprint: [_ZN8cceprint20img2colv2_cbuf_to_ubEPhS0_tttthhhhhhbt] -> 0xffff8f21d5c0
cceprint: [_ZN8cceprint20img2colv2_cbuf_to_ubEPhS0_tttthhhhhhbt4bm_t] -> 0xffff8f21d980
cceprint: [_ZN8cceprint20img2colv2_cbuf_to_ubEPhS0_tttthhhhhhbbbbt] -> 0xffff8f21dd84
cceprint: [_ZN8cceprint23img2colv2_cbuf_to_ub_s4EPvS0_mm] -> 0xffff8f21e1ec
cceprint: [_ZN8cceprint23img2colv2_cbuf_to_ub_s4EPvS0_mm4bm_t] -> 0xffff8f21e33c
cceprint: [_ZN8cceprint23img2colv2_cbuf_to_ub_s4EPvS0_tttthhhhhhbt] -> 0xffff8f21e4d4
cceprint: [_ZN8cceprint23img2colv2_cbuf_to_ub_s4EPvS0_tttthhhhhhbt4bm_t] -> 0xffff8f21e894
cceprint: [_ZN8cceprint23img2colv2_cbuf_to_ub_s4EPvS0_tttthhhhhhbbbbt] -> 0xffff8f21ec98
cceprint: [_ZN8cceprint10insert_immEmhhb] -> 0xffff8f21f100
cceprint: [_ZN8cceprint10insert_regEmmhh] -> 0xffff8f21f158
cceprint: [_ZN8cceprint6ld_devEPts] -> 0xffff8f21f1b0
cceprint: [_ZN8cceprint6ld_devEPjs] -> 0xffff8f21f200
cceprint: [_ZN8cceprint6ld_devEPms] -> 0xffff8f21f250
cceprint: [_ZN8cceprint6ld_devEPhs] -> 0xffff8f21f2a0
cceprint: [_ZN8cceprint4ldvaE10ub_addr8_tmb] -> 0xffff8f21f2f0
cceprint: [_ZN8cceprint15load_cbuf_to_caEPN8bfloat165Bf16TES2_mb] -> 0xffff8f21f404
cceprint: [_ZN8cceprint15load_cbuf_to_caEPN8bfloat165Bf16TES2_mb15addr_cal_mode_t] -> 0xffff8f21f548
cceprint: [_ZN8cceprint15load_cbuf_to_caEPN8bfloat165Bf16TES2_thtthb15addr_cal_mode_t] -> 0xffff8f21f6d4
cceprint: [_ZN8cceprint15load_cbuf_to_caEPN8bfloat165Bf16TES2_thtthbb15addr_cal_mode_t] -> 0xffff8f21f958
cceprint: [_ZN8cceprint15load_cbuf_to_caEPN8bfloat165Bf16TES2_ththb] -> 0xffff8f21fc14
cceprint: [_ZN8cceprint15load_cbuf_to_caEPN8bfloat165Bf16TES2_thttb15addr_cal_mode_t] -> 0xffff8f21fe18
cceprint: [_ZN8cceprint15load_cbuf_to_caEPN8bfloat165Bf16TES2_mmb] -> 0xffff8f220058
cceprint: [_ZN8cceprint15load_cbuf_to_caEPN8bfloat165Bf16TES2_tthhttb] -> 0xffff8f2201e4
cceprint: [_ZN8cceprint15load_cbuf_to_caEPN7float165Fp16TES2_mb] -> 0xffff8f22045c
cceprint: [_ZN8cceprint15load_cbuf_to_caEPN7float165Fp16TES2_mb15addr_cal_mode_t] -> 0xffff8f2205a0
cceprint: [_ZN8cceprint15load_cbuf_to_caEPN7float165Fp16TES2_thtthb15addr_cal_mode_t] -> 0xffff8f22072c
cceprint: [_ZN8cceprint15load_cbuf_to_caEPN7float165Fp16TES2_thtthbb15addr_cal_mode_t] -> 0xffff8f2209b0
cceprint: [_ZN8cceprint15load_cbuf_to_caEPN7float165Fp16TES2_ththb] -> 0xffff8f220c6c
cceprint: [_ZN8cceprint15load_cbuf_to_caEPN7float165Fp16TES2_thttb15addr_cal_mode_t] -> 0xffff8f220e70
cceprint: [_ZN8cceprint15load_cbuf_to_caEPfS0_mb15addr_cal_mode_t] -> 0xffff8f2210b0
cceprint: [_ZN8cceprint15load_cbuf_to_caEPfS0_thtthb15addr_cal_mode_t] -> 0xffff8f22123c
cceprint: [_ZN8cceprint15load_cbuf_to_caEPfS0_thtthbb15addr_cal_mode_t] -> 0xffff8f2214c0
cceprint: [_ZN8cceprint15load_cbuf_to_caEPfS0_thttb15addr_cal_mode_t] -> 0xffff8f22177c
cceprint: [_ZN8cceprint15load_cbuf_to_caEPiS0_mb15addr_cal_mode_t] -> 0xffff8f2219bc
cceprint: [_ZN8cceprint15load_cbuf_to_caEPiS0_thtthb15addr_cal_mode_t] -> 0xffff8f221b48
cceprint: [_ZN8cceprint15load_cbuf_to_caEPiS0_thtthbb15addr_cal_mode_t] -> 0xffff8f221dcc
cceprint: [_ZN8cceprint15load_cbuf_to_caEPiS0_thttb15addr_cal_mode_t] -> 0xffff8f222088
cceprint: [_ZN8cceprint15load_cbuf_to_caEPaS0_mb] -> 0xffff8f2222c8
cceprint: [_ZN8cceprint15load_cbuf_to_caEPaS0_mb15addr_cal_mode_t] -> 0xffff8f22240c
cceprint: [_ZN8cceprint15load_cbuf_to_caEPaS0_thtthb15addr_cal_mode_t] -> 0xffff8f222598
cceprint: [_ZN8cceprint15load_cbuf_to_caEPaS0_thtthbb15addr_cal_mode_t] -> 0xffff8f22281c
cceprint: [_ZN8cceprint15load_cbuf_to_caEPaS0_ththb] -> 0xffff8f222ad8
cceprint: [_ZN8cceprint15load_cbuf_to_caEPaS0_thttb15addr_cal_mode_t] -> 0xffff8f222cdc
cceprint: [_ZN8cceprint15load_cbuf_to_caEPjS0_mb15addr_cal_mode_t] -> 0xffff8f222f1c
cceprint: [_ZN8cceprint15load_cbuf_to_caEPjS0_thtthb15addr_cal_mode_t] -> 0xffff8f2230a8
cceprint: [_ZN8cceprint15load_cbuf_to_caEPjS0_thtthbb15addr_cal_mode_t] -> 0xffff8f22332c
cceprint: [_ZN8cceprint15load_cbuf_to_caEPjS0_thttb15addr_cal_mode_t] -> 0xffff8f2235e8
cceprint: [_ZN8cceprint15load_cbuf_to_caEPhS0_mb] -> 0xffff8f223828
cceprint: [_ZN8cceprint15load_cbuf_to_caEPhS0_mb15addr_cal_mode_t] -> 0xffff8f22396c
cceprint: [_ZN8cceprint15load_cbuf_to_caEPhS0_thtthb15addr_cal_mode_t] -> 0xffff8f223af8
cceprint: [_ZN8cceprint15load_cbuf_to_caEPhS0_thtthbb15addr_cal_mode_t] -> 0xffff8f223d7c
cceprint: [_ZN8cceprint15load_cbuf_to_caEPhS0_ththb] -> 0xffff8f224038
cceprint: [_ZN8cceprint15load_cbuf_to_caEPhS0_thttb15addr_cal_mode_t] -> 0xffff8f22423c
cceprint: [_ZN8cceprint15load_cbuf_to_caEPN7float165Fp16TES2_ththb15addr_cal_mode_t] -> 0xffff8f22447c
cceprint: [_ZN8cceprint15load_cbuf_to_caEPaS0_ththb15addr_cal_mode_t] -> 0xffff8f2246c8
cceprint: [_ZN8cceprint15load_cbuf_to_caEPhS0_ththb15addr_cal_mode_t] -> 0xffff8f224914
cceprint: [_ZN8cceprint18load_cbuf_to_ca_s4EPvS0_mb15addr_cal_mode_t] -> 0xffff8f224b60
cceprint: [_ZN8cceprint18load_cbuf_to_ca_s4EPvS0_thtthb15addr_cal_mode_t] -> 0xffff8f224cec
cceprint: [_ZN8cceprint18load_cbuf_to_ca_s4EPvS0_thtthbb15addr_cal_mode_t] -> 0xffff8f224f70
cceprint: [_ZN8cceprint25load_cbuf_to_ca_transposeEPN7float165Fp16TES2_mm] -> 0xffff8f22522c
cceprint: [_ZN8cceprint25load_cbuf_to_ca_transposeEPN7float165Fp16TES2_thttbt] -> 0xffff8f22537c
cceprint: [_ZN8cceprint25load_cbuf_to_ca_transposeEPfS0_mm] -> 0xffff8f2255b0
cceprint: [_ZN8cceprint25load_cbuf_to_ca_transposeEPfS0_thttbt] -> 0xffff8f225700
cceprint: [_ZN8cceprint25load_cbuf_to_ca_transposeEPiS0_mm] -> 0xffff8f225934
cceprint: [_ZN8cceprint25load_cbuf_to_ca_transposeEPiS0_thttbt] -> 0xffff8f225a84
cceprint: [_ZN8cceprint25load_cbuf_to_ca_transposeEPaS0_mm] -> 0xffff8f225cb8
cceprint: [_ZN8cceprint25load_cbuf_to_ca_transposeEPaS0_thttbt] -> 0xffff8f225e08
cceprint: [_ZN8cceprint25load_cbuf_to_ca_transposeEPjS0_mm] -> 0xffff8f22603c
cceprint: [_ZN8cceprint25load_cbuf_to_ca_transposeEPjS0_thttbt] -> 0xffff8f22618c
cceprint: [_ZN8cceprint25load_cbuf_to_ca_transposeEPhS0_mm] -> 0xffff8f2263c0
cceprint: [_ZN8cceprint25load_cbuf_to_ca_transposeEPhS0_thttbt] -> 0xffff8f226510
cceprint: [_ZN8cceprint24load_cbuf_to_ca_winogradEPN7float165Fp16TES2_mm] -> 0xffff8f226744
cceprint: [_ZN8cceprint24load_cbuf_to_ca_winogradEPN7float165Fp16TES2_ttthhhhtttt] -> 0xffff8f226894
cceprint: [_ZN8cceprint24load_cbuf_to_ca_winogradEPaS0_mm] -> 0xffff8f226c04
cceprint: [_ZN8cceprint24load_cbuf_to_ca_winogradEPaS0_ttthhhhtttt] -> 0xffff8f226d54
cceprint: [_ZN8cceprint24load_cbuf_to_ca_winogradEPhS0_mm] -> 0xffff8f2270c4
cceprint: [_ZN8cceprint24load_cbuf_to_ca_winogradEPhS0_ttthhhhtttt] -> 0xffff8f227214
cceprint: [_ZN8cceprint27load_cbuf_to_ca_winograd_v2EPsS0_mm] -> 0xffff8f227584
cceprint: [_ZN8cceprint27load_cbuf_to_ca_winograd_v2EPsS0_ttthhtttt] -> 0xffff8f2276d4
cceprint: [_ZN8cceprint27load_cbuf_to_ca_winograd_v2EPsS0_ttthhttttb] -> 0xffff8f2279bc
cceprint: [_ZN8cceprint27load_cbuf_to_ca_winograd_v2EPaS0_mm] -> 0xffff8f227cdc
cceprint: [_ZN8cceprint27load_cbuf_to_ca_winograd_v2EPaS0_ttthhtttt] -> 0xffff8f227e2c
cceprint: [_ZN8cceprint27load_cbuf_to_ca_winograd_v2EPaS0_ttthhttttb] -> 0xffff8f228114
cceprint: [_ZN8cceprint27load_cbuf_to_ca_winograd_v2EPhS0_mm] -> 0xffff8f228434
cceprint: [_ZN8cceprint27load_cbuf_to_ca_winograd_v2EPhS0_ttthhttttb] -> 0xffff8f228584
cceprint: [_ZN8cceprint15load_cbuf_to_cbEPN8bfloat165Bf16TES2_mb] -> 0xffff8f2288a4
cceprint: [_ZN8cceprint15load_cbuf_to_cbEPN8bfloat165Bf16TES2_mb15addr_cal_mode_t] -> 0xffff8f2289e8
cceprint: [_ZN8cceprint15load_cbuf_to_cbEPN8bfloat165Bf16TES2_thtthb15addr_cal_mode_t] -> 0xffff8f228b74
cceprint: [_ZN8cceprint15load_cbuf_to_cbEPN8bfloat165Bf16TES2_thtthbb15addr_cal_mode_t] -> 0xffff8f228df8
cceprint: [_ZN8cceprint15load_cbuf_to_cbEPN8bfloat165Bf16TES2_ththb] -> 0xffff8f2290b4
cceprint: [_ZN8cceprint15load_cbuf_to_cbEPN8bfloat165Bf16TES2_thttb15addr_cal_mode_t] -> 0xffff8f2292b8
cceprint: [_ZN8cceprint15load_cbuf_to_cbEPN8bfloat165Bf16TES2_mmb] -> 0xffff8f2294f8
cceprint: [_ZN8cceprint15load_cbuf_to_cbEPN8bfloat165Bf16TES2_tthhttb] -> 0xffff8f229684
cceprint: [_ZN8cceprint15load_cbuf_to_cbEPN7float165Fp16TES2_mb] -> 0xffff8f2298fc
cceprint: [_ZN8cceprint15load_cbuf_to_cbEPN7float165Fp16TES2_mb15addr_cal_mode_t] -> 0xffff8f229a40
cceprint: [_ZN8cceprint15load_cbuf_to_cbEPN7float165Fp16TES2_thtthb15addr_cal_mode_t] -> 0xffff8f229bcc
cceprint: [_ZN8cceprint15load_cbuf_to_cbEPN7float165Fp16TES2_thtthbb15addr_cal_mode_t] -> 0xffff8f229e50
cceprint: [_ZN8cceprint15load_cbuf_to_cbEPN7float165Fp16TES2_ththb] -> 0xffff8f22a10c
cceprint: [_ZN8cceprint15load_cbuf_to_cbEPN7float165Fp16TES2_thttb15addr_cal_mode_t] -> 0xffff8f22a310
cceprint: [_ZN8cceprint15load_cbuf_to_cbEPfS0_mb15addr_cal_mode_t] -> 0xffff8f22a550
cceprint: [_ZN8cceprint15load_cbuf_to_cbEPfS0_thtthb15addr_cal_mode_t] -> 0xffff8f22a6dc
cceprint: [_ZN8cceprint15load_cbuf_to_cbEPfS0_thtthbb15addr_cal_mode_t] -> 0xffff8f22a960
cceprint: [_ZN8cceprint15load_cbuf_to_cbEPfS0_thttb15addr_cal_mode_t] -> 0xffff8f22ac1c
cceprint: [_ZN8cceprint15load_cbuf_to_cbEPiS0_mb15addr_cal_mode_t] -> 0xffff8f22ae5c
cceprint: [_ZN8cceprint15load_cbuf_to_cbEPiS0_thtthb15addr_cal_mode_t] -> 0xffff8f22afe8
cceprint: [_ZN8cceprint15load_cbuf_to_cbEPiS0_thtthbb15addr_cal_mode_t] -> 0xffff8f22b26c
cceprint: [_ZN8cceprint15load_cbuf_to_cbEPiS0_thttb15addr_cal_mode_t] -> 0xffff8f22b528
cceprint: [_ZN8cceprint15load_cbuf_to_cbEPaS0_mb] -> 0xffff8f22b768
cceprint: [_ZN8cceprint15load_cbuf_to_cbEPaS0_mb15addr_cal_mode_t] -> 0xffff8f22b8ac
cceprint: [_ZN8cceprint15load_cbuf_to_cbEPaS0_thtthb15addr_cal_mode_t] -> 0xffff8f22ba38
cceprint: [_ZN8cceprint15load_cbuf_to_cbEPaS0_thtthbb15addr_cal_mode_t] -> 0xffff8f22bcbc
cceprint: [_ZN8cceprint15load_cbuf_to_cbEPaS0_ththb] -> 0xffff8f22bf78
cceprint: [_ZN8cceprint15load_cbuf_to_cbEPaS0_thttb15addr_cal_mode_t] -> 0xffff8f22c17c
cceprint: [_ZN8cceprint15load_cbuf_to_cbEPjS0_mb15addr_cal_mode_t] -> 0xffff8f22c3bc
cceprint: [_ZN8cceprint15load_cbuf_to_cbEPjS0_thtthb15addr_cal_mode_t] -> 0xffff8f22c548
cceprint: [_ZN8cceprint15load_cbuf_to_cbEPjS0_thtthbb15addr_cal_mode_t] -> 0xffff8f22c7cc
cceprint: [_ZN8cceprint15load_cbuf_to_cbEPjS0_thttb15addr_cal_mode_t] -> 0xffff8f22ca88
cceprint: [_ZN8cceprint15load_cbuf_to_cbEPhS0_mb] -> 0xffff8f22ccc8
cceprint: [_ZN8cceprint15load_cbuf_to_cbEPhS0_mb15addr_cal_mode_t] -> 0xffff8f22ce0c
cceprint: [_ZN8cceprint15load_cbuf_to_cbEPhS0_thtthb15addr_cal_mode_t] -> 0xffff8f22cf98
cceprint: [_ZN8cceprint15load_cbuf_to_cbEPhS0_thtthbb15addr_cal_mode_t] -> 0xffff8f22d21c
cceprint: [_ZN8cceprint15load_cbuf_to_cbEPhS0_ththb] -> 0xffff8f22d4d8
cceprint: [_ZN8cceprint15load_cbuf_to_cbEPhS0_thttb15addr_cal_mode_t] -> 0xffff8f22d6dc
cceprint: [_ZN8cceprint15load_cbuf_to_cbEPN7float165Fp16TES2_ththb15addr_cal_mode_t] -> 0xffff8f22d91c
cceprint: [_ZN8cceprint15load_cbuf_to_cbEPaS0_ththb15addr_cal_mode_t] -> 0xffff8f22db68
cceprint: [_ZN8cceprint15load_cbuf_to_cbEPhS0_ththb15addr_cal_mode_t] -> 0xffff8f22ddb4
cceprint: [_ZN8cceprint18load_cbuf_to_cb_b2EPvS0_m] -> 0xffff8f22e000
cceprint: [_ZN8cceprint18load_cbuf_to_cb_b2EPN7float165Fp16TES2_m] -> 0xffff8f22e108
cceprint: [_ZN8cceprint18load_cbuf_to_cb_b2EPN7float165Fp16TES2_hh] -> 0xffff8f22e210
cceprint: [_ZN8cceprint18load_cbuf_to_cb_b2EPN7float165Fp16TES2_h] -> 0xffff8f22e360
cceprint: [_ZN8cceprint18load_cbuf_to_cb_b2EPaS0_m] -> 0xffff8f22e468
cceprint: [_ZN8cceprint18load_cbuf_to_cb_b2EPaS0_hh] -> 0xffff8f22e570
cceprint: [_ZN8cceprint18load_cbuf_to_cb_b2EPaS0_h] -> 0xffff8f22e6c0
cceprint: [_ZN8cceprint18load_cbuf_to_cb_b2EPhS0_m] -> 0xffff8f22e7c8
cceprint: [_ZN8cceprint18load_cbuf_to_cb_b2EPhS0_hh] -> 0xffff8f22e8d0
cceprint: [_ZN8cceprint18load_cbuf_to_cb_b2EPhS0_h] -> 0xffff8f22ea20
cceprint: [_ZN8cceprint18load_cbuf_to_cb_s4EPvS0_mb15addr_cal_mode_t] -> 0xffff8f22eb28
cceprint: [_ZN8cceprint18load_cbuf_to_cb_s4EPvS0_thtthb15addr_cal_mode_t] -> 0xffff8f22ecb4
cceprint: [_ZN8cceprint18load_cbuf_to_cb_s4EPvS0_thtthbb15addr_cal_mode_t] -> 0xffff8f22ef38
cceprint: [_ZN8cceprint18load_cbuf_to_cb_spEPaS0_m] -> 0xffff8f22f1f4
cceprint: [_ZN8cceprint18load_cbuf_to_cb_spEPaS0_th] -> 0xffff8f22f2fc
cceprint: [_ZN8cceprint25load_cbuf_to_cb_transposeEPN7float165Fp16TES2_mm] -> 0xffff8f22f440
cceprint: [_ZN8cceprint25load_cbuf_to_cb_transposeEPN7float165Fp16TES2_thttbt] -> 0xffff8f22f590
cceprint: [_ZN8cceprint25load_cbuf_to_cb_transposeEPfS0_mm] -> 0xffff8f22f7c4
cceprint: [_ZN8cceprint25load_cbuf_to_cb_transposeEPfS0_thttbt] -> 0xffff8f22f914
cceprint: [_ZN8cceprint25load_cbuf_to_cb_transposeEPiS0_mm] -> 0xffff8f22fb48
cceprint: [_ZN8cceprint25load_cbuf_to_cb_transposeEPiS0_thttbt] -> 0xffff8f22fc98
cceprint: [_ZN8cceprint25load_cbuf_to_cb_transposeEPaS0_mm] -> 0xffff8f22fecc
cceprint: [_ZN8cceprint25load_cbuf_to_cb_transposeEPaS0_thttbt] -> 0xffff8f23001c
cceprint: [_ZN8cceprint25load_cbuf_to_cb_transposeEPjS0_mm] -> 0xffff8f230250
cceprint: [_ZN8cceprint25load_cbuf_to_cb_transposeEPjS0_thttbt] -> 0xffff8f2303a0
cceprint: [_ZN8cceprint25load_cbuf_to_cb_transposeEPhS0_mm] -> 0xffff8f2305d4
cceprint: [_ZN8cceprint25load_cbuf_to_cb_transposeEPhS0_thttbt] -> 0xffff8f230724
cceprint: [_ZN8cceprint28load_cbuf_to_cb_transpose_s4EPvS0_mm] -> 0xffff8f230958
cceprint: [_ZN8cceprint28load_cbuf_to_cb_transpose_s4EPvS0_thttbt] -> 0xffff8f230aa8
cceprint: [_ZN8cceprint24load_cbuf_to_cb_winogradEPN7float165Fp16TES2_m] -> 0xffff8f230cdc
cceprint: [_ZN8cceprint24load_cbuf_to_cb_winogradEPN7float165Fp16TES2_hthhhbbh] -> 0xffff8f230de4
cceprint: [_ZN8cceprint24load_cbuf_to_cb_winogradEPaS0_m] -> 0xffff8f2310b8
cceprint: [_ZN8cceprint24load_cbuf_to_cb_winogradEPaS0_hthhhbbh] -> 0xffff8f2311c0
cceprint: [_ZN8cceprint27load_cbuf_to_cb_winograd_v2EPaS0_m] -> 0xffff8f231494
cceprint: [_ZN8cceprint27load_cbuf_to_cb_winograd_v2EPaS0_tttb] -> 0xffff8f23159c
cceprint: [_ZN8cceprint30load_decompress_header_from_gmEPvm] -> 0xffff8f23174c
cceprint: [_ZN8cceprint30load_decompress_header_from_gmEPvth] -> 0xffff8f231890
cceprint: [_ZN8cceprint13load_gm_to_caEPN7float165Fp16TES2_m] -> 0xffff8f231a10
cceprint: [_ZN8cceprint13load_gm_to_caEPN7float165Fp16TES2_m15addr_cal_mode_t] -> 0xffff8f231b90
cceprint: [_ZN8cceprint13load_gm_to_caEPN7float165Fp16TES2_thtth15addr_cal_mode_t] -> 0xffff8f231d58
cceprint: [_ZN8cceprint13load_gm_to_caEPN7float165Fp16TES2_thtthb15addr_cal_mode_t] -> 0xffff8f23201c
cceprint: [_ZN8cceprint13load_gm_to_caEPN7float165Fp16TES2_thth] -> 0xffff8f232318
cceprint: [_ZN8cceprint13load_gm_to_caEPN8bfloat165Bf16TES2_m] -> 0xffff8f232558
cceprint: [_ZN8cceprint13load_gm_to_caEPN8bfloat165Bf16TES2_m15addr_cal_mode_t] -> 0xffff8f2326d8
cceprint: [_ZN8cceprint13load_gm_to_caEPN8bfloat165Bf16TES2_thtth15addr_cal_mode_t] -> 0xffff8f2328a0
cceprint: [_ZN8cceprint13load_gm_to_caEPN8bfloat165Bf16TES2_thtthb15addr_cal_mode_t] -> 0xffff8f232b64
cceprint: [_ZN8cceprint13load_gm_to_caEPN8bfloat165Bf16TES2_thth] -> 0xffff8f232e60
cceprint: [_ZN8cceprint13load_gm_to_caEPfS0_m15addr_cal_mode_t] -> 0xffff8f2330a0
cceprint: [_ZN8cceprint13load_gm_to_caEPfS0_thtth15addr_cal_mode_t] -> 0xffff8f233268
cceprint: [_ZN8cceprint13load_gm_to_caEPfS0_thtthb15addr_cal_mode_t] -> 0xffff8f23352c
cceprint: [_ZN8cceprint13load_gm_to_caEPiS0_m15addr_cal_mode_t] -> 0xffff8f233828
cceprint: [_ZN8cceprint13load_gm_to_caEPiS0_thtth15addr_cal_mode_t] -> 0xffff8f2339f0
cceprint: [_ZN8cceprint13load_gm_to_caEPiS0_thtthb15addr_cal_mode_t] -> 0xffff8f233cb4
cceprint: [_ZN8cceprint13load_gm_to_caEPaS0_m] -> 0xffff8f233fb0
cceprint: [_ZN8cceprint13load_gm_to_caEPaS0_m15addr_cal_mode_t] -> 0xffff8f234130
cceprint: [_ZN8cceprint13load_gm_to_caEPaS0_thtth15addr_cal_mode_t] -> 0xffff8f2342f8
cceprint: [_ZN8cceprint13load_gm_to_caEPaS0_thtthb15addr_cal_mode_t] -> 0xffff8f2345bc
cceprint: [_ZN8cceprint13load_gm_to_caEPaS0_thth] -> 0xffff8f2348b8
cceprint: [_ZN8cceprint13load_gm_to_caEPjS0_m15addr_cal_mode_t] -> 0xffff8f234af8
cceprint: [_ZN8cceprint13load_gm_to_caEPjS0_thtth15addr_cal_mode_t] -> 0xffff8f234cc0
cceprint: [_ZN8cceprint13load_gm_to_caEPjS0_thtthb15addr_cal_mode_t] -> 0xffff8f234f84
cceprint: [_ZN8cceprint13load_gm_to_caEPhS0_m] -> 0xffff8f235280
cceprint: [_ZN8cceprint13load_gm_to_caEPhS0_m15addr_cal_mode_t] -> 0xffff8f235400
cceprint: [_ZN8cceprint13load_gm_to_caEPhS0_thtth15addr_cal_mode_t] -> 0xffff8f2355c8
cceprint: [_ZN8cceprint13load_gm_to_caEPhS0_thtthb15addr_cal_mode_t] -> 0xffff8f23588c
cceprint: [_ZN8cceprint13load_gm_to_caEPhS0_thth] -> 0xffff8f235b88
cceprint: [_ZN8cceprint13load_gm_to_caEPN7float165Fp16TES2_thth15addr_cal_mode_t] -> 0xffff8f235dc8
cceprint: [_ZN8cceprint13load_gm_to_caEPaS0_thth15addr_cal_mode_t] -> 0xffff8f236050
cceprint: [_ZN8cceprint13load_gm_to_caEPhS0_thth15addr_cal_mode_t] -> 0xffff8f2362d8
cceprint: [_ZN8cceprint16load_gm_to_ca_s4EPvS0_m15addr_cal_mode_t] -> 0xffff8f236560
cceprint: [_ZN8cceprint16load_gm_to_ca_s4EPvS0_thtth15addr_cal_mode_t] -> 0xffff8f236728
cceprint: [_ZN8cceprint16load_gm_to_ca_s4EPvS0_thtthb15addr_cal_mode_t] -> 0xffff8f2369ec
cceprint: [_ZN8cceprint19load_gm_to_ca_unzipEPN7float165Fp16TES2_] -> 0xffff8f236ce8
cceprint: [_ZN8cceprint19load_gm_to_ca_unzipEPvS0_] -> 0xffff8f236e20
cceprint: [_ZN8cceprint13load_gm_to_cbEPN7float165Fp16TES2_m] -> 0xffff8f236f58
cceprint: [_ZN8cceprint13load_gm_to_cbEPN7float165Fp16TES2_m15addr_cal_mode_t] -> 0xffff8f2370d8
cceprint: [_ZN8cceprint13load_gm_to_cbEPN7float165Fp16TES2_thtth15addr_cal_mode_t] -> 0xffff8f2372a0
cceprint: [_ZN8cceprint13load_gm_to_cbEPN7float165Fp16TES2_thtthb15addr_cal_mode_t] -> 0xffff8f237564
cceprint: [_ZN8cceprint13load_gm_to_cbEPN7float165Fp16TES2_thth] -> 0xffff8f237860
cceprint: [_ZN8cceprint13load_gm_to_cbEPN8bfloat165Bf16TES2_m] -> 0xffff8f237aa0
cceprint: [_ZN8cceprint13load_gm_to_cbEPN8bfloat165Bf16TES2_m15addr_cal_mode_t] -> 0xffff8f237c20
cceprint: [_ZN8cceprint13load_gm_to_cbEPN8bfloat165Bf16TES2_thtth15addr_cal_mode_t] -> 0xffff8f237de8
cceprint: [_ZN8cceprint13load_gm_to_cbEPN8bfloat165Bf16TES2_thtthb15addr_cal_mode_t] -> 0xffff8f2380ac
cceprint: [_ZN8cceprint13load_gm_to_cbEPN8bfloat165Bf16TES2_thth] -> 0xffff8f2383a8
cceprint: [_ZN8cceprint13load_gm_to_cbEPfS0_m15addr_cal_mode_t] -> 0xffff8f2385e8
cceprint: [_ZN8cceprint13load_gm_to_cbEPfS0_thtth15addr_cal_mode_t] -> 0xffff8f2387b0
cceprint: [_ZN8cceprint13load_gm_to_cbEPfS0_thtthb15addr_cal_mode_t] -> 0xffff8f238a74
cceprint: [_ZN8cceprint13load_gm_to_cbEPiS0_m15addr_cal_mode_t] -> 0xffff8f238d70
cceprint: [_ZN8cceprint13load_gm_to_cbEPiS0_thtth15addr_cal_mode_t] -> 0xffff8f238f38
cceprint: [_ZN8cceprint13load_gm_to_cbEPiS0_thtthb15addr_cal_mode_t] -> 0xffff8f2391fc
cceprint: [_ZN8cceprint13load_gm_to_cbEPaS0_m] -> 0xffff8f2394f8
cceprint: [_ZN8cceprint13load_gm_to_cbEPaS0_m15addr_cal_mode_t] -> 0xffff8f239678
cceprint: [_ZN8cceprint13load_gm_to_cbEPaS0_thtth15addr_cal_mode_t] -> 0xffff8f239840
cceprint: [_ZN8cceprint13load_gm_to_cbEPaS0_thtthb15addr_cal_mode_t] -> 0xffff8f239b04
cceprint: [_ZN8cceprint13load_gm_to_cbEPaS0_thth] -> 0xffff8f239e00
cceprint: [_ZN8cceprint13load_gm_to_cbEPjS0_m15addr_cal_mode_t] -> 0xffff8f23a040
cceprint: [_ZN8cceprint13load_gm_to_cbEPjS0_thtth15addr_cal_mode_t] -> 0xffff8f23a208
cceprint: [_ZN8cceprint13load_gm_to_cbEPjS0_thtthb15addr_cal_mode_t] -> 0xffff8f23a4cc
cceprint: [_ZN8cceprint13load_gm_to_cbEPhS0_m] -> 0xffff8f23a7c8
cceprint: [_ZN8cceprint13load_gm_to_cbEPhS0_m15addr_cal_mode_t] -> 0xffff8f23a948
cceprint: [_ZN8cceprint13load_gm_to_cbEPhS0_thtth15addr_cal_mode_t] -> 0xffff8f23ab10
cceprint: [_ZN8cceprint13load_gm_to_cbEPhS0_thtthb15addr_cal_mode_t] -> 0xffff8f23add4
cceprint: [_ZN8cceprint13load_gm_to_cbEPhS0_thth] -> 0xffff8f23b0d0
cceprint: [_ZN8cceprint13load_gm_to_cbEPN7float165Fp16TES2_thth15addr_cal_mode_t] -> 0xffff8f23b310
cceprint: [_ZN8cceprint13load_gm_to_cbEPaS0_thth15addr_cal_mode_t] -> 0xffff8f23b598
cceprint: [_ZN8cceprint13load_gm_to_cbEPhS0_thth15addr_cal_mode_t] -> 0xffff8f23b820
cceprint: [_ZN8cceprint16load_gm_to_cb_s4EPvS0_m15addr_cal_mode_t] -> 0xffff8f23baa8
cceprint: [_ZN8cceprint16load_gm_to_cb_s4EPvS0_thtth15addr_cal_mode_t] -> 0xffff8f23bc70
cceprint: [_ZN8cceprint16load_gm_to_cb_s4EPvS0_thtthb15addr_cal_mode_t] -> 0xffff8f23bf34
cceprint: [_ZN8cceprint19load_gm_to_cb_unzipEPN7float165Fp16TES2_] -> 0xffff8f23c230
cceprint: [_ZN8cceprint19load_gm_to_cb_unzipEPvS0_] -> 0xffff8f23c368
cceprint: [_ZN8cceprint15load_gm_to_cbufEPN7float165Fp16TES2_m] -> 0xffff8f23c4a0
cceprint: [_ZN8cceprint15load_gm_to_cbufEPN7float165Fp16TES2_m15addr_cal_mode_t] -> 0xffff8f23c620
cceprint: [_ZN8cceprint15load_gm_to_cbufEPN7float165Fp16TES2_thtth15addr_cal_mode_t] -> 0xffff8f23c7e8
cceprint: [_ZN8cceprint15load_gm_to_cbufEPN7float165Fp16TES2_thtthb15addr_cal_mode_t] -> 0xffff8f23caac
cceprint: [_ZN8cceprint15load_gm_to_cbufEPN7float165Fp16TES2_thth] -> 0xffff8f23cda8
cceprint: [_ZN8cceprint15load_gm_to_cbufEPN8bfloat165Bf16TES2_m] -> 0xffff8f23cfe8
cceprint: [_ZN8cceprint15load_gm_to_cbufEPN8bfloat165Bf16TES2_m15addr_cal_mode_t] -> 0xffff8f23d168
cceprint: [_ZN8cceprint15load_gm_to_cbufEPN8bfloat165Bf16TES2_thtth15addr_cal_mode_t] -> 0xffff8f23d330
cceprint: [_ZN8cceprint15load_gm_to_cbufEPN8bfloat165Bf16TES2_thtthb15addr_cal_mode_t] -> 0xffff8f23d5f4
cceprint: [_ZN8cceprint15load_gm_to_cbufEPN8bfloat165Bf16TES2_thth] -> 0xffff8f23d8f0
cceprint: [_ZN8cceprint15load_gm_to_cbufEPfS0_m15addr_cal_mode_t] -> 0xffff8f23db30
cceprint: [_ZN8cceprint15load_gm_to_cbufEPfS0_thtth15addr_cal_mode_t] -> 0xffff8f23dcf8
cceprint: [_ZN8cceprint15load_gm_to_cbufEPfS0_thtthb15addr_cal_mode_t] -> 0xffff8f23dfbc
cceprint: [_ZN8cceprint15load_gm_to_cbufEPiS0_m15addr_cal_mode_t] -> 0xffff8f23e2b8
cceprint: [_ZN8cceprint15load_gm_to_cbufEPiS0_thtth15addr_cal_mode_t] -> 0xffff8f23e480
cceprint: [_ZN8cceprint15load_gm_to_cbufEPiS0_thtthb15addr_cal_mode_t] -> 0xffff8f23e744
cceprint: [_ZN8cceprint15load_gm_to_cbufEPaS0_m] -> 0xffff8f23ea40
cceprint: [_ZN8cceprint15load_gm_to_cbufEPaS0_m15addr_cal_mode_t] -> 0xffff8f23ebc0
cceprint: [_ZN8cceprint15load_gm_to_cbufEPaS0_thtth15addr_cal_mode_t] -> 0xffff8f23ed88
cceprint: [_ZN8cceprint15load_gm_to_cbufEPaS0_thtthb15addr_cal_mode_t] -> 0xffff8f23f04c
cceprint: [_ZN8cceprint15load_gm_to_cbufEPaS0_thth] -> 0xffff8f23f348
cceprint: [_ZN8cceprint15load_gm_to_cbufEPjS0_m15addr_cal_mode_t] -> 0xffff8f23f588
cceprint: [_ZN8cceprint15load_gm_to_cbufEPjS0_thtth15addr_cal_mode_t] -> 0xffff8f23f750
cceprint: [_ZN8cceprint15load_gm_to_cbufEPjS0_thtthb15addr_cal_mode_t] -> 0xffff8f23fa14
cceprint: [_ZN8cceprint15load_gm_to_cbufEPhS0_m] -> 0xffff8f23fd10
cceprint: [_ZN8cceprint15load_gm_to_cbufEPhS0_m15addr_cal_mode_t] -> 0xffff8f23fe90
cceprint: [_ZN8cceprint15load_gm_to_cbufEPhS0_thtth15addr_cal_mode_t] -> 0xffff8f240058
cceprint: [_ZN8cceprint15load_gm_to_cbufEPhS0_thtthb15addr_cal_mode_t] -> 0xffff8f24031c
cceprint: [_ZN8cceprint15load_gm_to_cbufEPhS0_thth] -> 0xffff8f240618
cceprint: [_ZN8cceprint15load_gm_to_cbufEPN7float165Fp16TES2_thth15addr_cal_mode_t] -> 0xffff8f240858
cceprint: [_ZN8cceprint15load_gm_to_cbufEPaS0_thth15addr_cal_mode_t] -> 0xffff8f240ae0
cceprint: [_ZN8cceprint15load_gm_to_cbufEPhS0_thth15addr_cal_mode_t] -> 0xffff8f240d68
cceprint: [_ZN8cceprint18load_gm_to_cbuf_s4EPvS0_m15addr_cal_mode_t] -> 0xffff8f240ff0
cceprint: [_ZN8cceprint18load_gm_to_cbuf_s4EPvS0_thtth15addr_cal_mode_t] -> 0xffff8f2411b8
cceprint: [_ZN8cceprint18load_gm_to_cbuf_s4EPvS0_thtthb15addr_cal_mode_t] -> 0xffff8f24147c
cceprint: [_ZN8cceprint21load_gm_to_cbuf_unzipEPN7float165Fp16TES2_] -> 0xffff8f241778
cceprint: [_ZN8cceprint21load_gm_to_cbuf_unzipEPvS0_] -> 0xffff8f2418b0
cceprint: [_ZN8cceprint18load_image_to_cbufEPN7float165Fp16TEmm] -> 0xffff8f2419e8
cceprint: [_ZN8cceprint18load_image_to_cbufEPN7float165Fp16TEttttthhtth] -> 0xffff8f241afc
cceprint: [_ZN8cceprint18load_image_to_cbufEPsmm] -> 0xffff8f241df0
cceprint: [_ZN8cceprint18load_image_to_cbufEPsttttthhtth] -> 0xffff8f241f04
cceprint: [_ZN8cceprint18load_image_to_cbufEPamm] -> 0xffff8f2421f8
cceprint: [_ZN8cceprint18load_image_to_cbufEPattttthhtth] -> 0xffff8f24230c
cceprint: [_ZN8cceprint18load_image_to_cbufEPhmm] -> 0xffff8f242600
cceprint: [_ZN8cceprint18load_image_to_cbufEPhttttthhtth] -> 0xffff8f242714
cceprint: [_ZN8cceprint26load_smask_table_from_cbufEtPvm] -> 0xffff8f242a08
cceprint: [_ZN8cceprint24load_smask_table_from_gmEtPvm] -> 0xffff8f242b10
cceprint: [_ZN8cceprint24load_smask_table_from_ubEtPvm] -> 0xffff8f242c90
cceprint: [_ZN8cceprint24load_unzip_index_from_gmEPvm] -> 0xffff8f242d98
cceprint: [_ZN8cceprint24load_unzip_index_from_gmEPvjh] -> 0xffff8f242edc
cceprint: [_ZN8cceprint3madEPN7float165Fp16TES2_S2_m] -> 0xffff8f24305c
cceprint: [_ZN8cceprint3madEPN7float165Fp16TES2_S2_tttb] -> 0xffff8f2431a0
cceprint: [_ZN8cceprint3madEPN7float165Fp16TES2_S2_ttthhbbbbb] -> 0xffff8f24338c
cceprint: [_ZN8cceprint3madEPN7float165Fp16TES2_S2_ttthbbb] -> 0xffff8f2436e4
cceprint: [_ZN8cceprint3madEPfPN7float165Fp16TES3_m] -> 0xffff8f243988
cceprint: [_ZN8cceprint3madEPfPN7float165Fp16TES3_tttb] -> 0xffff8f243acc
cceprint: [_ZN8cceprint3madEPfPN7float165Fp16TES3_ttthhbbbbb] -> 0xffff8f243cb8
cceprint: [_ZN8cceprint3madEPfPN7float165Fp16TES3_ttthbbb] -> 0xffff8f244010
cceprint: [_ZN8cceprint3madEPfPN7float165Fp16TES3_ttthhhbbbb] -> 0xffff8f2442b4
cceprint: [_ZN8cceprint3madEPfPN8bfloat165Bf16TES3_m] -> 0xffff8f244618
cceprint: [_ZN8cceprint3madEPfPN8bfloat165Bf16TES3_ttthbbb] -> 0xffff8f24475c
cceprint: [_ZN8cceprint3madEPfPN8bfloat165Bf16TES3_ttthhhbbbb] -> 0xffff8f244a00
cceprint: [_ZN8cceprint3madEPfS0_S0_m] -> 0xffff8f244d64
cceprint: [_ZN8cceprint3madEPfS0_S0_ttthbbb] -> 0xffff8f244ea8
cceprint: [_ZN8cceprint3madEPfS0_S0_ttthhhbbbb] -> 0xffff8f24514c
cceprint: [_ZN8cceprint3madEPiPsPam] -> 0xffff8f2454b0
cceprint: [_ZN8cceprint3madEPiPsPattth11unit_flag_tbb] -> 0xffff8f2455f4
cceprint: [_ZN8cceprint3madEPiPaS1_m] -> 0xffff8f2458a4
cceprint: [_ZN8cceprint3madEPiPaS1_tttb] -> 0xffff8f2459e8
cceprint: [_ZN8cceprint3madEPiPaS1_ttthhbbbbb] -> 0xffff8f245bd4
cceprint: [_ZN8cceprint3madEPiPaS1_ttthbbb] -> 0xffff8f245f2c
cceprint: [_ZN8cceprint3madEPiPaS1_ttthhhbbbb] -> 0xffff8f2461d0
cceprint: [_ZN8cceprint3madEPjPhS1_m] -> 0xffff8f246534
cceprint: [_ZN8cceprint3madEPjPhS1_tttb] -> 0xffff8f246678
cceprint: [_ZN8cceprint3madEPjPhS1_ttthhbbbbb] -> 0xffff8f246864
cceprint: [_ZN8cceprint3madEPjPhS1_ttthbbb] -> 0xffff8f246bbc
cceprint: [_ZN8cceprint3madEPiPhS1_m] -> 0xffff8f246e60
cceprint: [_ZN8cceprint3madEPiPhS1_tttb] -> 0xffff8f246fa4
cceprint: [_ZN8cceprint3madEPiPhS1_ttthhbbbbb] -> 0xffff8f247190
cceprint: [_ZN8cceprint3madEPiPhS1_ttthbbb] -> 0xffff8f2474e8
cceprint: [_ZN8cceprint3madEPiPhS1_ttthhhbbbb] -> 0xffff8f24778c
cceprint: [_ZN8cceprint3madEPiPhPam] -> 0xffff8f247af0
cceprint: [_ZN8cceprint3madEPiPhPatttb] -> 0xffff8f247c34
cceprint: [_ZN8cceprint3madEPiPhPattthhbbbbb] -> 0xffff8f247e20
cceprint: [_ZN8cceprint3madEPiPhPattthbbb] -> 0xffff8f248178
cceprint: [_ZN8cceprint3madEPN7float165Fp16TES2_S2_mm] -> 0xffff8f24841c
cceprint: [_ZN8cceprint3madEPN7float165Fp16TES2_S2_mtttb] -> 0xffff8f2485a8
cceprint: [_ZN8cceprint3madEPN7float165Fp16TES2_S2_mttthbbb] -> 0xffff8f2487dc
cceprint: [_ZN8cceprint3madEPfPN7float165Fp16TES3_mm] -> 0xffff8f248ac4
cceprint: [_ZN8cceprint3madEPfPN7float165Fp16TES3_mtttb] -> 0xffff8f248c50
cceprint: [_ZN8cceprint3madEPfPN7float165Fp16TES3_mttthbbb] -> 0xffff8f248e84
cceprint: [_ZN8cceprint3madEPfPN8bfloat165Bf16TES3_mm] -> 0xffff8f24916c
cceprint: [_ZN8cceprint3madEPfPN8bfloat165Bf16TES3_mttthbbb] -> 0xffff8f2492f8
cceprint: [_ZN8cceprint3madEPfS0_S0_mm] -> 0xffff8f2495e0
cceprint: [_ZN8cceprint3madEPfS0_S0_mttthbbb] -> 0xffff8f24976c
cceprint: [_ZN8cceprint3madEPiPsPamm] -> 0xffff8f249a54
cceprint: [_ZN8cceprint3madEPiPsPamttth11unit_flag_tbb] -> 0xffff8f249be0
cceprint: [_ZN8cceprint3madEPiPaS1_mm] -> 0xffff8f249ed4
cceprint: [_ZN8cceprint3madEPiPaS1_mtttb] -> 0xffff8f24a060
cceprint: [_ZN8cceprint3madEPiPaS1_mttthbbb] -> 0xffff8f24a294
cceprint: [_ZN8cceprint3madEPjPhS1_mm] -> 0xffff8f24a57c
cceprint: [_ZN8cceprint3madEPjPhS1_mtttb] -> 0xffff8f24a708
cceprint: [_ZN8cceprint3madEPjPhS1_mttthbbb] -> 0xffff8f24a93c
cceprint: [_ZN8cceprint3madEPiPhS1_mm] -> 0xffff8f24ac24
cceprint: [_ZN8cceprint3madEPiPhS1_mtttb] -> 0xffff8f24adb0
cceprint: [_ZN8cceprint3madEPiPhS1_mttthbbb] -> 0xffff8f24afe4
cceprint: [_ZN8cceprint3madEPiPhPamm] -> 0xffff8f24b2cc
cceprint: [_ZN8cceprint3madEPiPhPamtttb] -> 0xffff8f24b458
cceprint: [_ZN8cceprint3madEPiPhPamttthbbb] -> 0xffff8f24b68c
cceprint: [_ZN8cceprint8mad_b8u2EPiPaPvm] -> 0xffff8f24b974
cceprint: [_ZN8cceprint8mad_b8u2EPiPaPvtttb] -> 0xffff8f24bab8
cceprint: [_ZN8cceprint8mad_b8u2EPiPaPvttthhbbbbb] -> 0xffff8f24bca4
cceprint: [_ZN8cceprint8mad_b8u2EPiPhPvm] -> 0xffff8f24bffc
cceprint: [_ZN8cceprint8mad_b8u2EPiPhPvtttb] -> 0xffff8f24c140
cceprint: [_ZN8cceprint8mad_b8u2EPiPhPvttthhbbbbb] -> 0xffff8f24c32c
cceprint: [_ZN8cceprint12mad_bf162f32EPfPtS1_m] -> 0xffff8f24c684
cceprint: [_ZN8cceprint12mad_bf162f32EPfPtS1_ttthbbb] -> 0xffff8f24c7c8
cceprint: [_ZN8cceprint12mad_bf162f32EPfPtS1_ttthhhbbbb] -> 0xffff8f24ca6c
cceprint: [_ZN8cceprint9mad_f16u2EPN7float165Fp16TES2_Pvm] -> 0xffff8f24cdd0
cceprint: [_ZN8cceprint9mad_f16u2EPN7float165Fp16TES2_Pvtttb] -> 0xffff8f24cf14
cceprint: [_ZN8cceprint9mad_f16u2EPN7float165Fp16TES2_Pvttthhbbbbb] -> 0xffff8f24d100
cceprint: [_ZN8cceprint6mad_s4EPiPvS1_m] -> 0xffff8f24d458
cceprint: [_ZN8cceprint6mad_s4EPiPvS1_tttb] -> 0xffff8f24d59c
cceprint: [_ZN8cceprint6mad_s4EPiPvS1_ttthhbbbbb] -> 0xffff8f24d788
cceprint: [_ZN8cceprint6mad_s4EPiPvS1_ttthbbb] -> 0xffff8f24dae0
cceprint: [_ZN8cceprint6mad_s4EPiPvS1_ttthhhbbbb] -> 0xffff8f24dd84
cceprint: [_ZN8cceprint6mad_spEPiPaS1_m] -> 0xffff8f24e0e8
cceprint: [_ZN8cceprint6mad_spEPiPaS1_ttthbb] -> 0xffff8f24e22c
cceprint: [_ZN8cceprint12mad_tf322f32EPfS0_S0_m] -> 0xffff8f24e498
cceprint: [_ZN8cceprint12mad_tf322f32EPfS0_S0_ttthbbb] -> 0xffff8f24e5dc
cceprint: [_ZN8cceprint12mad_tf322f32EPfS0_S0_ttthhhbbbb] -> 0xffff8f24e880
cceprint: [_ZN8cceprint8mov_vsprE6VSPR_tm] -> 0xffff8f24ebe4
cceprint: [_ZN8cceprint13mte4_mte5_offEv] -> 0xffff8f24ecbc
cceprint: [_ZN8cceprint12mte4_mte5_onEv] -> 0xffff8f24ed1c
cceprint: [_ZN8cceprint7mvf_dciEv] -> 0xffff8f24ed7c
cceprint: [_ZN8cceprint21mvf_gm_to_ub_b128_u16EPvS0_S0_m] -> 0xffff8f24eddc
cceprint: [_ZN8cceprint21mvf_gm_to_ub_b128_u16EPvS0_S0_thh] -> 0xffff8f24ef98
cceprint: [_ZN8cceprint21mvf_gm_to_ub_b128_u32EPvS0_S0_m] -> 0xffff8f24f1d8
cceprint: [_ZN8cceprint21mvf_gm_to_ub_b128_u32EPvS0_S0_thh] -> 0xffff8f24f394
cceprint: [_ZN8cceprint21mvf_gm_to_ub_b256_u16EPvS0_S0_m] -> 0xffff8f24f5d4
cceprint: [_ZN8cceprint21mvf_gm_to_ub_b256_u16EPvS0_S0_thh] -> 0xffff8f24f790
cceprint: [_ZN8cceprint21mvf_gm_to_ub_b256_u32EPvS0_S0_m] -> 0xffff8f24f9d0
cceprint: [_ZN8cceprint21mvf_gm_to_ub_b256_u32EPvS0_S0_thh] -> 0xffff8f24fb8c
cceprint: [_ZN8cceprint20mvf_gm_to_ub_b32_u16EPvS0_S0_m] -> 0xffff8f24fdcc
cceprint: [_ZN8cceprint20mvf_gm_to_ub_b32_u16EPvS0_S0_thh] -> 0xffff8f24ff88
cceprint: [_ZN8cceprint20mvf_gm_to_ub_b32_u32EPvS0_S0_m] -> 0xffff8f2501c8
cceprint: [_ZN8cceprint20mvf_gm_to_ub_b32_u32EPvS0_S0_thh] -> 0xffff8f250384
cceprint: [_ZN8cceprint21mvf_gm_to_ub_b512_u16EPvS0_S0_m] -> 0xffff8f2505c4
cceprint: [_ZN8cceprint21mvf_gm_to_ub_b512_u16EPvS0_S0_thh] -> 0xffff8f250780
cceprint: [_ZN8cceprint21mvf_gm_to_ub_b512_u32EPvS0_S0_m] -> 0xffff8f2509c0
cceprint: [_ZN8cceprint21mvf_gm_to_ub_b512_u32EPvS0_S0_thh] -> 0xffff8f250b7c
cceprint: [_ZN8cceprint20mvf_gm_to_ub_b64_u16EPvS0_S0_m] -> 0xffff8f250dbc
cceprint: [_ZN8cceprint20mvf_gm_to_ub_b64_u16EPvS0_S0_thh] -> 0xffff8f250f78
cceprint: [_ZN8cceprint20mvf_gm_to_ub_b64_u32EPvS0_S0_m] -> 0xffff8f2511b8
cceprint: [_ZN8cceprint20mvf_gm_to_ub_b64_u32EPvS0_S0_thh] -> 0xffff8f251374
cceprint: [_ZN8cceprint12pc_trace_offEv] -> 0xffff8f2515b4
cceprint: [_ZN8cceprint11pc_trace_onEv] -> 0xffff8f251614
cceprint: [_ZN8cceprint12pipe_barrierE6pipe_t] -> 0xffff8f251674
cceprint: [_ZN8cceprint7preloadEPKv] -> 0xffff8f251710
cceprint: [_ZN8cceprint7preloadEPKvl] -> 0xffff8f251794
cceprint: [_ZN8cceprint12release_pbidEm] -> 0xffff8f251854
cceprint: [_ZN8cceprint7rpn_corEPN7float165Fp16TES2_m] -> 0xffff8f2518e4
cceprint: [_ZN8cceprint7rpn_corEPN7float165Fp16TES2_htt] -> 0xffff8f2519ec
cceprint: [_ZN8cceprint12rpn_cor_diagEPN7float165Fp16TES2_] -> 0xffff8f251b6c
cceprint: [_ZN8cceprint13rpn_cor_diag2EPN7float165Fp16TES2_] -> 0xffff8f251c2c
cceprint: [_ZN8cceprint8sbitset0Eml] -> 0xffff8f251cec
cceprint: [_ZN8cceprint8sbitset1Eml] -> 0xffff8f251d3c
cceprint: [_ZN8cceprint12scatter_vabsE7vtype_t10ub_addr8_tS1_m] -> 0xffff8f251d8c
cceprint: [_ZN8cceprint12scatter_vabsE7vtype_t10ub_addr8_tS1_htt] -> 0xffff8f251ef4
cceprint: [_ZN8cceprint16scatter_vabs_f16E10ub_addr8_tS0_m] -> 0xffff8f2520d4
cceprint: [_ZN8cceprint16scatter_vabs_f16E10ub_addr8_tS0_htt] -> 0xffff8f2521f4
cceprint: [_ZN8cceprint16scatter_vabs_f32E10ub_addr8_tS0_m] -> 0xffff8f25238c
cceprint: [_ZN8cceprint16scatter_vabs_f32E10ub_addr8_tS0_htt] -> 0xffff8f2524ac
cceprint: [_ZN8cceprint16scatter_vabs_s16E10ub_addr8_tS0_m] -> 0xffff8f252644
cceprint: [_ZN8cceprint16scatter_vabs_s16E10ub_addr8_tS0_htt] -> 0xffff8f252764
cceprint: [_ZN8cceprint12scatter_vaddE7vtype_t10ub_addr8_tS1_S1_m] -> 0xffff8f2528fc
cceprint: [_ZN8cceprint12scatter_vaddE7vtype_t10ub_addr8_tS1_S1_httt] -> 0xffff8f252aac
cceprint: [_ZN8cceprint16scatter_vadd_f16E10ub_addr8_tS0_S0_m] -> 0xffff8f252d10
cceprint: [_ZN8cceprint16scatter_vadd_f16E10ub_addr8_tS0_S0_httt] -> 0xffff8f252e78
cceprint: [_ZN8cceprint16scatter_vadd_f32E10ub_addr8_tS0_S0_m] -> 0xffff8f253094
cceprint: [_ZN8cceprint16scatter_vadd_f32E10ub_addr8_tS0_S0_httt] -> 0xffff8f2531fc
cceprint: [_ZN8cceprint16scatter_vadd_s16E10ub_addr8_tS0_S0_m] -> 0xffff8f253418
cceprint: [_ZN8cceprint16scatter_vadd_s16E10ub_addr8_tS0_S0_httt] -> 0xffff8f253580
cceprint: [_ZN8cceprint16scatter_vadd_s32E10ub_addr8_tS0_S0_m] -> 0xffff8f25379c
cceprint: [_ZN8cceprint16scatter_vadd_s32E10ub_addr8_tS0_S0_httt] -> 0xffff8f253904
cceprint: [_ZN8cceprint13scatter_vaddsE7vtype_t10ub_addr8_tS1_N7float165Fp16TEm] -> 0xffff8f253b20
cceprint: [_ZN8cceprint13scatter_vaddsE7vtype_t10ub_addr8_tS1_N7float165Fp16TEhtt] -> 0xffff8f253cd8
cceprint: [_ZN8cceprint13scatter_vaddsE7vtype_t10ub_addr8_tS1_fm] -> 0xffff8f253f08
cceprint: [_ZN8cceprint13scatter_vaddsE7vtype_t10ub_addr8_tS1_fhtt] -> 0xffff8f2540ac
cceprint: [_ZN8cceprint17scatter_vadds_f16E10ub_addr8_tS0_N7float165Fp16TEm] -> 0xffff8f2542c8
cceprint: [_ZN8cceprint17scatter_vadds_f16E10ub_addr8_tS0_N7float165Fp16TEhtt] -> 0xffff8f254438
cceprint: [_ZN8cceprint17scatter_vadds_f32E10ub_addr8_tS0_fm] -> 0xffff8f254620
cceprint: [_ZN8cceprint17scatter_vadds_f32E10ub_addr8_tS0_fhtt] -> 0xffff8f25477c
cceprint: [_ZN8cceprint17scatter_vadds_s16E10ub_addr8_tS0_sm] -> 0xffff8f254950
cceprint: [_ZN8cceprint17scatter_vadds_s16E10ub_addr8_tS0_shtt] -> 0xffff8f254aac
cceprint: [_ZN8cceprint17scatter_vadds_s32E10ub_addr8_tS0_im] -> 0xffff8f254c80
cceprint: [_ZN8cceprint17scatter_vadds_s32E10ub_addr8_tS0_ihtt] -> 0xffff8f254ddc
cceprint: [_ZN8cceprint13scatter_vaxpyE7vtype_t10ub_addr8_tS1_N7float165Fp16TEmb] -> 0xffff8f254fb0
cceprint: [_ZN8cceprint13scatter_vaxpyE7vtype_t10ub_addr8_tS1_N7float165Fp16TEhttb] -> 0xffff8f2551a4
cceprint: [_ZN8cceprint13scatter_vaxpyE7vtype_t10ub_addr8_tS1_fmb] -> 0xffff8f255410
cceprint: [_ZN8cceprint13scatter_vaxpyE7vtype_t10ub_addr8_tS1_fhttb] -> 0xffff8f2555f0
cceprint: [_ZN8cceprint17scatter_vaxpy_f16E10ub_addr8_tS0_N7float165Fp16TEmb] -> 0xffff8f255848
cceprint: [_ZN8cceprint17scatter_vaxpy_f16E10ub_addr8_tS0_N7float165Fp16TEhttb] -> 0xffff8f2559f4
cceprint: [_ZN8cceprint17scatter_vaxpy_f32E10ub_addr8_tS0_fmb] -> 0xffff8f255c18
cceprint: [_ZN8cceprint17scatter_vaxpy_f32E10ub_addr8_tS0_fhttb] -> 0xffff8f255db0
cceprint: [_ZN8cceprint18scatter_vaxpy_fmixE10ub_addr8_tS0_N7float165Fp16TEmb] -> 0xffff8f255fc0
cceprint: [_ZN8cceprint18scatter_vaxpy_fmixE10ub_addr8_tS0_N7float165Fp16TEhttb] -> 0xffff8f25616c
cceprint: [_ZN8cceprint15scatter_vcmp_eqE7vtype_t10ub_addr8_tS1_m] -> 0xffff8f256390
cceprint: [_ZN8cceprint19scatter_vcmp_eq_f16E10ub_addr8_tS0_m] -> 0xffff8f2564f8
cceprint: [_ZN8cceprint19scatter_vcmp_eq_f32E10ub_addr8_tS0_m] -> 0xffff8f256618
cceprint: [_ZN8cceprint19scatter_vcmp_eq_s16E10ub_addr8_tS0_m] -> 0xffff8f256738
cceprint: [_ZN8cceprint15scatter_vcmp_geE7vtype_t10ub_addr8_tS1_m] -> 0xffff8f256858
cceprint: [_ZN8cceprint19scatter_vcmp_ge_f16E10ub_addr8_tS0_m] -> 0xffff8f2569c0
cceprint: [_ZN8cceprint19scatter_vcmp_ge_f32E10ub_addr8_tS0_m] -> 0xffff8f256ae0
cceprint: [_ZN8cceprint19scatter_vcmp_ge_s16E10ub_addr8_tS0_m] -> 0xffff8f256c00
cceprint: [_ZN8cceprint15scatter_vcmp_gtE7vtype_t10ub_addr8_tS1_m] -> 0xffff8f256d20
cceprint: [_ZN8cceprint19scatter_vcmp_gt_f16E10ub_addr8_tS0_m] -> 0xffff8f256e88
cceprint: [_ZN8cceprint19scatter_vcmp_gt_f32E10ub_addr8_tS0_m] -> 0xffff8f256fa8
cceprint: [_ZN8cceprint19scatter_vcmp_gt_s16E10ub_addr8_tS0_m] -> 0xffff8f2570c8
cceprint: [_ZN8cceprint15scatter_vcmp_leE7vtype_t10ub_addr8_tS1_m] -> 0xffff8f2571e8
cceprint: [_ZN8cceprint19scatter_vcmp_le_f16E10ub_addr8_tS0_m] -> 0xffff8f257350
cceprint: [_ZN8cceprint19scatter_vcmp_le_f32E10ub_addr8_tS0_m] -> 0xffff8f257470
cceprint: [_ZN8cceprint19scatter_vcmp_le_s16E10ub_addr8_tS0_m] -> 0xffff8f257590
cceprint: [_ZN8cceprint15scatter_vcmp_ltE7vtype_t10ub_addr8_tS1_m] -> 0xffff8f2576b0
cceprint: [_ZN8cceprint19scatter_vcmp_lt_f16E10ub_addr8_tS0_m] -> 0xffff8f257818
cceprint: [_ZN8cceprint19scatter_vcmp_lt_f32E10ub_addr8_tS0_m] -> 0xffff8f257938
cceprint: [_ZN8cceprint19scatter_vcmp_lt_s16E10ub_addr8_tS0_m] -> 0xffff8f257a58
cceprint: [_ZN8cceprint15scatter_vcmp_neE7vtype_t10ub_addr8_tS1_m] -> 0xffff8f257b78
cceprint: [_ZN8cceprint19scatter_vcmp_ne_f16E10ub_addr8_tS0_m] -> 0xffff8f257ce0
cceprint: [_ZN8cceprint19scatter_vcmp_ne_f32E10ub_addr8_tS0_m] -> 0xffff8f257e00
cceprint: [_ZN8cceprint19scatter_vcmp_ne_s16E10ub_addr8_tS0_m] -> 0xffff8f257f20
cceprint: [_ZN8cceprint19scatter_vconcat_f16EPN7float165Fp16TE10ub_addr8_tm] -> 0xffff8f258040
cceprint: [_ZN8cceprint19scatter_vconcat_f16EPN7float165Fp16TE10ub_addr8_thh] -> 0xffff8f258154
cceprint: [_ZN8cceprint19scatter_vconcat_f32EPf10ub_addr8_tm] -> 0xffff8f2582b0
cceprint: [_ZN8cceprint19scatter_vconcat_f32EPf10ub_addr8_thh] -> 0xffff8f2583c4
cceprint: [_ZN8cceprint17scatter_vconv_deqE10ub_addr8_tS0_mb] -> 0xffff8f258520
cceprint: [_ZN8cceprint17scatter_vconv_deqE10ub_addr8_tS0_httb] -> 0xffff8f25867c
cceprint: [_ZN8cceprint21scatter_vconv_f162f32E10ub_addr8_tS0_mb] -> 0xffff8f258850
cceprint: [_ZN8cceprint21scatter_vconv_f162f32E10ub_addr8_tS0_httb] -> 0xffff8f2589ac
cceprint: [_ZN8cceprint22scatter_vconv_f162s32aE10ub_addr8_tS0_mb] -> 0xffff8f258b80
cceprint: [_ZN8cceprint22scatter_vconv_f162s32aE10ub_addr8_tS0_httb] -> 0xffff8f258cdc
cceprint: [_ZN8cceprint22scatter_vconv_f162s32cE10ub_addr8_tS0_mb] -> 0xffff8f258eb0
cceprint: [_ZN8cceprint22scatter_vconv_f162s32cE10ub_addr8_tS0_httb] -> 0xffff8f25900c
cceprint: [_ZN8cceprint22scatter_vconv_f162s32fE10ub_addr8_tS0_mb] -> 0xffff8f2591e0
cceprint: [_ZN8cceprint22scatter_vconv_f162s32fE10ub_addr8_tS0_httb] -> 0xffff8f25933c
cceprint: [_ZN8cceprint22scatter_vconv_f162s32rE10ub_addr8_tS0_mb] -> 0xffff8f259510
cceprint: [_ZN8cceprint22scatter_vconv_f162s32rE10ub_addr8_tS0_httb] -> 0xffff8f25966c
cceprint: [_ZN8cceprint22scatter_vconv_f162s32zE10ub_addr8_tS0_mb] -> 0xffff8f259840
cceprint: [_ZN8cceprint22scatter_vconv_f162s32zE10ub_addr8_tS0_httb] -> 0xffff8f25999c
cceprint: [_ZN8cceprint20scatter_vconv_f162s8E10ub_addr8_tS0_mb] -> 0xffff8f259b70
cceprint: [_ZN8cceprint20scatter_vconv_f162s8E10ub_addr8_tS0_httb] -> 0xffff8f259ccc
cceprint: [_ZN8cceprint21scatter_vconv_f162s8aE10ub_addr8_tS0_mb] -> 0xffff8f259ea0
cceprint: [_ZN8cceprint21scatter_vconv_f162s8aE10ub_addr8_tS0_httb] -> 0xffff8f259ffc
cceprint: [_ZN8cceprint21scatter_vconv_f162s8cE10ub_addr8_tS0_mb] -> 0xffff8f25a1d0
cceprint: [_ZN8cceprint21scatter_vconv_f162s8cE10ub_addr8_tS0_httb] -> 0xffff8f25a32c
cceprint: [_ZN8cceprint21scatter_vconv_f162s8fE10ub_addr8_tS0_mb] -> 0xffff8f25a500
cceprint: [_ZN8cceprint21scatter_vconv_f162s8fE10ub_addr8_tS0_httb] -> 0xffff8f25a65c
cceprint: [_ZN8cceprint21scatter_vconv_f162s8zE10ub_addr8_tS0_mb] -> 0xffff8f25a830
cceprint: [_ZN8cceprint21scatter_vconv_f162s8zE10ub_addr8_tS0_httb] -> 0xffff8f25a98c
cceprint: [_ZN8cceprint20scatter_vconv_f162u8E10ub_addr8_tS0_mb] -> 0xffff8f25ab60
cceprint: [_ZN8cceprint20scatter_vconv_f162u8E10ub_addr8_tS0_httb] -> 0xffff8f25acbc
cceprint: [_ZN8cceprint21scatter_vconv_f162u8aE10ub_addr8_tS0_mb] -> 0xffff8f25ae90
cceprint: [_ZN8cceprint21scatter_vconv_f162u8aE10ub_addr8_tS0_httb] -> 0xffff8f25afec
cceprint: [_ZN8cceprint21scatter_vconv_f162u8cE10ub_addr8_tS0_mb] -> 0xffff8f25b1c0
cceprint: [_ZN8cceprint21scatter_vconv_f162u8cE10ub_addr8_tS0_httb] -> 0xffff8f25b31c
cceprint: [_ZN8cceprint21scatter_vconv_f162u8fE10ub_addr8_tS0_mb] -> 0xffff8f25b4f0
cceprint: [_ZN8cceprint21scatter_vconv_f162u8fE10ub_addr8_tS0_httb] -> 0xffff8f25b64c
cceprint: [_ZN8cceprint21scatter_vconv_f162u8zE10ub_addr8_tS0_mb] -> 0xffff8f25b820
cceprint: [_ZN8cceprint21scatter_vconv_f162u8zE10ub_addr8_tS0_httb] -> 0xffff8f25b97c
cceprint: [_ZN8cceprint21scatter_vconv_f322f16E10ub_addr8_tS0_mb] -> 0xffff8f25bb50
cceprint: [_ZN8cceprint21scatter_vconv_f322f16E10ub_addr8_tS0_httb] -> 0xffff8f25bcac
cceprint: [_ZN8cceprint22scatter_vconv_f322f16oE10ub_addr8_tS0_mb] -> 0xffff8f25be80
cceprint: [_ZN8cceprint22scatter_vconv_f322f16oE10ub_addr8_tS0_httb] -> 0xffff8f25bfdc
cceprint: [_ZN8cceprint22scatter_vconv_f322s32aE10ub_addr8_tS0_mb] -> 0xffff8f25c1b0
cceprint: [_ZN8cceprint22scatter_vconv_f322s32aE10ub_addr8_tS0_httb] -> 0xffff8f25c30c
cceprint: [_ZN8cceprint22scatter_vconv_f322s32cE10ub_addr8_tS0_mb] -> 0xffff8f25c4e0
cceprint: [_ZN8cceprint22scatter_vconv_f322s32cE10ub_addr8_tS0_httb] -> 0xffff8f25c63c
cceprint: [_ZN8cceprint22scatter_vconv_f322s32fE10ub_addr8_tS0_mb] -> 0xffff8f25c810
cceprint: [_ZN8cceprint22scatter_vconv_f322s32fE10ub_addr8_tS0_httb] -> 0xffff8f25c96c
cceprint: [_ZN8cceprint22scatter_vconv_f322s32rE10ub_addr8_tS0_mb] -> 0xffff8f25cb40
cceprint: [_ZN8cceprint22scatter_vconv_f322s32rE10ub_addr8_tS0_httb] -> 0xffff8f25cc9c
cceprint: [_ZN8cceprint22scatter_vconv_f322s32zE10ub_addr8_tS0_mb] -> 0xffff8f25ce70
cceprint: [_ZN8cceprint22scatter_vconv_f322s32zE10ub_addr8_tS0_httb] -> 0xffff8f25cfcc
cceprint: [_ZN8cceprint21scatter_vconv_s322f32E10ub_addr8_tS0_mb] -> 0xffff8f25d1a0
cceprint: [_ZN8cceprint21scatter_vconv_s322f32E10ub_addr8_tS0_httb] -> 0xffff8f25d2fc
cceprint: [_ZN8cceprint20scatter_vconv_s82f16E10ub_addr8_tS0_mb] -> 0xffff8f25d4d0
cceprint: [_ZN8cceprint20scatter_vconv_s82f16E10ub_addr8_tS0_httb] -> 0xffff8f25d62c
cceprint: [_ZN8cceprint20scatter_vconv_u82f16E10ub_addr8_tS0_mb] -> 0xffff8f25d800
cceprint: [_ZN8cceprint20scatter_vconv_u82f16E10ub_addr8_tS0_httb] -> 0xffff8f25d95c
cceprint: [_ZN8cceprint21scatter_vcshuffle_b16E10ub_addr8_tS0_m] -> 0xffff8f25db30
cceprint: [_ZN8cceprint21scatter_vcshuffle_b16E10ub_addr8_tS0_htth] -> 0xffff8f25dc50
cceprint: [_ZN8cceprint21scatter_vcshuffle_b32E10ub_addr8_tS0_m] -> 0xffff8f25de30
cceprint: [_ZN8cceprint21scatter_vcshuffle_b32E10ub_addr8_tS0_htth] -> 0xffff8f25df50
cceprint: [_ZN8cceprint20scatter_vcshuffle_b8E10ub_addr8_tS0_m] -> 0xffff8f25e130
cceprint: [_ZN8cceprint20scatter_vcshuffle_b8E10ub_addr8_tS0_htth] -> 0xffff8f25e250
cceprint: [_ZN8cceprint12scatter_vdivE7vtype_t10ub_addr8_tS1_S1_m] -> 0xffff8f25e430
cceprint: [_ZN8cceprint12scatter_vdivE7vtype_t10ub_addr8_tS1_S1_httt] -> 0xffff8f25e5e0
cceprint: [_ZN8cceprint16scatter_vdiv_f16E10ub_addr8_tS0_S0_m] -> 0xffff8f25e844
cceprint: [_ZN8cceprint16scatter_vdiv_f16E10ub_addr8_tS0_S0_httt] -> 0xffff8f25e9ac
cceprint: [_ZN8cceprint16scatter_vdiv_f32E10ub_addr8_tS0_S0_m] -> 0xffff8f25ebc8
cceprint: [_ZN8cceprint16scatter_vdiv_f32E10ub_addr8_tS0_S0_httt] -> 0xffff8f25ed30
cceprint: [_ZN8cceprint18scatter_vector_movE7vtype_t10ub_addr8_tS1_m] -> 0xffff8f25ef4c
cceprint: [_ZN8cceprint18scatter_vector_movE7vtype_t10ub_addr8_tS1_htt] -> 0xffff8f25f0b4
cceprint: [_ZN8cceprint22scatter_vector_mov_f16E10ub_addr8_tS0_m] -> 0xffff8f25f294
cceprint: [_ZN8cceprint22scatter_vector_mov_f16E10ub_addr8_tS0_htt] -> 0xffff8f25f3b4
cceprint: [_ZN8cceprint22scatter_vector_mov_s16E10ub_addr8_tS0_m] -> 0xffff8f25f54c
cceprint: [_ZN8cceprint22scatter_vector_mov_s16E10ub_addr8_tS0_htt] -> 0xffff8f25f66c
cceprint: [_ZN8cceprint22scatter_vector_mov_u16E10ub_addr8_tS0_m] -> 0xffff8f25f804
cceprint: [_ZN8cceprint22scatter_vector_mov_u16E10ub_addr8_tS0_htt] -> 0xffff8f25f924
cceprint: [_ZN8cceprint12scatter_vexpE7vtype_t10ub_addr8_tS1_m] -> 0xffff8f25fabc
cceprint: [_ZN8cceprint12scatter_vexpE7vtype_t10ub_addr8_tS1_htt] -> 0xffff8f25fc24
cceprint: [_ZN8cceprint16scatter_vexp_f16E10ub_addr8_tS0_m] -> 0xffff8f25fe04
cceprint: [_ZN8cceprint16scatter_vexp_f16E10ub_addr8_tS0_htt] -> 0xffff8f25ff24
cceprint: [_ZN8cceprint16scatter_vexp_f32E10ub_addr8_tS0_m] -> 0xffff8f2600bc
cceprint: [_ZN8cceprint16scatter_vexp_f32E10ub_addr8_tS0_htt] -> 0xffff8f2601dc
cceprint: [_ZN8cceprint20scatter_vextract_f16E10ub_addr8_tPN7float165Fp16TEm] -> 0xffff8f260374
cceprint: [_ZN8cceprint20scatter_vextract_f16E10ub_addr8_tPN7float165Fp16TEhh] -> 0xffff8f260488
cceprint: [_ZN8cceprint20scatter_vextract_f32E10ub_addr8_tPfm] -> 0xffff8f2605e4
cceprint: [_ZN8cceprint20scatter_vextract_f32E10ub_addr8_tPfhh] -> 0xffff8f2606f8
cceprint: [_ZN8cceprint11scatter_vlnE7vtype_t10ub_addr8_tS1_m] -> 0xffff8f260854
cceprint: [_ZN8cceprint11scatter_vlnE7vtype_t10ub_addr8_tS1_htt] -> 0xffff8f2609bc
cceprint: [_ZN8cceprint15scatter_vln_f16E10ub_addr8_tS0_m] -> 0xffff8f260b9c
cceprint: [_ZN8cceprint15scatter_vln_f16E10ub_addr8_tS0_htt] -> 0xffff8f260cbc
cceprint: [_ZN8cceprint15scatter_vln_f32E10ub_addr8_tS0_m] -> 0xffff8f260e54
cceprint: [_ZN8cceprint15scatter_vln_f32E10ub_addr8_tS0_htt] -> 0xffff8f260f74
cceprint: [_ZN8cceprint13scatter_vmaddE7vtype_t10ub_addr8_tS1_S1_m] -> 0xffff8f26110c
cceprint: [_ZN8cceprint13scatter_vmaddE7vtype_t10ub_addr8_tS1_S1_httt] -> 0xffff8f2612bc
cceprint: [_ZN8cceprint17scatter_vmadd_f16E10ub_addr8_tS0_S0_m] -> 0xffff8f261520
cceprint: [_ZN8cceprint17scatter_vmadd_f16E10ub_addr8_tS0_S0_httt] -> 0xffff8f261688
cceprint: [_ZN8cceprint17scatter_vmadd_f32E10ub_addr8_tS0_S0_m] -> 0xffff8f2618a4
cceprint: [_ZN8cceprint17scatter_vmadd_f32E10ub_addr8_tS0_S0_httt] -> 0xffff8f261a0c
cceprint: [_ZN8cceprint17scatter_vmaddreluE7vtype_t10ub_addr8_tS1_S1_m] -> 0xffff8f261c28
cceprint: [_ZN8cceprint17scatter_vmaddreluE7vtype_t10ub_addr8_tS1_S1_httt] -> 0xffff8f261dd8
cceprint: [_ZN8cceprint21scatter_vmaddrelu_f16E10ub_addr8_tS0_S0_m] -> 0xffff8f26203c
cceprint: [_ZN8cceprint21scatter_vmaddrelu_f16E10ub_addr8_tS0_S0_httt] -> 0xffff8f2621a4
cceprint: [_ZN8cceprint21scatter_vmaddrelu_f32E10ub_addr8_tS0_S0_m] -> 0xffff8f2623c0
cceprint: [_ZN8cceprint21scatter_vmaddrelu_f32E10ub_addr8_tS0_S0_httt] -> 0xffff8f262528
cceprint: [_ZN8cceprint12scatter_vmaxE7vtype_t10ub_addr8_tS1_S1_m] -> 0xffff8f262744
cceprint: [_ZN8cceprint12scatter_vmaxE7vtype_t10ub_addr8_tS1_S1_httt] -> 0xffff8f2628f4
cceprint: [_ZN8cceprint16scatter_vmax_f16E10ub_addr8_tS0_S0_m] -> 0xffff8f262b58
cceprint: [_ZN8cceprint16scatter_vmax_f16E10ub_addr8_tS0_S0_httt] -> 0xffff8f262cc0
cceprint: [_ZN8cceprint16scatter_vmax_f32E10ub_addr8_tS0_S0_m] -> 0xffff8f262edc
cceprint: [_ZN8cceprint16scatter_vmax_f32E10ub_addr8_tS0_S0_httt] -> 0xffff8f263044
cceprint: [_ZN8cceprint16scatter_vmax_s16E10ub_addr8_tS0_S0_m] -> 0xffff8f263260
cceprint: [_ZN8cceprint16scatter_vmax_s16E10ub_addr8_tS0_S0_httt] -> 0xffff8f2633c8
cceprint: [_ZN8cceprint16scatter_vmax_s32E10ub_addr8_tS0_S0_m] -> 0xffff8f2635e4
cceprint: [_ZN8cceprint16scatter_vmax_s32E10ub_addr8_tS0_S0_httt] -> 0xffff8f26374c
cceprint: [_ZN8cceprint17scatter_vmaxs_f16E10ub_addr8_tS0_N7float165Fp16TEm] -> 0xffff8f263968
cceprint: [_ZN8cceprint17scatter_vmaxs_f16E10ub_addr8_tS0_N7float165Fp16TEhtt] -> 0xffff8f263ad8
cceprint: [_ZN8cceprint17scatter_vmaxs_f32E10ub_addr8_tS0_fm] -> 0xffff8f263cc0
cceprint: [_ZN8cceprint17scatter_vmaxs_f32E10ub_addr8_tS0_fhtt] -> 0xffff8f263e1c
cceprint: [_ZN8cceprint17scatter_vmaxs_s16E10ub_addr8_tS0_sm] -> 0xffff8f263ff0
cceprint: [_ZN8cceprint17scatter_vmaxs_s16E10ub_addr8_tS0_shtt] -> 0xffff8f26414c
cceprint: [_ZN8cceprint17scatter_vmaxs_s32E10ub_addr8_tS0_im] -> 0xffff8f264320
cceprint: [_ZN8cceprint17scatter_vmaxs_s32E10ub_addr8_tS0_ihtt] -> 0xffff8f26447c
cceprint: [_ZN8cceprint12scatter_vminE7vtype_t10ub_addr8_tS1_S1_m] -> 0xffff8f264650
cceprint: [_ZN8cceprint12scatter_vminE7vtype_t10ub_addr8_tS1_S1_httt] -> 0xffff8f264800
cceprint: [_ZN8cceprint16scatter_vmin_f16E10ub_addr8_tS0_S0_m] -> 0xffff8f264a64
cceprint: [_ZN8cceprint16scatter_vmin_f16E10ub_addr8_tS0_S0_httt] -> 0xffff8f264bcc
cceprint: [_ZN8cceprint16scatter_vmin_f32E10ub_addr8_tS0_S0_m] -> 0xffff8f264de8
cceprint: [_ZN8cceprint16scatter_vmin_f32E10ub_addr8_tS0_S0_httt] -> 0xffff8f264f50
cceprint: [_ZN8cceprint16scatter_vmin_s16E10ub_addr8_tS0_S0_m] -> 0xffff8f26516c
cceprint: [_ZN8cceprint16scatter_vmin_s16E10ub_addr8_tS0_S0_httt] -> 0xffff8f2652d4
cceprint: [_ZN8cceprint16scatter_vmin_s32E10ub_addr8_tS0_S0_m] -> 0xffff8f2654f0
cceprint: [_ZN8cceprint16scatter_vmin_s32E10ub_addr8_tS0_S0_httt] -> 0xffff8f265658
cceprint: [_ZN8cceprint17scatter_vmins_f16E10ub_addr8_tS0_N7float165Fp16TEm] -> 0xffff8f265874
cceprint: [_ZN8cceprint17scatter_vmins_f16E10ub_addr8_tS0_N7float165Fp16TEhtt] -> 0xffff8f2659e4
cceprint: [_ZN8cceprint17scatter_vmins_f32E10ub_addr8_tS0_fm] -> 0xffff8f265bcc
cceprint: [_ZN8cceprint17scatter_vmins_f32E10ub_addr8_tS0_fhtt] -> 0xffff8f265d28
cceprint: [_ZN8cceprint17scatter_vmins_s16E10ub_addr8_tS0_sm] -> 0xffff8f265efc
cceprint: [_ZN8cceprint17scatter_vmins_s16E10ub_addr8_tS0_shtt] -> 0xffff8f266058
cceprint: [_ZN8cceprint17scatter_vmins_s32E10ub_addr8_tS0_im] -> 0xffff8f26622c
cceprint: [_ZN8cceprint17scatter_vmins_s32E10ub_addr8_tS0_ihtt] -> 0xffff8f266388
cceprint: [_ZN8cceprint12scatter_vmlaE7vtype_t10ub_addr8_tS1_S1_m] -> 0xffff8f26655c
cceprint: [_ZN8cceprint12scatter_vmlaE7vtype_t10ub_addr8_tS1_S1_httt] -> 0xffff8f26670c
cceprint: [_ZN8cceprint16scatter_vmla_f16E10ub_addr8_tS0_S0_m] -> 0xffff8f266970
cceprint: [_ZN8cceprint16scatter_vmla_f16E10ub_addr8_tS0_S0_httt] -> 0xffff8f266ad8
cceprint: [_ZN8cceprint16scatter_vmla_f32E10ub_addr8_tS0_S0_m] -> 0xffff8f266cf4
cceprint: [_ZN8cceprint16scatter_vmla_f32E10ub_addr8_tS0_S0_httt] -> 0xffff8f266e5c
cceprint: [_ZN8cceprint17scatter_vmla_fmixE10ub_addr8_tS0_S0_m] -> 0xffff8f267078
cceprint: [_ZN8cceprint17scatter_vmla_fmixE10ub_addr8_tS0_S0_httt] -> 0xffff8f2671e0
cceprint: [_ZN8cceprint12scatter_vmulE7vtype_t10ub_addr8_tS1_S1_m] -> 0xffff8f2673fc
cceprint: [_ZN8cceprint12scatter_vmulE7vtype_t10ub_addr8_tS1_S1_httt] -> 0xffff8f2675ac
cceprint: [_ZN8cceprint16scatter_vmul_f16E10ub_addr8_tS0_S0_m] -> 0xffff8f267810
cceprint: [_ZN8cceprint16scatter_vmul_f16E10ub_addr8_tS0_S0_httt] -> 0xffff8f267978
cceprint: [_ZN8cceprint16scatter_vmul_f32E10ub_addr8_tS0_S0_m] -> 0xffff8f267b94
cceprint: [_ZN8cceprint16scatter_vmul_f32E10ub_addr8_tS0_S0_httt] -> 0xffff8f267cfc
cceprint: [_ZN8cceprint16scatter_vmul_s16E10ub_addr8_tS0_S0_m] -> 0xffff8f267f18
cceprint: [_ZN8cceprint16scatter_vmul_s16E10ub_addr8_tS0_S0_httt] -> 0xffff8f268080
cceprint: [_ZN8cceprint16scatter_vmul_s32E10ub_addr8_tS0_S0_m] -> 0xffff8f26829c
cceprint: [_ZN8cceprint16scatter_vmul_s32E10ub_addr8_tS0_S0_httt] -> 0xffff8f268404
cceprint: [_ZN8cceprint23scatter_vmulconv_f162s8E10ub_addr8_tS0_S0_mb] -> 0xffff8f268620
cceprint: [_ZN8cceprint23scatter_vmulconv_f162s8E10ub_addr8_tS0_S0_htttb] -> 0xffff8f2687c4
cceprint: [_ZN8cceprint23scatter_vmulconv_f162u8E10ub_addr8_tS0_S0_mb] -> 0xffff8f268a1c
cceprint: [_ZN8cceprint23scatter_vmulconv_f162u8E10ub_addr8_tS0_S0_htttb] -> 0xffff8f268bc0
cceprint: [_ZN8cceprint13scatter_vmulsE7vtype_t10ub_addr8_tS1_N7float165Fp16TEm] -> 0xffff8f268e18
cceprint: [_ZN8cceprint13scatter_vmulsE7vtype_t10ub_addr8_tS1_N7float165Fp16TEhtt] -> 0xffff8f268fd0
cceprint: [_ZN8cceprint13scatter_vmulsE7vtype_t10ub_addr8_tS1_fm] -> 0xffff8f269200
cceprint: [_ZN8cceprint13scatter_vmulsE7vtype_t10ub_addr8_tS1_fhtt] -> 0xffff8f2693a4
cceprint: [_ZN8cceprint17scatter_vmuls_f16E10ub_addr8_tS0_N7float165Fp16TEm] -> 0xffff8f2695c0
cceprint: [_ZN8cceprint17scatter_vmuls_f16E10ub_addr8_tS0_N7float165Fp16TEhtt] -> 0xffff8f269730
cceprint: [_ZN8cceprint17scatter_vmuls_f32E10ub_addr8_tS0_fm] -> 0xffff8f269918
cceprint: [_ZN8cceprint17scatter_vmuls_f32E10ub_addr8_tS0_fhtt] -> 0xffff8f269a74
cceprint: [_ZN8cceprint17scatter_vmuls_s16E10ub_addr8_tS0_sm] -> 0xffff8f269c48
cceprint: [_ZN8cceprint17scatter_vmuls_s16E10ub_addr8_tS0_shtt] -> 0xffff8f269da4
cceprint: [_ZN8cceprint17scatter_vmuls_s32E10ub_addr8_tS0_im] -> 0xffff8f269f78
cceprint: [_ZN8cceprint17scatter_vmuls_s32E10ub_addr8_tS0_ihtt] -> 0xffff8f26a0d4
cceprint: [_ZN8cceprint21scatter_vnchwconv_b16E10ub_addr8_tPsm] -> 0xffff8f26a2a8
cceprint: [_ZN8cceprint21scatter_vnchwconv_b16E10ub_addr8_tPshtt] -> 0xffff8f26a3bc
cceprint: [_ZN8cceprint21scatter_vnchwconv_b16E10ub_addr8_tPtm] -> 0xffff8f26a548
cceprint: [_ZN8cceprint21scatter_vnchwconv_b16E10ub_addr8_tPthtt] -> 0xffff8f26a65c
cceprint: [_ZN8cceprint21scatter_vnchwconv_b16EPs10ub_addr8_tm] -> 0xffff8f26a7e8
cceprint: [_ZN8cceprint21scatter_vnchwconv_b16EPs10ub_addr8_thtt] -> 0xffff8f26a8fc
cceprint: [_ZN8cceprint21scatter_vnchwconv_b16EPt10ub_addr8_tm] -> 0xffff8f26aa88
cceprint: [_ZN8cceprint21scatter_vnchwconv_b16EPt10ub_addr8_thtt] -> 0xffff8f26ab9c
cceprint: [_ZN8cceprint21scatter_vnchwconv_b16E10ub_addr8_tS0_m] -> 0xffff8f26ad28
cceprint: [_ZN8cceprint21scatter_vnchwconv_b16E10ub_addr8_tS0_htt] -> 0xffff8f26ae48
cceprint: [_ZN8cceprint21scatter_vnchwconv_b32E10ub_addr8_tPim] -> 0xffff8f26afe0
cceprint: [_ZN8cceprint21scatter_vnchwconv_b32E10ub_addr8_tPihtt] -> 0xffff8f26b0f4
cceprint: [_ZN8cceprint21scatter_vnchwconv_b32E10ub_addr8_tPjm] -> 0xffff8f26b280
cceprint: [_ZN8cceprint21scatter_vnchwconv_b32E10ub_addr8_tPjhtt] -> 0xffff8f26b394
cceprint: [_ZN8cceprint21scatter_vnchwconv_b32EPi10ub_addr8_tm] -> 0xffff8f26b520
cceprint: [_ZN8cceprint21scatter_vnchwconv_b32EPi10ub_addr8_thtt] -> 0xffff8f26b634
cceprint: [_ZN8cceprint21scatter_vnchwconv_b32EPj10ub_addr8_tm] -> 0xffff8f26b7c0
cceprint: [_ZN8cceprint21scatter_vnchwconv_b32EPj10ub_addr8_thtt] -> 0xffff8f26b8d4
cceprint: [_ZN8cceprint21scatter_vnchwconv_b32E10ub_addr8_tS0_m] -> 0xffff8f26ba60
cceprint: [_ZN8cceprint21scatter_vnchwconv_b32E10ub_addr8_tS0_htt] -> 0xffff8f26bb80
cceprint: [_ZN8cceprint20scatter_vnchwconv_b8E10ub_addr8_tPambb] -> 0xffff8f26bd18
cceprint: [_ZN8cceprint20scatter_vnchwconv_b8E10ub_addr8_tPahttbb] -> 0xffff8f26bea4
cceprint: [_ZN8cceprint20scatter_vnchwconv_b8E10ub_addr8_tPhmbb] -> 0xffff8f26c0a8
cceprint: [_ZN8cceprint20scatter_vnchwconv_b8E10ub_addr8_tPhhttbb] -> 0xffff8f26c234
cceprint: [_ZN8cceprint20scatter_vnchwconv_b8EPa10ub_addr8_tmbb] -> 0xffff8f26c438
cceprint: [_ZN8cceprint20scatter_vnchwconv_b8EPa10ub_addr8_thttbb] -> 0xffff8f26c5c4
cceprint: [_ZN8cceprint20scatter_vnchwconv_b8EPh10ub_addr8_tmbb] -> 0xffff8f26c7c8
cceprint: [_ZN8cceprint20scatter_vnchwconv_b8EPh10ub_addr8_thttbb] -> 0xffff8f26c954
cceprint: [_ZN8cceprint20scatter_vnchwconv_b8E10ub_addr8_tS0_mbb] -> 0xffff8f26cb58
cceprint: [_ZN8cceprint20scatter_vnchwconv_b8E10ub_addr8_tS0_httbb] -> 0xffff8f26ccf0
cceprint: [_ZN8cceprint12scatter_vrecE7vtype_t10ub_addr8_tS1_m] -> 0xffff8f26cf00
cceprint: [_ZN8cceprint12scatter_vrecE7vtype_t10ub_addr8_tS1_htt] -> 0xffff8f26d068
cceprint: [_ZN8cceprint16scatter_vrec_f16E10ub_addr8_tS0_m] -> 0xffff8f26d248
cceprint: [_ZN8cceprint16scatter_vrec_f16E10ub_addr8_tS0_htt] -> 0xffff8f26d368
cceprint: [_ZN8cceprint16scatter_vrec_f32E10ub_addr8_tS0_m] -> 0xffff8f26d500
cceprint: [_ZN8cceprint16scatter_vrec_f32E10ub_addr8_tS0_htt] -> 0xffff8f26d620
cceprint: [_ZN8cceprint13scatter_vreluE7vtype_t10ub_addr8_tS1_m] -> 0xffff8f26d7b8
cceprint: [_ZN8cceprint13scatter_vreluE7vtype_t10ub_addr8_tS1_htt] -> 0xffff8f26d920
cceprint: [_ZN8cceprint17scatter_vrelu_f16E10ub_addr8_tS0_m] -> 0xffff8f26db00
cceprint: [_ZN8cceprint17scatter_vrelu_f16E10ub_addr8_tS0_htt] -> 0xffff8f26dc20
cceprint: [_ZN8cceprint17scatter_vrelu_f32E10ub_addr8_tS0_m] -> 0xffff8f26ddb8
cceprint: [_ZN8cceprint17scatter_vrelu_f32E10ub_addr8_tS0_htt] -> 0xffff8f26ded8
cceprint: [_ZN8cceprint17scatter_vrelu_s32E10ub_addr8_tS0_m] -> 0xffff8f26e070
cceprint: [_ZN8cceprint17scatter_vrelu_s32E10ub_addr8_tS0_htt] -> 0xffff8f26e190
cceprint: [_ZN8cceprint14scatter_vrsqrtE7vtype_t10ub_addr8_tS1_m] -> 0xffff8f26e328
cceprint: [_ZN8cceprint14scatter_vrsqrtE7vtype_t10ub_addr8_tS1_htt] -> 0xffff8f26e490
cceprint: [_ZN8cceprint18scatter_vrsqrt_f16E10ub_addr8_tS0_m] -> 0xffff8f26e670
cceprint: [_ZN8cceprint18scatter_vrsqrt_f16E10ub_addr8_tS0_htt] -> 0xffff8f26e790
cceprint: [_ZN8cceprint18scatter_vrsqrt_f32E10ub_addr8_tS0_m] -> 0xffff8f26e928
cceprint: [_ZN8cceprint18scatter_vrsqrt_f32E10ub_addr8_tS0_htt] -> 0xffff8f26ea48
cceprint: [_ZN8cceprint16scatter_vscmergeEPt10ub_addr8_tm] -> 0xffff8f26ebe0
cceprint: [_ZN8cceprint16scatter_vscmergeEPt10ub_addr8_tth] -> 0xffff8f26ecf4
cceprint: [_ZN8cceprint16scatter_vscmergeEPh10ub_addr8_tm] -> 0xffff8f26ee44
cceprint: [_ZN8cceprint16scatter_vscmergeEPh10ub_addr8_tth] -> 0xffff8f26ef58
cceprint: [_ZN8cceprint16scatter_vscmergeEPN7float165Fp16TE10ub_addr8_tm] -> 0xffff8f26f0a8
cceprint: [_ZN8cceprint16scatter_vscmergeEPN7float165Fp16TE10ub_addr8_tth] -> 0xffff8f26f1bc
cceprint: [_ZN8cceprint20scatter_vscmerge_b16EPt10ub_addr8_tm] -> 0xffff8f26f30c
cceprint: [_ZN8cceprint20scatter_vscmerge_b16EPt10ub_addr8_tth] -> 0xffff8f26f420
cceprint: [_ZN8cceprint19scatter_vscmerge_b8EPh10ub_addr8_tm] -> 0xffff8f26f570
cceprint: [_ZN8cceprint19scatter_vscmerge_b8EPh10ub_addr8_tth] -> 0xffff8f26f684
cceprint: [_ZN8cceprint20scatter_vscmerge_f16EPN7float165Fp16TE10ub_addr8_tm] -> 0xffff8f26f7d4
cceprint: [_ZN8cceprint20scatter_vscmerge_f16EPN7float165Fp16TE10ub_addr8_tth] -> 0xffff8f26f8e8
cceprint: [_ZN8cceprint16scatter_vscsplitE10ub_addr8_tPtm] -> 0xffff8f26fa38
cceprint: [_ZN8cceprint16scatter_vscsplitE10ub_addr8_tPtth] -> 0xffff8f26fb4c
cceprint: [_ZN8cceprint16scatter_vscsplitE10ub_addr8_tPhm] -> 0xffff8f26fc9c
cceprint: [_ZN8cceprint16scatter_vscsplitE10ub_addr8_tPhth] -> 0xffff8f26fdb0
cceprint: [_ZN8cceprint16scatter_vscsplitE10ub_addr8_tPN7float165Fp16TEm] -> 0xffff8f26ff00
cceprint: [_ZN8cceprint16scatter_vscsplitE10ub_addr8_tPN7float165Fp16TEth] -> 0xffff8f270014
cceprint: [_ZN8cceprint20scatter_vscsplit_b16E10ub_addr8_tPtm] -> 0xffff8f270164
cceprint: [_ZN8cceprint20scatter_vscsplit_b16E10ub_addr8_tPtth] -> 0xffff8f270278
cceprint: [_ZN8cceprint20scatter_vscsplit_b16E10ub_addr8_tPsm] -> 0xffff8f2703c8
cceprint: [_ZN8cceprint20scatter_vscsplit_b16E10ub_addr8_tPsth] -> 0xffff8f2704dc
cceprint: [_ZN8cceprint19scatter_vscsplit_b8E10ub_addr8_tPhm] -> 0xffff8f27062c
cceprint: [_ZN8cceprint19scatter_vscsplit_b8E10ub_addr8_tPhth] -> 0xffff8f270740
cceprint: [_ZN8cceprint19scatter_vscsplit_b8E10ub_addr8_tPam] -> 0xffff8f270890
cceprint: [_ZN8cceprint19scatter_vscsplit_b8E10ub_addr8_tPath] -> 0xffff8f2709a4
cceprint: [_ZN8cceprint20scatter_vscsplit_f16E10ub_addr8_tPN7float165Fp16TEm] -> 0xffff8f270af4
cceprint: [_ZN8cceprint20scatter_vscsplit_f16E10ub_addr8_tPN7float165Fp16TEth] -> 0xffff8f270c08
cceprint: [_ZN8cceprint12scatter_vselE7vtype_t10ub_addr8_tS1_S1_m] -> 0xffff8f270d58
cceprint: [_ZN8cceprint12scatter_vselE7vtype_t10ub_addr8_tS1_S1_httt] -> 0xffff8f270f08
cceprint: [_ZN8cceprint16scatter_vsel_f16E10ub_addr8_tS0_S0_m] -> 0xffff8f27116c
cceprint: [_ZN8cceprint16scatter_vsel_f16E10ub_addr8_tS0_S0_httth] -> 0xffff8f2712d4
cceprint: [_ZN8cceprint16scatter_vsel_f32E10ub_addr8_tS0_S0_m] -> 0xffff8f271538
cceprint: [_ZN8cceprint16scatter_vsel_f32E10ub_addr8_tS0_S0_httth] -> 0xffff8f2716a0
cceprint: [_ZN8cceprint13scatter_vsqrtE7vtype_t10ub_addr8_tS1_m] -> 0xffff8f271904
cceprint: [_ZN8cceprint13scatter_vsqrtE7vtype_t10ub_addr8_tS1_htt] -> 0xffff8f271a6c
cceprint: [_ZN8cceprint17scatter_vsqrt_f16E10ub_addr8_tS0_m] -> 0xffff8f271c4c
cceprint: [_ZN8cceprint17scatter_vsqrt_f16E10ub_addr8_tS0_htt] -> 0xffff8f271d6c
cceprint: [_ZN8cceprint17scatter_vsqrt_f32E10ub_addr8_tS0_m] -> 0xffff8f271f04
cceprint: [_ZN8cceprint17scatter_vsqrt_f32E10ub_addr8_tS0_htt] -> 0xffff8f272024
cceprint: [_ZN8cceprint12scatter_vsubE7vtype_t10ub_addr8_tS1_S1_m] -> 0xffff8f2721bc
cceprint: [_ZN8cceprint12scatter_vsubE7vtype_t10ub_addr8_tS1_S1_httt] -> 0xffff8f27236c
cceprint: [_ZN8cceprint16scatter_vsub_f16E10ub_addr8_tS0_S0_m] -> 0xffff8f2725d0
cceprint: [_ZN8cceprint16scatter_vsub_f16E10ub_addr8_tS0_S0_httt] -> 0xffff8f272738
cceprint: [_ZN8cceprint16scatter_vsub_f32E10ub_addr8_tS0_S0_m] -> 0xffff8f272954
cceprint: [_ZN8cceprint16scatter_vsub_f32E10ub_addr8_tS0_S0_httt] -> 0xffff8f272abc
cceprint: [_ZN8cceprint16scatter_vsub_s16E10ub_addr8_tS0_S0_m] -> 0xffff8f272cd8
cceprint: [_ZN8cceprint16scatter_vsub_s16E10ub_addr8_tS0_S0_httt] -> 0xffff8f272e40
cceprint: [_ZN8cceprint16scatter_vsub_s32E10ub_addr8_tS0_S0_m] -> 0xffff8f27305c
cceprint: [_ZN8cceprint16scatter_vsub_s32E10ub_addr8_tS0_S0_httt] -> 0xffff8f2731c4
cceprint: [_ZN8cceprint14set_aipp_spr_0Em] -> 0xffff8f2733e0
cceprint: [_ZN8cceprint14set_aipp_spr_1Em] -> 0xffff8f273470
cceprint: [_ZN8cceprint15set_aipp_spr_10Em] -> 0xffff8f273500
cceprint: [_ZN8cceprint15set_aipp_spr_11Em] -> 0xffff8f273590
cceprint: [_ZN8cceprint15set_aipp_spr_12Em] -> 0xffff8f273620
cceprint: [_ZN8cceprint15set_aipp_spr_13Em] -> 0xffff8f2736b0
cceprint: [_ZN8cceprint15set_aipp_spr_14Em] -> 0xffff8f273740
cceprint: [_ZN8cceprint15set_aipp_spr_15Em] -> 0xffff8f2737d0
cceprint: [_ZN8cceprint15set_aipp_spr_16Em] -> 0xffff8f273860
cceprint: [_ZN8cceprint15set_aipp_spr_17Em] -> 0xffff8f2738f0
cceprint: [_ZN8cceprint15set_aipp_spr_18Em] -> 0xffff8f273980
cceprint: [_ZN8cceprint15set_aipp_spr_19Em] -> 0xffff8f273a10
cceprint: [_ZN8cceprint14set_aipp_spr_2Em] -> 0xffff8f273aa0
cceprint: [_ZN8cceprint15set_aipp_spr_20Em] -> 0xffff8f273b30
cceprint: [_ZN8cceprint15set_aipp_spr_21Em] -> 0xffff8f273bc0
cceprint: [_ZN8cceprint15set_aipp_spr_22Em] -> 0xffff8f273c50
cceprint: [_ZN8cceprint15set_aipp_spr_23Em] -> 0xffff8f273ce0
cceprint: [_ZN8cceprint15set_aipp_spr_24Em] -> 0xffff8f273d70
cceprint: [_ZN8cceprint15set_aipp_spr_25Em] -> 0xffff8f273e00
cceprint: [_ZN8cceprint15set_aipp_spr_26Em] -> 0xffff8f273e90
cceprint: [_ZN8cceprint15set_aipp_spr_27Em] -> 0xffff8f273f20
cceprint: [_ZN8cceprint15set_aipp_spr_28Em] -> 0xffff8f273fb0
cceprint: [_ZN8cceprint15set_aipp_spr_29Em] -> 0xffff8f274040
cceprint: [_ZN8cceprint14set_aipp_spr_3Em] -> 0xffff8f2740d0
cceprint: [_ZN8cceprint15set_aipp_spr_30Em] -> 0xffff8f274160
cceprint: [_ZN8cceprint15set_aipp_spr_31Em] -> 0xffff8f2741f0
cceprint: [_ZN8cceprint14set_aipp_spr_4Em] -> 0xffff8f274280
cceprint: [_ZN8cceprint14set_aipp_spr_5Em] -> 0xffff8f274310
cceprint: [_ZN8cceprint14set_aipp_spr_6Em] -> 0xffff8f2743a0
cceprint: [_ZN8cceprint14set_aipp_spr_7Em] -> 0xffff8f274430
cceprint: [_ZN8cceprint14set_aipp_spr_8Em] -> 0xffff8f2744c0
cceprint: [_ZN8cceprint14set_aipp_spr_9Em] -> 0xffff8f274550
cceprint: [_ZN8cceprint14set_atomic_addEv] -> 0xffff8f2745e0
cceprint: [_ZN8cceprint15set_atomic_bf16Ev] -> 0xffff8f274640
cceprint: [_ZN8cceprint14set_atomic_f16Ev] -> 0xffff8f2746a0
cceprint: [_ZN8cceprint14set_atomic_f32Ev] -> 0xffff8f274700
cceprint: [_ZN8cceprint14set_atomic_maxEv] -> 0xffff8f274760
cceprint: [_ZN8cceprint14set_atomic_minEv] -> 0xffff8f2747c0
cceprint: [_ZN8cceprint15set_atomic_noneEv] -> 0xffff8f274820
cceprint: [_ZN8cceprint14set_atomic_s16Ev] -> 0xffff8f274880
cceprint: [_ZN8cceprint14set_atomic_s32Ev] -> 0xffff8f2748e0
cceprint: [_ZN8cceprint13set_atomic_s8Ev] -> 0xffff8f274940
cceprint: [_ZN8cceprint18set_cache_normreadEv] -> 0xffff8f2749a0
cceprint: [_ZN8cceprint22set_cache_notwritebackEv] -> 0xffff8f274a00
cceprint: [_ZN8cceprint17set_cache_readinvEv] -> 0xffff8f274a60
cceprint: [_ZN8cceprint18set_cache_readlastEv] -> 0xffff8f274ac0
cceprint: [_ZN8cceprint16set_channel_paraEm] -> 0xffff8f274b20
cceprint: [_ZN8cceprint11set_cmpmaskEPv] -> 0xffff8f274bb0
cceprint: [_ZN8cceprint8set_condEm] -> 0xffff8f274c34
cceprint: [_ZN8cceprint18set_condition_flagEm] -> 0xffff8f274cc4
cceprint: [_ZN8cceprint8set_ctrlEm] -> 0xffff8f274d54
cceprint: [_ZN8cceprint14set_data_exp_0Em] -> 0xffff8f274de4
cceprint: [_ZN8cceprint14set_data_exp_1Em] -> 0xffff8f274e74
cceprint: [_ZN8cceprint14set_data_exp_2Em] -> 0xffff8f274f04
cceprint: [_ZN8cceprint14set_data_exp_3Em] -> 0xffff8f274f94
cceprint: [_ZN8cceprint12set_deqscaleEN7float165Fp16TE] -> 0xffff8f275024
cceprint: [_ZN8cceprint12set_deqscaleEm] -> 0xffff8f2750bc
cceprint: [_ZN8cceprint18set_elt_antiq_paraEm] -> 0xffff8f27514c
cceprint: [_ZN8cceprint16set_elt_src_paraEm] -> 0xffff8f2751dc
cceprint: [_ZN8cceprint12set_fcol2imgEm] -> 0xffff8f27526c
cceprint: [_ZN8cceprint18set_ffts_base_addrEm] -> 0xffff8f2752fc
cceprint: [_ZN8cceprint17set_fix_clip_reluEm] -> 0xffff8f27538c
cceprint: [_ZN8cceprint13set_fixp_addrEm] -> 0xffff8f27541c
cceprint: [_ZN8cceprint8set_flagE6pipe_tS0_7event_t] -> 0xffff8f2754ac
cceprint: [_ZN8cceprint8set_flagE6pipe_t7event_t] -> 0xffff8f2755dc
cceprint: [_ZN8cceprint8set_flagE6pipe_tS0_m] -> 0xffff8f2756c0
cceprint: [_ZN8cceprint8set_flagE6pipe_tm] -> 0xffff8f2757f0
cceprint: [_ZN8cceprint11set_fmatrixEm] -> 0xffff8f2758d4
cceprint: [_ZN8cceprint13set_fmatrix_bEm] -> 0xffff8f275964
cceprint: [_ZN8cceprint18set_fmatrix_dual_0Em] -> 0xffff8f2759f4
cceprint: [_ZN8cceprint18set_fmatrix_dual_1Em] -> 0xffff8f275a84
cceprint: [_ZN8cceprint7set_fpcEm] -> 0xffff8f275b14
cceprint: [_ZN8cceprint9set_fpdeqEm] -> 0xffff8f275ba4
cceprint: [_ZN8cceprint16set_l0_set_valueEN7float165Fp16TE] -> 0xffff8f275c34
cceprint: [_ZN8cceprint16set_l0_set_valueEj] -> 0xffff8f275ccc
cceprint: [_ZN8cceprint10set_l0a_2dEPvl] -> 0xffff8f275d50
cceprint: [_ZN8cceprint10set_l0a_2dEPN7float165Fp16TEl] -> 0xffff8f275e10
cceprint: [_ZN8cceprint10set_l0a_2dEPfl] -> 0xffff8f275ed0
cceprint: [_ZN8cceprint10set_l0a_2dEPsl] -> 0xffff8f275f90
cceprint: [_ZN8cceprint10set_l0a_2dEPil] -> 0xffff8f276050
cceprint: [_ZN8cceprint10set_l0a_2dEPtl] -> 0xffff8f276110
cceprint: [_ZN8cceprint10set_l0a_2dEPjl] -> 0xffff8f2761d0
cceprint: [_ZN8cceprint10set_l0b_2dEPvl] -> 0xffff8f276290
cceprint: [_ZN8cceprint10set_l0b_2dEPN7float165Fp16TEl] -> 0xffff8f276350
cceprint: [_ZN8cceprint10set_l0b_2dEPfl] -> 0xffff8f276410
cceprint: [_ZN8cceprint10set_l0b_2dEPsl] -> 0xffff8f2764d0
cceprint: [_ZN8cceprint10set_l0b_2dEPil] -> 0xffff8f276590
cceprint: [_ZN8cceprint10set_l0b_2dEPtl] -> 0xffff8f276650
cceprint: [_ZN8cceprint10set_l0b_2dEPjl] -> 0xffff8f276710
cceprint: [_ZN8cceprint9set_l1_2dEPvl] -> 0xffff8f2767d0
cceprint: [_ZN8cceprint9set_l1_2dEPN7float165Fp16TEl] -> 0xffff8f276890
cceprint: [_ZN8cceprint9set_l1_2dEPfl] -> 0xffff8f276950
cceprint: [_ZN8cceprint9set_l1_2dEPsl] -> 0xffff8f276a10
cceprint: [_ZN8cceprint9set_l1_2dEPil] -> 0xffff8f276ad0
cceprint: [_ZN8cceprint9set_l1_2dEPtl] -> 0xffff8f276b90
cceprint: [_ZN8cceprint9set_l1_2dEPjl] -> 0xffff8f276c50
cceprint: [_ZN8cceprint14set_l1_3d_sizeEm] -> 0xffff8f276d10
cceprint: [_ZN8cceprint11set_l3d_rptEm] -> 0xffff8f276da0
cceprint: [_ZN8cceprint14set_loop3_paraEm] -> 0xffff8f276e30
cceprint: [_ZN8cceprint15set_low_pre_tblEm] -> 0xffff8f276ec0
cceprint: [_ZN8cceprint9set_lpcntEm] -> 0xffff8f276f50
cceprint: [_ZN8cceprint15set_lrelu_alphaEm] -> 0xffff8f276fe0
cceprint: [_ZN8cceprint15set_lrelu_alphaEN7float165Fp16TE] -> 0xffff8f277070
cceprint: [_ZN8cceprint15set_lrelu_alphaEf] -> 0xffff8f277108
cceprint: [_ZN8cceprint14set_mask_countEv] -> 0xffff8f27718c
cceprint: [_ZN8cceprint13set_mask_normEv] -> 0xffff8f2771ec
cceprint: [_ZN8cceprint15set_mov_pad_valEm] -> 0xffff8f27724c
cceprint: [_ZN8cceprint11set_nd_paraEm] -> 0xffff8f2772dc
cceprint: [_ZN8cceprint11set_paddingEm] -> 0xffff8f27736c
cceprint: [_ZN8cceprint11set_paddingEN7float165Fp16TE] -> 0xffff8f2773fc
cceprint: [_ZN8cceprint11set_paddingEs] -> 0xffff8f277494
cceprint: [_ZN8cceprint11set_paddingEt] -> 0xffff8f277518
cceprint: [_ZN8cceprint16set_pcie_rd_ctrlEm] -> 0xffff8f27759c
cceprint: [_ZN8cceprint16set_pcie_wr_ctrlEm] -> 0xffff8f27762c
cceprint: [_ZN8cceprint11set_pnt_coeEm] -> 0xffff8f2776bc
cceprint: [_ZN8cceprint14set_quant_postEm] -> 0xffff8f27774c
cceprint: [_ZN8cceprint13set_quant_preEm] -> 0xffff8f2777dc
cceprint: [_ZN8cceprint19set_rawheader_to_gmEPvm] -> 0xffff8f27786c
cceprint: [_ZN8cceprint19set_rawheader_to_gmEPvtbh] -> 0xffff8f2779b0
cceprint: [_ZN8cceprint14set_relu_alphaEm] -> 0xffff8f277b6c
cceprint: [_ZN8cceprint12set_reqscaleEm] -> 0xffff8f277bfc
cceprint: [_ZN8cceprint14set_rpn_cor_irEm] -> 0xffff8f277c8c
cceprint: [_ZN8cceprint14set_rpn_offsetEN7float165Fp16TE] -> 0xffff8f277d1c
cceprint: [_ZN8cceprint17set_safety_crc_enEm] -> 0xffff8f277db4
cceprint: [_ZN8cceprint19set_safety_crc_excpEm] -> 0xffff8f277e44
cceprint: [_ZN8cceprint15set_smask_indexEm] -> 0xffff8f277ed4
cceprint: [_ZN8cceprint17set_st_atomic_cfgEm] -> 0xffff8f277f64
cceprint: [_ZN8cceprint17set_st_atomic_cfgE13atomic_type_t11atomic_op_t] -> 0xffff8f277ff4
cceprint: [_ZN8cceprint13set_va_reg_sbE10ub_addr8_tPm] -> 0xffff8f2780cc
cceprint: [_ZN8cceprint15set_vector_maskEmm] -> 0xffff8f278198
cceprint: [_ZN8cceprint19set_vector_mask_dupEm] -> 0xffff8f278270
cceprint: [_ZN8cceprint9set_vpipeEm] -> 0xffff8f278300
cceprint: [_ZN8cceprint7set_vspEm] -> 0xffff8f278390
cceprint: [_ZN8cceprint4sff0Em] -> 0xffff8f278420
cceprint: [_ZN8cceprint4sff1Em] -> 0xffff8f27846c
cceprint: [_ZN8cceprint7sflbitsEl] -> 0xffff8f2784b8
cceprint: [_ZN8cceprint6st_devEtPts] -> 0xffff8f278504
cceprint: [_ZN8cceprint6st_devEjPjs] -> 0xffff8f278678
cceprint: [_ZN8cceprint6st_devEmPms] -> 0xffff8f2787ec
cceprint: [_ZN8cceprint6st_devEhPhs] -> 0xffff8f27896c
cceprint: [_ZN8cceprint21store_l1_to_out_imageEPN7float165Fp16TES2_mm] -> 0xffff8f278aec
cceprint: [_ZN8cceprint21store_l1_to_out_imageEPN7float165Fp16TES2_thththbhm] -> 0xffff8f278cb4
cceprint: [_ZN8cceprint21store_l1_to_out_imageEPsS0_mm] -> 0xffff8f279038
cceprint: [_ZN8cceprint21store_l1_to_out_imageEPsS0_thththbhm] -> 0xffff8f279200
cceprint: [_ZN8cceprint4trapEm] -> 0xffff8f279584
cceprint: [_ZN8cceprint6plt_b8ERj7Literal] -> 0xffff8f279614
cceprint: [_ZN8cceprint7plt_b16ERj7Literal] -> 0xffff8f2796f0
cceprint: [_ZN8cceprint7plt_b32ERj7Literal] -> 0xffff8f2797cc
cceprint: [_ZN8cceprint7pltm_b8Etj] -> 0xffff8f2798a8
cceprint: [_ZN8cceprint8pltm_b16Etj] -> 0xffff8f279968
cceprint: [_ZN8cceprint8pltm_b32Etj] -> 0xffff8f279a28
cceprint: [_ZN8cceprint7vag_b32Et] -> 0xffff8f279ae8
cceprint: [_ZN8cceprint7vag_b32Ett] -> 0xffff8f279b6c
cceprint: [_ZN8cceprint7vag_b32Ettt] -> 0xffff8f279c2c
cceprint: [_ZN8cceprint7vag_b32Etttt] -> 0xffff8f279d28
cceprint: [_ZN8cceprint7vag_b16Et] -> 0xffff8f279e60
cceprint: [_ZN8cceprint7vag_b16Ett] -> 0xffff8f279ee4
cceprint: [_ZN8cceprint7vag_b16Ettt] -> 0xffff8f279fa4
cceprint: [_ZN8cceprint7vag_b16Etttt] -> 0xffff8f27a0a0
cceprint: [_ZN8cceprint4trapEv] -> 0xffff8f27a1d8
cceprint: [_ZN8cceprint7mem_barE7Literal] -> 0xffff8f27a238
cceprint: [_ZN8cceprint4vaddERA64_iPiS2_h7Literal] -> 0xffff8f27a2c8
cceprint: [_ZN8cceprint4vaddERA64_jPjS2_h7Literal] -> 0xffff8f27a454
cceprint: [_ZN8cceprint4vaddERA128_sPsS2_h7Literal] -> 0xffff8f27a5e0
cceprint: [_ZN8cceprint4vaddERA128_tPtS2_h7Literal] -> 0xffff8f27a76c
cceprint: [_ZN8cceprint4vaddERA256_aPaS2_h7Literal] -> 0xffff8f27a8f8
cceprint: [_ZN8cceprint4vaddERA256_hPhS2_h7Literal] -> 0xffff8f27aa84
cceprint: [_ZN8cceprint4vaddERA64_fPfS2_h7Literal] -> 0xffff8f27ac10
cceprint: [_ZN8cceprint4vaddERA128_N7float165Fp16TEPS1_S4_h7Literal] -> 0xffff8f27ad9c
cceprint: [_ZN8cceprint4vabsERA64_fPfh7Literal] -> 0xffff8f27af28
cceprint: [_ZN8cceprint4vabsERA128_N7float165Fp16TEPS1_h7Literal] -> 0xffff8f27b078
cceprint: [_ZN8cceprint4vabsERA256_aPah7Literal] -> 0xffff8f27b1c8
cceprint: [_ZN8cceprint4vabsERA128_sPsh7Literal] -> 0xffff8f27b318
cceprint: [_ZN8cceprint4vabsERA64_iPih7Literal] -> 0xffff8f27b468
cceprint: [_ZN8cceprint4vrecERA64_fPfh7Literal] -> 0xffff8f27b5b8
cceprint: [_ZN8cceprint4vrecERA128_N7float165Fp16TEPS1_h7Literal] -> 0xffff8f27b708
cceprint: [_ZN8cceprint6vrsqrtERA64_fPfh7Literal] -> 0xffff8f27b858
cceprint: [_ZN8cceprint6vrsqrtERA128_N7float165Fp16TEPS1_h7Literal] -> 0xffff8f27b9a8
cceprint: [_ZN8cceprint5vreluERA64_fPfh7Literal] -> 0xffff8f27baf8
cceprint: [_ZN8cceprint5vreluERA128_N7float165Fp16TEPS1_h7Literal] -> 0xffff8f27bc48
cceprint: [_ZN8cceprint5vreluERA64_iPih7Literal] -> 0xffff8f27bd98
cceprint: [_ZN8cceprint5vsqrtERA64_fPfh7Literal] -> 0xffff8f27bee8
cceprint: [_ZN8cceprint5vsqrtERA128_N7float165Fp16TEPS1_h7Literal] -> 0xffff8f27c038
cceprint: [_ZN8cceprint3vlnERA64_fPfh7Literal] -> 0xffff8f27c188
cceprint: [_ZN8cceprint3vlnERA128_N7float165Fp16TEPS1_h7Literal] -> 0xffff8f27c2d8
cceprint: [_ZN8cceprint4vexpERA64_fPfh7Literal] -> 0xffff8f27c428
cceprint: [_ZN8cceprint4vexpERA128_N7float165Fp16TEPS1_h7Literal] -> 0xffff8f27c578
cceprint: [_ZN8cceprint4vnotERA256_hPhh7Literal] -> 0xffff8f27c6c8
cceprint: [_ZN8cceprint4vnotERA256_aPah7Literal] -> 0xffff8f27c818
cceprint: [_ZN8cceprint4vnotERA128_tPth7Literal] -> 0xffff8f27c968
cceprint: [_ZN8cceprint4vnotERA128_sPsh7Literal] -> 0xffff8f27cab8
cceprint: [_ZN8cceprint4vnotERA128_N7float165Fp16TEPS1_h7Literal] -> 0xffff8f27cc08
cceprint: [_ZN8cceprint4vnotERA64_iPih7Literal] -> 0xffff8f27cd58
cceprint: [_ZN8cceprint4vnotERA64_jPjh7Literal] -> 0xffff8f27cea8
cceprint: [_ZN8cceprint4vnotERA64_fPfh7Literal] -> 0xffff8f27cff8
cceprint: [_ZN8cceprint4pldsERhPji7Literal] -> 0xffff8f27d148
cceprint: [_ZN8cceprint4pldsERhRPji7LiteralS3_] -> 0xffff8f27d29c
cceprint: [_ZN8cceprint8movp_b16Ev] -> 0xffff8f27d448
cceprint: [_ZN8cceprint8movp_b32Ev] -> 0xffff8f27d4a8
cceprint: [_ZN8cceprint4pstsEhPji7Literal] -> 0xffff8f27d508
cceprint: [_ZN8cceprint5ppackERhh7Literal] -> 0xffff8f27d658
cceprint: [_ZN8cceprint7punpackERhh7Literal] -> 0xffff8f27d77c
cceprint: [_ZN8cceprint6vintlvERA256_hS1_PhS2_] -> 0xffff8f27d8a0
cceprint: [_ZN8cceprint6vintlvERA256_aS1_PaS2_] -> 0xffff8f27d9d8
cceprint: [_ZN8cceprint6vintlvERA128_N7float165Fp16TES3_PS1_S4_] -> 0xffff8f27db10
cceprint: [_ZN8cceprint6vintlvERA128_sS1_PsS2_] -> 0xffff8f27dc48
cceprint: [_ZN8cceprint6vintlvERA128_tS1_PtS2_] -> 0xffff8f27dd80
cceprint: [_ZN8cceprint6vintlvERA64_fS1_PfS2_] -> 0xffff8f27deb8
cceprint: [_ZN8cceprint6vintlvERA64_iS1_PiS2_] -> 0xffff8f27dff0
cceprint: [_ZN8cceprint6vintlvERA64_jS1_PjS2_] -> 0xffff8f27e128
cceprint: [_ZN8cceprint7vdintlvERA256_hS1_PhS2_] -> 0xffff8f27e260
cceprint: [_ZN8cceprint7vdintlvERA256_aS1_PaS2_] -> 0xffff8f27e398
cceprint: [_ZN8cceprint7vdintlvERA128_N7float165Fp16TES3_PS1_S4_] -> 0xffff8f27e4d0
cceprint: [_ZN8cceprint7vdintlvERA128_sS1_PsS2_] -> 0xffff8f27e608
cceprint: [_ZN8cceprint7vdintlvERA128_tS1_PtS2_] -> 0xffff8f27e740
cceprint: [_ZN8cceprint7vdintlvERA64_fS1_PfS2_] -> 0xffff8f27e878
cceprint: [_ZN8cceprint7vdintlvERA64_iS1_PiS2_] -> 0xffff8f27e9b0
cceprint: [_ZN8cceprint7vdintlvERA64_jS1_PjS2_] -> 0xffff8f27eae8
cceprint: [_ZN8cceprint9pintlv_b8ERhS0_hh] -> 0xffff8f27ec20
cceprint: [_ZN8cceprint10pintlv_b16ERhS0_hh] -> 0xffff8f27ed90
cceprint: [_ZN8cceprint10pintlv_b32ERhS0_hh] -> 0xffff8f27ef00
cceprint: [_ZN8cceprint10pdintlv_b8ERhS0_hh] -> 0xffff8f27f070
cceprint: [_ZN8cceprint11pdintlv_b16ERhS0_hh] -> 0xffff8f27f1e0
cceprint: [_ZN8cceprint11pdintlv_b32ERhS0_hh] -> 0xffff8f27f350
cceprint: [_ZN8cceprint5vsstbEPaS0_ih] -> 0xffff8f27f4c0
cceprint: [_ZN8cceprint5vsstbEPhS0_ih] -> 0xffff8f27f604
cceprint: [_ZN8cceprint5vsstbEPsS0_ih] -> 0xffff8f27f748
cceprint: [_ZN8cceprint5vsstbEPtS0_ih] -> 0xffff8f27f88c
cceprint: [_ZN8cceprint5vsstbEPiS0_ih] -> 0xffff8f27f9d0
cceprint: [_ZN8cceprint5vsstbEPjS0_ih] -> 0xffff8f27fb14
cceprint: [_ZN8cceprint5vsstbEPN8bfloat165Bf16TES2_ih] -> 0xffff8f27fc58
cceprint: [_ZN8cceprint5vsstbEPN7float165Fp16TES2_ih] -> 0xffff8f27fd9c
cceprint: [_ZN8cceprint5vsstbEPfS0_ih] -> 0xffff8f27fee0
cceprint: [_ZN8cceprint5vsstbEPaRS0_ih7Literal] -> 0xffff8f280024
cceprint: [_ZN8cceprint5vsstbEPhRS0_ih7Literal] -> 0xffff8f2801c0
cceprint: [_ZN8cceprint5vsstbEPsRS0_ih7Literal] -> 0xffff8f28035c
cceprint: [_ZN8cceprint5vsstbEPtRS0_ih7Literal] -> 0xffff8f2804f8
cceprint: [_ZN8cceprint5vsstbEPiRS0_ih7Literal] -> 0xffff8f280694
cceprint: [_ZN8cceprint5vsstbEPjRS0_ih7Literal] -> 0xffff8f280830
cceprint: [_ZN8cceprint5vsstbEPN8bfloat165Bf16TERS2_ih7Literal] -> 0xffff8f2809cc
cceprint: [_ZN8cceprint5vsstbEPN7float165Fp16TERS2_ih7Literal] -> 0xffff8f280b68
cceprint: [_ZN8cceprint5vsstbEPfRS0_ih7Literal] -> 0xffff8f280d04
cceprint: [_ZN8cceprint5vsldbERA256_aPaih] -> 0xffff8f280ea0
cceprint: [_ZN8cceprint5vsldbERA256_hPhih] -> 0xffff8f280fe4
cceprint: [_ZN8cceprint5vsldbERA128_sPsih] -> 0xffff8f281128
cceprint: [_ZN8cceprint5vsldbERA128_tPtih] -> 0xffff8f28126c
cceprint: [_ZN8cceprint5vsldbERA64_iPiih] -> 0xffff8f2813b0
cceprint: [_ZN8cceprint5vsldbERA64_jPjih] -> 0xffff8f2814f4
cceprint: [_ZN8cceprint5vsldbERA32_lPlih] -> 0xffff8f281638
cceprint: [_ZN8cceprint5vsldbERA128_N8bfloat165Bf16TEPS1_ih] -> 0xffff8f28177c
cceprint: [_ZN8cceprint5vsldbERA128_N7float165Fp16TEPS1_ih] -> 0xffff8f2818c0
cceprint: [_ZN8cceprint5vsldbERA64_fPfih] -> 0xffff8f281a04
cceprint: [_ZN8cceprint5vsldbERA256_aRPaih7Literal] -> 0xffff8f281b48
cceprint: [_ZN8cceprint5vsldbERA256_hRPhih7Literal] -> 0xffff8f281ce4
cceprint: [_ZN8cceprint5vsldbERA128_sRPsih7Literal] -> 0xffff8f281e80
cceprint: [_ZN8cceprint5vsldbERA128_tRPtih7Literal] -> 0xffff8f28201c
cceprint: [_ZN8cceprint5vsldbERA64_iRPiih7Literal] -> 0xffff8f2821b8
cceprint: [_ZN8cceprint5vsldbERA64_jRPjih7Literal] -> 0xffff8f282354
cceprint: [_ZN8cceprint5vsldbERA32_lRPlih7Literal] -> 0xffff8f2824f0
cceprint: [_ZN8cceprint5vsldbERA128_N8bfloat165Bf16TERPS1_ih7Literal] -> 0xffff8f28268c
cceprint: [_ZN8cceprint5vsldbERA128_N7float165Fp16TERPS1_ih7Literal] -> 0xffff8f282828
cceprint: [_ZN8cceprint5vsldbERA64_fRPfih7Literal] -> 0xffff8f2829c4
cceprint: [_ZN8cceprint3vstEPaS0_i7Literalh] -> 0xffff8f282b60
cceprint: [_ZN8cceprint3vstEPhS0_i7Literalh] -> 0xffff8f282cec
cceprint: [_ZN8cceprint3vstEPsS0_i7Literalh] -> 0xffff8f282e78
cceprint: [_ZN8cceprint3vstEPtS0_i7Literalh] -> 0xffff8f283004
cceprint: [_ZN8cceprint3vstEPiS0_i7Literalh] -> 0xffff8f283190
cceprint: [_ZN8cceprint3vstEPjS0_i7Literalh] -> 0xffff8f28331c
cceprint: [_ZN8cceprint3vstEPmS0_i7Literalh] -> 0xffff8f2834a8
cceprint: [_ZN8cceprint3vstEPlS0_i7Literalh] -> 0xffff8f283634
cceprint: [_ZN8cceprint3vstEPN8bfloat165Bf16TES2_i7Literalh] -> 0xffff8f2837c0
cceprint: [_ZN8cceprint3vstEPN7float165Fp16TES2_i7Literalh] -> 0xffff8f28394c
cceprint: [_ZN8cceprint3vstEPfS0_i7Literalh] -> 0xffff8f283ad8
cceprint: [_ZN8cceprint3vstEPaS0_S0_i7Literalh] -> 0xffff8f283c64
cceprint: [_ZN8cceprint3vstEPhS0_S0_i7Literalh] -> 0xffff8f283e2c
cceprint: [_ZN8cceprint3vstEPsS0_S0_i7Literalh] -> 0xffff8f283ff4
cceprint: [_ZN8cceprint3vstEPtS0_S0_i7Literalh] -> 0xffff8f2841bc
cceprint: [_ZN8cceprint3vstEPN8bfloat165Bf16TES2_S2_i7Literalh] -> 0xffff8f284384
cceprint: [_ZN8cceprint3vstEPN7float165Fp16TES2_S2_i7Literalh] -> 0xffff8f28454c
cceprint: [_ZN8cceprint4vstsEPaS0_i7Literalh] -> 0xffff8f284714
cceprint: [_ZN8cceprint4vstsEPhS0_i7Literalh] -> 0xffff8f2848a0
cceprint: [_ZN8cceprint4vstsEPsS0_i7Literalh] -> 0xffff8f284a2c
cceprint: [_ZN8cceprint4vstsEPtS0_i7Literalh] -> 0xffff8f284bb8
cceprint: [_ZN8cceprint4vstsEPiS0_i7Literalh] -> 0xffff8f284d44
cceprint: [_ZN8cceprint4vstsEPjS0_i7Literalh] -> 0xffff8f284ed0
cceprint: [_ZN8cceprint4vstsEPmS0_i7Literalh] -> 0xffff8f28505c
cceprint: [_ZN8cceprint4vstsEPlS0_i7Literalh] -> 0xffff8f2851e8
cceprint: [_ZN8cceprint4vstsEPN8bfloat165Bf16TES2_i7Literalh] -> 0xffff8f285374
cceprint: [_ZN8cceprint4vstsEPN7float165Fp16TES2_i7Literalh] -> 0xffff8f285500
cceprint: [_ZN8cceprint4vstsEPfS0_i7Literalh] -> 0xffff8f28568c
cceprint: [_ZN8cceprint5vstuiERA32_ajPN7float165Fp16TERS4_] -> 0xffff8f285818
cceprint: [_ZN8cceprint5vstuiERA32_ajPN7float165Fp16TERS4_7Literal] -> 0xffff8f285960
cceprint: [_ZN8cceprint5vstuiERA32_ajPfRS2_] -> 0xffff8f285af0
cceprint: [_ZN8cceprint5vstuiERA32_ajPfRS2_7Literal] -> 0xffff8f285c38
cceprint: [_ZN8cceprint5vstusERA32_ajPN7float165Fp16TERS4_] -> 0xffff8f285dc8
cceprint: [_ZN8cceprint5vstusERA32_ajPN7float165Fp16TERS4_7Literal] -> 0xffff8f285f10
cceprint: [_ZN8cceprint5vstusERA32_ajPfRS2_] -> 0xffff8f2860a0
cceprint: [_ZN8cceprint5vstusERA32_ajPfRS2_7Literal] -> 0xffff8f2861e8
cceprint: [_ZN8cceprint5vstaiEPaPN7float165Fp16TEi] -> 0xffff8f286378
cceprint: [_ZN8cceprint5vstaiEPaRPN7float165Fp16TEi7Literal] -> 0xffff8f286474
cceprint: [_ZN8cceprint5vstaiEPaPfi] -> 0xffff8f2865c8
cceprint: [_ZN8cceprint5vstaiEPaRPfi7Literal] -> 0xffff8f2866c4
cceprint: [_ZN8cceprint5vstasEPaPN7float165Fp16TEi] -> 0xffff8f286818
cceprint: [_ZN8cceprint5vstasEPaRPN7float165Fp16TEi7Literal] -> 0xffff8f286914
cceprint: [_ZN8cceprint5vstasEPaPfi] -> 0xffff8f286a68
cceprint: [_ZN8cceprint5vstasEPaRPfi7Literal] -> 0xffff8f286b64
cceprint: [_ZN8cceprint3vorERA256_hPhS2_h7Literal] -> 0xffff8f286cb8
cceprint: [_ZN8cceprint3vorERA256_aPaS2_h7Literal] -> 0xffff8f286e44
cceprint: [_ZN8cceprint3vorERA128_tPtS2_h7Literal] -> 0xffff8f286fd0
cceprint: [_ZN8cceprint3vorERA128_sPsS2_h7Literal] -> 0xffff8f28715c
cceprint: [_ZN8cceprint3vorERA64_iPiS2_h7Literal] -> 0xffff8f2872e8
cceprint: [_ZN8cceprint3vorERA64_jPjS2_h7Literal] -> 0xffff8f287474
cceprint: [_ZN8cceprint3vorERA64_fPfS2_h7Literal] -> 0xffff8f287600
cceprint: [_ZN8cceprint3vorERA128_N7float165Fp16TEPS1_S4_h7Literal] -> 0xffff8f28778c
cceprint: [_ZN8cceprint4vandERA256_hPhS2_h7Literal] -> 0xffff8f287918
cceprint: [_ZN8cceprint4vandERA256_aPaS2_h7Literal] -> 0xffff8f287aa4
cceprint: [_ZN8cceprint4vandERA128_tPtS2_h7Literal] -> 0xffff8f287c30
cceprint: [_ZN8cceprint4vandERA128_sPsS2_h7Literal] -> 0xffff8f287dbc
cceprint: [_ZN8cceprint4vandERA64_iPiS2_h7Literal] -> 0xffff8f287f48
cceprint: [_ZN8cceprint4vandERA64_jPjS2_h7Literal] -> 0xffff8f2880d4
cceprint: [_ZN8cceprint4vandERA64_fPfS2_h7Literal] -> 0xffff8f288260
cceprint: [_ZN8cceprint4vandERA128_N7float165Fp16TEPS1_S4_h7Literal] -> 0xffff8f2883ec
cceprint: [_ZN8cceprint4vmaxERA256_hPhS2_h7Literal] -> 0xffff8f288578
cceprint: [_ZN8cceprint4vmaxERA256_aPaS2_h7Literal] -> 0xffff8f288704
cceprint: [_ZN8cceprint4vmaxERA128_tPtS2_h7Literal] -> 0xffff8f288890
cceprint: [_ZN8cceprint4vmaxERA128_sPsS2_h7Literal] -> 0xffff8f288a1c
cceprint: [_ZN8cceprint4vmaxERA64_iPiS2_h7Literal] -> 0xffff8f288ba8
cceprint: [_ZN8cceprint4vmaxERA64_jPjS2_h7Literal] -> 0xffff8f288d34
cceprint: [_ZN8cceprint4vmaxERA64_fPfS2_h7Literal] -> 0xffff8f288ec0
cceprint: [_ZN8cceprint4vmaxERA128_N7float165Fp16TEPS1_S4_h7Literal] -> 0xffff8f28904c
cceprint: [_ZN8cceprint4vminERA256_hPhS2_h7Literal] -> 0xffff8f2891d8
cceprint: [_ZN8cceprint4vminERA256_aPaS2_h7Literal] -> 0xffff8f289364
cceprint: [_ZN8cceprint4vminERA128_tPtS2_h7Literal] -> 0xffff8f2894f0
cceprint: [_ZN8cceprint4vminERA128_sPsS2_h7Literal] -> 0xffff8f28967c
cceprint: [_ZN8cceprint4vminERA64_iPiS2_h7Literal] -> 0xffff8f289808
cceprint: [_ZN8cceprint4vminERA64_jPjS2_h7Literal] -> 0xffff8f289994
cceprint: [_ZN8cceprint4vminERA64_fPfS2_h7Literal] -> 0xffff8f289b20
cceprint: [_ZN8cceprint4vminERA128_N7float165Fp16TEPS1_S4_h7Literal] -> 0xffff8f289cac
cceprint: [_ZN8cceprint4vsubERA256_hPhS2_h7Literal] -> 0xffff8f289e38
cceprint: [_ZN8cceprint4vsubERA256_aPaS2_h7Literal] -> 0xffff8f289fc4
cceprint: [_ZN8cceprint4vsubERA128_tPtS2_h7Literal] -> 0xffff8f28a150
cceprint: [_ZN8cceprint4vsubERA128_sPsS2_h7Literal] -> 0xffff8f28a2dc
cceprint: [_ZN8cceprint4vsubERA64_iPiS2_h7Literal] -> 0xffff8f28a468
cceprint: [_ZN8cceprint4vsubERA64_jPjS2_h7Literal] -> 0xffff8f28a5f4
cceprint: [_ZN8cceprint4vsubERA64_fPfS2_h7Literal] -> 0xffff8f28a780
cceprint: [_ZN8cceprint4vsubERA128_N7float165Fp16TEPS1_S4_h7Literal] -> 0xffff8f28a90c
cceprint: [_ZN8cceprint4vmulERA256_hPhS2_h7Literal] -> 0xffff8f28aa98
cceprint: [_ZN8cceprint4vmulERA256_aPaS2_h7Literal] -> 0xffff8f28ac24
cceprint: [_ZN8cceprint4vmulERA128_tPtS2_h7Literal] -> 0xffff8f28adb0
cceprint: [_ZN8cceprint4vmulERA128_sPsS2_h7Literal] -> 0xffff8f28af3c
cceprint: [_ZN8cceprint4vmulERA64_iPiS2_h7Literal] -> 0xffff8f28b0c8
cceprint: [_ZN8cceprint4vmulERA64_jPjS2_h7Literal] -> 0xffff8f28b254
cceprint: [_ZN8cceprint4vmulERA64_fPfS2_h7Literal] -> 0xffff8f28b3e0
cceprint: [_ZN8cceprint4vmulERA128_N7float165Fp16TEPS1_S4_h7Literal] -> 0xffff8f28b56c
cceprint: [_ZN8cceprint4vdivERA256_hPhS2_h7Literal] -> 0xffff8f28b6f8
cceprint: [_ZN8cceprint4vdivERA256_aPaS2_h7Literal] -> 0xffff8f28b884
cceprint: [_ZN8cceprint4vdivERA128_tPtS2_h7Literal] -> 0xffff8f28ba10
cceprint: [_ZN8cceprint4vdivERA128_sPsS2_h7Literal] -> 0xffff8f28bb9c
cceprint: [_ZN8cceprint4vdivERA64_iPiS2_h7Literal] -> 0xffff8f28bd28
cceprint: [_ZN8cceprint4vdivERA64_jPjS2_h7Literal] -> 0xffff8f28beb4
cceprint: [_ZN8cceprint4vdivERA64_fPfS2_h7Literal] -> 0xffff8f28c040
cceprint: [_ZN8cceprint4vdivERA128_N7float165Fp16TEPS1_S4_h7Literal] -> 0xffff8f28c1cc
cceprint: [_ZN8cceprint7vcmp_eqERhPN7float165Fp16TES3_h] -> 0xffff8f28c358
cceprint: [_ZN8cceprint7vcmp_neERhPN7float165Fp16TES3_h] -> 0xffff8f28c4ac
cceprint: [_ZN8cceprint7vcmp_gtERhPN7float165Fp16TES3_h] -> 0xffff8f28c600
cceprint: [_ZN8cceprint7vcmp_geERhPN7float165Fp16TES3_h] -> 0xffff8f28c754
cceprint: [_ZN8cceprint7vcmp_ltERhPN7float165Fp16TES3_h] -> 0xffff8f28c8a8
cceprint: [_ZN8cceprint7vcmp_leERhPN7float165Fp16TES3_h] -> 0xffff8f28c9fc
cceprint: [_ZN8cceprint7vcmp_eqERhPfS1_h] -> 0xffff8f28cb50
cceprint: [_ZN8cceprint7vcmp_neERhPfS1_h] -> 0xffff8f28cca4
cceprint: [_ZN8cceprint7vcmp_gtERhPfS1_h] -> 0xffff8f28cdf8
cceprint: [_ZN8cceprint7vcmp_geERhPfS1_h] -> 0xffff8f28cf4c
cceprint: [_ZN8cceprint7vcmp_ltERhPfS1_h] -> 0xffff8f28d0a0
cceprint: [_ZN8cceprint7vcmp_leERhPfS1_h] -> 0xffff8f28d1f4
cceprint: [_ZN8cceprint4vselERA128_N7float165Fp16TEPS1_S4_h] -> 0xffff8f28d348
cceprint: [_ZN8cceprint4vselERA64_fPfS2_h] -> 0xffff8f28d48c
cceprint: [_ZN8cceprint3vbrERA128_N7float165Fp16TES1_] -> 0xffff8f28d5d0
cceprint: [_ZN8cceprint3vbrERA128_tt] -> 0xffff8f28d6a4
cceprint: [_ZN8cceprint3vbrERA128_ss] -> 0xffff8f28d764
cceprint: [_ZN8cceprint3vbrERA64_ff] -> 0xffff8f28d824
cceprint: [_ZN8cceprint3vbrERA64_jj] -> 0xffff8f28d8e4
cceprint: [_ZN8cceprint3vbrERA64_ii] -> 0xffff8f28d9a4
cceprint: [_ZN8cceprint6sprclrE7Literal] -> 0xffff8f28da64
cceprint: [_ZN8cceprint4pmovERhhh] -> 0xffff8f28daf4
cceprint: [_ZN8cceprint4vsqzERA128_N7float165Fp16TEPS1_h7Literal] -> 0xffff8f28dc18
cceprint: [_ZN8cceprint4vsqzERA128_tPth7Literal] -> 0xffff8f28dd68
cceprint: [_ZN8cceprint4vsqzERA128_sPsh7Literal] -> 0xffff8f28deb8
cceprint: [_ZN8cceprint4vsqzERA64_fPfh7Literal] -> 0xffff8f28e008
cceprint: [_ZN8cceprint4vsqzERA64_jPjh7Literal] -> 0xffff8f28e158
cceprint: [_ZN8cceprint4vsqzERA64_iPih7Literal] -> 0xffff8f28e2a8
cceprint: [_ZN8cceprint5vsturERA32_aPN7float165Fp16TES4_7Literal] -> 0xffff8f28e3f8
cceprint: [_ZN8cceprint5vsturERA32_aPtS2_7Literal] -> 0xffff8f28e53c
cceprint: [_ZN8cceprint5vsturERA32_aPsS2_7Literal] -> 0xffff8f28e680
cceprint: [_ZN8cceprint5vsturERA32_aPfS2_7Literal] -> 0xffff8f28e7c4
cceprint: [_ZN8cceprint5vsturERA32_aPjS2_7Literal] -> 0xffff8f28e908
cceprint: [_ZN8cceprint5vsturERA32_aPiS2_7Literal] -> 0xffff8f28ea4c
cceprint: [_ZN8cceprint5vstarEPaPN7float165Fp16TE] -> 0xffff8f28eb90
cceprint: [_ZN8cceprint5vstarEPaPs] -> 0xffff8f28ec50
cceprint: [_ZN8cceprint5vstarEPaPt] -> 0xffff8f28ed10
cceprint: [_ZN8cceprint5vstarEPaPf] -> 0xffff8f28edd0
cceprint: [_ZN8cceprint5vstarEPaPi] -> 0xffff8f28ee90
cceprint: [_ZN8cceprint5vstarEPaPj] -> 0xffff8f28ef50
cceprint: [_ZN8cceprint6pge_b8E7Literal] -> 0xffff8f28f010
cceprint: [_ZN8cceprint7pge_b16E7Literal] -> 0xffff8f28f0a0
cceprint: [_ZN8cceprint7pge_b32E7Literal] -> 0xffff8f28f130
cceprint: [_ZN8cceprint7pset_b8E7Literal] -> 0xffff8f28f1c0
cceprint: [_ZN8cceprint8pset_b16E7Literal] -> 0xffff8f28f250
cceprint: [_ZN8cceprint8pset_b32E7Literal] -> 0xffff8f28f2e0
cceprint: [_ZN8cceprint5vldasERA32_aPh] -> 0xffff8f28f370
cceprint: [_ZN8cceprint5vldasERA32_aPN7float165Fp16TE] -> 0xffff8f28f430
cceprint: [_ZN8cceprint5vldasERA32_aPt] -> 0xffff8f28f4f0
cceprint: [_ZN8cceprint5vldasERA32_aPs] -> 0xffff8f28f5b0
cceprint: [_ZN8cceprint5vldasERA32_aPf] -> 0xffff8f28f670
cceprint: [_ZN8cceprint5vldasERA32_aPj] -> 0xffff8f28f730
cceprint: [_ZN8cceprint5vldasERA32_aPi] -> 0xffff8f28f7f0
cceprint: [_ZN8cceprint5vldusERA256_hRA32_aRPhj7Literal] -> 0xffff8f28f8b0
cceprint: [_ZN8cceprint5vldusERA128_N7float165Fp16TERA32_aRPS1_j7Literal] -> 0xffff8f28fa40
cceprint: [_ZN8cceprint5vldusERA128_tRA32_aRPtj7Literal] -> 0xffff8f28fbd0
cceprint: [_ZN8cceprint5vldusERA128_sRA32_aRPsj7Literal] -> 0xffff8f28fd60
cceprint: [_ZN8cceprint5vldusERA64_fRA32_aRPfj7Literal] -> 0xffff8f28fef0
cceprint: [_ZN8cceprint5vldusERA64_jRA32_aRPjj7Literal] -> 0xffff8f290080
cceprint: [_ZN8cceprint5vldusERA64_iRA32_aRPij7Literal] -> 0xffff8f290210
cceprint: [_ZN8cceprint4vdupERA256_hhh7Literal] -> 0xffff8f2903a0
cceprint: [_ZN8cceprint4vdupERA256_aah7Literal] -> 0xffff8f2904fc
cceprint: [_ZN8cceprint4vdupERA128_tth7Literal] -> 0xffff8f290658
cceprint: [_ZN8cceprint4vdupERA128_ssh7Literal] -> 0xffff8f2907a8
cceprint: [_ZN8cceprint4vdupERA64_iih7Literal] -> 0xffff8f2908f8
cceprint: [_ZN8cceprint4vdupERA64_jjh7Literal] -> 0xffff8f290a48
cceprint: [_ZN8cceprint4vdupERA64_ffh7Literal] -> 0xffff8f290b98
cceprint: [_ZN8cceprint4vdupERA128_N7float165Fp16TES1_h7Literal] -> 0xffff8f290ce8
cceprint: [_ZN8cceprint3vldERA256_aPai7Literal] -> 0xffff8f290e4c
cceprint: [_ZN8cceprint3vldERA256_hPhi7Literal] -> 0xffff8f290f90
cceprint: [_ZN8cceprint3vldERA128_sPsi7Literal] -> 0xffff8f2910d4
cceprint: [_ZN8cceprint3vldERA128_tPti7Literal] -> 0xffff8f291218
cceprint: [_ZN8cceprint3vldERA64_iPii7Literal] -> 0xffff8f29135c
cceprint: [_ZN8cceprint3vldERA64_jPji7Literal] -> 0xffff8f2914a0
cceprint: [_ZN8cceprint3vldERA32_lPli7Literal] -> 0xffff8f2915e4
cceprint: [_ZN8cceprint3vldERA32_mPmi7Literal] -> 0xffff8f291728
cceprint: [_ZN8cceprint3vldERA128_N8bfloat165Bf16TEPS1_i7Literal] -> 0xffff8f29186c
cceprint: [_ZN8cceprint3vldERA128_N7float165Fp16TEPS1_i7Literal] -> 0xffff8f2919b0
cceprint: [_ZN8cceprint3vldERA64_fPfi7Literal] -> 0xffff8f291af4
cceprint: [_ZN8cceprint3vldERA256_aPa7Literal] -> 0xffff8f291c38
cceprint: [_ZN8cceprint3vldERA256_hPh7Literal] -> 0xffff8f291d40
cceprint: [_ZN8cceprint3vldERA128_sPs7Literal] -> 0xffff8f291e48
cceprint: [_ZN8cceprint3vldERA128_tPt7Literal] -> 0xffff8f291f50
cceprint: [_ZN8cceprint3vldERA64_iPi7Literal] -> 0xffff8f292058
cceprint: [_ZN8cceprint3vldERA64_jPj7Literal] -> 0xffff8f292160
cceprint: [_ZN8cceprint3vldERA32_lPl7Literal] -> 0xffff8f292268
cceprint: [_ZN8cceprint3vldERA32_mPm7Literal] -> 0xffff8f292370
cceprint: [_ZN8cceprint3vldERA128_N8bfloat165Bf16TEPS1_7Literal] -> 0xffff8f292478
cceprint: [_ZN8cceprint3vldERA128_N7float165Fp16TEPS1_7Literal] -> 0xffff8f292580
cceprint: [_ZN8cceprint3vldERA64_fPf7Literal] -> 0xffff8f292688
cceprint: [_ZN8cceprint3vldERA256_aS1_Pai7Literal] -> 0xffff8f292790
cceprint: [_ZN8cceprint3vldERA256_hS1_Phi7Literal] -> 0xffff8f292910
cceprint: [_ZN8cceprint3vldERA128_sS1_Psi7Literal] -> 0xffff8f292a90
cceprint: [_ZN8cceprint3vldERA128_tS1_Pti7Literal] -> 0xffff8f292c10
cceprint: [_ZN8cceprint3vldERA64_iS1_Pii7Literal] -> 0xffff8f292d90
cceprint: [_ZN8cceprint3vldERA64_jS1_Pji7Literal] -> 0xffff8f292f10
cceprint: [_ZN8cceprint3vldERA32_mS1_Pmi7Literal] -> 0xffff8f293090
cceprint: [_ZN8cceprint3vldERA32_lS1_Pli7Literal] -> 0xffff8f293210
cceprint: [_ZN8cceprint3vldERA128_N8bfloat165Bf16TES3_PS1_i7Literal] -> 0xffff8f293390
cceprint: [_ZN8cceprint3vldERA128_N7float165Fp16TES3_PS1_i7Literal] -> 0xffff8f293510
cceprint: [_ZN8cceprint3vldERA64_fS1_Pfi7Literal] -> 0xffff8f293690
cceprint: [_ZN8cceprint3vldERA256_aS1_Pa7Literal] -> 0xffff8f293810
cceprint: [_ZN8cceprint3vldERA256_hS1_Ph7Literal] -> 0xffff8f293954
cceprint: [_ZN8cceprint3vldERA128_sS1_Ps7Literal] -> 0xffff8f293a98
cceprint: [_ZN8cceprint3vldERA128_tS1_Pt7Literal] -> 0xffff8f293bdc
cceprint: [_ZN8cceprint3vldERA64_iS1_Pi7Literal] -> 0xffff8f293d20
cceprint: [_ZN8cceprint3vldERA64_jS1_Pj7Literal] -> 0xffff8f293e64
cceprint: [_ZN8cceprint3vldERA32_mS1_Pm7Literal] -> 0xffff8f293fa8
cceprint: [_ZN8cceprint3vldERA32_lS1_Pl7Literal] -> 0xffff8f2940ec
cceprint: [_ZN8cceprint3vldERA128_N8bfloat165Bf16TES3_PS1_7Literal] -> 0xffff8f294230
cceprint: [_ZN8cceprint3vldERA128_N7float165Fp16TES3_PS1_7Literal] -> 0xffff8f294374
cceprint: [_ZN8cceprint3vldERA64_fS1_Pf7Literal] -> 0xffff8f2944b8
cceprint: [_ZN8cceprint4vldsERA256_aPai7Literal] -> 0xffff8f2945fc
cceprint: [_ZN8cceprint4vldsERA256_hPhi7Literal] -> 0xffff8f294740
cceprint: [_ZN8cceprint4vldsERA128_sPsi7Literal] -> 0xffff8f294884
cceprint: [_ZN8cceprint4vldsERA128_tPti7Literal] -> 0xffff8f2949c8
cceprint: [_ZN8cceprint4vldsERA64_iPii7Literal] -> 0xffff8f294b0c
cceprint: [_ZN8cceprint4vldsERA64_jPji7Literal] -> 0xffff8f294c50
cceprint: [_ZN8cceprint4vldsERA32_mPmi7Literal] -> 0xffff8f294d94
cceprint: [_ZN8cceprint4vldsERA32_lPli7Literal] -> 0xffff8f294ed8
cceprint: [_ZN8cceprint4vldsERA128_N8bfloat165Bf16TEPS1_i7Literal] -> 0xffff8f29501c
cceprint: [_ZN8cceprint4vldsERA128_N7float165Fp16TEPS1_i7Literal] -> 0xffff8f295160
cceprint: [_ZN8cceprint4vldsERA64_fPfi7Literal] -> 0xffff8f2952a4
cceprint: [_ZN8cceprint5vaddsERA64_iPiih7Literal] -> 0xffff8f2953e8
cceprint: [_ZN8cceprint5vaddsERA64_jPjjh7Literal] -> 0xffff8f295574
cceprint: [_ZN8cceprint5vaddsERA128_sPssh7Literal] -> 0xffff8f295700
cceprint: [_ZN8cceprint5vaddsERA128_tPtth7Literal] -> 0xffff8f29588c
cceprint: [_ZN8cceprint5vaddsERA256_aPaah7Literal] -> 0xffff8f295a18
cceprint: [_ZN8cceprint5vaddsERA256_hPhhh7Literal] -> 0xffff8f295bb0
cceprint: [_ZN8cceprint5vaddsERA64_fPffh7Literal] -> 0xffff8f295d48
cceprint: [_ZN8cceprint5vaddsERA128_N7float165Fp16TEPS1_S1_h7Literal] -> 0xffff8f295ed4
cceprint: [_ZN8cceprint5vmulsERA64_iPiih7Literal] -> 0xffff8f296074
cceprint: [_ZN8cceprint5vmulsERA64_jPjjh7Literal] -> 0xffff8f296200
cceprint: [_ZN8cceprint5vmulsERA128_sPssh7Literal] -> 0xffff8f29638c
cceprint: [_ZN8cceprint5vmulsERA128_tPtth7Literal] -> 0xffff8f296518
cceprint: [_ZN8cceprint5vmulsERA256_aPaah7Literal] -> 0xffff8f2966a4
cceprint: [_ZN8cceprint5vmulsERA256_hPhhh7Literal] -> 0xffff8f29683c
cceprint: [_ZN8cceprint5vmulsERA64_fPffh7Literal] -> 0xffff8f2969d4
cceprint: [_ZN8cceprint5vmulsERA128_N7float165Fp16TEPS1_S1_h7Literal] -> 0xffff8f296b60
cceprint: [_ZN8cceprint5vmaxsERA64_iPiih7Literal] -> 0xffff8f296d00
cceprint: [_ZN8cceprint5vmaxsERA64_jPjjh7Literal] -> 0xffff8f296e8c
cceprint: [_ZN8cceprint5vmaxsERA128_sPssh7Literal] -> 0xffff8f297018
cceprint: [_ZN8cceprint5vmaxsERA128_tPtth7Literal] -> 0xffff8f2971a4
cceprint: [_ZN8cceprint5vmaxsERA256_aPaah7Literal] -> 0xffff8f297330
cceprint: [_ZN8cceprint5vmaxsERA256_hPhhh7Literal] -> 0xffff8f2974c8
cceprint: [_ZN8cceprint5vmaxsERA64_fPffh7Literal] -> 0xffff8f297660
cceprint: [_ZN8cceprint5vmaxsERA128_N7float165Fp16TEPS1_S1_h7Literal] -> 0xffff8f2977ec
cceprint: [_ZN8cceprint5vminsERA64_iPiih7Literal] -> 0xffff8f29798c
cceprint: [_ZN8cceprint5vminsERA64_jPjjh7Literal] -> 0xffff8f297b18
cceprint: [_ZN8cceprint5vminsERA128_sPssh7Literal] -> 0xffff8f297ca4
cceprint: [_ZN8cceprint5vminsERA128_tPtth7Literal] -> 0xffff8f297e30
cceprint: [_ZN8cceprint5vminsERA256_aPaah7Literal] -> 0xffff8f297fbc
cceprint: [_ZN8cceprint5vminsERA256_hPhhh7Literal] -> 0xffff8f298154
cceprint: [_ZN8cceprint5vminsERA64_fPffh7Literal] -> 0xffff8f2982ec
cceprint: [_ZN8cceprint5vminsERA128_N7float165Fp16TEPS1_S1_h7Literal] -> 0xffff8f298478
cceprint: [_ZN8cceprint5vshlsERA64_iPish7Literal] -> 0xffff8f298618
cceprint: [_ZN8cceprint5vshlsERA64_jPjsh7Literal] -> 0xffff8f2987a4
cceprint: [_ZN8cceprint5vshlsERA128_sPssh7Literal] -> 0xffff8f298930
cceprint: [_ZN8cceprint5vshlsERA128_tPtsh7Literal] -> 0xffff8f298abc
cceprint: [_ZN8cceprint5vshlsERA256_aPash7Literal] -> 0xffff8f298c48
cceprint: [_ZN8cceprint5vshlsERA256_hPhsh7Literal] -> 0xffff8f298dd4
cceprint: [_ZN8cceprint5vshrsERA64_iPish7Literal] -> 0xffff8f298f60
cceprint: [_ZN8cceprint5vshrsERA64_jPjsh7Literal] -> 0xffff8f2990ec
cceprint: [_ZN8cceprint5vshrsERA128_sPssh7Literal] -> 0xffff8f299278
cceprint: [_ZN8cceprint5vshrsERA128_tPtsh7Literal] -> 0xffff8f299404
cceprint: [_ZN8cceprint5vshrsERA256_aPash7Literal] -> 0xffff8f299590
cceprint: [_ZN8cceprint5vshrsERA256_hPhsh7Literal] -> 0xffff8f29971c
cceprint: [_ZN8cceprint6vlreluERA64_fPffh7Literal] -> 0xffff8f2998a8
cceprint: [_ZN8cceprint6vlreluERA128_N7float165Fp16TEPS1_S1_h7Literal] -> 0xffff8f299a34
cceprint: [_ZN8cceprint10use_pipe_vEv] -> 0xffff8f299bd4
cceprint: [_ZN8cceprint11use_pipe_v2Ev] -> 0xffff8f299c34
cceprint: [_ZN8cceprint8v4dtransEPtS0_m] -> 0xffff8f299c94
cceprint: [_ZN8cceprint8v4dtransEPtS0_ttb] -> 0xffff8f299d9c
cceprint: [_ZN8cceprint8v4dtransEPjS0_m] -> 0xffff8f299f10
cceprint: [_ZN8cceprint8v4dtransEPjS0_ttb] -> 0xffff8f29a018
cceprint: [_ZN8cceprint8v4dtransEPhS0_m] -> 0xffff8f29a18c
cceprint: [_ZN8cceprint8v4dtransEPhS0_ttb] -> 0xffff8f29a294
cceprint: [_ZN8cceprint5vaaddEPN7float165Fp16TES2_S2_m] -> 0xffff8f29a408
cceprint: [_ZN8cceprint5vaaddEPN7float165Fp16TES2_S2_hhhhhhh] -> 0xffff8f29a54c
cceprint: [_ZN8cceprint5vaaddEPN7float165Fp16TES2_S2_hhhhhhhbb] -> 0xffff8f29a838
cceprint: [_ZN8cceprint5vaaddEPfS0_S0_m] -> 0xffff8f29ab94
cceprint: [_ZN8cceprint5vaaddEPfS0_S0_hhhhhhh] -> 0xffff8f29acd8
cceprint: [_ZN8cceprint5vaaddEPfS0_S0_hhhhhhhbb] -> 0xffff8f29afc4
cceprint: [_ZN8cceprint4vabsEPN7float165Fp16TES2_m] -> 0xffff8f29b320
cceprint: [_ZN8cceprint4vabsEPN7float165Fp16TES2_htthh] -> 0xffff8f29b428
cceprint: [_ZN8cceprint4vabsEPN7float165Fp16TES2_htthhbb] -> 0xffff8f29b638
cceprint: [_ZN8cceprint4vabsEPN7float165Fp16TES2_htttt] -> 0xffff8f29b8bc
cceprint: [_ZN8cceprint4vabsEPfS0_m] -> 0xffff8f29bab4
cceprint: [_ZN8cceprint4vabsEPfS0_htthh] -> 0xffff8f29bbbc
cceprint: [_ZN8cceprint4vabsEPfS0_htthhbb] -> 0xffff8f29bdcc
cceprint: [_ZN8cceprint4vabsEPfS0_htttt] -> 0xffff8f29c050
cceprint: [_ZN8cceprint4vabsEPsS0_m] -> 0xffff8f29c248
cceprint: [_ZN8cceprint4vabsEPsS0_htthh] -> 0xffff8f29c350
cceprint: [_ZN8cceprint4vabsEPsS0_htthhbb] -> 0xffff8f29c560
cceprint: [_ZN8cceprint4vabsEPsS0_htttt] -> 0xffff8f29c7e4
cceprint: [_ZN8cceprint4vaddEPN7float165Fp16TES2_S2_m] -> 0xffff8f29c9dc
cceprint: [_ZN8cceprint4vaddEPN7float165Fp16TES2_S2_hhhhhhh] -> 0xffff8f29cb20
cceprint: [_ZN8cceprint4vaddEPN7float165Fp16TES2_S2_hhhhhhhbb] -> 0xffff8f29ce0c
cceprint: [_ZN8cceprint4vaddEPfS0_S0_hhhhhhh] -> 0xffff8f29d168
cceprint: [_ZN8cceprint4vaddEPfS0_S0_hhhhhhhbb] -> 0xffff8f29d454
cceprint: [_ZN8cceprint4vaddEPsS0_S0_m] -> 0xffff8f29d7b0
cceprint: [_ZN8cceprint4vaddEPsS0_S0_hhhhhhh] -> 0xffff8f29d8f4
cceprint: [_ZN8cceprint4vaddEPsS0_S0_hhhhhhhbb] -> 0xffff8f29dbe0
cceprint: [_ZN8cceprint4vaddEPiS0_S0_m] -> 0xffff8f29df3c
cceprint: [_ZN8cceprint4vaddEPiS0_S0_hhhhhhh] -> 0xffff8f29e080
cceprint: [_ZN8cceprint4vaddEPiS0_S0_hhhhhhhbb] -> 0xffff8f29e36c
cceprint: [_ZN8cceprint11vadddeqreluEPN7float165Fp16TEPiS3_m] -> 0xffff8f29e6c8
cceprint: [_ZN8cceprint11vadddeqreluEPN7float165Fp16TEPiS3_hhhhhhh] -> 0xffff8f29e80c
cceprint: [_ZN8cceprint11vadddeqreluEPN7float165Fp16TEPiS3_hhhhhhhbb] -> 0xffff8f29eaf8
cceprint: [_ZN8cceprint8vaddreluEPN7float165Fp16TES2_S2_m] -> 0xffff8f29ee54
cceprint: [_ZN8cceprint8vaddreluEPN7float165Fp16TES2_S2_hhhhhhhbb] -> 0xffff8f29ef98
cceprint: [_ZN8cceprint8vaddreluEPN7float165Fp16TES2_S2_hhhhhhh] -> 0xffff8f29f2f4
cceprint: [_ZN8cceprint8vaddreluEPfS0_S0_m] -> 0xffff8f29f5e0
cceprint: [_ZN8cceprint8vaddreluEPfS0_S0_hhhhhhhbb] -> 0xffff8f29f724
cceprint: [_ZN8cceprint8vaddreluEPfS0_S0_hhhhhhh] -> 0xffff8f29fa80
cceprint: [_ZN8cceprint8vaddreluEPsS0_S0_m] -> 0xffff8f29fd6c
cceprint: [_ZN8cceprint8vaddreluEPsS0_S0_hhhhhhhbb] -> 0xffff8f29feb0
cceprint: [_ZN8cceprint8vaddreluEPsS0_S0_hhhhhhh] -> 0xffff8f2a020c
cceprint: [_ZN8cceprint19vaddreluconv_f162s8EPaPN7float165Fp16TES3_mb] -> 0xffff8f2a04f8
cceprint: [_ZN8cceprint19vaddreluconv_f162s8EPaPN7float165Fp16TES3_hhhhhhhbbb] -> 0xffff8f2a0678
cceprint: [_ZN8cceprint19vaddreluconv_f162s8EPaPN7float165Fp16TES3_hhhhhhhb] -> 0xffff8f2a0a0c
cceprint: [_ZN8cceprint20vaddreluconv_f322f16EPN7float165Fp16TEPfS3_mb] -> 0xffff8f2a0d30
cceprint: [_ZN8cceprint20vaddreluconv_f322f16EPN7float165Fp16TEPfS3_hhhhhhhbbb] -> 0xffff8f2a0eb0
cceprint: [_ZN8cceprint20vaddreluconv_f322f16EPN7float165Fp16TEPfS3_hhhhhhhb] -> 0xffff8f2a1244
cceprint: [_ZN8cceprint19vaddreluconv_s162s8EPaPsS1_mb] -> 0xffff8f2a1568
cceprint: [_ZN8cceprint19vaddreluconv_s162s8EPaPsS1_hhhhhhhbbb] -> 0xffff8f2a16e8
cceprint: [_ZN8cceprint19vaddreluconv_s162s8EPaPsS1_hhhhhhhb] -> 0xffff8f2a1a7c
cceprint: [_ZN8cceprint23vaddreluconv_vdeqs162b8EPaPsS1_mb] -> 0xffff8f2a1da0
cceprint: [_ZN8cceprint23vaddreluconv_vdeqs162b8EPhPsS1_mb] -> 0xffff8f2a1f20
cceprint: [_ZN8cceprint23vaddreluconv_vdeqs162b8EPhPsS1_hhhhhhhbbb] -> 0xffff8f2a20a0
cceprint: [_ZN8cceprint23vaddreluconv_vdeqs162b8EPhPsS1_hhhhhhhb] -> 0xffff8f2a2434
cceprint: [_ZN8cceprint23vaddreluconv_vdeqs162b8EPaPsS1_hhhhhhhbbb] -> 0xffff8f2a2758
cceprint: [_ZN8cceprint23vaddreluconv_vdeqs162b8EPaPsS1_hhhhhhhb] -> 0xffff8f2a2aec
cceprint: [_ZN8cceprint5vaddsEPN7float165Fp16TES2_S1_m] -> 0xffff8f2a2e10
cceprint: [_ZN8cceprint5vaddsEPN7float165Fp16TES2_S1_htthh] -> 0xffff8f2a2f68
cceprint: [_ZN8cceprint5vaddsEPN7float165Fp16TES2_S1_htthhbb] -> 0xffff8f2a31c8
cceprint: [_ZN8cceprint5vaddsEPN7float165Fp16TES2_S1_htttt] -> 0xffff8f2a3498
cceprint: [_ZN8cceprint5vaddsEPfS0_fm] -> 0xffff8f2a36e0
cceprint: [_ZN8cceprint5vaddsEPfS0_fhtthh] -> 0xffff8f2a3824
cceprint: [_ZN8cceprint5vaddsEPfS0_fhtthhbb] -> 0xffff8f2a3a70
cceprint: [_ZN8cceprint5vaddsEPfS0_fhtttt] -> 0xffff8f2a3d30
cceprint: [_ZN8cceprint5vaddsEPsS0_sm] -> 0xffff8f2a3f64
cceprint: [_ZN8cceprint5vaddsEPsS0_shtthh] -> 0xffff8f2a40a8
cceprint: [_ZN8cceprint5vaddsEPsS0_shtthhbb] -> 0xffff8f2a42f4
cceprint: [_ZN8cceprint5vaddsEPsS0_shtttt] -> 0xffff8f2a45b0
cceprint: [_ZN8cceprint5vaddsEPiS0_im] -> 0xffff8f2a47e4
cceprint: [_ZN8cceprint5vaddsEPiS0_ihtthh] -> 0xffff8f2a4928
cceprint: [_ZN8cceprint5vaddsEPiS0_ihtthhbb] -> 0xffff8f2a4b74
cceprint: [_ZN8cceprint5vaddsEPiS0_ihtttt] -> 0xffff8f2a4e30
cceprint: [_ZN8cceprint4vandEPsS0_S0_m] -> 0xffff8f2a5064
cceprint: [_ZN8cceprint4vandEPsS0_S0_hhhhhhh] -> 0xffff8f2a51a8
cceprint: [_ZN8cceprint4vandEPsS0_S0_hhhhhhhbb] -> 0xffff8f2a5494
cceprint: [_ZN8cceprint4vandEPtS0_S0_m] -> 0xffff8f2a57f0
cceprint: [_ZN8cceprint4vandEPtS0_S0_hhhhhhh] -> 0xffff8f2a5934
cceprint: [_ZN8cceprint4vandEPtS0_S0_hhhhhhhbb] -> 0xffff8f2a5c20
cceprint: [_ZN8cceprint5vaxpyEPN7float165Fp16TES2_S1_m] -> 0xffff8f2a5f7c
cceprint: [_ZN8cceprint5vaxpyEPN7float165Fp16TES2_S1_htthh] -> 0xffff8f2a60d4
cceprint: [_ZN8cceprint5vaxpyEPN7float165Fp16TES2_S1_htthhbb] -> 0xffff8f2a6334
cceprint: [_ZN8cceprint5vaxpyEPN7float165Fp16TES2_S1_htttt] -> 0xffff8f2a6604
cceprint: [_ZN8cceprint5vaxpyEPfS0_fm] -> 0xffff8f2a684c
cceprint: [_ZN8cceprint5vaxpyEPfS0_fhtthh] -> 0xffff8f2a6990
cceprint: [_ZN8cceprint5vaxpyEPfS0_fhtthhbb] -> 0xffff8f2a6bdc
cceprint: [_ZN8cceprint5vaxpyEPfS0_fhtttt] -> 0xffff8f2a6e9c
cceprint: [_ZN8cceprint5vaxpyEPfPN7float165Fp16TES2_m] -> 0xffff8f2a70d0
cceprint: [_ZN8cceprint5vaxpyEPfPN7float165Fp16TES2_htthh] -> 0xffff8f2a7228
cceprint: [_ZN8cceprint5vaxpyEPfPN7float165Fp16TES2_htthhbb] -> 0xffff8f2a7488
cceprint: [_ZN8cceprint5vaxpyEPfPN7float165Fp16TES2_htttt] -> 0xffff8f2a7758
cceprint: [_ZN8cceprint3vbiEPN7float165Fp16TEPtS2_m] -> 0xffff8f2a79a0
cceprint: [_ZN8cceprint3vbiEPN7float165Fp16TEPtS2_hbtth] -> 0xffff8f2a7ae4
cceprint: [_ZN8cceprint8vbitsortEPN7float165Fp16TES2_m] -> 0xffff8f2a7d24
cceprint: [_ZN8cceprint8vbitsortEPN7float165Fp16TES2_htthh] -> 0xffff8f2a7e2c
cceprint: [_ZN8cceprint8vbitsortEPN7float165Fp16TES2_htthhbb] -> 0xffff8f2a803c
cceprint: [_ZN8cceprint8vbitsortEPfS0_m] -> 0xffff8f2a82c0
cceprint: [_ZN8cceprint8vbitsortEPfS0_htthh] -> 0xffff8f2a83c8
cceprint: [_ZN8cceprint8vbitsortEPfS0_htthhbb] -> 0xffff8f2a85d8
cceprint: [_ZN8cceprint8vbitsortEPN7float165Fp16TES2_Pjm] -> 0xffff8f2a885c
cceprint: [_ZN8cceprint8vbitsortEPN7float165Fp16TES2_Pjhhhhhhhbb] -> 0xffff8f2a89a0
cceprint: [_ZN8cceprint8vbitsortEPfS0_Pjm] -> 0xffff8f2a8cfc
cceprint: [_ZN8cceprint8vbitsortEPfS0_Pjhhhhhhhbb] -> 0xffff8f2a8e40
cceprint: [_ZN8cceprint8vbitsortEPN7float165Fp16TES2_Pjhhhhhhh] -> 0xffff8f2a919c
cceprint: [_ZN8cceprint8vbitsortEPfS0_Pjhhhhhhh] -> 0xffff8f2a9488
cceprint: [_ZN8cceprint5vbrcbEPtS0_m] -> 0xffff8f2a9774
cceprint: [_ZN8cceprint5vbrcbEPtS0_tth] -> 0xffff8f2a987c
cceprint: [_ZN8cceprint5vbrcbEPjS0_m] -> 0xffff8f2a99fc
cceprint: [_ZN8cceprint5vbrcbEPjS0_tth] -> 0xffff8f2a9b04
cceprint: [_ZN8cceprint5vcaddEPN7float165Fp16TES2_m] -> 0xffff8f2a9c84
cceprint: [_ZN8cceprint5vcaddEPN7float165Fp16TES2_httt] -> 0xffff8f2a9d8c
cceprint: [_ZN8cceprint5vcaddEPN7float165Fp16TES2_htttbb] -> 0xffff8f2a9f48
cceprint: [_ZN8cceprint5vcaddEPN7float165Fp16TES2_mb] -> 0xffff8f2aa17c
cceprint: [_ZN8cceprint5vcaddEPN7float165Fp16TES2_htttb] -> 0xffff8f2aa2c0
cceprint: [_ZN8cceprint5vcaddEPfS0_m] -> 0xffff8f2aa4b8
cceprint: [_ZN8cceprint5vcaddEPfS0_httt] -> 0xffff8f2aa5c0
cceprint: [_ZN8cceprint5vcaddEPfS0_htttbb] -> 0xffff8f2aa77c
cceprint: [_ZN8cceprint5vcaddEPfS0_mb] -> 0xffff8f2aa9b0
cceprint: [_ZN8cceprint5vcaddEPfS0_htttb] -> 0xffff8f2aaaf4
cceprint: [_ZN8cceprint5vcaddERA128_N7float165Fp16TEPS1_h7Literal] -> 0xffff8f2aacec
cceprint: [_ZN8cceprint5vcaddERA64_fPfh7Literal] -> 0xffff8f2aae3c
cceprint: [_ZN8cceprint5vcmaxERA128_N7float165Fp16TEPS1_h7Literal] -> 0xffff8f2aaf8c
cceprint: [_ZN8cceprint5vcmaxERA64_fPfh7Literal] -> 0xffff8f2ab0dc
cceprint: [_ZN8cceprint5vcminERA128_N7float165Fp16TEPS1_h7Literal] -> 0xffff8f2ab22c
cceprint: [_ZN8cceprint5vcminERA64_fPfh7Literal] -> 0xffff8f2ab37c
cceprint: [_ZN8cceprint12vcbd_s162s32EPiPsm] -> 0xffff8f2ab4cc
cceprint: [_ZN8cceprint12vcbd_s162s32EPiPshtthhbb] -> 0xffff8f2ab5d4
cceprint: [_ZN8cceprint12vcbd_s162u32EPjPsm] -> 0xffff8f2ab858
cceprint: [_ZN8cceprint12vcbd_s162u32EPjPshtthhbb] -> 0xffff8f2ab960
cceprint: [_ZN8cceprint11vcbd_s162u8EPhPsm] -> 0xffff8f2abbe4
cceprint: [_ZN8cceprint11vcbd_s162u8EPhPshtthhbb] -> 0xffff8f2abcec
cceprint: [_ZN8cceprint12vcbd_s322s16EPsPim] -> 0xffff8f2abf70
cceprint: [_ZN8cceprint12vcbd_s322s16EPsPihtthhbb] -> 0xffff8f2ac078
cceprint: [_ZN8cceprint12vcbd_s322u16EPtPim] -> 0xffff8f2ac2fc
cceprint: [_ZN8cceprint12vcbd_s322u16EPtPihtthhbb] -> 0xffff8f2ac404
cceprint: [_ZN8cceprint11vcbd_s322u8EPhPim] -> 0xffff8f2ac688
cceprint: [_ZN8cceprint11vcbd_s322u8EPhPihtthhbb] -> 0xffff8f2ac790
cceprint: [_ZN8cceprint12vcbd_u162s32EPiPtm] -> 0xffff8f2aca14
cceprint: [_ZN8cceprint12vcbd_u162s32EPiPthtthhbb] -> 0xffff8f2acb1c
cceprint: [_ZN8cceprint12vcbd_u162u32EPjPtm] -> 0xffff8f2acda0
cceprint: [_ZN8cceprint12vcbd_u162u32EPjPthtthhbb] -> 0xffff8f2acea8
cceprint: [_ZN8cceprint11vcbd_u162u8EPhPtm] -> 0xffff8f2ad12c
cceprint: [_ZN8cceprint11vcbd_u162u8EPhPthtthhbb] -> 0xffff8f2ad234
cceprint: [_ZN8cceprint12vcbd_u322s16EPsPjm] -> 0xffff8f2ad4b8
cceprint: [_ZN8cceprint12vcbd_u322s16EPsPjhtthhbb] -> 0xffff8f2ad5c0
cceprint: [_ZN8cceprint12vcbd_u322u16EPtPjm] -> 0xffff8f2ad844
cceprint: [_ZN8cceprint12vcbd_u322u16EPtPjhtthhbb] -> 0xffff8f2ad94c
cceprint: [_ZN8cceprint11vcbd_u322u8EPhPjm] -> 0xffff8f2adbd0
cceprint: [_ZN8cceprint11vcbd_u322u8EPhPjhtthhbb] -> 0xffff8f2adcd8
cceprint: [_ZN8cceprint11vcbd_u82s16EPsPhm] -> 0xffff8f2adf5c
cceprint: [_ZN8cceprint11vcbd_u82s16EPsPhhtthhbb] -> 0xffff8f2ae064
cceprint: [_ZN8cceprint11vcbd_u82s32EPiPhm] -> 0xffff8f2ae2e8
cceprint: [_ZN8cceprint11vcbd_u82s32EPiPhhtthhbb] -> 0xffff8f2ae3f0
cceprint: [_ZN8cceprint11vcbd_u82u16EPtPhm] -> 0xffff8f2ae674
cceprint: [_ZN8cceprint11vcbd_u82u16EPtPhhtthhbb] -> 0xffff8f2ae77c
cceprint: [_ZN8cceprint11vcbd_u82u32EPjPhm] -> 0xffff8f2aea00
cceprint: [_ZN8cceprint11vcbd_u82u32EPjPhhtthhbb] -> 0xffff8f2aeb08
cceprint: [_ZN8cceprint6vcgaddEPN7float165Fp16TES2_m] -> 0xffff8f2aed8c
cceprint: [_ZN8cceprint6vcgaddEPN7float165Fp16TES2_httt] -> 0xffff8f2aee94
cceprint: [_ZN8cceprint6vcgaddEPN7float165Fp16TES2_htttbb] -> 0xffff8f2af050
cceprint: [_ZN8cceprint6vcgaddEPfS0_m] -> 0xffff8f2af284
cceprint: [_ZN8cceprint6vcgaddEPfS0_httt] -> 0xffff8f2af38c
cceprint: [_ZN8cceprint6vcgaddEPfS0_htttbb] -> 0xffff8f2af548
cceprint: [_ZN8cceprint6vcgaddERA128_N7float165Fp16TEPS1_h7Literal] -> 0xffff8f2af77c
cceprint: [_ZN8cceprint6vcgaddERA64_fPfh7Literal] -> 0xffff8f2af8cc
cceprint: [_ZN8cceprint6vcgmaxERA128_N7float165Fp16TEPS1_h7Literal] -> 0xffff8f2afa1c
cceprint: [_ZN8cceprint6vcgmaxERA64_fPfh7Literal] -> 0xffff8f2afb6c
cceprint: [_ZN8cceprint6vcgminERA128_N7float165Fp16TEPS1_h7Literal] -> 0xffff8f2afcbc
cceprint: [_ZN8cceprint6vcgminERA64_fPfh7Literal] -> 0xffff8f2afe0c
cceprint: [_ZN8cceprint6vcpaddERA128_N7float165Fp16TEPS1_h7Literal] -> 0xffff8f2aff5c
cceprint: [_ZN8cceprint6vcpaddERA64_fPfh7Literal] -> 0xffff8f2b00ac
cceprint: [_ZN8cceprint6vcgmaxEPN7float165Fp16TES2_m] -> 0xffff8f2b01fc
cceprint: [_ZN8cceprint6vcgmaxEPN7float165Fp16TES2_httt] -> 0xffff8f2b0304
cceprint: [_ZN8cceprint6vcgmaxEPN7float165Fp16TES2_htttbb] -> 0xffff8f2b04c0
cceprint: [_ZN8cceprint6vcgmaxEPfS0_m] -> 0xffff8f2b06f4
cceprint: [_ZN8cceprint6vcgmaxEPfS0_httt] -> 0xffff8f2b07fc
cceprint: [_ZN8cceprint6vcgmaxEPfS0_htttbb] -> 0xffff8f2b09b8
cceprint: [_ZN8cceprint6vcgminEPN7float165Fp16TES2_m] -> 0xffff8f2b0bec
cceprint: [_ZN8cceprint6vcgminEPN7float165Fp16TES2_httt] -> 0xffff8f2b0cf4
cceprint: [_ZN8cceprint6vcgminEPN7float165Fp16TES2_htttbb] -> 0xffff8f2b0eb0
cceprint: [_ZN8cceprint6vcgminEPfS0_m] -> 0xffff8f2b10e4
cceprint: [_ZN8cceprint6vcgminEPfS0_httt] -> 0xffff8f2b11ec
cceprint: [_ZN8cceprint6vcgminEPfS0_htttbb] -> 0xffff8f2b13a8
cceprint: [_ZN8cceprint3vciEPN7float165Fp16TES1_m] -> 0xffff8f2b15dc
cceprint: [_ZN8cceprint3vciEPN7float165Fp16TES1_hthbb] -> 0xffff8f2b16f8
cceprint: [_ZN8cceprint3vciEPffm] -> 0xffff8f2b1910
cceprint: [_ZN8cceprint3vciEPffhthbb] -> 0xffff8f2b1a18
cceprint: [_ZN8cceprint3vciEPssm] -> 0xffff8f2b1c1c
cceprint: [_ZN8cceprint3vciEPsshthbb] -> 0xffff8f2b1d24
cceprint: [_ZN8cceprint3vciEPiim] -> 0xffff8f2b1f28
cceprint: [_ZN8cceprint3vciEPiihthbb] -> 0xffff8f2b2030
cceprint: [_ZN8cceprint5vcmaxEPN7float165Fp16TES2_m] -> 0xffff8f2b2234
cceprint: [_ZN8cceprint5vcmaxEPN7float165Fp16TES2_httt] -> 0xffff8f2b233c
cceprint: [_ZN8cceprint5vcmaxEPN7float165Fp16TES2_htttbb] -> 0xffff8f2b24f8
cceprint: [_ZN8cceprint5vcmaxEPN7float165Fp16TES2_mb] -> 0xffff8f2b272c
cceprint: [_ZN8cceprint5vcmaxEPN7float165Fp16TES2_htttbbb] -> 0xffff8f2b2870
cceprint: [_ZN8cceprint5vcmaxEPN7float165Fp16TES2_m7Order_t] -> 0xffff8f2b2adc
cceprint: [_ZN8cceprint5vcmaxEPN7float165Fp16TES2_httt7Order_t] -> 0xffff8f2b2c2c
cceprint: [_ZN8cceprint5vcmaxEPfS0_mb] -> 0xffff8f2b2e30
cceprint: [_ZN8cceprint5vcmaxEPfS0_htttbbb] -> 0xffff8f2b2f74
cceprint: [_ZN8cceprint5vcmaxEPfS0_m7Order_t] -> 0xffff8f2b31e0
cceprint: [_ZN8cceprint5vcmaxEPfS0_httt7Order_t] -> 0xffff8f2b3330
cceprint: [_ZN8cceprint5vcmaxEPtS0_mb] -> 0xffff8f2b3534
cceprint: [_ZN8cceprint5vcmaxEPtS0_htttbbb] -> 0xffff8f2b3678
cceprint: [_ZN8cceprint5vcminEPN7float165Fp16TES2_m] -> 0xffff8f2b38e4
cceprint: [_ZN8cceprint5vcminEPN7float165Fp16TES2_httt] -> 0xffff8f2b39ec
cceprint: [_ZN8cceprint5vcminEPN7float165Fp16TES2_htttbb] -> 0xffff8f2b3ba8
cceprint: [_ZN8cceprint5vcminEPN7float165Fp16TES2_mb] -> 0xffff8f2b3ddc
cceprint: [_ZN8cceprint5vcminEPN7float165Fp16TES2_htttbbb] -> 0xffff8f2b3f20
cceprint: [_ZN8cceprint5vcminEPN7float165Fp16TES2_m7Order_t] -> 0xffff8f2b418c
cceprint: [_ZN8cceprint5vcminEPN7float165Fp16TES2_httt7Order_t] -> 0xffff8f2b42dc
cceprint: [_ZN8cceprint5vcminEPfS0_mb] -> 0xffff8f2b44e0
cceprint: [_ZN8cceprint5vcminEPfS0_htttbbb] -> 0xffff8f2b4624
cceprint: [_ZN8cceprint5vcminEPfS0_m7Order_t] -> 0xffff8f2b4890
cceprint: [_ZN8cceprint5vcminEPfS0_httt7Order_t] -> 0xffff8f2b49e0
cceprint: [_ZN8cceprint5vcminEPtS0_mb] -> 0xffff8f2b4be4
cceprint: [_ZN8cceprint5vcminEPtS0_htttbbb] -> 0xffff8f2b4d28
cceprint: [_ZN8cceprint7vcmp_eqEPN7float165Fp16TES2_m] -> 0xffff8f2b4f94
cceprint: [_ZN8cceprint7vcmp_eqEPN7float165Fp16TES2_hhhhhhh] -> 0xffff8f2b509c
cceprint: [_ZN8cceprint7vcmp_eqEPN7float165Fp16TES2_hhhhhhhbb] -> 0xffff8f2b5350
cceprint: [_ZN8cceprint7vcmp_eqEPfS0_m] -> 0xffff8f2b5674
cceprint: [_ZN8cceprint7vcmp_eqEPfS0_hhhhhhh] -> 0xffff8f2b577c
cceprint: [_ZN8cceprint7vcmp_eqEPfS0_hhhhhhhbb] -> 0xffff8f2b5a30
cceprint: [_ZN8cceprint7vcmp_eqEPtS0_m] -> 0xffff8f2b5d54
cceprint: [_ZN8cceprint7vcmp_eqEPtS0_hhhhhhh] -> 0xffff8f2b5e5c
cceprint: [_ZN8cceprint7vcmp_eqEPtS0_hhhhhhhbb] -> 0xffff8f2b6110
cceprint: [_ZN8cceprint7vcmp_geEPN7float165Fp16TES2_m] -> 0xffff8f2b6434
cceprint: [_ZN8cceprint7vcmp_geEPN7float165Fp16TES2_hhhhhhh] -> 0xffff8f2b653c
cceprint: [_ZN8cceprint7vcmp_geEPN7float165Fp16TES2_hhhhhhhbb] -> 0xffff8f2b67f0
cceprint: [_ZN8cceprint7vcmp_geEPfS0_m] -> 0xffff8f2b6b14
cceprint: [_ZN8cceprint7vcmp_geEPfS0_hhhhhhh] -> 0xffff8f2b6c1c
cceprint: [_ZN8cceprint7vcmp_geEPfS0_hhhhhhhbb] -> 0xffff8f2b6ed0
cceprint: [_ZN8cceprint7vcmp_geEPtS0_m] -> 0xffff8f2b71f4
cceprint: [_ZN8cceprint7vcmp_geEPtS0_hhhhhhh] -> 0xffff8f2b72fc
cceprint: [_ZN8cceprint7vcmp_geEPtS0_hhhhhhhbb] -> 0xffff8f2b75b0
cceprint: [_ZN8cceprint7vcmp_gtEPN7float165Fp16TES2_m] -> 0xffff8f2b78d4
cceprint: [_ZN8cceprint7vcmp_gtEPN7float165Fp16TES2_hhhhhhh] -> 0xffff8f2b79dc
cceprint: [_ZN8cceprint7vcmp_gtEPN7float165Fp16TES2_hhhhhhhbb] -> 0xffff8f2b7c90
cceprint: [_ZN8cceprint7vcmp_gtEPfS0_m] -> 0xffff8f2b7fb4
cceprint: [_ZN8cceprint7vcmp_gtEPfS0_hhhhhhh] -> 0xffff8f2b80bc
cceprint: [_ZN8cceprint7vcmp_gtEPfS0_hhhhhhhbb] -> 0xffff8f2b8370
cceprint: [_ZN8cceprint7vcmp_gtEPtS0_m] -> 0xffff8f2b8694
cceprint: [_ZN8cceprint7vcmp_gtEPtS0_hhhhhhh] -> 0xffff8f2b879c
cceprint: [_ZN8cceprint7vcmp_gtEPtS0_hhhhhhhbb] -> 0xffff8f2b8a50
cceprint: [_ZN8cceprint7vcmp_leEPN7float165Fp16TES2_m] -> 0xffff8f2b8d74
cceprint: [_ZN8cceprint7vcmp_leEPN7float165Fp16TES2_hhhhhhh] -> 0xffff8f2b8e7c
cceprint: [_ZN8cceprint7vcmp_leEPN7float165Fp16TES2_hhhhhhhbb] -> 0xffff8f2b9130
cceprint: [_ZN8cceprint7vcmp_leEPfS0_m] -> 0xffff8f2b9454
cceprint: [_ZN8cceprint7vcmp_leEPfS0_hhhhhhh] -> 0xffff8f2b955c
cceprint: [_ZN8cceprint7vcmp_leEPfS0_hhhhhhhbb] -> 0xffff8f2b9810
cceprint: [_ZN8cceprint7vcmp_leEPtS0_m] -> 0xffff8f2b9b34
cceprint: [_ZN8cceprint7vcmp_leEPtS0_hhhhhhh] -> 0xffff8f2b9c3c
cceprint: [_ZN8cceprint7vcmp_leEPtS0_hhhhhhhbb] -> 0xffff8f2b9ef0
cceprint: [_ZN8cceprint7vcmp_ltEPN7float165Fp16TES2_m] -> 0xffff8f2ba214
cceprint: [_ZN8cceprint7vcmp_ltEPN7float165Fp16TES2_hhhhhhh] -> 0xffff8f2ba31c
cceprint: [_ZN8cceprint7vcmp_ltEPN7float165Fp16TES2_hhhhhhhbb] -> 0xffff8f2ba5d0
cceprint: [_ZN8cceprint7vcmp_ltEPfS0_m] -> 0xffff8f2ba8f4
cceprint: [_ZN8cceprint7vcmp_ltEPfS0_hhhhhhh] -> 0xffff8f2ba9fc
cceprint: [_ZN8cceprint7vcmp_ltEPfS0_hhhhhhhbb] -> 0xffff8f2bacb0
cceprint: [_ZN8cceprint7vcmp_ltEPtS0_m] -> 0xffff8f2bafd4
cceprint: [_ZN8cceprint7vcmp_ltEPtS0_hhhhhhh] -> 0xffff8f2bb0dc
cceprint: [_ZN8cceprint7vcmp_ltEPtS0_hhhhhhhbb] -> 0xffff8f2bb390
cceprint: [_ZN8cceprint7vcmp_neEPN7float165Fp16TES2_m] -> 0xffff8f2bb6b4
cceprint: [_ZN8cceprint7vcmp_neEPN7float165Fp16TES2_hhhhhhh] -> 0xffff8f2bb7bc
cceprint: [_ZN8cceprint7vcmp_neEPN7float165Fp16TES2_hhhhhhhbb] -> 0xffff8f2bba70
cceprint: [_ZN8cceprint7vcmp_neEPfS0_m] -> 0xffff8f2bbd94
cceprint: [_ZN8cceprint7vcmp_neEPfS0_hhhhhhh] -> 0xffff8f2bbe9c
cceprint: [_ZN8cceprint7vcmp_neEPfS0_hhhhhhhbb] -> 0xffff8f2bc150
cceprint: [_ZN8cceprint7vcmp_neEPtS0_m] -> 0xffff8f2bc474
cceprint: [_ZN8cceprint7vcmp_neEPtS0_hhhhhhh] -> 0xffff8f2bc57c
cceprint: [_ZN8cceprint7vcmp_neEPtS0_hhhhhhhbb] -> 0xffff8f2bc830
cceprint: [_ZN8cceprint8vcmpv_eqEPhPN7float165Fp16TES3_m] -> 0xffff8f2bcb54
cceprint: [_ZN8cceprint8vcmpv_eqEPhPN7float165Fp16TES3_hhhhhhh] -> 0xffff8f2bcc98
cceprint: [_ZN8cceprint8vcmpv_eqEPhPfS1_m] -> 0xffff8f2bcf84
cceprint: [_ZN8cceprint8vcmpv_eqEPhPfS1_hhhhhhh] -> 0xffff8f2bd0c8
cceprint: [_ZN8cceprint8vcmpv_eqEPhPiS1_m] -> 0xffff8f2bd3b4
cceprint: [_ZN8cceprint8vcmpv_eqEPhPiS1_hhhhhhh] -> 0xffff8f2bd4f8
cceprint: [_ZN8cceprint8vcmpv_geEPhPN7float165Fp16TES3_m] -> 0xffff8f2bd7e4
cceprint: [_ZN8cceprint8vcmpv_geEPhPN7float165Fp16TES3_hhhhhhh] -> 0xffff8f2bd928
cceprint: [_ZN8cceprint8vcmpv_geEPhPfS1_m] -> 0xffff8f2bdc14
cceprint: [_ZN8cceprint8vcmpv_geEPhPfS1_hhhhhhh] -> 0xffff8f2bdd58
cceprint: [_ZN8cceprint8vcmpv_gtEPhPN7float165Fp16TES3_m] -> 0xffff8f2be044
cceprint: [_ZN8cceprint8vcmpv_gtEPhPN7float165Fp16TES3_hhhhhhh] -> 0xffff8f2be188
cceprint: [_ZN8cceprint8vcmpv_gtEPhPfS1_m] -> 0xffff8f2be474
cceprint: [_ZN8cceprint8vcmpv_gtEPhPfS1_hhhhhhh] -> 0xffff8f2be5b8
cceprint: [_ZN8cceprint8vcmpv_leEPhPN7float165Fp16TES3_m] -> 0xffff8f2be8a4
cceprint: [_ZN8cceprint8vcmpv_leEPhPN7float165Fp16TES3_hhhhhhh] -> 0xffff8f2be9e8
cceprint: [_ZN8cceprint8vcmpv_leEPhPfS1_m] -> 0xffff8f2becd4
cceprint: [_ZN8cceprint8vcmpv_leEPhPfS1_hhhhhhh] -> 0xffff8f2bee18
cceprint: [_ZN8cceprint8vcmpv_ltEPhPN7float165Fp16TES3_m] -> 0xffff8f2bf104
cceprint: [_ZN8cceprint8vcmpv_ltEPhPN7float165Fp16TES3_hhhhhhh] -> 0xffff8f2bf248
cceprint: [_ZN8cceprint8vcmpv_ltEPhPfS1_m] -> 0xffff8f2bf534
cceprint: [_ZN8cceprint8vcmpv_ltEPhPfS1_hhhhhhh] -> 0xffff8f2bf678
cceprint: [_ZN8cceprint8vcmpv_neEPhPN7float165Fp16TES3_m] -> 0xffff8f2bf964
cceprint: [_ZN8cceprint8vcmpv_neEPhPN7float165Fp16TES3_hhhhhhh] -> 0xffff8f2bfaa8
cceprint: [_ZN8cceprint8vcmpv_neEPhPfS1_m] -> 0xffff8f2bfd94
cceprint: [_ZN8cceprint8vcmpv_neEPhPfS1_hhhhhhh] -> 0xffff8f2bfed8
cceprint: [_ZN8cceprint9vcmpvs_eqEPhPN7float165Fp16TES2_m] -> 0xffff8f2c01c4
cceprint: [_ZN8cceprint9vcmpvs_eqEPhPN7float165Fp16TES2_htthh] -> 0xffff8f2c031c
cceprint: [_ZN8cceprint9vcmpvs_eqEPhPN7float165Fp16TES2_htttt] -> 0xffff8f2c057c
cceprint: [_ZN8cceprint9vcmpvs_eqEPhPffm] -> 0xffff8f2c07c4
cceprint: [_ZN8cceprint9vcmpvs_eqEPhPffhtthh] -> 0xffff8f2c0908
cceprint: [_ZN8cceprint9vcmpvs_eqEPhPffhtttt] -> 0xffff8f2c0b54
cceprint: [_ZN8cceprint9vcmpvs_eqEPhPiim] -> 0xffff8f2c0d88
cceprint: [_ZN8cceprint9vcmpvs_eqEPhPiihtttt] -> 0xffff8f2c0ecc
cceprint: [_ZN8cceprint9vcmpvs_geEPhPN7float165Fp16TES2_m] -> 0xffff8f2c1100
cceprint: [_ZN8cceprint9vcmpvs_geEPhPN7float165Fp16TES2_htthh] -> 0xffff8f2c1258
cceprint: [_ZN8cceprint9vcmpvs_geEPhPN7float165Fp16TES2_htttt] -> 0xffff8f2c14b8
cceprint: [_ZN8cceprint9vcmpvs_geEPhPffm] -> 0xffff8f2c1700
cceprint: [_ZN8cceprint9vcmpvs_geEPhPffhtthh] -> 0xffff8f2c1844
cceprint: [_ZN8cceprint9vcmpvs_geEPhPffhtttt] -> 0xffff8f2c1a90
cceprint: [_ZN8cceprint9vcmpvs_gtEPhPN7float165Fp16TES2_m] -> 0xffff8f2c1cc4
cceprint: [_ZN8cceprint9vcmpvs_gtEPhPN7float165Fp16TES2_htthh] -> 0xffff8f2c1e1c
cceprint: [_ZN8cceprint9vcmpvs_gtEPhPN7float165Fp16TES2_htttt] -> 0xffff8f2c207c
cceprint: [_ZN8cceprint9vcmpvs_gtEPhPffm] -> 0xffff8f2c22c4
cceprint: [_ZN8cceprint9vcmpvs_gtEPhPffhtthh] -> 0xffff8f2c2408
cceprint: [_ZN8cceprint9vcmpvs_gtEPhPffhtttt] -> 0xffff8f2c2654
cceprint: [_ZN8cceprint9vcmpvs_leEPhPN7float165Fp16TES2_m] -> 0xffff8f2c2888
cceprint: [_ZN8cceprint9vcmpvs_leEPhPN7float165Fp16TES2_htthh] -> 0xffff8f2c29e0
cceprint: [_ZN8cceprint9vcmpvs_leEPhPN7float165Fp16TES2_htttt] -> 0xffff8f2c2c40
cceprint: [_ZN8cceprint9vcmpvs_leEPhPffm] -> 0xffff8f2c2e88
cceprint: [_ZN8cceprint9vcmpvs_leEPhPffhtthh] -> 0xffff8f2c2fcc
cceprint: [_ZN8cceprint9vcmpvs_leEPhPffhtttt] -> 0xffff8f2c3218
cceprint: [_ZN8cceprint9vcmpvs_ltEPhPN7float165Fp16TES2_m] -> 0xffff8f2c344c
cceprint: [_ZN8cceprint9vcmpvs_ltEPhPN7float165Fp16TES2_htthh] -> 0xffff8f2c35a4
cceprint: [_ZN8cceprint9vcmpvs_ltEPhPN7float165Fp16TES2_htttt] -> 0xffff8f2c3804
cceprint: [_ZN8cceprint9vcmpvs_ltEPhPffm] -> 0xffff8f2c3a4c
cceprint: [_ZN8cceprint9vcmpvs_ltEPhPffhtthh] -> 0xffff8f2c3b90
cceprint: [_ZN8cceprint9vcmpvs_ltEPhPffhtttt] -> 0xffff8f2c3ddc
cceprint: [_ZN8cceprint9vcmpvs_neEPhPN7float165Fp16TES2_m] -> 0xffff8f2c4010
cceprint: [_ZN8cceprint9vcmpvs_neEPhPN7float165Fp16TES2_htthh] -> 0xffff8f2c4168
cceprint: [_ZN8cceprint9vcmpvs_neEPhPN7float165Fp16TES2_htttt] -> 0xffff8f2c43c8
cceprint: [_ZN8cceprint9vcmpvs_neEPhPffm] -> 0xffff8f2c4610
cceprint: [_ZN8cceprint9vcmpvs_neEPhPffhtthh] -> 0xffff8f2c4754
cceprint: [_ZN8cceprint9vcmpvs_neEPhPffhtttt] -> 0xffff8f2c49a0
cceprint: [_ZN8cceprint7vconcatEPN7float165Fp16TES2_m] -> 0xffff8f2c4bd4
cceprint: [_ZN8cceprint7vconcatEPN7float165Fp16TES2_hh] -> 0xffff8f2c4cdc
cceprint: [_ZN8cceprint7vconcatEPN7float165Fp16TES2_htthh] -> 0xffff8f2c4e2c
cceprint: [_ZN8cceprint7vconcatEPN7float165Fp16TES2_htthhbb] -> 0xffff8f2c503c
cceprint: [_ZN8cceprint7vconcatEPfS0_m] -> 0xffff8f2c52c0
cceprint: [_ZN8cceprint7vconcatEPfS0_hh] -> 0xffff8f2c53c8
cceprint: [_ZN8cceprint7vconcatEPfS0_htthh] -> 0xffff8f2c5518
cceprint: [_ZN8cceprint7vconcatEPfS0_htthhbb] -> 0xffff8f2c5728
cceprint: [_ZN8cceprint14vconv_bf162f32EPfPN8bfloat165Bf16TEhtttt] -> 0xffff8f2c59ac
cceprint: [_ZN8cceprint14vconv_bf162f32EPfPN8bfloat165Bf16TEm] -> 0xffff8f2c5ba4
cceprint: [_ZN8cceprint15vconv_bf162s32aEPiPN8bfloat165Bf16TEhtttt] -> 0xffff8f2c5cac
cceprint: [_ZN8cceprint15vconv_bf162s32aEPiPN8bfloat165Bf16TEm] -> 0xffff8f2c5ea4
cceprint: [_ZN8cceprint15vconv_bf162s32cEPiPN8bfloat165Bf16TEhtttt] -> 0xffff8f2c5fac
cceprint: [_ZN8cceprint15vconv_bf162s32cEPiPN8bfloat165Bf16TEm] -> 0xffff8f2c61a4
cceprint: [_ZN8cceprint15vconv_bf162s32fEPiPN8bfloat165Bf16TEhtttt] -> 0xffff8f2c62ac
cceprint: [_ZN8cceprint15vconv_bf162s32fEPiPN8bfloat165Bf16TEm] -> 0xffff8f2c64a4
cceprint: [_ZN8cceprint15vconv_bf162s32rEPiPN8bfloat165Bf16TEhtttt] -> 0xffff8f2c65ac
cceprint: [_ZN8cceprint15vconv_bf162s32rEPiPN8bfloat165Bf16TEm] -> 0xffff8f2c67a4
cceprint: [_ZN8cceprint15vconv_bf162s32zEPiPN8bfloat165Bf16TEhtttt] -> 0xffff8f2c68ac
cceprint: [_ZN8cceprint15vconv_bf162s32zEPiPN8bfloat165Bf16TEm] -> 0xffff8f2c6aa4
cceprint: [_ZN8cceprint9vconv_deqEPN7float165Fp16TEPim] -> 0xffff8f2c6bac
cceprint: [_ZN8cceprint9vconv_deqEPN7float165Fp16TEPihtthh] -> 0xffff8f2c6cb4
cceprint: [_ZN8cceprint9vconv_deqEPN7float165Fp16TEPihtthhbb] -> 0xffff8f2c6ec4
cceprint: [_ZN8cceprint15vconv_deqs162b8EPaPsmb] -> 0xffff8f2c7148
cceprint: [_ZN8cceprint15vconv_deqs162b8EPaPshtthhbbb] -> 0xffff8f2c728c
cceprint: [_ZN8cceprint15vconv_deqs162b8EPhPsmb] -> 0xffff8f2c7548
cceprint: [_ZN8cceprint15vconv_deqs162b8EPhPshtthhbbb] -> 0xffff8f2c768c
cceprint: [_ZN8cceprint16vconv_deqs162b8hEPaPshtthh] -> 0xffff8f2c7948
cceprint: [_ZN8cceprint16vconv_deqs162b8hEPaPsm] -> 0xffff8f2c7b58
cceprint: [_ZN8cceprint16vconv_deqs162b8hEPhPshtthh] -> 0xffff8f2c7c60
cceprint: [_ZN8cceprint16vconv_deqs162b8hEPhPsm] -> 0xffff8f2c7e70
cceprint: [_ZN8cceprint16vconv_deqs162b8lEPaPshtthh] -> 0xffff8f2c7f78
cceprint: [_ZN8cceprint16vconv_deqs162b8lEPaPsm] -> 0xffff8f2c8188
cceprint: [_ZN8cceprint16vconv_deqs162b8lEPhPshtthh] -> 0xffff8f2c8290
cceprint: [_ZN8cceprint16vconv_deqs162b8lEPhPsm] -> 0xffff8f2c84a0
cceprint: [_ZN8cceprint13vconv_f162f32EPfPN7float165Fp16TEm] -> 0xffff8f2c85a8
cceprint: [_ZN8cceprint13vconv_f162f32EPfPN7float165Fp16TEhtthh] -> 0xffff8f2c86b0
cceprint: [_ZN8cceprint13vconv_f162f32EPfPN7float165Fp16TEhtthhbb] -> 0xffff8f2c88c0
cceprint: [_ZN8cceprint13vconv_f162f32EPfPN7float165Fp16TEhtttt] -> 0xffff8f2c8b44
cceprint: [_ZN8cceprint14vconv_f162s16aEPsPN7float165Fp16TEhtttt] -> 0xffff8f2c8d3c
cceprint: [_ZN8cceprint14vconv_f162s16aEPsPN7float165Fp16TEm] -> 0xffff8f2c8f34
cceprint: [_ZN8cceprint14vconv_f162s16cEPsPN7float165Fp16TEhtttt] -> 0xffff8f2c903c
cceprint: [_ZN8cceprint14vconv_f162s16cEPsPN7float165Fp16TEm] -> 0xffff8f2c9234
cceprint: [_ZN8cceprint14vconv_f162s16fEPsPN7float165Fp16TEhtttt] -> 0xffff8f2c933c
cceprint: [_ZN8cceprint14vconv_f162s16fEPsPN7float165Fp16TEm] -> 0xffff8f2c9534
cceprint: [_ZN8cceprint14vconv_f162s16rEPsPN7float165Fp16TEm] -> 0xffff8f2c963c
cceprint: [_ZN8cceprint14vconv_f162s16rEPsPN7float165Fp16TEhtthhbb] -> 0xffff8f2c9744
cceprint: [_ZN8cceprint14vconv_f162s16rEPsPN7float165Fp16TEhtttt] -> 0xffff8f2c99c8
cceprint: [_ZN8cceprint14vconv_f162s16zEPsPN7float165Fp16TEhtttt] -> 0xffff8f2c9bc0
cceprint: [_ZN8cceprint14vconv_f162s16zEPsPN7float165Fp16TEm] -> 0xffff8f2c9db8
cceprint: [_ZN8cceprint14vconv_f162s32aEPiPN7float165Fp16TEm] -> 0xffff8f2c9ec0
cceprint: [_ZN8cceprint14vconv_f162s32aEPiPN7float165Fp16TEhtthh] -> 0xffff8f2c9fc8
cceprint: [_ZN8cceprint14vconv_f162s32aEPiPN7float165Fp16TEhtthhbb] -> 0xffff8f2ca1d8
cceprint: [_ZN8cceprint14vconv_f162s32aEPiPN7float165Fp16TEhtttt] -> 0xffff8f2ca45c
cceprint: [_ZN8cceprint14vconv_f162s32cEPiPN7float165Fp16TEm] -> 0xffff8f2ca654
cceprint: [_ZN8cceprint14vconv_f162s32cEPiPN7float165Fp16TEhtthh] -> 0xffff8f2ca75c
cceprint: [_ZN8cceprint14vconv_f162s32cEPiPN7float165Fp16TEhtthhbb] -> 0xffff8f2ca96c
cceprint: [_ZN8cceprint14vconv_f162s32cEPiPN7float165Fp16TEhtttt] -> 0xffff8f2cabf0
cceprint: [_ZN8cceprint14vconv_f162s32fEPiPN7float165Fp16TEm] -> 0xffff8f2cade8
cceprint: [_ZN8cceprint14vconv_f162s32fEPiPN7float165Fp16TEhtthh] -> 0xffff8f2caef0
cceprint: [_ZN8cceprint14vconv_f162s32fEPiPN7float165Fp16TEhtthhbb] -> 0xffff8f2cb100
cceprint: [_ZN8cceprint14vconv_f162s32fEPiPN7float165Fp16TEhtttt] -> 0xffff8f2cb384
cceprint: [_ZN8cceprint14vconv_f162s32rEPiPN7float165Fp16TEm] -> 0xffff8f2cb57c
cceprint: [_ZN8cceprint14vconv_f162s32rEPiPN7float165Fp16TEhtthh] -> 0xffff8f2cb684
cceprint: [_ZN8cceprint14vconv_f162s32rEPiPN7float165Fp16TEhtthhbb] -> 0xffff8f2cb894
cceprint: [_ZN8cceprint14vconv_f162s32rEPiPN7float165Fp16TEhtttt] -> 0xffff8f2cbb18
cceprint: [_ZN8cceprint14vconv_f162s32zEPiPN7float165Fp16TEm] -> 0xffff8f2cbd10
cceprint: [_ZN8cceprint14vconv_f162s32zEPiPN7float165Fp16TEhtthh] -> 0xffff8f2cbe18
cceprint: [_ZN8cceprint14vconv_f162s32zEPiPN7float165Fp16TEhtthhbb] -> 0xffff8f2cc028
cceprint: [_ZN8cceprint14vconv_f162s32zEPiPN7float165Fp16TEhtttt] -> 0xffff8f2cc2ac
cceprint: [_ZN8cceprint12vconv_f162s4EPvPN7float165Fp16TEm] -> 0xffff8f2cc4a4
cceprint: [_ZN8cceprint12vconv_f162s4EPvPN7float165Fp16TEhtthhbb] -> 0xffff8f2cc5ac
cceprint: [_ZN8cceprint12vconv_f162s4EPvPN7float165Fp16TEhtttt] -> 0xffff8f2cc830
cceprint: [_ZN8cceprint13vconv_f162s4aEPvPN7float165Fp16TEhtttt] -> 0xffff8f2cca28
cceprint: [_ZN8cceprint13vconv_f162s4aEPvPN7float165Fp16TEm] -> 0xffff8f2ccc20
cceprint: [_ZN8cceprint13vconv_f162s4cEPvPN7float165Fp16TEhtttt] -> 0xffff8f2ccd28
cceprint: [_ZN8cceprint13vconv_f162s4cEPvPN7float165Fp16TEm] -> 0xffff8f2ccf20
cceprint: [_ZN8cceprint13vconv_f162s4fEPvPN7float165Fp16TEhtttt] -> 0xffff8f2cd028
cceprint: [_ZN8cceprint13vconv_f162s4fEPvPN7float165Fp16TEm] -> 0xffff8f2cd220
cceprint: [_ZN8cceprint13vconv_f162s4rEPvPN7float165Fp16TEhtttt] -> 0xffff8f2cd328
cceprint: [_ZN8cceprint13vconv_f162s4rEPvPN7float165Fp16TEm] -> 0xffff8f2cd520
cceprint: [_ZN8cceprint13vconv_f162s4zEPvPN7float165Fp16TEhtttt] -> 0xffff8f2cd628
cceprint: [_ZN8cceprint13vconv_f162s4zEPvPN7float165Fp16TEm] -> 0xffff8f2cd820
cceprint: [_ZN8cceprint12vconv_f162s8EPaPN7float165Fp16TEm] -> 0xffff8f2cd928
cceprint: [_ZN8cceprint12vconv_f162s8EPaPN7float165Fp16TEhtthh] -> 0xffff8f2cda30
cceprint: [_ZN8cceprint12vconv_f162s8EPaPN7float165Fp16TEhtthhbb] -> 0xffff8f2cdc40
cceprint: [_ZN8cceprint12vconv_f162s8EPaPN7float165Fp16TEhtttt] -> 0xffff8f2cdec4
cceprint: [_ZN8cceprint13vconv_f162s8aEPaPN7float165Fp16TEm] -> 0xffff8f2ce0bc
cceprint: [_ZN8cceprint13vconv_f162s8aEPaPN7float165Fp16TEhtthh] -> 0xffff8f2ce1c4
cceprint: [_ZN8cceprint13vconv_f162s8aEPaPN7float165Fp16TEhtthhbb] -> 0xffff8f2ce3d4
cceprint: [_ZN8cceprint13vconv_f162s8aEPaPN7float165Fp16TEhtttt] -> 0xffff8f2ce658
cceprint: [_ZN8cceprint13vconv_f162s8cEPaPN7float165Fp16TEm] -> 0xffff8f2ce850
cceprint: [_ZN8cceprint13vconv_f162s8cEPaPN7float165Fp16TEhtthh] -> 0xffff8f2ce958
cceprint: [_ZN8cceprint13vconv_f162s8cEPaPN7float165Fp16TEhtthhbb] -> 0xffff8f2ceb68
cceprint: [_ZN8cceprint13vconv_f162s8cEPaPN7float165Fp16TEhtttt] -> 0xffff8f2cedec
cceprint: [_ZN8cceprint13vconv_f162s8fEPaPN7float165Fp16TEm] -> 0xffff8f2cefe4
cceprint: [_ZN8cceprint13vconv_f162s8fEPaPN7float165Fp16TEhtthh] -> 0xffff8f2cf0ec
cceprint: [_ZN8cceprint13vconv_f162s8fEPaPN7float165Fp16TEhtthhbb] -> 0xffff8f2cf2fc
cceprint: [_ZN8cceprint13vconv_f162s8fEPaPN7float165Fp16TEhtttt] -> 0xffff8f2cf580
cceprint: [_ZN8cceprint13vconv_f162s8rEPaPN7float165Fp16TEhtttt] -> 0xffff8f2cf778
cceprint: [_ZN8cceprint13vconv_f162s8rEPaPN7float165Fp16TEm] -> 0xffff8f2cf970
cceprint: [_ZN8cceprint13vconv_f162s8zEPaPN7float165Fp16TEm] -> 0xffff8f2cfa78
cceprint: [_ZN8cceprint13vconv_f162s8zEPaPN7float165Fp16TEhtthh] -> 0xffff8f2cfb80
cceprint: [_ZN8cceprint13vconv_f162s8zEPaPN7float165Fp16TEhtthhbb] -> 0xffff8f2cfd90
cceprint: [_ZN8cceprint13vconv_f162s8zEPaPN7float165Fp16TEhtttt] -> 0xffff8f2d0014
cceprint: [_ZN8cceprint12vconv_f162u8EPhPN7float165Fp16TEm] -> 0xffff8f2d020c
cceprint: [_ZN8cceprint12vconv_f162u8EPhPN7float165Fp16TEhtthh] -> 0xffff8f2d0314
cceprint: [_ZN8cceprint12vconv_f162u8EPhPN7float165Fp16TEhtthhbb] -> 0xffff8f2d0524
cceprint: [_ZN8cceprint12vconv_f162u8EPhPN7float165Fp16TEhtttt] -> 0xffff8f2d07a8
cceprint: [_ZN8cceprint13vconv_f162u8aEPhPN7float165Fp16TEm] -> 0xffff8f2d09a0
cceprint: [_ZN8cceprint13vconv_f162u8aEPhPN7float165Fp16TEhtthh] -> 0xffff8f2d0aa8
cceprint: [_ZN8cceprint13vconv_f162u8aEPhPN7float165Fp16TEhtthhbb] -> 0xffff8f2d0cb8
cceprint: [_ZN8cceprint13vconv_f162u8aEPhPN7float165Fp16TEhtttt] -> 0xffff8f2d0f3c
cceprint: [_ZN8cceprint13vconv_f162u8cEPhPN7float165Fp16TEm] -> 0xffff8f2d1134
cceprint: [_ZN8cceprint13vconv_f162u8cEPhPN7float165Fp16TEhtthh] -> 0xffff8f2d123c
cceprint: [_ZN8cceprint13vconv_f162u8cEPhPN7float165Fp16TEhtthhbb] -> 0xffff8f2d144c
cceprint: [_ZN8cceprint13vconv_f162u8cEPhPN7float165Fp16TEhtttt] -> 0xffff8f2d16d0
cceprint: [_ZN8cceprint13vconv_f162u8fEPhPN7float165Fp16TEm] -> 0xffff8f2d18c8
cceprint: [_ZN8cceprint13vconv_f162u8fEPhPN7float165Fp16TEhtthh] -> 0xffff8f2d19d0
cceprint: [_ZN8cceprint13vconv_f162u8fEPhPN7float165Fp16TEhtthhbb] -> 0xffff8f2d1be0
cceprint: [_ZN8cceprint13vconv_f162u8fEPhPN7float165Fp16TEhtttt] -> 0xffff8f2d1e64
cceprint: [_ZN8cceprint13vconv_f162u8rEPhPN7float165Fp16TEhtttt] -> 0xffff8f2d205c
cceprint: [_ZN8cceprint13vconv_f162u8rEPhPN7float165Fp16TEm] -> 0xffff8f2d2254
cceprint: [_ZN8cceprint13vconv_f162u8zEPhPN7float165Fp16TEm] -> 0xffff8f2d235c
cceprint: [_ZN8cceprint13vconv_f162u8zEPhPN7float165Fp16TEhtthh] -> 0xffff8f2d2464
cceprint: [_ZN8cceprint13vconv_f162u8zEPhPN7float165Fp16TEhtthhbb] -> 0xffff8f2d2674
cceprint: [_ZN8cceprint13vconv_f162u8zEPhPN7float165Fp16TEhtttt] -> 0xffff8f2d28f8
cceprint: [_ZN8cceprint15vconv_f322bf16aEPN8bfloat165Bf16TEPfhtttt] -> 0xffff8f2d2af0
cceprint: [_ZN8cceprint15vconv_f322bf16aEPN8bfloat165Bf16TEPfm] -> 0xffff8f2d2ce8
cceprint: [_ZN8cceprint15vconv_f322bf16cEPN8bfloat165Bf16TEPfhtttt] -> 0xffff8f2d2df0
cceprint: [_ZN8cceprint15vconv_f322bf16cEPN8bfloat165Bf16TEPfm] -> 0xffff8f2d2fe8
cceprint: [_ZN8cceprint15vconv_f322bf16fEPN8bfloat165Bf16TEPfhtttt] -> 0xffff8f2d30f0
cceprint: [_ZN8cceprint15vconv_f322bf16fEPN8bfloat165Bf16TEPfm] -> 0xffff8f2d32e8
cceprint: [_ZN8cceprint15vconv_f322bf16rEPN8bfloat165Bf16TEPfhtttt] -> 0xffff8f2d33f0
cceprint: [_ZN8cceprint15vconv_f322bf16rEPN8bfloat165Bf16TEPfm] -> 0xffff8f2d35e8
cceprint: [_ZN8cceprint15vconv_f322bf16zEPN8bfloat165Bf16TEPfhtttt] -> 0xffff8f2d36f0
cceprint: [_ZN8cceprint15vconv_f322bf16zEPN8bfloat165Bf16TEPfm] -> 0xffff8f2d38e8
cceprint: [_ZN8cceprint13vconv_f322f16EPN7float165Fp16TEPfm] -> 0xffff8f2d39f0
cceprint: [_ZN8cceprint13vconv_f322f16EPN7float165Fp16TEPfhtthh] -> 0xffff8f2d3af8
cceprint: [_ZN8cceprint13vconv_f322f16EPN7float165Fp16TEPfhtthhbb] -> 0xffff8f2d3d08
cceprint: [_ZN8cceprint13vconv_f322f16EPN7float165Fp16TEPfhtttt] -> 0xffff8f2d3f8c
cceprint: [_ZN8cceprint14vconv_f322f16aEPN7float165Fp16TEPfhtttt] -> 0xffff8f2d4184
cceprint: [_ZN8cceprint14vconv_f322f16aEPN7float165Fp16TEPfm] -> 0xffff8f2d437c
cceprint: [_ZN8cceprint14vconv_f322f16cEPN7float165Fp16TEPfhtttt] -> 0xffff8f2d4484
cceprint: [_ZN8cceprint14vconv_f322f16cEPN7float165Fp16TEPfm] -> 0xffff8f2d467c
cceprint: [_ZN8cceprint14vconv_f322f16fEPN7float165Fp16TEPfhtttt] -> 0xffff8f2d4784
cceprint: [_ZN8cceprint14vconv_f322f16fEPN7float165Fp16TEPfm] -> 0xffff8f2d497c
cceprint: [_ZN8cceprint14vconv_f322f16oEPN7float165Fp16TEPfm] -> 0xffff8f2d4a84
cceprint: [_ZN8cceprint14vconv_f322f16oEPN7float165Fp16TEPfhtthh] -> 0xffff8f2d4b8c
cceprint: [_ZN8cceprint14vconv_f322f16oEPN7float165Fp16TEPfhtthhbb] -> 0xffff8f2d4d9c
cceprint: [_ZN8cceprint14vconv_f322f16oEPN7float165Fp16TEPfhtttt] -> 0xffff8f2d5020
cceprint: [_ZN8cceprint14vconv_f322f16rEPN7float165Fp16TEPfhtttt] -> 0xffff8f2d5218
cceprint: [_ZN8cceprint14vconv_f322f16rEPN7float165Fp16TEPfm] -> 0xffff8f2d5410
cceprint: [_ZN8cceprint14vconv_f322f16zEPN7float165Fp16TEPfhtttt] -> 0xffff8f2d5518
cceprint: [_ZN8cceprint14vconv_f322f16zEPN7float165Fp16TEPfm] -> 0xffff8f2d5710
cceprint: [_ZN8cceprint14vconv_f322f32aEPfS0_htttt] -> 0xffff8f2d5818
cceprint: [_ZN8cceprint14vconv_f322f32aEPfS0_m] -> 0xffff8f2d5a10
cceprint: [_ZN8cceprint14vconv_f322f32cEPfS0_htttt] -> 0xffff8f2d5b18
cceprint: [_ZN8cceprint14vconv_f322f32cEPfS0_m] -> 0xffff8f2d5d10
cceprint: [_ZN8cceprint14vconv_f322f32fEPfS0_htttt] -> 0xffff8f2d5e18
cceprint: [_ZN8cceprint14vconv_f322f32fEPfS0_m] -> 0xffff8f2d6010
cceprint: [_ZN8cceprint14vconv_f322f32rEPfS0_htttt] -> 0xffff8f2d6118
cceprint: [_ZN8cceprint14vconv_f322f32rEPfS0_m] -> 0xffff8f2d6310
cceprint: [_ZN8cceprint14vconv_f322f32zEPfS0_htttt] -> 0xffff8f2d6418
cceprint: [_ZN8cceprint14vconv_f322f32zEPfS0_m] -> 0xffff8f2d6610
cceprint: [_ZN8cceprint14vconv_f322s16aEPsPfhtttt] -> 0xffff8f2d6718
cceprint: [_ZN8cceprint14vconv_f322s16aEPsPfm] -> 0xffff8f2d6910
cceprint: [_ZN8cceprint14vconv_f322s16cEPsPfhtttt] -> 0xffff8f2d6a18
cceprint: [_ZN8cceprint14vconv_f322s16cEPsPfm] -> 0xffff8f2d6c10
cceprint: [_ZN8cceprint14vconv_f322s16fEPsPfhtttt] -> 0xffff8f2d6d18
cceprint: [_ZN8cceprint14vconv_f322s16fEPsPfm] -> 0xffff8f2d6f10
cceprint: [_ZN8cceprint14vconv_f322s16rEPsPfm] -> 0xffff8f2d7018
cceprint: [_ZN8cceprint14vconv_f322s16rEPsPfhtthh] -> 0xffff8f2d7120
cceprint: [_ZN8cceprint14vconv_f322s16rEPsPfhtthhbb] -> 0xffff8f2d7330
cceprint: [_ZN8cceprint14vconv_f322s16rEPsPfhtttt] -> 0xffff8f2d75b4
cceprint: [_ZN8cceprint14vconv_f322s16zEPsPfm] -> 0xffff8f2d77ac
cceprint: [_ZN8cceprint14vconv_f322s16zEPsPfhtthh] -> 0xffff8f2d78b4
cceprint: [_ZN8cceprint14vconv_f322s16zEPsPfhtthhbb] -> 0xffff8f2d7ac4
cceprint: [_ZN8cceprint14vconv_f322s16zEPsPfhtttt] -> 0xffff8f2d7d48
cceprint: [_ZN8cceprint14vconv_f322s32aEPiPfm] -> 0xffff8f2d7f40
cceprint: [_ZN8cceprint14vconv_f322s32aEPiPfhtthh] -> 0xffff8f2d8048
cceprint: [_ZN8cceprint14vconv_f322s32aEPiPfhtthhbb] -> 0xffff8f2d8258
cceprint: [_ZN8cceprint14vconv_f322s32aEPiPfhtttt] -> 0xffff8f2d84dc
cceprint: [_ZN8cceprint14vconv_f322s32cEPiPfm] -> 0xffff8f2d86d4
cceprint: [_ZN8cceprint14vconv_f322s32cEPiPfhtthh] -> 0xffff8f2d87dc
cceprint: [_ZN8cceprint14vconv_f322s32cEPiPfhtthhbb] -> 0xffff8f2d89ec
cceprint: [_ZN8cceprint14vconv_f322s32cEPiPfhtttt] -> 0xffff8f2d8c70
cceprint: [_ZN8cceprint14vconv_f322s32fEPiPfm] -> 0xffff8f2d8e68
cceprint: [_ZN8cceprint14vconv_f322s32fEPiPfhtthh] -> 0xffff8f2d8f70
cceprint: [_ZN8cceprint14vconv_f322s32fEPiPfhtthhbb] -> 0xffff8f2d9180
cceprint: [_ZN8cceprint14vconv_f322s32fEPiPfhtttt] -> 0xffff8f2d9404
cceprint: [_ZN8cceprint14vconv_f322s32rEPiPfm] -> 0xffff8f2d95fc
cceprint: [_ZN8cceprint14vconv_f322s32rEPiPfhtthh] -> 0xffff8f2d9704
cceprint: [_ZN8cceprint14vconv_f322s32rEPiPfhtthhbb] -> 0xffff8f2d9914
cceprint: [_ZN8cceprint14vconv_f322s32rEPiPfhtttt] -> 0xffff8f2d9b98
cceprint: [_ZN8cceprint14vconv_f322s32zEPiPfm] -> 0xffff8f2d9d90
cceprint: [_ZN8cceprint14vconv_f322s32zEPiPfhtthh] -> 0xffff8f2d9e98
cceprint: [_ZN8cceprint14vconv_f322s32zEPiPfhtthhbb] -> 0xffff8f2da0a8
cceprint: [_ZN8cceprint14vconv_f322s32zEPiPfhtttt] -> 0xffff8f2da32c
cceprint: [_ZN8cceprint14vconv_f322s64aEPlPfhtttt] -> 0xffff8f2da524
cceprint: [_ZN8cceprint14vconv_f322s64aEPlPfm] -> 0xffff8f2da71c
cceprint: [_ZN8cceprint14vconv_f322s64cEPlPfhtttt] -> 0xffff8f2da824
cceprint: [_ZN8cceprint14vconv_f322s64cEPlPfm] -> 0xffff8f2daa1c
cceprint: [_ZN8cceprint14vconv_f322s64fEPlPfhtttt] -> 0xffff8f2dab24
cceprint: [_ZN8cceprint14vconv_f322s64fEPlPfm] -> 0xffff8f2dad1c
cceprint: [_ZN8cceprint14vconv_f322s64rEPlPfhtttt] -> 0xffff8f2dae24
cceprint: [_ZN8cceprint14vconv_f322s64rEPlPfm] -> 0xffff8f2db01c
cceprint: [_ZN8cceprint14vconv_f322s64zEPlPfhtttt] -> 0xffff8f2db124
cceprint: [_ZN8cceprint14vconv_f322s64zEPlPfm] -> 0xffff8f2db31c
cceprint: [_ZN8cceprint13vconv_s162f16EPN7float165Fp16TEPsm] -> 0xffff8f2db424
cceprint: [_ZN8cceprint13vconv_s162f16EPN7float165Fp16TEPshtthhbb] -> 0xffff8f2db52c
cceprint: [_ZN8cceprint13vconv_s162f16EPN7float165Fp16TEPshtttt] -> 0xffff8f2db7b0
cceprint: [_ZN8cceprint14vconv_s162f16aEPN7float165Fp16TEPshtttt] -> 0xffff8f2db9a8
cceprint: [_ZN8cceprint14vconv_s162f16aEPN7float165Fp16TEPsm] -> 0xffff8f2dbba0
cceprint: [_ZN8cceprint14vconv_s162f16cEPN7float165Fp16TEPshtttt] -> 0xffff8f2dbca8
cceprint: [_ZN8cceprint14vconv_s162f16cEPN7float165Fp16TEPsm] -> 0xffff8f2dbea0
cceprint: [_ZN8cceprint14vconv_s162f16fEPN7float165Fp16TEPshtttt] -> 0xffff8f2dbfa8
cceprint: [_ZN8cceprint14vconv_s162f16fEPN7float165Fp16TEPsm] -> 0xffff8f2dc1a0
cceprint: [_ZN8cceprint14vconv_s162f16rEPN7float165Fp16TEPshtttt] -> 0xffff8f2dc2a8
cceprint: [_ZN8cceprint14vconv_s162f16rEPN7float165Fp16TEPsm] -> 0xffff8f2dc4a0
cceprint: [_ZN8cceprint14vconv_s162f16zEPN7float165Fp16TEPshtttt] -> 0xffff8f2dc5a8
cceprint: [_ZN8cceprint14vconv_s162f16zEPN7float165Fp16TEPsm] -> 0xffff8f2dc7a0
cceprint: [_ZN8cceprint13vconv_s162f32EPfPsm] -> 0xffff8f2dc8a8
cceprint: [_ZN8cceprint13vconv_s162f32EPfPshtthhbb] -> 0xffff8f2dc9b0
cceprint: [_ZN8cceprint13vconv_s162f32EPfPshtttt] -> 0xffff8f2dcc34
cceprint: [_ZN8cceprint13vconv_s322f32EPfPim] -> 0xffff8f2dce2c
cceprint: [_ZN8cceprint13vconv_s322f32EPfPihtthh] -> 0xffff8f2dcf34
cceprint: [_ZN8cceprint13vconv_s322f32EPfPihtthhbb] -> 0xffff8f2dd144
cceprint: [_ZN8cceprint13vconv_s322f32EPfPihtttt] -> 0xffff8f2dd3c8
cceprint: [_ZN8cceprint14vconv_s322f32aEPfPihtttt] -> 0xffff8f2dd5c0
cceprint: [_ZN8cceprint14vconv_s322f32aEPfPim] -> 0xffff8f2dd7b8
cceprint: [_ZN8cceprint14vconv_s322f32cEPfPihtttt] -> 0xffff8f2dd8c0
cceprint: [_ZN8cceprint14vconv_s322f32cEPfPim] -> 0xffff8f2ddab8
cceprint: [_ZN8cceprint14vconv_s322f32fEPfPihtttt] -> 0xffff8f2ddbc0
cceprint: [_ZN8cceprint14vconv_s322f32fEPfPim] -> 0xffff8f2dddb8
cceprint: [_ZN8cceprint14vconv_s322f32rEPfPihtttt] -> 0xffff8f2ddec0
cceprint: [_ZN8cceprint14vconv_s322f32rEPfPim] -> 0xffff8f2de0b8
cceprint: [_ZN8cceprint14vconv_s322f32zEPfPihtttt] -> 0xffff8f2de1c0
cceprint: [_ZN8cceprint14vconv_s322f32zEPfPim] -> 0xffff8f2de3b8
cceprint: [_ZN8cceprint13vconv_s322s16EPsPihtttt] -> 0xffff8f2de4c0
cceprint: [_ZN8cceprint13vconv_s322s16EPsPim] -> 0xffff8f2de6b8
cceprint: [_ZN8cceprint13vconv_s322s64EPlPihtttt] -> 0xffff8f2de7c0
cceprint: [_ZN8cceprint13vconv_s322s64EPlPim] -> 0xffff8f2de9b8
cceprint: [_ZN8cceprint12vconv_s42f16EPN7float165Fp16TEPvhtthh] -> 0xffff8f2deac0
cceprint: [_ZN8cceprint12vconv_s42f16EPN7float165Fp16TEPvm] -> 0xffff8f2decd0
cceprint: [_ZN8cceprint14vconv_s642f32aEPfPlhtttt] -> 0xffff8f2dedd8
cceprint: [_ZN8cceprint14vconv_s642f32aEPfPlm] -> 0xffff8f2defd0
cceprint: [_ZN8cceprint14vconv_s642f32cEPfPlhtttt] -> 0xffff8f2df0d8
cceprint: [_ZN8cceprint14vconv_s642f32cEPfPlm] -> 0xffff8f2df2d0
cceprint: [_ZN8cceprint14vconv_s642f32fEPfPlhtttt] -> 0xffff8f2df3d8
cceprint: [_ZN8cceprint14vconv_s642f32fEPfPlm] -> 0xffff8f2df5d0
cceprint: [_ZN8cceprint14vconv_s642f32rEPfPlhtttt] -> 0xffff8f2df6d8
cceprint: [_ZN8cceprint14vconv_s642f32rEPfPlm] -> 0xffff8f2df8d0
cceprint: [_ZN8cceprint14vconv_s642f32zEPfPlhtttt] -> 0xffff8f2df9d8
cceprint: [_ZN8cceprint14vconv_s642f32zEPfPlm] -> 0xffff8f2dfbd0
cceprint: [_ZN8cceprint13vconv_s642s32EPiPlhtttt] -> 0xffff8f2dfcd8
cceprint: [_ZN8cceprint13vconv_s642s32EPiPlm] -> 0xffff8f2dfed0
cceprint: [_ZN8cceprint12vconv_s82f16EPN7float165Fp16TEPam] -> 0xffff8f2dffd8
cceprint: [_ZN8cceprint12vconv_s82f16EPN7float165Fp16TEPahtthh] -> 0xffff8f2e00e0
cceprint: [_ZN8cceprint12vconv_s82f16EPN7float165Fp16TEPahtthhbb] -> 0xffff8f2e02f0
cceprint: [_ZN8cceprint12vconv_s82f16EPN7float165Fp16TEPahtttt] -> 0xffff8f2e0574
cceprint: [_ZN8cceprint12vconv_u82f16EPN7float165Fp16TEPhm] -> 0xffff8f2e076c
cceprint: [_ZN8cceprint12vconv_u82f16EPN7float165Fp16TEPhhtthh] -> 0xffff8f2e0874
cceprint: [_ZN8cceprint12vconv_u82f16EPN7float165Fp16TEPhhtthhbb] -> 0xffff8f2e0a84
cceprint: [_ZN8cceprint12vconv_u82f16EPN7float165Fp16TEPhhtttt] -> 0xffff8f2e0d08
cceprint: [_ZN8cceprint16vconv_vdeqs162b8EPaPsmb] -> 0xffff8f2e0f00
cceprint: [_ZN8cceprint16vconv_vdeqs162b8EPaPshtthhbbb] -> 0xffff8f2e1044
cceprint: [_ZN8cceprint16vconv_vdeqs162b8EPhPsmb] -> 0xffff8f2e1300
cceprint: [_ZN8cceprint16vconv_vdeqs162b8EPhPshtthhbbb] -> 0xffff8f2e1444
cceprint: [_ZN8cceprint17vconv_vdeqs162b8hEPaPshtthh] -> 0xffff8f2e1700
cceprint: [_ZN8cceprint17vconv_vdeqs162b8hEPaPsm] -> 0xffff8f2e1910
cceprint: [_ZN8cceprint17vconv_vdeqs162b8hEPhPshtthh] -> 0xffff8f2e1a18
cceprint: [_ZN8cceprint17vconv_vdeqs162b8hEPhPsm] -> 0xffff8f2e1c28
cceprint: [_ZN8cceprint17vconv_vdeqs162b8lEPaPshtthh] -> 0xffff8f2e1d30
cceprint: [_ZN8cceprint17vconv_vdeqs162b8lEPaPsm] -> 0xffff8f2e1f40
cceprint: [_ZN8cceprint17vconv_vdeqs162b8lEPhPshtthh] -> 0xffff8f2e2048
cceprint: [_ZN8cceprint17vconv_vdeqs162b8lEPhPsm] -> 0xffff8f2e2258
cceprint: [_ZN8cceprint4vcvtERA128_N7float165Fp16TEPhh7Literal] -> 0xffff8f2e2360
cceprint: [_ZN8cceprint4vcvtERA128_N7float165Fp16TEPah7Literal] -> 0xffff8f2e24b0
cceprint: [_ZN8cceprint4vcvtERA64_fPN7float165Fp16TEh7Literal] -> 0xffff8f2e2600
cceprint: [_ZN8cceprint4vcvtERA64_iPN7float165Fp16TEh7LiteralS5_] -> 0xffff8f2e2750
cceprint: [_ZN8cceprint4vcvtERA64_fPN8bfloat165Bf16TEh7Literal] -> 0xffff8f2e28e8
cceprint: [_ZN8cceprint4vcvtERA64_iPN8bfloat165Bf16TEh7LiteralS5_S5_] -> 0xffff8f2e2a38
cceprint: [_ZN8cceprint4vcvtERA64_fPsh7Literal] -> 0xffff8f2e2c18
cceprint: [_ZN8cceprint4vcvtERA32_lPfh7LiteralS3_S3_] -> 0xffff8f2e2d68
cceprint: [_ZN8cceprint4vcvtERA32_lPih7Literal] -> 0xffff8f2e2f48
cceprint: [_ZN8cceprint4vcvtERA256_hPN7float165Fp16TEh7LiteralS5_S5_] -> 0xffff8f2e3098
cceprint: [_ZN8cceprint4vcvtERA256_aPN7float165Fp16TEh7LiteralS5_S5_] -> 0xffff8f2e3278
cceprint: [_ZN8cceprint4vcvtERA128_N7float165Fp16TEPfh7LiteralS5_S5_] -> 0xffff8f2e3458
cceprint: [_ZN8cceprint4vcvtERA128_N8bfloat165Bf16TEPfh7LiteralS5_S5_] -> 0xffff8f2e3638
cceprint: [_ZN8cceprint4vcvtERA128_sPfh7LiteralS3_S3_] -> 0xffff8f2e3818
cceprint: [_ZN8cceprint4vcvtERA128_sPih7LiteralS3_] -> 0xffff8f2e39f8
cceprint: [_ZN8cceprint4vcvtERA64_iPlh7LiteralS3_] -> 0xffff8f2e3b90
cceprint: [_ZN8cceprint4vcvtERA64_fPlh7LiteralS3_] -> 0xffff8f2e3d28
cceprint: [_ZN8cceprint4vcvtERA128_sPN7float165Fp16TEh7LiteralS5_] -> 0xffff8f2e3ec0
cceprint: [_ZN8cceprint4vcvtERA128_N7float165Fp16TEPsh7Literal] -> 0xffff8f2e4058
cceprint: [_ZN8cceprint4vcvtERA64_iPfh7LiteralS3_] -> 0xffff8f2e41a8
cceprint: [_ZN8cceprint4vcvtERA64_fPih7Literal] -> 0xffff8f2e4340
cceprint: [_ZN8cceprint4vtrcERA64_fPf7Literalh] -> 0xffff8f2e4490
cceprint: [_ZN8cceprint5vcopyEPsS0_m] -> 0xffff8f2e45e0
cceprint: [_ZN8cceprint5vcopyEPsS0_htttt] -> 0xffff8f2e46e8
cceprint: [_ZN8cceprint5vcopyEPiS0_m] -> 0xffff8f2e48e0
cceprint: [_ZN8cceprint5vcopyEPiS0_htttt] -> 0xffff8f2e49e8
cceprint: [_ZN8cceprint5vcopyEPtS0_m] -> 0xffff8f2e4be0
cceprint: [_ZN8cceprint5vcopyEPtS0_htttt] -> 0xffff8f2e4ce8
cceprint: [_ZN8cceprint5vcopyEPjS0_m] -> 0xffff8f2e4ee0
cceprint: [_ZN8cceprint5vcopyEPjS0_htttt] -> 0xffff8f2e4fe8
cceprint: [_ZN8cceprint6vcpaddEPN7float165Fp16TES2_m] -> 0xffff8f2e51e0
cceprint: [_ZN8cceprint6vcpaddEPN7float165Fp16TES2_httt] -> 0xffff8f2e52e8
cceprint: [_ZN8cceprint6vcpaddEPN7float165Fp16TES2_htttbb] -> 0xffff8f2e54a4
cceprint: [_ZN8cceprint6vcpaddEPfS0_m] -> 0xffff8f2e56d8
cceprint: [_ZN8cceprint6vcpaddEPfS0_httt] -> 0xffff8f2e57e0
cceprint: [_ZN8cceprint6vcpaddEPfS0_htttbb] -> 0xffff8f2e599c
cceprint: [_ZN8cceprint4vdivEPN7float165Fp16TES2_S2_m] -> 0xffff8f2e5bd0
cceprint: [_ZN8cceprint4vdivEPN7float165Fp16TES2_S2_hhhhhhh] -> 0xffff8f2e5d14
cceprint: [_ZN8cceprint4vdivEPN7float165Fp16TES2_S2_hhhhhhhbb] -> 0xffff8f2e6000
cceprint: [_ZN8cceprint4vdivEPfS0_S0_m] -> 0xffff8f2e635c
cceprint: [_ZN8cceprint4vdivEPfS0_S0_hhhhhhh] -> 0xffff8f2e64a0
cceprint: [_ZN8cceprint4vdivEPfS0_S0_hhhhhhhbb] -> 0xffff8f2e678c
cceprint: [_ZN8cceprint3vdpEPsS0_S0_m] -> 0xffff8f2e6ae8
cceprint: [_ZN8cceprint3vdpEPsS0_S0_thttbbb] -> 0xffff8f2e6c2c
cceprint: [_ZN8cceprint10vector_dupEPN7float165Fp16TES1_m] -> 0xffff8f2e6ed0
cceprint: [_ZN8cceprint10vector_dupEPN7float165Fp16TES1_htthh] -> 0xffff8f2e6fec
cceprint: [_ZN8cceprint10vector_dupEPN7float165Fp16TES1_htthhbb] -> 0xffff8f2e7210
cceprint: [_ZN8cceprint10vector_dupEPN7float165Fp16TES1_htttt] -> 0xffff8f2e74a8
cceprint: [_ZN8cceprint10vector_dupEPffm] -> 0xffff8f2e76b4
cceprint: [_ZN8cceprint10vector_dupEPffhtthh] -> 0xffff8f2e77bc
cceprint: [_ZN8cceprint10vector_dupEPffhtthhbb] -> 0xffff8f2e79cc
cceprint: [_ZN8cceprint10vector_dupEPffhtttt] -> 0xffff8f2e7c54
cceprint: [_ZN8cceprint10vector_dupEPssm] -> 0xffff8f2e7e4c
cceprint: [_ZN8cceprint10vector_dupEPsshtthh] -> 0xffff8f2e7f54
cceprint: [_ZN8cceprint10vector_dupEPsshtthhbb] -> 0xffff8f2e8164
cceprint: [_ZN8cceprint10vector_dupEPsshtttt] -> 0xffff8f2e83e8
cceprint: [_ZN8cceprint10vector_dupEPiim] -> 0xffff8f2e85e0
cceprint: [_ZN8cceprint10vector_dupEPiihtthh] -> 0xffff8f2e86e8
cceprint: [_ZN8cceprint10vector_dupEPiihtthhbb] -> 0xffff8f2e88f8
cceprint: [_ZN8cceprint10vector_dupEPiihtttt] -> 0xffff8f2e8b7c
cceprint: [_ZN8cceprint10vector_dupEPttm] -> 0xffff8f2e8d74
cceprint: [_ZN8cceprint10vector_dupEPtthtthh] -> 0xffff8f2e8e7c
cceprint: [_ZN8cceprint10vector_dupEPtthtthhbb] -> 0xffff8f2e908c
cceprint: [_ZN8cceprint10vector_dupEPtthtttt] -> 0xffff8f2e9310
cceprint: [_ZN8cceprint10vector_dupEPjjm] -> 0xffff8f2e9508
cceprint: [_ZN8cceprint10vector_dupEPjjhtthh] -> 0xffff8f2e9610
cceprint: [_ZN8cceprint10vector_dupEPjjhtthhbb] -> 0xffff8f2e9820
cceprint: [_ZN8cceprint10vector_dupEPjjhtttt] -> 0xffff8f2e9aa4
cceprint: [_ZN8cceprint10vector_dupEPN8bfloat165Bf16TES1_m] -> 0xffff8f2e9c9c
cceprint: [_ZN8cceprint10vector_dupEPN8bfloat165Bf16TES1_htthh] -> 0xffff8f2e9db8
cceprint: [_ZN8cceprint4vexpEPN7float165Fp16TES2_m] -> 0xffff8f2e9fdc
cceprint: [_ZN8cceprint4vexpEPN7float165Fp16TES2_htthh] -> 0xffff8f2ea0e4
cceprint: [_ZN8cceprint4vexpEPN7float165Fp16TES2_htthhbb] -> 0xffff8f2ea2f4
cceprint: [_ZN8cceprint4vexpEPN7float165Fp16TES2_htttt] -> 0xffff8f2ea578
cceprint: [_ZN8cceprint4vexpEPfS0_m] -> 0xffff8f2ea770
cceprint: [_ZN8cceprint4vexpEPfS0_htthh] -> 0xffff8f2ea878
cceprint: [_ZN8cceprint4vexpEPfS0_htthhbb] -> 0xffff8f2eaa88
cceprint: [_ZN8cceprint4vexpEPfS0_htttt] -> 0xffff8f2ead0c
cceprint: [_ZN8cceprint8vextractEPN7float165Fp16TES2_m] -> 0xffff8f2eaf04
cceprint: [_ZN8cceprint8vextractEPN7float165Fp16TES2_hh] -> 0xffff8f2eb00c
cceprint: [_ZN8cceprint8vextractEPN7float165Fp16TES2_htthh] -> 0xffff8f2eb15c
cceprint: [_ZN8cceprint8vextractEPN7float165Fp16TES2_htthhbb] -> 0xffff8f2eb36c
cceprint: [_ZN8cceprint8vextractEPfS0_m] -> 0xffff8f2eb5f0
cceprint: [_ZN8cceprint8vextractEPfS0_hh] -> 0xffff8f2eb6f8
cceprint: [_ZN8cceprint8vextractEPfS0_htthh] -> 0xffff8f2eb848
cceprint: [_ZN8cceprint8vextractEPfS0_htthhbb] -> 0xffff8f2eba58
cceprint: [_ZN8cceprint7vgatherEPtPjm] -> 0xffff8f2ebcdc
cceprint: [_ZN8cceprint7vgatherEPtPjjb] -> 0xffff8f2ebde4
cceprint: [_ZN8cceprint7vgatherEPtPjjth] -> 0xffff8f2ebf1c
cceprint: [_ZN8cceprint7vgatherEPjS0_m] -> 0xffff8f2ec09c
cceprint: [_ZN8cceprint7vgatherEPjS0_jb] -> 0xffff8f2ec1a4
cceprint: [_ZN8cceprint7vgatherEPjS0_jth] -> 0xffff8f2ec2dc
cceprint: [_ZN8cceprint8vgatherbEPtPjm] -> 0xffff8f2ec45c
cceprint: [_ZN8cceprint8vgatherbEPtPjjthh] -> 0xffff8f2ec564
cceprint: [_ZN8cceprint8vgatherbEPjS0_m] -> 0xffff8f2ec72c
cceprint: [_ZN8cceprint8vgatherbEPjS0_jthh] -> 0xffff8f2ec834
cceprint: [_ZN8cceprint4viouEPN7float165Fp16TES2_S2_m] -> 0xffff8f2ec9fc
cceprint: [_ZN8cceprint4viouEPN7float165Fp16TES2_S2_hhhhhhh] -> 0xffff8f2ecb40
cceprint: [_ZN8cceprint4viouEPN7float165Fp16TES2_S2_hhhhhhhbb] -> 0xffff8f2ece2c
cceprint: [_ZN8cceprint4viouEPfS0_S0_m] -> 0xffff8f2ed188
cceprint: [_ZN8cceprint4viouEPfS0_S0_hhhhhhh] -> 0xffff8f2ed2cc
cceprint: [_ZN8cceprint4viouEPfS0_S0_hhhhhhhbb] -> 0xffff8f2ed5b8
cceprint: [_ZN8cceprint10vld_va_regE10ub_addr8_tPm7vpart_t] -> 0xffff8f2ed914
cceprint: [_ZN8cceprint3vlnEPN7float165Fp16TES2_m] -> 0xffff8f2eda28
cceprint: [_ZN8cceprint3vlnEPN7float165Fp16TES2_htthh] -> 0xffff8f2edb30
cceprint: [_ZN8cceprint3vlnEPN7float165Fp16TES2_htthhbb] -> 0xffff8f2edd40
cceprint: [_ZN8cceprint3vlnEPN7float165Fp16TES2_htttt] -> 0xffff8f2edfc4
cceprint: [_ZN8cceprint3vlnEPfS0_m] -> 0xffff8f2ee1bc
cceprint: [_ZN8cceprint3vlnEPfS0_htthh] -> 0xffff8f2ee2c4
cceprint: [_ZN8cceprint3vlnEPfS0_htthhbb] -> 0xffff8f2ee4d4
cceprint: [_ZN8cceprint3vlnEPfS0_htttt] -> 0xffff8f2ee758
cceprint: [_ZN8cceprint6vlreluEPN7float165Fp16TES2_S1_m] -> 0xffff8f2ee950
cceprint: [_ZN8cceprint6vlreluEPN7float165Fp16TES2_S1_htthhbb] -> 0xffff8f2eeaa8
cceprint: [_ZN8cceprint6vlreluEPN7float165Fp16TES2_S1_htttt] -> 0xffff8f2eed78
cceprint: [_ZN8cceprint6vlreluEPfS0_fm] -> 0xffff8f2eefc0
cceprint: [_ZN8cceprint6vlreluEPfS0_fhtthhbb] -> 0xffff8f2ef104
cceprint: [_ZN8cceprint6vlreluEPfS0_fhtttt] -> 0xffff8f2ef3c4
cceprint: [_ZN8cceprint5vmaddEPN7float165Fp16TES2_S2_m] -> 0xffff8f2ef5f8
cceprint: [_ZN8cceprint5vmaddEPN7float165Fp16TES2_S2_hhhhhhh] -> 0xffff8f2ef73c
cceprint: [_ZN8cceprint5vmaddEPN7float165Fp16TES2_S2_hhhhhhhbb] -> 0xffff8f2efa28
cceprint: [_ZN8cceprint5vmaddEPfS0_S0_m] -> 0xffff8f2efd84
cceprint: [_ZN8cceprint5vmaddEPfS0_S0_hhhhhhh] -> 0xffff8f2efec8
cceprint: [_ZN8cceprint5vmaddEPfS0_S0_hhhhhhhbb] -> 0xffff8f2f01b4
cceprint: [_ZN8cceprint9vmaddreluEPN7float165Fp16TES2_S2_m] -> 0xffff8f2f0510
cceprint: [_ZN8cceprint9vmaddreluEPN7float165Fp16TES2_S2_hhhhhhh] -> 0xffff8f2f0654
cceprint: [_ZN8cceprint9vmaddreluEPN7float165Fp16TES2_S2_hhhhhhhbb] -> 0xffff8f2f0940
cceprint: [_ZN8cceprint9vmaddreluEPfS0_S0_m] -> 0xffff8f2f0c9c
cceprint: [_ZN8cceprint9vmaddreluEPfS0_S0_hhhhhhh] -> 0xffff8f2f0de0
cceprint: [_ZN8cceprint9vmaddreluEPfS0_S0_hhhhhhhbb] -> 0xffff8f2f10cc
cceprint: [_ZN8cceprint4vmaxEPN7float165Fp16TES2_S2_m] -> 0xffff8f2f1428
cceprint: [_ZN8cceprint4vmaxEPN7float165Fp16TES2_S2_hhhhhhh] -> 0xffff8f2f156c
cceprint: [_ZN8cceprint4vmaxEPN7float165Fp16TES2_S2_hhhhhhhbb] -> 0xffff8f2f1858
cceprint: [_ZN8cceprint4vmaxEPfS0_S0_m] -> 0xffff8f2f1bb4
cceprint: [_ZN8cceprint4vmaxEPfS0_S0_hhhhhhh] -> 0xffff8f2f1cf8
cceprint: [_ZN8cceprint4vmaxEPfS0_S0_hhhhhhhbb] -> 0xffff8f2f1fe4
cceprint: [_ZN8cceprint4vmaxEPsS0_S0_m] -> 0xffff8f2f2340
cceprint: [_ZN8cceprint4vmaxEPsS0_S0_hhhhhhh] -> 0xffff8f2f2484
cceprint: [_ZN8cceprint4vmaxEPsS0_S0_hhhhhhhbb] -> 0xffff8f2f2770
cceprint: [_ZN8cceprint4vmaxEPiS0_S0_m] -> 0xffff8f2f2acc
cceprint: [_ZN8cceprint4vmaxEPiS0_S0_hhhhhhh] -> 0xffff8f2f2c10
cceprint: [_ZN8cceprint4vmaxEPiS0_S0_hhhhhhhbb] -> 0xffff8f2f2efc
cceprint: [_ZN8cceprint5vmaxsEPN7float165Fp16TES2_S1_m] -> 0xffff8f2f3258
cceprint: [_ZN8cceprint5vmaxsEPN7float165Fp16TES2_S1_htthhbb] -> 0xffff8f2f33b0
cceprint: [_ZN8cceprint5vmaxsEPN7float165Fp16TES2_S1_htttt] -> 0xffff8f2f3680
cceprint: [_ZN8cceprint5vmaxsEPfS0_fm] -> 0xffff8f2f38c8
cceprint: [_ZN8cceprint5vmaxsEPfS0_fhtthhbb] -> 0xffff8f2f3a0c
cceprint: [_ZN8cceprint5vmaxsEPfS0_fhtttt] -> 0xffff8f2f3ccc
cceprint: [_ZN8cceprint5vmaxsEPsS0_sm] -> 0xffff8f2f3f00
cceprint: [_ZN8cceprint5vmaxsEPsS0_shtthhbb] -> 0xffff8f2f4044
cceprint: [_ZN8cceprint5vmaxsEPsS0_shtttt] -> 0xffff8f2f4300
cceprint: [_ZN8cceprint5vmaxsEPiS0_im] -> 0xffff8f2f4534
cceprint: [_ZN8cceprint5vmaxsEPiS0_ihtthhbb] -> 0xffff8f2f4678
cceprint: [_ZN8cceprint5vmaxsEPiS0_ihtttt] -> 0xffff8f2f4934
cceprint: [_ZN8cceprint8vmergechEPhS0_m] -> 0xffff8f2f4b68
cceprint: [_ZN8cceprint8vmergechEPhS0_htthh] -> 0xffff8f2f4c70
cceprint: [_ZN8cceprint8vmergechEPhS0_htthhbb] -> 0xffff8f2f4e80
cceprint: [_ZN8cceprint8vmergechEPN7float165Fp16TES2_m] -> 0xffff8f2f5104
cceprint: [_ZN8cceprint8vmergechEPN7float165Fp16TES2_htthh] -> 0xffff8f2f520c
cceprint: [_ZN8cceprint8vmergechEPN7float165Fp16TES2_htthhbb] -> 0xffff8f2f541c
cceprint: [_ZN8cceprint4vminEPN7float165Fp16TES2_S2_m] -> 0xffff8f2f56a0
cceprint: [_ZN8cceprint4vminEPN7float165Fp16TES2_S2_hhhhhhh] -> 0xffff8f2f57e4
cceprint: [_ZN8cceprint4vminEPN7float165Fp16TES2_S2_hhhhhhhbb] -> 0xffff8f2f5ad0
cceprint: [_ZN8cceprint4vminEPfS0_S0_m] -> 0xffff8f2f5e2c
cceprint: [_ZN8cceprint4vminEPfS0_S0_hhhhhhh] -> 0xffff8f2f5f70
cceprint: [_ZN8cceprint4vminEPfS0_S0_hhhhhhhbb] -> 0xffff8f2f625c
cceprint: [_ZN8cceprint4vminEPsS0_S0_m] -> 0xffff8f2f65b8
cceprint: [_ZN8cceprint4vminEPsS0_S0_hhhhhhh] -> 0xffff8f2f66fc
cceprint: [_ZN8cceprint4vminEPsS0_S0_hhhhhhhbb] -> 0xffff8f2f69e8
cceprint: [_ZN8cceprint4vminEPiS0_S0_m] -> 0xffff8f2f6d44
cceprint: [_ZN8cceprint4vminEPiS0_S0_hhhhhhh] -> 0xffff8f2f6e88
cceprint: [_ZN8cceprint4vminEPiS0_S0_hhhhhhhbb] -> 0xffff8f2f7174
cceprint: [_ZN8cceprint5vminsEPN7float165Fp16TES2_S1_m] -> 0xffff8f2f74d0
cceprint: [_ZN8cceprint5vminsEPN7float165Fp16TES2_S1_htthhbb] -> 0xffff8f2f7628
cceprint: [_ZN8cceprint5vminsEPN7float165Fp16TES2_S1_htttt] -> 0xffff8f2f78f8
cceprint: [_ZN8cceprint5vminsEPfS0_fm] -> 0xffff8f2f7b40
cceprint: [_ZN8cceprint5vminsEPfS0_fhtthhbb] -> 0xffff8f2f7c84
cceprint: [_ZN8cceprint5vminsEPfS0_fhtttt] -> 0xffff8f2f7f44
cceprint: [_ZN8cceprint5vminsEPsS0_sm] -> 0xffff8f2f8178
cceprint: [_ZN8cceprint5vminsEPsS0_shtthhbb] -> 0xffff8f2f82bc
cceprint: [_ZN8cceprint5vminsEPsS0_shtttt] -> 0xffff8f2f8578
cceprint: [_ZN8cceprint5vminsEPiS0_im] -> 0xffff8f2f87ac
cceprint: [_ZN8cceprint5vminsEPiS0_ihtthhbb] -> 0xffff8f2f88f0
cceprint: [_ZN8cceprint5vminsEPiS0_ihtttt] -> 0xffff8f2f8bac
cceprint: [_ZN8cceprint4vmlaEPN7float165Fp16TES2_S2_m] -> 0xffff8f2f8de0
cceprint: [_ZN8cceprint4vmlaEPN7float165Fp16TES2_S2_hhhhhhh] -> 0xffff8f2f8f24
cceprint: [_ZN8cceprint4vmlaEPN7float165Fp16TES2_S2_hhhhhhhbb] -> 0xffff8f2f9210
cceprint: [_ZN8cceprint4vmlaEPfS0_S0_m] -> 0xffff8f2f956c
cceprint: [_ZN8cceprint4vmlaEPfS0_S0_hhhhhhh] -> 0xffff8f2f96b0
cceprint: [_ZN8cceprint4vmlaEPfS0_S0_hhhhhhhbb] -> 0xffff8f2f999c
cceprint: [_ZN8cceprint4vmlaEPfPN7float165Fp16TES3_m] -> 0xffff8f2f9cf8
cceprint: [_ZN8cceprint4vmlaEPfPN7float165Fp16TES3_hhhhhhh] -> 0xffff8f2f9e3c
cceprint: [_ZN8cceprint4vmlaEPfPN7float165Fp16TES3_hhhhhhhbb] -> 0xffff8f2fa128
cceprint: [_ZN8cceprint9vmrgsort4EPN7float165Fp16TEPS2_m] -> 0xffff8f2fa484
cceprint: [_ZN8cceprint9vmrgsort4EPfPS0_m] -> 0xffff8f2fa58c
cceprint: [_ZN8cceprint9vmrgsort4EPN7float165Fp16TEPS2_mm] -> 0xffff8f2fa694
cceprint: [_ZN8cceprint9vmrgsort4EPfPS0_mm] -> 0xffff8f2fa7e4
cceprint: [_ZN8cceprint4vmulEPN7float165Fp16TES2_S2_m] -> 0xffff8f2fa934
cceprint: [_ZN8cceprint4vmulEPN7float165Fp16TES2_S2_hhhhhhh] -> 0xffff8f2faa78
cceprint: [_ZN8cceprint4vmulEPN7float165Fp16TES2_S2_hhhhhhhbb] -> 0xffff8f2fad64
cceprint: [_ZN8cceprint4vmulEPfS0_S0_m] -> 0xffff8f2fb0c0
cceprint: [_ZN8cceprint4vmulEPfS0_S0_hhhhhhh] -> 0xffff8f2fb204
cceprint: [_ZN8cceprint4vmulEPfS0_S0_hhhhhhhbb] -> 0xffff8f2fb4f0
cceprint: [_ZN8cceprint4vmulEPsS0_S0_m] -> 0xffff8f2fb84c
cceprint: [_ZN8cceprint4vmulEPsS0_S0_hhhhhhh] -> 0xffff8f2fb990
cceprint: [_ZN8cceprint4vmulEPsS0_S0_hhhhhhhbb] -> 0xffff8f2fbc7c
cceprint: [_ZN8cceprint4vmulEPiS0_S0_m] -> 0xffff8f2fbfd8
cceprint: [_ZN8cceprint4vmulEPiS0_S0_hhhhhhh] -> 0xffff8f2fc11c
cceprint: [_ZN8cceprint4vmulEPiS0_S0_hhhhhhhbb] -> 0xffff8f2fc408
cceprint: [_ZN8cceprint15vmulconv_f162s8EPaPN7float165Fp16TES3_m] -> 0xffff8f2fc764
cceprint: [_ZN8cceprint15vmulconv_f162s8EPaPN7float165Fp16TES3_hhhhhhh] -> 0xffff8f2fc8a8
cceprint: [_ZN8cceprint15vmulconv_f162s8EPaPN7float165Fp16TES3_hhhhhhhbb] -> 0xffff8f2fcb94
cceprint: [_ZN8cceprint15vmulconv_f162u8EPhPN7float165Fp16TES3_m] -> 0xffff8f2fcef0
cceprint: [_ZN8cceprint15vmulconv_f162u8EPhPN7float165Fp16TES3_hhhhhhh] -> 0xffff8f2fd034
cceprint: [_ZN8cceprint15vmulconv_f162u8EPhPN7float165Fp16TES3_hhhhhhhbb] -> 0xffff8f2fd320
cceprint: [_ZN8cceprint5vmulsEPN7float165Fp16TES2_S1_m] -> 0xffff8f2fd67c
cceprint: [_ZN8cceprint5vmulsEPN7float165Fp16TES2_S1_htthh] -> 0xffff8f2fd7d4
cceprint: [_ZN8cceprint5vmulsEPN7float165Fp16TES2_S1_htthhbb] -> 0xffff8f2fda34
cceprint: [_ZN8cceprint5vmulsEPN7float165Fp16TES2_S1_htttt] -> 0xffff8f2fdd04
cceprint: [_ZN8cceprint5vmulsEPfS0_fm] -> 0xffff8f2fdf4c
cceprint: [_ZN8cceprint5vmulsEPfS0_fhtthh] -> 0xffff8f2fe090
cceprint: [_ZN8cceprint5vmulsEPfS0_fhtthhbb] -> 0xffff8f2fe2dc
cceprint: [_ZN8cceprint5vmulsEPfS0_fhtttt] -> 0xffff8f2fe59c
cceprint: [_ZN8cceprint5vmulsEPsS0_sm] -> 0xffff8f2fe7d0
cceprint: [_ZN8cceprint5vmulsEPsS0_shtthh] -> 0xffff8f2fe914
cceprint: [_ZN8cceprint5vmulsEPsS0_shtthhbb] -> 0xffff8f2feb60
cceprint: [_ZN8cceprint5vmulsEPsS0_shtttt] -> 0xffff8f2fee1c
cceprint: [_ZN8cceprint5vmulsEPiS0_im] -> 0xffff8f2ff050
cceprint: [_ZN8cceprint5vmulsEPiS0_ihtthh] -> 0xffff8f2ff194
cceprint: [_ZN8cceprint5vmulsEPiS0_ihtthhbb] -> 0xffff8f2ff3e0
cceprint: [_ZN8cceprint5vmulsEPiS0_ihtttt] -> 0xffff8f2ff69c
cceprint: [_ZN8cceprint4vnotEPsS0_m] -> 0xffff8f2ff8d0
cceprint: [_ZN8cceprint4vnotEPsS0_htthh] -> 0xffff8f2ff9d8
cceprint: [_ZN8cceprint4vnotEPsS0_htthhbb] -> 0xffff8f2ffbe8
cceprint: [_ZN8cceprint4vnotEPsS0_htttt] -> 0xffff8f2ffe6c
cceprint: [_ZN8cceprint4vnotEPtS0_m] -> 0xffff8f300064
cceprint: [_ZN8cceprint4vnotEPtS0_htthh] -> 0xffff8f30016c
cceprint: [_ZN8cceprint4vnotEPtS0_htthhbb] -> 0xffff8f30037c
cceprint: [_ZN8cceprint4vnotEPtS0_htttt] -> 0xffff8f300600
cceprint: [_ZN8cceprint3vorEPsS0_S0_m] -> 0xffff8f3007f8
cceprint: [_ZN8cceprint3vorEPsS0_S0_hhhhhhh] -> 0xffff8f30093c
cceprint: [_ZN8cceprint3vorEPsS0_S0_hhhhhhhbb] -> 0xffff8f300c28
cceprint: [_ZN8cceprint3vorEPtS0_S0_m] -> 0xffff8f300f84
cceprint: [_ZN8cceprint3vorEPtS0_S0_hhhhhhh] -> 0xffff8f3010c8
cceprint: [_ZN8cceprint3vorEPtS0_S0_hhhhhhhbb] -> 0xffff8f3013b4
cceprint: [_ZN8cceprint8vpaddingEPtS0_m] -> 0xffff8f301710
cceprint: [_ZN8cceprint8vpaddingEPtS0_htthhbbhb] -> 0xffff8f301818
cceprint: [_ZN8cceprint8vpaddingEPjS0_m] -> 0xffff8f301b18
cceprint: [_ZN8cceprint8vpaddingEPjS0_htthhbbhb] -> 0xffff8f301c20
cceprint: [_ZN8cceprint4vrecEPN7float165Fp16TES2_m] -> 0xffff8f301f20
cceprint: [_ZN8cceprint4vrecEPN7float165Fp16TES2_htthh] -> 0xffff8f302028
cceprint: [_ZN8cceprint4vrecEPN7float165Fp16TES2_htthhbb] -> 0xffff8f302238
cceprint: [_ZN8cceprint4vrecEPN7float165Fp16TES2_htttt] -> 0xffff8f3024bc
cceprint: [_ZN8cceprint4vrecEPfS0_m] -> 0xffff8f3026b4
cceprint: [_ZN8cceprint4vrecEPfS0_htthh] -> 0xffff8f3027bc
cceprint: [_ZN8cceprint4vrecEPfS0_htthhbb] -> 0xffff8f3029cc
cceprint: [_ZN8cceprint4vrecEPfS0_htttt] -> 0xffff8f302c50
cceprint: [_ZN8cceprint7vreduceEPtS0_S0_m] -> 0xffff8f302e48
cceprint: [_ZN8cceprint7vreduceEPtS0_S0_hhhhhhh] -> 0xffff8f302f8c
cceprint: [_ZN8cceprint7vreduceEPtS0_S0_hhhhh] -> 0xffff8f303278
cceprint: [_ZN8cceprint7vreduceEPjS0_S0_m] -> 0xffff8f3034dc
cceprint: [_ZN8cceprint7vreduceEPjS0_S0_hhhhhhh] -> 0xffff8f303620
cceprint: [_ZN8cceprint7vreduceEPjS0_S0_hhhhh] -> 0xffff8f30390c
cceprint: [_ZN8cceprint9vreducev2EPtS0_S0_m] -> 0xffff8f303b70
cceprint: [_ZN8cceprint9vreducev2EPtS0_S0_thhth] -> 0xffff8f303cb4
cceprint: [_ZN8cceprint9vreducev2EPjS0_S0_m] -> 0xffff8f303f00
cceprint: [_ZN8cceprint9vreducev2EPjS0_S0_thhth] -> 0xffff8f304044
cceprint: [_ZN8cceprint5vreluEPN7float165Fp16TES2_m] -> 0xffff8f304290
cceprint: [_ZN8cceprint5vreluEPN7float165Fp16TES2_htthh] -> 0xffff8f304398
cceprint: [_ZN8cceprint5vreluEPN7float165Fp16TES2_htthhbb] -> 0xffff8f3045a8
cceprint: [_ZN8cceprint5vreluEPN7float165Fp16TES2_htttt] -> 0xffff8f30482c
cceprint: [_ZN8cceprint5vreluEPfS0_m] -> 0xffff8f304a24
cceprint: [_ZN8cceprint5vreluEPfS0_htthh] -> 0xffff8f304b2c
cceprint: [_ZN8cceprint5vreluEPfS0_htthhbb] -> 0xffff8f304d3c
cceprint: [_ZN8cceprint5vreluEPfS0_htttt] -> 0xffff8f304fc0
cceprint: [_ZN8cceprint5vreluEPiS0_m] -> 0xffff8f3051b8
cceprint: [_ZN8cceprint5vreluEPiS0_htthh] -> 0xffff8f3052c0
cceprint: [_ZN8cceprint5vreluEPiS0_htthhbb] -> 0xffff8f3054d0
cceprint: [_ZN8cceprint5vreluEPiS0_htttt] -> 0xffff8f305754
cceprint: [_ZN8cceprint5vrpacEPN7float165Fp16TES2_m] -> 0xffff8f30594c
cceprint: [_ZN8cceprint5vrpacEPN7float165Fp16TES2_htthh] -> 0xffff8f305a54
cceprint: [_ZN8cceprint5vrpacEPN7float165Fp16TES2_htthhbb] -> 0xffff8f305c64
cceprint: [_ZN8cceprint5vrpacEPfS0_m] -> 0xffff8f305ee8
cceprint: [_ZN8cceprint5vrpacEPfS0_htthh] -> 0xffff8f305ff0
cceprint: [_ZN8cceprint5vrpacEPfS0_htthhbb] -> 0xffff8f306200
cceprint: [_ZN8cceprint6vrsqrtEPN7float165Fp16TES2_m] -> 0xffff8f306484
cceprint: [_ZN8cceprint6vrsqrtEPN7float165Fp16TES2_htthh] -> 0xffff8f30658c
cceprint: [_ZN8cceprint6vrsqrtEPN7float165Fp16TES2_htthhbb] -> 0xffff8f30679c
cceprint: [_ZN8cceprint6vrsqrtEPN7float165Fp16TES2_htttt] -> 0xffff8f306a20
cceprint: [_ZN8cceprint6vrsqrtEPfS0_m] -> 0xffff8f306c18
cceprint: [_ZN8cceprint6vrsqrtEPfS0_htthh] -> 0xffff8f306d20
cceprint: [_ZN8cceprint6vrsqrtEPfS0_htthhbb] -> 0xffff8f306f30
cceprint: [_ZN8cceprint6vrsqrtEPfS0_htttt] -> 0xffff8f3071b4
cceprint: [_ZN8cceprint8vscatterEPjPtm] -> 0xffff8f3073ac
cceprint: [_ZN8cceprint8vscatterEPjPtjb] -> 0xffff8f3074b4
cceprint: [_ZN8cceprint8vscatterEPjS0_m] -> 0xffff8f3075ec
cceprint: [_ZN8cceprint8vscatterEPjS0_jb] -> 0xffff8f3076f4
cceprint: [_ZN8cceprint4vselEPN7float165Fp16TES2_S2_m] -> 0xffff8f30782c
cceprint: [_ZN8cceprint4vselEPN7float165Fp16TES2_Pvm] -> 0xffff8f307970
cceprint: [_ZN8cceprint4vselEPN7float165Fp16TES2_Pvhhhhhhh] -> 0xffff8f307ab4
cceprint: [_ZN8cceprint4vselEPN7float165Fp16TES2_Pvhhhhhhhhbb] -> 0xffff8f307da0
cceprint: [_ZN8cceprint4vselEPN7float165Fp16TES2_Pvhhhhhhhh] -> 0xffff8f308140
cceprint: [_ZN8cceprint4vselEPN7float165Fp16TES2_S2_hhhhhhh] -> 0xffff8f308470
cceprint: [_ZN8cceprint4vselEPN7float165Fp16TES2_S2_hhhhhhhhbb] -> 0xffff8f30875c
cceprint: [_ZN8cceprint4vselEPN7float165Fp16TES2_S2_hhhhhhhh] -> 0xffff8f308afc
cceprint: [_ZN8cceprint4vselEPfS0_S0_m] -> 0xffff8f308e2c
cceprint: [_ZN8cceprint4vselEPfS0_Pvm] -> 0xffff8f308f70
cceprint: [_ZN8cceprint4vselEPfS0_Pvhhhhhhh] -> 0xffff8f3090b4
cceprint: [_ZN8cceprint4vselEPfS0_Pvhhhhhhhhbb] -> 0xffff8f3093a0
cceprint: [_ZN8cceprint4vselEPfS0_Pvhhhhhhhh] -> 0xffff8f309740
cceprint: [_ZN8cceprint4vselEPfS0_S0_hhhhhhh] -> 0xffff8f309a70
cceprint: [_ZN8cceprint4vselEPfS0_S0_hhhhhhhhbb] -> 0xffff8f309d5c
cceprint: [_ZN8cceprint4vselEPfS0_S0_hhhhhhhh] -> 0xffff8f30a0fc
cceprint: [_ZN8cceprint4vshlEPsS0_jm] -> 0xffff8f30a42c
cceprint: [_ZN8cceprint4vshlEPsS0_jhtthh] -> 0xffff8f30a570
cceprint: [_ZN8cceprint4vshlEPsS0_jhtthhbb] -> 0xffff8f30a7bc
cceprint: [_ZN8cceprint4vshlEPsS0_jhtttt] -> 0xffff8f30aa78
cceprint: [_ZN8cceprint4vshlEPiS0_jm] -> 0xffff8f30acac
cceprint: [_ZN8cceprint4vshlEPiS0_jhtthh] -> 0xffff8f30adf0
cceprint: [_ZN8cceprint4vshlEPiS0_jhtthhbb] -> 0xffff8f30b03c
cceprint: [_ZN8cceprint4vshlEPiS0_jhtttt] -> 0xffff8f30b2f8
cceprint: [_ZN8cceprint4vshlEPtS0_jm] -> 0xffff8f30b52c
cceprint: [_ZN8cceprint4vshlEPtS0_jhtthh] -> 0xffff8f30b670
cceprint: [_ZN8cceprint4vshlEPtS0_jhtthhbb] -> 0xffff8f30b8bc
cceprint: [_ZN8cceprint4vshlEPtS0_jhtttt] -> 0xffff8f30bb78
cceprint: [_ZN8cceprint4vshlEPjS0_jm] -> 0xffff8f30bdac
cceprint: [_ZN8cceprint4vshlEPjS0_jhtthh] -> 0xffff8f30bef0
cceprint: [_ZN8cceprint4vshlEPjS0_jhtthhbb] -> 0xffff8f30c13c
cceprint: [_ZN8cceprint4vshlEPjS0_jhtttt] -> 0xffff8f30c3f8
cceprint: [_ZN8cceprint4vshrEPsS0_imb] -> 0xffff8f30c62c
cceprint: [_ZN8cceprint4vshrEPsS0_ihtthhbbb] -> 0xffff8f30c7ac
cceprint: [_ZN8cceprint4vshrEPsS0_ihttttb] -> 0xffff8f30caa0
cceprint: [_ZN8cceprint4vshrEPiS0_imb] -> 0xffff8f30cd0c
cceprint: [_ZN8cceprint4vshrEPiS0_ihtthhbbb] -> 0xffff8f30ce8c
cceprint: [_ZN8cceprint4vshrEPiS0_ihttttb] -> 0xffff8f30d180
cceprint: [_ZN8cceprint4vshrEPtS0_jmb] -> 0xffff8f30d3ec
cceprint: [_ZN8cceprint4vshrEPtS0_jhtthhbbb] -> 0xffff8f30d56c
cceprint: [_ZN8cceprint4vshrEPtS0_jhttttb] -> 0xffff8f30d860
cceprint: [_ZN8cceprint4vshrEPjS0_jmb] -> 0xffff8f30dacc
cceprint: [_ZN8cceprint4vshrEPjS0_jhtthhbbb] -> 0xffff8f30dc4c
cceprint: [_ZN8cceprint4vshrEPjS0_jhttttb] -> 0xffff8f30df40
cceprint: [_ZN8cceprint5vsortEPN7float165Fp16TES2_m] -> 0xffff8f30e1ac
cceprint: [_ZN8cceprint5vsortEPN7float165Fp16TES2_h] -> 0xffff8f30e2b4
cceprint: [_ZN8cceprint5vsortEPfS0_m] -> 0xffff8f30e3bc
cceprint: [_ZN8cceprint5vsortEPfS0_h] -> 0xffff8f30e4c4
cceprint: [_ZN8cceprint5vsqrtEPN7float165Fp16TES2_m] -> 0xffff8f30e5cc
cceprint: [_ZN8cceprint5vsqrtEPN7float165Fp16TES2_htthh] -> 0xffff8f30e6d4
cceprint: [_ZN8cceprint5vsqrtEPN7float165Fp16TES2_htthhbb] -> 0xffff8f30e8e4
cceprint: [_ZN8cceprint5vsqrtEPN7float165Fp16TES2_htttt] -> 0xffff8f30eb68
cceprint: [_ZN8cceprint5vsqrtEPfS0_m] -> 0xffff8f30ed60
cceprint: [_ZN8cceprint5vsqrtEPfS0_htthh] -> 0xffff8f30ee68
cceprint: [_ZN8cceprint5vsqrtEPfS0_htthhbb] -> 0xffff8f30f078
cceprint: [_ZN8cceprint5vsqrtEPfS0_htttt] -> 0xffff8f30f2fc
cceprint: [_ZN8cceprint4vsubEPN7float165Fp16TES2_S2_m] -> 0xffff8f30f4f4
cceprint: [_ZN8cceprint4vsubEPN7float165Fp16TES2_S2_hhhhhhh] -> 0xffff8f30f638
cceprint: [_ZN8cceprint4vsubEPN7float165Fp16TES2_S2_hhhhhhhbb] -> 0xffff8f30f924
cceprint: [_ZN8cceprint4vsubEPfS0_S0_m] -> 0xffff8f30fc80
cceprint: [_ZN8cceprint4vsubEPfS0_S0_hhhhhhh] -> 0xffff8f30fdc4
cceprint: [_ZN8cceprint4vsubEPfS0_S0_hhhhhhhbb] -> 0xffff8f3100b0
cceprint: [_ZN8cceprint4vsubEPsS0_S0_m] -> 0xffff8f31040c
cceprint: [_ZN8cceprint4vsubEPsS0_S0_hhhhhhh] -> 0xffff8f310550
cceprint: [_ZN8cceprint4vsubEPsS0_S0_hhhhhhhbb] -> 0xffff8f31083c
cceprint: [_ZN8cceprint4vsubEPiS0_S0_m] -> 0xffff8f310b98
cceprint: [_ZN8cceprint4vsubEPiS0_S0_hhhhhhh] -> 0xffff8f310cdc
cceprint: [_ZN8cceprint4vsubEPiS0_S0_hhhhhhhbb] -> 0xffff8f310fc8
cceprint: [_ZN8cceprint8vsubreluEPN7float165Fp16TES2_S2_m] -> 0xffff8f311324
cceprint: [_ZN8cceprint8vsubreluEPN7float165Fp16TES2_S2_hhhhhhhbb] -> 0xffff8f311468
cceprint: [_ZN8cceprint8vsubreluEPN7float165Fp16TES2_S2_hhhhhhh] -> 0xffff8f3117c4
cceprint: [_ZN8cceprint8vsubreluEPfS0_S0_m] -> 0xffff8f311ab0
cceprint: [_ZN8cceprint8vsubreluEPfS0_S0_hhhhhhhbb] -> 0xffff8f311bf4
cceprint: [_ZN8cceprint8vsubreluEPfS0_S0_hhhhhhh] -> 0xffff8f311f50
cceprint: [_ZN8cceprint8vsubreluEPsS0_S0_m] -> 0xffff8f31223c
cceprint: [_ZN8cceprint8vsubreluEPsS0_S0_hhhhhhhbb] -> 0xffff8f312380
cceprint: [_ZN8cceprint8vsubreluEPsS0_S0_hhhhhhh] -> 0xffff8f3126dc
cceprint: [_ZN8cceprint19vsubreluconv_f162s8EPaPN7float165Fp16TES3_mb] -> 0xffff8f3129c8
cceprint: [_ZN8cceprint19vsubreluconv_f162s8EPaPN7float165Fp16TES3_hhhhhhhbbb] -> 0xffff8f312b48
cceprint: [_ZN8cceprint19vsubreluconv_f162s8EPaPN7float165Fp16TES3_hhhhhhhb] -> 0xffff8f312edc
cceprint: [_ZN8cceprint20vsubreluconv_f322f16EPN7float165Fp16TEPfS3_mb] -> 0xffff8f313200
cceprint: [_ZN8cceprint20vsubreluconv_f322f16EPN7float165Fp16TEPfS3_hhhhhhhbbb] -> 0xffff8f313380
cceprint: [_ZN8cceprint20vsubreluconv_f322f16EPN7float165Fp16TEPfS3_hhhhhhhb] -> 0xffff8f313714
cceprint: [_ZN8cceprint19vsubreluconv_s162s8EPaPsS1_mb] -> 0xffff8f313a38
cceprint: [_ZN8cceprint19vsubreluconv_s162s8EPaPsS1_hhhhhhhbbb] -> 0xffff8f313bb8
cceprint: [_ZN8cceprint19vsubreluconv_s162s8EPaPsS1_hhhhhhhb] -> 0xffff8f313f4c
cceprint: [_ZN8cceprint23vsubreluconv_vdeqs162b8EPaPsS1_mb] -> 0xffff8f314270
cceprint: [_ZN8cceprint23vsubreluconv_vdeqs162b8EPhPsS1_mb] -> 0xffff8f3143f0
cceprint: [_ZN8cceprint23vsubreluconv_vdeqs162b8EPhPsS1_hhhhhhhbbb] -> 0xffff8f314570
cceprint: [_ZN8cceprint23vsubreluconv_vdeqs162b8EPhPsS1_hhhhhhhb] -> 0xffff8f314904
cceprint: [_ZN8cceprint23vsubreluconv_vdeqs162b8EPaPsS1_hhhhhhhbbb] -> 0xffff8f314c28
cceprint: [_ZN8cceprint23vsubreluconv_vdeqs162b8EPaPsS1_hhhhhhhb] -> 0xffff8f314fbc
cceprint: [_ZN8cceprint10vtransposeEPsS0_] -> 0xffff8f3152e0
cceprint: [_ZN8cceprint10vtransposeEPtS0_] -> 0xffff8f3153a0
cceprint: [_ZN8cceprint9wait_flagE6pipe_tS0_7event_t] -> 0xffff8f315460
cceprint: [_ZN8cceprint9wait_flagE6pipe_t7event_t] -> 0xffff8f315590
cceprint: [_ZN8cceprint9wait_flagE6pipe_tS0_m] -> 0xffff8f315674
cceprint: [_ZN8cceprint9wait_flagE6pipe_tm] -> 0xffff8f3157a4
cceprint: [_ZN8cceprint13wait_flag_devEl] -> 0xffff8f315888
cceprint: [_ZN8cceprint13winograd_convEPiPsPam] -> 0xffff8f31590c
cceprint: [_ZN8cceprint13winograd_convEPiPsPattthhhb] -> 0xffff8f315a50
cceprint: [_ZN8cceprint13winograd_convEPiPaS1_m] -> 0xffff8f315d0c
cceprint: [_ZN8cceprint13winograd_convEPiPaS1_ttthhhb] -> 0xffff8f315e50
cceprint: [_ZN8cceprint13get_workspaceEi] -> (nil)
cceprint: [_ZN8cceprint13set_core_typeEi] -> (nil)
cceprint: [_ZN8cceprint15get_process_numEv] -> (nil)
cceprint: [_ZN8cceprint13set_block_dimEi] -> (nil)
cceprint: [_ZN8cceprint18AscendCKernelBeginEPKciPm] -> 0xffff8f316b44
cceprint: [_ZN8cceprint16AscendCKernelEndEPKciPm] -> (nil)
cceprint: [_ZN8cceprint17AscendCBlockBeginEiPKciPKm] -> 0xffff8f316c58
cceprint: [_ZN8cceprint15AscendCBlockEndEiPKciPKm] -> 0xffff8f317124
cceprint: [_ZN8cceprint16AscendCQueCreateEhhh] -> (nil)
cceprint: [_ZN8cceprint14AscendCBufInitEhhhmm] -> (nil)
cceprint: [_ZN8cceprint15AscendCBufAllocEhhmm] -> (nil)
cceprint: [_ZN8cceprint14AscendCBufFreeEhhmm] -> (nil)
cceprint: [_ZN8cceprint15AscendCBufEnqueEhhhm] -> (nil)
cceprint: [_ZN8cceprint15AscendCBufDequeEhhhm] -> (nil)
cceprint: [_ZN8cceprint17AscendCBufAbsAddrEhmm] -> (nil)
cceprint: [_ZN8cceprint13AscendCBufGetEhhmm] -> (nil)
cceprint: [_ZN8cceprint19AscendCTBufPoolInitEhmmm] -> (nil)
cceprint: [_ZN8cceprint27AscendCUpdateTbufPoolStatusEmb] -> (nil)
cceprint: [_ZN8cceprint26AscendCRecordPoolHierarchyEmm] -> (nil)
cceprint: [_ZN8cceprint25AscendCTBufPoolResetCheckEhmmm] -> (nil)
cceprint: [_ZN8cceprint12batch_offsetEmm] -> 0xffff8f31610c
cceprint: [_ZN8cceprint12wait_and_setEPvS0_mm] -> 0xffff8f3161e4
cceprint: [_ZN8cceprint9wait_syncEPvS0_S0_] -> 0xffff8f3163ac
cceprint: [_ZN8cceprint11set_tensoraEPvS0_] -> 0xffff8f316554
cceprint: [_ZN8cceprint11set_tensorbEPv] -> 0xffff8f316614
cceprint: [_ZN8cceprint11get_tensorcEPv] -> 0xffff8f316698
cceprint: [_ZN8cceprint13__ib_set_stubEiib] -> 0xffff8f31671c
cceprint: [_ZN8cceprint14__ib_wait_stubEiib] -> 0xffff8f316818
cceprint: [_ZN8cceprint15__sync_all_stubEib] -> 0xffff8f316914
npuchk: [_ZN6npuchk5bcnt0Em] -> (nil)
npuchk: [_ZN6npuchk5bcnt1Em] -> (nil)
npuchk: [_ZN6npuchk18broadcast_ub_to_ccEPN7float165Fp16TES2_m] -> 0xffff8f081548
npuchk: [_ZN6npuchk18broadcast_ub_to_ccEPN7float165Fp16TES2_hhhh] -> 0xffff8f0817c4
npuchk: [_ZN6npuchk18broadcast_ub_to_ccEPN7float165Fp16TES2_hhhhb] -> 0xffff8f081b48
npuchk: [_ZN6npuchk18broadcast_ub_to_ccEPfS0_m] -> 0xffff8f081f14
npuchk: [_ZN6npuchk18broadcast_ub_to_ccEPfS0_hhhh] -> 0xffff8f082194
npuchk: [_ZN6npuchk18broadcast_ub_to_ccEPfS0_hhhhb] -> 0xffff8f08251c
npuchk: [_ZN6npuchk18broadcast_ub_to_ccEPfPN7float165Fp16TEm] -> 0xffff8f0828ec
npuchk: [_ZN6npuchk18broadcast_ub_to_ccEPfPN7float165Fp16TEhhhh] -> 0xffff8f082b6c
npuchk: [_ZN6npuchk18broadcast_ub_to_ccEPfPN7float165Fp16TEhhhhb] -> 0xffff8f082ef4
npuchk: [_ZN6npuchk18broadcast_ub_to_ccEPiS0_m] -> 0xffff8f0832c4
npuchk: [_ZN6npuchk18broadcast_ub_to_ccEPiS0_hhhh] -> 0xffff8f083544
npuchk: [_ZN6npuchk18broadcast_ub_to_ccEPiS0_hhhhb] -> 0xffff8f0838cc
npuchk: [_ZN6npuchk3clzEm] -> (nil)
npuchk: [_ZN6npuchk7col2imgEPN7float165Fp16TES2_mm] -> 0xffff8f083c9c
npuchk: [_ZN6npuchk7col2imgEPN7float165Fp16TES2_shhshhhhhhhb] -> 0xffff8f083f74
npuchk: [_ZN6npuchk7col2imgEPfS0_mm] -> 0xffff8f084574
npuchk: [_ZN6npuchk7col2imgEPfS0_shhshhhhhhhb] -> 0xffff8f084848
npuchk: [_ZN6npuchk17compress_ub_to_gmEPhS0_S0_l] -> 0xffff8f084e44
npuchk: [_ZN6npuchk17compress_ub_to_gmEPhS0_S0_tbhh] -> 0xffff8f085120
npuchk: [_ZN6npuchk17compress_ub_to_gmEPN7float165Fp16TES2_S2_l] -> 0xffff8f0854ec
npuchk: [_ZN6npuchk17compress_ub_to_gmEPN7float165Fp16TES2_S2_tbhh] -> 0xffff8f0857cc
npuchk: [_ZN6npuchk13conv_f322f16oEf] -> (nil)
npuchk: [_ZN6npuchk13conv_f322s32aEf] -> (nil)
npuchk: [_ZN6npuchk13conv_f322s32cEf] -> (nil)
npuchk: [_ZN6npuchk13conv_f322s32fEf] -> (nil)
npuchk: [_ZN6npuchk13conv_f322s32rEf] -> (nil)
npuchk: [_ZN6npuchk15copy_cbuf_to_btEmPvm] -> 0xffff8ef8d85c
npuchk: [_ZN6npuchk15copy_cbuf_to_btEmPvttttt] -> 0xffff8ef8dae4
npuchk: [_ZN6npuchk17copy_cbuf_to_fbufEPvS0_m] -> 0xffff8ef8de90
npuchk: [_ZN6npuchk17copy_cbuf_to_fbufEPvS0_tttt] -> 0xffff8ef8e114
npuchk: [_ZN6npuchk15copy_cbuf_to_gmEPvS0_m] -> 0xffff8ef8e474
npuchk: [_ZN6npuchk15copy_cbuf_to_gmEPvS0_htttt] -> 0xffff8ef8e6fc
npuchk: [_ZN6npuchk21copy_cbuf_to_gm_alignEPN7float165Fp16TES2_htjjj] -> (nil)
npuchk: [_ZN6npuchk21copy_cbuf_to_gm_alignEPfS0_htjjj] -> (nil)
npuchk: [_ZN6npuchk21copy_cbuf_to_gm_alignEPsS0_htjjj] -> (nil)
npuchk: [_ZN6npuchk21copy_cbuf_to_gm_alignEPiS0_htjjj] -> (nil)
npuchk: [_ZN6npuchk21copy_cbuf_to_gm_alignEPaS0_htjjj] -> (nil)
npuchk: [_ZN6npuchk21copy_cbuf_to_gm_alignEPtS0_htjjj] -> (nil)
npuchk: [_ZN6npuchk21copy_cbuf_to_gm_alignEPjS0_htjjj] -> (nil)
npuchk: [_ZN6npuchk21copy_cbuf_to_gm_alignEPhS0_htjjj] -> (nil)
npuchk: [_ZN6npuchk17copy_cbuf_to_ubufEPvS0_m] -> 0xffff8f085b9c
npuchk: [_ZN6npuchk17copy_cbuf_to_ubufEPvS0_htttt] -> 0xffff8f085e24
npuchk: [_ZN6npuchk25copy_depthwise_cc_to_ubufEPN7float165Fp16TES2_m10ConvRelu_t] -> 0xffff8f0861d8
npuchk: [_ZN6npuchk25copy_depthwise_cc_to_ubufEPN7float165Fp16TES2_htttt10ConvRelu_t] -> 0xffff8f0864fc
npuchk: [_ZN6npuchk25copy_depthwise_cc_to_ubufEPfPN7float165Fp16TEm10ConvRelu_t] -> 0xffff8f08694c
npuchk: [_ZN6npuchk25copy_depthwise_cc_to_ubufEPfPN7float165Fp16TEhtttt10ConvRelu_t] -> 0xffff8f086c70
npuchk: [_ZN6npuchk25copy_depthwise_cc_to_ubufEPN7float165Fp16TEPfm10ConvRelu_t] -> 0xffff8f0870c0
npuchk: [_ZN6npuchk25copy_depthwise_cc_to_ubufEPN7float165Fp16TEPfhtttt10ConvRelu_t] -> 0xffff8f0873e4
npuchk: [_ZN6npuchk25copy_depthwise_cc_to_ubufEPfS0_m10ConvRelu_t] -> 0xffff8f087834
npuchk: [_ZN6npuchk25copy_depthwise_cc_to_ubufEPfS0_htttt10ConvRelu_t] -> 0xffff8f087b58
npuchk: [_ZN6npuchk15copy_gm_to_cbufEPvS0_m5pad_t] -> 0xffff8ef8eab0
npuchk: [_ZN6npuchk15copy_gm_to_cbufEPvS0_htttt5pad_t] -> 0xffff8ef8eda8
npuchk: [_ZN6npuchk31copy_gm_to_cbuf_multi_nd2nz_b16EPN7float165Fp16TES2_mm] -> 0xffff8ef8f1cc
npuchk: [_ZN6npuchk31copy_gm_to_cbuf_multi_nd2nz_b16EPN7float165Fp16TES2_htttttttt] -> 0xffff8ef8f4ac
npuchk: [_ZN6npuchk31copy_gm_to_cbuf_multi_nd2nz_b16EPN8bfloat165Bf16TES2_mm] -> 0xffff8ef8f984
npuchk: [_ZN6npuchk31copy_gm_to_cbuf_multi_nd2nz_b16EPN8bfloat165Bf16TES2_htttttttt] -> 0xffff8ef8fc64
npuchk: [_ZN6npuchk31copy_gm_to_cbuf_multi_nd2nz_b16EPsS0_mm] -> 0xffff8ef9013c
npuchk: [_ZN6npuchk31copy_gm_to_cbuf_multi_nd2nz_b16EPsS0_htttttttt] -> 0xffff8ef9041c
npuchk: [_ZN6npuchk31copy_gm_to_cbuf_multi_nd2nz_b16EPtS0_mm] -> 0xffff8ef908f4
npuchk: [_ZN6npuchk31copy_gm_to_cbuf_multi_nd2nz_b16EPtS0_htttttttt] -> 0xffff8ef90bd4
npuchk: [_ZN6npuchk32copy_gm_to_cbuf_multi_nd2nz_b32sEPfS0_mm] -> 0xffff8ef910ac
npuchk: [_ZN6npuchk32copy_gm_to_cbuf_multi_nd2nz_b32sEPfS0_htttttttt] -> 0xffff8ef9138c
npuchk: [_ZN6npuchk32copy_gm_to_cbuf_multi_nd2nz_b32sEPiS0_mm] -> 0xffff8ef91864
npuchk: [_ZN6npuchk32copy_gm_to_cbuf_multi_nd2nz_b32sEPiS0_htttttttt] -> 0xffff8ef91b44
npuchk: [_ZN6npuchk32copy_gm_to_cbuf_multi_nd2nz_b32sEPjS0_mm] -> 0xffff8ef9201c
npuchk: [_ZN6npuchk32copy_gm_to_cbuf_multi_nd2nz_b32sEPjS0_htttttttt] -> 0xffff8ef922fc
npuchk: [_ZN6npuchk30copy_gm_to_cbuf_multi_nd2nz_b8EPaS0_mm] -> 0xffff8ef927d4
npuchk: [_ZN6npuchk30copy_gm_to_cbuf_multi_nd2nz_b8EPaS0_htttttttt] -> 0xffff8ef92ab0
npuchk: [_ZN6npuchk30copy_gm_to_cbuf_multi_nd2nz_b8EPhS0_mm] -> 0xffff8ef92f84
npuchk: [_ZN6npuchk30copy_gm_to_cbuf_multi_nd2nz_b8EPhS0_htttttttt] -> 0xffff8ef93260
npuchk: [_ZN6npuchk15copy_gm_to_ubufEPvS0_m] -> 0xffff8efe8fa0
npuchk: [_ZN6npuchk15copy_gm_to_ubufEPvS0_htttt] -> 0xffff8efe9228
npuchk: [_ZN6npuchk25copy_gm_to_ubuf_align_b16EPvS0_mm] -> 0xffff8efe95dc
npuchk: [_ZN6npuchk25copy_gm_to_ubuf_align_b16EPvS0_htjhhjj] -> 0xffff8efe98bc
npuchk: [_ZN6npuchk25copy_gm_to_ubuf_align_b32EPvS0_mm] -> 0xffff8efe9d24
npuchk: [_ZN6npuchk25copy_gm_to_ubuf_align_b32EPvS0_htjhhjj] -> 0xffff8efea004
npuchk: [_ZN6npuchk24copy_gm_to_ubuf_align_b8EPvS0_mm] -> 0xffff8efea46c
npuchk: [_ZN6npuchk24copy_gm_to_ubuf_align_b8EPvS0_htjhhjj] -> 0xffff8efea748
npuchk: [_ZN6npuchk21copy_gm_to_ubuf_alignEPaS0_htjhhjj] -> (nil)
npuchk: [_ZN6npuchk21copy_gm_to_ubuf_alignEPhS0_htjhhjj] -> (nil)
npuchk: [_ZN6npuchk21copy_gm_to_ubuf_alignEPsS0_htjhhjj] -> (nil)
npuchk: [_ZN6npuchk21copy_gm_to_ubuf_alignEPtS0_htjhhjj] -> (nil)
npuchk: [_ZN6npuchk21copy_gm_to_ubuf_alignEPN7float165Fp16TES2_htjhhjj] -> (nil)
npuchk: [_ZN6npuchk21copy_gm_to_ubuf_alignEPiS0_htjhhjj] -> (nil)
npuchk: [_ZN6npuchk21copy_gm_to_ubuf_alignEPjS0_htjhhjj] -> (nil)
npuchk: [_ZN6npuchk21copy_gm_to_ubuf_alignEPfS0_htjhhjj] -> (nil)
npuchk: [_ZN6npuchk23copy_gm_to_ubuf_pad_b16EPvS0_mm] -> (nil)
npuchk: [_ZN6npuchk23copy_gm_to_ubuf_pad_b16EPvS0_htttthh] -> (nil)
npuchk: [_ZN6npuchk23copy_gm_to_ubuf_pad_b32EPvS0_mm] -> (nil)
npuchk: [_ZN6npuchk23copy_gm_to_ubuf_pad_b32EPvS0_htttthh] -> (nil)
npuchk: [_ZN6npuchk22copy_gm_to_ubuf_pad_b8EPvS0_mm] -> (nil)
npuchk: [_ZN6npuchk22copy_gm_to_ubuf_pad_b8EPvS0_htttthh] -> (nil)
npuchk: [_ZN6npuchk22copy_matrix_cbuf_to_ccEPN7float165Fp16TES2_m] -> 0xffff8ef93734
npuchk: [_ZN6npuchk22copy_matrix_cbuf_to_ccEPN7float165Fp16TES2_tttt] -> 0xffff8ef939b8
npuchk: [_ZN6npuchk22copy_matrix_cbuf_to_ccEPN7float165Fp16TEPfm] -> 0xffff8ef93d18
npuchk: [_ZN6npuchk22copy_matrix_cbuf_to_ccEPN7float165Fp16TEPftttt] -> 0xffff8ef93fa0
npuchk: [_ZN6npuchk22copy_matrix_cbuf_to_ccEPN8bfloat165Bf16TES2_m] -> 0xffff8ef94304
npuchk: [_ZN6npuchk22copy_matrix_cbuf_to_ccEPN8bfloat165Bf16TES2_tttt] -> 0xffff8ef94588
npuchk: [_ZN6npuchk22copy_matrix_cbuf_to_ccEPN8bfloat165Bf16TEPfm] -> 0xffff8ef948e8
npuchk: [_ZN6npuchk22copy_matrix_cbuf_to_ccEPN8bfloat165Bf16TEPftttt] -> 0xffff8ef94b70
npuchk: [_ZN6npuchk22copy_matrix_cbuf_to_ccEPfS0_m] -> 0xffff8ef94ed4
npuchk: [_ZN6npuchk22copy_matrix_cbuf_to_ccEPfS0_tttt] -> 0xffff8ef9515c
npuchk: [_ZN6npuchk22copy_matrix_cbuf_to_ccEPiS0_m] -> 0xffff8ef954c0
npuchk: [_ZN6npuchk22copy_matrix_cbuf_to_ccEPiS0_tttt] -> 0xffff8ef95748
npuchk: [_ZN6npuchk22copy_matrix_cbuf_to_ccEPjS0_m] -> 0xffff8ef95aac
npuchk: [_ZN6npuchk22copy_matrix_cbuf_to_ccEPjS0_tttt] -> 0xffff8ef95d34
npuchk: [_ZN6npuchk22copy_matrix_cc_to_cbufEPN7float165Fp16TEPfmm] -> 0xffff8ef96098
npuchk: [_ZN6npuchk22copy_matrix_cc_to_cbufEPN7float165Fp16TEPfhttjthh11QuantMode_thbbb] -> (nil)
npuchk: [_ZN6npuchk22copy_matrix_cc_to_cbufEPN7float165Fp16TEPfhttjthh11QuantMode_thbb14QuantMode_posthbhhb] -> (nil)
npuchk: [_ZN6npuchk22copy_matrix_cc_to_cbufEPN7float165Fp16TEPfhttjth11QuantMode_thbb] -> 0xffff8ef9636c
npuchk: [_ZN6npuchk22copy_matrix_cc_to_cbufEPN8bfloat165Bf16TEPfhttjth11QuantMode_thbb] -> 0xffff8ef968a0
npuchk: [_ZN6npuchk22copy_matrix_cc_to_cbufEPN8bfloat165Bf16TEPfhttjthh11QuantMode_thbbb] -> (nil)
npuchk: [_ZN6npuchk22copy_matrix_cc_to_cbufEPfS0_mm] -> 0xffff8ef96dd4
npuchk: [_ZN6npuchk22copy_matrix_cc_to_cbufEPaPfmm] -> 0xffff8ef970a8
npuchk: [_ZN6npuchk22copy_matrix_cc_to_cbufEPaPfhttjthh11QuantMode_thbbb] -> (nil)
npuchk: [_ZN6npuchk22copy_matrix_cc_to_cbufEPaPfhttjthh11QuantMode_thbb14QuantMode_posthbhhb] -> (nil)
npuchk: [_ZN6npuchk22copy_matrix_cc_to_cbufEPaPfhttjth11QuantMode_thbb] -> 0xffff8ef9737c
npuchk: [_ZN6npuchk22copy_matrix_cc_to_cbufEPhPfmm] -> (nil)
npuchk: [_ZN6npuchk22copy_matrix_cc_to_cbufEPhPfhttjthh11QuantMode_thbbb] -> (nil)
npuchk: [_ZN6npuchk22copy_matrix_cc_to_cbufEPhPfhttjthh11QuantMode_thbb14QuantMode_posthbhhb] -> (nil)
npuchk: [_ZN6npuchk22copy_matrix_cc_to_cbufEPfS0_httjthh11QuantMode_thbbb] -> (nil)
npuchk: [_ZN6npuchk22copy_matrix_cc_to_cbufEPfS0_httjthh11QuantMode_thbb14QuantMode_posthbhhb] -> (nil)
npuchk: [_ZN6npuchk22copy_matrix_cc_to_cbufEPiS0_mm] -> 0xffff8ef97de4
npuchk: [_ZN6npuchk22copy_matrix_cc_to_cbufEPN7float165Fp16TEPimm] -> 0xffff8ef980bc
npuchk: [_ZN6npuchk22copy_matrix_cc_to_cbufEPN7float165Fp16TEPihttjthh11QuantMode_thbbb] -> (nil)
npuchk: [_ZN6npuchk22copy_matrix_cc_to_cbufEPN7float165Fp16TEPihttjthh11QuantMode_thbb14QuantMode_posthbhhb] -> (nil)
npuchk: [_ZN6npuchk22copy_matrix_cc_to_cbufEPN7float165Fp16TEPihttjth11QuantMode_thbb] -> 0xffff8ef98394
npuchk: [_ZN6npuchk22copy_matrix_cc_to_cbufEPsPimm] -> 0xffff8ef988cc
npuchk: [_ZN6npuchk22copy_matrix_cc_to_cbufEPsPihttjth11QuantMode_thbb] -> 0xffff8ef98ba4
npuchk: [_ZN6npuchk22copy_matrix_cc_to_cbufEPaPimm] -> 0xffff8ef990dc
npuchk: [_ZN6npuchk22copy_matrix_cc_to_cbufEPaPihttjthh11QuantMode_thbbb] -> (nil)
npuchk: [_ZN6npuchk22copy_matrix_cc_to_cbufEPaPihttjthh11QuantMode_thbb14QuantMode_posthbhhb] -> (nil)
npuchk: [_ZN6npuchk22copy_matrix_cc_to_cbufEPaPihttjth11QuantMode_thbb] -> 0xffff8ef993b4
npuchk: [_ZN6npuchk22copy_matrix_cc_to_cbufEPhPimm] -> 0xffff8ef998ec
npuchk: [_ZN6npuchk22copy_matrix_cc_to_cbufEPhPihttjthh11QuantMode_thbbb] -> (nil)
npuchk: [_ZN6npuchk22copy_matrix_cc_to_cbufEPhPihttjthh11QuantMode_thbb14QuantMode_posthbhhb] -> (nil)
npuchk: [_ZN6npuchk22copy_matrix_cc_to_cbufEPhPihttjth11QuantMode_thbb] -> 0xffff8ef99bc4
npuchk: [_ZN6npuchk22copy_matrix_cc_to_cbufEPiS0_httjthh11QuantMode_thbbb] -> (nil)
npuchk: [_ZN6npuchk22copy_matrix_cc_to_cbufEPiS0_httjthh11QuantMode_thbb14QuantMode_posthbhhb] -> (nil)
npuchk: [_ZN6npuchk25copy_matrix_cc_to_cbuf_b4EPvPfmm] -> 0xffff8ef9a634
npuchk: [_ZN6npuchk25copy_matrix_cc_to_cbuf_b4EPvPfhttjth11QuantMode_thbb] -> 0xffff8ef9a908
npuchk: [_ZN6npuchk25copy_matrix_cc_to_cbuf_b4EPvPimm] -> 0xffff8ef9ae3c
npuchk: [_ZN6npuchk25copy_matrix_cc_to_cbuf_b4EPvPihttjth11QuantMode_thbb] -> 0xffff8ef9b114
npuchk: [_ZN6npuchk27copy_matrix_cc_to_cbuf_bf16EPtPfmm] -> (nil)
npuchk: [_ZN6npuchk27copy_matrix_cc_to_cbuf_bf16EPtPfhttjthh11QuantMode_thbbb] -> (nil)
npuchk: [_ZN6npuchk27copy_matrix_cc_to_cbuf_bf16EPtPfhttjthh11QuantMode_thbb14QuantMode_posthbhhb] -> (nil)
npuchk: [_ZN6npuchk27copy_matrix_cc_to_cbuf_bf16EPtPfhttjth11QuantMode_thbb] -> (nil)
npuchk: [_ZN6npuchk25copy_matrix_cc_to_cbuf_s4EPvPfmm] -> (nil)
npuchk: [_ZN6npuchk25copy_matrix_cc_to_cbuf_s4EPvPfhttjthh11QuantMode_thbbb] -> (nil)
npuchk: [_ZN6npuchk25copy_matrix_cc_to_cbuf_s4EPvPfhttjthh11QuantMode_thbb14QuantMode_posthbhhb] -> (nil)
npuchk: [_ZN6npuchk25copy_matrix_cc_to_cbuf_s4EPvPimm] -> (nil)
npuchk: [_ZN6npuchk25copy_matrix_cc_to_cbuf_s4EPvPihttjthh11QuantMode_thbbb] -> (nil)
npuchk: [_ZN6npuchk25copy_matrix_cc_to_cbuf_s4EPvPihttjthh11QuantMode_thbb14QuantMode_posthbhhb] -> (nil)
npuchk: [_ZN6npuchk20copy_matrix_cc_to_gmEPN7float165Fp16TEPfmm] -> 0xffff8ef9b64c
npuchk: [_ZN6npuchk20copy_matrix_cc_to_gmEPN7float165Fp16TEPfhttjthh11QuantMode_thbbb] -> (nil)
npuchk: [_ZN6npuchk20copy_matrix_cc_to_gmEPN7float165Fp16TEPfhttjthh11QuantMode_thbb14QuantMode_posthbhhb] -> (nil)
npuchk: [_ZN6npuchk20copy_matrix_cc_to_gmEPN7float165Fp16TEPfhttjth11QuantMode_thbb] -> 0xffff8ef9b920
npuchk: [_ZN6npuchk20copy_matrix_cc_to_gmEPfS0_mm] -> 0xffff8ef9be54
npuchk: [_ZN6npuchk20copy_matrix_cc_to_gmEPaPfmm] -> 0xffff8ef9c128
npuchk: [_ZN6npuchk20copy_matrix_cc_to_gmEPaPfhttjthh11QuantMode_thbbb] -> (nil)
npuchk: [_ZN6npuchk20copy_matrix_cc_to_gmEPaPfhttjthh11QuantMode_thbb14QuantMode_posthbhhb] -> (nil)
npuchk: [_ZN6npuchk20copy_matrix_cc_to_gmEPaPfhttjth11QuantMode_thbb] -> 0xffff8ef9c3fc
npuchk: [_ZN6npuchk20copy_matrix_cc_to_gmEPhPfmm] -> (nil)
npuchk: [_ZN6npuchk20copy_matrix_cc_to_gmEPhPfhttjthh11QuantMode_thbbb] -> (nil)
npuchk: [_ZN6npuchk20copy_matrix_cc_to_gmEPhPfhttjthh11QuantMode_thbb14QuantMode_posthbhhb] -> (nil)
npuchk: [_ZN6npuchk20copy_matrix_cc_to_gmEPhPfhttjth11QuantMode_thbb] -> (nil)
npuchk: [_ZN6npuchk20copy_matrix_cc_to_gmEPfS0_httjthh11QuantMode_thbbb] -> (nil)
npuchk: [_ZN6npuchk20copy_matrix_cc_to_gmEPfS0_httjthh11QuantMode_thbb14QuantMode_posthbhhb] -> (nil)
npuchk: [_ZN6npuchk20copy_matrix_cc_to_gmEPfS0_httjth11QuantMode_thbb] -> 0xffff8ef9c930
npuchk: [_ZN6npuchk20copy_matrix_cc_to_gmEPiS0_mm] -> 0xffff8ef9ce64
npuchk: [_ZN6npuchk20copy_matrix_cc_to_gmEPN7float165Fp16TEPimm] -> 0xffff8ef9d13c
npuchk: [_ZN6npuchk20copy_matrix_cc_to_gmEPN7float165Fp16TEPihttjthh11QuantMode_thbbb] -> (nil)
npuchk: [_ZN6npuchk20copy_matrix_cc_to_gmEPN7float165Fp16TEPihttjthh11QuantMode_thbb14QuantMode_posthbhhb] -> (nil)
npuchk: [_ZN6npuchk20copy_matrix_cc_to_gmEPN7float165Fp16TEPihttjth11QuantMode_thbb] -> 0xffff8ef9d414
npuchk: [_ZN6npuchk20copy_matrix_cc_to_gmEPsPimm] -> 0xffff8ef9d94c
npuchk: [_ZN6npuchk20copy_matrix_cc_to_gmEPsPihttjth11QuantMode_thbb] -> 0xffff8ef9dc24
npuchk: [_ZN6npuchk20copy_matrix_cc_to_gmEPaPimm] -> 0xffff8ef9e15c
npuchk: [_ZN6npuchk20copy_matrix_cc_to_gmEPaPihttjthh11QuantMode_thbbb] -> (nil)
npuchk: [_ZN6npuchk20copy_matrix_cc_to_gmEPaPihttjthh11QuantMode_thbb14QuantMode_posthbhhb] -> (nil)
npuchk: [_ZN6npuchk20copy_matrix_cc_to_gmEPaPihttjth11QuantMode_thbb] -> 0xffff8ef9e434
npuchk: [_ZN6npuchk20copy_matrix_cc_to_gmEPhPimm] -> 0xffff8ef9e96c
npuchk: [_ZN6npuchk20copy_matrix_cc_to_gmEPhPihttjthh11QuantMode_thbbb] -> (nil)
npuchk: [_ZN6npuchk20copy_matrix_cc_to_gmEPhPihttjthh11QuantMode_thbb14QuantMode_posthbhhb] -> (nil)
npuchk: [_ZN6npuchk20copy_matrix_cc_to_gmEPhPihttjth11QuantMode_thbb] -> 0xffff8ef9ec44
npuchk: [_ZN6npuchk20copy_matrix_cc_to_gmEPiS0_httjthh11QuantMode_thbbb] -> (nil)
npuchk: [_ZN6npuchk20copy_matrix_cc_to_gmEPiS0_httjthh11QuantMode_thbb14QuantMode_posthbhhb] -> (nil)
npuchk: [_ZN6npuchk20copy_matrix_cc_to_gmEPiS0_httjth11QuantMode_thbb] -> 0xffff8ef9f17c
npuchk: [_ZN6npuchk20copy_matrix_cc_to_gmEPN8bfloat165Bf16TEPfhttjth11QuantMode_thbb] -> 0xffff8ef9f6b4
npuchk: [_ZN6npuchk20copy_matrix_cc_to_gmEPN8bfloat165Bf16TEPfhttjthh11QuantMode_thbbb] -> (nil)
npuchk: [_ZN6npuchk23copy_matrix_cc_to_gm_b4EPvPfmm] -> 0xffff8ef9fbe8
npuchk: [_ZN6npuchk23copy_matrix_cc_to_gm_b4EPvPfhttjth11QuantMode_thbb] -> 0xffff8ef9febc
npuchk: [_ZN6npuchk23copy_matrix_cc_to_gm_b4EPvPimm] -> 0xffff8efa03f0
npuchk: [_ZN6npuchk23copy_matrix_cc_to_gm_b4EPvPihttjth11QuantMode_thbb] -> 0xffff8efa06c8
npuchk: [_ZN6npuchk25copy_matrix_cc_to_gm_bf16EPtPfmm] -> (nil)
npuchk: [_ZN6npuchk25copy_matrix_cc_to_gm_bf16EPtPfhttjthh11QuantMode_thbbb] -> (nil)
npuchk: [_ZN6npuchk25copy_matrix_cc_to_gm_bf16EPtPfhttjthh11QuantMode_thbb14QuantMode_posthbhhb] -> (nil)
npuchk: [_ZN6npuchk25copy_matrix_cc_to_gm_bf16EPtPfhttjth11QuantMode_thbb] -> (nil)
npuchk: [_ZN6npuchk23copy_matrix_cc_to_gm_s4EPvPfmm] -> (nil)
npuchk: [_ZN6npuchk23copy_matrix_cc_to_gm_s4EPvPfhttjthh11QuantMode_thbbb] -> (nil)
npuchk: [_ZN6npuchk23copy_matrix_cc_to_gm_s4EPvPfhttjthh11QuantMode_thbb14QuantMode_posthbhhb] -> (nil)
npuchk: [_ZN6npuchk23copy_matrix_cc_to_gm_s4EPvPimm] -> (nil)
npuchk: [_ZN6npuchk23copy_matrix_cc_to_gm_s4EPvPihttjthh11QuantMode_thbbb] -> (nil)
npuchk: [_ZN6npuchk23copy_matrix_cc_to_gm_s4EPvPihttjthh11QuantMode_thbb14QuantMode_posthbhhb] -> (nil)
npuchk: [_ZN6npuchk20copy_matrix_cc_to_ubEPN7float165Fp16TEPfmm] -> (nil)
npuchk: [_ZN6npuchk20copy_matrix_cc_to_ubEPN7float165Fp16TEPfhttjthh11QuantMode_thbbb] -> (nil)
npuchk: [_ZN6npuchk20copy_matrix_cc_to_ubEPN8bfloat165Bf16TEPfhttjthh11QuantMode_thbbb] -> (nil)
npuchk: [_ZN6npuchk20copy_matrix_cc_to_ubEPN7float165Fp16TEPfhttjthh11QuantMode_thbb14QuantMode_posthbhhb] -> (nil)
npuchk: [_ZN6npuchk20copy_matrix_cc_to_ubEPaPfmm] -> (nil)
npuchk: [_ZN6npuchk20copy_matrix_cc_to_ubEPaPfhttjthh11QuantMode_thbbb] -> (nil)
npuchk: [_ZN6npuchk20copy_matrix_cc_to_ubEPaPfhttjthh11QuantMode_thbb14QuantMode_posthbhhb] -> (nil)
npuchk: [_ZN6npuchk20copy_matrix_cc_to_ubEPhPfmm] -> (nil)
npuchk: [_ZN6npuchk20copy_matrix_cc_to_ubEPhPfhttjthh11QuantMode_thbbb] -> (nil)
npuchk: [_ZN6npuchk20copy_matrix_cc_to_ubEPhPfhttjthh11QuantMode_thbb14QuantMode_posthbhhb] -> (nil)
npuchk: [_ZN6npuchk20copy_matrix_cc_to_ubEPfS0_mm] -> (nil)
npuchk: [_ZN6npuchk20copy_matrix_cc_to_ubEPfS0_httjthh11QuantMode_thbbb] -> (nil)
npuchk: [_ZN6npuchk20copy_matrix_cc_to_ubEPfS0_httjthh11QuantMode_thbb14QuantMode_posthbhhb] -> (nil)
npuchk: [_ZN6npuchk20copy_matrix_cc_to_ubEPN7float165Fp16TEPimm] -> (nil)
npuchk: [_ZN6npuchk20copy_matrix_cc_to_ubEPN7float165Fp16TEPihttjthh11QuantMode_thbbb] -> (nil)
npuchk: [_ZN6npuchk20copy_matrix_cc_to_ubEPN7float165Fp16TEPihttjthh11QuantMode_thbb14QuantMode_posthbhhb] -> (nil)
npuchk: [_ZN6npuchk20copy_matrix_cc_to_ubEPaPimm] -> (nil)
npuchk: [_ZN6npuchk20copy_matrix_cc_to_ubEPaPihttjthh11QuantMode_thbbb] -> (nil)
npuchk: [_ZN6npuchk20copy_matrix_cc_to_ubEPaPihttjthh11QuantMode_thbb14QuantMode_posthbhhb] -> (nil)
npuchk: [_ZN6npuchk20copy_matrix_cc_to_ubEPhPimm] -> (nil)
npuchk: [_ZN6npuchk20copy_matrix_cc_to_ubEPhPihttjthh11QuantMode_thbbb] -> (nil)
npuchk: [_ZN6npuchk20copy_matrix_cc_to_ubEPhPihttjthh11QuantMode_thbb14QuantMode_posthbhhb] -> (nil)
npuchk: [_ZN6npuchk20copy_matrix_cc_to_ubEPiS0_mm] -> (nil)
npuchk: [_ZN6npuchk20copy_matrix_cc_to_ubEPiS0_httjthh11QuantMode_thbbb] -> (nil)
npuchk: [_ZN6npuchk20copy_matrix_cc_to_ubEPiS0_httjthh11QuantMode_thbb14QuantMode_posthbhhb] -> (nil)
npuchk: [_ZN6npuchk25copy_matrix_cc_to_ub_bf16EPtPfmm] -> (nil)
npuchk: [_ZN6npuchk25copy_matrix_cc_to_ub_bf16EPtPfhttjthh11QuantMode_thbbb] -> (nil)
npuchk: [_ZN6npuchk25copy_matrix_cc_to_ub_bf16EPtPfhttjthh11QuantMode_thbb14QuantMode_posthbhhb] -> (nil)
npuchk: [_ZN6npuchk23copy_matrix_cc_to_ub_s4EPvPfmm] -> (nil)
npuchk: [_ZN6npuchk23copy_matrix_cc_to_ub_s4EPvPfhttjthh11QuantMode_thbbb] -> (nil)
npuchk: [_ZN6npuchk23copy_matrix_cc_to_ub_s4EPvPfhttjthh11QuantMode_thbb14QuantMode_posthbhhb] -> (nil)
npuchk: [_ZN6npuchk23copy_matrix_cc_to_ub_s4EPvPimm] -> (nil)
npuchk: [_ZN6npuchk23copy_matrix_cc_to_ub_s4EPvPihttjthh11QuantMode_thbbb] -> (nil)
npuchk: [_ZN6npuchk23copy_matrix_cc_to_ub_s4EPvPihttjthh11QuantMode_thbb14QuantMode_posthbhhb] -> (nil)
npuchk: [_ZN6npuchk22copy_matrix_cc_to_ubufEPN7float165Fp16TES2_m10ConvRelu_t] -> 0xffff8f087fa8
npuchk: [_ZN6npuchk22copy_matrix_cc_to_ubufEPN7float165Fp16TES2_htttt10ConvRelu_t] -> 0xffff8f0882cc
npuchk: [_ZN6npuchk22copy_matrix_cc_to_ubufEPN7float165Fp16TEPfm10ConvRelu_t] -> 0xffff8f08871c
npuchk: [_ZN6npuchk22copy_matrix_cc_to_ubufEPN7float165Fp16TEPfhtttt10ConvRelu_t] -> 0xffff8f088a40
npuchk: [_ZN6npuchk22copy_matrix_cc_to_ubufEPfS0_m10ConvRelu_t] -> 0xffff8f088e90
npuchk: [_ZN6npuchk22copy_matrix_cc_to_ubufEPfS0_htttt10ConvRelu_t] -> 0xffff8f0891b4
npuchk: [_ZN6npuchk22copy_matrix_cc_to_ubufEPN7float165Fp16TEPim10ConvRelu_t] -> 0xffff8f089604
npuchk: [_ZN6npuchk22copy_matrix_cc_to_ubufEPN7float165Fp16TEPihtttt10ConvRelu_t] -> 0xffff8f089928
npuchk: [_ZN6npuchk22copy_matrix_cc_to_ubufEPsPim10ConvRelu_t] -> 0xffff8f089d78
npuchk: [_ZN6npuchk22copy_matrix_cc_to_ubufEPsPihtttt10ConvRelu_t] -> 0xffff8f08a09c
npuchk: [_ZN6npuchk22copy_matrix_cc_to_ubufEPiS0_m10ConvRelu_t] -> 0xffff8f08a4ec
npuchk: [_ZN6npuchk22copy_matrix_cc_to_ubufEPiS0_htttt10ConvRelu_t] -> 0xffff8f08a810
npuchk: [_ZN6npuchk22copy_matrix_cc_to_ubufEPaPim10ConvRelu_t] -> 0xffff8f08ac60
npuchk: [_ZN6npuchk22copy_matrix_cc_to_ubufEPaPihtttt10ConvRelu_t] -> 0xffff8f08af84
npuchk: [_ZN6npuchk22copy_matrix_cc_to_ubufEPjS0_m10ConvRelu_t] -> 0xffff8f08b3d4
npuchk: [_ZN6npuchk22copy_matrix_cc_to_ubufEPjS0_htttt10ConvRelu_t] -> 0xffff8f08b6f8
npuchk: [_ZN6npuchk22copy_matrix_cc_to_ubufEPhPim10ConvRelu_t] -> 0xffff8f08bb48
npuchk: [_ZN6npuchk22copy_matrix_cc_to_ubufEPhPihtttt10ConvRelu_t] -> 0xffff8f08be6c
npuchk: [_ZN6npuchk22copy_matrix_ubuf_to_ccEPN7float165Fp16TES2_m10ConvRelu_t] -> 0xffff8f08c2bc
npuchk: [_ZN6npuchk22copy_matrix_ubuf_to_ccEPN7float165Fp16TES2_htttt10ConvRelu_t] -> 0xffff8f08c5e0
npuchk: [_ZN6npuchk22copy_matrix_ubuf_to_ccEPfS0_m10ConvRelu_t] -> 0xffff8f08ca30
npuchk: [_ZN6npuchk22copy_matrix_ubuf_to_ccEPfS0_htttt10ConvRelu_t] -> 0xffff8f08cd54
npuchk: [_ZN6npuchk22copy_matrix_ubuf_to_ccEPfPN7float165Fp16TEm10ConvRelu_t] -> 0xffff8f08d1a4
npuchk: [_ZN6npuchk22copy_matrix_ubuf_to_ccEPfPN7float165Fp16TEhtttt10ConvRelu_t] -> 0xffff8f08d4c8
npuchk: [_ZN6npuchk22copy_matrix_ubuf_to_ccEPiS0_m10ConvRelu_t] -> 0xffff8f08d918
npuchk: [_ZN6npuchk22copy_matrix_ubuf_to_ccEPiS0_htttt10ConvRelu_t] -> 0xffff8f08dc3c
npuchk: [_ZN6npuchk22copy_matrix_ubuf_to_ccEPjS0_m10ConvRelu_t] -> 0xffff8f08e08c
npuchk: [_ZN6npuchk22copy_matrix_ubuf_to_ccEPjS0_htttt10ConvRelu_t] -> 0xffff8f08e3b0
npuchk: [_ZN6npuchk28copy_small_matrix_cc_to_ubufEPN7float165Fp16TEPim10ConvRelu_t] -> (nil)
npuchk: [_ZN6npuchk28copy_small_matrix_cc_to_ubufEPN7float165Fp16TEPihtttt10ConvRelu_t] -> (nil)
npuchk: [_ZN6npuchk28copy_small_matrix_cc_to_ubufEPsPim10ConvRelu_t] -> (nil)
npuchk: [_ZN6npuchk28copy_small_matrix_cc_to_ubufEPsPihtttt10ConvRelu_t] -> (nil)
npuchk: [_ZN6npuchk28copy_small_matrix_cc_to_ubufEPiS0_m10ConvRelu_t] -> (nil)
npuchk: [_ZN6npuchk28copy_small_matrix_cc_to_ubufEPiS0_htttt10ConvRelu_t] -> (nil)
npuchk: [_ZN6npuchk28copy_small_matrix_cc_to_ubufEPaPim10ConvRelu_t] -> (nil)
npuchk: [_ZN6npuchk28copy_small_matrix_cc_to_ubufEPaPihtttt10ConvRelu_t] -> (nil)
npuchk: [_ZN6npuchk28copy_small_matrix_cc_to_ubufEPjS0_m10ConvRelu_t] -> (nil)
npuchk: [_ZN6npuchk28copy_small_matrix_cc_to_ubufEPjS0_htttt10ConvRelu_t] -> (nil)
npuchk: [_ZN6npuchk28copy_small_matrix_cc_to_ubufEPhPim10ConvRelu_t] -> (nil)
npuchk: [_ZN6npuchk28copy_small_matrix_cc_to_ubufEPhPihtttt10ConvRelu_t] -> (nil)
npuchk: [_ZN6npuchk28copy_small_matrix_ubuf_to_ccEPiS0_m10ConvRelu_t] -> (nil)
npuchk: [_ZN6npuchk28copy_small_matrix_ubuf_to_ccEPiS0_htttt10ConvRelu_t] -> (nil)
npuchk: [_ZN6npuchk28copy_small_matrix_ubuf_to_ccEPjS0_m10ConvRelu_t] -> (nil)
npuchk: [_ZN6npuchk28copy_small_matrix_ubuf_to_ccEPjS0_htttt10ConvRelu_t] -> (nil)
npuchk: [_ZN6npuchk17copy_ubuf_to_cbufEPvS0_m] -> 0xffff8f08e800
npuchk: [_ZN6npuchk17copy_ubuf_to_cbufEPvS0_htttt] -> 0xffff8f08ea84
npuchk: [_ZN6npuchk17copy_ubuf_to_fbufEPvS0_m] -> (nil)
npuchk: [_ZN6npuchk17copy_ubuf_to_fbufEPvS0_9CvtMode_ttttt] -> (nil)
npuchk: [_ZN6npuchk15copy_ubuf_to_gmEPvS0_m] -> 0xffff8efeabac
npuchk: [_ZN6npuchk15copy_ubuf_to_gmEPvS0_m4bm_t] -> 0xffff8efeae34
npuchk: [_ZN6npuchk15copy_ubuf_to_gmEPvS0_htttt4bm_t] -> 0xffff8efeb128
npuchk: [_ZN6npuchk15copy_ubuf_to_gmEPvS0_htttt] -> 0xffff8efeb548
npuchk: [_ZN6npuchk25copy_ubuf_to_gm_align_b16EPvS0_mm] -> 0xffff8efeb8fc
npuchk: [_ZN6npuchk25copy_ubuf_to_gm_align_b16EPvS0_htjhhjj] -> 0xffff8efebbdc
npuchk: [_ZN6npuchk25copy_ubuf_to_gm_align_b32EPvS0_mm] -> 0xffff8efec044
npuchk: [_ZN6npuchk25copy_ubuf_to_gm_align_b32EPvS0_htjhhjj] -> 0xffff8efec324
npuchk: [_ZN6npuchk24copy_ubuf_to_gm_align_b8EPvS0_mm] -> 0xffff8efec78c
npuchk: [_ZN6npuchk24copy_ubuf_to_gm_align_b8EPvS0_htjhhjj] -> 0xffff8efeca68
npuchk: [_ZN6npuchk21copy_ubuf_to_gm_alignEPaS0_htjjj] -> (nil)
npuchk: [_ZN6npuchk21copy_ubuf_to_gm_alignEPhS0_htjjj] -> (nil)
npuchk: [_ZN6npuchk21copy_ubuf_to_gm_alignEPsS0_htjjj] -> (nil)
npuchk: [_ZN6npuchk21copy_ubuf_to_gm_alignEPtS0_htjjj] -> (nil)
npuchk: [_ZN6npuchk21copy_ubuf_to_gm_alignEPN7float165Fp16TES2_htjjj] -> (nil)
npuchk: [_ZN6npuchk21copy_ubuf_to_gm_alignEPiS0_htjjj] -> (nil)
npuchk: [_ZN6npuchk21copy_ubuf_to_gm_alignEPjS0_htjjj] -> (nil)
npuchk: [_ZN6npuchk21copy_ubuf_to_gm_alignEPfS0_htjjj] -> (nil)
npuchk: [_ZN6npuchk23copy_ubuf_to_gm_pad_b16EPvS0_mm] -> (nil)
npuchk: [_ZN6npuchk23copy_ubuf_to_gm_pad_b16EPvS0_htttthh] -> (nil)
npuchk: [_ZN6npuchk23copy_ubuf_to_gm_pad_b32EPvS0_mm] -> (nil)
npuchk: [_ZN6npuchk23copy_ubuf_to_gm_pad_b32EPvS0_htttthh] -> (nil)
npuchk: [_ZN6npuchk22copy_ubuf_to_gm_pad_b8EPvS0_mm] -> (nil)
npuchk: [_ZN6npuchk22copy_ubuf_to_gm_pad_b8EPvS0_htttthh] -> (nil)
npuchk: [_ZN6npuchk17copy_ubuf_to_ubufEPvS0_m] -> 0xffff8efececc
npuchk: [_ZN6npuchk17copy_ubuf_to_ubufEPvS0_htttt] -> 0xffff8efed154
npuchk: [_ZN6npuchk22copy_vector_cc_to_ubufEPN7float165Fp16TES2_m10ConvRelu_t] -> 0xffff8f08ee34
npuchk: [_ZN6npuchk22copy_vector_cc_to_ubufEPN7float165Fp16TES2_htttt10ConvRelu_t] -> 0xffff8f08f15c
npuchk: [_ZN6npuchk22copy_vector_cc_to_ubufEPN7float165Fp16TEPfm10ConvRelu_t] -> 0xffff8f08f5b0
npuchk: [_ZN6npuchk22copy_vector_cc_to_ubufEPN7float165Fp16TEPfhtttt10ConvRelu_t] -> 0xffff8f08f8d8
npuchk: [_ZN6npuchk22copy_vector_cc_to_ubufEPfS0_m10ConvRelu_t] -> 0xffff8f08fd2c
npuchk: [_ZN6npuchk22copy_vector_cc_to_ubufEPfS0_htttt10ConvRelu_t] -> 0xffff8f090054
npuchk: [_ZN6npuchk22copy_vector_cc_to_ubufEPN7float165Fp16TEPim10ConvRelu_t] -> 0xffff8f0904a8
npuchk: [_ZN6npuchk22copy_vector_cc_to_ubufEPN7float165Fp16TEPihtttt10ConvRelu_t] -> 0xffff8f0907d0
npuchk: [_ZN6npuchk22copy_vector_cc_to_ubufEPsPim10ConvRelu_t] -> 0xffff8f090c24
npuchk: [_ZN6npuchk22copy_vector_cc_to_ubufEPsPihtttt10ConvRelu_t] -> 0xffff8f090f4c
npuchk: [_ZN6npuchk22copy_vector_cc_to_ubufEPiS0_m10ConvRelu_t] -> 0xffff8f0913a0
npuchk: [_ZN6npuchk22copy_vector_cc_to_ubufEPiS0_htttt10ConvRelu_t] -> 0xffff8f0916c8
npuchk: [_ZN6npuchk22copy_vector_cc_to_ubufEPaPim10ConvRelu_t] -> 0xffff8f091b1c
npuchk: [_ZN6npuchk22copy_vector_cc_to_ubufEPaPihtttt10ConvRelu_t] -> 0xffff8f091e44
npuchk: [_ZN6npuchk22copy_vector_cc_to_ubufEPjS0_m10ConvRelu_t] -> 0xffff8f092298
npuchk: [_ZN6npuchk22copy_vector_cc_to_ubufEPjS0_htttt10ConvRelu_t] -> 0xffff8f0925c0
npuchk: [_ZN6npuchk22copy_vector_cc_to_ubufEPhPim10ConvRelu_t] -> 0xffff8f092a14
npuchk: [_ZN6npuchk22copy_vector_cc_to_ubufEPhPihtttt10ConvRelu_t] -> 0xffff8f092d3c
npuchk: [_ZN6npuchk22copy_vector_ubuf_to_ccEPN7float165Fp16TES2_m10ConvRelu_t] -> 0xffff8f093190
npuchk: [_ZN6npuchk22copy_vector_ubuf_to_ccEPN7float165Fp16TES2_htttt10ConvRelu_t] -> 0xffff8f0934b4
npuchk: [_ZN6npuchk22copy_vector_ubuf_to_ccEPfS0_m10ConvRelu_t] -> 0xffff8f093904
npuchk: [_ZN6npuchk22copy_vector_ubuf_to_ccEPfS0_htttt10ConvRelu_t] -> 0xffff8f093c28
npuchk: [_ZN6npuchk22copy_vector_ubuf_to_ccEPfPN7float165Fp16TEm10ConvRelu_t] -> 0xffff8f094078
npuchk: [_ZN6npuchk22copy_vector_ubuf_to_ccEPfPN7float165Fp16TEhtttt10ConvRelu_t] -> 0xffff8f09439c
npuchk: [_ZN6npuchk22copy_vector_ubuf_to_ccEPiS0_m10ConvRelu_t] -> 0xffff8f0947ec
npuchk: [_ZN6npuchk22copy_vector_ubuf_to_ccEPiS0_htttt10ConvRelu_t] -> 0xffff8f094b10
npuchk: [_ZN6npuchk22copy_vector_ubuf_to_ccEPjS0_m10ConvRelu_t] -> 0xffff8f094f60
npuchk: [_ZN6npuchk22copy_vector_ubuf_to_ccEPjS0_htttt10ConvRelu_t] -> 0xffff8f095284
npuchk: [_ZN6npuchk16create_ca_matrixEPvlN7float165Fp16TE] -> 0xffff8f0956d4
npuchk: [_ZN6npuchk16create_ca_matrixEPN7float165Fp16TElS1_] -> 0xffff8efa0c00
npuchk: [_ZN6npuchk16create_ca_matrixEPslN7float165Fp16TE] -> 0xffff8efa0dd0
npuchk: [_ZN6npuchk16create_ca_matrixEPtlN7float165Fp16TE] -> 0xffff8efa0fa0
npuchk: [_ZN6npuchk16create_ca_matrixEPN7float165Fp16TElj] -> 0xffff8efa1170
npuchk: [_ZN6npuchk16create_ca_matrixEPflj] -> 0xffff8efa1334
npuchk: [_ZN6npuchk16create_ca_matrixEPflN7float165Fp16TE] -> 0xffff8efa14fc
npuchk: [_ZN6npuchk16create_ca_matrixEPslj] -> 0xffff8efa16d0
npuchk: [_ZN6npuchk16create_ca_matrixEPilj] -> 0xffff8efa1894
npuchk: [_ZN6npuchk16create_ca_matrixEPilN7float165Fp16TE] -> 0xffff8efa1a5c
npuchk: [_ZN6npuchk16create_ca_matrixEPtlj] -> 0xffff8efa1c30
npuchk: [_ZN6npuchk16create_ca_matrixEPjlj] -> 0xffff8efa1df4
npuchk: [_ZN6npuchk16create_ca_matrixEPjlN7float165Fp16TE] -> 0xffff8efa1fbc
npuchk: [_ZN6npuchk21create_ca_matrix_bf16EPN8bfloat165Bf16TElS1_] -> (nil)
npuchk: [_ZN6npuchk16create_cb_matrixEPvlN7float165Fp16TE] -> 0xffff8f0958a4
npuchk: [_ZN6npuchk16create_cb_matrixEPN7float165Fp16TElS1_] -> 0xffff8efa2190
npuchk: [_ZN6npuchk16create_cb_matrixEPslN7float165Fp16TE] -> 0xffff8efa2364
npuchk: [_ZN6npuchk16create_cb_matrixEPtlN7float165Fp16TE] -> 0xffff8efa2538
npuchk: [_ZN6npuchk16create_cb_matrixEPN7float165Fp16TElj] -> 0xffff8efa270c
npuchk: [_ZN6npuchk16create_cb_matrixEPflj] -> 0xffff8efa28d4
npuchk: [_ZN6npuchk16create_cb_matrixEPflN7float165Fp16TE] -> 0xffff8efa2a9c
npuchk: [_ZN6npuchk16create_cb_matrixEPslj] -> 0xffff8efa2c70
npuchk: [_ZN6npuchk16create_cb_matrixEPilj] -> 0xffff8efa2e38
npuchk: [_ZN6npuchk16create_cb_matrixEPilN7float165Fp16TE] -> 0xffff8efa3000
npuchk: [_ZN6npuchk16create_cb_matrixEPtlj] -> 0xffff8efa31d4
npuchk: [_ZN6npuchk16create_cb_matrixEPjlj] -> 0xffff8efa339c
npuchk: [_ZN6npuchk16create_cb_matrixEPjlN7float165Fp16TE] -> 0xffff8efa3564
npuchk: [_ZN6npuchk21create_cb_matrix_bf16EPN8bfloat165Bf16TElS1_] -> (nil)
npuchk: [_ZN6npuchk18create_cbuf_matrixEPvlN7float165Fp16TE] -> 0xffff8f095a78
npuchk: [_ZN6npuchk18create_cbuf_matrixEPN7float165Fp16TElS1_] -> 0xffff8efa3738
npuchk: [_ZN6npuchk18create_cbuf_matrixEPslN7float165Fp16TE] -> 0xffff8efa390c
npuchk: [_ZN6npuchk18create_cbuf_matrixEPtlN7float165Fp16TE] -> 0xffff8efa3ae0
npuchk: [_ZN6npuchk18create_cbuf_matrixEPN7float165Fp16TElj] -> 0xffff8efa3cb4
npuchk: [_ZN6npuchk18create_cbuf_matrixEPflj] -> 0xffff8efa3e7c
npuchk: [_ZN6npuchk18create_cbuf_matrixEPflN7float165Fp16TE] -> 0xffff8efa4044
npuchk: [_ZN6npuchk18create_cbuf_matrixEPslj] -> 0xffff8efa4218
npuchk: [_ZN6npuchk18create_cbuf_matrixEPilj] -> 0xffff8efa43e0
npuchk: [_ZN6npuchk18create_cbuf_matrixEPilN7float165Fp16TE] -> 0xffff8efa45a8
npuchk: [_ZN6npuchk18create_cbuf_matrixEPtlj] -> 0xffff8efa477c
npuchk: [_ZN6npuchk18create_cbuf_matrixEPjlj] -> 0xffff8efa4944
npuchk: [_ZN6npuchk18create_cbuf_matrixEPjlN7float165Fp16TE] -> 0xffff8efa4b0c
npuchk: [_ZN6npuchk23create_cbuf_matrix_bf16EPN8bfloat165Bf16TElS1_] -> (nil)
npuchk: [_ZN6npuchk10dc_preloadEPms] -> 0xffff8efa4ce0
npuchk: [_ZN6npuchk10dc_preloadEPml] -> 0xffff8efa4f04
npuchk: [_ZN6npuchk4dcciEPvm] -> 0xffff8efa5128
npuchk: [_ZN6npuchk4dcciEPvmm] -> 0xffff8efa5348
npuchk: [_ZN6npuchk21decompress_gm_to_cbufEPhS0_l] -> 0xffff8f095c4c
npuchk: [_ZN6npuchk21decompress_gm_to_cbufEPhS0_tbhh] -> 0xffff8f095ecc
npuchk: [_ZN6npuchk21decompress_gm_to_cbufEPN7float165Fp16TES2_l] -> 0xffff8f09623c
npuchk: [_ZN6npuchk21decompress_gm_to_cbufEPN7float165Fp16TES2_tbhh] -> 0xffff8f0964bc
npuchk: [_ZN6npuchk19decompress_gm_to_ubEPhS0_l] -> 0xffff8f09682c
npuchk: [_ZN6npuchk19decompress_gm_to_ubEPhS0_tbhh] -> 0xffff8f096aa8
npuchk: [_ZN6npuchk19decompress_gm_to_ubEPN7float165Fp16TES2_l] -> 0xffff8f096e14
npuchk: [_ZN6npuchk19decompress_gm_to_ubEPN7float165Fp16TES2_tbhh] -> 0xffff8f097094
npuchk: [_ZN6npuchk14depthwise_convEPN7float165Fp16TES2_S2_mb] -> 0xffff8f097404
npuchk: [_ZN6npuchk14depthwise_convEPN7float165Fp16TES2_S2_tthhhhb] -> 0xffff8f097740
npuchk: [_ZN6npuchk14depthwise_convEPfPN7float165Fp16TES3_mb] -> 0xffff8f097c0c
npuchk: [_ZN6npuchk14depthwise_convEPfPN7float165Fp16TES3_tthhhhb] -> 0xffff8f097f48
npuchk: [_ZN6npuchk14depthwise_convEPiPaS1_mb] -> 0xffff8f098414
npuchk: [_ZN6npuchk14depthwise_convEPiPaS1_ttahhhb] -> 0xffff8f098750
npuchk: [_ZN6npuchk14depthwise_convEPiPhS1_mb] -> 0xffff8f098c1c
npuchk: [_ZN6npuchk14depthwise_convEPiPhS1_tthhhhb] -> 0xffff8f098f58
npuchk: [_ZN6npuchk14depthwise_convEPiPhPamb] -> 0xffff8f099424
npuchk: [_ZN6npuchk14depthwise_convEPiPhPatthhhhb] -> 0xffff8f099760
npuchk: [_ZN6npuchk17depthwise_conv_v2EPN7float165Fp16TES2_S2_m] -> (nil)
npuchk: [_ZN6npuchk17depthwise_conv_v2EPN7float165Fp16TES2_S2_tthhhthbbh] -> (nil)
npuchk: [_ZN6npuchk17depthwise_conv_v2EPfPN7float165Fp16TES3_m] -> (nil)
npuchk: [_ZN6npuchk17depthwise_conv_v2EPfPN7float165Fp16TES3_tthhhthbbh] -> (nil)
npuchk: [_ZN6npuchk17depthwise_conv_v2EPiPaS1_m] -> (nil)
npuchk: [_ZN6npuchk17depthwise_conv_v2EPiPaS1_tthhhthbbh] -> (nil)
npuchk: [_ZN6npuchk17depthwise_conv_v2EPiPhS1_m] -> (nil)
npuchk: [_ZN6npuchk17depthwise_conv_v2EPiPhS1_tthhhthbbh] -> (nil)
npuchk: [_ZN6npuchk17depthwise_conv_v2EPiPhPam] -> (nil)
npuchk: [_ZN6npuchk17depthwise_conv_v2EPiPhPatthhhthbbh] -> (nil)
npuchk: [_ZN6npuchk3dsbE9mem_dsb_t] -> 0xffff8efa55ac
npuchk: [_ZN6npuchk22fake_overflow_status_1Ev] -> (nil)
npuchk: [_ZN6npuchk22fake_overflow_status_2Ev] -> (nil)
npuchk: [_ZN6npuchk20ffts_cross_core_syncE6pipe_tm] -> 0xffff8efa5780
npuchk: [_ZN6npuchk5fifr1EPsS0_mm] -> (nil)
npuchk: [_ZN6npuchk5fifr1EPsS0_mm4bm_t] -> (nil)
npuchk: [_ZN6npuchk5fifr1EPsS0_8w_size_thhhaaaaaaaaaahh4bm_t] -> (nil)
npuchk: [_ZN6npuchk5fifr1EPsS0_8w_size_thhhaaaaaaaaaahh] -> (nil)
npuchk: [_ZN6npuchk5fifr1EPsPamm] -> (nil)
npuchk: [_ZN6npuchk5fifr1EPsPamm4bm_t] -> (nil)
npuchk: [_ZN6npuchk5fifr1EPsPa8w_size_thhhaaaaaaaaaahh4bm_t] -> (nil)
npuchk: [_ZN6npuchk5fifr1EPsPa8w_size_thhhaaaaaaaaaahh] -> (nil)
npuchk: [_ZN6npuchk5fifr1EPsPtmm] -> (nil)
npuchk: [_ZN6npuchk5fifr1EPsPtmm4bm_t] -> (nil)
npuchk: [_ZN6npuchk5fifr1EPsPt8w_size_thhhaaaaaaaaaahh4bm_t] -> (nil)
npuchk: [_ZN6npuchk5fifr1EPsPt8w_size_thhhaaaaaaaaaahh] -> (nil)
npuchk: [_ZN6npuchk5fifr1EPsPhmm] -> (nil)
npuchk: [_ZN6npuchk5fifr1EPsPhmm4bm_t] -> (nil)
npuchk: [_ZN6npuchk5fifr1EPsPh8w_size_thhhaaaaaaaaaahh4bm_t] -> (nil)
npuchk: [_ZN6npuchk5fifr1EPsPh8w_size_thhhaaaaaaaaaahh] -> (nil)
npuchk: [_ZN6npuchk26fix_depthwisein_cc_to_cbufEPaPimm] -> (nil)
npuchk: [_ZN6npuchk26fix_depthwisein_cc_to_cbufEPaPi11unit_flag_thtttt13ConvReluFix_tb6Relu_tbS4_6Pool_t5Req_t10DualMode_ttt] -> (nil)
npuchk: [_ZN6npuchk26fix_depthwisein_cc_to_cbufEPhPimm] -> (nil)
npuchk: [_ZN6npuchk26fix_depthwisein_cc_to_cbufEPhPi11unit_flag_thtttt13ConvReluFix_tb6Relu_tbS4_6Pool_t5Req_t10DualMode_ttt] -> (nil)
npuchk: [_ZN6npuchk26fix_depthwisein_cc_to_ubufEPaPimm] -> (nil)
npuchk: [_ZN6npuchk26fix_depthwisein_cc_to_ubufEPaPi11unit_flag_thtttt13ConvReluFix_tb6Relu_tbS4_6Pool_t5Req_t10DualMode_ttt] -> (nil)
npuchk: [_ZN6npuchk26fix_depthwisein_cc_to_ubufEPhPimm] -> (nil)
npuchk: [_ZN6npuchk26fix_depthwisein_cc_to_ubufEPhPi11unit_flag_thtttt13ConvReluFix_tb6Relu_tbS4_6Pool_t5Req_t10DualMode_ttt] -> (nil)
npuchk: [_ZN6npuchk27fix_depthwiseout_cc_to_cbufEPaPimm] -> (nil)
npuchk: [_ZN6npuchk27fix_depthwiseout_cc_to_cbufEPaPi11unit_flag_thtttt13ConvReluFix_tb6Relu_tbS4_6Pool_t5Req_t10DualMode_ttt] -> (nil)
npuchk: [_ZN6npuchk27fix_depthwiseout_cc_to_cbufEPhPimm] -> (nil)
npuchk: [_ZN6npuchk27fix_depthwiseout_cc_to_cbufEPhPi11unit_flag_thtttt13ConvReluFix_tb6Relu_tbS4_6Pool_t5Req_t10DualMode_ttt] -> (nil)
npuchk: [_ZN6npuchk21fix_matrix_cc_to_cbufEPN7float165Fp16TES2_mm] -> (nil)
npuchk: [_ZN6npuchk21fix_matrix_cc_to_cbufEPaPN7float165Fp16TEmm] -> (nil)
npuchk: [_ZN6npuchk21fix_matrix_cc_to_cbufEPaPN7float165Fp16TE11unit_flag_thtttt13ConvReluFix_tb6Relu_tbS6_6Pool_t5Req_t10DualMode_ttt] -> (nil)
npuchk: [_ZN6npuchk21fix_matrix_cc_to_cbufEPhPN7float165Fp16TEmm] -> (nil)
npuchk: [_ZN6npuchk21fix_matrix_cc_to_cbufEPhPN7float165Fp16TE11unit_flag_thtttt13ConvReluFix_tb6Relu_tbS6_6Pool_t5Req_t10DualMode_ttt] -> (nil)
npuchk: [_ZN6npuchk21fix_matrix_cc_to_cbufEPN7float165Fp16TES2_11unit_flag_thtttt13ConvReluFix_tb6Relu_tbS5_6Pool_t5Req_t10DualMode_ttt] -> (nil)
npuchk: [_ZN6npuchk21fix_matrix_cc_to_cbufEPiS0_mm] -> (nil)
npuchk: [_ZN6npuchk21fix_matrix_cc_to_cbufEPN7float165Fp16TEPimm] -> (nil)
npuchk: [_ZN6npuchk21fix_matrix_cc_to_cbufEPN7float165Fp16TEPi11unit_flag_thtttt13ConvReluFix_tb6Relu_tbS6_6Pool_t5Req_t10DualMode_ttt] -> (nil)
npuchk: [_ZN6npuchk21fix_matrix_cc_to_cbufEPsPimm] -> (nil)
npuchk: [_ZN6npuchk21fix_matrix_cc_to_cbufEPsPi11unit_flag_thtttt13ConvReluFix_tb6Relu_tbS4_6Pool_t5Req_t10DualMode_ttt] -> (nil)
npuchk: [_ZN6npuchk21fix_matrix_cc_to_cbufEPaPimm] -> (nil)
npuchk: [_ZN6npuchk21fix_matrix_cc_to_cbufEPaPi11unit_flag_thtttt13ConvReluFix_tb6Relu_tbS4_6Pool_t5Req_t10DualMode_ttt] -> (nil)
npuchk: [_ZN6npuchk21fix_matrix_cc_to_cbufEPhPimm] -> (nil)
npuchk: [_ZN6npuchk21fix_matrix_cc_to_cbufEPhPi11unit_flag_thtttt13ConvReluFix_tb6Relu_tbS4_6Pool_t5Req_t10DualMode_ttt] -> (nil)
npuchk: [_ZN6npuchk21fix_matrix_cc_to_cbufEPiS0_11unit_flag_thtttt13ConvReluFix_tb6Relu_tbS3_6Pool_t5Req_t10DualMode_ttt] -> (nil)
npuchk: [_ZN6npuchk21fix_matrix_cc_to_ubufEPN7float165Fp16TES2_mm] -> (nil)
npuchk: [_ZN6npuchk21fix_matrix_cc_to_ubufEPN7float165Fp16TES2_11unit_flag_thtttt13ConvReluFix_tb6Relu_tbS5_6Pool_t5Req_t10DualMode_ttt] -> (nil)
npuchk: [_ZN6npuchk21fix_matrix_cc_to_ubufEPN7float165Fp16TEPimm] -> (nil)
npuchk: [_ZN6npuchk21fix_matrix_cc_to_ubufEPN7float165Fp16TEPi11unit_flag_thtttt13ConvReluFix_tb6Relu_tbS6_6Pool_t5Req_t10DualMode_ttt] -> (nil)
npuchk: [_ZN6npuchk21fix_matrix_cc_to_ubufEPsPimm] -> (nil)
npuchk: [_ZN6npuchk21fix_matrix_cc_to_ubufEPsPi11unit_flag_thtttt13ConvReluFix_tb6Relu_tbS4_6Pool_t5Req_t10DualMode_ttt] -> (nil)
npuchk: [_ZN6npuchk21fix_matrix_cc_to_ubufEPiS0_mm] -> (nil)
npuchk: [_ZN6npuchk21fix_matrix_cc_to_ubufEPiS0_11unit_flag_thtttt13ConvReluFix_tb6Relu_tbS3_6Pool_t5Req_t10DualMode_ttt] -> (nil)
npuchk: [_ZN6npuchk21fix_matrix_cc_to_ubufEPaPimm] -> (nil)
npuchk: [_ZN6npuchk21fix_matrix_cc_to_ubufEPaPi11unit_flag_thtttt13ConvReluFix_tb6Relu_tbS4_6Pool_t5Req_t10DualMode_ttt] -> (nil)
npuchk: [_ZN6npuchk21fix_matrix_cc_to_ubufEPhPimm] -> (nil)
npuchk: [_ZN6npuchk21fix_matrix_cc_to_ubufEPhPi11unit_flag_thtttt13ConvReluFix_tb6Relu_tbS4_6Pool_t5Req_t10DualMode_ttt] -> (nil)
npuchk: [_ZN6npuchk23fix_winograd_cc_to_cbufEPiS0_mm] -> (nil)
npuchk: [_ZN6npuchk23fix_winograd_cc_to_cbufEPN7float165Fp16TEPimm] -> (nil)
npuchk: [_ZN6npuchk23fix_winograd_cc_to_cbufEPN7float165Fp16TEPi11unit_flag_thtttt13ConvReluFix_tb6Relu_tbS6_6Pool_t5Req_t10DualMode_ttt] -> (nil)
npuchk: [_ZN6npuchk23fix_winograd_cc_to_cbufEPsPimm] -> (nil)
npuchk: [_ZN6npuchk23fix_winograd_cc_to_cbufEPsPi11unit_flag_thtttt13ConvReluFix_tb6Relu_tbS4_6Pool_t5Req_t10DualMode_ttt] -> (nil)
npuchk: [_ZN6npuchk23fix_winograd_cc_to_cbufEPaPimm] -> (nil)
npuchk: [_ZN6npuchk23fix_winograd_cc_to_cbufEPaPi11unit_flag_thtttt13ConvReluFix_tb6Relu_tbS4_6Pool_t5Req_t10DualMode_ttt] -> (nil)
npuchk: [_ZN6npuchk23fix_winograd_cc_to_cbufEPhPimm] -> (nil)
npuchk: [_ZN6npuchk23fix_winograd_cc_to_cbufEPhPi11unit_flag_thtttt13ConvReluFix_tb6Relu_tbS4_6Pool_t5Req_t10DualMode_ttt] -> (nil)
npuchk: [_ZN6npuchk23fix_winograd_cc_to_cbufEPiS0_11unit_flag_thtttt13ConvReluFix_tb6Relu_tbS3_6Pool_t5Req_t10DualMode_ttt] -> (nil)
npuchk: [_ZN6npuchk23fix_winograd_cc_to_ubufEPiS0_mm] -> (nil)
npuchk: [_ZN6npuchk23fix_winograd_cc_to_ubufEPN7float165Fp16TEPimm] -> (nil)
npuchk: [_ZN6npuchk23fix_winograd_cc_to_ubufEPN7float165Fp16TEPi11unit_flag_thtttt13ConvReluFix_tb6Relu_tbS6_6Pool_t5Req_t10DualMode_ttt] -> (nil)
npuchk: [_ZN6npuchk23fix_winograd_cc_to_ubufEPsPimm] -> (nil)
npuchk: [_ZN6npuchk23fix_winograd_cc_to_ubufEPsPi11unit_flag_thtttt13ConvReluFix_tb6Relu_tbS4_6Pool_t5Req_t10DualMode_ttt] -> (nil)
npuchk: [_ZN6npuchk23fix_winograd_cc_to_ubufEPaPimm] -> (nil)
npuchk: [_ZN6npuchk23fix_winograd_cc_to_ubufEPaPi11unit_flag_thtttt13ConvReluFix_tb6Relu_tbS4_6Pool_t5Req_t10DualMode_ttt] -> (nil)
npuchk: [_ZN6npuchk23fix_winograd_cc_to_ubufEPhPimm] -> (nil)
npuchk: [_ZN6npuchk23fix_winograd_cc_to_ubufEPhPi11unit_flag_thtttt13ConvReluFix_tb6Relu_tbS4_6Pool_t5Req_t10DualMode_ttt] -> (nil)
npuchk: [_ZN6npuchk23fix_winograd_cc_to_ubufEPiS0_11unit_flag_thtttt13ConvReluFix_tb6Relu_tbS3_6Pool_t5Req_t10DualMode_ttt] -> (nil)
npuchk: [_ZN6npuchk4fmaxEPhS0_m] -> (nil)
npuchk: [_ZN6npuchk4fmaxEPhS0_8w_size_thhhaaaaa] -> (nil)
npuchk: [_ZN6npuchk4fminEPhS0_m] -> (nil)
npuchk: [_ZN6npuchk4fminEPhS0_8w_size_thhhaaaaa] -> (nil)
npuchk: [_ZN6npuchk11get_acc_valEv] -> (nil)
npuchk: [_ZN6npuchk6get_arEv] -> (nil)
npuchk: [_ZN6npuchk12get_arch_verEv] -> (nil)
npuchk: [_ZN6npuchk13get_block_idxEv] -> (nil)
npuchk: [_ZN6npuchk13get_block_numEv] -> (nil)
npuchk: [_ZN6npuchk11get_cmpmaskEPv] -> 0xffff8efed508
npuchk: [_ZN6npuchk8get_condEv] -> (nil)
npuchk: [_ZN6npuchk18get_condition_flagEv] -> (nil)
npuchk: [_ZN6npuchk10get_coreidEv] -> (nil)
npuchk: [_ZN6npuchk8get_ctrlEv] -> (nil)
npuchk: [_ZN6npuchk18get_data_main_baseEv] -> (nil)
npuchk: [_ZN6npuchk13get_data_sizeEv] -> (nil)
npuchk: [_ZN6npuchk16get_data_ub_baseEv] -> (nil)
npuchk: [_ZN6npuchk18get_ffts_base_addrEv] -> (nil)
npuchk: [_ZN6npuchk7get_fpcEv] -> (nil)
npuchk: [_ZN6npuchk17get_icache_prl_stEv] -> (nil)
npuchk: [_ZN6npuchk7get_immEm] -> (nil)
npuchk: [_ZN6npuchk7get_immEmm] -> (nil)
npuchk: [_ZN6npuchk7get_immEmmm] -> (nil)
npuchk: [_ZN6npuchk7get_immEmmmm] -> (nil)
npuchk: [_ZN6npuchk9get_k_numEv] -> (nil)
npuchk: [_ZN6npuchk14get_l2_in_mainEv] -> (nil)
npuchk: [_ZN6npuchk17get_l2_vaddr_baseEv] -> (nil)
npuchk: [_ZN6npuchk9get_lpcntEv] -> (nil)
npuchk: [_ZN6npuchk15get_max_min_cntEv] -> (nil)
npuchk: [_ZN6npuchk19get_overflow_statusEv] -> (nil)
npuchk: [_ZN6npuchk13get_para_baseEv] -> (nil)
npuchk: [_ZN6npuchk6get_pcEv] -> (nil)
npuchk: [_ZN6npuchk14get_rpn_cor_irEv] -> (nil)
npuchk: [_ZN6npuchk12get_rsvd_cntEv] -> (nil)
npuchk: [_ZN6npuchk19get_safety_crc_dataEv] -> (nil)
npuchk: [_ZN6npuchk17get_safety_crc_enEv] -> (nil)
npuchk: [_ZN6npuchk16get_smmu_tag_verEv] -> (nil)
npuchk: [_ZN6npuchk17get_st_atomic_cfgEv] -> (nil)
npuchk: [_ZN6npuchk18get_stack_phy_baseEv] -> (nil)
npuchk: [_ZN6npuchk10get_statusEv] -> (nil)
npuchk: [_ZN6npuchk15get_subblockdimEv] -> (nil)
npuchk: [_ZN6npuchk14get_subblockidEv] -> (nil)
npuchk: [_ZN6npuchk11get_sys_cntEv] -> (nil)
npuchk: [_ZN6npuchk15get_sys_va_baseEv] -> (nil)
npuchk: [_ZN6npuchk14get_thread_dimEv] -> (nil)
npuchk: [_ZN6npuchk13get_thread_idEv] -> (nil)
npuchk: [_ZN6npuchk6get_vlEv] -> (nil)
npuchk: [_ZN6npuchk11get_vms4_srEv] -> (nil)
npuchk: [_ZN6npuchk15hebcd_out_to_ubEPvS0_S0_m] -> (nil)
npuchk: [_ZN6npuchk15hebcd_out_to_ubEPvS0_S0_hhbbhttht] -> (nil)
npuchk: [_ZN6npuchk15hebce_l1_to_outEPvS0_S0_m] -> (nil)
npuchk: [_ZN6npuchk15hebce_l1_to_outEPvS0_S0_bbhhbbhttht] -> (nil)
npuchk: [_ZN6npuchk15hebce_ub_to_outEPvS0_S0_m] -> (nil)
npuchk: [_ZN6npuchk15hebce_ub_to_outEPvS0_S0_bbhhbbhttht] -> (nil)
npuchk: [_ZN6npuchk9hset_flagE6pipe_tS0_7event_t5mem_tb] -> (nil)
npuchk: [_ZN6npuchk9hset_flagE6pipe_tS0_m5mem_tb] -> (nil)
npuchk: [_ZN6npuchk10hwait_flagE6pipe_tS0_7event_t5mem_tb] -> (nil)
npuchk: [_ZN6npuchk10hwait_flagE6pipe_tS0_m5mem_tb] -> (nil)
npuchk: [_ZN6npuchk18img2col_cbuf_to_caEPN7float165Fp16TES2_mm7csize_t] -> 0xffff8f099c2c
npuchk: [_ZN6npuchk18img2col_cbuf_to_caEPN7float165Fp16TES2_hhssthhhhhhhhh7csize_t] -> 0xffff8f099f74
npuchk: [_ZN6npuchk18img2col_cbuf_to_caEPaS0_mm7csize_t] -> 0xffff8f09a67c
npuchk: [_ZN6npuchk18img2col_cbuf_to_caEPaS0_hhssthhhhhhhhh7csize_t] -> 0xffff8f09a9c4
npuchk: [_ZN6npuchk18img2col_cbuf_to_caEPhS0_mm7csize_t] -> 0xffff8f09b0cc
npuchk: [_ZN6npuchk18img2col_cbuf_to_caEPhS0_hhssthhhhhhhhh7csize_t] -> 0xffff8f09b414
npuchk: [_ZN6npuchk18img2col_cbuf_to_cbEPN7float165Fp16TES2_mm7csize_t] -> 0xffff8f09bb1c
npuchk: [_ZN6npuchk18img2col_cbuf_to_cbEPN7float165Fp16TES2_hhssthhhhhhhhh7csize_t] -> 0xffff8f09be68
npuchk: [_ZN6npuchk18img2col_cbuf_to_cbEPaS0_mm7csize_t] -> 0xffff8f09c574
npuchk: [_ZN6npuchk18img2col_cbuf_to_cbEPaS0_hhssthhhhhhhhh7csize_t] -> 0xffff8f09c8c0
npuchk: [_ZN6npuchk18img2col_cbuf_to_cbEPhS0_mm7csize_t] -> 0xffff8f09cfcc
npuchk: [_ZN6npuchk18img2col_cbuf_to_cbEPhS0_hhssthhhhhhhhh7csize_t] -> 0xffff8f09d318
npuchk: [_ZN6npuchk18img2col_cbuf_to_ubEPN7float165Fp16TES2_mm7csize_t] -> 0xffff8f09da24
npuchk: [_ZN6npuchk18img2col_cbuf_to_ubEPN7float165Fp16TES2_hhssthhhhhhhhh7csize_t] -> 0xffff8f09dd6c
npuchk: [_ZN6npuchk18img2col_cbuf_to_ubEPaS0_mm7csize_t] -> 0xffff8f09e474
npuchk: [_ZN6npuchk18img2col_cbuf_to_ubEPaS0_hhssthhhhhhhhh7csize_t] -> 0xffff8f09e7bc
npuchk: [_ZN6npuchk18img2col_cbuf_to_ubEPhS0_mm7csize_t] -> 0xffff8f09eec4
npuchk: [_ZN6npuchk18img2col_cbuf_to_ubEPhS0_hhssthhhhhhhhh7csize_t] -> 0xffff8f09f20c
npuchk: [_ZN6npuchk20img2colv2_cbuf_to_caEPN7float165Fp16TES2_mm] -> 0xffff8efa5918
npuchk: [_ZN6npuchk20img2colv2_cbuf_to_caEPN7float165Fp16TES2_mm4bm_t] -> 0xffff8f09f914
npuchk: [_ZN6npuchk20img2colv2_cbuf_to_caEPN7float165Fp16TES2_tttthhhhhhbt] -> 0xffff8f09fb5c
npuchk: [_ZN6npuchk20img2colv2_cbuf_to_caEPN7float165Fp16TES2_tttthhhhhhbt4bm_t] -> (nil)
npuchk: [_ZN6npuchk20img2colv2_cbuf_to_caEPN7float165Fp16TES2_tttthhhhhhbbbbt] -> 0xffff8efa5bf4
npuchk: [_ZN6npuchk20img2colv2_cbuf_to_caEPN8bfloat165Bf16TES2_mm] -> 0xffff8efa629c
npuchk: [_ZN6npuchk20img2colv2_cbuf_to_caEPN8bfloat165Bf16TES2_mm4bm_t] -> (nil)
npuchk: [_ZN6npuchk20img2colv2_cbuf_to_caEPN8bfloat165Bf16TES2_tttthhhhhhbt] -> (nil)
npuchk: [_ZN6npuchk20img2colv2_cbuf_to_caEPN8bfloat165Bf16TES2_tttthhhhhhbt4bm_t] -> (nil)
npuchk: [_ZN6npuchk20img2colv2_cbuf_to_caEPN8bfloat165Bf16TES2_tttthhhhhhbbbbt] -> 0xffff8efa6578
npuchk: [_ZN6npuchk20img2colv2_cbuf_to_caEPfS0_mm] -> 0xffff8efa6c20
npuchk: [_ZN6npuchk20img2colv2_cbuf_to_caEPfS0_mm4bm_t] -> 0xffff8f0a0138
npuchk: [_ZN6npuchk20img2colv2_cbuf_to_caEPfS0_tttthhhhhhbt] -> 0xffff8f0a0380
npuchk: [_ZN6npuchk20img2colv2_cbuf_to_caEPfS0_tttthhhhhhbt4bm_t] -> (nil)
npuchk: [_ZN6npuchk20img2colv2_cbuf_to_caEPfS0_tttthhhhhhbbbbt] -> 0xffff8efa6efc
npuchk: [_ZN6npuchk20img2colv2_cbuf_to_caEPiS0_mm] -> 0xffff8efa75a4
npuchk: [_ZN6npuchk20img2colv2_cbuf_to_caEPiS0_mm4bm_t] -> 0xffff8f0a095c
npuchk: [_ZN6npuchk20img2colv2_cbuf_to_caEPiS0_tttthhhhhhbt] -> 0xffff8f0a0ba4
npuchk: [_ZN6npuchk20img2colv2_cbuf_to_caEPiS0_tttthhhhhhbt4bm_t] -> (nil)
npuchk: [_ZN6npuchk20img2colv2_cbuf_to_caEPiS0_tttthhhhhhbbbbt] -> 0xffff8efa7880
npuchk: [_ZN6npuchk20img2colv2_cbuf_to_caEPaS0_mm] -> 0xffff8efa7f28
npuchk: [_ZN6npuchk20img2colv2_cbuf_to_caEPaS0_mm4bm_t] -> 0xffff8f0a1180
npuchk: [_ZN6npuchk20img2colv2_cbuf_to_caEPaS0_tttthhhhhhbt] -> 0xffff8f0a13c8
npuchk: [_ZN6npuchk20img2colv2_cbuf_to_caEPaS0_tttthhhhhhbt4bm_t] -> (nil)
npuchk: [_ZN6npuchk20img2colv2_cbuf_to_caEPaS0_tttthhhhhhbbbbt] -> 0xffff8efa8204
npuchk: [_ZN6npuchk20img2colv2_cbuf_to_caEPjS0_mm] -> 0xffff8efa88ac
npuchk: [_ZN6npuchk20img2colv2_cbuf_to_caEPjS0_mm4bm_t] -> 0xffff8f0a19a4
npuchk: [_ZN6npuchk20img2colv2_cbuf_to_caEPjS0_tttthhhhhhbt] -> 0xffff8f0a1bec
npuchk: [_ZN6npuchk20img2colv2_cbuf_to_caEPjS0_tttthhhhhhbt4bm_t] -> (nil)
npuchk: [_ZN6npuchk20img2colv2_cbuf_to_caEPjS0_tttthhhhhhbbbbt] -> 0xffff8efa8b88
npuchk: [_ZN6npuchk20img2colv2_cbuf_to_caEPhS0_mm] -> 0xffff8efa9230
npuchk: [_ZN6npuchk20img2colv2_cbuf_to_caEPhS0_mm4bm_t] -> 0xffff8f0a21c8
npuchk: [_ZN6npuchk20img2colv2_cbuf_to_caEPhS0_tttthhhhhhbt] -> 0xffff8f0a2410
npuchk: [_ZN6npuchk20img2colv2_cbuf_to_caEPhS0_tttthhhhhhbt4bm_t] -> (nil)
npuchk: [_ZN6npuchk20img2colv2_cbuf_to_caEPhS0_tttthhhhhhbbbbt] -> 0xffff8efa950c
npuchk: [_ZN6npuchk23img2colv2_cbuf_to_ca_s4EPvS0_mm] -> 0xffff8efa9bb4
npuchk: [_ZN6npuchk23img2colv2_cbuf_to_ca_s4EPvS0_mm4bm_t] -> 0xffff8f0a29ec
npuchk: [_ZN6npuchk23img2colv2_cbuf_to_ca_s4EPvS0_tttthhhhhhbt] -> 0xffff8f0a2c34
npuchk: [_ZN6npuchk23img2colv2_cbuf_to_ca_s4EPvS0_tttthhhhhhbt4bm_t] -> (nil)
npuchk: [_ZN6npuchk23img2colv2_cbuf_to_ca_s4EPvS0_tttthhhhhhbbbbt] -> 0xffff8efa9e90
npuchk: [_ZN6npuchk20img2colv2_cbuf_to_cbEPN7float165Fp16TES2_mm] -> 0xffff8efaa538
npuchk: [_ZN6npuchk20img2colv2_cbuf_to_cbEPN7float165Fp16TES2_mm4bm_t] -> 0xffff8f0a3210
npuchk: [_ZN6npuchk20img2colv2_cbuf_to_cbEPN7float165Fp16TES2_tttthhhhhhbt] -> 0xffff8f0a345c
npuchk: [_ZN6npuchk20img2colv2_cbuf_to_cbEPN7float165Fp16TES2_tttthhhhhhbt4bm_t] -> (nil)
npuchk: [_ZN6npuchk20img2colv2_cbuf_to_cbEPN7float165Fp16TES2_tttthhhhhhbbbbt] -> 0xffff8efaa818
npuchk: [_ZN6npuchk20img2colv2_cbuf_to_cbEPN8bfloat165Bf16TES2_mm] -> 0xffff8efaaec4
npuchk: [_ZN6npuchk20img2colv2_cbuf_to_cbEPN8bfloat165Bf16TES2_mm4bm_t] -> (nil)
npuchk: [_ZN6npuchk20img2colv2_cbuf_to_cbEPN8bfloat165Bf16TES2_tttthhhhhhbt] -> (nil)
npuchk: [_ZN6npuchk20img2colv2_cbuf_to_cbEPN8bfloat165Bf16TES2_tttthhhhhhbt4bm_t] -> (nil)
npuchk: [_ZN6npuchk20img2colv2_cbuf_to_cbEPN8bfloat165Bf16TES2_tttthhhhhhbbbbt] -> 0xffff8efab0c8
npuchk: [_ZN6npuchk20img2colv2_cbuf_to_cbEPfS0_mm] -> 0xffff8efab5fc
npuchk: [_ZN6npuchk20img2colv2_cbuf_to_cbEPfS0_mm4bm_t] -> 0xffff8f0a3a3c
npuchk: [_ZN6npuchk20img2colv2_cbuf_to_cbEPfS0_tttthhhhhhbt] -> 0xffff8f0a3c88
npuchk: [_ZN6npuchk20img2colv2_cbuf_to_cbEPfS0_tttthhhhhhbt4bm_t] -> (nil)
npuchk: [_ZN6npuchk20img2colv2_cbuf_to_cbEPfS0_tttthhhhhhbbbbt] -> 0xffff8efab8dc
npuchk: [_ZN6npuchk20img2colv2_cbuf_to_cbEPiS0_mm] -> 0xffff8efabf88
npuchk: [_ZN6npuchk20img2colv2_cbuf_to_cbEPiS0_mm4bm_t] -> 0xffff8f0a4268
npuchk: [_ZN6npuchk20img2colv2_cbuf_to_cbEPiS0_tttthhhhhhbt] -> 0xffff8f0a44b4
npuchk: [_ZN6npuchk20img2colv2_cbuf_to_cbEPiS0_tttthhhhhhbt4bm_t] -> (nil)
npuchk: [_ZN6npuchk20img2colv2_cbuf_to_cbEPiS0_tttthhhhhhbbbbt] -> 0xffff8efac268
npuchk: [_ZN6npuchk20img2colv2_cbuf_to_cbEPaS0_mm] -> 0xffff8f0a4a94
npuchk: [_ZN6npuchk20img2colv2_cbuf_to_cbEPaS0_mm4bm_t] -> 0xffff8f0a4d74
npuchk: [_ZN6npuchk20img2colv2_cbuf_to_cbEPaS0_tttthhhhhhbt] -> 0xffff8f0a4fc0
npuchk: [_ZN6npuchk20img2colv2_cbuf_to_cbEPaS0_tttthhhhhhbt4bm_t] -> (nil)
npuchk: [_ZN6npuchk20img2colv2_cbuf_to_cbEPaS0_tttthhhhhhbbbbt] -> (nil)
npuchk: [_ZN6npuchk20img2colv2_cbuf_to_cbEPjS0_mm] -> 0xffff8efac914
npuchk: [_ZN6npuchk20img2colv2_cbuf_to_cbEPjS0_mm4bm_t] -> 0xffff8f0a55a0
npuchk: [_ZN6npuchk20img2colv2_cbuf_to_cbEPjS0_tttthhhhhhbt] -> 0xffff8f0a57ec
npuchk: [_ZN6npuchk20img2colv2_cbuf_to_cbEPjS0_tttthhhhhhbt4bm_t] -> (nil)
npuchk: [_ZN6npuchk20img2colv2_cbuf_to_cbEPjS0_tttthhhhhhbbbbt] -> 0xffff8efacbf4
npuchk: [_ZN6npuchk20img2colv2_cbuf_to_cbEPhS0_mm] -> 0xffff8f0a5dcc
npuchk: [_ZN6npuchk20img2colv2_cbuf_to_cbEPhS0_mm4bm_t] -> 0xffff8f0a60ac
npuchk: [_ZN6npuchk20img2colv2_cbuf_to_cbEPhS0_tttthhhhhhbt] -> 0xffff8f0a62f8
npuchk: [_ZN6npuchk20img2colv2_cbuf_to_cbEPhS0_tttthhhhhhbt4bm_t] -> (nil)
npuchk: [_ZN6npuchk20img2colv2_cbuf_to_cbEPhS0_tttthhhhhhbbbbt] -> (nil)
npuchk: [_ZN6npuchk23img2colv2_cbuf_to_cb_s4EPvS0_mm] -> 0xffff8f0a68d8
npuchk: [_ZN6npuchk23img2colv2_cbuf_to_cb_s4EPvS0_mm4bm_t] -> 0xffff8f0a6bb8
npuchk: [_ZN6npuchk23img2colv2_cbuf_to_cb_s4EPvS0_tttthhhhhhbt] -> 0xffff8f0a6e04
npuchk: [_ZN6npuchk23img2colv2_cbuf_to_cb_s4EPvS0_tttthhhhhhbt4bm_t] -> (nil)
npuchk: [_ZN6npuchk23img2colv2_cbuf_to_cb_s4EPvS0_tttthhhhhhbbbbt] -> (nil)
npuchk: [_ZN6npuchk20img2colv2_cbuf_to_ubEPN7float165Fp16TES2_mm] -> 0xffff8f0a73e4
npuchk: [_ZN6npuchk20img2colv2_cbuf_to_ubEPN7float165Fp16TES2_mm4bm_t] -> 0xffff8f0a76c0
npuchk: [_ZN6npuchk20img2colv2_cbuf_to_ubEPN7float165Fp16TES2_tttthhhhhhbt] -> 0xffff8f0a7908
npuchk: [_ZN6npuchk20img2colv2_cbuf_to_ubEPN7float165Fp16TES2_tttthhhhhhbt4bm_t] -> (nil)
npuchk: [_ZN6npuchk20img2colv2_cbuf_to_ubEPN7float165Fp16TES2_tttthhhhhhbbbbt] -> (nil)
npuchk: [_ZN6npuchk20img2colv2_cbuf_to_ubEPfS0_mm] -> 0xffff8f0a7ee4
npuchk: [_ZN6npuchk20img2colv2_cbuf_to_ubEPfS0_mm4bm_t] -> 0xffff8f0a81c0
npuchk: [_ZN6npuchk20img2colv2_cbuf_to_ubEPfS0_tttthhhhhhbt] -> 0xffff8f0a8408
npuchk: [_ZN6npuchk20img2colv2_cbuf_to_ubEPfS0_tttthhhhhhbt4bm_t] -> (nil)
npuchk: [_ZN6npuchk20img2colv2_cbuf_to_ubEPfS0_tttthhhhhhbbbbt] -> (nil)
npuchk: [_ZN6npuchk20img2colv2_cbuf_to_ubEPiS0_mm] -> 0xffff8f0a89e4
npuchk: [_ZN6npuchk20img2colv2_cbuf_to_ubEPiS0_mm4bm_t] -> 0xffff8f0a8cc0
npuchk: [_ZN6npuchk20img2colv2_cbuf_to_ubEPiS0_tttthhhhhhbt] -> 0xffff8f0a8f08
npuchk: [_ZN6npuchk20img2colv2_cbuf_to_ubEPiS0_tttthhhhhhbt4bm_t] -> (nil)
npuchk: [_ZN6npuchk20img2colv2_cbuf_to_ubEPiS0_tttthhhhhhbbbbt] -> (nil)
npuchk: [_ZN6npuchk20img2colv2_cbuf_to_ubEPaS0_mm] -> 0xffff8f0a94e4
npuchk: [_ZN6npuchk20img2colv2_cbuf_to_ubEPaS0_mm4bm_t] -> 0xffff8f0a97c0
npuchk: [_ZN6npuchk20img2colv2_cbuf_to_ubEPaS0_tttthhhhhhbt] -> 0xffff8f0a9a08
npuchk: [_ZN6npuchk20img2colv2_cbuf_to_ubEPaS0_tttthhhhhhbt4bm_t] -> (nil)
npuchk: [_ZN6npuchk20img2colv2_cbuf_to_ubEPaS0_tttthhhhhhbbbbt] -> (nil)
npuchk: [_ZN6npuchk20img2colv2_cbuf_to_ubEPjS0_mm] -> 0xffff8f0a9fe4
npuchk: [_ZN6npuchk20img2colv2_cbuf_to_ubEPjS0_mm4bm_t] -> 0xffff8f0aa2c0
npuchk: [_ZN6npuchk20img2colv2_cbuf_to_ubEPjS0_tttthhhhhhbt] -> 0xffff8f0aa508
npuchk: [_ZN6npuchk20img2colv2_cbuf_to_ubEPjS0_tttthhhhhhbt4bm_t] -> (nil)
npuchk: [_ZN6npuchk20img2colv2_cbuf_to_ubEPjS0_tttthhhhhhbbbbt] -> (nil)
npuchk: [_ZN6npuchk20img2colv2_cbuf_to_ubEPhS0_mm] -> 0xffff8f0aaae4
npuchk: [_ZN6npuchk20img2colv2_cbuf_to_ubEPhS0_mm4bm_t] -> 0xffff8f0aadc0
npuchk: [_ZN6npuchk20img2colv2_cbuf_to_ubEPhS0_tttthhhhhhbt] -> 0xffff8f0ab008
npuchk: [_ZN6npuchk20img2colv2_cbuf_to_ubEPhS0_tttthhhhhhbt4bm_t] -> (nil)
npuchk: [_ZN6npuchk20img2colv2_cbuf_to_ubEPhS0_tttthhhhhhbbbbt] -> (nil)
npuchk: [_ZN6npuchk23img2colv2_cbuf_to_ub_s4EPvS0_mm] -> 0xffff8f0ab5e4
npuchk: [_ZN6npuchk23img2colv2_cbuf_to_ub_s4EPvS0_mm4bm_t] -> 0xffff8f0ab8c0
npuchk: [_ZN6npuchk23img2colv2_cbuf_to_ub_s4EPvS0_tttthhhhhhbt] -> 0xffff8f0abb08
npuchk: [_ZN6npuchk23img2colv2_cbuf_to_ub_s4EPvS0_tttthhhhhhbt4bm_t] -> (nil)
npuchk: [_ZN6npuchk23img2colv2_cbuf_to_ub_s4EPvS0_tttthhhhhhbbbbt] -> (nil)
npuchk: [_ZN6npuchk10insert_immEmhhb] -> (nil)
npuchk: [_ZN6npuchk10insert_regEmmhh] -> (nil)
npuchk: [_ZN6npuchk6ld_devEPts] -> (nil)
npuchk: [_ZN6npuchk6ld_devEPjs] -> (nil)
npuchk: [_ZN6npuchk6ld_devEPms] -> (nil)
npuchk: [_ZN6npuchk6ld_devEPhs] -> (nil)
npuchk: [_ZN6npuchk4ldvaE10ub_addr8_tmb] -> (nil)
npuchk: [_ZN6npuchk15load_cbuf_to_caEPN8bfloat165Bf16TES2_mb] -> 0xffff8efad2a0
npuchk: [_ZN6npuchk15load_cbuf_to_caEPN8bfloat165Bf16TES2_mb15addr_cal_mode_t] -> 0xffff8efad588
npuchk: [_ZN6npuchk15load_cbuf_to_caEPN8bfloat165Bf16TES2_thtthb15addr_cal_mode_t] -> 0xffff8efad8c4
npuchk: [_ZN6npuchk15load_cbuf_to_caEPN8bfloat165Bf16TES2_thtthbb15addr_cal_mode_t] -> 0xffff8efadd34
npuchk: [_ZN6npuchk15load_cbuf_to_caEPN8bfloat165Bf16TES2_ththb] -> 0xffff8efae1e8
npuchk: [_ZN6npuchk15load_cbuf_to_caEPN8bfloat165Bf16TES2_thttb15addr_cal_mode_t] -> (nil)
npuchk: [_ZN6npuchk15load_cbuf_to_caEPN8bfloat165Bf16TES2_mmb] -> (nil)
npuchk: [_ZN6npuchk15load_cbuf_to_caEPN8bfloat165Bf16TES2_tthhttb] -> (nil)
npuchk: [_ZN6npuchk15load_cbuf_to_caEPN7float165Fp16TES2_mb] -> 0xffff8efae5c0
npuchk: [_ZN6npuchk15load_cbuf_to_caEPN7float165Fp16TES2_mb15addr_cal_mode_t] -> 0xffff8efae8a8
npuchk: [_ZN6npuchk15load_cbuf_to_caEPN7float165Fp16TES2_thtthb15addr_cal_mode_t] -> 0xffff8efaebe4
npuchk: [_ZN6npuchk15load_cbuf_to_caEPN7float165Fp16TES2_thtthbb15addr_cal_mode_t] -> 0xffff8efaf054
npuchk: [_ZN6npuchk15load_cbuf_to_caEPN7float165Fp16TES2_ththb] -> 0xffff8efaf508
npuchk: [_ZN6npuchk15load_cbuf_to_caEPN7float165Fp16TES2_thttb15addr_cal_mode_t] -> (nil)
npuchk: [_ZN6npuchk15load_cbuf_to_caEPfS0_mb15addr_cal_mode_t] -> 0xffff8efaf8e0
npuchk: [_ZN6npuchk15load_cbuf_to_caEPfS0_thtthb15addr_cal_mode_t] -> 0xffff8efafc1c
npuchk: [_ZN6npuchk15load_cbuf_to_caEPfS0_thtthbb15addr_cal_mode_t] -> 0xffff8efb008c
npuchk: [_ZN6npuchk15load_cbuf_to_caEPfS0_thttb15addr_cal_mode_t] -> (nil)
npuchk: [_ZN6npuchk15load_cbuf_to_caEPiS0_mb15addr_cal_mode_t] -> 0xffff8efb0540
npuchk: [_ZN6npuchk15load_cbuf_to_caEPiS0_thtthb15addr_cal_mode_t] -> 0xffff8efb087c
npuchk: [_ZN6npuchk15load_cbuf_to_caEPiS0_thtthbb15addr_cal_mode_t] -> 0xffff8efb0cec
npuchk: [_ZN6npuchk15load_cbuf_to_caEPiS0_thttb15addr_cal_mode_t] -> (nil)
npuchk: [_ZN6npuchk15load_cbuf_to_caEPaS0_mb] -> 0xffff8efb11a0
npuchk: [_ZN6npuchk15load_cbuf_to_caEPaS0_mb15addr_cal_mode_t] -> 0xffff8efb1488
npuchk: [_ZN6npuchk15load_cbuf_to_caEPaS0_thtthb15addr_cal_mode_t] -> 0xffff8efb17c4
npuchk: [_ZN6npuchk15load_cbuf_to_caEPaS0_thtthbb15addr_cal_mode_t] -> 0xffff8efb1c34
npuchk: [_ZN6npuchk15load_cbuf_to_caEPaS0_ththb] -> 0xffff8efb20e8
npuchk: [_ZN6npuchk15load_cbuf_to_caEPaS0_thttb15addr_cal_mode_t] -> (nil)
npuchk: [_ZN6npuchk15load_cbuf_to_caEPjS0_mb15addr_cal_mode_t] -> 0xffff8efb24c0
npuchk: [_ZN6npuchk15load_cbuf_to_caEPjS0_thtthb15addr_cal_mode_t] -> 0xffff8efb27fc
npuchk: [_ZN6npuchk15load_cbuf_to_caEPjS0_thtthbb15addr_cal_mode_t] -> 0xffff8efb2c6c
npuchk: [_ZN6npuchk15load_cbuf_to_caEPjS0_thttb15addr_cal_mode_t] -> (nil)
npuchk: [_ZN6npuchk15load_cbuf_to_caEPhS0_mb] -> 0xffff8efb3120
npuchk: [_ZN6npuchk15load_cbuf_to_caEPhS0_mb15addr_cal_mode_t] -> 0xffff8efb3408
npuchk: [_ZN6npuchk15load_cbuf_to_caEPhS0_thtthb15addr_cal_mode_t] -> 0xffff8efb3744
npuchk: [_ZN6npuchk15load_cbuf_to_caEPhS0_thtthbb15addr_cal_mode_t] -> 0xffff8efb3bb4
npuchk: [_ZN6npuchk15load_cbuf_to_caEPhS0_ththb] -> 0xffff8efb4068
npuchk: [_ZN6npuchk15load_cbuf_to_caEPhS0_thttb15addr_cal_mode_t] -> (nil)
npuchk: [_ZN6npuchk15load_cbuf_to_caEPN7float165Fp16TES2_ththb15addr_cal_mode_t] -> 0xffff8f10dc54
npuchk: [_ZN6npuchk15load_cbuf_to_caEPaS0_ththb15addr_cal_mode_t] -> 0xffff8f10e084
npuchk: [_ZN6npuchk15load_cbuf_to_caEPhS0_ththb15addr_cal_mode_t] -> 0xffff8f10e4b0
npuchk: [_ZN6npuchk18load_cbuf_to_ca_s4EPvS0_mb15addr_cal_mode_t] -> 0xffff8efb4440
npuchk: [_ZN6npuchk18load_cbuf_to_ca_s4EPvS0_thtthb15addr_cal_mode_t] -> 0xffff8efb477c
npuchk: [_ZN6npuchk18load_cbuf_to_ca_s4EPvS0_thtthbb15addr_cal_mode_t] -> 0xffff8efb4bec
npuchk: [_ZN6npuchk25load_cbuf_to_ca_transposeEPN7float165Fp16TES2_mm] -> 0xffff8efb50a0
npuchk: [_ZN6npuchk25load_cbuf_to_ca_transposeEPN7float165Fp16TES2_thttbt] -> 0xffff8efb537c
npuchk: [_ZN6npuchk25load_cbuf_to_ca_transposeEPfS0_mm] -> 0xffff8efb5784
npuchk: [_ZN6npuchk25load_cbuf_to_ca_transposeEPfS0_thttbt] -> 0xffff8efb5a60
npuchk: [_ZN6npuchk25load_cbuf_to_ca_transposeEPiS0_mm] -> 0xffff8efb5e68
npuchk: [_ZN6npuchk25load_cbuf_to_ca_transposeEPiS0_thttbt] -> 0xffff8efb6144
npuchk: [_ZN6npuchk25load_cbuf_to_ca_transposeEPaS0_mm] -> 0xffff8efb654c
npuchk: [_ZN6npuchk25load_cbuf_to_ca_transposeEPaS0_thttbt] -> 0xffff8efb6828
npuchk: [_ZN6npuchk25load_cbuf_to_ca_transposeEPjS0_mm] -> 0xffff8efb6c30
npuchk: [_ZN6npuchk25load_cbuf_to_ca_transposeEPjS0_thttbt] -> 0xffff8efb6f0c
npuchk: [_ZN6npuchk25load_cbuf_to_ca_transposeEPhS0_mm] -> 0xffff8efb7314
npuchk: [_ZN6npuchk25load_cbuf_to_ca_transposeEPhS0_thttbt] -> 0xffff8efb75f0
npuchk: [_ZN6npuchk24load_cbuf_to_ca_winogradEPN7float165Fp16TES2_mm] -> 0xffff8f0ac0e4
npuchk: [_ZN6npuchk24load_cbuf_to_ca_winogradEPN7float165Fp16TES2_ttthhhhtttt] -> 0xffff8f0ac3c4
npuchk: [_ZN6npuchk24load_cbuf_to_ca_winogradEPaS0_mm] -> 0xffff8f0ac94c
npuchk: [_ZN6npuchk24load_cbuf_to_ca_winogradEPaS0_ttthhhhtttt] -> 0xffff8f0acc28
npuchk: [_ZN6npuchk24load_cbuf_to_ca_winogradEPhS0_mm] -> 0xffff8f0ad1ac
npuchk: [_ZN6npuchk24load_cbuf_to_ca_winogradEPhS0_ttthhhhtttt] -> 0xffff8f0ad48c
npuchk: [_ZN6npuchk27load_cbuf_to_ca_winograd_v2EPsS0_mm] -> (nil)
npuchk: [_ZN6npuchk27load_cbuf_to_ca_winograd_v2EPsS0_ttthhtttt] -> (nil)
npuchk: [_ZN6npuchk27load_cbuf_to_ca_winograd_v2EPsS0_ttthhttttb] -> (nil)
npuchk: [_ZN6npuchk27load_cbuf_to_ca_winograd_v2EPaS0_mm] -> (nil)
npuchk: [_ZN6npuchk27load_cbuf_to_ca_winograd_v2EPaS0_ttthhtttt] -> (nil)
npuchk: [_ZN6npuchk27load_cbuf_to_ca_winograd_v2EPaS0_ttthhttttb] -> (nil)
npuchk: [_ZN6npuchk27load_cbuf_to_ca_winograd_v2EPhS0_mm] -> (nil)
npuchk: [_ZN6npuchk27load_cbuf_to_ca_winograd_v2EPhS0_ttthhttttb] -> (nil)
npuchk: [_ZN6npuchk15load_cbuf_to_cbEPN8bfloat165Bf16TES2_mb] -> (nil)
npuchk: [_ZN6npuchk15load_cbuf_to_cbEPN8bfloat165Bf16TES2_mb15addr_cal_mode_t] -> (nil)
npuchk: [_ZN6npuchk15load_cbuf_to_cbEPN8bfloat165Bf16TES2_thtthb15addr_cal_mode_t] -> (nil)
npuchk: [_ZN6npuchk15load_cbuf_to_cbEPN8bfloat165Bf16TES2_thtthbb15addr_cal_mode_t] -> (nil)
npuchk: [_ZN6npuchk15load_cbuf_to_cbEPN8bfloat165Bf16TES2_ththb] -> (nil)
npuchk: [_ZN6npuchk15load_cbuf_to_cbEPN8bfloat165Bf16TES2_thttb15addr_cal_mode_t] -> (nil)
npuchk: [_ZN6npuchk15load_cbuf_to_cbEPN8bfloat165Bf16TES2_mmb] -> (nil)
npuchk: [_ZN6npuchk15load_cbuf_to_cbEPN8bfloat165Bf16TES2_tthhttb] -> (nil)
npuchk: [_ZN6npuchk15load_cbuf_to_cbEPN7float165Fp16TES2_mb] -> 0xffff8efb79f8
npuchk: [_ZN6npuchk15load_cbuf_to_cbEPN7float165Fp16TES2_mb15addr_cal_mode_t] -> 0xffff8efb7ce4
npuchk: [_ZN6npuchk15load_cbuf_to_cbEPN7float165Fp16TES2_thtthb15addr_cal_mode_t] -> 0xffff8efb8024
npuchk: [_ZN6npuchk15load_cbuf_to_cbEPN7float165Fp16TES2_thtthbb15addr_cal_mode_t] -> 0xffff8efb8498
npuchk: [_ZN6npuchk15load_cbuf_to_cbEPN7float165Fp16TES2_ththb] -> 0xffff8efb8950
npuchk: [_ZN6npuchk15load_cbuf_to_cbEPN7float165Fp16TES2_thttb15addr_cal_mode_t] -> (nil)
npuchk: [_ZN6npuchk15load_cbuf_to_cbEPfS0_mb15addr_cal_mode_t] -> 0xffff8efb8d2c
npuchk: [_ZN6npuchk15load_cbuf_to_cbEPfS0_thtthb15addr_cal_mode_t] -> 0xffff8efb906c
npuchk: [_ZN6npuchk15load_cbuf_to_cbEPfS0_thtthbb15addr_cal_mode_t] -> 0xffff8efb94e0
npuchk: [_ZN6npuchk15load_cbuf_to_cbEPfS0_thttb15addr_cal_mode_t] -> (nil)
npuchk: [_ZN6npuchk15load_cbuf_to_cbEPiS0_mb15addr_cal_mode_t] -> 0xffff8efb9998
npuchk: [_ZN6npuchk15load_cbuf_to_cbEPiS0_thtthb15addr_cal_mode_t] -> 0xffff8efb9cd8
npuchk: [_ZN6npuchk15load_cbuf_to_cbEPiS0_thtthbb15addr_cal_mode_t] -> 0xffff8efba14c
npuchk: [_ZN6npuchk15load_cbuf_to_cbEPiS0_thttb15addr_cal_mode_t] -> (nil)
npuchk: [_ZN6npuchk15load_cbuf_to_cbEPaS0_mb] -> 0xffff8efba604
npuchk: [_ZN6npuchk15load_cbuf_to_cbEPaS0_mb15addr_cal_mode_t] -> 0xffff8efba8f0
npuchk: [_ZN6npuchk15load_cbuf_to_cbEPaS0_thtthb15addr_cal_mode_t] -> 0xffff8efbac30
npuchk: [_ZN6npuchk15load_cbuf_to_cbEPaS0_thtthbb15addr_cal_mode_t] -> 0xffff8efbb0a4
npuchk: [_ZN6npuchk15load_cbuf_to_cbEPaS0_ththb] -> 0xffff8efbb55c
npuchk: [_ZN6npuchk15load_cbuf_to_cbEPaS0_thttb15addr_cal_mode_t] -> (nil)
npuchk: [_ZN6npuchk15load_cbuf_to_cbEPjS0_mb15addr_cal_mode_t] -> 0xffff8efbb938
npuchk: [_ZN6npuchk15load_cbuf_to_cbEPjS0_thtthb15addr_cal_mode_t] -> 0xffff8efbbc78
npuchk: [_ZN6npuchk15load_cbuf_to_cbEPjS0_thtthbb15addr_cal_mode_t] -> 0xffff8efbc0ec
npuchk: [_ZN6npuchk15load_cbuf_to_cbEPjS0_thttb15addr_cal_mode_t] -> (nil)
npuchk: [_ZN6npuchk15load_cbuf_to_cbEPhS0_mb] -> 0xffff8efbc5a4
npuchk: [_ZN6npuchk15load_cbuf_to_cbEPhS0_mb15addr_cal_mode_t] -> 0xffff8efbc890
npuchk: [_ZN6npuchk15load_cbuf_to_cbEPhS0_thtthb15addr_cal_mode_t] -> 0xffff8efbcbd0
npuchk: [_ZN6npuchk15load_cbuf_to_cbEPhS0_thtthbb15addr_cal_mode_t] -> 0xffff8efbd044
npuchk: [_ZN6npuchk15load_cbuf_to_cbEPhS0_ththb] -> 0xffff8efbd4fc
npuchk: [_ZN6npuchk15load_cbuf_to_cbEPhS0_thttb15addr_cal_mode_t] -> (nil)
npuchk: [_ZN6npuchk15load_cbuf_to_cbEPN7float165Fp16TES2_ththb15addr_cal_mode_t] -> 0xffff8f10e8dc
npuchk: [_ZN6npuchk15load_cbuf_to_cbEPaS0_ththb15addr_cal_mode_t] -> 0xffff8f10ed0c
npuchk: [_ZN6npuchk15load_cbuf_to_cbEPhS0_ththb15addr_cal_mode_t] -> 0xffff8f10f13c
npuchk: [_ZN6npuchk18load_cbuf_to_cb_b2EPvS0_m] -> (nil)
npuchk: [_ZN6npuchk18load_cbuf_to_cb_b2EPN7float165Fp16TES2_m] -> 0xffff8f0ada14
npuchk: [_ZN6npuchk18load_cbuf_to_cb_b2EPN7float165Fp16TES2_hh] -> 0xffff8f0adc98
npuchk: [_ZN6npuchk18load_cbuf_to_cb_b2EPN7float165Fp16TES2_h] -> 0xffff8f0adeb0
npuchk: [_ZN6npuchk18load_cbuf_to_cb_b2EPaS0_m] -> 0xffff8f0ae140
npuchk: [_ZN6npuchk18load_cbuf_to_cb_b2EPaS0_hh] -> 0xffff8f0ae3c8
npuchk: [_ZN6npuchk18load_cbuf_to_cb_b2EPaS0_h] -> 0xffff8f0ae5e4
npuchk: [_ZN6npuchk18load_cbuf_to_cb_b2EPhS0_m] -> 0xffff8f0ae878
npuchk: [_ZN6npuchk18load_cbuf_to_cb_b2EPhS0_hh] -> 0xffff8f0aeb00
npuchk: [_ZN6npuchk18load_cbuf_to_cb_b2EPhS0_h] -> 0xffff8f0aed1c
npuchk: [_ZN6npuchk18load_cbuf_to_cb_s4EPvS0_mb15addr_cal_mode_t] -> 0xffff8efbd8d8
npuchk: [_ZN6npuchk18load_cbuf_to_cb_s4EPvS0_thtthb15addr_cal_mode_t] -> 0xffff8efbdc18
npuchk: [_ZN6npuchk18load_cbuf_to_cb_s4EPvS0_thtthbb15addr_cal_mode_t] -> 0xffff8efbe08c
npuchk: [_ZN6npuchk18load_cbuf_to_cb_spEPaS0_m] -> 0xffff8efbe544
npuchk: [_ZN6npuchk18load_cbuf_to_cb_spEPaS0_th] -> 0xffff8efbe7c8
npuchk: [_ZN6npuchk25load_cbuf_to_cb_transposeEPN7float165Fp16TES2_mm] -> 0xffff8efbeaa0
npuchk: [_ZN6npuchk25load_cbuf_to_cb_transposeEPN7float165Fp16TES2_thttbt] -> 0xffff8efbed80
npuchk: [_ZN6npuchk25load_cbuf_to_cb_transposeEPfS0_mm] -> 0xffff8efbf18c
npuchk: [_ZN6npuchk25load_cbuf_to_cb_transposeEPfS0_thttbt] -> 0xffff8efbf46c
npuchk: [_ZN6npuchk25load_cbuf_to_cb_transposeEPiS0_mm] -> 0xffff8efbf878
npuchk: [_ZN6npuchk25load_cbuf_to_cb_transposeEPiS0_thttbt] -> 0xffff8efbfb58
npuchk: [_ZN6npuchk25load_cbuf_to_cb_transposeEPaS0_mm] -> 0xffff8efbff64
npuchk: [_ZN6npuchk25load_cbuf_to_cb_transposeEPaS0_thttbt] -> 0xffff8efc0244
npuchk: [_ZN6npuchk25load_cbuf_to_cb_transposeEPjS0_mm] -> 0xffff8efc0650
npuchk: [_ZN6npuchk25load_cbuf_to_cb_transposeEPjS0_thttbt] -> 0xffff8efc0930
npuchk: [_ZN6npuchk25load_cbuf_to_cb_transposeEPhS0_mm] -> 0xffff8efc0d3c
npuchk: [_ZN6npuchk25load_cbuf_to_cb_transposeEPhS0_thttbt] -> 0xffff8efc101c
npuchk: [_ZN6npuchk28load_cbuf_to_cb_transpose_s4EPvS0_mm] -> 0xffff8efc1428
npuchk: [_ZN6npuchk28load_cbuf_to_cb_transpose_s4EPvS0_thttbt] -> 0xffff8efc1708
npuchk: [_ZN6npuchk24load_cbuf_to_cb_winogradEPN7float165Fp16TES2_m] -> 0xffff8f0aefb0
npuchk: [_ZN6npuchk24load_cbuf_to_cb_winogradEPN7float165Fp16TES2_hthhhbbh] -> 0xffff8f0af238
npuchk: [_ZN6npuchk24load_cbuf_to_cb_winogradEPaS0_m] -> 0xffff8f0af6f0
npuchk: [_ZN6npuchk24load_cbuf_to_cb_winogradEPaS0_hthhhbbh] -> 0xffff8f0af974
npuchk: [_ZN6npuchk27load_cbuf_to_cb_winograd_v2EPaS0_m] -> (nil)
npuchk: [_ZN6npuchk27load_cbuf_to_cb_winograd_v2EPaS0_tttb] -> (nil)
npuchk: [_ZN6npuchk30load_decompress_header_from_gmEPvm] -> 0xffff8f0afe28
npuchk: [_ZN6npuchk30load_decompress_header_from_gmEPvth] -> 0xffff8f0b0044
npuchk: [_ZN6npuchk13load_gm_to_caEPN7float165Fp16TES2_m] -> 0xffff8efc1b14
npuchk: [_ZN6npuchk13load_gm_to_caEPN7float165Fp16TES2_m15addr_cal_mode_t] -> 0xffff8efc1d9c
npuchk: [_ZN6npuchk13load_gm_to_caEPN7float165Fp16TES2_thtth15addr_cal_mode_t] -> 0xffff8efc2094
npuchk: [_ZN6npuchk13load_gm_to_caEPN7float165Fp16TES2_thtthb15addr_cal_mode_t] -> 0xffff8efc24c4
npuchk: [_ZN6npuchk13load_gm_to_caEPN7float165Fp16TES2_thth] -> 0xffff8efc2938
npuchk: [_ZN6npuchk13load_gm_to_caEPN8bfloat165Bf16TES2_m] -> 0xffff8efc2cb0
npuchk: [_ZN6npuchk13load_gm_to_caEPN8bfloat165Bf16TES2_m15addr_cal_mode_t] -> 0xffff8efc2f38
npuchk: [_ZN6npuchk13load_gm_to_caEPN8bfloat165Bf16TES2_thtth15addr_cal_mode_t] -> 0xffff8efc3230
npuchk: [_ZN6npuchk13load_gm_to_caEPN8bfloat165Bf16TES2_thtthb15addr_cal_mode_t] -> 0xffff8efc3660
npuchk: [_ZN6npuchk13load_gm_to_caEPN8bfloat165Bf16TES2_thth] -> 0xffff8efc3ad4
npuchk: [_ZN6npuchk13load_gm_to_caEPfS0_m15addr_cal_mode_t] -> 0xffff8efc3e4c
npuchk: [_ZN6npuchk13load_gm_to_caEPfS0_thtth15addr_cal_mode_t] -> 0xffff8efc4144
npuchk: [_ZN6npuchk13load_gm_to_caEPfS0_thtthb15addr_cal_mode_t] -> 0xffff8efc4574
npuchk: [_ZN6npuchk13load_gm_to_caEPiS0_m15addr_cal_mode_t] -> 0xffff8efc49e8
npuchk: [_ZN6npuchk13load_gm_to_caEPiS0_thtth15addr_cal_mode_t] -> 0xffff8efc4ce0
npuchk: [_ZN6npuchk13load_gm_to_caEPiS0_thtthb15addr_cal_mode_t] -> 0xffff8efc5110
npuchk: [_ZN6npuchk13load_gm_to_caEPaS0_m] -> 0xffff8efc5584
npuchk: [_ZN6npuchk13load_gm_to_caEPaS0_m15addr_cal_mode_t] -> 0xffff8efc580c
npuchk: [_ZN6npuchk13load_gm_to_caEPaS0_thtth15addr_cal_mode_t] -> 0xffff8efc5b04
npuchk: [_ZN6npuchk13load_gm_to_caEPaS0_thtthb15addr_cal_mode_t] -> 0xffff8efc5f34
npuchk: [_ZN6npuchk13load_gm_to_caEPaS0_thth] -> 0xffff8efc63a8
npuchk: [_ZN6npuchk13load_gm_to_caEPjS0_m15addr_cal_mode_t] -> 0xffff8efc6720
npuchk: [_ZN6npuchk13load_gm_to_caEPjS0_thtth15addr_cal_mode_t] -> 0xffff8efc6a18
npuchk: [_ZN6npuchk13load_gm_to_caEPjS0_thtthb15addr_cal_mode_t] -> 0xffff8efc6e48
npuchk: [_ZN6npuchk13load_gm_to_caEPhS0_m] -> 0xffff8efc72bc
npuchk: [_ZN6npuchk13load_gm_to_caEPhS0_m15addr_cal_mode_t] -> 0xffff8efc7544
npuchk: [_ZN6npuchk13load_gm_to_caEPhS0_thtth15addr_cal_mode_t] -> 0xffff8efc783c
npuchk: [_ZN6npuchk13load_gm_to_caEPhS0_thtthb15addr_cal_mode_t] -> 0xffff8efc7c6c
npuchk: [_ZN6npuchk13load_gm_to_caEPhS0_thth] -> 0xffff8efc80e0
npuchk: [_ZN6npuchk13load_gm_to_caEPN7float165Fp16TES2_thth15addr_cal_mode_t] -> 0xffff8f10f56c
npuchk: [_ZN6npuchk13load_gm_to_caEPaS0_thth15addr_cal_mode_t] -> 0xffff8f10f954
npuchk: [_ZN6npuchk13load_gm_to_caEPhS0_thth15addr_cal_mode_t] -> 0xffff8f10fd3c
npuchk: [_ZN6npuchk16load_gm_to_ca_s4EPvS0_m15addr_cal_mode_t] -> 0xffff8efc8458
npuchk: [_ZN6npuchk16load_gm_to_ca_s4EPvS0_thtth15addr_cal_mode_t] -> 0xffff8efc8750
npuchk: [_ZN6npuchk16load_gm_to_ca_s4EPvS0_thtthb15addr_cal_mode_t] -> 0xffff8efc8b80
npuchk: [_ZN6npuchk19load_gm_to_ca_unzipEPN7float165Fp16TES2_] -> 0xffff8f110124
npuchk: [_ZN6npuchk19load_gm_to_ca_unzipEPvS0_] -> 0xffff8f110350
npuchk: [_ZN6npuchk13load_gm_to_cbEPN7float165Fp16TES2_m] -> 0xffff8efc8ff4
npuchk: [_ZN6npuchk13load_gm_to_cbEPN7float165Fp16TES2_m15addr_cal_mode_t] -> 0xffff8efc927c
npuchk: [_ZN6npuchk13load_gm_to_cbEPN7float165Fp16TES2_thtth15addr_cal_mode_t] -> 0xffff8efc9574
npuchk: [_ZN6npuchk13load_gm_to_cbEPN7float165Fp16TES2_thtthb15addr_cal_mode_t] -> 0xffff8efc99a4
npuchk: [_ZN6npuchk13load_gm_to_cbEPN7float165Fp16TES2_thth] -> 0xffff8efc9e18
npuchk: [_ZN6npuchk13load_gm_to_cbEPN8bfloat165Bf16TES2_m] -> 0xffff8efca190
npuchk: [_ZN6npuchk13load_gm_to_cbEPN8bfloat165Bf16TES2_m15addr_cal_mode_t] -> 0xffff8efca418
npuchk: [_ZN6npuchk13load_gm_to_cbEPN8bfloat165Bf16TES2_thtth15addr_cal_mode_t] -> 0xffff8efca710
npuchk: [_ZN6npuchk13load_gm_to_cbEPN8bfloat165Bf16TES2_thtthb15addr_cal_mode_t] -> 0xffff8efcab40
npuchk: [_ZN6npuchk13load_gm_to_cbEPN8bfloat165Bf16TES2_thth] -> 0xffff8efcafb4
npuchk: [_ZN6npuchk13load_gm_to_cbEPfS0_m15addr_cal_mode_t] -> 0xffff8efcb32c
npuchk: [_ZN6npuchk13load_gm_to_cbEPfS0_thtth15addr_cal_mode_t] -> 0xffff8efcb624
npuchk: [_ZN6npuchk13load_gm_to_cbEPfS0_thtthb15addr_cal_mode_t] -> 0xffff8efcba54
npuchk: [_ZN6npuchk13load_gm_to_cbEPiS0_m15addr_cal_mode_t] -> 0xffff8efcbec8
npuchk: [_ZN6npuchk13load_gm_to_cbEPiS0_thtth15addr_cal_mode_t] -> 0xffff8efcc1c0
npuchk: [_ZN6npuchk13load_gm_to_cbEPiS0_thtthb15addr_cal_mode_t] -> 0xffff8efcc5f0
npuchk: [_ZN6npuchk13load_gm_to_cbEPaS0_m] -> 0xffff8efcca64
npuchk: [_ZN6npuchk13load_gm_to_cbEPaS0_m15addr_cal_mode_t] -> 0xffff8efcccec
npuchk: [_ZN6npuchk13load_gm_to_cbEPaS0_thtth15addr_cal_mode_t] -> 0xffff8efccfe4
npuchk: [_ZN6npuchk13load_gm_to_cbEPaS0_thtthb15addr_cal_mode_t] -> 0xffff8efcd414
npuchk: [_ZN6npuchk13load_gm_to_cbEPaS0_thth] -> 0xffff8efcd888
npuchk: [_ZN6npuchk13load_gm_to_cbEPjS0_m15addr_cal_mode_t] -> 0xffff8efcdc00
npuchk: [_ZN6npuchk13load_gm_to_cbEPjS0_thtth15addr_cal_mode_t] -> 0xffff8efcdef8
npuchk: [_ZN6npuchk13load_gm_to_cbEPjS0_thtthb15addr_cal_mode_t] -> 0xffff8efce328
npuchk: [_ZN6npuchk13load_gm_to_cbEPhS0_m] -> 0xffff8efce79c
npuchk: [_ZN6npuchk13load_gm_to_cbEPhS0_m15addr_cal_mode_t] -> 0xffff8efcea24
npuchk: [_ZN6npuchk13load_gm_to_cbEPhS0_thtth15addr_cal_mode_t] -> 0xffff8efced1c
npuchk: [_ZN6npuchk13load_gm_to_cbEPhS0_thtthb15addr_cal_mode_t] -> 0xffff8efcf14c
npuchk: [_ZN6npuchk13load_gm_to_cbEPhS0_thth] -> 0xffff8efcf5c0
npuchk: [_ZN6npuchk13load_gm_to_cbEPN7float165Fp16TES2_thth15addr_cal_mode_t] -> 0xffff8f11057c
npuchk: [_ZN6npuchk13load_gm_to_cbEPaS0_thth15addr_cal_mode_t] -> 0xffff8f110964
npuchk: [_ZN6npuchk13load_gm_to_cbEPhS0_thth15addr_cal_mode_t] -> 0xffff8f110d4c
npuchk: [_ZN6npuchk16load_gm_to_cb_s4EPvS0_m15addr_cal_mode_t] -> 0xffff8efcf938
npuchk: [_ZN6npuchk16load_gm_to_cb_s4EPvS0_thtth15addr_cal_mode_t] -> 0xffff8efcfc30
npuchk: [_ZN6npuchk16load_gm_to_cb_s4EPvS0_thtthb15addr_cal_mode_t] -> 0xffff8efd0060
npuchk: [_ZN6npuchk19load_gm_to_cb_unzipEPN7float165Fp16TES2_] -> 0xffff8f0b02b4
npuchk: [_ZN6npuchk19load_gm_to_cb_unzipEPvS0_] -> 0xffff8f0b04e4
npuchk: [_ZN6npuchk15load_gm_to_cbufEPN7float165Fp16TES2_m] -> 0xffff8efd04d4
npuchk: [_ZN6npuchk15load_gm_to_cbufEPN7float165Fp16TES2_m15addr_cal_mode_t] -> 0xffff8efd075c
npuchk: [_ZN6npuchk15load_gm_to_cbufEPN7float165Fp16TES2_thtth15addr_cal_mode_t] -> 0xffff8efd0a54
npuchk: [_ZN6npuchk15load_gm_to_cbufEPN7float165Fp16TES2_thtthb15addr_cal_mode_t] -> 0xffff8efd0e84
npuchk: [_ZN6npuchk15load_gm_to_cbufEPN7float165Fp16TES2_thth] -> 0xffff8efd12f8
npuchk: [_ZN6npuchk15load_gm_to_cbufEPN8bfloat165Bf16TES2_m] -> 0xffff8efd1670
npuchk: [_ZN6npuchk15load_gm_to_cbufEPN8bfloat165Bf16TES2_m15addr_cal_mode_t] -> 0xffff8efd18f8
npuchk: [_ZN6npuchk15load_gm_to_cbufEPN8bfloat165Bf16TES2_thtth15addr_cal_mode_t] -> 0xffff8efd1bf0
npuchk: [_ZN6npuchk15load_gm_to_cbufEPN8bfloat165Bf16TES2_thtthb15addr_cal_mode_t] -> 0xffff8efd2020
npuchk: [_ZN6npuchk15load_gm_to_cbufEPN8bfloat165Bf16TES2_thth] -> 0xffff8efd2494
npuchk: [_ZN6npuchk15load_gm_to_cbufEPfS0_m15addr_cal_mode_t] -> 0xffff8efd280c
npuchk: [_ZN6npuchk15load_gm_to_cbufEPfS0_thtth15addr_cal_mode_t] -> 0xffff8efd2b04
npuchk: [_ZN6npuchk15load_gm_to_cbufEPfS0_thtthb15addr_cal_mode_t] -> 0xffff8efd2f34
npuchk: [_ZN6npuchk15load_gm_to_cbufEPiS0_m15addr_cal_mode_t] -> 0xffff8efd33a8
npuchk: [_ZN6npuchk15load_gm_to_cbufEPiS0_thtth15addr_cal_mode_t] -> 0xffff8efd36a0
npuchk: [_ZN6npuchk15load_gm_to_cbufEPiS0_thtthb15addr_cal_mode_t] -> 0xffff8efd3ad0
npuchk: [_ZN6npuchk15load_gm_to_cbufEPaS0_m] -> 0xffff8efd3f44
npuchk: [_ZN6npuchk15load_gm_to_cbufEPaS0_m15addr_cal_mode_t] -> 0xffff8efd41cc
npuchk: [_ZN6npuchk15load_gm_to_cbufEPaS0_thtth15addr_cal_mode_t] -> 0xffff8efd44c4
npuchk: [_ZN6npuchk15load_gm_to_cbufEPaS0_thtthb15addr_cal_mode_t] -> 0xffff8efd48f4
npuchk: [_ZN6npuchk15load_gm_to_cbufEPaS0_thth] -> 0xffff8efd4d68
npuchk: [_ZN6npuchk15load_gm_to_cbufEPjS0_m15addr_cal_mode_t] -> 0xffff8efd50e0
npuchk: [_ZN6npuchk15load_gm_to_cbufEPjS0_thtth15addr_cal_mode_t] -> 0xffff8efd53d8
npuchk: [_ZN6npuchk15load_gm_to_cbufEPjS0_thtthb15addr_cal_mode_t] -> 0xffff8efd5808
npuchk: [_ZN6npuchk15load_gm_to_cbufEPhS0_m] -> 0xffff8efd5c7c
npuchk: [_ZN6npuchk15load_gm_to_cbufEPhS0_m15addr_cal_mode_t] -> 0xffff8efd5f04
npuchk: [_ZN6npuchk15load_gm_to_cbufEPhS0_thtth15addr_cal_mode_t] -> 0xffff8efd61fc
npuchk: [_ZN6npuchk15load_gm_to_cbufEPhS0_thtthb15addr_cal_mode_t] -> 0xffff8efd662c
npuchk: [_ZN6npuchk15load_gm_to_cbufEPhS0_thth] -> 0xffff8efd6aa0
npuchk: [_ZN6npuchk15load_gm_to_cbufEPN7float165Fp16TES2_thth15addr_cal_mode_t] -> 0xffff8f111134
npuchk: [_ZN6npuchk15load_gm_to_cbufEPaS0_thth15addr_cal_mode_t] -> 0xffff8f11151c
npuchk: [_ZN6npuchk15load_gm_to_cbufEPhS0_thth15addr_cal_mode_t] -> 0xffff8f111904
npuchk: [_ZN6npuchk18load_gm_to_cbuf_s4EPvS0_m15addr_cal_mode_t] -> 0xffff8efd6e18
npuchk: [_ZN6npuchk18load_gm_to_cbuf_s4EPvS0_thtth15addr_cal_mode_t] -> 0xffff8efd7110
npuchk: [_ZN6npuchk18load_gm_to_cbuf_s4EPvS0_thtthb15addr_cal_mode_t] -> 0xffff8efd7540
npuchk: [_ZN6npuchk21load_gm_to_cbuf_unzipEPN7float165Fp16TES2_] -> 0xffff8f0b0714
npuchk: [_ZN6npuchk21load_gm_to_cbuf_unzipEPvS0_] -> 0xffff8f0b0944
npuchk: [_ZN6npuchk18load_image_to_cbufEPN7float165Fp16TEmm] -> 0xffff8efd79b4
npuchk: [_ZN6npuchk18load_image_to_cbufEPN7float165Fp16TEttttthhtth] -> 0xffff8efd7c34
npuchk: [_ZN6npuchk18load_image_to_cbufEPsmm] -> (nil)
npuchk: [_ZN6npuchk18load_image_to_cbufEPsttttthhtth] -> (nil)
npuchk: [_ZN6npuchk18load_image_to_cbufEPamm] -> 0xffff8efd810c
npuchk: [_ZN6npuchk18load_image_to_cbufEPattttthhtth] -> 0xffff8efd8388
npuchk: [_ZN6npuchk18load_image_to_cbufEPhmm] -> 0xffff8f0b0b74
npuchk: [_ZN6npuchk18load_image_to_cbufEPhttttthhtth] -> 0xffff8f0b0df4
npuchk: [_ZN6npuchk26load_smask_table_from_cbufEtPvm] -> (nil)
npuchk: [_ZN6npuchk24load_smask_table_from_gmEtPvm] -> 0xffff8f0b12cc
npuchk: [_ZN6npuchk24load_smask_table_from_ubEtPvm] -> 0xffff8f0b1550
npuchk: [_ZN6npuchk24load_unzip_index_from_gmEPvm] -> 0xffff8f0b17d8
npuchk: [_ZN6npuchk24load_unzip_index_from_gmEPvjh] -> 0xffff8f0b19f4
npuchk: [_ZN6npuchk3madEPN7float165Fp16TES2_S2_m] -> 0xffff8f0b1c64
npuchk: [_ZN6npuchk3madEPN7float165Fp16TES2_S2_tttb] -> 0xffff8f0b1f54
npuchk: [_ZN6npuchk3madEPN7float165Fp16TES2_S2_ttthhbbbbb] -> 0xffff8f0b231c
npuchk: [_ZN6npuchk3madEPN7float165Fp16TES2_S2_ttthbbb] -> (nil)
npuchk: [_ZN6npuchk3madEPfPN7float165Fp16TES3_m] -> 0xffff8efd885c
npuchk: [_ZN6npuchk3madEPfPN7float165Fp16TES3_tttb] -> 0xffff8efd8b4c
npuchk: [_ZN6npuchk3madEPfPN7float165Fp16TES3_ttthhbbbbb] -> 0xffff8efd8f14
npuchk: [_ZN6npuchk3madEPfPN7float165Fp16TES3_ttthbbb] -> 0xffff8efd9490
npuchk: [_ZN6npuchk3madEPfPN7float165Fp16TES3_ttthhhbbbb] -> 0xffff8efd9934
npuchk: [_ZN6npuchk3madEPfPN8bfloat165Bf16TES3_m] -> 0xffff8efd9ebc
npuchk: [_ZN6npuchk3madEPfPN8bfloat165Bf16TES3_ttthbbb] -> 0xffff8efda19c
npuchk: [_ZN6npuchk3madEPfPN8bfloat165Bf16TES3_ttthhhbbbb] -> 0xffff8efda630
npuchk: [_ZN6npuchk3madEPfS0_S0_m] -> 0xffff8efdaba8
npuchk: [_ZN6npuchk3madEPfS0_S0_ttthbbb] -> 0xffff8efdae9c
npuchk: [_ZN6npuchk3madEPfS0_S0_ttthhhbbbb] -> 0xffff8efdb344
npuchk: [_ZN6npuchk3madEPiPsPam] -> (nil)
npuchk: [_ZN6npuchk3madEPiPsPattth11unit_flag_tbb] -> (nil)
npuchk: [_ZN6npuchk3madEPiPaS1_m] -> 0xffff8efdb8d0
npuchk: [_ZN6npuchk3madEPiPaS1_tttb] -> 0xffff8efdbbc0
npuchk: [_ZN6npuchk3madEPiPaS1_ttthhbbbbb] -> 0xffff8efdbf88
npuchk: [_ZN6npuchk3madEPiPaS1_ttthbbb] -> 0xffff8efdc504
npuchk: [_ZN6npuchk3madEPiPaS1_ttthhhbbbb] -> 0xffff8efdc9a8
npuchk: [_ZN6npuchk3madEPjPhS1_m] -> 0xffff8f0b2898
npuchk: [_ZN6npuchk3madEPjPhS1_tttb] -> 0xffff8f0b2b88
npuchk: [_ZN6npuchk3madEPjPhS1_ttthhbbbbb] -> 0xffff8f0b2f50
npuchk: [_ZN6npuchk3madEPjPhS1_ttthbbb] -> (nil)
npuchk: [_ZN6npuchk3madEPiPhS1_m] -> 0xffff8f0b34cc
npuchk: [_ZN6npuchk3madEPiPhS1_tttb] -> 0xffff8f0b37bc
npuchk: [_ZN6npuchk3madEPiPhS1_ttthhbbbbb] -> 0xffff8f0b3b84
npuchk: [_ZN6npuchk3madEPiPhS1_ttthbbb] -> (nil)
npuchk: [_ZN6npuchk3madEPiPhS1_ttthhhbbbb] -> 0xffff8f0b4100
npuchk: [_ZN6npuchk3madEPiPhPam] -> 0xffff8f0b4688
npuchk: [_ZN6npuchk3madEPiPhPatttb] -> 0xffff8f0b4978
npuchk: [_ZN6npuchk3madEPiPhPattthhbbbbb] -> 0xffff8f0b4d40
npuchk: [_ZN6npuchk3madEPiPhPattthbbb] -> (nil)
npuchk: [_ZN6npuchk3madEPN7float165Fp16TES2_S2_mm] -> (nil)
npuchk: [_ZN6npuchk3madEPN7float165Fp16TES2_S2_mtttb] -> (nil)
npuchk: [_ZN6npuchk3madEPN7float165Fp16TES2_S2_mttthbbb] -> (nil)
npuchk: [_ZN6npuchk3madEPfPN7float165Fp16TES3_mm] -> (nil)
npuchk: [_ZN6npuchk3madEPfPN7float165Fp16TES3_mtttb] -> (nil)
npuchk: [_ZN6npuchk3madEPfPN7float165Fp16TES3_mttthbbb] -> (nil)
npuchk: [_ZN6npuchk3madEPfPN8bfloat165Bf16TES3_mm] -> (nil)
npuchk: [_ZN6npuchk3madEPfPN8bfloat165Bf16TES3_mttthbbb] -> (nil)
npuchk: [_ZN6npuchk3madEPfS0_S0_mm] -> (nil)
npuchk: [_ZN6npuchk3madEPfS0_S0_mttthbbb] -> (nil)
npuchk: [_ZN6npuchk3madEPiPsPamm] -> (nil)
npuchk: [_ZN6npuchk3madEPiPsPamttth11unit_flag_tbb] -> (nil)
npuchk: [_ZN6npuchk3madEPiPaS1_mm] -> (nil)
npuchk: [_ZN6npuchk3madEPiPaS1_mtttb] -> (nil)
npuchk: [_ZN6npuchk3madEPiPaS1_mttthbbb] -> (nil)
npuchk: [_ZN6npuchk3madEPjPhS1_mm] -> (nil)
npuchk: [_ZN6npuchk3madEPjPhS1_mtttb] -> (nil)
npuchk: [_ZN6npuchk3madEPjPhS1_mttthbbb] -> (nil)
npuchk: [_ZN6npuchk3madEPiPhS1_mm] -> (nil)
npuchk: [_ZN6npuchk3madEPiPhS1_mtttb] -> (nil)
npuchk: [_ZN6npuchk3madEPiPhS1_mttthbbb] -> (nil)
npuchk: [_ZN6npuchk3madEPiPhPamm] -> (nil)
npuchk: [_ZN6npuchk3madEPiPhPamtttb] -> (nil)
npuchk: [_ZN6npuchk3madEPiPhPamttthbbb] -> (nil)
npuchk: [_ZN6npuchk8mad_b8u2EPiPaPvm] -> 0xffff8f0b52bc
npuchk: [_ZN6npuchk8mad_b8u2EPiPaPvtttb] -> 0xffff8f0b55ac
npuchk: [_ZN6npuchk8mad_b8u2EPiPaPvttthhbbbbb] -> 0xffff8f0b5974
npuchk: [_ZN6npuchk8mad_b8u2EPiPhPvm] -> 0xffff8f0b5ef0
npuchk: [_ZN6npuchk8mad_b8u2EPiPhPvtttb] -> 0xffff8f0b61e0
npuchk: [_ZN6npuchk8mad_b8u2EPiPhPvttthhbbbbb] -> 0xffff8f0b65a8
npuchk: [_ZN6npuchk12mad_bf162f32EPfPtS1_m] -> (nil)
npuchk: [_ZN6npuchk12mad_bf162f32EPfPtS1_ttthbbb] -> (nil)
npuchk: [_ZN6npuchk12mad_bf162f32EPfPtS1_ttthhhbbbb] -> (nil)
npuchk: [_ZN6npuchk9mad_f16u2EPN7float165Fp16TES2_Pvm] -> 0xffff8f0b6b24
npuchk: [_ZN6npuchk9mad_f16u2EPN7float165Fp16TES2_Pvtttb] -> 0xffff8f0b6e14
npuchk: [_ZN6npuchk9mad_f16u2EPN7float165Fp16TES2_Pvttthhbbbbb] -> 0xffff8f0b71dc
npuchk: [_ZN6npuchk6mad_s4EPiPvS1_m] -> 0xffff8efdcf30
npuchk: [_ZN6npuchk6mad_s4EPiPvS1_tttb] -> 0xffff8efdd220
npuchk: [_ZN6npuchk6mad_s4EPiPvS1_ttthhbbbbb] -> 0xffff8efdd5e8
npuchk: [_ZN6npuchk6mad_s4EPiPvS1_ttthbbb] -> 0xffff8efddb64
npuchk: [_ZN6npuchk6mad_s4EPiPvS1_ttthhhbbbb] -> 0xffff8efde008
npuchk: [_ZN6npuchk6mad_spEPiPaS1_m] -> 0xffff8efde590
npuchk: [_ZN6npuchk6mad_spEPiPaS1_ttthbb] -> 0xffff8efde880
npuchk: [_ZN6npuchk12mad_tf322f32EPfS0_S0_m] -> 0xffff8efdece0
npuchk: [_ZN6npuchk12mad_tf322f32EPfS0_S0_ttthbbb] -> 0xffff8efdefd4
npuchk: [_ZN6npuchk12mad_tf322f32EPfS0_S0_ttthhhbbbb] -> 0xffff8efdf47c
npuchk: [_ZN6npuchk8mov_vsprE6VSPR_tm] -> (nil)
npuchk: [_ZN6npuchk13mte4_mte5_offEv] -> 0xffff8efdfa08
npuchk: [_ZN6npuchk12mte4_mte5_onEv] -> 0xffff8efdfb34
npuchk: [_ZN6npuchk7mvf_dciEv] -> (nil)
npuchk: [_ZN6npuchk21mvf_gm_to_ub_b128_u16EPvS0_S0_m] -> (nil)
npuchk: [_ZN6npuchk21mvf_gm_to_ub_b128_u16EPvS0_S0_thh] -> (nil)
npuchk: [_ZN6npuchk21mvf_gm_to_ub_b128_u32EPvS0_S0_m] -> (nil)
npuchk: [_ZN6npuchk21mvf_gm_to_ub_b128_u32EPvS0_S0_thh] -> (nil)
npuchk: [_ZN6npuchk21mvf_gm_to_ub_b256_u16EPvS0_S0_m] -> (nil)
npuchk: [_ZN6npuchk21mvf_gm_to_ub_b256_u16EPvS0_S0_thh] -> (nil)
npuchk: [_ZN6npuchk21mvf_gm_to_ub_b256_u32EPvS0_S0_m] -> (nil)
npuchk: [_ZN6npuchk21mvf_gm_to_ub_b256_u32EPvS0_S0_thh] -> (nil)
npuchk: [_ZN6npuchk20mvf_gm_to_ub_b32_u16EPvS0_S0_m] -> (nil)
npuchk: [_ZN6npuchk20mvf_gm_to_ub_b32_u16EPvS0_S0_thh] -> (nil)
npuchk: [_ZN6npuchk20mvf_gm_to_ub_b32_u32EPvS0_S0_m] -> (nil)
npuchk: [_ZN6npuchk20mvf_gm_to_ub_b32_u32EPvS0_S0_thh] -> (nil)
npuchk: [_ZN6npuchk21mvf_gm_to_ub_b512_u16EPvS0_S0_m] -> (nil)
npuchk: [_ZN6npuchk21mvf_gm_to_ub_b512_u16EPvS0_S0_thh] -> (nil)
npuchk: [_ZN6npuchk21mvf_gm_to_ub_b512_u32EPvS0_S0_m] -> (nil)
npuchk: [_ZN6npuchk21mvf_gm_to_ub_b512_u32EPvS0_S0_thh] -> (nil)
npuchk: [_ZN6npuchk20mvf_gm_to_ub_b64_u16EPvS0_S0_m] -> (nil)
npuchk: [_ZN6npuchk20mvf_gm_to_ub_b64_u16EPvS0_S0_thh] -> (nil)
npuchk: [_ZN6npuchk20mvf_gm_to_ub_b64_u32EPvS0_S0_m] -> (nil)
npuchk: [_ZN6npuchk20mvf_gm_to_ub_b64_u32EPvS0_S0_thh] -> (nil)
npuchk: [_ZN6npuchk12pc_trace_offEv] -> 0xffff8efdfc60
npuchk: [_ZN6npuchk11pc_trace_onEv] -> 0xffff8efdfd8c
npuchk: [_ZN6npuchk12pipe_barrierE6pipe_t] -> 0xffff8efdfeb8
npuchk: [_ZN6npuchk7preloadEPKv] -> 0xffff8f0b7758
npuchk: [_ZN6npuchk7preloadEPKvl] -> (nil)
npuchk: [_ZN6npuchk12release_pbidEm] -> (nil)
npuchk: [_ZN6npuchk7rpn_corEPN7float165Fp16TES2_m] -> 0xffff8f0b7914
npuchk: [_ZN6npuchk7rpn_corEPN7float165Fp16TES2_htt] -> 0xffff8f0b7b94
npuchk: [_ZN6npuchk12rpn_cor_diagEPN7float165Fp16TES2_] -> 0xffff8f0b7eb4
npuchk: [_ZN6npuchk13rpn_cor_diag2EPN7float165Fp16TES2_] -> (nil)
npuchk: [_ZN6npuchk8sbitset0Eml] -> (nil)
npuchk: [_ZN6npuchk8sbitset1Eml] -> (nil)
npuchk: [_ZN6npuchk12scatter_vabsE7vtype_t10ub_addr8_tS1_m] -> (nil)
npuchk: [_ZN6npuchk12scatter_vabsE7vtype_t10ub_addr8_tS1_htt] -> (nil)
npuchk: [_ZN6npuchk16scatter_vabs_f16E10ub_addr8_tS0_m] -> 0xffff8f0b80dc
npuchk: [_ZN6npuchk16scatter_vabs_f16E10ub_addr8_tS0_htt] -> 0xffff8f0b82bc
npuchk: [_ZN6npuchk16scatter_vabs_f32E10ub_addr8_tS0_m] -> 0xffff8f0b8520
npuchk: [_ZN6npuchk16scatter_vabs_f32E10ub_addr8_tS0_htt] -> 0xffff8f0b8700
npuchk: [_ZN6npuchk16scatter_vabs_s16E10ub_addr8_tS0_m] -> (nil)
npuchk: [_ZN6npuchk16scatter_vabs_s16E10ub_addr8_tS0_htt] -> (nil)
npuchk: [_ZN6npuchk12scatter_vaddE7vtype_t10ub_addr8_tS1_S1_m] -> (nil)
npuchk: [_ZN6npuchk12scatter_vaddE7vtype_t10ub_addr8_tS1_S1_httt] -> (nil)
npuchk: [_ZN6npuchk16scatter_vadd_f16E10ub_addr8_tS0_S0_m] -> 0xffff8f0b8964
npuchk: [_ZN6npuchk16scatter_vadd_f16E10ub_addr8_tS0_S0_httt] -> 0xffff8f0b8b8c
npuchk: [_ZN6npuchk16scatter_vadd_f32E10ub_addr8_tS0_S0_m] -> 0xffff8f0b8e74
npuchk: [_ZN6npuchk16scatter_vadd_f32E10ub_addr8_tS0_S0_httt] -> 0xffff8f0b909c
npuchk: [_ZN6npuchk16scatter_vadd_s16E10ub_addr8_tS0_S0_m] -> 0xffff8f0b9384
npuchk: [_ZN6npuchk16scatter_vadd_s16E10ub_addr8_tS0_S0_httt] -> 0xffff8f0b95ac
npuchk: [_ZN6npuchk16scatter_vadd_s32E10ub_addr8_tS0_S0_m] -> 0xffff8f0b9894
npuchk: [_ZN6npuchk16scatter_vadd_s32E10ub_addr8_tS0_S0_httt] -> 0xffff8f0b9abc
npuchk: [_ZN6npuchk13scatter_vaddsE7vtype_t10ub_addr8_tS1_N7float165Fp16TEm] -> (nil)
npuchk: [_ZN6npuchk13scatter_vaddsE7vtype_t10ub_addr8_tS1_N7float165Fp16TEhtt] -> (nil)
npuchk: [_ZN6npuchk13scatter_vaddsE7vtype_t10ub_addr8_tS1_fm] -> (nil)
npuchk: [_ZN6npuchk13scatter_vaddsE7vtype_t10ub_addr8_tS1_fhtt] -> (nil)
npuchk: [_ZN6npuchk17scatter_vadds_f16E10ub_addr8_tS0_N7float165Fp16TEm] -> 0xffff8f0b9da4
npuchk: [_ZN6npuchk17scatter_vadds_f16E10ub_addr8_tS0_N7float165Fp16TEhtt] -> 0xffff8f0b9fcc
npuchk: [_ZN6npuchk17scatter_vadds_f32E10ub_addr8_tS0_fm] -> 0xffff8f0ba278
npuchk: [_ZN6npuchk17scatter_vadds_f32E10ub_addr8_tS0_fhtt] -> 0xffff8f0ba494
npuchk: [_ZN6npuchk17scatter_vadds_s16E10ub_addr8_tS0_sm] -> 0xffff8f0ba734
npuchk: [_ZN6npuchk17scatter_vadds_s16E10ub_addr8_tS0_shtt] -> 0xffff8f0ba950
npuchk: [_ZN6npuchk17scatter_vadds_s32E10ub_addr8_tS0_im] -> 0xffff8f0babf0
npuchk: [_ZN6npuchk17scatter_vadds_s32E10ub_addr8_tS0_ihtt] -> 0xffff8f0bae0c
npuchk: [_ZN6npuchk13scatter_vaxpyE7vtype_t10ub_addr8_tS1_N7float165Fp16TEmb] -> (nil)
npuchk: [_ZN6npuchk13scatter_vaxpyE7vtype_t10ub_addr8_tS1_N7float165Fp16TEhttb] -> (nil)
npuchk: [_ZN6npuchk13scatter_vaxpyE7vtype_t10ub_addr8_tS1_fmb] -> (nil)
npuchk: [_ZN6npuchk13scatter_vaxpyE7vtype_t10ub_addr8_tS1_fhttb] -> (nil)
npuchk: [_ZN6npuchk17scatter_vaxpy_f16E10ub_addr8_tS0_N7float165Fp16TEmb] -> 0xffff8f0bb0ac
npuchk: [_ZN6npuchk17scatter_vaxpy_f16E10ub_addr8_tS0_N7float165Fp16TEhttb] -> 0xffff8f0bb310
npuchk: [_ZN6npuchk17scatter_vaxpy_f32E10ub_addr8_tS0_fmb] -> 0xffff8f0bb5f8
npuchk: [_ZN6npuchk17scatter_vaxpy_f32E10ub_addr8_tS0_fhttb] -> 0xffff8f0bb850
npuchk: [_ZN6npuchk18scatter_vaxpy_fmixE10ub_addr8_tS0_N7float165Fp16TEmb] -> 0xffff8f0bbb2c
npuchk: [_ZN6npuchk18scatter_vaxpy_fmixE10ub_addr8_tS0_N7float165Fp16TEhttb] -> 0xffff8f0bbd90
npuchk: [_ZN6npuchk15scatter_vcmp_eqE7vtype_t10ub_addr8_tS1_m] -> (nil)
npuchk: [_ZN6npuchk19scatter_vcmp_eq_f16E10ub_addr8_tS0_m] -> 0xffff8f0bc078
npuchk: [_ZN6npuchk19scatter_vcmp_eq_f32E10ub_addr8_tS0_m] -> 0xffff8f0bc258
npuchk: [_ZN6npuchk19scatter_vcmp_eq_s16E10ub_addr8_tS0_m] -> (nil)
npuchk: [_ZN6npuchk15scatter_vcmp_geE7vtype_t10ub_addr8_tS1_m] -> (nil)
npuchk: [_ZN6npuchk19scatter_vcmp_ge_f16E10ub_addr8_tS0_m] -> 0xffff8f0bc438
npuchk: [_ZN6npuchk19scatter_vcmp_ge_f32E10ub_addr8_tS0_m] -> 0xffff8f0bc618
npuchk: [_ZN6npuchk19scatter_vcmp_ge_s16E10ub_addr8_tS0_m] -> (nil)
npuchk: [_ZN6npuchk15scatter_vcmp_gtE7vtype_t10ub_addr8_tS1_m] -> (nil)
npuchk: [_ZN6npuchk19scatter_vcmp_gt_f16E10ub_addr8_tS0_m] -> 0xffff8f0bc7f8
npuchk: [_ZN6npuchk19scatter_vcmp_gt_f32E10ub_addr8_tS0_m] -> 0xffff8f0bc9d8
npuchk: [_ZN6npuchk19scatter_vcmp_gt_s16E10ub_addr8_tS0_m] -> (nil)
npuchk: [_ZN6npuchk15scatter_vcmp_leE7vtype_t10ub_addr8_tS1_m] -> (nil)
npuchk: [_ZN6npuchk19scatter_vcmp_le_f16E10ub_addr8_tS0_m] -> 0xffff8f0bcbb8
npuchk: [_ZN6npuchk19scatter_vcmp_le_f32E10ub_addr8_tS0_m] -> 0xffff8f0bcd98
npuchk: [_ZN6npuchk19scatter_vcmp_le_s16E10ub_addr8_tS0_m] -> (nil)
npuchk: [_ZN6npuchk15scatter_vcmp_ltE7vtype_t10ub_addr8_tS1_m] -> (nil)
npuchk: [_ZN6npuchk19scatter_vcmp_lt_f16E10ub_addr8_tS0_m] -> 0xffff8f0bcf78
npuchk: [_ZN6npuchk19scatter_vcmp_lt_f32E10ub_addr8_tS0_m] -> 0xffff8f0bd158
npuchk: [_ZN6npuchk19scatter_vcmp_lt_s16E10ub_addr8_tS0_m] -> (nil)
npuchk: [_ZN6npuchk15scatter_vcmp_neE7vtype_t10ub_addr8_tS1_m] -> (nil)
npuchk: [_ZN6npuchk19scatter_vcmp_ne_f16E10ub_addr8_tS0_m] -> 0xffff8f0bd338
npuchk: [_ZN6npuchk19scatter_vcmp_ne_f32E10ub_addr8_tS0_m] -> 0xffff8f0bd518
npuchk: [_ZN6npuchk19scatter_vcmp_ne_s16E10ub_addr8_tS0_m] -> (nil)
npuchk: [_ZN6npuchk19scatter_vconcat_f16EPN7float165Fp16TE10ub_addr8_tm] -> 0xffff8f0bd6f8
npuchk: [_ZN6npuchk19scatter_vconcat_f16EPN7float165Fp16TE10ub_addr8_thh] -> 0xffff8f0bd8cc
npuchk: [_ZN6npuchk19scatter_vconcat_f32EPf10ub_addr8_tm] -> 0xffff8f0bdaf4
npuchk: [_ZN6npuchk19scatter_vconcat_f32EPf10ub_addr8_thh] -> 0xffff8f0bdcc8
npuchk: [_ZN6npuchk17scatter_vconv_deqE10ub_addr8_tS0_mb] -> 0xffff8f0bdef0
npuchk: [_ZN6npuchk17scatter_vconv_deqE10ub_addr8_tS0_httb] -> 0xffff8f0be10c
npuchk: [_ZN6npuchk21scatter_vconv_f162f32E10ub_addr8_tS0_mb] -> 0xffff8f0be3ac
npuchk: [_ZN6npuchk21scatter_vconv_f162f32E10ub_addr8_tS0_httb] -> 0xffff8f0be5c8
npuchk: [_ZN6npuchk22scatter_vconv_f162s32aE10ub_addr8_tS0_mb] -> 0xffff8f0be868
npuchk: [_ZN6npuchk22scatter_vconv_f162s32aE10ub_addr8_tS0_httb] -> 0xffff8f0bea84
npuchk: [_ZN6npuchk22scatter_vconv_f162s32cE10ub_addr8_tS0_mb] -> 0xffff8f0bed24
npuchk: [_ZN6npuchk22scatter_vconv_f162s32cE10ub_addr8_tS0_httb] -> 0xffff8f0bef40
npuchk: [_ZN6npuchk22scatter_vconv_f162s32fE10ub_addr8_tS0_mb] -> 0xffff8f0bf1e0
npuchk: [_ZN6npuchk22scatter_vconv_f162s32fE10ub_addr8_tS0_httb] -> 0xffff8f0bf3fc
npuchk: [_ZN6npuchk22scatter_vconv_f162s32rE10ub_addr8_tS0_mb] -> 0xffff8f0bf69c
npuchk: [_ZN6npuchk22scatter_vconv_f162s32rE10ub_addr8_tS0_httb] -> 0xffff8f0bf8b8
npuchk: [_ZN6npuchk22scatter_vconv_f162s32zE10ub_addr8_tS0_mb] -> 0xffff8f0bfb58
npuchk: [_ZN6npuchk22scatter_vconv_f162s32zE10ub_addr8_tS0_httb] -> 0xffff8f0bfd74
npuchk: [_ZN6npuchk20scatter_vconv_f162s8E10ub_addr8_tS0_mb] -> 0xffff8f0c0014
npuchk: [_ZN6npuchk20scatter_vconv_f162s8E10ub_addr8_tS0_httb] -> 0xffff8f0c0230
npuchk: [_ZN6npuchk21scatter_vconv_f162s8aE10ub_addr8_tS0_mb] -> 0xffff8f0c04d0
npuchk: [_ZN6npuchk21scatter_vconv_f162s8aE10ub_addr8_tS0_httb] -> 0xffff8f0c06ec
npuchk: [_ZN6npuchk21scatter_vconv_f162s8cE10ub_addr8_tS0_mb] -> 0xffff8f0c098c
npuchk: [_ZN6npuchk21scatter_vconv_f162s8cE10ub_addr8_tS0_httb] -> 0xffff8f0c0ba8
npuchk: [_ZN6npuchk21scatter_vconv_f162s8fE10ub_addr8_tS0_mb] -> 0xffff8f0c0e48
npuchk: [_ZN6npuchk21scatter_vconv_f162s8fE10ub_addr8_tS0_httb] -> 0xffff8f0c1064
npuchk: [_ZN6npuchk21scatter_vconv_f162s8zE10ub_addr8_tS0_mb] -> 0xffff8f0c1304
npuchk: [_ZN6npuchk21scatter_vconv_f162s8zE10ub_addr8_tS0_httb] -> 0xffff8f0c1520
npuchk: [_ZN6npuchk20scatter_vconv_f162u8E10ub_addr8_tS0_mb] -> 0xffff8f0c17c0
npuchk: [_ZN6npuchk20scatter_vconv_f162u8E10ub_addr8_tS0_httb] -> 0xffff8f0c19dc
npuchk: [_ZN6npuchk21scatter_vconv_f162u8aE10ub_addr8_tS0_mb] -> 0xffff8f0c1c7c
npuchk: [_ZN6npuchk21scatter_vconv_f162u8aE10ub_addr8_tS0_httb] -> 0xffff8f0c1e98
npuchk: [_ZN6npuchk21scatter_vconv_f162u8cE10ub_addr8_tS0_mb] -> 0xffff8f0c2138
npuchk: [_ZN6npuchk21scatter_vconv_f162u8cE10ub_addr8_tS0_httb] -> 0xffff8f0c2354
npuchk: [_ZN6npuchk21scatter_vconv_f162u8fE10ub_addr8_tS0_mb] -> 0xffff8f0c25f4
npuchk: [_ZN6npuchk21scatter_vconv_f162u8fE10ub_addr8_tS0_httb] -> 0xffff8f0c2810
npuchk: [_ZN6npuchk21scatter_vconv_f162u8zE10ub_addr8_tS0_mb] -> 0xffff8f0c2ab0
npuchk: [_ZN6npuchk21scatter_vconv_f162u8zE10ub_addr8_tS0_httb] -> 0xffff8f0c2ccc
npuchk: [_ZN6npuchk21scatter_vconv_f322f16E10ub_addr8_tS0_mb] -> 0xffff8f0c2f6c
npuchk: [_ZN6npuchk21scatter_vconv_f322f16E10ub_addr8_tS0_httb] -> 0xffff8f0c3188
npuchk: [_ZN6npuchk22scatter_vconv_f322f16oE10ub_addr8_tS0_mb] -> 0xffff8f0c3428
npuchk: [_ZN6npuchk22scatter_vconv_f322f16oE10ub_addr8_tS0_httb] -> 0xffff8f0c3644
npuchk: [_ZN6npuchk22scatter_vconv_f322s32aE10ub_addr8_tS0_mb] -> 0xffff8f0c38e4
npuchk: [_ZN6npuchk22scatter_vconv_f322s32aE10ub_addr8_tS0_httb] -> 0xffff8f0c3b00
npuchk: [_ZN6npuchk22scatter_vconv_f322s32cE10ub_addr8_tS0_mb] -> 0xffff8f0c3da0
npuchk: [_ZN6npuchk22scatter_vconv_f322s32cE10ub_addr8_tS0_httb] -> 0xffff8f0c3fbc
npuchk: [_ZN6npuchk22scatter_vconv_f322s32fE10ub_addr8_tS0_mb] -> 0xffff8f0c425c
npuchk: [_ZN6npuchk22scatter_vconv_f322s32fE10ub_addr8_tS0_httb] -> 0xffff8f0c4478
npuchk: [_ZN6npuchk22scatter_vconv_f322s32rE10ub_addr8_tS0_mb] -> 0xffff8f0c4718
npuchk: [_ZN6npuchk22scatter_vconv_f322s32rE10ub_addr8_tS0_httb] -> 0xffff8f0c4934
npuchk: [_ZN6npuchk22scatter_vconv_f322s32zE10ub_addr8_tS0_mb] -> 0xffff8f0c4bd4
npuchk: [_ZN6npuchk22scatter_vconv_f322s32zE10ub_addr8_tS0_httb] -> 0xffff8f0c4df0
npuchk: [_ZN6npuchk21scatter_vconv_s322f32E10ub_addr8_tS0_mb] -> 0xffff8f0c5090
npuchk: [_ZN6npuchk21scatter_vconv_s322f32E10ub_addr8_tS0_httb] -> 0xffff8f0c52ac
npuchk: [_ZN6npuchk20scatter_vconv_s82f16E10ub_addr8_tS0_mb] -> 0xffff8f0c554c
npuchk: [_ZN6npuchk20scatter_vconv_s82f16E10ub_addr8_tS0_httb] -> 0xffff8f0c5768
npuchk: [_ZN6npuchk20scatter_vconv_u82f16E10ub_addr8_tS0_mb] -> 0xffff8f0c5a08
npuchk: [_ZN6npuchk20scatter_vconv_u82f16E10ub_addr8_tS0_httb] -> 0xffff8f0c5c24
npuchk: [_ZN6npuchk21scatter_vcshuffle_b16E10ub_addr8_tS0_m] -> 0xffff8f0c5ec4
npuchk: [_ZN6npuchk21scatter_vcshuffle_b16E10ub_addr8_tS0_htth] -> 0xffff8f0c60a0
npuchk: [_ZN6npuchk21scatter_vcshuffle_b32E10ub_addr8_tS0_m] -> 0xffff8f0c6348
npuchk: [_ZN6npuchk21scatter_vcshuffle_b32E10ub_addr8_tS0_htth] -> 0xffff8f0c6528
npuchk: [_ZN6npuchk20scatter_vcshuffle_b8E10ub_addr8_tS0_m] -> 0xffff8f0c67d4
npuchk: [_ZN6npuchk20scatter_vcshuffle_b8E10ub_addr8_tS0_htth] -> 0xffff8f0c69b0
npuchk: [_ZN6npuchk12scatter_vdivE7vtype_t10ub_addr8_tS1_S1_m] -> (nil)
npuchk: [_ZN6npuchk12scatter_vdivE7vtype_t10ub_addr8_tS1_S1_httt] -> (nil)
npuchk: [_ZN6npuchk16scatter_vdiv_f16E10ub_addr8_tS0_S0_m] -> 0xffff8f0c6c58
npuchk: [_ZN6npuchk16scatter_vdiv_f16E10ub_addr8_tS0_S0_httt] -> 0xffff8f0c6e80
npuchk: [_ZN6npuchk16scatter_vdiv_f32E10ub_addr8_tS0_S0_m] -> 0xffff8f0c7168
npuchk: [_ZN6npuchk16scatter_vdiv_f32E10ub_addr8_tS0_S0_httt] -> 0xffff8f0c7390
npuchk: [_ZN6npuchk18scatter_vector_movE7vtype_t10ub_addr8_tS1_m] -> (nil)
npuchk: [_ZN6npuchk18scatter_vector_movE7vtype_t10ub_addr8_tS1_htt] -> (nil)
npuchk: [_ZN6npuchk22scatter_vector_mov_f16E10ub_addr8_tS0_m] -> 0xffff8f0c7678
npuchk: [_ZN6npuchk22scatter_vector_mov_f16E10ub_addr8_tS0_htt] -> 0xffff8f0c7858
npuchk: [_ZN6npuchk22scatter_vector_mov_s16E10ub_addr8_tS0_m] -> 0xffff8f0c7abc
npuchk: [_ZN6npuchk22scatter_vector_mov_s16E10ub_addr8_tS0_htt] -> 0xffff8f0c7c9c
npuchk: [_ZN6npuchk22scatter_vector_mov_u16E10ub_addr8_tS0_m] -> 0xffff8f0c7f00
npuchk: [_ZN6npuchk22scatter_vector_mov_u16E10ub_addr8_tS0_htt] -> 0xffff8f0c80e0
npuchk: [_ZN6npuchk12scatter_vexpE7vtype_t10ub_addr8_tS1_m] -> (nil)
npuchk: [_ZN6npuchk12scatter_vexpE7vtype_t10ub_addr8_tS1_htt] -> (nil)
npuchk: [_ZN6npuchk16scatter_vexp_f16E10ub_addr8_tS0_m] -> 0xffff8f0c8344
npuchk: [_ZN6npuchk16scatter_vexp_f16E10ub_addr8_tS0_htt] -> 0xffff8f0c8524
npuchk: [_ZN6npuchk16scatter_vexp_f32E10ub_addr8_tS0_m] -> 0xffff8f0c8788
npuchk: [_ZN6npuchk16scatter_vexp_f32E10ub_addr8_tS0_htt] -> 0xffff8f0c8968
npuchk: [_ZN6npuchk20scatter_vextract_f16E10ub_addr8_tPN7float165Fp16TEm] -> 0xffff8f0c8bcc
npuchk: [_ZN6npuchk20scatter_vextract_f16E10ub_addr8_tPN7float165Fp16TEhh] -> 0xffff8f0c8da0
npuchk: [_ZN6npuchk20scatter_vextract_f32E10ub_addr8_tPfm] -> 0xffff8f0c8fc8
npuchk: [_ZN6npuchk20scatter_vextract_f32E10ub_addr8_tPfhh] -> 0xffff8f0c919c
npuchk: [_ZN6npuchk11scatter_vlnE7vtype_t10ub_addr8_tS1_m] -> (nil)
npuchk: [_ZN6npuchk11scatter_vlnE7vtype_t10ub_addr8_tS1_htt] -> (nil)
npuchk: [_ZN6npuchk15scatter_vln_f16E10ub_addr8_tS0_m] -> 0xffff8f0c93c4
npuchk: [_ZN6npuchk15scatter_vln_f16E10ub_addr8_tS0_htt] -> 0xffff8f0c95a4
npuchk: [_ZN6npuchk15scatter_vln_f32E10ub_addr8_tS0_m] -> 0xffff8f0c9808
npuchk: [_ZN6npuchk15scatter_vln_f32E10ub_addr8_tS0_htt] -> 0xffff8f0c99e8
npuchk: [_ZN6npuchk13scatter_vmaddE7vtype_t10ub_addr8_tS1_S1_m] -> (nil)
npuchk: [_ZN6npuchk13scatter_vmaddE7vtype_t10ub_addr8_tS1_S1_httt] -> (nil)
npuchk: [_ZN6npuchk17scatter_vmadd_f16E10ub_addr8_tS0_S0_m] -> 0xffff8f0c9c4c
npuchk: [_ZN6npuchk17scatter_vmadd_f16E10ub_addr8_tS0_S0_httt] -> 0xffff8f0c9e74
npuchk: [_ZN6npuchk17scatter_vmadd_f32E10ub_addr8_tS0_S0_m] -> 0xffff8f0ca15c
npuchk: [_ZN6npuchk17scatter_vmadd_f32E10ub_addr8_tS0_S0_httt] -> 0xffff8f0ca384
npuchk: [_ZN6npuchk17scatter_vmaddreluE7vtype_t10ub_addr8_tS1_S1_m] -> (nil)
npuchk: [_ZN6npuchk17scatter_vmaddreluE7vtype_t10ub_addr8_tS1_S1_httt] -> (nil)
npuchk: [_ZN6npuchk21scatter_vmaddrelu_f16E10ub_addr8_tS0_S0_m] -> 0xffff8f0ca66c
npuchk: [_ZN6npuchk21scatter_vmaddrelu_f16E10ub_addr8_tS0_S0_httt] -> 0xffff8f0ca894
npuchk: [_ZN6npuchk21scatter_vmaddrelu_f32E10ub_addr8_tS0_S0_m] -> 0xffff8f0cab7c
npuchk: [_ZN6npuchk21scatter_vmaddrelu_f32E10ub_addr8_tS0_S0_httt] -> 0xffff8f0cada4
npuchk: [_ZN6npuchk12scatter_vmaxE7vtype_t10ub_addr8_tS1_S1_m] -> (nil)
npuchk: [_ZN6npuchk12scatter_vmaxE7vtype_t10ub_addr8_tS1_S1_httt] -> (nil)
npuchk: [_ZN6npuchk16scatter_vmax_f16E10ub_addr8_tS0_S0_m] -> 0xffff8f0cb08c
npuchk: [_ZN6npuchk16scatter_vmax_f16E10ub_addr8_tS0_S0_httt] -> 0xffff8f0cb2b4
npuchk: [_ZN6npuchk16scatter_vmax_f32E10ub_addr8_tS0_S0_m] -> 0xffff8f0cb59c
npuchk: [_ZN6npuchk16scatter_vmax_f32E10ub_addr8_tS0_S0_httt] -> 0xffff8f0cb7c4
npuchk: [_ZN6npuchk16scatter_vmax_s16E10ub_addr8_tS0_S0_m] -> 0xffff8f0cbaac
npuchk: [_ZN6npuchk16scatter_vmax_s16E10ub_addr8_tS0_S0_httt] -> 0xffff8f0cbcd4
npuchk: [_ZN6npuchk16scatter_vmax_s32E10ub_addr8_tS0_S0_m] -> 0xffff8f0cbfbc
npuchk: [_ZN6npuchk16scatter_vmax_s32E10ub_addr8_tS0_S0_httt] -> 0xffff8f0cc1e4
npuchk: [_ZN6npuchk17scatter_vmaxs_f16E10ub_addr8_tS0_N7float165Fp16TEm] -> 0xffff8f0cc4cc
npuchk: [_ZN6npuchk17scatter_vmaxs_f16E10ub_addr8_tS0_N7float165Fp16TEhtt] -> 0xffff8f0cc6f4
npuchk: [_ZN6npuchk17scatter_vmaxs_f32E10ub_addr8_tS0_fm] -> 0xffff8f0cc9a0
npuchk: [_ZN6npuchk17scatter_vmaxs_f32E10ub_addr8_tS0_fhtt] -> 0xffff8f0ccbbc
npuchk: [_ZN6npuchk17scatter_vmaxs_s16E10ub_addr8_tS0_sm] -> 0xffff8f0cce5c
npuchk: [_ZN6npuchk17scatter_vmaxs_s16E10ub_addr8_tS0_shtt] -> 0xffff8f0cd078
npuchk: [_ZN6npuchk17scatter_vmaxs_s32E10ub_addr8_tS0_im] -> 0xffff8f0cd318
npuchk: [_ZN6npuchk17scatter_vmaxs_s32E10ub_addr8_tS0_ihtt] -> 0xffff8f0cd534
npuchk: [_ZN6npuchk12scatter_vminE7vtype_t10ub_addr8_tS1_S1_m] -> (nil)
npuchk: [_ZN6npuchk12scatter_vminE7vtype_t10ub_addr8_tS1_S1_httt] -> (nil)
npuchk: [_ZN6npuchk16scatter_vmin_f16E10ub_addr8_tS0_S0_m] -> 0xffff8f0cd7d4
npuchk: [_ZN6npuchk16scatter_vmin_f16E10ub_addr8_tS0_S0_httt] -> 0xffff8f0cd9fc
npuchk: [_ZN6npuchk16scatter_vmin_f32E10ub_addr8_tS0_S0_m] -> 0xffff8f0cdce4
npuchk: [_ZN6npuchk16scatter_vmin_f32E10ub_addr8_tS0_S0_httt] -> 0xffff8f0cdf0c
npuchk: [_ZN6npuchk16scatter_vmin_s16E10ub_addr8_tS0_S0_m] -> 0xffff8f0ce1f4
npuchk: [_ZN6npuchk16scatter_vmin_s16E10ub_addr8_tS0_S0_httt] -> 0xffff8f0ce41c
npuchk: [_ZN6npuchk16scatter_vmin_s32E10ub_addr8_tS0_S0_m] -> 0xffff8f0ce704
npuchk: [_ZN6npuchk16scatter_vmin_s32E10ub_addr8_tS0_S0_httt] -> 0xffff8f0ce92c
npuchk: [_ZN6npuchk17scatter_vmins_f16E10ub_addr8_tS0_N7float165Fp16TEm] -> 0xffff8f0cec14
npuchk: [_ZN6npuchk17scatter_vmins_f16E10ub_addr8_tS0_N7float165Fp16TEhtt] -> 0xffff8f0cee3c
npuchk: [_ZN6npuchk17scatter_vmins_f32E10ub_addr8_tS0_fm] -> 0xffff8f0cf0e8
npuchk: [_ZN6npuchk17scatter_vmins_f32E10ub_addr8_tS0_fhtt] -> 0xffff8f0cf304
npuchk: [_ZN6npuchk17scatter_vmins_s16E10ub_addr8_tS0_sm] -> 0xffff8f0cf5a4
npuchk: [_ZN6npuchk17scatter_vmins_s16E10ub_addr8_tS0_shtt] -> 0xffff8f0cf7c0
npuchk: [_ZN6npuchk17scatter_vmins_s32E10ub_addr8_tS0_im] -> 0xffff8f0cfa60
npuchk: [_ZN6npuchk17scatter_vmins_s32E10ub_addr8_tS0_ihtt] -> 0xffff8f0cfc7c
npuchk: [_ZN6npuchk12scatter_vmlaE7vtype_t10ub_addr8_tS1_S1_m] -> (nil)
npuchk: [_ZN6npuchk12scatter_vmlaE7vtype_t10ub_addr8_tS1_S1_httt] -> (nil)
npuchk: [_ZN6npuchk16scatter_vmla_f16E10ub_addr8_tS0_S0_m] -> 0xffff8f0cff1c
npuchk: [_ZN6npuchk16scatter_vmla_f16E10ub_addr8_tS0_S0_httt] -> 0xffff8f0d0144
npuchk: [_ZN6npuchk16scatter_vmla_f32E10ub_addr8_tS0_S0_m] -> 0xffff8f0d042c
npuchk: [_ZN6npuchk16scatter_vmla_f32E10ub_addr8_tS0_S0_httt] -> 0xffff8f0d0654
npuchk: [_ZN6npuchk17scatter_vmla_fmixE10ub_addr8_tS0_S0_m] -> 0xffff8f0d093c
npuchk: [_ZN6npuchk17scatter_vmla_fmixE10ub_addr8_tS0_S0_httt] -> 0xffff8f0d0b64
npuchk: [_ZN6npuchk12scatter_vmulE7vtype_t10ub_addr8_tS1_S1_m] -> (nil)
npuchk: [_ZN6npuchk12scatter_vmulE7vtype_t10ub_addr8_tS1_S1_httt] -> (nil)
npuchk: [_ZN6npuchk16scatter_vmul_f16E10ub_addr8_tS0_S0_m] -> 0xffff8f0d0e4c
npuchk: [_ZN6npuchk16scatter_vmul_f16E10ub_addr8_tS0_S0_httt] -> 0xffff8f0d1074
npuchk: [_ZN6npuchk16scatter_vmul_f32E10ub_addr8_tS0_S0_m] -> 0xffff8f0d135c
npuchk: [_ZN6npuchk16scatter_vmul_f32E10ub_addr8_tS0_S0_httt] -> 0xffff8f0d1584
npuchk: [_ZN6npuchk16scatter_vmul_s16E10ub_addr8_tS0_S0_m] -> 0xffff8f0d186c
npuchk: [_ZN6npuchk16scatter_vmul_s16E10ub_addr8_tS0_S0_httt] -> 0xffff8f0d1a94
npuchk: [_ZN6npuchk16scatter_vmul_s32E10ub_addr8_tS0_S0_m] -> 0xffff8f0d1d7c
npuchk: [_ZN6npuchk16scatter_vmul_s32E10ub_addr8_tS0_S0_httt] -> 0xffff8f0d1fa4
npuchk: [_ZN6npuchk23scatter_vmulconv_f162s8E10ub_addr8_tS0_S0_mb] -> 0xffff8f0d228c
npuchk: [_ZN6npuchk23scatter_vmulconv_f162s8E10ub_addr8_tS0_S0_htttb] -> 0xffff8f0d24f0
npuchk: [_ZN6npuchk23scatter_vmulconv_f162u8E10ub_addr8_tS0_S0_mb] -> 0xffff8f0d2814
npuchk: [_ZN6npuchk23scatter_vmulconv_f162u8E10ub_addr8_tS0_S0_htttb] -> 0xffff8f0d2a78
npuchk: [_ZN6npuchk13scatter_vmulsE7vtype_t10ub_addr8_tS1_N7float165Fp16TEm] -> (nil)
npuchk: [_ZN6npuchk13scatter_vmulsE7vtype_t10ub_addr8_tS1_N7float165Fp16TEhtt] -> (nil)
npuchk: [_ZN6npuchk13scatter_vmulsE7vtype_t10ub_addr8_tS1_fm] -> (nil)
npuchk: [_ZN6npuchk13scatter_vmulsE7vtype_t10ub_addr8_tS1_fhtt] -> (nil)
npuchk: [_ZN6npuchk17scatter_vmuls_f16E10ub_addr8_tS0_N7float165Fp16TEm] -> 0xffff8f0d2d9c
npuchk: [_ZN6npuchk17scatter_vmuls_f16E10ub_addr8_tS0_N7float165Fp16TEhtt] -> 0xffff8f0d2fc4
npuchk: [_ZN6npuchk17scatter_vmuls_f32E10ub_addr8_tS0_fm] -> 0xffff8f0d3270
npuchk: [_ZN6npuchk17scatter_vmuls_f32E10ub_addr8_tS0_fhtt] -> 0xffff8f0d348c
npuchk: [_ZN6npuchk17scatter_vmuls_s16E10ub_addr8_tS0_sm] -> 0xffff8f0d372c
npuchk: [_ZN6npuchk17scatter_vmuls_s16E10ub_addr8_tS0_shtt] -> 0xffff8f0d3948
npuchk: [_ZN6npuchk17scatter_vmuls_s32E10ub_addr8_tS0_im] -> 0xffff8f0d3be8
npuchk: [_ZN6npuchk17scatter_vmuls_s32E10ub_addr8_tS0_ihtt] -> 0xffff8f0d3e04
npuchk: [_ZN6npuchk21scatter_vnchwconv_b16E10ub_addr8_tPsm] -> (nil)
npuchk: [_ZN6npuchk21scatter_vnchwconv_b16E10ub_addr8_tPshtt] -> (nil)
npuchk: [_ZN6npuchk21scatter_vnchwconv_b16E10ub_addr8_tPtm] -> (nil)
npuchk: [_ZN6npuchk21scatter_vnchwconv_b16E10ub_addr8_tPthtt] -> (nil)
npuchk: [_ZN6npuchk21scatter_vnchwconv_b16EPs10ub_addr8_tm] -> (nil)
npuchk: [_ZN6npuchk21scatter_vnchwconv_b16EPs10ub_addr8_thtt] -> (nil)
npuchk: [_ZN6npuchk21scatter_vnchwconv_b16EPt10ub_addr8_tm] -> (nil)
npuchk: [_ZN6npuchk21scatter_vnchwconv_b16EPt10ub_addr8_thtt] -> (nil)
npuchk: [_ZN6npuchk21scatter_vnchwconv_b16E10ub_addr8_tS0_m] -> 0xffff8efed6d0
npuchk: [_ZN6npuchk21scatter_vnchwconv_b16E10ub_addr8_tS0_htt] -> 0xffff8efed8b0
npuchk: [_ZN6npuchk21scatter_vnchwconv_b32E10ub_addr8_tPim] -> (nil)
npuchk: [_ZN6npuchk21scatter_vnchwconv_b32E10ub_addr8_tPihtt] -> (nil)
npuchk: [_ZN6npuchk21scatter_vnchwconv_b32E10ub_addr8_tPjm] -> (nil)
npuchk: [_ZN6npuchk21scatter_vnchwconv_b32E10ub_addr8_tPjhtt] -> (nil)
npuchk: [_ZN6npuchk21scatter_vnchwconv_b32EPi10ub_addr8_tm] -> (nil)
npuchk: [_ZN6npuchk21scatter_vnchwconv_b32EPi10ub_addr8_thtt] -> (nil)
npuchk: [_ZN6npuchk21scatter_vnchwconv_b32EPj10ub_addr8_tm] -> (nil)
npuchk: [_ZN6npuchk21scatter_vnchwconv_b32EPj10ub_addr8_thtt] -> (nil)
npuchk: [_ZN6npuchk21scatter_vnchwconv_b32E10ub_addr8_tS0_m] -> 0xffff8efedb14
npuchk: [_ZN6npuchk21scatter_vnchwconv_b32E10ub_addr8_tS0_htt] -> 0xffff8efedcf4
npuchk: [_ZN6npuchk20scatter_vnchwconv_b8E10ub_addr8_tPambb] -> (nil)
npuchk: [_ZN6npuchk20scatter_vnchwconv_b8E10ub_addr8_tPahttbb] -> (nil)
npuchk: [_ZN6npuchk20scatter_vnchwconv_b8E10ub_addr8_tPhmbb] -> (nil)
npuchk: [_ZN6npuchk20scatter_vnchwconv_b8E10ub_addr8_tPhhttbb] -> (nil)
npuchk: [_ZN6npuchk20scatter_vnchwconv_b8EPa10ub_addr8_tmbb] -> (nil)
npuchk: [_ZN6npuchk20scatter_vnchwconv_b8EPa10ub_addr8_thttbb] -> (nil)
npuchk: [_ZN6npuchk20scatter_vnchwconv_b8EPh10ub_addr8_tmbb] -> (nil)
npuchk: [_ZN6npuchk20scatter_vnchwconv_b8EPh10ub_addr8_thttbb] -> (nil)
npuchk: [_ZN6npuchk20scatter_vnchwconv_b8E10ub_addr8_tS0_mbb] -> 0xffff8efedf58
npuchk: [_ZN6npuchk20scatter_vnchwconv_b8E10ub_addr8_tS0_httbb] -> 0xffff8efee1b0
npuchk: [_ZN6npuchk12scatter_vrecE7vtype_t10ub_addr8_tS1_m] -> (nil)
npuchk: [_ZN6npuchk12scatter_vrecE7vtype_t10ub_addr8_tS1_htt] -> (nil)
npuchk: [_ZN6npuchk16scatter_vrec_f16E10ub_addr8_tS0_m] -> 0xffff8f0d40a4
npuchk: [_ZN6npuchk16scatter_vrec_f16E10ub_addr8_tS0_htt] -> 0xffff8f0d4284
npuchk: [_ZN6npuchk16scatter_vrec_f32E10ub_addr8_tS0_m] -> 0xffff8f0d44e8
npuchk: [_ZN6npuchk16scatter_vrec_f32E10ub_addr8_tS0_htt] -> 0xffff8f0d46c8
npuchk: [_ZN6npuchk13scatter_vreluE7vtype_t10ub_addr8_tS1_m] -> (nil)
npuchk: [_ZN6npuchk13scatter_vreluE7vtype_t10ub_addr8_tS1_htt] -> (nil)
npuchk: [_ZN6npuchk17scatter_vrelu_f16E10ub_addr8_tS0_m] -> 0xffff8f0d492c
npuchk: [_ZN6npuchk17scatter_vrelu_f16E10ub_addr8_tS0_htt] -> 0xffff8f0d4b0c
npuchk: [_ZN6npuchk17scatter_vrelu_f32E10ub_addr8_tS0_m] -> 0xffff8f0d4d70
npuchk: [_ZN6npuchk17scatter_vrelu_f32E10ub_addr8_tS0_htt] -> 0xffff8f0d4f50
npuchk: [_ZN6npuchk17scatter_vrelu_s32E10ub_addr8_tS0_m] -> 0xffff8f0d51b4
npuchk: [_ZN6npuchk17scatter_vrelu_s32E10ub_addr8_tS0_htt] -> 0xffff8f0d5394
npuchk: [_ZN6npuchk14scatter_vrsqrtE7vtype_t10ub_addr8_tS1_m] -> (nil)
npuchk: [_ZN6npuchk14scatter_vrsqrtE7vtype_t10ub_addr8_tS1_htt] -> (nil)
npuchk: [_ZN6npuchk18scatter_vrsqrt_f16E10ub_addr8_tS0_m] -> 0xffff8f0d55f8
npuchk: [_ZN6npuchk18scatter_vrsqrt_f16E10ub_addr8_tS0_htt] -> 0xffff8f0d57d8
npuchk: [_ZN6npuchk18scatter_vrsqrt_f32E10ub_addr8_tS0_m] -> 0xffff8f0d5a3c
npuchk: [_ZN6npuchk18scatter_vrsqrt_f32E10ub_addr8_tS0_htt] -> 0xffff8f0d5c1c
npuchk: [_ZN6npuchk16scatter_vscmergeEPt10ub_addr8_tm] -> (nil)
npuchk: [_ZN6npuchk16scatter_vscmergeEPt10ub_addr8_tth] -> (nil)
npuchk: [_ZN6npuchk16scatter_vscmergeEPh10ub_addr8_tm] -> (nil)
npuchk: [_ZN6npuchk16scatter_vscmergeEPh10ub_addr8_tth] -> (nil)
npuchk: [_ZN6npuchk16scatter_vscmergeEPN7float165Fp16TE10ub_addr8_tm] -> (nil)
npuchk: [_ZN6npuchk16scatter_vscmergeEPN7float165Fp16TE10ub_addr8_tth] -> (nil)
npuchk: [_ZN6npuchk20scatter_vscmerge_b16EPt10ub_addr8_tm] -> 0xffff8f0d5e80
npuchk: [_ZN6npuchk20scatter_vscmerge_b16EPt10ub_addr8_tth] -> (nil)
npuchk: [_ZN6npuchk19scatter_vscmerge_b8EPh10ub_addr8_tm] -> 0xffff8f0d6054
npuchk: [_ZN6npuchk19scatter_vscmerge_b8EPh10ub_addr8_tth] -> (nil)
npuchk: [_ZN6npuchk20scatter_vscmerge_f16EPN7float165Fp16TE10ub_addr8_tm] -> (nil)
npuchk: [_ZN6npuchk20scatter_vscmerge_f16EPN7float165Fp16TE10ub_addr8_tth] -> (nil)
npuchk: [_ZN6npuchk16scatter_vscsplitE10ub_addr8_tPtm] -> (nil)
npuchk: [_ZN6npuchk16scatter_vscsplitE10ub_addr8_tPtth] -> (nil)
npuchk: [_ZN6npuchk16scatter_vscsplitE10ub_addr8_tPhm] -> (nil)
npuchk: [_ZN6npuchk16scatter_vscsplitE10ub_addr8_tPhth] -> (nil)
npuchk: [_ZN6npuchk16scatter_vscsplitE10ub_addr8_tPN7float165Fp16TEm] -> (nil)
npuchk: [_ZN6npuchk16scatter_vscsplitE10ub_addr8_tPN7float165Fp16TEth] -> (nil)
npuchk: [_ZN6npuchk20scatter_vscsplit_b16E10ub_addr8_tPtm] -> 0xffff8f0d6224
npuchk: [_ZN6npuchk20scatter_vscsplit_b16E10ub_addr8_tPtth] -> (nil)
npuchk: [_ZN6npuchk20scatter_vscsplit_b16E10ub_addr8_tPsm] -> (nil)
npuchk: [_ZN6npuchk20scatter_vscsplit_b16E10ub_addr8_tPsth] -> (nil)
npuchk: [_ZN6npuchk19scatter_vscsplit_b8E10ub_addr8_tPhm] -> 0xffff8f0d63f8
npuchk: [_ZN6npuchk19scatter_vscsplit_b8E10ub_addr8_tPhth] -> (nil)
npuchk: [_ZN6npuchk19scatter_vscsplit_b8E10ub_addr8_tPam] -> (nil)
npuchk: [_ZN6npuchk19scatter_vscsplit_b8E10ub_addr8_tPath] -> (nil)
npuchk: [_ZN6npuchk20scatter_vscsplit_f16E10ub_addr8_tPN7float165Fp16TEm] -> (nil)
npuchk: [_ZN6npuchk20scatter_vscsplit_f16E10ub_addr8_tPN7float165Fp16TEth] -> (nil)
npuchk: [_ZN6npuchk12scatter_vselE7vtype_t10ub_addr8_tS1_S1_m] -> (nil)
npuchk: [_ZN6npuchk12scatter_vselE7vtype_t10ub_addr8_tS1_S1_httt] -> (nil)
npuchk: [_ZN6npuchk16scatter_vsel_f16E10ub_addr8_tS0_S0_m] -> 0xffff8f0d65cc
npuchk: [_ZN6npuchk16scatter_vsel_f16E10ub_addr8_tS0_S0_httth] -> 0xffff8f0d67f4
npuchk: [_ZN6npuchk16scatter_vsel_f32E10ub_addr8_tS0_S0_m] -> 0xffff8f0d6b24
npuchk: [_ZN6npuchk16scatter_vsel_f32E10ub_addr8_tS0_S0_httth] -> 0xffff8f0d6d4c
npuchk: [_ZN6npuchk13scatter_vsqrtE7vtype_t10ub_addr8_tS1_m] -> (nil)
npuchk: [_ZN6npuchk13scatter_vsqrtE7vtype_t10ub_addr8_tS1_htt] -> (nil)
npuchk: [_ZN6npuchk17scatter_vsqrt_f16E10ub_addr8_tS0_m] -> 0xffff8f0d707c
npuchk: [_ZN6npuchk17scatter_vsqrt_f16E10ub_addr8_tS0_htt] -> 0xffff8f0d725c
npuchk: [_ZN6npuchk17scatter_vsqrt_f32E10ub_addr8_tS0_m] -> 0xffff8f0d74c0
npuchk: [_ZN6npuchk17scatter_vsqrt_f32E10ub_addr8_tS0_htt] -> 0xffff8f0d76a0
npuchk: [_ZN6npuchk12scatter_vsubE7vtype_t10ub_addr8_tS1_S1_m] -> (nil)
npuchk: [_ZN6npuchk12scatter_vsubE7vtype_t10ub_addr8_tS1_S1_httt] -> (nil)
npuchk: [_ZN6npuchk16scatter_vsub_f16E10ub_addr8_tS0_S0_m] -> 0xffff8f0d7904
npuchk: [_ZN6npuchk16scatter_vsub_f16E10ub_addr8_tS0_S0_httt] -> 0xffff8f0d7b2c
npuchk: [_ZN6npuchk16scatter_vsub_f32E10ub_addr8_tS0_S0_m] -> 0xffff8f0d7e14
npuchk: [_ZN6npuchk16scatter_vsub_f32E10ub_addr8_tS0_S0_httt] -> 0xffff8f0d803c
npuchk: [_ZN6npuchk16scatter_vsub_s16E10ub_addr8_tS0_S0_m] -> 0xffff8f0d8324
npuchk: [_ZN6npuchk16scatter_vsub_s16E10ub_addr8_tS0_S0_httt] -> 0xffff8f0d854c
npuchk: [_ZN6npuchk16scatter_vsub_s32E10ub_addr8_tS0_S0_m] -> 0xffff8f0d8834
npuchk: [_ZN6npuchk16scatter_vsub_s32E10ub_addr8_tS0_S0_httt] -> 0xffff8f0d8a5c
npuchk: [_ZN6npuchk14set_aipp_spr_0Em] -> 0xffff8efe00a4
npuchk: [_ZN6npuchk14set_aipp_spr_1Em] -> 0xffff8efe0264
npuchk: [_ZN6npuchk15set_aipp_spr_10Em] -> 0xffff8efe0424
npuchk: [_ZN6npuchk15set_aipp_spr_11Em] -> 0xffff8efe05e4
npuchk: [_ZN6npuchk15set_aipp_spr_12Em] -> 0xffff8efe07a4
npuchk: [_ZN6npuchk15set_aipp_spr_13Em] -> 0xffff8efe0964
npuchk: [_ZN6npuchk15set_aipp_spr_14Em] -> 0xffff8efe0b24
npuchk: [_ZN6npuchk15set_aipp_spr_15Em] -> 0xffff8efe0ce4
npuchk: [_ZN6npuchk15set_aipp_spr_16Em] -> 0xffff8efe0ea4
npuchk: [_ZN6npuchk15set_aipp_spr_17Em] -> 0xffff8efe1064
npuchk: [_ZN6npuchk15set_aipp_spr_18Em] -> 0xffff8efe1224
npuchk: [_ZN6npuchk15set_aipp_spr_19Em] -> 0xffff8efe13e4
npuchk: [_ZN6npuchk14set_aipp_spr_2Em] -> 0xffff8efe15a4
npuchk: [_ZN6npuchk15set_aipp_spr_20Em] -> 0xffff8efe1764
npuchk: [_ZN6npuchk15set_aipp_spr_21Em] -> 0xffff8efe1924
npuchk: [_ZN6npuchk15set_aipp_spr_22Em] -> 0xffff8efe1ae4
npuchk: [_ZN6npuchk15set_aipp_spr_23Em] -> 0xffff8efe1ca4
npuchk: [_ZN6npuchk15set_aipp_spr_24Em] -> 0xffff8efe1e64
npuchk: [_ZN6npuchk15set_aipp_spr_25Em] -> (nil)
npuchk: [_ZN6npuchk15set_aipp_spr_26Em] -> (nil)
npuchk: [_ZN6npuchk15set_aipp_spr_27Em] -> (nil)
npuchk: [_ZN6npuchk15set_aipp_spr_28Em] -> (nil)
npuchk: [_ZN6npuchk15set_aipp_spr_29Em] -> (nil)
npuchk: [_ZN6npuchk14set_aipp_spr_3Em] -> 0xffff8efe2024
npuchk: [_ZN6npuchk15set_aipp_spr_30Em] -> (nil)
npuchk: [_ZN6npuchk15set_aipp_spr_31Em] -> (nil)
npuchk: [_ZN6npuchk14set_aipp_spr_4Em] -> 0xffff8efe21e4
npuchk: [_ZN6npuchk14set_aipp_spr_5Em] -> 0xffff8efe23a4
npuchk: [_ZN6npuchk14set_aipp_spr_6Em] -> 0xffff8efe2564
npuchk: [_ZN6npuchk14set_aipp_spr_7Em] -> 0xffff8efe2724
npuchk: [_ZN6npuchk14set_aipp_spr_8Em] -> 0xffff8efe28e4
npuchk: [_ZN6npuchk14set_aipp_spr_9Em] -> 0xffff8efe2aa4
npuchk: [_ZN6npuchk14set_atomic_addEv] -> (nil)
npuchk: [_ZN6npuchk15set_atomic_bf16Ev] -> 0xffff8ef63368
npuchk: [_ZN6npuchk14set_atomic_f16Ev] -> 0xffff8ef63348
npuchk: [_ZN6npuchk14set_atomic_f32Ev] -> 0xffff8ef633c8
npuchk: [_ZN6npuchk14set_atomic_maxEv] -> (nil)
npuchk: [_ZN6npuchk14set_atomic_minEv] -> (nil)
npuchk: [_ZN6npuchk15set_atomic_noneEv] -> 0xffff8ef633a8
npuchk: [_ZN6npuchk14set_atomic_s16Ev] -> 0xffff8ef63328
npuchk: [_ZN6npuchk14set_atomic_s32Ev] -> 0xffff8ef63308
npuchk: [_ZN6npuchk13set_atomic_s8Ev] -> 0xffff8ef63388
npuchk: [_ZN6npuchk18set_cache_normreadEv] -> 0xffff8f0d8d44
npuchk: [_ZN6npuchk22set_cache_notwritebackEv] -> 0xffff8f0d8e70
npuchk: [_ZN6npuchk17set_cache_readinvEv] -> 0xffff8f0d8f9c
npuchk: [_ZN6npuchk18set_cache_readlastEv] -> 0xffff8f0d90c8
npuchk: [_ZN6npuchk16set_channel_paraEm] -> (nil)
npuchk: [_ZN6npuchk11set_cmpmaskEPv] -> 0xffff8efee48c
npuchk: [_ZN6npuchk8set_condEm] -> 0xffff8efe2c64
npuchk: [_ZN6npuchk18set_condition_flagEm] -> 0xffff8efe2e24
npuchk: [_ZN6npuchk8set_ctrlEm] -> 0xffff8efe2fe4
npuchk: [_ZN6npuchk14set_data_exp_0Em] -> 0xffff8efee654
npuchk: [_ZN6npuchk14set_data_exp_1Em] -> 0xffff8efee814
npuchk: [_ZN6npuchk14set_data_exp_2Em] -> 0xffff8efee9d4
npuchk: [_ZN6npuchk14set_data_exp_3Em] -> 0xffff8efeeb94
npuchk: [_ZN6npuchk12set_deqscaleEN7float165Fp16TE] -> 0xffff8efeed54
npuchk: [_ZN6npuchk12set_deqscaleEm] -> 0xffff8efeef28
npuchk: [_ZN6npuchk18set_elt_antiq_paraEm] -> (nil)
npuchk: [_ZN6npuchk16set_elt_src_paraEm] -> (nil)
npuchk: [_ZN6npuchk12set_fcol2imgEm] -> 0xffff8f0d91f4
npuchk: [_ZN6npuchk18set_ffts_base_addrEm] -> 0xffff8efe31a4
npuchk: [_ZN6npuchk17set_fix_clip_reluEm] -> (nil)
npuchk: [_ZN6npuchk13set_fixp_addrEm] -> (nil)
npuchk: [_ZN6npuchk8set_flagE6pipe_tS0_7event_t] -> 0xffff8efe3364
npuchk: [_ZN6npuchk8set_flagE6pipe_t7event_t] -> (nil)
npuchk: [_ZN6npuchk8set_flagE6pipe_tS0_m] -> (nil)
npuchk: [_ZN6npuchk8set_flagE6pipe_tm] -> (nil)
npuchk: [_ZN6npuchk11set_fmatrixEm] -> 0xffff8efe3624
npuchk: [_ZN6npuchk13set_fmatrix_bEm] -> 0xffff8efe37e4
npuchk: [_ZN6npuchk18set_fmatrix_dual_0Em] -> (nil)
npuchk: [_ZN6npuchk18set_fmatrix_dual_1Em] -> (nil)
npuchk: [_ZN6npuchk7set_fpcEm] -> 0xffff8efe39a4
npuchk: [_ZN6npuchk9set_fpdeqEm] -> (nil)
npuchk: [_ZN6npuchk16set_l0_set_valueEN7float165Fp16TE] -> 0xffff8efe3b64
npuchk: [_ZN6npuchk16set_l0_set_valueEj] -> 0xffff8efe3d38
npuchk: [_ZN6npuchk10set_l0a_2dEPvl] -> 0xffff8f0d9398
npuchk: [_ZN6npuchk10set_l0a_2dEPN7float165Fp16TEl] -> 0xffff8efe3ef8
npuchk: [_ZN6npuchk10set_l0a_2dEPfl] -> 0xffff8efe4114
npuchk: [_ZN6npuchk10set_l0a_2dEPsl] -> 0xffff8efe4334
npuchk: [_ZN6npuchk10set_l0a_2dEPil] -> 0xffff8efe4550
npuchk: [_ZN6npuchk10set_l0a_2dEPtl] -> 0xffff8efe4770
npuchk: [_ZN6npuchk10set_l0a_2dEPjl] -> 0xffff8efe498c
npuchk: [_ZN6npuchk10set_l0b_2dEPvl] -> 0xffff8f0d95b4
npuchk: [_ZN6npuchk10set_l0b_2dEPN7float165Fp16TEl] -> 0xffff8efe4bac
npuchk: [_ZN6npuchk10set_l0b_2dEPfl] -> 0xffff8efe4dcc
npuchk: [_ZN6npuchk10set_l0b_2dEPsl] -> 0xffff8efe4fec
npuchk: [_ZN6npuchk10set_l0b_2dEPil] -> 0xffff8efe520c
npuchk: [_ZN6npuchk10set_l0b_2dEPtl] -> 0xffff8efe542c
npuchk: [_ZN6npuchk10set_l0b_2dEPjl] -> 0xffff8efe564c
npuchk: [_ZN6npuchk9set_l1_2dEPvl] -> 0xffff8f0d97d4
npuchk: [_ZN6npuchk9set_l1_2dEPN7float165Fp16TEl] -> 0xffff8efe586c
npuchk: [_ZN6npuchk9set_l1_2dEPfl] -> 0xffff8efe5a8c
npuchk: [_ZN6npuchk9set_l1_2dEPsl] -> 0xffff8efe5cac
npuchk: [_ZN6npuchk9set_l1_2dEPil] -> 0xffff8efe5ecc
npuchk: [_ZN6npuchk9set_l1_2dEPtl] -> 0xffff8efe60ec
npuchk: [_ZN6npuchk9set_l1_2dEPjl] -> 0xffff8efe630c
npuchk: [_ZN6npuchk14set_l1_3d_sizeEm] -> 0xffff8efe652c
npuchk: [_ZN6npuchk11set_l3d_rptEm] -> 0xffff8efe66ec
npuchk: [_ZN6npuchk14set_loop3_paraEm] -> (nil)
npuchk: [_ZN6npuchk15set_low_pre_tblEm] -> 0xffff8f0d99f4
npuchk: [_ZN6npuchk9set_lpcntEm] -> 0xffff8efe68ac
npuchk: [_ZN6npuchk15set_lrelu_alphaEm] -> 0xffff8efe6a6c
npuchk: [_ZN6npuchk15set_lrelu_alphaEN7float165Fp16TE] -> 0xffff8efe6bbc
npuchk: [_ZN6npuchk15set_lrelu_alphaEf] -> 0xffff8efe6d90
npuchk: [_ZN6npuchk14set_mask_countEv] -> 0xffff8efe6f58
npuchk: [_ZN6npuchk13set_mask_normEv] -> 0xffff8efe7084
npuchk: [_ZN6npuchk15set_mov_pad_valEm] -> 0xffff8efef0e8
npuchk: [_ZN6npuchk11set_nd_paraEm] -> 0xffff8efe71b0
npuchk: [_ZN6npuchk11set_paddingEm] -> 0xffff8efe7370
npuchk: [_ZN6npuchk11set_paddingEN7float165Fp16TE] -> 0xffff8efe7530
npuchk: [_ZN6npuchk11set_paddingEs] -> 0xffff8efe7704
npuchk: [_ZN6npuchk11set_paddingEt] -> 0xffff8efe78c4
npuchk: [_ZN6npuchk16set_pcie_rd_ctrlEm] -> 0xffff8efef2a8
npuchk: [_ZN6npuchk16set_pcie_wr_ctrlEm] -> 0xffff8efef468
npuchk: [_ZN6npuchk11set_pnt_coeEm] -> (nil)
npuchk: [_ZN6npuchk14set_quant_postEm] -> (nil)
npuchk: [_ZN6npuchk13set_quant_preEm] -> 0xffff8efe7a84
npuchk: [_ZN6npuchk19set_rawheader_to_gmEPvm] -> 0xffff8f0d9bb4
npuchk: [_ZN6npuchk19set_rawheader_to_gmEPvtbh] -> 0xffff8f0d9dd0
npuchk: [_ZN6npuchk14set_relu_alphaEm] -> (nil)
npuchk: [_ZN6npuchk12set_reqscaleEm] -> (nil)
npuchk: [_ZN6npuchk14set_rpn_cor_irEm] -> (nil)
npuchk: [_ZN6npuchk14set_rpn_offsetEN7float165Fp16TE] -> 0xffff8f0da088
npuchk: [_ZN6npuchk17set_safety_crc_enEm] -> (nil)
npuchk: [_ZN6npuchk19set_safety_crc_excpEm] -> (nil)
npuchk: [_ZN6npuchk15set_smask_indexEm] -> 0xffff8f0da25c
npuchk: [_ZN6npuchk17set_st_atomic_cfgEm] -> 0xffff8efe7c44
npuchk: [_ZN6npuchk17set_st_atomic_cfgE13atomic_type_t11atomic_op_t] -> 0xffff8efe7e04
npuchk: [_ZN6npuchk13set_va_reg_sbE10ub_addr8_tPm] -> 0xffff8efef628
npuchk: [_ZN6npuchk15set_vector_maskEmm] -> 0xffff8efef7c0
npuchk: [_ZN6npuchk19set_vector_mask_dupEm] -> 0xffff8efef980
npuchk: [_ZN6npuchk9set_vpipeEm] -> 0xffff8f0da41c
npuchk: [_ZN6npuchk7set_vspEm] -> (nil)
npuchk: [_ZN6npuchk4sff0Em] -> (nil)
npuchk: [_ZN6npuchk4sff1Em] -> (nil)
npuchk: [_ZN6npuchk7sflbitsEl] -> (nil)
npuchk: [_ZN6npuchk6st_devEtPts] -> 0xffff8efe8018
npuchk: [_ZN6npuchk6st_devEjPjs] -> 0xffff8efe8294
npuchk: [_ZN6npuchk6st_devEmPms] -> 0xffff8efe8510
npuchk: [_ZN6npuchk6st_devEhPhs] -> 0xffff8efe878c
npuchk: [_ZN6npuchk21store_l1_to_out_imageEPN7float165Fp16TES2_mm] -> (nil)
npuchk: [_ZN6npuchk21store_l1_to_out_imageEPN7float165Fp16TES2_thththbhm] -> (nil)
npuchk: [_ZN6npuchk21store_l1_to_out_imageEPsS0_mm] -> (nil)
npuchk: [_ZN6npuchk21store_l1_to_out_imageEPsS0_thththbhm] -> (nil)
npuchk: [_ZN6npuchk4trapEm] -> (nil)
npuchk: [_ZN6npuchk6plt_b8ERj7Literal] -> (nil)
npuchk: [_ZN6npuchk7plt_b16ERj7Literal] -> (nil)
npuchk: [_ZN6npuchk7plt_b32ERj7Literal] -> (nil)
npuchk: [_ZN6npuchk7pltm_b8Etj] -> (nil)
npuchk: [_ZN6npuchk8pltm_b16Etj] -> (nil)
npuchk: [_ZN6npuchk8pltm_b32Etj] -> (nil)
npuchk: [_ZN6npuchk7vag_b32Et] -> (nil)
npuchk: [_ZN6npuchk7vag_b32Ett] -> (nil)
npuchk: [_ZN6npuchk7vag_b32Ettt] -> (nil)
npuchk: [_ZN6npuchk7vag_b32Etttt] -> (nil)
npuchk: [_ZN6npuchk7vag_b16Et] -> (nil)
npuchk: [_ZN6npuchk7vag_b16Ett] -> (nil)
npuchk: [_ZN6npuchk7vag_b16Ettt] -> (nil)
npuchk: [_ZN6npuchk7vag_b16Etttt] -> (nil)
npuchk: [_ZN6npuchk4trapEv] -> 0xffff8efe8a14
npuchk: [_ZN6npuchk7mem_barE7Literal] -> (nil)
npuchk: [_ZN6npuchk4vaddERA64_iPiS2_h7Literal] -> (nil)
npuchk: [_ZN6npuchk4vaddERA64_jPjS2_h7Literal] -> (nil)
npuchk: [_ZN6npuchk4vaddERA128_sPsS2_h7Literal] -> (nil)
npuchk: [_ZN6npuchk4vaddERA128_tPtS2_h7Literal] -> (nil)
npuchk: [_ZN6npuchk4vaddERA256_aPaS2_h7Literal] -> (nil)
npuchk: [_ZN6npuchk4vaddERA256_hPhS2_h7Literal] -> (nil)
npuchk: [_ZN6npuchk4vaddERA64_fPfS2_h7Literal] -> (nil)
npuchk: [_ZN6npuchk4vaddERA128_N7float165Fp16TEPS1_S4_h7Literal] -> (nil)
npuchk: [_ZN6npuchk4vabsERA64_fPfh7Literal] -> (nil)
npuchk: [_ZN6npuchk4vabsERA128_N7float165Fp16TEPS1_h7Literal] -> (nil)
npuchk: [_ZN6npuchk4vabsERA256_aPah7Literal] -> (nil)
npuchk: [_ZN6npuchk4vabsERA128_sPsh7Literal] -> (nil)
npuchk: [_ZN6npuchk4vabsERA64_iPih7Literal] -> (nil)
npuchk: [_ZN6npuchk4vrecERA64_fPfh7Literal] -> (nil)
npuchk: [_ZN6npuchk4vrecERA128_N7float165Fp16TEPS1_h7Literal] -> (nil)
npuchk: [_ZN6npuchk6vrsqrtERA64_fPfh7Literal] -> (nil)
npuchk: [_ZN6npuchk6vrsqrtERA128_N7float165Fp16TEPS1_h7Literal] -> (nil)
npuchk: [_ZN6npuchk5vreluERA64_fPfh7Literal] -> (nil)
npuchk: [_ZN6npuchk5vreluERA128_N7float165Fp16TEPS1_h7Literal] -> (nil)
npuchk: [_ZN6npuchk5vreluERA64_iPih7Literal] -> (nil)
npuchk: [_ZN6npuchk5vsqrtERA64_fPfh7Literal] -> (nil)
npuchk: [_ZN6npuchk5vsqrtERA128_N7float165Fp16TEPS1_h7Literal] -> (nil)
npuchk: [_ZN6npuchk3vlnERA64_fPfh7Literal] -> (nil)
npuchk: [_ZN6npuchk3vlnERA128_N7float165Fp16TEPS1_h7Literal] -> (nil)
npuchk: [_ZN6npuchk4vexpERA64_fPfh7Literal] -> (nil)
npuchk: [_ZN6npuchk4vexpERA128_N7float165Fp16TEPS1_h7Literal] -> (nil)
npuchk: [_ZN6npuchk4vnotERA256_hPhh7Literal] -> (nil)
npuchk: [_ZN6npuchk4vnotERA256_aPah7Literal] -> (nil)
npuchk: [_ZN6npuchk4vnotERA128_tPth7Literal] -> (nil)
npuchk: [_ZN6npuchk4vnotERA128_sPsh7Literal] -> (nil)
npuchk: [_ZN6npuchk4vnotERA128_N7float165Fp16TEPS1_h7Literal] -> (nil)
npuchk: [_ZN6npuchk4vnotERA64_iPih7Literal] -> (nil)
npuchk: [_ZN6npuchk4vnotERA64_jPjh7Literal] -> (nil)
npuchk: [_ZN6npuchk4vnotERA64_fPfh7Literal] -> (nil)
npuchk: [_ZN6npuchk4pldsERhPji7Literal] -> (nil)
npuchk: [_ZN6npuchk4pldsERhRPji7LiteralS3_] -> (nil)
npuchk: [_ZN6npuchk8movp_b16Ev] -> (nil)
npuchk: [_ZN6npuchk8movp_b32Ev] -> (nil)
npuchk: [_ZN6npuchk4pstsEhPji7Literal] -> (nil)
npuchk: [_ZN6npuchk5ppackERhh7Literal] -> (nil)
npuchk: [_ZN6npuchk7punpackERhh7Literal] -> (nil)
npuchk: [_ZN6npuchk6vintlvERA256_hS1_PhS2_] -> (nil)
npuchk: [_ZN6npuchk6vintlvERA256_aS1_PaS2_] -> (nil)
npuchk: [_ZN6npuchk6vintlvERA128_N7float165Fp16TES3_PS1_S4_] -> (nil)
npuchk: [_ZN6npuchk6vintlvERA128_sS1_PsS2_] -> (nil)
npuchk: [_ZN6npuchk6vintlvERA128_tS1_PtS2_] -> (nil)
npuchk: [_ZN6npuchk6vintlvERA64_fS1_PfS2_] -> (nil)
npuchk: [_ZN6npuchk6vintlvERA64_iS1_PiS2_] -> (nil)
npuchk: [_ZN6npuchk6vintlvERA64_jS1_PjS2_] -> (nil)
npuchk: [_ZN6npuchk7vdintlvERA256_hS1_PhS2_] -> (nil)
npuchk: [_ZN6npuchk7vdintlvERA256_aS1_PaS2_] -> (nil)
npuchk: [_ZN6npuchk7vdintlvERA128_N7float165Fp16TES3_PS1_S4_] -> (nil)
npuchk: [_ZN6npuchk7vdintlvERA128_sS1_PsS2_] -> (nil)
npuchk: [_ZN6npuchk7vdintlvERA128_tS1_PtS2_] -> (nil)
npuchk: [_ZN6npuchk7vdintlvERA64_fS1_PfS2_] -> (nil)
npuchk: [_ZN6npuchk7vdintlvERA64_iS1_PiS2_] -> (nil)
npuchk: [_ZN6npuchk7vdintlvERA64_jS1_PjS2_] -> (nil)
npuchk: [_ZN6npuchk9pintlv_b8ERhS0_hh] -> (nil)
npuchk: [_ZN6npuchk10pintlv_b16ERhS0_hh] -> (nil)
npuchk: [_ZN6npuchk10pintlv_b32ERhS0_hh] -> (nil)
npuchk: [_ZN6npuchk10pdintlv_b8ERhS0_hh] -> (nil)
npuchk: [_ZN6npuchk11pdintlv_b16ERhS0_hh] -> (nil)
npuchk: [_ZN6npuchk11pdintlv_b32ERhS0_hh] -> (nil)
npuchk: [_ZN6npuchk5vsstbEPaS0_ih] -> (nil)
npuchk: [_ZN6npuchk5vsstbEPhS0_ih] -> (nil)
npuchk: [_ZN6npuchk5vsstbEPsS0_ih] -> (nil)
npuchk: [_ZN6npuchk5vsstbEPtS0_ih] -> (nil)
npuchk: [_ZN6npuchk5vsstbEPiS0_ih] -> (nil)
npuchk: [_ZN6npuchk5vsstbEPjS0_ih] -> (nil)
npuchk: [_ZN6npuchk5vsstbEPN8bfloat165Bf16TES2_ih] -> (nil)
npuchk: [_ZN6npuchk5vsstbEPN7float165Fp16TES2_ih] -> (nil)
npuchk: [_ZN6npuchk5vsstbEPfS0_ih] -> (nil)
npuchk: [_ZN6npuchk5vsstbEPaRS0_ih7Literal] -> (nil)
npuchk: [_ZN6npuchk5vsstbEPhRS0_ih7Literal] -> (nil)
npuchk: [_ZN6npuchk5vsstbEPsRS0_ih7Literal] -> (nil)
npuchk: [_ZN6npuchk5vsstbEPtRS0_ih7Literal] -> (nil)
npuchk: [_ZN6npuchk5vsstbEPiRS0_ih7Literal] -> (nil)
npuchk: [_ZN6npuchk5vsstbEPjRS0_ih7Literal] -> (nil)
npuchk: [_ZN6npuchk5vsstbEPN8bfloat165Bf16TERS2_ih7Literal] -> (nil)
npuchk: [_ZN6npuchk5vsstbEPN7float165Fp16TERS2_ih7Literal] -> (nil)
npuchk: [_ZN6npuchk5vsstbEPfRS0_ih7Literal] -> (nil)
npuchk: [_ZN6npuchk5vsldbERA256_aPaih] -> (nil)
npuchk: [_ZN6npuchk5vsldbERA256_hPhih] -> (nil)
npuchk: [_ZN6npuchk5vsldbERA128_sPsih] -> (nil)
npuchk: [_ZN6npuchk5vsldbERA128_tPtih] -> (nil)
npuchk: [_ZN6npuchk5vsldbERA64_iPiih] -> (nil)
npuchk: [_ZN6npuchk5vsldbERA64_jPjih] -> (nil)
npuchk: [_ZN6npuchk5vsldbERA32_lPlih] -> (nil)
npuchk: [_ZN6npuchk5vsldbERA128_N8bfloat165Bf16TEPS1_ih] -> (nil)
npuchk: [_ZN6npuchk5vsldbERA128_N7float165Fp16TEPS1_ih] -> (nil)
npuchk: [_ZN6npuchk5vsldbERA64_fPfih] -> (nil)
npuchk: [_ZN6npuchk5vsldbERA256_aRPaih7Literal] -> (nil)
npuchk: [_ZN6npuchk5vsldbERA256_hRPhih7Literal] -> (nil)
npuchk: [_ZN6npuchk5vsldbERA128_sRPsih7Literal] -> (nil)
npuchk: [_ZN6npuchk5vsldbERA128_tRPtih7Literal] -> (nil)
npuchk: [_ZN6npuchk5vsldbERA64_iRPiih7Literal] -> (nil)
npuchk: [_ZN6npuchk5vsldbERA64_jRPjih7Literal] -> (nil)
npuchk: [_ZN6npuchk5vsldbERA32_lRPlih7Literal] -> (nil)
npuchk: [_ZN6npuchk5vsldbERA128_N8bfloat165Bf16TERPS1_ih7Literal] -> (nil)
npuchk: [_ZN6npuchk5vsldbERA128_N7float165Fp16TERPS1_ih7Literal] -> (nil)
npuchk: [_ZN6npuchk5vsldbERA64_fRPfih7Literal] -> (nil)
npuchk: [_ZN6npuchk3vstEPaS0_i7Literalh] -> (nil)
npuchk: [_ZN6npuchk3vstEPhS0_i7Literalh] -> (nil)
npuchk: [_ZN6npuchk3vstEPsS0_i7Literalh] -> (nil)
npuchk: [_ZN6npuchk3vstEPtS0_i7Literalh] -> (nil)
npuchk: [_ZN6npuchk3vstEPiS0_i7Literalh] -> (nil)
npuchk: [_ZN6npuchk3vstEPjS0_i7Literalh] -> (nil)
npuchk: [_ZN6npuchk3vstEPmS0_i7Literalh] -> (nil)
npuchk: [_ZN6npuchk3vstEPlS0_i7Literalh] -> (nil)
npuchk: [_ZN6npuchk3vstEPN8bfloat165Bf16TES2_i7Literalh] -> (nil)
npuchk: [_ZN6npuchk3vstEPN7float165Fp16TES2_i7Literalh] -> (nil)
npuchk: [_ZN6npuchk3vstEPfS0_i7Literalh] -> (nil)
npuchk: [_ZN6npuchk3vstEPaS0_S0_i7Literalh] -> (nil)
npuchk: [_ZN6npuchk3vstEPhS0_S0_i7Literalh] -> (nil)
npuchk: [_ZN6npuchk3vstEPsS0_S0_i7Literalh] -> (nil)
npuchk: [_ZN6npuchk3vstEPtS0_S0_i7Literalh] -> (nil)
npuchk: [_ZN6npuchk3vstEPN8bfloat165Bf16TES2_S2_i7Literalh] -> (nil)
npuchk: [_ZN6npuchk3vstEPN7float165Fp16TES2_S2_i7Literalh] -> (nil)
npuchk: [_ZN6npuchk4vstsEPaS0_i7Literalh] -> (nil)
npuchk: [_ZN6npuchk4vstsEPhS0_i7Literalh] -> (nil)
npuchk: [_ZN6npuchk4vstsEPsS0_i7Literalh] -> (nil)
npuchk: [_ZN6npuchk4vstsEPtS0_i7Literalh] -> (nil)
npuchk: [_ZN6npuchk4vstsEPiS0_i7Literalh] -> (nil)
npuchk: [_ZN6npuchk4vstsEPjS0_i7Literalh] -> (nil)
npuchk: [_ZN6npuchk4vstsEPmS0_i7Literalh] -> (nil)
npuchk: [_ZN6npuchk4vstsEPlS0_i7Literalh] -> (nil)
npuchk: [_ZN6npuchk4vstsEPN8bfloat165Bf16TES2_i7Literalh] -> (nil)
npuchk: [_ZN6npuchk4vstsEPN7float165Fp16TES2_i7Literalh] -> (nil)
npuchk: [_ZN6npuchk4vstsEPfS0_i7Literalh] -> (nil)
npuchk: [_ZN6npuchk5vstuiERA32_ajPN7float165Fp16TERS4_] -> (nil)
npuchk: [_ZN6npuchk5vstuiERA32_ajPN7float165Fp16TERS4_7Literal] -> (nil)
npuchk: [_ZN6npuchk5vstuiERA32_ajPfRS2_] -> (nil)
npuchk: [_ZN6npuchk5vstuiERA32_ajPfRS2_7Literal] -> (nil)
npuchk: [_ZN6npuchk5vstusERA32_ajPN7float165Fp16TERS4_] -> (nil)
npuchk: [_ZN6npuchk5vstusERA32_ajPN7float165Fp16TERS4_7Literal] -> (nil)
npuchk: [_ZN6npuchk5vstusERA32_ajPfRS2_] -> (nil)
npuchk: [_ZN6npuchk5vstusERA32_ajPfRS2_7Literal] -> (nil)
npuchk: [_ZN6npuchk5vstaiEPaPN7float165Fp16TEi] -> (nil)
npuchk: [_ZN6npuchk5vstaiEPaRPN7float165Fp16TEi7Literal] -> (nil)
npuchk: [_ZN6npuchk5vstaiEPaPfi] -> (nil)
npuchk: [_ZN6npuchk5vstaiEPaRPfi7Literal] -> (nil)
npuchk: [_ZN6npuchk5vstasEPaPN7float165Fp16TEi] -> (nil)
npuchk: [_ZN6npuchk5vstasEPaRPN7float165Fp16TEi7Literal] -> (nil)
npuchk: [_ZN6npuchk5vstasEPaPfi] -> (nil)
npuchk: [_ZN6npuchk5vstasEPaRPfi7Literal] -> (nil)
npuchk: [_ZN6npuchk3vorERA256_hPhS2_h7Literal] -> (nil)
npuchk: [_ZN6npuchk3vorERA256_aPaS2_h7Literal] -> (nil)
npuchk: [_ZN6npuchk3vorERA128_tPtS2_h7Literal] -> (nil)
npuchk: [_ZN6npuchk3vorERA128_sPsS2_h7Literal] -> (nil)
npuchk: [_ZN6npuchk3vorERA64_iPiS2_h7Literal] -> (nil)
npuchk: [_ZN6npuchk3vorERA64_jPjS2_h7Literal] -> (nil)
npuchk: [_ZN6npuchk3vorERA64_fPfS2_h7Literal] -> (nil)
npuchk: [_ZN6npuchk3vorERA128_N7float165Fp16TEPS1_S4_h7Literal] -> (nil)
npuchk: [_ZN6npuchk4vandERA256_hPhS2_h7Literal] -> (nil)
npuchk: [_ZN6npuchk4vandERA256_aPaS2_h7Literal] -> (nil)
npuchk: [_ZN6npuchk4vandERA128_tPtS2_h7Literal] -> (nil)
npuchk: [_ZN6npuchk4vandERA128_sPsS2_h7Literal] -> (nil)
npuchk: [_ZN6npuchk4vandERA64_iPiS2_h7Literal] -> (nil)
npuchk: [_ZN6npuchk4vandERA64_jPjS2_h7Literal] -> (nil)
npuchk: [_ZN6npuchk4vandERA64_fPfS2_h7Literal] -> (nil)
npuchk: [_ZN6npuchk4vandERA128_N7float165Fp16TEPS1_S4_h7Literal] -> (nil)
npuchk: [_ZN6npuchk4vmaxERA256_hPhS2_h7Literal] -> (nil)
npuchk: [_ZN6npuchk4vmaxERA256_aPaS2_h7Literal] -> (nil)
npuchk: [_ZN6npuchk4vmaxERA128_tPtS2_h7Literal] -> (nil)
npuchk: [_ZN6npuchk4vmaxERA128_sPsS2_h7Literal] -> (nil)
npuchk: [_ZN6npuchk4vmaxERA64_iPiS2_h7Literal] -> (nil)
npuchk: [_ZN6npuchk4vmaxERA64_jPjS2_h7Literal] -> (nil)
npuchk: [_ZN6npuchk4vmaxERA64_fPfS2_h7Literal] -> (nil)
npuchk: [_ZN6npuchk4vmaxERA128_N7float165Fp16TEPS1_S4_h7Literal] -> (nil)
npuchk: [_ZN6npuchk4vminERA256_hPhS2_h7Literal] -> (nil)
npuchk: [_ZN6npuchk4vminERA256_aPaS2_h7Literal] -> (nil)
npuchk: [_ZN6npuchk4vminERA128_tPtS2_h7Literal] -> (nil)
npuchk: [_ZN6npuchk4vminERA128_sPsS2_h7Literal] -> (nil)
npuchk: [_ZN6npuchk4vminERA64_iPiS2_h7Literal] -> (nil)
npuchk: [_ZN6npuchk4vminERA64_jPjS2_h7Literal] -> (nil)
npuchk: [_ZN6npuchk4vminERA64_fPfS2_h7Literal] -> (nil)
npuchk: [_ZN6npuchk4vminERA128_N7float165Fp16TEPS1_S4_h7Literal] -> (nil)
npuchk: [_ZN6npuchk4vsubERA256_hPhS2_h7Literal] -> (nil)
npuchk: [_ZN6npuchk4vsubERA256_aPaS2_h7Literal] -> (nil)
npuchk: [_ZN6npuchk4vsubERA128_tPtS2_h7Literal] -> (nil)
npuchk: [_ZN6npuchk4vsubERA128_sPsS2_h7Literal] -> (nil)
npuchk: [_ZN6npuchk4vsubERA64_iPiS2_h7Literal] -> (nil)
npuchk: [_ZN6npuchk4vsubERA64_jPjS2_h7Literal] -> (nil)
npuchk: [_ZN6npuchk4vsubERA64_fPfS2_h7Literal] -> (nil)
npuchk: [_ZN6npuchk4vsubERA128_N7float165Fp16TEPS1_S4_h7Literal] -> (nil)
npuchk: [_ZN6npuchk4vmulERA256_hPhS2_h7Literal] -> (nil)
npuchk: [_ZN6npuchk4vmulERA256_aPaS2_h7Literal] -> (nil)
npuchk: [_ZN6npuchk4vmulERA128_tPtS2_h7Literal] -> (nil)
npuchk: [_ZN6npuchk4vmulERA128_sPsS2_h7Literal] -> (nil)
npuchk: [_ZN6npuchk4vmulERA64_iPiS2_h7Literal] -> (nil)
npuchk: [_ZN6npuchk4vmulERA64_jPjS2_h7Literal] -> (nil)
npuchk: [_ZN6npuchk4vmulERA64_fPfS2_h7Literal] -> (nil)
npuchk: [_ZN6npuchk4vmulERA128_N7float165Fp16TEPS1_S4_h7Literal] -> (nil)
npuchk: [_ZN6npuchk4vdivERA256_hPhS2_h7Literal] -> (nil)
npuchk: [_ZN6npuchk4vdivERA256_aPaS2_h7Literal] -> (nil)
npuchk: [_ZN6npuchk4vdivERA128_tPtS2_h7Literal] -> (nil)
npuchk: [_ZN6npuchk4vdivERA128_sPsS2_h7Literal] -> (nil)
npuchk: [_ZN6npuchk4vdivERA64_iPiS2_h7Literal] -> (nil)
npuchk: [_ZN6npuchk4vdivERA64_jPjS2_h7Literal] -> (nil)
npuchk: [_ZN6npuchk4vdivERA64_fPfS2_h7Literal] -> (nil)
npuchk: [_ZN6npuchk4vdivERA128_N7float165Fp16TEPS1_S4_h7Literal] -> (nil)
npuchk: [_ZN6npuchk7vcmp_eqERhPN7float165Fp16TES3_h] -> (nil)
npuchk: [_ZN6npuchk7vcmp_neERhPN7float165Fp16TES3_h] -> (nil)
npuchk: [_ZN6npuchk7vcmp_gtERhPN7float165Fp16TES3_h] -> (nil)
npuchk: [_ZN6npuchk7vcmp_geERhPN7float165Fp16TES3_h] -> (nil)
npuchk: [_ZN6npuchk7vcmp_ltERhPN7float165Fp16TES3_h] -> (nil)
npuchk: [_ZN6npuchk7vcmp_leERhPN7float165Fp16TES3_h] -> (nil)
npuchk: [_ZN6npuchk7vcmp_eqERhPfS1_h] -> (nil)
npuchk: [_ZN6npuchk7vcmp_neERhPfS1_h] -> (nil)
npuchk: [_ZN6npuchk7vcmp_gtERhPfS1_h] -> (nil)
npuchk: [_ZN6npuchk7vcmp_geERhPfS1_h] -> (nil)
npuchk: [_ZN6npuchk7vcmp_ltERhPfS1_h] -> (nil)
npuchk: [_ZN6npuchk7vcmp_leERhPfS1_h] -> (nil)
npuchk: [_ZN6npuchk4vselERA128_N7float165Fp16TEPS1_S4_h] -> (nil)
npuchk: [_ZN6npuchk4vselERA64_fPfS2_h] -> (nil)
npuchk: [_ZN6npuchk3vbrERA128_N7float165Fp16TES1_] -> (nil)
npuchk: [_ZN6npuchk3vbrERA128_tt] -> (nil)
npuchk: [_ZN6npuchk3vbrERA128_ss] -> (nil)
npuchk: [_ZN6npuchk3vbrERA64_ff] -> (nil)
npuchk: [_ZN6npuchk3vbrERA64_jj] -> (nil)
npuchk: [_ZN6npuchk3vbrERA64_ii] -> (nil)
npuchk: [_ZN6npuchk6sprclrE7Literal] -> (nil)
npuchk: [_ZN6npuchk4pmovERhhh] -> (nil)
npuchk: [_ZN6npuchk4vsqzERA128_N7float165Fp16TEPS1_h7Literal] -> (nil)
npuchk: [_ZN6npuchk4vsqzERA128_tPth7Literal] -> (nil)
npuchk: [_ZN6npuchk4vsqzERA128_sPsh7Literal] -> (nil)
npuchk: [_ZN6npuchk4vsqzERA64_fPfh7Literal] -> (nil)
npuchk: [_ZN6npuchk4vsqzERA64_jPjh7Literal] -> (nil)
npuchk: [_ZN6npuchk4vsqzERA64_iPih7Literal] -> (nil)
npuchk: [_ZN6npuchk5vsturERA32_aPN7float165Fp16TES4_7Literal] -> (nil)
npuchk: [_ZN6npuchk5vsturERA32_aPtS2_7Literal] -> (nil)
npuchk: [_ZN6npuchk5vsturERA32_aPsS2_7Literal] -> (nil)
npuchk: [_ZN6npuchk5vsturERA32_aPfS2_7Literal] -> (nil)
npuchk: [_ZN6npuchk5vsturERA32_aPjS2_7Literal] -> (nil)
npuchk: [_ZN6npuchk5vsturERA32_aPiS2_7Literal] -> (nil)
npuchk: [_ZN6npuchk5vstarEPaPN7float165Fp16TE] -> (nil)
npuchk: [_ZN6npuchk5vstarEPaPs] -> (nil)
npuchk: [_ZN6npuchk5vstarEPaPt] -> (nil)
npuchk: [_ZN6npuchk5vstarEPaPf] -> (nil)
npuchk: [_ZN6npuchk5vstarEPaPi] -> (nil)
npuchk: [_ZN6npuchk5vstarEPaPj] -> (nil)
npuchk: [_ZN6npuchk6pge_b8E7Literal] -> (nil)
npuchk: [_ZN6npuchk7pge_b16E7Literal] -> (nil)
npuchk: [_ZN6npuchk7pge_b32E7Literal] -> (nil)
npuchk: [_ZN6npuchk7pset_b8E7Literal] -> (nil)
npuchk: [_ZN6npuchk8pset_b16E7Literal] -> (nil)
npuchk: [_ZN6npuchk8pset_b32E7Literal] -> (nil)
npuchk: [_ZN6npuchk5vldasERA32_aPh] -> (nil)
npuchk: [_ZN6npuchk5vldasERA32_aPN7float165Fp16TE] -> (nil)
npuchk: [_ZN6npuchk5vldasERA32_aPt] -> (nil)
npuchk: [_ZN6npuchk5vldasERA32_aPs] -> (nil)
npuchk: [_ZN6npuchk5vldasERA32_aPf] -> (nil)
npuchk: [_ZN6npuchk5vldasERA32_aPj] -> (nil)
npuchk: [_ZN6npuchk5vldasERA32_aPi] -> (nil)
npuchk: [_ZN6npuchk5vldusERA256_hRA32_aRPhj7Literal] -> (nil)
npuchk: [_ZN6npuchk5vldusERA128_N7float165Fp16TERA32_aRPS1_j7Literal] -> (nil)
npuchk: [_ZN6npuchk5vldusERA128_tRA32_aRPtj7Literal] -> (nil)
npuchk: [_ZN6npuchk5vldusERA128_sRA32_aRPsj7Literal] -> (nil)
npuchk: [_ZN6npuchk5vldusERA64_fRA32_aRPfj7Literal] -> (nil)
npuchk: [_ZN6npuchk5vldusERA64_jRA32_aRPjj7Literal] -> (nil)
npuchk: [_ZN6npuchk5vldusERA64_iRA32_aRPij7Literal] -> (nil)
npuchk: [_ZN6npuchk4vdupERA256_hhh7Literal] -> (nil)
npuchk: [_ZN6npuchk4vdupERA256_aah7Literal] -> (nil)
npuchk: [_ZN6npuchk4vdupERA128_tth7Literal] -> (nil)
npuchk: [_ZN6npuchk4vdupERA128_ssh7Literal] -> (nil)
npuchk: [_ZN6npuchk4vdupERA64_iih7Literal] -> (nil)
npuchk: [_ZN6npuchk4vdupERA64_jjh7Literal] -> (nil)
npuchk: [_ZN6npuchk4vdupERA64_ffh7Literal] -> (nil)
npuchk: [_ZN6npuchk4vdupERA128_N7float165Fp16TES1_h7Literal] -> (nil)
npuchk: [_ZN6npuchk3vldERA256_aPai7Literal] -> (nil)
npuchk: [_ZN6npuchk3vldERA256_hPhi7Literal] -> (nil)
npuchk: [_ZN6npuchk3vldERA128_sPsi7Literal] -> (nil)
npuchk: [_ZN6npuchk3vldERA128_tPti7Literal] -> (nil)
npuchk: [_ZN6npuchk3vldERA64_iPii7Literal] -> (nil)
npuchk: [_ZN6npuchk3vldERA64_jPji7Literal] -> (nil)
npuchk: [_ZN6npuchk3vldERA32_lPli7Literal] -> (nil)
npuchk: [_ZN6npuchk3vldERA32_mPmi7Literal] -> (nil)
npuchk: [_ZN6npuchk3vldERA128_N8bfloat165Bf16TEPS1_i7Literal] -> (nil)
npuchk: [_ZN6npuchk3vldERA128_N7float165Fp16TEPS1_i7Literal] -> (nil)
npuchk: [_ZN6npuchk3vldERA64_fPfi7Literal] -> (nil)
npuchk: [_ZN6npuchk3vldERA256_aPa7Literal] -> (nil)
npuchk: [_ZN6npuchk3vldERA256_hPh7Literal] -> (nil)
npuchk: [_ZN6npuchk3vldERA128_sPs7Literal] -> (nil)
npuchk: [_ZN6npuchk3vldERA128_tPt7Literal] -> (nil)
npuchk: [_ZN6npuchk3vldERA64_iPi7Literal] -> (nil)
npuchk: [_ZN6npuchk3vldERA64_jPj7Literal] -> (nil)
npuchk: [_ZN6npuchk3vldERA32_lPl7Literal] -> (nil)
npuchk: [_ZN6npuchk3vldERA32_mPm7Literal] -> (nil)
npuchk: [_ZN6npuchk3vldERA128_N8bfloat165Bf16TEPS1_7Literal] -> (nil)
npuchk: [_ZN6npuchk3vldERA128_N7float165Fp16TEPS1_7Literal] -> (nil)
npuchk: [_ZN6npuchk3vldERA64_fPf7Literal] -> (nil)
npuchk: [_ZN6npuchk3vldERA256_aS1_Pai7Literal] -> (nil)
npuchk: [_ZN6npuchk3vldERA256_hS1_Phi7Literal] -> (nil)
npuchk: [_ZN6npuchk3vldERA128_sS1_Psi7Literal] -> (nil)
npuchk: [_ZN6npuchk3vldERA128_tS1_Pti7Literal] -> (nil)
npuchk: [_ZN6npuchk3vldERA64_iS1_Pii7Literal] -> (nil)
npuchk: [_ZN6npuchk3vldERA64_jS1_Pji7Literal] -> (nil)
npuchk: [_ZN6npuchk3vldERA32_mS1_Pmi7Literal] -> (nil)
npuchk: [_ZN6npuchk3vldERA32_lS1_Pli7Literal] -> (nil)
npuchk: [_ZN6npuchk3vldERA128_N8bfloat165Bf16TES3_PS1_i7Literal] -> (nil)
npuchk: [_ZN6npuchk3vldERA128_N7float165Fp16TES3_PS1_i7Literal] -> (nil)
npuchk: [_ZN6npuchk3vldERA64_fS1_Pfi7Literal] -> (nil)
npuchk: [_ZN6npuchk3vldERA256_aS1_Pa7Literal] -> (nil)
npuchk: [_ZN6npuchk3vldERA256_hS1_Ph7Literal] -> (nil)
npuchk: [_ZN6npuchk3vldERA128_sS1_Ps7Literal] -> (nil)
npuchk: [_ZN6npuchk3vldERA128_tS1_Pt7Literal] -> (nil)
npuchk: [_ZN6npuchk3vldERA64_iS1_Pi7Literal] -> (nil)
npuchk: [_ZN6npuchk3vldERA64_jS1_Pj7Literal] -> (nil)
npuchk: [_ZN6npuchk3vldERA32_mS1_Pm7Literal] -> (nil)
npuchk: [_ZN6npuchk3vldERA32_lS1_Pl7Literal] -> (nil)
npuchk: [_ZN6npuchk3vldERA128_N8bfloat165Bf16TES3_PS1_7Literal] -> (nil)
npuchk: [_ZN6npuchk3vldERA128_N7float165Fp16TES3_PS1_7Literal] -> (nil)
npuchk: [_ZN6npuchk3vldERA64_fS1_Pf7Literal] -> (nil)
npuchk: [_ZN6npuchk4vldsERA256_aPai7Literal] -> (nil)
npuchk: [_ZN6npuchk4vldsERA256_hPhi7Literal] -> (nil)
npuchk: [_ZN6npuchk4vldsERA128_sPsi7Literal] -> (nil)
npuchk: [_ZN6npuchk4vldsERA128_tPti7Literal] -> (nil)
npuchk: [_ZN6npuchk4vldsERA64_iPii7Literal] -> (nil)
npuchk: [_ZN6npuchk4vldsERA64_jPji7Literal] -> (nil)
npuchk: [_ZN6npuchk4vldsERA32_mPmi7Literal] -> (nil)
npuchk: [_ZN6npuchk4vldsERA32_lPli7Literal] -> (nil)
npuchk: [_ZN6npuchk4vldsERA128_N8bfloat165Bf16TEPS1_i7Literal] -> (nil)
npuchk: [_ZN6npuchk4vldsERA128_N7float165Fp16TEPS1_i7Literal] -> (nil)
npuchk: [_ZN6npuchk4vldsERA64_fPfi7Literal] -> (nil)
npuchk: [_ZN6npuchk5vaddsERA64_iPiih7Literal] -> (nil)
npuchk: [_ZN6npuchk5vaddsERA64_jPjjh7Literal] -> (nil)
npuchk: [_ZN6npuchk5vaddsERA128_sPssh7Literal] -> (nil)
npuchk: [_ZN6npuchk5vaddsERA128_tPtth7Literal] -> (nil)
npuchk: [_ZN6npuchk5vaddsERA256_aPaah7Literal] -> (nil)
npuchk: [_ZN6npuchk5vaddsERA256_hPhhh7Literal] -> (nil)
npuchk: [_ZN6npuchk5vaddsERA64_fPffh7Literal] -> (nil)
npuchk: [_ZN6npuchk5vaddsERA128_N7float165Fp16TEPS1_S1_h7Literal] -> (nil)
npuchk: [_ZN6npuchk5vmulsERA64_iPiih7Literal] -> (nil)
npuchk: [_ZN6npuchk5vmulsERA64_jPjjh7Literal] -> (nil)
npuchk: [_ZN6npuchk5vmulsERA128_sPssh7Literal] -> (nil)
npuchk: [_ZN6npuchk5vmulsERA128_tPtth7Literal] -> (nil)
npuchk: [_ZN6npuchk5vmulsERA256_aPaah7Literal] -> (nil)
npuchk: [_ZN6npuchk5vmulsERA256_hPhhh7Literal] -> (nil)
npuchk: [_ZN6npuchk5vmulsERA64_fPffh7Literal] -> (nil)
npuchk: [_ZN6npuchk5vmulsERA128_N7float165Fp16TEPS1_S1_h7Literal] -> (nil)
npuchk: [_ZN6npuchk5vmaxsERA64_iPiih7Literal] -> (nil)
npuchk: [_ZN6npuchk5vmaxsERA64_jPjjh7Literal] -> (nil)
npuchk: [_ZN6npuchk5vmaxsERA128_sPssh7Literal] -> (nil)
npuchk: [_ZN6npuchk5vmaxsERA128_tPtth7Literal] -> (nil)
npuchk: [_ZN6npuchk5vmaxsERA256_aPaah7Literal] -> (nil)
npuchk: [_ZN6npuchk5vmaxsERA256_hPhhh7Literal] -> (nil)
npuchk: [_ZN6npuchk5vmaxsERA64_fPffh7Literal] -> (nil)
npuchk: [_ZN6npuchk5vmaxsERA128_N7float165Fp16TEPS1_S1_h7Literal] -> (nil)
npuchk: [_ZN6npuchk5vminsERA64_iPiih7Literal] -> (nil)
npuchk: [_ZN6npuchk5vminsERA64_jPjjh7Literal] -> (nil)
npuchk: [_ZN6npuchk5vminsERA128_sPssh7Literal] -> (nil)
npuchk: [_ZN6npuchk5vminsERA128_tPtth7Literal] -> (nil)
npuchk: [_ZN6npuchk5vminsERA256_aPaah7Literal] -> (nil)
npuchk: [_ZN6npuchk5vminsERA256_hPhhh7Literal] -> (nil)
npuchk: [_ZN6npuchk5vminsERA64_fPffh7Literal] -> (nil)
npuchk: [_ZN6npuchk5vminsERA128_N7float165Fp16TEPS1_S1_h7Literal] -> (nil)
npuchk: [_ZN6npuchk5vshlsERA64_iPish7Literal] -> (nil)
npuchk: [_ZN6npuchk5vshlsERA64_jPjsh7Literal] -> (nil)
npuchk: [_ZN6npuchk5vshlsERA128_sPssh7Literal] -> (nil)
npuchk: [_ZN6npuchk5vshlsERA128_tPtsh7Literal] -> (nil)
npuchk: [_ZN6npuchk5vshlsERA256_aPash7Literal] -> (nil)
npuchk: [_ZN6npuchk5vshlsERA256_hPhsh7Literal] -> (nil)
npuchk: [_ZN6npuchk5vshrsERA64_iPish7Literal] -> (nil)
npuchk: [_ZN6npuchk5vshrsERA64_jPjsh7Literal] -> (nil)
npuchk: [_ZN6npuchk5vshrsERA128_sPssh7Literal] -> (nil)
npuchk: [_ZN6npuchk5vshrsERA128_tPtsh7Literal] -> (nil)
npuchk: [_ZN6npuchk5vshrsERA256_aPash7Literal] -> (nil)
npuchk: [_ZN6npuchk5vshrsERA256_hPhsh7Literal] -> (nil)
npuchk: [_ZN6npuchk6vlreluERA64_fPffh7Literal] -> (nil)
npuchk: [_ZN6npuchk6vlreluERA128_N7float165Fp16TEPS1_S1_h7Literal] -> (nil)
npuchk: [_ZN6npuchk10use_pipe_vEv] -> 0xffff8f0da5dc
npuchk: [_ZN6npuchk11use_pipe_v2Ev] -> 0xffff8f0da758
npuchk: [_ZN6npuchk8v4dtransEPtS0_m] -> 0xffff8f0da8d8
npuchk: [_ZN6npuchk8v4dtransEPtS0_ttb] -> 0xffff8f0dab68
npuchk: [_ZN6npuchk8v4dtransEPjS0_m] -> 0xffff8f0dae88
npuchk: [_ZN6npuchk8v4dtransEPjS0_ttb] -> 0xffff8f0db118
npuchk: [_ZN6npuchk8v4dtransEPhS0_m] -> 0xffff8f0db438
npuchk: [_ZN6npuchk8v4dtransEPhS0_ttb] -> 0xffff8f0db6c8
npuchk: [_ZN6npuchk5vaaddEPN7float165Fp16TES2_S2_m] -> 0xffff8f0db9e8
npuchk: [_ZN6npuchk5vaaddEPN7float165Fp16TES2_S2_hhhhhhh] -> (nil)
npuchk: [_ZN6npuchk5vaaddEPN7float165Fp16TES2_S2_hhhhhhhbb] -> (nil)
npuchk: [_ZN6npuchk5vaaddEPfS0_S0_m] -> 0xffff8f0dbcd8
npuchk: [_ZN6npuchk5vaaddEPfS0_S0_hhhhhhh] -> (nil)
npuchk: [_ZN6npuchk5vaaddEPfS0_S0_hhhhhhhbb] -> (nil)
npuchk: [_ZN6npuchk4vabsEPN7float165Fp16TES2_m] -> 0xffff8efefacc
npuchk: [_ZN6npuchk4vabsEPN7float165Fp16TES2_htthh] -> 0xffff8efefd5c
npuchk: [_ZN6npuchk4vabsEPN7float165Fp16TES2_htthhbb] -> 0xffff8f0dbfc8
npuchk: [_ZN6npuchk4vabsEPN7float165Fp16TES2_htttt] -> 0xffff8eff0130
npuchk: [_ZN6npuchk4vabsEPfS0_m] -> 0xffff8eff0518
npuchk: [_ZN6npuchk4vabsEPfS0_htthh] -> 0xffff8eff07a8
npuchk: [_ZN6npuchk4vabsEPfS0_htthhbb] -> 0xffff8f0dc428
npuchk: [_ZN6npuchk4vabsEPfS0_htttt] -> 0xffff8eff0b7c
npuchk: [_ZN6npuchk4vabsEPsS0_m] -> (nil)
npuchk: [_ZN6npuchk4vabsEPsS0_htthh] -> (nil)
npuchk: [_ZN6npuchk4vabsEPsS0_htthhbb] -> (nil)
npuchk: [_ZN6npuchk4vabsEPsS0_htttt] -> (nil)
npuchk: [_ZN6npuchk4vaddEPN7float165Fp16TES2_S2_m] -> 0xffff8eff0f64
npuchk: [_ZN6npuchk4vaddEPN7float165Fp16TES2_S2_hhhhhhh] -> 0xffff8eff1250
npuchk: [_ZN6npuchk4vaddEPN7float165Fp16TES2_S2_hhhhhhhbb] -> 0xffff8f0dc888
npuchk: [_ZN6npuchk4vaddEPfS0_S0_hhhhhhh] -> 0xffff8eff1738
npuchk: [_ZN6npuchk4vaddEPfS0_S0_hhhhhhhbb] -> 0xffff8f0dcdf8
npuchk: [_ZN6npuchk4vaddEPsS0_S0_m] -> 0xffff8eff1c20
npuchk: [_ZN6npuchk4vaddEPsS0_S0_hhhhhhh] -> 0xffff8eff1f0c
npuchk: [_ZN6npuchk4vaddEPsS0_S0_hhhhhhhbb] -> 0xffff8f0dd368
npuchk: [_ZN6npuchk4vaddEPiS0_S0_m] -> 0xffff8eff23f4
npuchk: [_ZN6npuchk4vaddEPiS0_S0_hhhhhhh] -> 0xffff8eff26e0
npuchk: [_ZN6npuchk4vaddEPiS0_S0_hhhhhhhbb] -> 0xffff8f0dd8d8
npuchk: [_ZN6npuchk11vadddeqreluEPN7float165Fp16TEPiS3_m] -> 0xffff8f0dde48
npuchk: [_ZN6npuchk11vadddeqreluEPN7float165Fp16TEPiS3_hhhhhhh] -> 0xffff8f0de138
npuchk: [_ZN6npuchk11vadddeqreluEPN7float165Fp16TEPiS3_hhhhhhhbb] -> 0xffff8f0de624
npuchk: [_ZN6npuchk8vaddreluEPN7float165Fp16TES2_S2_m] -> 0xffff8eff2bc8
npuchk: [_ZN6npuchk8vaddreluEPN7float165Fp16TES2_S2_hhhhhhhbb] -> 0xffff8f0deb98
npuchk: [_ZN6npuchk8vaddreluEPN7float165Fp16TES2_S2_hhhhhhh] -> 0xffff8eff2eb4
npuchk: [_ZN6npuchk8vaddreluEPfS0_S0_m] -> 0xffff8eff339c
npuchk: [_ZN6npuchk8vaddreluEPfS0_S0_hhhhhhhbb] -> 0xffff8f0df108
npuchk: [_ZN6npuchk8vaddreluEPfS0_S0_hhhhhhh] -> 0xffff8eff3688
npuchk: [_ZN6npuchk8vaddreluEPsS0_S0_m] -> 0xffff8eff3b70
npuchk: [_ZN6npuchk8vaddreluEPsS0_S0_hhhhhhhbb] -> 0xffff8f0df678
npuchk: [_ZN6npuchk8vaddreluEPsS0_S0_hhhhhhh] -> 0xffff8eff3e5c
npuchk: [_ZN6npuchk19vaddreluconv_f162s8EPaPN7float165Fp16TES3_mb] -> 0xffff8eff4344
npuchk: [_ZN6npuchk19vaddreluconv_f162s8EPaPN7float165Fp16TES3_hhhhhhhbbb] -> 0xffff8f0dfbe8
npuchk: [_ZN6npuchk19vaddreluconv_f162s8EPaPN7float165Fp16TES3_hhhhhhhb] -> 0xffff8eff4690
npuchk: [_ZN6npuchk20vaddreluconv_f322f16EPN7float165Fp16TEPfS3_mb] -> 0xffff8eff4bd4
npuchk: [_ZN6npuchk20vaddreluconv_f322f16EPN7float165Fp16TEPfS3_hhhhhhhbbb] -> 0xffff8f0e01b4
npuchk: [_ZN6npuchk20vaddreluconv_f322f16EPN7float165Fp16TEPfS3_hhhhhhhb] -> 0xffff8eff4f20
npuchk: [_ZN6npuchk19vaddreluconv_s162s8EPaPsS1_mb] -> 0xffff8eff5464
npuchk: [_ZN6npuchk19vaddreluconv_s162s8EPaPsS1_hhhhhhhbbb] -> 0xffff8f0e0780
npuchk: [_ZN6npuchk19vaddreluconv_s162s8EPaPsS1_hhhhhhhb] -> 0xffff8eff57b0
npuchk: [_ZN6npuchk23vaddreluconv_vdeqs162b8EPaPsS1_mb] -> (nil)
npuchk: [_ZN6npuchk23vaddreluconv_vdeqs162b8EPhPsS1_mb] -> (nil)
npuchk: [_ZN6npuchk23vaddreluconv_vdeqs162b8EPhPsS1_hhhhhhhbbb] -> (nil)
npuchk: [_ZN6npuchk23vaddreluconv_vdeqs162b8EPhPsS1_hhhhhhhb] -> (nil)
npuchk: [_ZN6npuchk23vaddreluconv_vdeqs162b8EPaPsS1_hhhhhhhbbb] -> (nil)
npuchk: [_ZN6npuchk23vaddreluconv_vdeqs162b8EPaPsS1_hhhhhhhb] -> (nil)
npuchk: [_ZN6npuchk5vaddsEPN7float165Fp16TES2_S1_m] -> 0xffff8eff5cf4
npuchk: [_ZN6npuchk5vaddsEPN7float165Fp16TES2_S1_htthh] -> 0xffff8eff5fec
npuchk: [_ZN6npuchk5vaddsEPN7float165Fp16TES2_S1_htthhbb] -> 0xffff8f0e0d4c
npuchk: [_ZN6npuchk5vaddsEPN7float165Fp16TES2_S1_htttt] -> 0xffff8eff6428
npuchk: [_ZN6npuchk5vaddsEPfS0_fm] -> 0xffff8eff6878
npuchk: [_ZN6npuchk5vaddsEPfS0_fhtthh] -> 0xffff8eff6b64
npuchk: [_ZN6npuchk5vaddsEPfS0_fhtthhbb] -> 0xffff8f0e1210
npuchk: [_ZN6npuchk5vaddsEPfS0_fhtttt] -> 0xffff8eff6f94
npuchk: [_ZN6npuchk5vaddsEPsS0_sm] -> 0xffff8eff73d8
npuchk: [_ZN6npuchk5vaddsEPsS0_shtthh] -> 0xffff8eff76bc
npuchk: [_ZN6npuchk5vaddsEPsS0_shtthhbb] -> 0xffff8f0e16cc
npuchk: [_ZN6npuchk5vaddsEPsS0_shtttt] -> 0xffff8eff7ae4
npuchk: [_ZN6npuchk5vaddsEPiS0_im] -> 0xffff8eff7f20
npuchk: [_ZN6npuchk5vaddsEPiS0_ihtthh] -> 0xffff8eff8204
npuchk: [_ZN6npuchk5vaddsEPiS0_ihtthhbb] -> 0xffff8f0e1b7c
npuchk: [_ZN6npuchk5vaddsEPiS0_ihtttt] -> 0xffff8eff862c
npuchk: [_ZN6npuchk4vandEPsS0_S0_m] -> 0xffff8eff8a68
npuchk: [_ZN6npuchk4vandEPsS0_S0_hhhhhhh] -> 0xffff8eff8d58
npuchk: [_ZN6npuchk4vandEPsS0_S0_hhhhhhhbb] -> 0xffff8f0e202c
npuchk: [_ZN6npuchk4vandEPtS0_S0_m] -> 0xffff8eff9244
npuchk: [_ZN6npuchk4vandEPtS0_S0_hhhhhhh] -> 0xffff8eff9534
npuchk: [_ZN6npuchk4vandEPtS0_S0_hhhhhhhbb] -> 0xffff8f0e25a0
npuchk: [_ZN6npuchk5vaxpyEPN7float165Fp16TES2_S1_m] -> 0xffff8eff9a20
npuchk: [_ZN6npuchk5vaxpyEPN7float165Fp16TES2_S1_htthh] -> 0xffff8eff9d18
npuchk: [_ZN6npuchk5vaxpyEPN7float165Fp16TES2_S1_htthhbb] -> 0xffff8f0e2b14
npuchk: [_ZN6npuchk5vaxpyEPN7float165Fp16TES2_S1_htttt] -> 0xffff8effa154
npuchk: [_ZN6npuchk5vaxpyEPfS0_fm] -> 0xffff8effa5a4
npuchk: [_ZN6npuchk5vaxpyEPfS0_fhtthh] -> 0xffff8effa890
npuchk: [_ZN6npuchk5vaxpyEPfS0_fhtthhbb] -> 0xffff8f0e2fd8
npuchk: [_ZN6npuchk5vaxpyEPfS0_fhtttt] -> 0xffff8effacc0
npuchk: [_ZN6npuchk5vaxpyEPfPN7float165Fp16TES2_m] -> 0xffff8effb104
npuchk: [_ZN6npuchk5vaxpyEPfPN7float165Fp16TES2_htthh] -> 0xffff8effb3fc
npuchk: [_ZN6npuchk5vaxpyEPfPN7float165Fp16TES2_htthhbb] -> 0xffff8f0e3494
npuchk: [_ZN6npuchk5vaxpyEPfPN7float165Fp16TES2_htttt] -> 0xffff8effb838
npuchk: [_ZN6npuchk3vbiEPN7float165Fp16TEPtS2_m] -> 0xffff8f0e3958
npuchk: [_ZN6npuchk3vbiEPN7float165Fp16TEPtS2_hbtth] -> 0xffff8f0e3c40
npuchk: [_ZN6npuchk8vbitsortEPN7float165Fp16TES2_m] -> 0xffff8f0e4060
npuchk: [_ZN6npuchk8vbitsortEPN7float165Fp16TES2_htthh] -> (nil)
npuchk: [_ZN6npuchk8vbitsortEPN7float165Fp16TES2_htthhbb] -> (nil)
npuchk: [_ZN6npuchk8vbitsortEPfS0_m] -> 0xffff8f0e42f4
npuchk: [_ZN6npuchk8vbitsortEPfS0_htthh] -> (nil)
npuchk: [_ZN6npuchk8vbitsortEPfS0_htthhbb] -> (nil)
npuchk: [_ZN6npuchk8vbitsortEPN7float165Fp16TES2_Pjm] -> 0xffff8effbc88
npuchk: [_ZN6npuchk8vbitsortEPN7float165Fp16TES2_Pjhhhhhhhbb] -> (nil)
npuchk: [_ZN6npuchk8vbitsortEPfS0_Pjm] -> 0xffff8effbf7c
npuchk: [_ZN6npuchk8vbitsortEPfS0_Pjhhhhhhhbb] -> (nil)
npuchk: [_ZN6npuchk8vbitsortEPN7float165Fp16TES2_Pjhhhhhhh] -> (nil)
npuchk: [_ZN6npuchk8vbitsortEPfS0_Pjhhhhhhh] -> (nil)
npuchk: [_ZN6npuchk5vbrcbEPtS0_m] -> 0xffff8effc270
npuchk: [_ZN6npuchk5vbrcbEPtS0_tth] -> 0xffff8effc500
npuchk: [_ZN6npuchk5vbrcbEPjS0_m] -> 0xffff8effc858
npuchk: [_ZN6npuchk5vbrcbEPjS0_tth] -> 0xffff8effcae8
npuchk: [_ZN6npuchk5vcaddEPN7float165Fp16TES2_m] -> 0xffff8f0e4588
npuchk: [_ZN6npuchk5vcaddEPN7float165Fp16TES2_httt] -> 0xffff8f0e4818
npuchk: [_ZN6npuchk5vcaddEPN7float165Fp16TES2_htttbb] -> 0xffff8f0e4b8c
npuchk: [_ZN6npuchk5vcaddEPN7float165Fp16TES2_mb] -> 0xffff8effce40
npuchk: [_ZN6npuchk5vcaddEPN7float165Fp16TES2_htttb] -> 0xffff8effd134
npuchk: [_ZN6npuchk5vcaddEPfS0_m] -> 0xffff8f0e4f90
npuchk: [_ZN6npuchk5vcaddEPfS0_httt] -> 0xffff8f0e5220
npuchk: [_ZN6npuchk5vcaddEPfS0_htttbb] -> 0xffff8f0e5594
npuchk: [_ZN6npuchk5vcaddEPfS0_mb] -> 0xffff8effd50c
npuchk: [_ZN6npuchk5vcaddEPfS0_htttb] -> 0xffff8effd800
npuchk: [_ZN6npuchk5vcaddERA128_N7float165Fp16TEPS1_h7Literal] -> (nil)
npuchk: [_ZN6npuchk5vcaddERA64_fPfh7Literal] -> (nil)
npuchk: [_ZN6npuchk5vcmaxERA128_N7float165Fp16TEPS1_h7Literal] -> (nil)
npuchk: [_ZN6npuchk5vcmaxERA64_fPfh7Literal] -> (nil)
npuchk: [_ZN6npuchk5vcminERA128_N7float165Fp16TEPS1_h7Literal] -> (nil)
npuchk: [_ZN6npuchk5vcminERA64_fPfh7Literal] -> (nil)
npuchk: [_ZN6npuchk12vcbd_s162s32EPiPsm] -> (nil)
npuchk: [_ZN6npuchk12vcbd_s162s32EPiPshtthhbb] -> (nil)
npuchk: [_ZN6npuchk12vcbd_s162u32EPjPsm] -> (nil)
npuchk: [_ZN6npuchk12vcbd_s162u32EPjPshtthhbb] -> (nil)
npuchk: [_ZN6npuchk11vcbd_s162u8EPhPsm] -> (nil)
npuchk: [_ZN6npuchk11vcbd_s162u8EPhPshtthhbb] -> (nil)
npuchk: [_ZN6npuchk12vcbd_s322s16EPsPim] -> 0xffff8f0e5998
npuchk: [_ZN6npuchk12vcbd_s322s16EPsPihtthhbb] -> 0xffff8f0e5c28
npuchk: [_ZN6npuchk12vcbd_s322u16EPtPim] -> (nil)
npuchk: [_ZN6npuchk12vcbd_s322u16EPtPihtthhbb] -> (nil)
npuchk: [_ZN6npuchk11vcbd_s322u8EPhPim] -> (nil)
npuchk: [_ZN6npuchk11vcbd_s322u8EPhPihtthhbb] -> (nil)
npuchk: [_ZN6npuchk12vcbd_u162s32EPiPtm] -> (nil)
npuchk: [_ZN6npuchk12vcbd_u162s32EPiPthtthhbb] -> (nil)
npuchk: [_ZN6npuchk12vcbd_u162u32EPjPtm] -> (nil)
npuchk: [_ZN6npuchk12vcbd_u162u32EPjPthtthhbb] -> (nil)
npuchk: [_ZN6npuchk11vcbd_u162u8EPhPtm] -> (nil)
npuchk: [_ZN6npuchk11vcbd_u162u8EPhPthtthhbb] -> (nil)
npuchk: [_ZN6npuchk12vcbd_u322s16EPsPjm] -> (nil)
npuchk: [_ZN6npuchk12vcbd_u322s16EPsPjhtthhbb] -> (nil)
npuchk: [_ZN6npuchk12vcbd_u322u16EPtPjm] -> (nil)
npuchk: [_ZN6npuchk12vcbd_u322u16EPtPjhtthhbb] -> (nil)
npuchk: [_ZN6npuchk11vcbd_u322u8EPhPjm] -> (nil)
npuchk: [_ZN6npuchk11vcbd_u322u8EPhPjhtthhbb] -> (nil)
npuchk: [_ZN6npuchk11vcbd_u82s16EPsPhm] -> (nil)
npuchk: [_ZN6npuchk11vcbd_u82s16EPsPhhtthhbb] -> (nil)
npuchk: [_ZN6npuchk11vcbd_u82s32EPiPhm] -> (nil)
npuchk: [_ZN6npuchk11vcbd_u82s32EPiPhhtthhbb] -> (nil)
npuchk: [_ZN6npuchk11vcbd_u82u16EPtPhm] -> (nil)
npuchk: [_ZN6npuchk11vcbd_u82u16EPtPhhtthhbb] -> (nil)
npuchk: [_ZN6npuchk11vcbd_u82u32EPjPhm] -> (nil)
npuchk: [_ZN6npuchk11vcbd_u82u32EPjPhhtthhbb] -> (nil)
npuchk: [_ZN6npuchk6vcgaddEPN7float165Fp16TES2_m] -> 0xffff8effdbd8
npuchk: [_ZN6npuchk6vcgaddEPN7float165Fp16TES2_httt] -> 0xffff8effde68
npuchk: [_ZN6npuchk6vcgaddEPN7float165Fp16TES2_htttbb] -> 0xffff8f0e6088
npuchk: [_ZN6npuchk6vcgaddEPfS0_m] -> 0xffff8effe1dc
npuchk: [_ZN6npuchk6vcgaddEPfS0_httt] -> 0xffff8effe46c
npuchk: [_ZN6npuchk6vcgaddEPfS0_htttbb] -> 0xffff8f0e648c
npuchk: [_ZN6npuchk6vcgaddERA128_N7float165Fp16TEPS1_h7Literal] -> (nil)
npuchk: [_ZN6npuchk6vcgaddERA64_fPfh7Literal] -> (nil)
npuchk: [_ZN6npuchk6vcgmaxERA128_N7float165Fp16TEPS1_h7Literal] -> (nil)
npuchk: [_ZN6npuchk6vcgmaxERA64_fPfh7Literal] -> (nil)
npuchk: [_ZN6npuchk6vcgminERA128_N7float165Fp16TEPS1_h7Literal] -> (nil)
npuchk: [_ZN6npuchk6vcgminERA64_fPfh7Literal] -> (nil)
npuchk: [_ZN6npuchk6vcpaddERA128_N7float165Fp16TEPS1_h7Literal] -> (nil)
npuchk: [_ZN6npuchk6vcpaddERA64_fPfh7Literal] -> (nil)
npuchk: [_ZN6npuchk6vcgmaxEPN7float165Fp16TES2_m] -> 0xffff8effe7e0
npuchk: [_ZN6npuchk6vcgmaxEPN7float165Fp16TES2_httt] -> 0xffff8effea70
npuchk: [_ZN6npuchk6vcgmaxEPN7float165Fp16TES2_htttbb] -> 0xffff8f0e6890
npuchk: [_ZN6npuchk6vcgmaxEPfS0_m] -> 0xffff8effede4
npuchk: [_ZN6npuchk6vcgmaxEPfS0_httt] -> 0xffff8efff074
npuchk: [_ZN6npuchk6vcgmaxEPfS0_htttbb] -> 0xffff8f0e6c94
npuchk: [_ZN6npuchk6vcgminEPN7float165Fp16TES2_m] -> 0xffff8efff3e8
npuchk: [_ZN6npuchk6vcgminEPN7float165Fp16TES2_httt] -> 0xffff8efff678
npuchk: [_ZN6npuchk6vcgminEPN7float165Fp16TES2_htttbb] -> 0xffff8f0e7098
npuchk: [_ZN6npuchk6vcgminEPfS0_m] -> 0xffff8efff9ec
npuchk: [_ZN6npuchk6vcgminEPfS0_httt] -> 0xffff8efffc7c
npuchk: [_ZN6npuchk6vcgminEPfS0_htttbb] -> 0xffff8f0e749c
npuchk: [_ZN6npuchk3vciEPN7float165Fp16TES1_m] -> (nil)
npuchk: [_ZN6npuchk3vciEPN7float165Fp16TES1_hthbb] -> (nil)
npuchk: [_ZN6npuchk3vciEPffm] -> (nil)
npuchk: [_ZN6npuchk3vciEPffhthbb] -> (nil)
npuchk: [_ZN6npuchk3vciEPssm] -> (nil)
npuchk: [_ZN6npuchk3vciEPsshthbb] -> (nil)
npuchk: [_ZN6npuchk3vciEPiim] -> (nil)
npuchk: [_ZN6npuchk3vciEPiihthbb] -> (nil)
npuchk: [_ZN6npuchk5vcmaxEPN7float165Fp16TES2_m] -> 0xffff8f0e78a0
npuchk: [_ZN6npuchk5vcmaxEPN7float165Fp16TES2_httt] -> 0xffff8f0e7b30
npuchk: [_ZN6npuchk5vcmaxEPN7float165Fp16TES2_htttbb] -> 0xffff8f0e7ea4
npuchk: [_ZN6npuchk5vcmaxEPN7float165Fp16TES2_mb] -> 0xffff8f0e82a8
npuchk: [_ZN6npuchk5vcmaxEPN7float165Fp16TES2_htttbbb] -> 0xffff8f0e859c
npuchk: [_ZN6npuchk5vcmaxEPN7float165Fp16TES2_m7Order_t] -> 0xffff8efffff0
npuchk: [_ZN6npuchk5vcmaxEPN7float165Fp16TES2_httt7Order_t] -> 0xffff8f0002ec
npuchk: [_ZN6npuchk5vcmaxEPfS0_mb] -> 0xffff8f0e8a00
npuchk: [_ZN6npuchk5vcmaxEPfS0_htttbbb] -> 0xffff8f0e8cf4
npuchk: [_ZN6npuchk5vcmaxEPfS0_m7Order_t] -> 0xffff8f0006cc
npuchk: [_ZN6npuchk5vcmaxEPfS0_httt7Order_t] -> 0xffff8f0009c8
npuchk: [_ZN6npuchk5vcmaxEPtS0_mb] -> (nil)
npuchk: [_ZN6npuchk5vcmaxEPtS0_htttbbb] -> (nil)
npuchk: [_ZN6npuchk5vcminEPN7float165Fp16TES2_m] -> 0xffff8f0e9158
npuchk: [_ZN6npuchk5vcminEPN7float165Fp16TES2_httt] -> 0xffff8f0e93e8
npuchk: [_ZN6npuchk5vcminEPN7float165Fp16TES2_htttbb] -> 0xffff8f0e975c
npuchk: [_ZN6npuchk5vcminEPN7float165Fp16TES2_mb] -> 0xffff8f0e9b60
npuchk: [_ZN6npuchk5vcminEPN7float165Fp16TES2_htttbbb] -> 0xffff8f0e9e54
npuchk: [_ZN6npuchk5vcminEPN7float165Fp16TES2_m7Order_t] -> 0xffff8f000da8
npuchk: [_ZN6npuchk5vcminEPN7float165Fp16TES2_httt7Order_t] -> 0xffff8f0010a4
npuchk: [_ZN6npuchk5vcminEPfS0_mb] -> 0xffff8f0ea2b8
npuchk: [_ZN6npuchk5vcminEPfS0_htttbbb] -> 0xffff8f0ea5ac
npuchk: [_ZN6npuchk5vcminEPfS0_m7Order_t] -> 0xffff8f001484
npuchk: [_ZN6npuchk5vcminEPfS0_httt7Order_t] -> 0xffff8f001780
npuchk: [_ZN6npuchk5vcminEPtS0_mb] -> (nil)
npuchk: [_ZN6npuchk5vcminEPtS0_htttbbb] -> (nil)
npuchk: [_ZN6npuchk7vcmp_eqEPN7float165Fp16TES2_m] -> 0xffff8f001b60
npuchk: [_ZN6npuchk7vcmp_eqEPN7float165Fp16TES2_hhhhhhh] -> 0xffff8f001dec
npuchk: [_ZN6npuchk7vcmp_eqEPN7float165Fp16TES2_hhhhhhhbb] -> 0xffff8f0eaa10
npuchk: [_ZN6npuchk7vcmp_eqEPfS0_m] -> 0xffff8f002278
npuchk: [_ZN6npuchk7vcmp_eqEPfS0_hhhhhhh] -> 0xffff8f002504
npuchk: [_ZN6npuchk7vcmp_eqEPfS0_hhhhhhhbb] -> 0xffff8f0eaf24
npuchk: [_ZN6npuchk7vcmp_eqEPtS0_m] -> (nil)
npuchk: [_ZN6npuchk7vcmp_eqEPtS0_hhhhhhh] -> (nil)
npuchk: [_ZN6npuchk7vcmp_eqEPtS0_hhhhhhhbb] -> (nil)
npuchk: [_ZN6npuchk7vcmp_geEPN7float165Fp16TES2_m] -> 0xffff8f002990
npuchk: [_ZN6npuchk7vcmp_geEPN7float165Fp16TES2_hhhhhhh] -> 0xffff8f002c1c
npuchk: [_ZN6npuchk7vcmp_geEPN7float165Fp16TES2_hhhhhhhbb] -> 0xffff8f0eb438
npuchk: [_ZN6npuchk7vcmp_geEPfS0_m] -> 0xffff8f0030a8
npuchk: [_ZN6npuchk7vcmp_geEPfS0_hhhhhhh] -> 0xffff8f003334
npuchk: [_ZN6npuchk7vcmp_geEPfS0_hhhhhhhbb] -> 0xffff8f0eb94c
npuchk: [_ZN6npuchk7vcmp_geEPtS0_m] -> (nil)
npuchk: [_ZN6npuchk7vcmp_geEPtS0_hhhhhhh] -> (nil)
npuchk: [_ZN6npuchk7vcmp_geEPtS0_hhhhhhhbb] -> (nil)
npuchk: [_ZN6npuchk7vcmp_gtEPN7float165Fp16TES2_m] -> 0xffff8f0037c0
npuchk: [_ZN6npuchk7vcmp_gtEPN7float165Fp16TES2_hhhhhhh] -> 0xffff8f003a4c
npuchk: [_ZN6npuchk7vcmp_gtEPN7float165Fp16TES2_hhhhhhhbb] -> 0xffff8f0ebe60
npuchk: [_ZN6npuchk7vcmp_gtEPfS0_m] -> 0xffff8f003ed8
npuchk: [_ZN6npuchk7vcmp_gtEPfS0_hhhhhhh] -> 0xffff8f004164
npuchk: [_ZN6npuchk7vcmp_gtEPfS0_hhhhhhhbb] -> 0xffff8f0ec374
npuchk: [_ZN6npuchk7vcmp_gtEPtS0_m] -> (nil)
npuchk: [_ZN6npuchk7vcmp_gtEPtS0_hhhhhhh] -> (nil)
npuchk: [_ZN6npuchk7vcmp_gtEPtS0_hhhhhhhbb] -> (nil)
npuchk: [_ZN6npuchk7vcmp_leEPN7float165Fp16TES2_m] -> 0xffff8f0045f0
npuchk: [_ZN6npuchk7vcmp_leEPN7float165Fp16TES2_hhhhhhh] -> 0xffff8f00487c
npuchk: [_ZN6npuchk7vcmp_leEPN7float165Fp16TES2_hhhhhhhbb] -> 0xffff8f0ec888
npuchk: [_ZN6npuchk7vcmp_leEPfS0_m] -> 0xffff8f004d08
npuchk: [_ZN6npuchk7vcmp_leEPfS0_hhhhhhh] -> 0xffff8f004f94
npuchk: [_ZN6npuchk7vcmp_leEPfS0_hhhhhhhbb] -> 0xffff8f0ecd9c
npuchk: [_ZN6npuchk7vcmp_leEPtS0_m] -> (nil)
npuchk: [_ZN6npuchk7vcmp_leEPtS0_hhhhhhh] -> (nil)
npuchk: [_ZN6npuchk7vcmp_leEPtS0_hhhhhhhbb] -> (nil)
npuchk: [_ZN6npuchk7vcmp_ltEPN7float165Fp16TES2_m] -> 0xffff8f005420
npuchk: [_ZN6npuchk7vcmp_ltEPN7float165Fp16TES2_hhhhhhh] -> 0xffff8f0056ac
npuchk: [_ZN6npuchk7vcmp_ltEPN7float165Fp16TES2_hhhhhhhbb] -> 0xffff8f0ed2b0
npuchk: [_ZN6npuchk7vcmp_ltEPfS0_m] -> 0xffff8f005b38
npuchk: [_ZN6npuchk7vcmp_ltEPfS0_hhhhhhh] -> 0xffff8f005dc4
npuchk: [_ZN6npuchk7vcmp_ltEPfS0_hhhhhhhbb] -> 0xffff8f0ed7c4
npuchk: [_ZN6npuchk7vcmp_ltEPtS0_m] -> (nil)
npuchk: [_ZN6npuchk7vcmp_ltEPtS0_hhhhhhh] -> (nil)
npuchk: [_ZN6npuchk7vcmp_ltEPtS0_hhhhhhhbb] -> (nil)
npuchk: [_ZN6npuchk7vcmp_neEPN7float165Fp16TES2_m] -> 0xffff8f006250
npuchk: [_ZN6npuchk7vcmp_neEPN7float165Fp16TES2_hhhhhhh] -> 0xffff8f0064dc
npuchk: [_ZN6npuchk7vcmp_neEPN7float165Fp16TES2_hhhhhhhbb] -> 0xffff8f0edcd8
npuchk: [_ZN6npuchk7vcmp_neEPfS0_m] -> 0xffff8f006968
npuchk: [_ZN6npuchk7vcmp_neEPfS0_hhhhhhh] -> 0xffff8f006bf4
npuchk: [_ZN6npuchk7vcmp_neEPfS0_hhhhhhhbb] -> 0xffff8f0ee1ec
npuchk: [_ZN6npuchk7vcmp_neEPtS0_m] -> (nil)
npuchk: [_ZN6npuchk7vcmp_neEPtS0_hhhhhhh] -> (nil)
npuchk: [_ZN6npuchk7vcmp_neEPtS0_hhhhhhhbb] -> (nil)
npuchk: [_ZN6npuchk8vcmpv_eqEPhPN7float165Fp16TES3_m] -> 0xffff8f007080
npuchk: [_ZN6npuchk8vcmpv_eqEPhPN7float165Fp16TES3_hhhhhhh] -> 0xffff8f007370
npuchk: [_ZN6npuchk8vcmpv_eqEPhPfS1_m] -> 0xffff8f00785c
npuchk: [_ZN6npuchk8vcmpv_eqEPhPfS1_hhhhhhh] -> 0xffff8f007b4c
npuchk: [_ZN6npuchk8vcmpv_eqEPhPiS1_m] -> 0xffff8f008038
npuchk: [_ZN6npuchk8vcmpv_eqEPhPiS1_hhhhhhh] -> 0xffff8f008328
npuchk: [_ZN6npuchk8vcmpv_geEPhPN7float165Fp16TES3_m] -> 0xffff8f008814
npuchk: [_ZN6npuchk8vcmpv_geEPhPN7float165Fp16TES3_hhhhhhh] -> 0xffff8f008b04
npuchk: [_ZN6npuchk8vcmpv_geEPhPfS1_m] -> 0xffff8f008ff0
npuchk: [_ZN6npuchk8vcmpv_geEPhPfS1_hhhhhhh] -> 0xffff8f0092e0
npuchk: [_ZN6npuchk8vcmpv_gtEPhPN7float165Fp16TES3_m] -> 0xffff8f0097cc
npuchk: [_ZN6npuchk8vcmpv_gtEPhPN7float165Fp16TES3_hhhhhhh] -> 0xffff8f009abc
npuchk: [_ZN6npuchk8vcmpv_gtEPhPfS1_m] -> 0xffff8f009fa8
npuchk: [_ZN6npuchk8vcmpv_gtEPhPfS1_hhhhhhh] -> 0xffff8f00a298
npuchk: [_ZN6npuchk8vcmpv_leEPhPN7float165Fp16TES3_m] -> 0xffff8f00a784
npuchk: [_ZN6npuchk8vcmpv_leEPhPN7float165Fp16TES3_hhhhhhh] -> 0xffff8f00aa74
npuchk: [_ZN6npuchk8vcmpv_leEPhPfS1_m] -> 0xffff8f00af60
npuchk: [_ZN6npuchk8vcmpv_leEPhPfS1_hhhhhhh] -> 0xffff8f00b250
npuchk: [_ZN6npuchk8vcmpv_ltEPhPN7float165Fp16TES3_m] -> 0xffff8f00b73c
npuchk: [_ZN6npuchk8vcmpv_ltEPhPN7float165Fp16TES3_hhhhhhh] -> 0xffff8f00ba2c
npuchk: [_ZN6npuchk8vcmpv_ltEPhPfS1_m] -> 0xffff8f00bf18
npuchk: [_ZN6npuchk8vcmpv_ltEPhPfS1_hhhhhhh] -> 0xffff8f00c208
npuchk: [_ZN6npuchk8vcmpv_neEPhPN7float165Fp16TES3_m] -> 0xffff8f00c6f4
npuchk: [_ZN6npuchk8vcmpv_neEPhPN7float165Fp16TES3_hhhhhhh] -> 0xffff8f00c9e4
npuchk: [_ZN6npuchk8vcmpv_neEPhPfS1_m] -> 0xffff8f00ced0
npuchk: [_ZN6npuchk8vcmpv_neEPhPfS1_hhhhhhh] -> 0xffff8f00d1c0
npuchk: [_ZN6npuchk9vcmpvs_eqEPhPN7float165Fp16TES2_m] -> 0xffff8f00d6ac
npuchk: [_ZN6npuchk9vcmpvs_eqEPhPN7float165Fp16TES2_htthh] -> 0xffff8f00d9a8
npuchk: [_ZN6npuchk9vcmpvs_eqEPhPN7float165Fp16TES2_htttt] -> 0xffff8f00dde8
npuchk: [_ZN6npuchk9vcmpvs_eqEPhPffm] -> 0xffff8f00e23c
npuchk: [_ZN6npuchk9vcmpvs_eqEPhPffhtthh] -> 0xffff8f00e52c
npuchk: [_ZN6npuchk9vcmpvs_eqEPhPffhtttt] -> 0xffff8f00e960
npuchk: [_ZN6npuchk9vcmpvs_eqEPhPiim] -> 0xffff8f00eda8
npuchk: [_ZN6npuchk9vcmpvs_eqEPhPiihtttt] -> 0xffff8f00f098
npuchk: [_ZN6npuchk9vcmpvs_geEPhPN7float165Fp16TES2_m] -> 0xffff8f00f4e0
npuchk: [_ZN6npuchk9vcmpvs_geEPhPN7float165Fp16TES2_htthh] -> 0xffff8f00f7dc
npuchk: [_ZN6npuchk9vcmpvs_geEPhPN7float165Fp16TES2_htttt] -> 0xffff8f00fc1c
npuchk: [_ZN6npuchk9vcmpvs_geEPhPffm] -> 0xffff8f010070
npuchk: [_ZN6npuchk9vcmpvs_geEPhPffhtthh] -> 0xffff8f010360
npuchk: [_ZN6npuchk9vcmpvs_geEPhPffhtttt] -> 0xffff8f010794
npuchk: [_ZN6npuchk9vcmpvs_gtEPhPN7float165Fp16TES2_m] -> 0xffff8f010bdc
npuchk: [_ZN6npuchk9vcmpvs_gtEPhPN7float165Fp16TES2_htthh] -> 0xffff8f010ed8
npuchk: [_ZN6npuchk9vcmpvs_gtEPhPN7float165Fp16TES2_htttt] -> 0xffff8f011318
npuchk: [_ZN6npuchk9vcmpvs_gtEPhPffm] -> 0xffff8f01176c
npuchk: [_ZN6npuchk9vcmpvs_gtEPhPffhtthh] -> 0xffff8f011a5c
npuchk: [_ZN6npuchk9vcmpvs_gtEPhPffhtttt] -> 0xffff8f011e90
npuchk: [_ZN6npuchk9vcmpvs_leEPhPN7float165Fp16TES2_m] -> 0xffff8f0122d8
npuchk: [_ZN6npuchk9vcmpvs_leEPhPN7float165Fp16TES2_htthh] -> 0xffff8f0125d4
npuchk: [_ZN6npuchk9vcmpvs_leEPhPN7float165Fp16TES2_htttt] -> 0xffff8f012a14
npuchk: [_ZN6npuchk9vcmpvs_leEPhPffm] -> 0xffff8f012e68
npuchk: [_ZN6npuchk9vcmpvs_leEPhPffhtthh] -> 0xffff8f013158
npuchk: [_ZN6npuchk9vcmpvs_leEPhPffhtttt] -> 0xffff8f01358c
npuchk: [_ZN6npuchk9vcmpvs_ltEPhPN7float165Fp16TES2_m] -> 0xffff8f0139d4
npuchk: [_ZN6npuchk9vcmpvs_ltEPhPN7float165Fp16TES2_htthh] -> 0xffff8f013cd0
npuchk: [_ZN6npuchk9vcmpvs_ltEPhPN7float165Fp16TES2_htttt] -> 0xffff8f014110
npuchk: [_ZN6npuchk9vcmpvs_ltEPhPffm] -> 0xffff8f014564
npuchk: [_ZN6npuchk9vcmpvs_ltEPhPffhtthh] -> 0xffff8f014854
npuchk: [_ZN6npuchk9vcmpvs_ltEPhPffhtttt] -> 0xffff8f014c88
npuchk: [_ZN6npuchk9vcmpvs_neEPhPN7float165Fp16TES2_m] -> 0xffff8f0150d0
npuchk: [_ZN6npuchk9vcmpvs_neEPhPN7float165Fp16TES2_htthh] -> 0xffff8f0153cc
npuchk: [_ZN6npuchk9vcmpvs_neEPhPN7float165Fp16TES2_htttt] -> 0xffff8f01580c
npuchk: [_ZN6npuchk9vcmpvs_neEPhPffm] -> 0xffff8f015c60
npuchk: [_ZN6npuchk9vcmpvs_neEPhPffhtthh] -> 0xffff8f015f50
npuchk: [_ZN6npuchk9vcmpvs_neEPhPffhtttt] -> 0xffff8f016384
npuchk: [_ZN6npuchk7vconcatEPN7float165Fp16TES2_m] -> 0xffff8f0ee700
npuchk: [_ZN6npuchk7vconcatEPN7float165Fp16TES2_hh] -> 0xffff8f0ee990
npuchk: [_ZN6npuchk7vconcatEPN7float165Fp16TES2_htthh] -> (nil)
npuchk: [_ZN6npuchk7vconcatEPN7float165Fp16TES2_htthhbb] -> (nil)
npuchk: [_ZN6npuchk7vconcatEPfS0_m] -> 0xffff8f0eec84
npuchk: [_ZN6npuchk7vconcatEPfS0_hh] -> (nil)
npuchk: [_ZN6npuchk7vconcatEPfS0_htthh] -> (nil)
npuchk: [_ZN6npuchk7vconcatEPfS0_htthhbb] -> (nil)
npuchk: [_ZN6npuchk14vconv_bf162f32EPfPN8bfloat165Bf16TEhtttt] -> 0xffff8f0167cc
npuchk: [_ZN6npuchk14vconv_bf162f32EPfPN8bfloat165Bf16TEm] -> 0xffff8f016bb0
npuchk: [_ZN6npuchk15vconv_bf162s32aEPiPN8bfloat165Bf16TEhtttt] -> 0xffff8f016e3c
npuchk: [_ZN6npuchk15vconv_bf162s32aEPiPN8bfloat165Bf16TEm] -> 0xffff8f017224
npuchk: [_ZN6npuchk15vconv_bf162s32cEPiPN8bfloat165Bf16TEhtttt] -> 0xffff8f0174b4
npuchk: [_ZN6npuchk15vconv_bf162s32cEPiPN8bfloat165Bf16TEm] -> 0xffff8f01789c
npuchk: [_ZN6npuchk15vconv_bf162s32fEPiPN8bfloat165Bf16TEhtttt] -> 0xffff8f017b2c
npuchk: [_ZN6npuchk15vconv_bf162s32fEPiPN8bfloat165Bf16TEm] -> 0xffff8f017f14
npuchk: [_ZN6npuchk15vconv_bf162s32rEPiPN8bfloat165Bf16TEhtttt] -> 0xffff8f0181a4
npuchk: [_ZN6npuchk15vconv_bf162s32rEPiPN8bfloat165Bf16TEm] -> 0xffff8f01858c
npuchk: [_ZN6npuchk15vconv_bf162s32zEPiPN8bfloat165Bf16TEhtttt] -> 0xffff8f01881c
npuchk: [_ZN6npuchk15vconv_bf162s32zEPiPN8bfloat165Bf16TEm] -> 0xffff8f018c04
npuchk: [_ZN6npuchk9vconv_deqEPN7float165Fp16TEPim] -> 0xffff8f018e94
npuchk: [_ZN6npuchk9vconv_deqEPN7float165Fp16TEPihtthh] -> 0xffff8f019124
npuchk: [_ZN6npuchk9vconv_deqEPN7float165Fp16TEPihtthhbb] -> 0xffff8f0eef14
npuchk: [_ZN6npuchk15vconv_deqs162b8EPaPsmb] -> 0xffff8f0ef374
npuchk: [_ZN6npuchk15vconv_deqs162b8EPaPshtthhbbb] -> 0xffff8f0ef664
npuchk: [_ZN6npuchk15vconv_deqs162b8EPhPsmb] -> 0xffff8f0efb20
npuchk: [_ZN6npuchk15vconv_deqs162b8EPhPshtthhbbb] -> 0xffff8f0efe10
npuchk: [_ZN6npuchk16vconv_deqs162b8hEPaPshtthh] -> 0xffff8f0194f8
npuchk: [_ZN6npuchk16vconv_deqs162b8hEPaPsm] -> 0xffff8f0198cc
npuchk: [_ZN6npuchk16vconv_deqs162b8hEPhPshtthh] -> 0xffff8f019b5c
npuchk: [_ZN6npuchk16vconv_deqs162b8hEPhPsm] -> 0xffff8f019f30
npuchk: [_ZN6npuchk16vconv_deqs162b8lEPaPshtthh] -> 0xffff8f01a1c0
npuchk: [_ZN6npuchk16vconv_deqs162b8lEPaPsm] -> 0xffff8f01a594
npuchk: [_ZN6npuchk16vconv_deqs162b8lEPhPshtthh] -> 0xffff8f01a824
npuchk: [_ZN6npuchk16vconv_deqs162b8lEPhPsm] -> 0xffff8f01abf8
npuchk: [_ZN6npuchk13vconv_f162f32EPfPN7float165Fp16TEm] -> 0xffff8f01ae88
npuchk: [_ZN6npuchk13vconv_f162f32EPfPN7float165Fp16TEhtthh] -> 0xffff8f01b114
npuchk: [_ZN6npuchk13vconv_f162f32EPfPN7float165Fp16TEhtthhbb] -> 0xffff8f0f02cc
npuchk: [_ZN6npuchk13vconv_f162f32EPfPN7float165Fp16TEhtttt] -> 0xffff8f01b4e4
npuchk: [_ZN6npuchk14vconv_f162s16aEPsPN7float165Fp16TEhtttt] -> 0xffff8f01b8c8
npuchk: [_ZN6npuchk14vconv_f162s16aEPsPN7float165Fp16TEm] -> 0xffff8f01bcb0
npuchk: [_ZN6npuchk14vconv_f162s16cEPsPN7float165Fp16TEhtttt] -> 0xffff8f01bf40
npuchk: [_ZN6npuchk14vconv_f162s16cEPsPN7float165Fp16TEm] -> 0xffff8f01c328
npuchk: [_ZN6npuchk14vconv_f162s16fEPsPN7float165Fp16TEhtttt] -> 0xffff8f01c5b8
npuchk: [_ZN6npuchk14vconv_f162s16fEPsPN7float165Fp16TEm] -> 0xffff8f01c9a0
npuchk: [_ZN6npuchk14vconv_f162s16rEPsPN7float165Fp16TEm] -> 0xffff8f01cc30
npuchk: [_ZN6npuchk14vconv_f162s16rEPsPN7float165Fp16TEhtthhbb] -> 0xffff8f0f072c
npuchk: [_ZN6npuchk14vconv_f162s16rEPsPN7float165Fp16TEhtttt] -> 0xffff8f01cec0
npuchk: [_ZN6npuchk14vconv_f162s16zEPsPN7float165Fp16TEhtttt] -> 0xffff8f01d2a8
npuchk: [_ZN6npuchk14vconv_f162s16zEPsPN7float165Fp16TEm] -> 0xffff8f01d690
npuchk: [_ZN6npuchk14vconv_f162s32aEPiPN7float165Fp16TEm] -> 0xffff8f01d920
npuchk: [_ZN6npuchk14vconv_f162s32aEPiPN7float165Fp16TEhtthh] -> 0xffff8f01dbb0
npuchk: [_ZN6npuchk14vconv_f162s32aEPiPN7float165Fp16TEhtthhbb] -> 0xffff8f0f0b8c
npuchk: [_ZN6npuchk14vconv_f162s32aEPiPN7float165Fp16TEhtttt] -> 0xffff8f01df84
npuchk: [_ZN6npuchk14vconv_f162s32cEPiPN7float165Fp16TEm] -> 0xffff8f01e36c
npuchk: [_ZN6npuchk14vconv_f162s32cEPiPN7float165Fp16TEhtthh] -> 0xffff8f01e5fc
npuchk: [_ZN6npuchk14vconv_f162s32cEPiPN7float165Fp16TEhtthhbb] -> 0xffff8f0f0fec
npuchk: [_ZN6npuchk14vconv_f162s32cEPiPN7float165Fp16TEhtttt] -> 0xffff8f01e9d0
npuchk: [_ZN6npuchk14vconv_f162s32fEPiPN7float165Fp16TEm] -> 0xffff8f01edb8
npuchk: [_ZN6npuchk14vconv_f162s32fEPiPN7float165Fp16TEhtthh] -> 0xffff8f01f048
npuchk: [_ZN6npuchk14vconv_f162s32fEPiPN7float165Fp16TEhtthhbb] -> 0xffff8f0f144c
npuchk: [_ZN6npuchk14vconv_f162s32fEPiPN7float165Fp16TEhtttt] -> 0xffff8f01f41c
npuchk: [_ZN6npuchk14vconv_f162s32rEPiPN7float165Fp16TEm] -> 0xffff8f01f804
npuchk: [_ZN6npuchk14vconv_f162s32rEPiPN7float165Fp16TEhtthh] -> 0xffff8f01fa94
npuchk: [_ZN6npuchk14vconv_f162s32rEPiPN7float165Fp16TEhtthhbb] -> 0xffff8f0f18ac
npuchk: [_ZN6npuchk14vconv_f162s32rEPiPN7float165Fp16TEhtttt] -> 0xffff8f01fe68
npuchk: [_ZN6npuchk14vconv_f162s32zEPiPN7float165Fp16TEm] -> 0xffff8f020250
npuchk: [_ZN6npuchk14vconv_f162s32zEPiPN7float165Fp16TEhtthh] -> 0xffff8f0204e0
npuchk: [_ZN6npuchk14vconv_f162s32zEPiPN7float165Fp16TEhtthhbb] -> 0xffff8f0f1d0c
npuchk: [_ZN6npuchk14vconv_f162s32zEPiPN7float165Fp16TEhtttt] -> 0xffff8f0208b4
npuchk: [_ZN6npuchk12vconv_f162s4EPvPN7float165Fp16TEm] -> 0xffff8f020c9c
npuchk: [_ZN6npuchk12vconv_f162s4EPvPN7float165Fp16TEhtthhbb] -> 0xffff8f0f216c
npuchk: [_ZN6npuchk12vconv_f162s4EPvPN7float165Fp16TEhtttt] -> 0xffff8f020f2c
npuchk: [_ZN6npuchk13vconv_f162s4aEPvPN7float165Fp16TEhtttt] -> 0xffff8f021314
npuchk: [_ZN6npuchk13vconv_f162s4aEPvPN7float165Fp16TEm] -> 0xffff8f0216fc
npuchk: [_ZN6npuchk13vconv_f162s4cEPvPN7float165Fp16TEhtttt] -> 0xffff8f02198c
npuchk: [_ZN6npuchk13vconv_f162s4cEPvPN7float165Fp16TEm] -> 0xffff8f021d74
npuchk: [_ZN6npuchk13vconv_f162s4fEPvPN7float165Fp16TEhtttt] -> 0xffff8f022004
npuchk: [_ZN6npuchk13vconv_f162s4fEPvPN7float165Fp16TEm] -> 0xffff8f0223ec
npuchk: [_ZN6npuchk13vconv_f162s4rEPvPN7float165Fp16TEhtttt] -> 0xffff8f02267c
npuchk: [_ZN6npuchk13vconv_f162s4rEPvPN7float165Fp16TEm] -> 0xffff8f022a64
npuchk: [_ZN6npuchk13vconv_f162s4zEPvPN7float165Fp16TEhtttt] -> 0xffff8f022cf4
npuchk: [_ZN6npuchk13vconv_f162s4zEPvPN7float165Fp16TEm] -> 0xffff8f0230dc
npuchk: [_ZN6npuchk12vconv_f162s8EPaPN7float165Fp16TEm] -> 0xffff8f02336c
npuchk: [_ZN6npuchk12vconv_f162s8EPaPN7float165Fp16TEhtthh] -> 0xffff8f0235fc
npuchk: [_ZN6npuchk12vconv_f162s8EPaPN7float165Fp16TEhtthhbb] -> 0xffff8f0f25cc
npuchk: [_ZN6npuchk12vconv_f162s8EPaPN7float165Fp16TEhtttt] -> 0xffff8f0239d0
npuchk: [_ZN6npuchk13vconv_f162s8aEPaPN7float165Fp16TEm] -> 0xffff8f023db8
npuchk: [_ZN6npuchk13vconv_f162s8aEPaPN7float165Fp16TEhtthh] -> 0xffff8f024048
npuchk: [_ZN6npuchk13vconv_f162s8aEPaPN7float165Fp16TEhtthhbb] -> 0xffff8f0f2a2c
npuchk: [_ZN6npuchk13vconv_f162s8aEPaPN7float165Fp16TEhtttt] -> 0xffff8f02441c
npuchk: [_ZN6npuchk13vconv_f162s8cEPaPN7float165Fp16TEm] -> 0xffff8f024804
npuchk: [_ZN6npuchk13vconv_f162s8cEPaPN7float165Fp16TEhtthh] -> 0xffff8f024a94
npuchk: [_ZN6npuchk13vconv_f162s8cEPaPN7float165Fp16TEhtthhbb] -> 0xffff8f0f2e8c
npuchk: [_ZN6npuchk13vconv_f162s8cEPaPN7float165Fp16TEhtttt] -> 0xffff8f024e68
npuchk: [_ZN6npuchk13vconv_f162s8fEPaPN7float165Fp16TEm] -> 0xffff8f025250
npuchk: [_ZN6npuchk13vconv_f162s8fEPaPN7float165Fp16TEhtthh] -> 0xffff8f0254e0
npuchk: [_ZN6npuchk13vconv_f162s8fEPaPN7float165Fp16TEhtthhbb] -> 0xffff8f0f32ec
npuchk: [_ZN6npuchk13vconv_f162s8fEPaPN7float165Fp16TEhtttt] -> 0xffff8f0258b4
npuchk: [_ZN6npuchk13vconv_f162s8rEPaPN7float165Fp16TEhtttt] -> 0xffff8f025c9c
npuchk: [_ZN6npuchk13vconv_f162s8rEPaPN7float165Fp16TEm] -> 0xffff8f026084
npuchk: [_ZN6npuchk13vconv_f162s8zEPaPN7float165Fp16TEm] -> 0xffff8f026314
npuchk: [_ZN6npuchk13vconv_f162s8zEPaPN7float165Fp16TEhtthh] -> 0xffff8f0265a4
npuchk: [_ZN6npuchk13vconv_f162s8zEPaPN7float165Fp16TEhtthhbb] -> 0xffff8f0f374c
npuchk: [_ZN6npuchk13vconv_f162s8zEPaPN7float165Fp16TEhtttt] -> 0xffff8f026978
npuchk: [_ZN6npuchk12vconv_f162u8EPhPN7float165Fp16TEm] -> 0xffff8f026d60
npuchk: [_ZN6npuchk12vconv_f162u8EPhPN7float165Fp16TEhtthh] -> 0xffff8f026ff0
npuchk: [_ZN6npuchk12vconv_f162u8EPhPN7float165Fp16TEhtthhbb] -> 0xffff8f0f3bac
npuchk: [_ZN6npuchk12vconv_f162u8EPhPN7float165Fp16TEhtttt] -> 0xffff8f0273c4
npuchk: [_ZN6npuchk13vconv_f162u8aEPhPN7float165Fp16TEm] -> 0xffff8f0277ac
npuchk: [_ZN6npuchk13vconv_f162u8aEPhPN7float165Fp16TEhtthh] -> 0xffff8f027a3c
npuchk: [_ZN6npuchk13vconv_f162u8aEPhPN7float165Fp16TEhtthhbb] -> 0xffff8f0f400c
npuchk: [_ZN6npuchk13vconv_f162u8aEPhPN7float165Fp16TEhtttt] -> 0xffff8f027e10
npuchk: [_ZN6npuchk13vconv_f162u8cEPhPN7float165Fp16TEm] -> 0xffff8f0281f8
npuchk: [_ZN6npuchk13vconv_f162u8cEPhPN7float165Fp16TEhtthh] -> 0xffff8f028488
npuchk: [_ZN6npuchk13vconv_f162u8cEPhPN7float165Fp16TEhtthhbb] -> 0xffff8f0f446c
npuchk: [_ZN6npuchk13vconv_f162u8cEPhPN7float165Fp16TEhtttt] -> 0xffff8f02885c
npuchk: [_ZN6npuchk13vconv_f162u8fEPhPN7float165Fp16TEm] -> 0xffff8f028c44
npuchk: [_ZN6npuchk13vconv_f162u8fEPhPN7float165Fp16TEhtthh] -> 0xffff8f028ed4
npuchk: [_ZN6npuchk13vconv_f162u8fEPhPN7float165Fp16TEhtthhbb] -> 0xffff8f0f48cc
npuchk: [_ZN6npuchk13vconv_f162u8fEPhPN7float165Fp16TEhtttt] -> 0xffff8f0292a8
npuchk: [_ZN6npuchk13vconv_f162u8rEPhPN7float165Fp16TEhtttt] -> 0xffff8f029690
npuchk: [_ZN6npuchk13vconv_f162u8rEPhPN7float165Fp16TEm] -> 0xffff8f029a78
npuchk: [_ZN6npuchk13vconv_f162u8zEPhPN7float165Fp16TEm] -> 0xffff8f029d08
npuchk: [_ZN6npuchk13vconv_f162u8zEPhPN7float165Fp16TEhtthh] -> 0xffff8f029f98
npuchk: [_ZN6npuchk13vconv_f162u8zEPhPN7float165Fp16TEhtthhbb] -> 0xffff8f0f4d2c
npuchk: [_ZN6npuchk13vconv_f162u8zEPhPN7float165Fp16TEhtttt] -> 0xffff8f02a36c
npuchk: [_ZN6npuchk15vconv_f322bf16aEPN8bfloat165Bf16TEPfhtttt] -> 0xffff8f02a754
npuchk: [_ZN6npuchk15vconv_f322bf16aEPN8bfloat165Bf16TEPfm] -> 0xffff8f02ab3c
npuchk: [_ZN6npuchk15vconv_f322bf16cEPN8bfloat165Bf16TEPfhtttt] -> 0xffff8f02adcc
npuchk: [_ZN6npuchk15vconv_f322bf16cEPN8bfloat165Bf16TEPfm] -> 0xffff8f02b1b4
npuchk: [_ZN6npuchk15vconv_f322bf16fEPN8bfloat165Bf16TEPfhtttt] -> 0xffff8f02b444
npuchk: [_ZN6npuchk15vconv_f322bf16fEPN8bfloat165Bf16TEPfm] -> 0xffff8f02b82c
npuchk: [_ZN6npuchk15vconv_f322bf16rEPN8bfloat165Bf16TEPfhtttt] -> 0xffff8f02babc
npuchk: [_ZN6npuchk15vconv_f322bf16rEPN8bfloat165Bf16TEPfm] -> 0xffff8f02bea4
npuchk: [_ZN6npuchk15vconv_f322bf16zEPN8bfloat165Bf16TEPfhtttt] -> 0xffff8f02c134
npuchk: [_ZN6npuchk15vconv_f322bf16zEPN8bfloat165Bf16TEPfm] -> 0xffff8f02c51c
npuchk: [_ZN6npuchk13vconv_f322f16EPN7float165Fp16TEPfm] -> 0xffff8f02c7ac
npuchk: [_ZN6npuchk13vconv_f322f16EPN7float165Fp16TEPfhtthh] -> 0xffff8f02ca3c
npuchk: [_ZN6npuchk13vconv_f322f16EPN7float165Fp16TEPfhtthhbb] -> 0xffff8f0f518c
npuchk: [_ZN6npuchk13vconv_f322f16EPN7float165Fp16TEPfhtttt] -> 0xffff8f02ce10
npuchk: [_ZN6npuchk14vconv_f322f16aEPN7float165Fp16TEPfhtttt] -> 0xffff8f02d1f8
npuchk: [_ZN6npuchk14vconv_f322f16aEPN7float165Fp16TEPfm] -> 0xffff8f02d5e0
npuchk: [_ZN6npuchk14vconv_f322f16cEPN7float165Fp16TEPfhtttt] -> 0xffff8f02d870
npuchk: [_ZN6npuchk14vconv_f322f16cEPN7float165Fp16TEPfm] -> 0xffff8f02dc58
npuchk: [_ZN6npuchk14vconv_f322f16fEPN7float165Fp16TEPfhtttt] -> 0xffff8f02dee8
npuchk: [_ZN6npuchk14vconv_f322f16fEPN7float165Fp16TEPfm] -> 0xffff8f02e2d0
npuchk: [_ZN6npuchk14vconv_f322f16oEPN7float165Fp16TEPfm] -> 0xffff8f02e560
npuchk: [_ZN6npuchk14vconv_f322f16oEPN7float165Fp16TEPfhtthh] -> 0xffff8f02e7f0
npuchk: [_ZN6npuchk14vconv_f322f16oEPN7float165Fp16TEPfhtthhbb] -> 0xffff8f0f55ec
npuchk: [_ZN6npuchk14vconv_f322f16oEPN7float165Fp16TEPfhtttt] -> 0xffff8f02ebc4
npuchk: [_ZN6npuchk14vconv_f322f16rEPN7float165Fp16TEPfhtttt] -> 0xffff8f02efac
npuchk: [_ZN6npuchk14vconv_f322f16rEPN7float165Fp16TEPfm] -> 0xffff8f02f394
npuchk: [_ZN6npuchk14vconv_f322f16zEPN7float165Fp16TEPfhtttt] -> 0xffff8f02f624
npuchk: [_ZN6npuchk14vconv_f322f16zEPN7float165Fp16TEPfm] -> 0xffff8f02fa0c
npuchk: [_ZN6npuchk14vconv_f322f32aEPfS0_htttt] -> 0xffff8f02fc9c
npuchk: [_ZN6npuchk14vconv_f322f32aEPfS0_m] -> 0xffff8f030084
npuchk: [_ZN6npuchk14vconv_f322f32cEPfS0_htttt] -> 0xffff8f030314
npuchk: [_ZN6npuchk14vconv_f322f32cEPfS0_m] -> 0xffff8f0306fc
npuchk: [_ZN6npuchk14vconv_f322f32fEPfS0_htttt] -> 0xffff8f03098c
npuchk: [_ZN6npuchk14vconv_f322f32fEPfS0_m] -> 0xffff8f030d74
npuchk: [_ZN6npuchk14vconv_f322f32rEPfS0_htttt] -> 0xffff8f031004
npuchk: [_ZN6npuchk14vconv_f322f32rEPfS0_m] -> 0xffff8f0313e8
npuchk: [_ZN6npuchk14vconv_f322f32zEPfS0_htttt] -> 0xffff8f031674
npuchk: [_ZN6npuchk14vconv_f322f32zEPfS0_m] -> 0xffff8f031a5c
npuchk: [_ZN6npuchk14vconv_f322s16aEPsPfhtttt] -> 0xffff8f031cec
npuchk: [_ZN6npuchk14vconv_f322s16aEPsPfm] -> 0xffff8f0320d4
npuchk: [_ZN6npuchk14vconv_f322s16cEPsPfhtttt] -> 0xffff8f032364
npuchk: [_ZN6npuchk14vconv_f322s16cEPsPfm] -> 0xffff8f03274c
npuchk: [_ZN6npuchk14vconv_f322s16fEPsPfhtttt] -> 0xffff8f0329dc
npuchk: [_ZN6npuchk14vconv_f322s16fEPsPfm] -> 0xffff8f032dc4
npuchk: [_ZN6npuchk14vconv_f322s16rEPsPfm] -> 0xffff8f033054
npuchk: [_ZN6npuchk14vconv_f322s16rEPsPfhtthh] -> 0xffff8f0332e4
npuchk: [_ZN6npuchk14vconv_f322s16rEPsPfhtthhbb] -> (nil)
npuchk: [_ZN6npuchk14vconv_f322s16rEPsPfhtttt] -> 0xffff8f0336b8
npuchk: [_ZN6npuchk14vconv_f322s16zEPsPfm] -> 0xffff8f033aa0
npuchk: [_ZN6npuchk14vconv_f322s16zEPsPfhtthh] -> 0xffff8f033d30
npuchk: [_ZN6npuchk14vconv_f322s16zEPsPfhtthhbb] -> (nil)
npuchk: [_ZN6npuchk14vconv_f322s16zEPsPfhtttt] -> 0xffff8f034104
npuchk: [_ZN6npuchk14vconv_f322s32aEPiPfm] -> 0xffff8f0344ec
npuchk: [_ZN6npuchk14vconv_f322s32aEPiPfhtthh] -> 0xffff8f03477c
npuchk: [_ZN6npuchk14vconv_f322s32aEPiPfhtthhbb] -> 0xffff8f0f5a4c
npuchk: [_ZN6npuchk14vconv_f322s32aEPiPfhtttt] -> 0xffff8f034b50
npuchk: [_ZN6npuchk14vconv_f322s32cEPiPfm] -> 0xffff8f034f38
npuchk: [_ZN6npuchk14vconv_f322s32cEPiPfhtthh] -> 0xffff8f0351c8
npuchk: [_ZN6npuchk14vconv_f322s32cEPiPfhtthhbb] -> 0xffff8f0f5eac
npuchk: [_ZN6npuchk14vconv_f322s32cEPiPfhtttt] -> 0xffff8f03559c
npuchk: [_ZN6npuchk14vconv_f322s32fEPiPfm] -> 0xffff8f035984
npuchk: [_ZN6npuchk14vconv_f322s32fEPiPfhtthh] -> 0xffff8f035c14
npuchk: [_ZN6npuchk14vconv_f322s32fEPiPfhtthhbb] -> 0xffff8f0f630c
npuchk: [_ZN6npuchk14vconv_f322s32fEPiPfhtttt] -> 0xffff8f035fe8
npuchk: [_ZN6npuchk14vconv_f322s32rEPiPfm] -> 0xffff8f0363d0
npuchk: [_ZN6npuchk14vconv_f322s32rEPiPfhtthh] -> 0xffff8f036660
npuchk: [_ZN6npuchk14vconv_f322s32rEPiPfhtthhbb] -> 0xffff8f0f676c
npuchk: [_ZN6npuchk14vconv_f322s32rEPiPfhtttt] -> 0xffff8f036a34
npuchk: [_ZN6npuchk14vconv_f322s32zEPiPfm] -> 0xffff8f036e1c
npuchk: [_ZN6npuchk14vconv_f322s32zEPiPfhtthh] -> 0xffff8f0370ac
npuchk: [_ZN6npuchk14vconv_f322s32zEPiPfhtthhbb] -> 0xffff8f0f6bcc
npuchk: [_ZN6npuchk14vconv_f322s32zEPiPfhtttt] -> 0xffff8f037480
npuchk: [_ZN6npuchk14vconv_f322s64aEPlPfhtttt] -> 0xffff8f037868
npuchk: [_ZN6npuchk14vconv_f322s64aEPlPfm] -> 0xffff8f037c50
npuchk: [_ZN6npuchk14vconv_f322s64cEPlPfhtttt] -> 0xffff8f037ee0
npuchk: [_ZN6npuchk14vconv_f322s64cEPlPfm] -> 0xffff8f0382c8
npuchk: [_ZN6npuchk14vconv_f322s64fEPlPfhtttt] -> 0xffff8f038558
npuchk: [_ZN6npuchk14vconv_f322s64fEPlPfm] -> 0xffff8f038940
npuchk: [_ZN6npuchk14vconv_f322s64rEPlPfhtttt] -> 0xffff8f038bd0
npuchk: [_ZN6npuchk14vconv_f322s64rEPlPfm] -> 0xffff8f038fb8
npuchk: [_ZN6npuchk14vconv_f322s64zEPlPfhtttt] -> 0xffff8f039248
npuchk: [_ZN6npuchk14vconv_f322s64zEPlPfm] -> 0xffff8f039630
npuchk: [_ZN6npuchk13vconv_s162f16EPN7float165Fp16TEPsm] -> 0xffff8f0398c0
npuchk: [_ZN6npuchk13vconv_s162f16EPN7float165Fp16TEPshtthhbb] -> 0xffff8f0f702c
npuchk: [_ZN6npuchk13vconv_s162f16EPN7float165Fp16TEPshtttt] -> 0xffff8f039b50
npuchk: [_ZN6npuchk14vconv_s162f16aEPN7float165Fp16TEPshtttt] -> 0xffff8f039f38
npuchk: [_ZN6npuchk14vconv_s162f16aEPN7float165Fp16TEPsm] -> 0xffff8f03a320
npuchk: [_ZN6npuchk14vconv_s162f16cEPN7float165Fp16TEPshtttt] -> 0xffff8f03a5b0
npuchk: [_ZN6npuchk14vconv_s162f16cEPN7float165Fp16TEPsm] -> 0xffff8f03a998
npuchk: [_ZN6npuchk14vconv_s162f16fEPN7float165Fp16TEPshtttt] -> 0xffff8f03ac28
npuchk: [_ZN6npuchk14vconv_s162f16fEPN7float165Fp16TEPsm] -> 0xffff8f03b010
npuchk: [_ZN6npuchk14vconv_s162f16rEPN7float165Fp16TEPshtttt] -> 0xffff8f03b2a0
npuchk: [_ZN6npuchk14vconv_s162f16rEPN7float165Fp16TEPsm] -> 0xffff8f03b688
npuchk: [_ZN6npuchk14vconv_s162f16zEPN7float165Fp16TEPshtttt] -> 0xffff8f03b918
npuchk: [_ZN6npuchk14vconv_s162f16zEPN7float165Fp16TEPsm] -> 0xffff8f03bd00
npuchk: [_ZN6npuchk13vconv_s162f32EPfPsm] -> 0xffff8f03bf90
npuchk: [_ZN6npuchk13vconv_s162f32EPfPshtthhbb] -> (nil)
npuchk: [_ZN6npuchk13vconv_s162f32EPfPshtttt] -> 0xffff8f03c21c
npuchk: [_ZN6npuchk13vconv_s322f32EPfPim] -> 0xffff8f03c600
npuchk: [_ZN6npuchk13vconv_s322f32EPfPihtthh] -> 0xffff8f03c88c
npuchk: [_ZN6npuchk13vconv_s322f32EPfPihtthhbb] -> 0xffff8f0f748c
npuchk: [_ZN6npuchk13vconv_s322f32EPfPihtttt] -> 0xffff8f03cc5c
npuchk: [_ZN6npuchk14vconv_s322f32aEPfPihtttt] -> 0xffff8f03d040
npuchk: [_ZN6npuchk14vconv_s322f32aEPfPim] -> 0xffff8f03d428
npuchk: [_ZN6npuchk14vconv_s322f32cEPfPihtttt] -> 0xffff8f03d6b8
npuchk: [_ZN6npuchk14vconv_s322f32cEPfPim] -> 0xffff8f03daa0
npuchk: [_ZN6npuchk14vconv_s322f32fEPfPihtttt] -> 0xffff8f03dd30
npuchk: [_ZN6npuchk14vconv_s322f32fEPfPim] -> 0xffff8f03e118
npuchk: [_ZN6npuchk14vconv_s322f32rEPfPihtttt] -> 0xffff8f03e3a8
npuchk: [_ZN6npuchk14vconv_s322f32rEPfPim] -> 0xffff8f03e78c
npuchk: [_ZN6npuchk14vconv_s322f32zEPfPihtttt] -> 0xffff8f03ea18
npuchk: [_ZN6npuchk14vconv_s322f32zEPfPim] -> 0xffff8f03ee00
npuchk: [_ZN6npuchk13vconv_s322s16EPsPihtttt] -> 0xffff8f03f090
npuchk: [_ZN6npuchk13vconv_s322s16EPsPim] -> 0xffff8f03f478
npuchk: [_ZN6npuchk13vconv_s322s64EPlPihtttt] -> 0xffff8f03f708
npuchk: [_ZN6npuchk13vconv_s322s64EPlPim] -> 0xffff8f03faf0
npuchk: [_ZN6npuchk12vconv_s42f16EPN7float165Fp16TEPvhtthh] -> 0xffff8f03fd80
npuchk: [_ZN6npuchk12vconv_s42f16EPN7float165Fp16TEPvm] -> 0xffff8f040154
npuchk: [_ZN6npuchk14vconv_s642f32aEPfPlhtttt] -> 0xffff8f0403e4
npuchk: [_ZN6npuchk14vconv_s642f32aEPfPlm] -> 0xffff8f0407cc
npuchk: [_ZN6npuchk14vconv_s642f32cEPfPlhtttt] -> 0xffff8f040a5c
npuchk: [_ZN6npuchk14vconv_s642f32cEPfPlm] -> 0xffff8f040e44
npuchk: [_ZN6npuchk14vconv_s642f32fEPfPlhtttt] -> 0xffff8f0410d4
npuchk: [_ZN6npuchk14vconv_s642f32fEPfPlm] -> 0xffff8f0414bc
npuchk: [_ZN6npuchk14vconv_s642f32rEPfPlhtttt] -> 0xffff8f04174c
npuchk: [_ZN6npuchk14vconv_s642f32rEPfPlm] -> 0xffff8f041b30
npuchk: [_ZN6npuchk14vconv_s642f32zEPfPlhtttt] -> 0xffff8f041dbc
npuchk: [_ZN6npuchk14vconv_s642f32zEPfPlm] -> 0xffff8f0421a4
npuchk: [_ZN6npuchk13vconv_s642s32EPiPlhtttt] -> 0xffff8f042434
npuchk: [_ZN6npuchk13vconv_s642s32EPiPlm] -> 0xffff8f04281c
npuchk: [_ZN6npuchk12vconv_s82f16EPN7float165Fp16TEPam] -> 0xffff8f042aac
npuchk: [_ZN6npuchk12vconv_s82f16EPN7float165Fp16TEPahtthh] -> 0xffff8f042d3c
npuchk: [_ZN6npuchk12vconv_s82f16EPN7float165Fp16TEPahtthhbb] -> 0xffff8f0f78ec
npuchk: [_ZN6npuchk12vconv_s82f16EPN7float165Fp16TEPahtttt] -> 0xffff8f043110
npuchk: [_ZN6npuchk12vconv_u82f16EPN7float165Fp16TEPhm] -> 0xffff8f0434f8
npuchk: [_ZN6npuchk12vconv_u82f16EPN7float165Fp16TEPhhtthh] -> 0xffff8f043788
npuchk: [_ZN6npuchk12vconv_u82f16EPN7float165Fp16TEPhhtthhbb] -> 0xffff8f0f7d4c
npuchk: [_ZN6npuchk12vconv_u82f16EPN7float165Fp16TEPhhtttt] -> 0xffff8f043b5c
npuchk: [_ZN6npuchk16vconv_vdeqs162b8EPaPsmb] -> 0xffff8f0f81ac
npuchk: [_ZN6npuchk16vconv_vdeqs162b8EPaPshtthhbbb] -> 0xffff8f0f849c
npuchk: [_ZN6npuchk16vconv_vdeqs162b8EPhPsmb] -> 0xffff8f0f8958
npuchk: [_ZN6npuchk16vconv_vdeqs162b8EPhPshtthhbbb] -> 0xffff8f0f8c48
npuchk: [_ZN6npuchk17vconv_vdeqs162b8hEPaPshtthh] -> 0xffff8f043f44
npuchk: [_ZN6npuchk17vconv_vdeqs162b8hEPaPsm] -> 0xffff8f044318
npuchk: [_ZN6npuchk17vconv_vdeqs162b8hEPhPshtthh] -> 0xffff8f0445a8
npuchk: [_ZN6npuchk17vconv_vdeqs162b8hEPhPsm] -> 0xffff8f04497c
npuchk: [_ZN6npuchk17vconv_vdeqs162b8lEPaPshtthh] -> 0xffff8f044c0c
npuchk: [_ZN6npuchk17vconv_vdeqs162b8lEPaPsm] -> 0xffff8f044fe0
npuchk: [_ZN6npuchk17vconv_vdeqs162b8lEPhPshtthh] -> 0xffff8f045270
npuchk: [_ZN6npuchk17vconv_vdeqs162b8lEPhPsm] -> 0xffff8f045644
npuchk: [_ZN6npuchk4vcvtERA128_N7float165Fp16TEPhh7Literal] -> (nil)
npuchk: [_ZN6npuchk4vcvtERA128_N7float165Fp16TEPah7Literal] -> (nil)
npuchk: [_ZN6npuchk4vcvtERA64_fPN7float165Fp16TEh7Literal] -> (nil)
npuchk: [_ZN6npuchk4vcvtERA64_iPN7float165Fp16TEh7LiteralS5_] -> (nil)
npuchk: [_ZN6npuchk4vcvtERA64_fPN8bfloat165Bf16TEh7Literal] -> (nil)
npuchk: [_ZN6npuchk4vcvtERA64_iPN8bfloat165Bf16TEh7LiteralS5_S5_] -> (nil)
npuchk: [_ZN6npuchk4vcvtERA64_fPsh7Literal] -> (nil)
npuchk: [_ZN6npuchk4vcvtERA32_lPfh7LiteralS3_S3_] -> (nil)
npuchk: [_ZN6npuchk4vcvtERA32_lPih7Literal] -> (nil)
npuchk: [_ZN6npuchk4vcvtERA256_hPN7float165Fp16TEh7LiteralS5_S5_] -> (nil)
npuchk: [_ZN6npuchk4vcvtERA256_aPN7float165Fp16TEh7LiteralS5_S5_] -> (nil)
npuchk: [_ZN6npuchk4vcvtERA128_N7float165Fp16TEPfh7LiteralS5_S5_] -> (nil)
npuchk: [_ZN6npuchk4vcvtERA128_N8bfloat165Bf16TEPfh7LiteralS5_S5_] -> (nil)
npuchk: [_ZN6npuchk4vcvtERA128_sPfh7LiteralS3_S3_] -> (nil)
npuchk: [_ZN6npuchk4vcvtERA128_sPih7LiteralS3_] -> (nil)
npuchk: [_ZN6npuchk4vcvtERA64_iPlh7LiteralS3_] -> (nil)
npuchk: [_ZN6npuchk4vcvtERA64_fPlh7LiteralS3_] -> (nil)
npuchk: [_ZN6npuchk4vcvtERA128_sPN7float165Fp16TEh7LiteralS5_] -> (nil)
npuchk: [_ZN6npuchk4vcvtERA128_N7float165Fp16TEPsh7Literal] -> (nil)
npuchk: [_ZN6npuchk4vcvtERA64_iPfh7LiteralS3_] -> (nil)
npuchk: [_ZN6npuchk4vcvtERA64_fPih7Literal] -> (nil)
npuchk: [_ZN6npuchk4vtrcERA64_fPf7Literalh] -> (nil)
npuchk: [_ZN6npuchk5vcopyEPsS0_m] -> 0xffff8f0458d4
npuchk: [_ZN6npuchk5vcopyEPsS0_htttt] -> 0xffff8f045b64
npuchk: [_ZN6npuchk5vcopyEPiS0_m] -> 0xffff8f045f4c
npuchk: [_ZN6npuchk5vcopyEPiS0_htttt] -> 0xffff8f0461dc
npuchk: [_ZN6npuchk5vcopyEPtS0_m] -> 0xffff8f0465c4
npuchk: [_ZN6npuchk5vcopyEPtS0_htttt] -> 0xffff8f046854
npuchk: [_ZN6npuchk5vcopyEPjS0_m] -> 0xffff8f046c3c
npuchk: [_ZN6npuchk5vcopyEPjS0_htttt] -> 0xffff8f046ecc
npuchk: [_ZN6npuchk6vcpaddEPN7float165Fp16TES2_m] -> 0xffff8f0472b4
npuchk: [_ZN6npuchk6vcpaddEPN7float165Fp16TES2_httt] -> 0xffff8f047544
npuchk: [_ZN6npuchk6vcpaddEPN7float165Fp16TES2_htttbb] -> 0xffff8f0f9104
npuchk: [_ZN6npuchk6vcpaddEPfS0_m] -> 0xffff8f0478b8
npuchk: [_ZN6npuchk6vcpaddEPfS0_httt] -> 0xffff8f047b48
npuchk: [_ZN6npuchk6vcpaddEPfS0_htttbb] -> 0xffff8f0f9508
npuchk: [_ZN6npuchk4vdivEPN7float165Fp16TES2_S2_m] -> 0xffff8f047ebc
npuchk: [_ZN6npuchk4vdivEPN7float165Fp16TES2_S2_hhhhhhh] -> 0xffff8f0481a8
npuchk: [_ZN6npuchk4vdivEPN7float165Fp16TES2_S2_hhhhhhhbb] -> 0xffff8f0f990c
npuchk: [_ZN6npuchk4vdivEPfS0_S0_m] -> 0xffff8f048690
npuchk: [_ZN6npuchk4vdivEPfS0_S0_hhhhhhh] -> 0xffff8f04897c
npuchk: [_ZN6npuchk4vdivEPfS0_S0_hhhhhhhbb] -> 0xffff8f0f9e7c
npuchk: [_ZN6npuchk3vdpEPsS0_S0_m] -> (nil)
npuchk: [_ZN6npuchk3vdpEPsS0_S0_thttbbb] -> (nil)
npuchk: [_ZN6npuchk10vector_dupEPN7float165Fp16TES1_m] -> 0xffff8f048e64
npuchk: [_ZN6npuchk10vector_dupEPN7float165Fp16TES1_htthh] -> 0xffff8f0490fc
npuchk: [_ZN6npuchk10vector_dupEPN7float165Fp16TES1_htthhbb] -> 0xffff8f0fa3ec
npuchk: [_ZN6npuchk10vector_dupEPN7float165Fp16TES1_htttt] -> 0xffff8f0494d8
npuchk: [_ZN6npuchk10vector_dupEPffm] -> 0xffff8f0498c8
npuchk: [_ZN6npuchk10vector_dupEPffhtthh] -> 0xffff8f049b54
npuchk: [_ZN6npuchk10vector_dupEPffhtthhbb] -> 0xffff8f0fa854
npuchk: [_ZN6npuchk10vector_dupEPffhtttt] -> 0xffff8f049f24
npuchk: [_ZN6npuchk10vector_dupEPssm] -> 0xffff8f04a308
npuchk: [_ZN6npuchk10vector_dupEPsshtthh] -> 0xffff8f04a58c
npuchk: [_ZN6npuchk10vector_dupEPsshtthhbb] -> 0xffff8f0facb4
npuchk: [_ZN6npuchk10vector_dupEPsshtttt] -> 0xffff8f04a954
npuchk: [_ZN6npuchk10vector_dupEPiim] -> 0xffff8f04ad30
npuchk: [_ZN6npuchk10vector_dupEPiihtthh] -> 0xffff8f04afb4
npuchk: [_ZN6npuchk10vector_dupEPiihtthhbb] -> 0xffff8f0fb108
npuchk: [_ZN6npuchk10vector_dupEPiihtttt] -> 0xffff8f04b37c
npuchk: [_ZN6npuchk10vector_dupEPttm] -> 0xffff8f04b758
npuchk: [_ZN6npuchk10vector_dupEPtthtthh] -> 0xffff8f04b9dc
npuchk: [_ZN6npuchk10vector_dupEPtthtthhbb] -> 0xffff8f0fb55c
npuchk: [_ZN6npuchk10vector_dupEPtthtttt] -> 0xffff8f04bda4
npuchk: [_ZN6npuchk10vector_dupEPjjm] -> 0xffff8f04c180
npuchk: [_ZN6npuchk10vector_dupEPjjhtthh] -> 0xffff8f04c404
npuchk: [_ZN6npuchk10vector_dupEPjjhtthhbb] -> 0xffff8f0fb9b0
npuchk: [_ZN6npuchk10vector_dupEPjjhtttt] -> 0xffff8f04c7cc
npuchk: [_ZN6npuchk10vector_dupEPN8bfloat165Bf16TES1_m] -> (nil)
npuchk: [_ZN6npuchk10vector_dupEPN8bfloat165Bf16TES1_htthh] -> (nil)
npuchk: [_ZN6npuchk4vexpEPN7float165Fp16TES2_m] -> 0xffff8f04cba8
npuchk: [_ZN6npuchk4vexpEPN7float165Fp16TES2_htthh] -> 0xffff8f04ce38
npuchk: [_ZN6npuchk4vexpEPN7float165Fp16TES2_htthhbb] -> 0xffff8f0fbe04
npuchk: [_ZN6npuchk4vexpEPN7float165Fp16TES2_htttt] -> 0xffff8f04d20c
npuchk: [_ZN6npuchk4vexpEPfS0_m] -> 0xffff8f04d5f4
npuchk: [_ZN6npuchk4vexpEPfS0_htthh] -> 0xffff8f04d884
npuchk: [_ZN6npuchk4vexpEPfS0_htthhbb] -> 0xffff8f0fc264
npuchk: [_ZN6npuchk4vexpEPfS0_htttt] -> 0xffff8f04dc58
npuchk: [_ZN6npuchk8vextractEPN7float165Fp16TES2_m] -> 0xffff8f0fc6c4
npuchk: [_ZN6npuchk8vextractEPN7float165Fp16TES2_hh] -> 0xffff8f0fc954
npuchk: [_ZN6npuchk8vextractEPN7float165Fp16TES2_htthh] -> (nil)
npuchk: [_ZN6npuchk8vextractEPN7float165Fp16TES2_htthhbb] -> (nil)
npuchk: [_ZN6npuchk8vextractEPfS0_m] -> 0xffff8f0fcc48
npuchk: [_ZN6npuchk8vextractEPfS0_hh] -> (nil)
npuchk: [_ZN6npuchk8vextractEPfS0_htthh] -> (nil)
npuchk: [_ZN6npuchk8vextractEPfS0_htthhbb] -> (nil)
npuchk: [_ZN6npuchk7vgatherEPtPjm] -> 0xffff8f04e040
npuchk: [_ZN6npuchk7vgatherEPtPjjb] -> 0xffff8f0fced8
npuchk: [_ZN6npuchk7vgatherEPtPjjth] -> 0xffff8f04e2c8
npuchk: [_ZN6npuchk7vgatherEPjS0_m] -> 0xffff8f04e618
npuchk: [_ZN6npuchk7vgatherEPjS0_jb] -> 0xffff8f0fd1a8
npuchk: [_ZN6npuchk7vgatherEPjS0_jth] -> 0xffff8f04e8a0
npuchk: [_ZN6npuchk8vgatherbEPtPjm] -> 0xffff8f04ebf0
npuchk: [_ZN6npuchk8vgatherbEPtPjjthh] -> 0xffff8f04ee78
npuchk: [_ZN6npuchk8vgatherbEPjS0_m] -> 0xffff8f04f21c
npuchk: [_ZN6npuchk8vgatherbEPjS0_jthh] -> 0xffff8f04f4a4
npuchk: [_ZN6npuchk4viouEPN7float165Fp16TES2_S2_m] -> 0xffff8f0fd478
npuchk: [_ZN6npuchk4viouEPN7float165Fp16TES2_S2_hhhhhhh] -> (nil)
npuchk: [_ZN6npuchk4viouEPN7float165Fp16TES2_S2_hhhhhhhbb] -> (nil)
npuchk: [_ZN6npuchk4viouEPfS0_S0_m] -> 0xffff8f0fd76c
npuchk: [_ZN6npuchk4viouEPfS0_S0_hhhhhhh] -> (nil)
npuchk: [_ZN6npuchk4viouEPfS0_S0_hhhhhhhbb] -> (nil)
npuchk: [_ZN6npuchk10vld_va_regE10ub_addr8_tPm7vpart_t] -> 0xffff8f04f848
npuchk: [_ZN6npuchk3vlnEPN7float165Fp16TES2_m] -> 0xffff8f04fa24
npuchk: [_ZN6npuchk3vlnEPN7float165Fp16TES2_htthh] -> 0xffff8f04fcb4
npuchk: [_ZN6npuchk3vlnEPN7float165Fp16TES2_htthhbb] -> 0xffff8f0fda60
npuchk: [_ZN6npuchk3vlnEPN7float165Fp16TES2_htttt] -> 0xffff8f050088
npuchk: [_ZN6npuchk3vlnEPfS0_m] -> 0xffff8f050470
npuchk: [_ZN6npuchk3vlnEPfS0_htthh] -> 0xffff8f050700
npuchk: [_ZN6npuchk3vlnEPfS0_htthhbb] -> 0xffff8f0fdec0
npuchk: [_ZN6npuchk3vlnEPfS0_htttt] -> 0xffff8f050ad4
npuchk: [_ZN6npuchk6vlreluEPN7float165Fp16TES2_S1_m] -> 0xffff8f050ebc
npuchk: [_ZN6npuchk6vlreluEPN7float165Fp16TES2_S1_htthhbb] -> 0xffff8f0fe320
npuchk: [_ZN6npuchk6vlreluEPN7float165Fp16TES2_S1_htttt] -> 0xffff8f0511b4
npuchk: [_ZN6npuchk6vlreluEPfS0_fm] -> 0xffff8f051604
npuchk: [_ZN6npuchk6vlreluEPfS0_fhtthhbb] -> 0xffff8f0fe7e4
npuchk: [_ZN6npuchk6vlreluEPfS0_fhtttt] -> 0xffff8f0518f0
npuchk: [_ZN6npuchk5vmaddEPN7float165Fp16TES2_S2_m] -> 0xffff8f051d34
npuchk: [_ZN6npuchk5vmaddEPN7float165Fp16TES2_S2_hhhhhhh] -> 0xffff8f052020
npuchk: [_ZN6npuchk5vmaddEPN7float165Fp16TES2_S2_hhhhhhhbb] -> 0xffff8f0feca0
npuchk: [_ZN6npuchk5vmaddEPfS0_S0_m] -> 0xffff8f052508
npuchk: [_ZN6npuchk5vmaddEPfS0_S0_hhhhhhh] -> 0xffff8f0527f4
npuchk: [_ZN6npuchk5vmaddEPfS0_S0_hhhhhhhbb] -> 0xffff8f0ff210
npuchk: [_ZN6npuchk9vmaddreluEPN7float165Fp16TES2_S2_m] -> 0xffff8f052cdc
npuchk: [_ZN6npuchk9vmaddreluEPN7float165Fp16TES2_S2_hhhhhhh] -> 0xffff8f052fcc
npuchk: [_ZN6npuchk9vmaddreluEPN7float165Fp16TES2_S2_hhhhhhhbb] -> 0xffff8f0ff780
npuchk: [_ZN6npuchk9vmaddreluEPfS0_S0_m] -> 0xffff8f0534b8
npuchk: [_ZN6npuchk9vmaddreluEPfS0_S0_hhhhhhh] -> 0xffff8f0537a8
npuchk: [_ZN6npuchk9vmaddreluEPfS0_S0_hhhhhhhbb] -> 0xffff8f0ffcf4
npuchk: [_ZN6npuchk4vmaxEPN7float165Fp16TES2_S2_m] -> 0xffff8f053c94
npuchk: [_ZN6npuchk4vmaxEPN7float165Fp16TES2_S2_hhhhhhh] -> 0xffff8f053f80
npuchk: [_ZN6npuchk4vmaxEPN7float165Fp16TES2_S2_hhhhhhhbb] -> 0xffff8f100268
npuchk: [_ZN6npuchk4vmaxEPfS0_S0_m] -> 0xffff8f054468
npuchk: [_ZN6npuchk4vmaxEPfS0_S0_hhhhhhh] -> 0xffff8f054754
npuchk: [_ZN6npuchk4vmaxEPfS0_S0_hhhhhhhbb] -> 0xffff8f1007d8
npuchk: [_ZN6npuchk4vmaxEPsS0_S0_m] -> 0xffff8f054c3c
npuchk: [_ZN6npuchk4vmaxEPsS0_S0_hhhhhhh] -> 0xffff8f054f28
npuchk: [_ZN6npuchk4vmaxEPsS0_S0_hhhhhhhbb] -> 0xffff8f100d48
npuchk: [_ZN6npuchk4vmaxEPiS0_S0_m] -> 0xffff8f055410
npuchk: [_ZN6npuchk4vmaxEPiS0_S0_hhhhhhh] -> 0xffff8f0556fc
npuchk: [_ZN6npuchk4vmaxEPiS0_S0_hhhhhhhbb] -> 0xffff8f1012b8
npuchk: [_ZN6npuchk5vmaxsEPN7float165Fp16TES2_S1_m] -> 0xffff8f055be4
npuchk: [_ZN6npuchk5vmaxsEPN7float165Fp16TES2_S1_htthhbb] -> 0xffff8f055edc
npuchk: [_ZN6npuchk5vmaxsEPN7float165Fp16TES2_S1_htttt] -> 0xffff8f0563a0
npuchk: [_ZN6npuchk5vmaxsEPfS0_fm] -> 0xffff8f0567f0
npuchk: [_ZN6npuchk5vmaxsEPfS0_fhtthhbb] -> 0xffff8f056adc
npuchk: [_ZN6npuchk5vmaxsEPfS0_fhtttt] -> 0xffff8f056f98
npuchk: [_ZN6npuchk5vmaxsEPsS0_sm] -> 0xffff8f0573dc
npuchk: [_ZN6npuchk5vmaxsEPsS0_shtthhbb] -> 0xffff8f0576c0
npuchk: [_ZN6npuchk5vmaxsEPsS0_shtttt] -> 0xffff8f057b70
npuchk: [_ZN6npuchk5vmaxsEPiS0_im] -> 0xffff8f057fac
npuchk: [_ZN6npuchk5vmaxsEPiS0_ihtthhbb] -> 0xffff8f058290
npuchk: [_ZN6npuchk5vmaxsEPiS0_ihtttt] -> 0xffff8f058740
npuchk: [_ZN6npuchk8vmergechEPhS0_m] -> 0xffff8f101828
npuchk: [_ZN6npuchk8vmergechEPhS0_htthh] -> (nil)
npuchk: [_ZN6npuchk8vmergechEPhS0_htthhbb] -> (nil)
npuchk: [_ZN6npuchk8vmergechEPN7float165Fp16TES2_m] -> 0xffff8f101abc
npuchk: [_ZN6npuchk8vmergechEPN7float165Fp16TES2_htthh] -> (nil)
npuchk: [_ZN6npuchk8vmergechEPN7float165Fp16TES2_htthhbb] -> (nil)
npuchk: [_ZN6npuchk4vminEPN7float165Fp16TES2_S2_m] -> 0xffff8f058b7c
npuchk: [_ZN6npuchk4vminEPN7float165Fp16TES2_S2_hhhhhhh] -> 0xffff8f058e6c
npuchk: [_ZN6npuchk4vminEPN7float165Fp16TES2_S2_hhhhhhhbb] -> 0xffff8f059358
npuchk: [_ZN6npuchk4vminEPfS0_S0_m] -> 0xffff8f0598cc
npuchk: [_ZN6npuchk4vminEPfS0_S0_hhhhhhh] -> 0xffff8f059bbc
npuchk: [_ZN6npuchk4vminEPfS0_S0_hhhhhhhbb] -> 0xffff8f05a0a8
npuchk: [_ZN6npuchk4vminEPsS0_S0_m] -> 0xffff8f05a61c
npuchk: [_ZN6npuchk4vminEPsS0_S0_hhhhhhh] -> 0xffff8f05a90c
npuchk: [_ZN6npuchk4vminEPsS0_S0_hhhhhhhbb] -> 0xffff8f05adf8
npuchk: [_ZN6npuchk4vminEPiS0_S0_m] -> 0xffff8f05b36c
npuchk: [_ZN6npuchk4vminEPiS0_S0_hhhhhhh] -> 0xffff8f05b65c
npuchk: [_ZN6npuchk4vminEPiS0_S0_hhhhhhhbb] -> 0xffff8f05bb48
npuchk: [_ZN6npuchk5vminsEPN7float165Fp16TES2_S1_m] -> 0xffff8f05c0bc
npuchk: [_ZN6npuchk5vminsEPN7float165Fp16TES2_S1_htthhbb] -> 0xffff8f05c3b8
npuchk: [_ZN6npuchk5vminsEPN7float165Fp16TES2_S1_htttt] -> 0xffff8f05c880
npuchk: [_ZN6npuchk5vminsEPfS0_fm] -> 0xffff8f05ccd4
npuchk: [_ZN6npuchk5vminsEPfS0_fhtthhbb] -> 0xffff8f05cfc4
npuchk: [_ZN6npuchk5vminsEPfS0_fhtttt] -> 0xffff8f05d484
npuchk: [_ZN6npuchk5vminsEPsS0_sm] -> 0xffff8f05d8cc
npuchk: [_ZN6npuchk5vminsEPsS0_shtthhbb] -> 0xffff8f05dbb4
npuchk: [_ZN6npuchk5vminsEPsS0_shtttt] -> 0xffff8f05e068
npuchk: [_ZN6npuchk5vminsEPiS0_im] -> 0xffff8f05e4a8
npuchk: [_ZN6npuchk5vminsEPiS0_ihtthhbb] -> 0xffff8f05e790
npuchk: [_ZN6npuchk5vminsEPiS0_ihtttt] -> 0xffff8f05ec44
npuchk: [_ZN6npuchk4vmlaEPN7float165Fp16TES2_S2_m] -> 0xffff8f05f084
npuchk: [_ZN6npuchk4vmlaEPN7float165Fp16TES2_S2_hhhhhhh] -> 0xffff8f05f374
npuchk: [_ZN6npuchk4vmlaEPN7float165Fp16TES2_S2_hhhhhhhbb] -> 0xffff8f05f860
npuchk: [_ZN6npuchk4vmlaEPfS0_S0_m] -> 0xffff8f05fdd4
npuchk: [_ZN6npuchk4vmlaEPfS0_S0_hhhhhhh] -> 0xffff8f0600c4
npuchk: [_ZN6npuchk4vmlaEPfS0_S0_hhhhhhhbb] -> 0xffff8f0605b0
npuchk: [_ZN6npuchk4vmlaEPfPN7float165Fp16TES3_m] -> 0xffff8f060b24
npuchk: [_ZN6npuchk4vmlaEPfPN7float165Fp16TES3_hhhhhhh] -> 0xffff8f060e14
npuchk: [_ZN6npuchk4vmlaEPfPN7float165Fp16TES3_hhhhhhhbb] -> 0xffff8f061300
npuchk: [_ZN6npuchk9vmrgsort4EPN7float165Fp16TEPS2_m] -> 0xffff8f101d50
npuchk: [_ZN6npuchk9vmrgsort4EPfPS0_m] -> 0xffff8f101f18
npuchk: [_ZN6npuchk9vmrgsort4EPN7float165Fp16TEPS2_mm] -> 0xffff8f061874
npuchk: [_ZN6npuchk9vmrgsort4EPfPS0_mm] -> 0xffff8f061a78
npuchk: [_ZN6npuchk4vmulEPN7float165Fp16TES2_S2_m] -> 0xffff8f061c7c
npuchk: [_ZN6npuchk4vmulEPN7float165Fp16TES2_S2_hhhhhhh] -> 0xffff8f061f68
npuchk: [_ZN6npuchk4vmulEPN7float165Fp16TES2_S2_hhhhhhhbb] -> 0xffff8f062450
npuchk: [_ZN6npuchk4vmulEPfS0_S0_m] -> 0xffff8f0629c0
npuchk: [_ZN6npuchk4vmulEPfS0_S0_hhhhhhh] -> 0xffff8f062cac
npuchk: [_ZN6npuchk4vmulEPfS0_S0_hhhhhhhbb] -> 0xffff8f063194
npuchk: [_ZN6npuchk4vmulEPsS0_S0_m] -> 0xffff8f063704
npuchk: [_ZN6npuchk4vmulEPsS0_S0_hhhhhhh] -> 0xffff8f0639f0
npuchk: [_ZN6npuchk4vmulEPsS0_S0_hhhhhhhbb] -> 0xffff8f063ed8
npuchk: [_ZN6npuchk4vmulEPiS0_S0_m] -> 0xffff8f064448
npuchk: [_ZN6npuchk4vmulEPiS0_S0_hhhhhhh] -> 0xffff8f064734
npuchk: [_ZN6npuchk4vmulEPiS0_S0_hhhhhhhbb] -> 0xffff8f064c1c
npuchk: [_ZN6npuchk15vmulconv_f162s8EPaPN7float165Fp16TES3_m] -> 0xffff8f06518c
npuchk: [_ZN6npuchk15vmulconv_f162s8EPaPN7float165Fp16TES3_hhhhhhh] -> 0xffff8f06547c
npuchk: [_ZN6npuchk15vmulconv_f162s8EPaPN7float165Fp16TES3_hhhhhhhbb] -> 0xffff8f1020e0
npuchk: [_ZN6npuchk15vmulconv_f162u8EPhPN7float165Fp16TES3_m] -> 0xffff8f065968
npuchk: [_ZN6npuchk15vmulconv_f162u8EPhPN7float165Fp16TES3_hhhhhhh] -> 0xffff8f065c58
npuchk: [_ZN6npuchk15vmulconv_f162u8EPhPN7float165Fp16TES3_hhhhhhhbb] -> 0xffff8f102654
npuchk: [_ZN6npuchk5vmulsEPN7float165Fp16TES2_S1_m] -> 0xffff8f066144
npuchk: [_ZN6npuchk5vmulsEPN7float165Fp16TES2_S1_htthh] -> 0xffff8f066440
npuchk: [_ZN6npuchk5vmulsEPN7float165Fp16TES2_S1_htthhbb] -> 0xffff8f102bc8
npuchk: [_ZN6npuchk5vmulsEPN7float165Fp16TES2_S1_htttt] -> 0xffff8f066880
npuchk: [_ZN6npuchk5vmulsEPfS0_fm] -> 0xffff8f066cd4
npuchk: [_ZN6npuchk5vmulsEPfS0_fhtthh] -> 0xffff8f066fc4
npuchk: [_ZN6npuchk5vmulsEPfS0_fhtthhbb] -> 0xffff8f103090
npuchk: [_ZN6npuchk5vmulsEPfS0_fhtttt] -> 0xffff8f0673f8
npuchk: [_ZN6npuchk5vmulsEPsS0_sm] -> 0xffff8f067840
npuchk: [_ZN6npuchk5vmulsEPsS0_shtthh] -> 0xffff8f067b28
npuchk: [_ZN6npuchk5vmulsEPsS0_shtthhbb] -> 0xffff8f103550
npuchk: [_ZN6npuchk5vmulsEPsS0_shtttt] -> 0xffff8f067f54
npuchk: [_ZN6npuchk5vmulsEPiS0_im] -> 0xffff8f068394
npuchk: [_ZN6npuchk5vmulsEPiS0_ihtthh] -> 0xffff8f06867c
npuchk: [_ZN6npuchk5vmulsEPiS0_ihtthhbb] -> 0xffff8f103a04
npuchk: [_ZN6npuchk5vmulsEPiS0_ihtttt] -> 0xffff8f068aa8
npuchk: [_ZN6npuchk4vnotEPsS0_m] -> 0xffff8f068ee8
npuchk: [_ZN6npuchk4vnotEPsS0_htthh] -> 0xffff8f069178
npuchk: [_ZN6npuchk4vnotEPsS0_htthhbb] -> 0xffff8f103eb8
npuchk: [_ZN6npuchk4vnotEPsS0_htttt] -> 0xffff8f06954c
npuchk: [_ZN6npuchk4vnotEPtS0_m] -> 0xffff8f069934
npuchk: [_ZN6npuchk4vnotEPtS0_htthh] -> 0xffff8f069bc4
npuchk: [_ZN6npuchk4vnotEPtS0_htthhbb] -> 0xffff8f104318
npuchk: [_ZN6npuchk4vnotEPtS0_htttt] -> 0xffff8f069f98
npuchk: [_ZN6npuchk3vorEPsS0_S0_m] -> 0xffff8f06a380
npuchk: [_ZN6npuchk3vorEPsS0_S0_hhhhhhh] -> 0xffff8f06a66c
npuchk: [_ZN6npuchk3vorEPsS0_S0_hhhhhhhbb] -> 0xffff8f06ab54
npuchk: [_ZN6npuchk3vorEPtS0_S0_m] -> 0xffff8f06b0c4
npuchk: [_ZN6npuchk3vorEPtS0_S0_hhhhhhh] -> 0xffff8f06b3b0
npuchk: [_ZN6npuchk3vorEPtS0_S0_hhhhhhhbb] -> 0xffff8f06b898
npuchk: [_ZN6npuchk8vpaddingEPtS0_m] -> 0xffff8f104778
npuchk: [_ZN6npuchk8vpaddingEPtS0_htthhbbhb] -> 0xffff8f104a08
npuchk: [_ZN6npuchk8vpaddingEPjS0_m] -> 0xffff8f104efc
npuchk: [_ZN6npuchk8vpaddingEPjS0_htthhbbhb] -> 0xffff8f10518c
npuchk: [_ZN6npuchk4vrecEPN7float165Fp16TES2_m] -> 0xffff8f06be08
npuchk: [_ZN6npuchk4vrecEPN7float165Fp16TES2_htthh] -> 0xffff8f06c098
npuchk: [_ZN6npuchk4vrecEPN7float165Fp16TES2_htthhbb] -> 0xffff8f105680
npuchk: [_ZN6npuchk4vrecEPN7float165Fp16TES2_htttt] -> 0xffff8f06c46c
npuchk: [_ZN6npuchk4vrecEPfS0_m] -> 0xffff8f06c854
npuchk: [_ZN6npuchk4vrecEPfS0_htthh] -> 0xffff8f06cae4
npuchk: [_ZN6npuchk4vrecEPfS0_htthhbb] -> 0xffff8f105ae0
npuchk: [_ZN6npuchk4vrecEPfS0_htttt] -> 0xffff8f06ceb8
npuchk: [_ZN6npuchk7vreduceEPtS0_S0_m] -> 0xffff8f06d2a0
npuchk: [_ZN6npuchk7vreduceEPtS0_S0_hhhhhhh] -> 0xffff8f06d590
npuchk: [_ZN6npuchk7vreduceEPtS0_S0_hhhhh] -> 0xffff8f06da7c
npuchk: [_ZN6npuchk7vreduceEPjS0_S0_m] -> 0xffff8f06decc
npuchk: [_ZN6npuchk7vreduceEPjS0_S0_hhhhhhh] -> 0xffff8f06e1bc
npuchk: [_ZN6npuchk7vreduceEPjS0_S0_hhhhh] -> 0xffff8f06e6a8
npuchk: [_ZN6npuchk9vreducev2EPtS0_S0_m] -> 0xffff8f06eaf8
npuchk: [_ZN6npuchk9vreducev2EPtS0_S0_thhth] -> 0xffff8f06ede8
npuchk: [_ZN6npuchk9vreducev2EPjS0_S0_m] -> 0xffff8f06f100
npuchk: [_ZN6npuchk9vreducev2EPjS0_S0_thhth] -> 0xffff8f06f3f0
npuchk: [_ZN6npuchk5vreluEPN7float165Fp16TES2_m] -> 0xffff8f06f708
npuchk: [_ZN6npuchk5vreluEPN7float165Fp16TES2_htthh] -> 0xffff8f06f998
npuchk: [_ZN6npuchk5vreluEPN7float165Fp16TES2_htthhbb] -> 0xffff8f105f40
npuchk: [_ZN6npuchk5vreluEPN7float165Fp16TES2_htttt] -> 0xffff8f06fd6c
npuchk: [_ZN6npuchk5vreluEPfS0_m] -> 0xffff8f070154
npuchk: [_ZN6npuchk5vreluEPfS0_htthh] -> 0xffff8f0703e4
npuchk: [_ZN6npuchk5vreluEPfS0_htthhbb] -> 0xffff8f1063a0
npuchk: [_ZN6npuchk5vreluEPfS0_htttt] -> 0xffff8f0707b8
npuchk: [_ZN6npuchk5vreluEPiS0_m] -> 0xffff8f070ba0
npuchk: [_ZN6npuchk5vreluEPiS0_htthh] -> 0xffff8f070e30
npuchk: [_ZN6npuchk5vreluEPiS0_htthhbb] -> 0xffff8f106800
npuchk: [_ZN6npuchk5vreluEPiS0_htttt] -> 0xffff8f071204
npuchk: [_ZN6npuchk5vrpacEPN7float165Fp16TES2_m] -> 0xffff8f106c60
npuchk: [_ZN6npuchk5vrpacEPN7float165Fp16TES2_htthh] -> (nil)
npuchk: [_ZN6npuchk5vrpacEPN7float165Fp16TES2_htthhbb] -> (nil)
npuchk: [_ZN6npuchk5vrpacEPfS0_m] -> 0xffff8f106ef4
npuchk: [_ZN6npuchk5vrpacEPfS0_htthh] -> (nil)
npuchk: [_ZN6npuchk5vrpacEPfS0_htthhbb] -> (nil)
npuchk: [_ZN6npuchk6vrsqrtEPN7float165Fp16TES2_m] -> 0xffff8f0715ec
npuchk: [_ZN6npuchk6vrsqrtEPN7float165Fp16TES2_htthh] -> 0xffff8f07187c
npuchk: [_ZN6npuchk6vrsqrtEPN7float165Fp16TES2_htthhbb] -> 0xffff8f107188
npuchk: [_ZN6npuchk6vrsqrtEPN7float165Fp16TES2_htttt] -> 0xffff8f071c50
npuchk: [_ZN6npuchk6vrsqrtEPfS0_m] -> 0xffff8f072038
npuchk: [_ZN6npuchk6vrsqrtEPfS0_htthh] -> 0xffff8f0722c8
npuchk: [_ZN6npuchk6vrsqrtEPfS0_htthhbb] -> 0xffff8f1075e8
npuchk: [_ZN6npuchk6vrsqrtEPfS0_htttt] -> 0xffff8f07269c
npuchk: [_ZN6npuchk8vscatterEPjPtm] -> 0xffff8f107a48
npuchk: [_ZN6npuchk8vscatterEPjPtjb] -> 0xffff8f107cd0
npuchk: [_ZN6npuchk8vscatterEPjS0_m] -> 0xffff8f107fa0
npuchk: [_ZN6npuchk8vscatterEPjS0_jb] -> 0xffff8f108228
npuchk: [_ZN6npuchk4vselEPN7float165Fp16TES2_S2_m] -> 0xffff8f072a84
npuchk: [_ZN6npuchk4vselEPN7float165Fp16TES2_Pvm] -> 0xffff8f072d70
npuchk: [_ZN6npuchk4vselEPN7float165Fp16TES2_Pvhhhhhhh] -> 0xffff8f07305c
npuchk: [_ZN6npuchk4vselEPN7float165Fp16TES2_Pvhhhhhhhhbb] -> 0xffff8f1084f8
npuchk: [_ZN6npuchk4vselEPN7float165Fp16TES2_Pvhhhhhhhh] -> 0xffff8f073544
npuchk: [_ZN6npuchk4vselEPN7float165Fp16TES2_S2_hhhhhhh] -> 0xffff8f073a7c
npuchk: [_ZN6npuchk4vselEPN7float165Fp16TES2_S2_hhhhhhhhbb] -> 0xffff8f108ab8
npuchk: [_ZN6npuchk4vselEPN7float165Fp16TES2_S2_hhhhhhhh] -> 0xffff8f073f64
npuchk: [_ZN6npuchk4vselEPfS0_S0_m] -> 0xffff8f07449c
npuchk: [_ZN6npuchk4vselEPfS0_Pvm] -> 0xffff8f074788
npuchk: [_ZN6npuchk4vselEPfS0_Pvhhhhhhh] -> 0xffff8f074a74
npuchk: [_ZN6npuchk4vselEPfS0_Pvhhhhhhhhbb] -> 0xffff8f109078
npuchk: [_ZN6npuchk4vselEPfS0_Pvhhhhhhhh] -> 0xffff8f074f5c
npuchk: [_ZN6npuchk4vselEPfS0_S0_hhhhhhh] -> 0xffff8f075494
npuchk: [_ZN6npuchk4vselEPfS0_S0_hhhhhhhhbb] -> 0xffff8f109638
npuchk: [_ZN6npuchk4vselEPfS0_S0_hhhhhhhh] -> 0xffff8f07597c
npuchk: [_ZN6npuchk4vshlEPsS0_jm] -> 0xffff8f075eb4
npuchk: [_ZN6npuchk4vshlEPsS0_jhtthh] -> 0xffff8f07619c
npuchk: [_ZN6npuchk4vshlEPsS0_jhtthhbb] -> (nil)
npuchk: [_ZN6npuchk4vshlEPsS0_jhtttt] -> 0xffff8f0765c8
npuchk: [_ZN6npuchk4vshlEPiS0_jm] -> 0xffff8f076a08
npuchk: [_ZN6npuchk4vshlEPiS0_jhtthh] -> 0xffff8f076cf0
npuchk: [_ZN6npuchk4vshlEPiS0_jhtthhbb] -> (nil)
npuchk: [_ZN6npuchk4vshlEPiS0_jhtttt] -> 0xffff8f07711c
npuchk: [_ZN6npuchk4vshlEPtS0_jm] -> 0xffff8f07755c
npuchk: [_ZN6npuchk4vshlEPtS0_jhtthh] -> 0xffff8f077844
npuchk: [_ZN6npuchk4vshlEPtS0_jhtthhbb] -> (nil)
npuchk: [_ZN6npuchk4vshlEPtS0_jhtttt] -> 0xffff8f077c70
npuchk: [_ZN6npuchk4vshlEPjS0_jm] -> 0xffff8f0780b0
npuchk: [_ZN6npuchk4vshlEPjS0_jhtthh] -> 0xffff8f078398
npuchk: [_ZN6npuchk4vshlEPjS0_jhtthhbb] -> (nil)
npuchk: [_ZN6npuchk4vshlEPjS0_jhtttt] -> 0xffff8f0787c4
npuchk: [_ZN6npuchk4vshrEPsS0_imb] -> 0xffff8f078c04
npuchk: [_ZN6npuchk4vshrEPsS0_ihtthhbbb] -> (nil)
npuchk: [_ZN6npuchk4vshrEPsS0_ihttttb] -> 0xffff8f078f48
npuchk: [_ZN6npuchk4vshrEPiS0_imb] -> 0xffff8f0793e0
npuchk: [_ZN6npuchk4vshrEPiS0_ihtthhbbb] -> (nil)
npuchk: [_ZN6npuchk4vshrEPiS0_ihttttb] -> 0xffff8f079724
npuchk: [_ZN6npuchk4vshrEPtS0_jmb] -> 0xffff8f079bbc
npuchk: [_ZN6npuchk4vshrEPtS0_jhtthhbbb] -> (nil)
npuchk: [_ZN6npuchk4vshrEPtS0_jhttttb] -> 0xffff8f079f00
npuchk: [_ZN6npuchk4vshrEPjS0_jmb] -> 0xffff8f07a398
npuchk: [_ZN6npuchk4vshrEPjS0_jhtthhbbb] -> (nil)
npuchk: [_ZN6npuchk4vshrEPjS0_jhttttb] -> 0xffff8f07a6dc
npuchk: [_ZN6npuchk5vsortEPN7float165Fp16TES2_m] -> (nil)
npuchk: [_ZN6npuchk5vsortEPN7float165Fp16TES2_h] -> (nil)
npuchk: [_ZN6npuchk5vsortEPfS0_m] -> (nil)
npuchk: [_ZN6npuchk5vsortEPfS0_h] -> (nil)
npuchk: [_ZN6npuchk5vsqrtEPN7float165Fp16TES2_m] -> 0xffff8f07ab74
npuchk: [_ZN6npuchk5vsqrtEPN7float165Fp16TES2_htthh] -> 0xffff8f07ae04
npuchk: [_ZN6npuchk5vsqrtEPN7float165Fp16TES2_htthhbb] -> 0xffff8f109bf8
npuchk: [_ZN6npuchk5vsqrtEPN7float165Fp16TES2_htttt] -> 0xffff8f07b1d8
npuchk: [_ZN6npuchk5vsqrtEPfS0_m] -> 0xffff8f07b5c0
npuchk: [_ZN6npuchk5vsqrtEPfS0_htthh] -> 0xffff8f07b850
npuchk: [_ZN6npuchk5vsqrtEPfS0_htthhbb] -> 0xffff8f10a058
npuchk: [_ZN6npuchk5vsqrtEPfS0_htttt] -> 0xffff8f07bc24
npuchk: [_ZN6npuchk4vsubEPN7float165Fp16TES2_S2_m] -> 0xffff8f07c00c
npuchk: [_ZN6npuchk4vsubEPN7float165Fp16TES2_S2_hhhhhhh] -> 0xffff8f07c2fc
npuchk: [_ZN6npuchk4vsubEPN7float165Fp16TES2_S2_hhhhhhhbb] -> 0xffff8f10a4b8
npuchk: [_ZN6npuchk4vsubEPfS0_S0_m] -> 0xffff8f07c7e8
npuchk: [_ZN6npuchk4vsubEPfS0_S0_hhhhhhh] -> 0xffff8f07cad8
npuchk: [_ZN6npuchk4vsubEPfS0_S0_hhhhhhhbb] -> 0xffff8f10aa2c
npuchk: [_ZN6npuchk4vsubEPsS0_S0_m] -> 0xffff8f07cfc4
npuchk: [_ZN6npuchk4vsubEPsS0_S0_hhhhhhh] -> 0xffff8f07d2b4
npuchk: [_ZN6npuchk4vsubEPsS0_S0_hhhhhhhbb] -> 0xffff8f10afa0
npuchk: [_ZN6npuchk4vsubEPiS0_S0_m] -> 0xffff8f07d7a0
npuchk: [_ZN6npuchk4vsubEPiS0_S0_hhhhhhh] -> 0xffff8f07da90
npuchk: [_ZN6npuchk4vsubEPiS0_S0_hhhhhhhbb] -> 0xffff8f10b514
npuchk: [_ZN6npuchk8vsubreluEPN7float165Fp16TES2_S2_m] -> 0xffff8f07df7c
npuchk: [_ZN6npuchk8vsubreluEPN7float165Fp16TES2_S2_hhhhhhhbb] -> 0xffff8f10ba88
npuchk: [_ZN6npuchk8vsubreluEPN7float165Fp16TES2_S2_hhhhhhh] -> 0xffff8f07e26c
npuchk: [_ZN6npuchk8vsubreluEPfS0_S0_m] -> 0xffff8f07e758
npuchk: [_ZN6npuchk8vsubreluEPfS0_S0_hhhhhhhbb] -> 0xffff8f10bffc
npuchk: [_ZN6npuchk8vsubreluEPfS0_S0_hhhhhhh] -> 0xffff8f07ea48
npuchk: [_ZN6npuchk8vsubreluEPsS0_S0_m] -> 0xffff8f07ef34
npuchk: [_ZN6npuchk8vsubreluEPsS0_S0_hhhhhhhbb] -> 0xffff8f10c570
npuchk: [_ZN6npuchk8vsubreluEPsS0_S0_hhhhhhh] -> 0xffff8f07f224
npuchk: [_ZN6npuchk19vsubreluconv_f162s8EPaPN7float165Fp16TES3_mb] -> 0xffff8f07f710
npuchk: [_ZN6npuchk19vsubreluconv_f162s8EPaPN7float165Fp16TES3_hhhhhhhbbb] -> 0xffff8f10cae4
npuchk: [_ZN6npuchk19vsubreluconv_f162s8EPaPN7float165Fp16TES3_hhhhhhhb] -> 0xffff8f07fa60
npuchk: [_ZN6npuchk20vsubreluconv_f322f16EPN7float165Fp16TEPfS3_mb] -> 0xffff8f07ffa8
npuchk: [_ZN6npuchk20vsubreluconv_f322f16EPN7float165Fp16TEPfS3_hhhhhhhbbb] -> 0xffff8f10d0b4
npuchk: [_ZN6npuchk20vsubreluconv_f322f16EPN7float165Fp16TEPfS3_hhhhhhhb] -> 0xffff8f0802f8
npuchk: [_ZN6npuchk19vsubreluconv_s162s8EPaPsS1_mb] -> 0xffff8f080840
npuchk: [_ZN6npuchk19vsubreluconv_s162s8EPaPsS1_hhhhhhhbbb] -> 0xffff8f10d684
npuchk: [_ZN6npuchk19vsubreluconv_s162s8EPaPsS1_hhhhhhhb] -> 0xffff8f080b90
npuchk: [_ZN6npuchk23vsubreluconv_vdeqs162b8EPaPsS1_mb] -> (nil)
npuchk: [_ZN6npuchk23vsubreluconv_vdeqs162b8EPhPsS1_mb] -> (nil)
npuchk: [_ZN6npuchk23vsubreluconv_vdeqs162b8EPhPsS1_hhhhhhhbbb] -> (nil)
npuchk: [_ZN6npuchk23vsubreluconv_vdeqs162b8EPhPsS1_hhhhhhhb] -> (nil)
npuchk: [_ZN6npuchk23vsubreluconv_vdeqs162b8EPaPsS1_hhhhhhhbbb] -> (nil)
npuchk: [_ZN6npuchk23vsubreluconv_vdeqs162b8EPaPsS1_hhhhhhhb] -> (nil)
npuchk: [_ZN6npuchk10vtransposeEPsS0_] -> 0xffff8f0810d8
npuchk: [_ZN6npuchk10vtransposeEPtS0_] -> 0xffff8f081310
npuchk: [_ZN6npuchk9wait_flagE6pipe_tS0_7event_t] -> 0xffff8efe8b94
npuchk: [_ZN6npuchk9wait_flagE6pipe_t7event_t] -> (nil)
npuchk: [_ZN6npuchk9wait_flagE6pipe_tS0_m] -> (nil)
npuchk: [_ZN6npuchk9wait_flagE6pipe_tm] -> (nil)
npuchk: [_ZN6npuchk13wait_flag_devEl] -> 0xffff8efe8e54
npuchk: [_ZN6npuchk13winograd_convEPiPsPam] -> (nil)
npuchk: [_ZN6npuchk13winograd_convEPiPsPattthhhb] -> (nil)
npuchk: [_ZN6npuchk13winograd_convEPiPaS1_m] -> (nil)
npuchk: [_ZN6npuchk13winograd_convEPiPaS1_ttthhhb] -> (nil)
npuchk: [_ZN6npuchk13get_workspaceEi] -> (nil)
npuchk: [_ZN6npuchk13set_core_typeEi] -> (nil)
npuchk: [_ZN6npuchk15get_process_numEv] -> (nil)
npuchk: [_ZN6npuchk13set_block_dimEi] -> (nil)
npuchk: [_ZN6npuchk18AscendCKernelBeginEPKciPm] -> 0xffff8ef62ac8
npuchk: [_ZN6npuchk16AscendCKernelEndEPKciPm] -> 0xffff8ef62b00
npuchk: [_ZN6npuchk17AscendCBlockBeginEiPKciPKm] -> 0xffff8ef62e24
npuchk: [_ZN6npuchk15AscendCBlockEndEiPKciPKm] -> 0xffff8ef62b28
npuchk: [_ZN6npuchk16AscendCQueCreateEhhh] -> 0xffff8ef631ec
npuchk: [_ZN6npuchk14AscendCBufInitEhhhmm] -> 0xffff8ef633e8
npuchk: [_ZN6npuchk15AscendCBufAllocEhhmm] -> 0xffff8ef63208
npuchk: [_ZN6npuchk14AscendCBufFreeEhhmm] -> 0xffff8ef6326c
npuchk: [_ZN6npuchk15AscendCBufEnqueEhhhm] -> 0xffff8ef634a4
npuchk: [_ZN6npuchk15AscendCBufDequeEhhhm] -> 0xffff8ef63500
npuchk: [_ZN6npuchk17AscendCBufAbsAddrEhmm] -> 0xffff8ef632d0
npuchk: [_ZN6npuchk13AscendCBufGetEhhmm] -> 0xffff8ef6355c
npuchk: [_ZN6npuchk19AscendCTBufPoolInitEhmmm] -> 0xffff8ef635d8
npuchk: [_ZN6npuchk27AscendCUpdateTbufPoolStatusEmb] -> 0xffff8ef63634
npuchk: [_ZN6npuchk26AscendCRecordPoolHierarchyEmm] -> 0xffff8ef63660
npuchk: [_ZN6npuchk25AscendCTBufPoolResetCheckEhmmm] -> 0xffff8ef6368c
npuchk: [_ZN6npuchk12batch_offsetEmm] -> (nil)
npuchk: [_ZN6npuchk12wait_and_setEPvS0_mm] -> (nil)
npuchk: [_ZN6npuchk9wait_syncEPvS0_S0_] -> (nil)
npuchk: [_ZN6npuchk11set_tensoraEPvS0_] -> (nil)
npuchk: [_ZN6npuchk11set_tensorbEPv] -> (nil)
npuchk: [_ZN6npuchk11get_tensorcEPv] -> (nil)
npuchk: [_ZN6npuchk13__ib_set_stubEiib] -> (nil)
npuchk: [_ZN6npuchk14__ib_wait_stubEiib] -> (nil)
npuchk: [_ZN6npuchk15__sync_all_stubEib] -> (nil)
