
### set_ffts_base_addr((uint64_t)281473087088288);

[set_ffts_base_addr] unsupported
[S] [RECV_INST] set_ffts_base_addr type 7
[S] [EXECUTE] set_ffts_base_addr type 7

### set_vector_mask((uint64_t)18446744073709551615, (uint64_t)18446744073709551615);

[V] [RECV_INST] set_vector_mask type 6
[V] [EXECUTE] set_vector_mask type 6

### set_mask_norm();

[set_mask_norm] unsupported
[S] [RECV_INST] set_mask_norm type 7
[S] [EXECUTE] set_mask_norm type 7
[ALL] [TBUF_EVENT] ABS_ADDR 0xffff87858010 0x30000 B type L1
[ALL] [TBUF_STAT] ---------- tbuf used stat ----------
[ALL] [TBUF_STAT] ---------- tbuf used stat ----------
[ALL] [TBUF_STAT] ---------- tbuf init stat ----------
[ALL] [TBUF_STAT] ---------- tbuf init stat ----------
[ALL] [TBUF_EVENT] ABS_ADDR 0xffff877d7010 0x80000 B type L0A
[ALL] [TBUF_STAT] ---------- tbuf used stat ----------
[ALL] [TBUF_STAT] ---------- tbuf used stat ----------
[ALL] [TBUF_STAT] ---------- tbuf init stat ----------
[ALL] [TBUF_STAT] ---------- tbuf init stat ----------
[ALL] [TBUF_EVENT] ABS_ADDR 0xaaaad8616980 0x10000 B type L1
[ALL] [TBUF_STAT] ---------- tbuf used stat ----------
[ALL] [TBUF_STAT] ---------- tbuf used stat ----------
[ALL] [TBUF_STAT] ---------- tbuf init stat ----------
[ALL] [TBUF_STAT] ---------- tbuf init stat ----------
[ALL] [TBUF_EVENT] ABS_ADDR 0xaaaad8626990 0x10000 B type L0B
[ALL] [TBUF_STAT] ---------- tbuf used stat ----------
[ALL] [TBUF_STAT] ---------- tbuf used stat ----------
[ALL] [TBUF_STAT] ---------- tbuf init stat ----------
[ALL] [TBUF_STAT] ---------- tbuf init stat ----------
[ALL] [TBUF_EVENT] ABS_ADDR 0xffff877b6010 0x20000 B type UB
[ALL] [TBUF_STAT] ---------- tbuf used stat ----------
[ALL] [TBUF_STAT] ---------- tbuf used stat ----------
[ALL] [TBUF_STAT] ---------- tbuf init stat ----------
[ALL] [TBUF_STAT] ---------- tbuf init stat ----------
[ALL] [TBUF_EVENT] ABS_ADDR 0xaaaad71131c0 0x400 B type L0C
[ALL] [TBUF_STAT] ---------- tbuf used stat ----------
[ALL] [TBUF_STAT] ---------- tbuf used stat ----------
[ALL] [TBUF_STAT] ---------- tbuf init stat ----------
[ALL] [TBUF_STAT] ---------- tbuf init stat ----------
[ALL] [TBUF_EVENT] ABS_ADDR 0xaaaad86369a0 0x1c00 B type L0C
[ALL] [TBUF_STAT] ---------- tbuf used stat ----------
[ALL] [TBUF_STAT] ---------- tbuf used stat ----------
[ALL] [TBUF_STAT] ---------- tbuf init stat ----------
[ALL] [TBUF_STAT] ---------- tbuf init stat ----------
[ALL] [TBUF_EVENT] INIT 0xffff87858010 0x100 B type UB
[ALL] [TBUF_STAT] ---------- tbuf used stat ----------
[ALL] [TBUF_STAT] ---------- tbuf used stat ----------
[ALL] [TBUF_STAT] ---------- tbuf init stat ----------
    UB USED: 0x100, Rate: 0.0976562%
[ALL] [TBUF_STAT] ---------- tbuf init stat ----------
[ALL] [TBUF_EVENT] INIT 0xffff87858110 0x100 B type UB
[ALL] [TBUF_STAT] ---------- tbuf used stat ----------
[ALL] [TBUF_STAT] ---------- tbuf used stat ----------
[ALL] [TBUF_STAT] ---------- tbuf init stat ----------
    UB USED: 0x200, Rate: 0.195312%
[ALL] [TBUF_STAT] ---------- tbuf init stat ----------
[MEMCHEK][InitMemRecord]add addr: 281472955416592len: 256
[ALL] [TBUF_EVENT] INIT 0xffff87858210 0x100 B type UB
[ALL] [TBUF_STAT] ---------- tbuf used stat ----------
[ALL] [TBUF_STAT] ---------- tbuf used stat ----------
[ALL] [TBUF_STAT] ---------- tbuf init stat ----------
    UB USED: 0x300, Rate: 0.292969%
[ALL] [TBUF_STAT] ---------- tbuf init stat ----------
[ALL] [TBUF_EVENT] INIT 0xffff87858310 0x100 B type UB
[ALL] [TBUF_STAT] ---------- tbuf used stat ----------
[ALL] [TBUF_STAT] ---------- tbuf used stat ----------
[ALL] [TBUF_STAT] ---------- tbuf init stat ----------
    UB USED: 0x400, Rate: 0.390625%
[ALL] [TBUF_STAT] ---------- tbuf init stat ----------
[MEMCHEK][InitMemRecord]add addr: 281472955417104len: 256
[ALL] [TBUF_EVENT] INIT 0xffff87858410 0x100 B type UB
[ALL] [TBUF_STAT] ---------- tbuf used stat ----------
[ALL] [TBUF_STAT] ---------- tbuf used stat ----------
[ALL] [TBUF_STAT] ---------- tbuf init stat ----------
    UB USED: 0x500, Rate: 0.488281%
[ALL] [TBUF_STAT] ---------- tbuf init stat ----------
[ALL] [TBUF_EVENT] INIT 0xffff87858510 0x100 B type UB
[ALL] [TBUF_STAT] ---------- tbuf used stat ----------
[ALL] [TBUF_STAT] ---------- tbuf used stat ----------
[ALL] [TBUF_STAT] ---------- tbuf init stat ----------
    UB USED: 0x600, Rate: 0.585938%
[ALL] [TBUF_STAT] ---------- tbuf init stat ----------
[MEMCHEK][InitMemRecord]add addr: 281472955417616len: 256
[ALL] [TBUF_EVENT] ALLOC 0xffff87858010 0x100 B type UB
[ALL] [TBUF_STAT] ---------- tbuf used stat ----------
    UB USED: 0x100, Rate: 0.0976562%
[ALL] [TBUF_STAT] ---------- tbuf used stat ----------
[ALL] [TBUF_STAT] ---------- tbuf init stat ----------
    UB USED: 0x600, Rate: 0.585938%
[ALL] [TBUF_STAT] ---------- tbuf init stat ----------
[MEMCHEK][CreateMemRecord] addr: 281472955416592len: 256
[ALL] [TBUF_EVENT] ALLOC 0xffff87858210 0x100 B type UB
[ALL] [TBUF_STAT] ---------- tbuf used stat ----------
    UB USED: 0x200, Rate: 0.195312%
[ALL] [TBUF_STAT] ---------- tbuf used stat ----------
[ALL] [TBUF_STAT] ---------- tbuf init stat ----------
    UB USED: 0x600, Rate: 0.585938%
[ALL] [TBUF_STAT] ---------- tbuf init stat ----------
[MEMCHEK][CreateMemRecord] addr: 281472955417104len: 256

### copy_gm_to_ubuf((__ubuf__ void*)0xffff87858010, (__gm__ void*)0xffff8ed3d000, (uint8_t)0, (uint16_t)1, (uint16_t)8, (uint16_t)0, (uint16_t)0);

[MTE2] [RECV_INST] copy_gm_to_ubuf type 0
[MTE2] [EXECUTE] copy_gm_to_ubuf type 0
[MTE2] read  data 0xffff8ed3d000 0x100 B type GM
[MTE2] [DATA_MARK] 0xffff8ed3d000 0x100 B type GM mark read
[MTE2] write data 0xffff87858010 0x100 B type UB
[MTE2] checking pending queue
[MTE2] [CHECK_DATA] 0xffff87858010 0x100 B type UB
[MTE2] checking wrote queue
[MTE2] [CHECK_DATA] 0xffff87858010 0x100 B type UB
[MTE2] [CHECK_TBUF] 0xffff87858010 0x100 B type UB
[MTE2] allocation buffer match result 0
[MEMCHEK] Mem[281472955416592]checkNum is 0

### copy_gm_to_ubuf((__ubuf__ void*)0xffff87858210, (__gm__ void*)0xffff8e0ad000, (uint8_t)0, (uint16_t)1, (uint16_t)8, (uint16_t)0, (uint16_t)0);

[MTE2] [RECV_INST] copy_gm_to_ubuf type 0
[MTE2] [EXECUTE] copy_gm_to_ubuf type 0
[MTE2] read  data 0xffff8e0ad000 0x100 B type GM
[MTE2] [DATA_MARK] 0xffff8e0ad000 0x100 B type GM mark read
[MTE2] write data 0xffff87858210 0x100 B type UB
[MTE2] checking pending queue
[MTE2] [CHECK_DATA] 0xffff87858210 0x100 B type UB
[MTE2] checking wrote queue
[MTE2] [CHECK_DATA] 0xffff87858210 0x100 B type UB
[MTE2] [CHECK_TBUF] 0xffff87858210 0x100 B type UB
[MTE2] allocation buffer match result 0
[MEMCHEK] Mem[281472955417104]checkNum is 0

### set_flag((pipe_t)PIPE_MTE2, (pipe_t)PIPE_V, (event_t)0);

[MTE2] [RECV_INST] set_flag type 3
[MTE2] [EXECUTE] set_flag type 3
[MTE2] [SYNC_DATA] 0xffff87858010 0x100 B type UB
[MTE2] [SYNC_DATA] 0xffff87858210 0x100 B type UB
[MTE2] [send event] on set_flag 4 1 0
[MTE2] -> [V] [GET_DATA] 0xffff87858010 0x100 B stat 1 type UB
[MTE2] -> [V] [GET_DATA] 0xffff87858210 0x100 B stat 1 type UB
[V] [RECV_EVENT] SRC MTE2 DST V EVENT 0
[V] [RECV_DATA] 0xffff87858010 0x100 B stat 1 type UB
[V] [RECV_DATA] 0xffff87858210 0x100 B stat 1 type UB
[MEMCHEK] Mem[281472955416592]checkNum is 0

### set_flag((pipe_t)PIPE_MTE2, (pipe_t)PIPE_V, (event_t)1);

[MTE2] [RECV_INST] set_flag type 3
[MTE2] [EXECUTE] set_flag type 3
[MTE2] [send event] on set_flag 4 1 1
[MTE2] -> [V] [GET_DATA] 0xffff87858010 0x100 B stat 1 type UB
[MTE2] -> [V] [GET_DATA] 0xffff87858210 0x100 B stat 1 type UB
[V] [RECV_EVENT] SRC MTE2 DST V EVENT 1
[V] [RECV_DATA] 0xffff87858010 0x100 B stat 1 type UB
[V] [RECV_DATA] 0xffff87858210 0x100 B stat 1 type UB
[MEMCHEK] Mem[281472955417104]checkNum is 0

### wait_flag((pipe_t)PIPE_MTE2, (pipe_t)PIPE_V, (event_t)0);

[V] [RECV_INST] wait_flag type 4
[V] [EXECUTE] wait_flag type 4
[V] [no wait] on wait_flag 4 1 0
[MTE2] [EVENT_CLEAR] send 4 1 0 has been waited
[MEMCHEK] Mem[281472955416592]checkNum is 0

### wait_flag((pipe_t)PIPE_MTE2, (pipe_t)PIPE_V, (event_t)1);

[V] [RECV_INST] wait_flag type 4
[V] [EXECUTE] wait_flag type 4
[V] [no wait] on wait_flag 4 1 1
[MTE2] [EVENT_CLEAR] send 4 1 1 has been waited
[MEMCHEK] Mem[281472955417104]checkNum is 0
[ALL] [TBUF_EVENT] ALLOC 0xffff87858410 0x100 B type UB
[ALL] [TBUF_STAT] ---------- tbuf used stat ----------
    UB USED: 0x300, Rate: 0.292969%
[ALL] [TBUF_STAT] ---------- tbuf used stat ----------
[ALL] [TBUF_STAT] ---------- tbuf init stat ----------
    UB USED: 0x600, Rate: 0.585938%
[ALL] [TBUF_STAT] ---------- tbuf init stat ----------
[MEMCHEK][CreateMemRecord] addr: 281472955417616len: 256

### set_mask_count();

[set_mask_count] unsupported
[S] [RECV_INST] set_mask_count type 7
[S] [EXECUTE] set_mask_count type 7

### set_vector_mask((uint64_t)0, (uint64_t)128);

[V] [RECV_INST] set_vector_mask type 6
[V] [EXECUTE] set_vector_mask type 6

### vadd((__ubuf__ half*)0xffff87858410, (__ubuf__ half*)0xffff87858010, (__ubuf__ half*)0xffff87858210, (uint8_t)1, (uint8_t)1, (uint8_t)1, (uint8_t)1, (uint8_t)8, (uint8_t)8, (uint8_t)8);

[V] [RECV_INST] vadd type 1
[V] [EXECUTE] vadd type 1
[MEMCHEK] Mem[281472955416592]checkNum is 0
[MEMCHEK] Mem[281472955417104]checkNum is 0
[MEMCHEK] Mem[281472955417616]checkNum is 0
DataMergeAllOnceAll dataLen: 256
[V] read  data 0xffff87858010 0x100 B type UB
[V] checking synced queue
[V] [CHECK_DATA] 0xffff87858010 0x100 B type UB
[V] data matched whole 0xffff87858010 0x100 stat 1
[V] [DATA_MARK] 0xffff87858010 0x100 B type UB mark read
[V] checking pending queue
[V] [CHECK_DATA] 0xffff87858010 0x100 B type UB
[V] [CHECK_TBUF] 0xffff87858010 0x100 B type UB
[V] allocation buffer match result 0
[V] read  data 0xffff87858210 0x100 B type UB
[V] checking synced queue
[V] [CHECK_DATA] 0xffff87858210 0x100 B type UB
[V] data matched whole 0xffff87858210 0x100 stat 1
[V] [DATA_MARK] 0xffff87858210 0x100 B type UB mark read
[V] checking pending queue
[V] [CHECK_DATA] 0xffff87858210 0x100 B type UB
[V] [CHECK_TBUF] 0xffff87858210 0x100 B type UB
[V] allocation buffer match result 0
[V] write data 0xffff87858410 0x100 B type UB
[V] checking pending queue
[V] [CHECK_DATA] 0xffff87858410 0x100 B type UB
[V] checking wrote queue
[V] [CHECK_DATA] 0xffff87858410 0x100 B type UB
[V] [CHECK_TBUF] 0xffff87858410 0x100 B type UB
[V] allocation buffer match result 0

### set_mask_norm();

[set_mask_norm] unsupported
[S] [RECV_INST] set_mask_norm type 7
[S] [EXECUTE] set_mask_norm type 7

### set_vector_mask((uint64_t)18446744073709551615, (uint64_t)18446744073709551615);

[V] [RECV_INST] set_vector_mask type 6
[V] [EXECUTE] set_vector_mask type 6

### set_flag((pipe_t)PIPE_V, (pipe_t)PIPE_MTE3, (event_t)0);

[V] [RECV_INST] set_flag type 3
[V] [EXECUTE] set_flag type 3
[V] [SYNC_DATA] 0xffff87858410 0x100 B type UB
[V] [send event] on set_flag 1 5 0
[V] -> [MTE3] [GET_DATA] 0xffff87858410 0x100 B stat 1 type UB
[MTE3] [RECV_EVENT] SRC V DST MTE3 EVENT 0
[MTE3] [RECV_DATA] 0xffff87858410 0x100 B stat 1 type UB
[MEMCHEK] Mem[281472955417616]checkNum is 0

### set_flag((pipe_t)PIPE_V, (pipe_t)PIPE_MTE2, (event_t)0);

[V] [RECV_INST] set_flag type 3
[V] [EXECUTE] set_flag type 3
[V] [send event] on set_flag 1 4 0
[V] -> [MTE2] [GET_DATA] 0xffff87858410 0x100 B stat 1 type UB
[MTE2] [RECV_EVENT] SRC V DST MTE2 EVENT 0
[MTE2] [RECV_DATA] 0xffff87858410 0x100 B stat 1 type UB
[ALL] [TBUF_EVENT] FREE 0xffff87858010 0x100 B type UB
[ALL] [TBUF_STAT] ---------- tbuf used stat ----------
    UB USED: 0x200, Rate: 0.195312%
[ALL] [TBUF_STAT] ---------- tbuf used stat ----------
[ALL] [TBUF_STAT] ---------- tbuf init stat ----------
    UB USED: 0x600, Rate: 0.585938%
[ALL] [TBUF_STAT] ---------- tbuf init stat ----------
[MEMCHEK] Mem[281472955416592]checkNum is 0
[MEMCHEK] Mem[281472955416592] is FREE

### set_flag((pipe_t)PIPE_V, (pipe_t)PIPE_MTE2, (event_t)1);

[V] [RECV_INST] set_flag type 3
[V] [EXECUTE] set_flag type 3
[V] [send event] on set_flag 1 4 1
[V] -> [MTE2] [GET_DATA] 0xffff87858410 0x100 B stat 1 type UB
[MTE2] [RECV_EVENT] SRC V DST MTE2 EVENT 1
[MTE2] [RECV_DATA] 0xffff87858410 0x100 B stat 1 type UB
[ALL] [TBUF_EVENT] FREE 0xffff87858210 0x100 B type UB
[ALL] [TBUF_STAT] ---------- tbuf used stat ----------
    UB USED: 0x100, Rate: 0.0976562%
[ALL] [TBUF_STAT] ---------- tbuf used stat ----------
[ALL] [TBUF_STAT] ---------- tbuf init stat ----------
    UB USED: 0x600, Rate: 0.585938%
[ALL] [TBUF_STAT] ---------- tbuf init stat ----------
[MEMCHEK] Mem[281472955417104]checkNum is 0
[MEMCHEK] Mem[281472955417104] is FREE

### wait_flag((pipe_t)PIPE_V, (pipe_t)PIPE_MTE3, (event_t)0);

[MTE3] [RECV_INST] wait_flag type 4
[MTE3] [EXECUTE] wait_flag type 4
[MTE3] [no wait] on wait_flag 1 5 0
[V] [EVENT_CLEAR] send 1 5 0 has been waited
[MEMCHEK] Mem[281472955417616]checkNum is 0

### copy_ubuf_to_gm((__gm__ void*)0xffff8dabd000, (__ubuf__ void*)0xffff87858410, (uint8_t)0, (uint16_t)1, (uint16_t)8, (uint16_t)0, (uint16_t)0);

[MTE3] [RECV_INST] copy_ubuf_to_gm type 0
[MTE3] [EXECUTE] copy_ubuf_to_gm type 0
[MTE3] read  data 0xffff87858410 0x100 B type UB
[MTE3] checking synced queue
[MTE3] [CHECK_DATA] 0xffff87858410 0x100 B type UB
[MTE3] data matched whole 0xffff87858410 0x100 stat 1
[MTE3] [DATA_MARK] 0xffff87858410 0x100 B type UB mark read
[MTE3] checking pending queue
[MTE3] [CHECK_DATA] 0xffff87858410 0x100 B type UB
[MTE3] [CHECK_TBUF] 0xffff87858410 0x100 B type UB
[MTE3] allocation buffer match result 0
[MTE3] write data 0xffff8dabd000 0x100 B type GM
[MTE3] checking pending queue
[MTE3] [CHECK_DATA] 0xffff8dabd000 0x100 B type GM
[MTE3] checking wrote queue
[MTE3] [CHECK_DATA] 0xffff8dabd000 0x100 B type GM
[MTE3] [CHECK_TBUF] 0xffff8dabd000 0x100 B type GM
[MEMCHEK] Mem[281472955417616]checkNum is 0

### set_flag((pipe_t)PIPE_MTE3, (pipe_t)PIPE_V, (event_t)0);

[MTE3] [RECV_INST] set_flag type 3
[MTE3] [EXECUTE] set_flag type 3
[MTE3] [SYNC_DATA] 0xffff8dabd000 0x100 B type GM
[MTE3] [send event] on set_flag 5 1 0
[MTE3] -> [V] [GET_DATA] 0xffff8dabd000 0x100 B stat 1 type GM
[V] [RECV_EVENT] SRC MTE3 DST V EVENT 0
[V] [RECV_DATA] 0xffff8dabd000 0x100 B stat 1 type GM
[ALL] [TBUF_EVENT] FREE 0xffff87858410 0x100 B type UB
[ALL] [TBUF_STAT] ---------- tbuf used stat ----------
[ALL] [TBUF_STAT] ---------- tbuf used stat ----------
[ALL] [TBUF_STAT] ---------- tbuf init stat ----------
    UB USED: 0x600, Rate: 0.585938%
[ALL] [TBUF_STAT] ---------- tbuf init stat ----------
[MEMCHEK] Mem[281472955417616]checkNum is 0
[MEMCHEK] Mem[281472955417616] is FREE
[ALL] [TBUF_EVENT] ALLOC 0xffff87858110 0x100 B type UB
[ALL] [TBUF_STAT] ---------- tbuf used stat ----------
    UB USED: 0x100, Rate: 0.0976562%
[ALL] [TBUF_STAT] ---------- tbuf used stat ----------
[ALL] [TBUF_STAT] ---------- tbuf init stat ----------
    UB USED: 0x600, Rate: 0.585938%
[ALL] [TBUF_STAT] ---------- tbuf init stat ----------
[MEMCHEK][CreateMemRecord] addr: 281472955416848len: 256
[ALL] [TBUF_EVENT] ALLOC 0xffff87858310 0x100 B type UB
[ALL] [TBUF_STAT] ---------- tbuf used stat ----------
    UB USED: 0x200, Rate: 0.195312%
[ALL] [TBUF_STAT] ---------- tbuf used stat ----------
[ALL] [TBUF_STAT] ---------- tbuf init stat ----------
    UB USED: 0x600, Rate: 0.585938%
[ALL] [TBUF_STAT] ---------- tbuf init stat ----------
[MEMCHEK][CreateMemRecord] addr: 281472955417360len: 256

### copy_gm_to_ubuf((__ubuf__ void*)0xffff87858110, (__gm__ void*)0xffff8ed3d100, (uint8_t)0, (uint16_t)1, (uint16_t)8, (uint16_t)0, (uint16_t)0);

[MTE2] [RECV_INST] copy_gm_to_ubuf type 0
[MTE2] [EXECUTE] copy_gm_to_ubuf type 0
[MTE2] read  data 0xffff8ed3d100 0x100 B type GM
[MTE2] [DATA_MARK] 0xffff8ed3d100 0x100 B type GM mark read
[MTE2] write data 0xffff87858110 0x100 B type UB
[MTE2] checking pending queue
[MTE2] [CHECK_DATA] 0xffff87858110 0x100 B type UB
[MTE2] checking wrote queue
[MTE2] [CHECK_DATA] 0xffff87858110 0x100 B type UB
[MTE2] [CHECK_TBUF] 0xffff87858110 0x100 B type UB
[MTE2] allocation buffer match result 0
[MEMCHEK] Mem[281472955416848]checkNum is 0

### copy_gm_to_ubuf((__ubuf__ void*)0xffff87858310, (__gm__ void*)0xffff8e0ad100, (uint8_t)0, (uint16_t)1, (uint16_t)8, (uint16_t)0, (uint16_t)0);

[MTE2] [RECV_INST] copy_gm_to_ubuf type 0
[MTE2] [EXECUTE] copy_gm_to_ubuf type 0
[MTE2] read  data 0xffff8e0ad100 0x100 B type GM
[MTE2] [DATA_MARK] 0xffff8e0ad100 0x100 B type GM mark read
[MTE2] write data 0xffff87858310 0x100 B type UB
[MTE2] checking pending queue
[MTE2] [CHECK_DATA] 0xffff87858310 0x100 B type UB
[MTE2] checking wrote queue
[MTE2] [CHECK_DATA] 0xffff87858310 0x100 B type UB
[MTE2] [CHECK_TBUF] 0xffff87858310 0x100 B type UB
[MTE2] allocation buffer match result 0
[MEMCHEK] Mem[281472955417360]checkNum is 0

### set_flag((pipe_t)PIPE_MTE2, (pipe_t)PIPE_V, (event_t)0);

[MTE2] [RECV_INST] set_flag type 3
[MTE2] [EXECUTE] set_flag type 3
[MTE2] [SYNC_DATA] 0xffff87858110 0x100 B type UB
[MTE2] [SYNC_DATA] 0xffff87858310 0x100 B type UB
[MTE2] [send event] on set_flag 4 1 0
[MTE2] -> [V] [GET_DATA] 0xffff87858010 0x200 B stat 1 type UB
[MTE2] -> [V] [GET_DATA] 0xffff87858210 0x200 B stat 1 type UB
[V] [RECV_EVENT] SRC MTE2 DST V EVENT 0
[V] [RECV_DATA] 0xffff87858010 0x200 B stat 1 type UB
[V] [RECV_DATA] 0xffff87858210 0x200 B stat 1 type UB
[MEMCHEK] Mem[281472955416848]checkNum is 0

### set_flag((pipe_t)PIPE_MTE2, (pipe_t)PIPE_V, (event_t)1);

[MTE2] [RECV_INST] set_flag type 3
[MTE2] [EXECUTE] set_flag type 3
[MTE2] [send event] on set_flag 4 1 1
[MTE2] -> [V] [GET_DATA] 0xffff87858010 0x200 B stat 1 type UB
[MTE2] -> [V] [GET_DATA] 0xffff87858210 0x200 B stat 1 type UB
[V] [RECV_EVENT] SRC MTE2 DST V EVENT 1
[V] [RECV_DATA] 0xffff87858010 0x200 B stat 1 type UB
[V] [RECV_DATA] 0xffff87858210 0x200 B stat 1 type UB
[MEMCHEK] Mem[281472955417360]checkNum is 0

### wait_flag((pipe_t)PIPE_MTE2, (pipe_t)PIPE_V, (event_t)0);

[V] [RECV_INST] wait_flag type 4
[V] [EXECUTE] wait_flag type 4
[V] [no wait] on wait_flag 4 1 0
[MTE2] [EVENT_CLEAR] send 4 1 0 has been waited
[MEMCHEK] Mem[281472955416848]checkNum is 0

### wait_flag((pipe_t)PIPE_MTE2, (pipe_t)PIPE_V, (event_t)1);

[V] [RECV_INST] wait_flag type 4
[V] [EXECUTE] wait_flag type 4
[V] [no wait] on wait_flag 4 1 1
[MTE2] [EVENT_CLEAR] send 4 1 1 has been waited
[MEMCHEK] Mem[281472955417360]checkNum is 0
[ALL] [TBUF_EVENT] ALLOC 0xffff87858510 0x100 B type UB
[ALL] [TBUF_STAT] ---------- tbuf used stat ----------
    UB USED: 0x300, Rate: 0.292969%
[ALL] [TBUF_STAT] ---------- tbuf used stat ----------
[ALL] [TBUF_STAT] ---------- tbuf init stat ----------
    UB USED: 0x600, Rate: 0.585938%
[ALL] [TBUF_STAT] ---------- tbuf init stat ----------
[MEMCHEK][CreateMemRecord] addr: 281472955417872len: 256

### set_mask_count();

[set_mask_count] unsupported
[S] [RECV_INST] set_mask_count type 7
[S] [EXECUTE] set_mask_count type 7

### set_vector_mask((uint64_t)0, (uint64_t)128);

[V] [RECV_INST] set_vector_mask type 6
[V] [EXECUTE] set_vector_mask type 6

### vadd((__ubuf__ half*)0xffff87858510, (__ubuf__ half*)0xffff87858110, (__ubuf__ half*)0xffff87858310, (uint8_t)1, (uint8_t)1, (uint8_t)1, (uint8_t)1, (uint8_t)8, (uint8_t)8, (uint8_t)8);

[V] [RECV_INST] vadd type 1
[V] [EXECUTE] vadd type 1
[MEMCHEK] Mem[281472955416848]checkNum is 0
[MEMCHEK] Mem[281472955417360]checkNum is 0
[MEMCHEK] Mem[281472955417872]checkNum is 0
DataMergeAllOnceAll dataLen: 256
[V] read  data 0xffff87858110 0x100 B type UB
[V] checking synced queue
[V] [CHECK_DATA] 0xffff87858110 0x100 B type UB
[V] data matched whole 0xffff87858010 0x400 stat 1
[V] [DATA_MARK] 0xffff87858110 0x100 B type UB mark read
[V] checking pending queue
[V] [CHECK_DATA] 0xffff87858110 0x100 B type UB
[V] [CHECK_TBUF] 0xffff87858110 0x100 B type UB
[V] allocation buffer match result 0
[V] read  data 0xffff87858310 0x100 B type UB
[V] checking synced queue
[V] [CHECK_DATA] 0xffff87858310 0x100 B type UB
[V] data matched whole 0xffff87858010 0x400 stat 1
[V] [DATA_MARK] 0xffff87858310 0x100 B type UB mark read
[V] [DATA_MARK] 0xffff87858310 0x100 B type UB mark read
[V] checking pending queue
[V] [CHECK_DATA] 0xffff87858310 0x100 B type UB
[V] [CHECK_TBUF] 0xffff87858310 0x100 B type UB
[V] allocation buffer match result 0
[V] write data 0xffff87858510 0x100 B type UB
[V] checking pending queue
[V] [CHECK_DATA] 0xffff87858510 0x100 B type UB
[V] checking wrote queue
[V] [CHECK_DATA] 0xffff87858510 0x100 B type UB
[V] [CHECK_TBUF] 0xffff87858510 0x100 B type UB
[V] allocation buffer match result 0

### set_mask_norm();

[set_mask_norm] unsupported
[S] [RECV_INST] set_mask_norm type 7
[S] [EXECUTE] set_mask_norm type 7

### set_vector_mask((uint64_t)18446744073709551615, (uint64_t)18446744073709551615);

[V] [RECV_INST] set_vector_mask type 6
[V] [EXECUTE] set_vector_mask type 6

### set_flag((pipe_t)PIPE_V, (pipe_t)PIPE_MTE3, (event_t)0);

[V] [RECV_INST] set_flag type 3
[V] [EXECUTE] set_flag type 3
[V] [SYNC_DATA] 0xffff87858510 0x100 B type UB
[V] [send event] on set_flag 1 5 0
[V] -> [MTE3] [GET_DATA] 0xffff87858410 0x200 B stat 1 type UB
[MTE3] [RECV_EVENT] SRC V DST MTE3 EVENT 0
[MTE3] [RECV_DATA] 0xffff87858410 0x200 B stat 1 type UB
[MEMCHEK] Mem[281472955417872]checkNum is 0

### set_flag((pipe_t)PIPE_V, (pipe_t)PIPE_MTE2, (event_t)2);

[V] [RECV_INST] set_flag type 3
[V] [EXECUTE] set_flag type 3
[V] [send event] on set_flag 1 4 2
[V] -> [MTE2] [GET_DATA] 0xffff87858410 0x200 B stat 1 type UB
[MTE2] [RECV_EVENT] SRC V DST MTE2 EVENT 2
[MTE2] [RECV_DATA] 0xffff87858410 0x200 B stat 1 type UB
[ALL] [TBUF_EVENT] FREE 0xffff87858110 0x100 B type UB
[ALL] [TBUF_STAT] ---------- tbuf used stat ----------
    UB USED: 0x200, Rate: 0.195312%
[ALL] [TBUF_STAT] ---------- tbuf used stat ----------
[ALL] [TBUF_STAT] ---------- tbuf init stat ----------
    UB USED: 0x600, Rate: 0.585938%
[ALL] [TBUF_STAT] ---------- tbuf init stat ----------
[MEMCHEK] Mem[281472955416848]checkNum is 0
[MEMCHEK] Mem[281472955416848] is FREE

### set_flag((pipe_t)PIPE_V, (pipe_t)PIPE_MTE2, (event_t)3);

[V] [RECV_INST] set_flag type 3
[V] [EXECUTE] set_flag type 3
[V] [send event] on set_flag 1 4 3
[V] -> [MTE2] [GET_DATA] 0xffff87858410 0x200 B stat 1 type UB
[MTE2] [RECV_EVENT] SRC V DST MTE2 EVENT 3
[MTE2] [RECV_DATA] 0xffff87858410 0x200 B stat 1 type UB
[ALL] [TBUF_EVENT] FREE 0xffff87858310 0x100 B type UB
[ALL] [TBUF_STAT] ---------- tbuf used stat ----------
    UB USED: 0x100, Rate: 0.0976562%
[ALL] [TBUF_STAT] ---------- tbuf used stat ----------
[ALL] [TBUF_STAT] ---------- tbuf init stat ----------
    UB USED: 0x600, Rate: 0.585938%
[ALL] [TBUF_STAT] ---------- tbuf init stat ----------
[MEMCHEK] Mem[281472955417360]checkNum is 0
[MEMCHEK] Mem[281472955417360] is FREE

### wait_flag((pipe_t)PIPE_V, (pipe_t)PIPE_MTE3, (event_t)0);

[MTE3] [RECV_INST] wait_flag type 4
[MTE3] [EXECUTE] wait_flag type 4
[MTE3] [no wait] on wait_flag 1 5 0
[V] [EVENT_CLEAR] send 1 5 0 has been waited
[MEMCHEK] Mem[281472955417872]checkNum is 0

### copy_ubuf_to_gm((__gm__ void*)0xffff8dabd100, (__ubuf__ void*)0xffff87858510, (uint8_t)0, (uint16_t)1, (uint16_t)8, (uint16_t)0, (uint16_t)0);

[MTE3] [RECV_INST] copy_ubuf_to_gm type 0
[MTE3] [EXECUTE] copy_ubuf_to_gm type 0
[MTE3] read  data 0xffff87858510 0x100 B type UB
[MTE3] checking synced queue
[MTE3] [CHECK_DATA] 0xffff87858510 0x100 B type UB
[MTE3] data matched whole 0xffff87858410 0x200 stat 1
[MTE3] [DATA_MARK] 0xffff87858510 0x100 B type UB mark read
[MTE3] checking pending queue
[MTE3] [CHECK_DATA] 0xffff87858510 0x100 B type UB
[MTE3] [CHECK_TBUF] 0xffff87858510 0x100 B type UB
[MTE3] allocation buffer match result 0
[MTE3] write data 0xffff8dabd100 0x100 B type GM
[MTE3] checking pending queue
[MTE3] [CHECK_DATA] 0xffff8dabd100 0x100 B type GM
[MTE3] checking wrote queue
[MTE3] [CHECK_DATA] 0xffff8dabd100 0x100 B type GM
[MTE3] [CHECK_TBUF] 0xffff8dabd100 0x100 B type GM
[MEMCHEK] Mem[281472955417872]checkNum is 0

### set_flag((pipe_t)PIPE_MTE3, (pipe_t)PIPE_V, (event_t)1);

[MTE3] [RECV_INST] set_flag type 3
[MTE3] [EXECUTE] set_flag type 3
[MTE3] [SYNC_DATA] 0xffff8dabd100 0x100 B type GM
[MTE3] [send event] on set_flag 5 1 1
[MTE3] -> [V] [GET_DATA] 0xffff8dabd000 0x200 B stat 1 type GM
[V] [RECV_EVENT] SRC MTE3 DST V EVENT 1
[V] [RECV_DATA] 0xffff8dabd000 0x200 B stat 1 type GM
[ALL] [TBUF_EVENT] FREE 0xffff87858510 0x100 B type UB
[ALL] [TBUF_STAT] ---------- tbuf used stat ----------
[ALL] [TBUF_STAT] ---------- tbuf used stat ----------
[ALL] [TBUF_STAT] ---------- tbuf init stat ----------
    UB USED: 0x600, Rate: 0.585938%
[ALL] [TBUF_STAT] ---------- tbuf init stat ----------
[MEMCHEK] Mem[281472955417872]checkNum is 0
[MEMCHEK] Mem[281472955417872] is FREE

### wait_flag((pipe_t)PIPE_V, (pipe_t)PIPE_MTE2, (event_t)0);

[MTE2] [RECV_INST] wait_flag type 4
[MTE2] [EXECUTE] wait_flag type 4
[MTE2] [no wait] on wait_flag 1 4 0
[V] [EVENT_CLEAR] send 1 4 0 has been waited
[ALL] [TBUF_EVENT] ALLOC 0xffff87858010 0x100 B type UB
[ALL] [TBUF_STAT] ---------- tbuf used stat ----------
    UB USED: 0x100, Rate: 0.0976562%
[ALL] [TBUF_STAT] ---------- tbuf used stat ----------
[ALL] [TBUF_STAT] ---------- tbuf init stat ----------
    UB USED: 0x600, Rate: 0.585938%
[ALL] [TBUF_STAT] ---------- tbuf init stat ----------
[MEMCHEK][CreateMemRecord] addr: 281472955416592len: 256

### wait_flag((pipe_t)PIPE_V, (pipe_t)PIPE_MTE2, (event_t)1);

[MTE2] [RECV_INST] wait_flag type 4
[MTE2] [EXECUTE] wait_flag type 4
[MTE2] [no wait] on wait_flag 1 4 1
[V] [EVENT_CLEAR] send 1 4 1 has been waited
[ALL] [TBUF_EVENT] ALLOC 0xffff87858210 0x100 B type UB
[ALL] [TBUF_STAT] ---------- tbuf used stat ----------
    UB USED: 0x200, Rate: 0.195312%
[ALL] [TBUF_STAT] ---------- tbuf used stat ----------
[ALL] [TBUF_STAT] ---------- tbuf init stat ----------
    UB USED: 0x600, Rate: 0.585938%
[ALL] [TBUF_STAT] ---------- tbuf init stat ----------
[MEMCHEK][CreateMemRecord] addr: 281472955417104len: 256

### copy_gm_to_ubuf((__ubuf__ void*)0xffff87858010, (__gm__ void*)0xffff8ed3d200, (uint8_t)0, (uint16_t)1, (uint16_t)8, (uint16_t)0, (uint16_t)0);

[MTE2] [RECV_INST] copy_gm_to_ubuf type 0
[MTE2] [EXECUTE] copy_gm_to_ubuf type 0
[MTE2] read  data 0xffff8ed3d200 0x100 B type GM
[MTE2] [DATA_MARK] 0xffff8ed3d200 0x100 B type GM mark read
[MTE2] write data 0xffff87858010 0x100 B type UB
[MTE2] checking pending queue
[MTE2] [CHECK_DATA] 0xffff87858010 0x100 B type UB
[MTE2] checking wrote queue
[MTE2] [CHECK_DATA] 0xffff87858010 0x100 B type UB
[MTE2] data matched whole 0xffff87858010 0x200 stat 1
[MTE2] [CHECK_TBUF] 0xffff87858010 0x100 B type UB
[MTE2] allocation buffer match result 0
[MEMCHEK] Mem[281472955416592]checkNum is 0

### copy_gm_to_ubuf((__ubuf__ void*)0xffff87858210, (__gm__ void*)0xffff8e0ad200, (uint8_t)0, (uint16_t)1, (uint16_t)8, (uint16_t)0, (uint16_t)0);

[MTE2] [RECV_INST] copy_gm_to_ubuf type 0
[MTE2] [EXECUTE] copy_gm_to_ubuf type 0
[MTE2] read  data 0xffff8e0ad200 0x100 B type GM
[MTE2] [DATA_MARK] 0xffff8e0ad200 0x100 B type GM mark read
[MTE2] write data 0xffff87858210 0x100 B type UB
[MTE2] checking pending queue
[MTE2] [CHECK_DATA] 0xffff87858210 0x100 B type UB
[MTE2] checking wrote queue
[MTE2] [CHECK_DATA] 0xffff87858210 0x100 B type UB
[MTE2] data matched whole 0xffff87858210 0x200 stat 1
[MTE2] [CHECK_TBUF] 0xffff87858210 0x100 B type UB
[MTE2] allocation buffer match result 0
[MEMCHEK] Mem[281472955417104]checkNum is 0

### set_flag((pipe_t)PIPE_MTE2, (pipe_t)PIPE_V, (event_t)0);

[MTE2] [RECV_INST] set_flag type 3
[MTE2] [EXECUTE] set_flag type 3
[MTE2] [SYNC_DATA] 0xffff87858010 0x100 B type UB
[MTE2] [SYNC_DATA] 0xffff87858210 0x100 B type UB
[MTE2] [send event] on set_flag 4 1 0
[MTE2] -> [V] [GET_DATA] 0xffff87858010 0x300 B stat 1 type UB
[MTE2] -> [V] [GET_DATA] 0xffff87858210 0x200 B stat 1 type UB
[V] [RECV_EVENT] SRC MTE2 DST V EVENT 0
[V] [RECV_DATA] 0xffff87858010 0x300 B stat 1 type UB
[V] [RECV_DATA] 0xffff87858210 0x200 B stat 1 type UB
[MEMCHEK] Mem[281472955416592]checkNum is 0

### set_flag((pipe_t)PIPE_MTE2, (pipe_t)PIPE_V, (event_t)1);

[MTE2] [RECV_INST] set_flag type 3
[MTE2] [EXECUTE] set_flag type 3
[MTE2] [send event] on set_flag 4 1 1
[MTE2] -> [V] [GET_DATA] 0xffff87858010 0x300 B stat 1 type UB
[MTE2] -> [V] [GET_DATA] 0xffff87858210 0x200 B stat 1 type UB
[V] [RECV_EVENT] SRC MTE2 DST V EVENT 1
[V] [RECV_DATA] 0xffff87858010 0x300 B stat 1 type UB
[V] [RECV_DATA] 0xffff87858210 0x200 B stat 1 type UB
[MEMCHEK] Mem[281472955417104]checkNum is 0

### wait_flag((pipe_t)PIPE_MTE2, (pipe_t)PIPE_V, (event_t)0);

[V] [RECV_INST] wait_flag type 4
[V] [EXECUTE] wait_flag type 4
[V] [no wait] on wait_flag 4 1 0
[MTE2] [EVENT_CLEAR] send 4 1 0 has been waited
[MEMCHEK] Mem[281472955416592]checkNum is 0

### wait_flag((pipe_t)PIPE_MTE2, (pipe_t)PIPE_V, (event_t)1);

[V] [RECV_INST] wait_flag type 4
[V] [EXECUTE] wait_flag type 4
[V] [no wait] on wait_flag 4 1 1
[MTE2] [EVENT_CLEAR] send 4 1 1 has been waited
[MEMCHEK] Mem[281472955417104]checkNum is 0

### wait_flag((pipe_t)PIPE_MTE3, (pipe_t)PIPE_V, (event_t)0);

[V] [RECV_INST] wait_flag type 4
[V] [EXECUTE] wait_flag type 4
[V] [no wait] on wait_flag 5 1 0
[MTE3] [EVENT_CLEAR] send 5 1 0 has been waited
[ALL] [TBUF_EVENT] ALLOC 0xffff87858410 0x100 B type UB
[ALL] [TBUF_STAT] ---------- tbuf used stat ----------
    UB USED: 0x300, Rate: 0.292969%
[ALL] [TBUF_STAT] ---------- tbuf used stat ----------
[ALL] [TBUF_STAT] ---------- tbuf init stat ----------
    UB USED: 0x600, Rate: 0.585938%
[ALL] [TBUF_STAT] ---------- tbuf init stat ----------
[MEMCHEK][CreateMemRecord] addr: 281472955417616len: 256

### set_mask_count();

[set_mask_count] unsupported
[S] [RECV_INST] set_mask_count type 7
[S] [EXECUTE] set_mask_count type 7

### set_vector_mask((uint64_t)0, (uint64_t)128);

[V] [RECV_INST] set_vector_mask type 6
[V] [EXECUTE] set_vector_mask type 6

### vadd((__ubuf__ half*)0xffff87858410, (__ubuf__ half*)0xffff87858010, (__ubuf__ half*)0xffff87858210, (uint8_t)1, (uint8_t)1, (uint8_t)1, (uint8_t)1, (uint8_t)8, (uint8_t)8, (uint8_t)8);

[V] [RECV_INST] vadd type 1
[V] [EXECUTE] vadd type 1
[MEMCHEK] Mem[281472955416592]checkNum is 0
[MEMCHEK] Mem[281472955417104]checkNum is 0
[MEMCHEK] Mem[281472955417616]checkNum is 0
DataMergeAllOnceAll dataLen: 256
[V] read  data 0xffff87858010 0x100 B type UB
[V] checking synced queue
[V] [CHECK_DATA] 0xffff87858010 0x100 B type UB
[V] data matched whole 0xffff87858010 0x400 stat 1
[V] [DATA_MARK] 0xffff87858010 0x100 B type UB mark read
[V] checking pending queue
[V] [CHECK_DATA] 0xffff87858010 0x100 B type UB
[V] [CHECK_TBUF] 0xffff87858010 0x100 B type UB
[V] allocation buffer match result 0
[V] read  data 0xffff87858210 0x100 B type UB
[V] checking synced queue
[V] [CHECK_DATA] 0xffff87858210 0x100 B type UB
[V] data matched whole 0xffff87858010 0x400 stat 1
[V] [DATA_MARK] 0xffff87858210 0x100 B type UB mark read
[V] [DATA_MARK] 0xffff87858210 0x100 B type UB mark read
[V] checking pending queue
[V] [CHECK_DATA] 0xffff87858210 0x100 B type UB
[V] [CHECK_TBUF] 0xffff87858210 0x100 B type UB
[V] allocation buffer match result 0
[V] write data 0xffff87858410 0x100 B type UB
[V] checking pending queue
[V] [CHECK_DATA] 0xffff87858410 0x100 B type UB
[V] checking wrote queue
[V] [CHECK_DATA] 0xffff87858410 0x100 B type UB
[V] data matched whole 0xffff87858410 0x200 stat 1
[V] [CHECK_TBUF] 0xffff87858410 0x100 B type UB
[V] allocation buffer match result 0

### set_mask_norm();

[set_mask_norm] unsupported
[S] [RECV_INST] set_mask_norm type 7
[S] [EXECUTE] set_mask_norm type 7

### set_vector_mask((uint64_t)18446744073709551615, (uint64_t)18446744073709551615);

[V] [RECV_INST] set_vector_mask type 6
[V] [EXECUTE] set_vector_mask type 6

### set_flag((pipe_t)PIPE_V, (pipe_t)PIPE_MTE3, (event_t)0);

[V] [RECV_INST] set_flag type 3
[V] [EXECUTE] set_flag type 3
[V] [SYNC_DATA] 0xffff87858410 0x100 B type UB
[V] [send event] on set_flag 1 5 0
[V] -> [MTE3] [GET_DATA] 0xffff87858410 0x200 B stat 1 type UB
[MTE3] [RECV_EVENT] SRC V DST MTE3 EVENT 0
[MTE3] [RECV_DATA] 0xffff87858410 0x200 B stat 1 type UB
[MEMCHEK] Mem[281472955417616]checkNum is 0

### set_flag((pipe_t)PIPE_V, (pipe_t)PIPE_MTE2, (event_t)0);

[V] [RECV_INST] set_flag type 3
[V] [EXECUTE] set_flag type 3
[V] [send event] on set_flag 1 4 0
[V] -> [MTE2] [GET_DATA] 0xffff87858410 0x200 B stat 1 type UB
[MTE2] [RECV_EVENT] SRC V DST MTE2 EVENT 0
[MTE2] [RECV_DATA] 0xffff87858410 0x200 B stat 1 type UB
[ALL] [TBUF_EVENT] FREE 0xffff87858010 0x100 B type UB
[ALL] [TBUF_STAT] ---------- tbuf used stat ----------
    UB USED: 0x200, Rate: 0.195312%
[ALL] [TBUF_STAT] ---------- tbuf used stat ----------
[ALL] [TBUF_STAT] ---------- tbuf init stat ----------
    UB USED: 0x600, Rate: 0.585938%
[ALL] [TBUF_STAT] ---------- tbuf init stat ----------
[MEMCHEK] Mem[281472955416592]checkNum is 0
[MEMCHEK] Mem[281472955416592] is FREE

### set_flag((pipe_t)PIPE_V, (pipe_t)PIPE_MTE2, (event_t)1);

[V] [RECV_INST] set_flag type 3
[V] [EXECUTE] set_flag type 3
[V] [send event] on set_flag 1 4 1
[V] -> [MTE2] [GET_DATA] 0xffff87858410 0x200 B stat 1 type UB
[MTE2] [RECV_EVENT] SRC V DST MTE2 EVENT 1
[MTE2] [RECV_DATA] 0xffff87858410 0x200 B stat 1 type UB
[ALL] [TBUF_EVENT] FREE 0xffff87858210 0x100 B type UB
[ALL] [TBUF_STAT] ---------- tbuf used stat ----------
    UB USED: 0x100, Rate: 0.0976562%
[ALL] [TBUF_STAT] ---------- tbuf used stat ----------
[ALL] [TBUF_STAT] ---------- tbuf init stat ----------
    UB USED: 0x600, Rate: 0.585938%
[ALL] [TBUF_STAT] ---------- tbuf init stat ----------
[MEMCHEK] Mem[281472955417104]checkNum is 0
[MEMCHEK] Mem[281472955417104] is FREE

### wait_flag((pipe_t)PIPE_V, (pipe_t)PIPE_MTE3, (event_t)0);

[MTE3] [RECV_INST] wait_flag type 4
[MTE3] [EXECUTE] wait_flag type 4
[MTE3] [no wait] on wait_flag 1 5 0
[V] [EVENT_CLEAR] send 1 5 0 has been waited
[MEMCHEK] Mem[281472955417616]checkNum is 0

### copy_ubuf_to_gm((__gm__ void*)0xffff8dabd200, (__ubuf__ void*)0xffff87858410, (uint8_t)0, (uint16_t)1, (uint16_t)8, (uint16_t)0, (uint16_t)0);

[MTE3] [RECV_INST] copy_ubuf_to_gm type 0
[MTE3] [EXECUTE] copy_ubuf_to_gm type 0
[MTE3] read  data 0xffff87858410 0x100 B type UB
[MTE3] checking synced queue
[MTE3] [CHECK_DATA] 0xffff87858410 0x100 B type UB
[MTE3] data matched whole 0xffff87858410 0x200 stat 1
[MTE3] [DATA_MARK] 0xffff87858410 0x100 B type UB mark read
[MTE3] checking pending queue
[MTE3] [CHECK_DATA] 0xffff87858410 0x100 B type UB
[MTE3] [CHECK_TBUF] 0xffff87858410 0x100 B type UB
[MTE3] allocation buffer match result 0
[MTE3] write data 0xffff8dabd200 0x100 B type GM
[MTE3] checking pending queue
[MTE3] [CHECK_DATA] 0xffff8dabd200 0x100 B type GM
[MTE3] checking wrote queue
[MTE3] [CHECK_DATA] 0xffff8dabd200 0x100 B type GM
[MTE3] [CHECK_TBUF] 0xffff8dabd200 0x100 B type GM
[MEMCHEK] Mem[281472955417616]checkNum is 0

### set_flag((pipe_t)PIPE_MTE3, (pipe_t)PIPE_V, (event_t)0);

[MTE3] [RECV_INST] set_flag type 3
[MTE3] [EXECUTE] set_flag type 3
[MTE3] [SYNC_DATA] 0xffff8dabd200 0x100 B type GM
[MTE3] [send event] on set_flag 5 1 0
[MTE3] -> [V] [GET_DATA] 0xffff8dabd000 0x300 B stat 1 type GM
[V] [RECV_EVENT] SRC MTE3 DST V EVENT 0
[V] [RECV_DATA] 0xffff8dabd000 0x300 B stat 1 type GM
[ALL] [TBUF_EVENT] FREE 0xffff87858410 0x100 B type UB
[ALL] [TBUF_STAT] ---------- tbuf used stat ----------
[ALL] [TBUF_STAT] ---------- tbuf used stat ----------
[ALL] [TBUF_STAT] ---------- tbuf init stat ----------
    UB USED: 0x600, Rate: 0.585938%
[ALL] [TBUF_STAT] ---------- tbuf init stat ----------
[MEMCHEK] Mem[281472955417616]checkNum is 0
[MEMCHEK] Mem[281472955417616] is FREE

### wait_flag((pipe_t)PIPE_V, (pipe_t)PIPE_MTE2, (event_t)2);

[MTE2] [RECV_INST] wait_flag type 4
[MTE2] [EXECUTE] wait_flag type 4
[MTE2] [no wait] on wait_flag 1 4 2
[V] [EVENT_CLEAR] send 1 4 2 has been waited
[ALL] [TBUF_EVENT] ALLOC 0xffff87858110 0x100 B type UB
[ALL] [TBUF_STAT] ---------- tbuf used stat ----------
    UB USED: 0x100, Rate: 0.0976562%
[ALL] [TBUF_STAT] ---------- tbuf used stat ----------
[ALL] [TBUF_STAT] ---------- tbuf init stat ----------
    UB USED: 0x600, Rate: 0.585938%
[ALL] [TBUF_STAT] ---------- tbuf init stat ----------
[MEMCHEK][CreateMemRecord] addr: 281472955416848len: 256

### wait_flag((pipe_t)PIPE_V, (pipe_t)PIPE_MTE2, (event_t)3);

[MTE2] [RECV_INST] wait_flag type 4
[MTE2] [EXECUTE] wait_flag type 4
[MTE2] [no wait] on wait_flag 1 4 3
[V] [EVENT_CLEAR] send 1 4 3 has been waited
[ALL] [TBUF_EVENT] ALLOC 0xffff87858310 0x100 B type UB
[ALL] [TBUF_STAT] ---------- tbuf used stat ----------
    UB USED: 0x200, Rate: 0.195312%
[ALL] [TBUF_STAT] ---------- tbuf used stat ----------
[ALL] [TBUF_STAT] ---------- tbuf init stat ----------
    UB USED: 0x600, Rate: 0.585938%
[ALL] [TBUF_STAT] ---------- tbuf init stat ----------
[MEMCHEK][CreateMemRecord] addr: 281472955417360len: 256

### copy_gm_to_ubuf((__ubuf__ void*)0xffff87858110, (__gm__ void*)0xffff8ed3d300, (uint8_t)0, (uint16_t)1, (uint16_t)8, (uint16_t)0, (uint16_t)0);

[MTE2] [RECV_INST] copy_gm_to_ubuf type 0
[MTE2] [EXECUTE] copy_gm_to_ubuf type 0
[MTE2] read  data 0xffff8ed3d300 0x100 B type GM
[MTE2] [DATA_MARK] 0xffff8ed3d300 0x100 B type GM mark read
[MTE2] write data 0xffff87858110 0x100 B type UB
[MTE2] checking pending queue
[MTE2] [CHECK_DATA] 0xffff87858110 0x100 B type UB
[MTE2] checking wrote queue
[MTE2] [CHECK_DATA] 0xffff87858110 0x100 B type UB
[MTE2] data matched whole 0xffff87858010 0x300 stat 1
[MTE2] [CHECK_TBUF] 0xffff87858110 0x100 B type UB
[MTE2] allocation buffer match result 0
[MEMCHEK] Mem[281472955416848]checkNum is 0

### copy_gm_to_ubuf((__ubuf__ void*)0xffff87858310, (__gm__ void*)0xffff8e0ad300, (uint8_t)0, (uint16_t)1, (uint16_t)8, (uint16_t)0, (uint16_t)0);

[MTE2] [RECV_INST] copy_gm_to_ubuf type 0
[MTE2] [EXECUTE] copy_gm_to_ubuf type 0
[MTE2] read  data 0xffff8e0ad300 0x100 B type GM
[MTE2] [DATA_MARK] 0xffff8e0ad300 0x100 B type GM mark read
[MTE2] write data 0xffff87858310 0x100 B type UB
[MTE2] checking pending queue
[MTE2] [CHECK_DATA] 0xffff87858310 0x100 B type UB
[MTE2] checking wrote queue
[MTE2] [CHECK_DATA] 0xffff87858310 0x100 B type UB
[MTE2] data matched whole 0xffff87858210 0x200 stat 1
[MTE2] [CHECK_TBUF] 0xffff87858310 0x100 B type UB
[MTE2] allocation buffer match result 0
[MEMCHEK] Mem[281472955417360]checkNum is 0

### set_flag((pipe_t)PIPE_MTE2, (pipe_t)PIPE_V, (event_t)0);

[MTE2] [RECV_INST] set_flag type 3
[MTE2] [EXECUTE] set_flag type 3
[MTE2] [SYNC_DATA] 0xffff87858110 0x100 B type UB
[MTE2] [SYNC_DATA] 0xffff87858310 0x100 B type UB
[MTE2] [send event] on set_flag 4 1 0
[MTE2] -> [V] [GET_DATA] 0xffff87858010 0x400 B stat 1 type UB
[MTE2] -> [V] [GET_DATA] 0xffff87858210 0x200 B stat 1 type UB
[V] [RECV_EVENT] SRC MTE2 DST V EVENT 0
[V] [RECV_DATA] 0xffff87858010 0x400 B stat 1 type UB
[V] [RECV_DATA] 0xffff87858210 0x200 B stat 1 type UB
[MEMCHEK] Mem[281472955416848]checkNum is 0

### set_flag((pipe_t)PIPE_MTE2, (pipe_t)PIPE_V, (event_t)1);

[MTE2] [RECV_INST] set_flag type 3
[MTE2] [EXECUTE] set_flag type 3
[MTE2] [send event] on set_flag 4 1 1
[MTE2] -> [V] [GET_DATA] 0xffff87858010 0x400 B stat 1 type UB
[MTE2] -> [V] [GET_DATA] 0xffff87858210 0x200 B stat 1 type UB
[V] [RECV_EVENT] SRC MTE2 DST V EVENT 1
[V] [RECV_DATA] 0xffff87858010 0x400 B stat 1 type UB
[V] [RECV_DATA] 0xffff87858210 0x200 B stat 1 type UB
[MEMCHEK] Mem[281472955417360]checkNum is 0

### wait_flag((pipe_t)PIPE_MTE2, (pipe_t)PIPE_V, (event_t)0);

[V] [RECV_INST] wait_flag type 4
[V] [EXECUTE] wait_flag type 4
[V] [no wait] on wait_flag 4 1 0
[MTE2] [EVENT_CLEAR] send 4 1 0 has been waited
[MEMCHEK] Mem[281472955416848]checkNum is 0

### wait_flag((pipe_t)PIPE_MTE2, (pipe_t)PIPE_V, (event_t)1);

[V] [RECV_INST] wait_flag type 4
[V] [EXECUTE] wait_flag type 4
[V] [no wait] on wait_flag 4 1 1
[MTE2] [EVENT_CLEAR] send 4 1 1 has been waited
[MEMCHEK] Mem[281472955417360]checkNum is 0

### wait_flag((pipe_t)PIPE_MTE3, (pipe_t)PIPE_V, (event_t)1);

[V] [RECV_INST] wait_flag type 4
[V] [EXECUTE] wait_flag type 4
[V] [no wait] on wait_flag 5 1 1
[MTE3] [EVENT_CLEAR] send 5 1 1 has been waited
[ALL] [TBUF_EVENT] ALLOC 0xffff87858510 0x100 B type UB
[ALL] [TBUF_STAT] ---------- tbuf used stat ----------
    UB USED: 0x300, Rate: 0.292969%
[ALL] [TBUF_STAT] ---------- tbuf used stat ----------
[ALL] [TBUF_STAT] ---------- tbuf init stat ----------
    UB USED: 0x600, Rate: 0.585938%
[ALL] [TBUF_STAT] ---------- tbuf init stat ----------
[MEMCHEK][CreateMemRecord] addr: 281472955417872len: 256

### set_mask_count();

[set_mask_count] unsupported
[S] [RECV_INST] set_mask_count type 7
[S] [EXECUTE] set_mask_count type 7

### set_vector_mask((uint64_t)0, (uint64_t)128);

[V] [RECV_INST] set_vector_mask type 6
[V] [EXECUTE] set_vector_mask type 6

### vadd((__ubuf__ half*)0xffff87858510, (__ubuf__ half*)0xffff87858110, (__ubuf__ half*)0xffff87858310, (uint8_t)1, (uint8_t)1, (uint8_t)1, (uint8_t)1, (uint8_t)8, (uint8_t)8, (uint8_t)8);

[V] [RECV_INST] vadd type 1
[V] [EXECUTE] vadd type 1
[MEMCHEK] Mem[281472955416848]checkNum is 0
[MEMCHEK] Mem[281472955417360]checkNum is 0
[MEMCHEK] Mem[281472955417872]checkNum is 0
DataMergeAllOnceAll dataLen: 256
[V] read  data 0xffff87858110 0x100 B type UB
[V] checking synced queue
[V] [CHECK_DATA] 0xffff87858110 0x100 B type UB
[V] data matched whole 0xffff87858010 0x500 stat 1
[V] [DATA_MARK] 0xffff87858110 0x100 B type UB mark read
[V] checking pending queue
[V] [CHECK_DATA] 0xffff87858110 0x100 B type UB
[V] [CHECK_TBUF] 0xffff87858110 0x100 B type UB
[V] allocation buffer match result 0
[V] read  data 0xffff87858310 0x100 B type UB
[V] checking synced queue
[V] [CHECK_DATA] 0xffff87858310 0x100 B type UB
[V] data matched whole 0xffff87858010 0x500 stat 1
[V] [DATA_MARK] 0xffff87858310 0x100 B type UB mark read
[V] [DATA_MARK] 0xffff87858310 0x100 B type UB mark read
[V] checking pending queue
[V] [CHECK_DATA] 0xffff87858310 0x100 B type UB
[V] [CHECK_TBUF] 0xffff87858310 0x100 B type UB
[V] allocation buffer match result 0
[V] write data 0xffff87858510 0x100 B type UB
[V] checking pending queue
[V] [CHECK_DATA] 0xffff87858510 0x100 B type UB
[V] checking wrote queue
[V] [CHECK_DATA] 0xffff87858510 0x100 B type UB
[V] data matched whole 0xffff87858410 0x200 stat 1
[V] [CHECK_TBUF] 0xffff87858510 0x100 B type UB
[V] allocation buffer match result 0

### set_mask_norm();

[set_mask_norm] unsupported
[S] [RECV_INST] set_mask_norm type 7
[S] [EXECUTE] set_mask_norm type 7

### set_vector_mask((uint64_t)18446744073709551615, (uint64_t)18446744073709551615);

[V] [RECV_INST] set_vector_mask type 6
[V] [EXECUTE] set_vector_mask type 6

### set_flag((pipe_t)PIPE_V, (pipe_t)PIPE_MTE3, (event_t)0);

[V] [RECV_INST] set_flag type 3
[V] [EXECUTE] set_flag type 3
[V] [SYNC_DATA] 0xffff87858510 0x100 B type UB
[V] [send event] on set_flag 1 5 0
[V] -> [MTE3] [GET_DATA] 0xffff87858410 0x200 B stat 1 type UB
[MTE3] [RECV_EVENT] SRC V DST MTE3 EVENT 0
[MTE3] [RECV_DATA] 0xffff87858410 0x200 B stat 1 type UB
[MEMCHEK] Mem[281472955417872]checkNum is 0

### set_flag((pipe_t)PIPE_V, (pipe_t)PIPE_MTE2, (event_t)2);

[V] [RECV_INST] set_flag type 3
[V] [EXECUTE] set_flag type 3
[V] [send event] on set_flag 1 4 2
[V] -> [MTE2] [GET_DATA] 0xffff87858410 0x200 B stat 1 type UB
[MTE2] [RECV_EVENT] SRC V DST MTE2 EVENT 2
[MTE2] [RECV_DATA] 0xffff87858410 0x200 B stat 1 type UB
[ALL] [TBUF_EVENT] FREE 0xffff87858110 0x100 B type UB
[ALL] [TBUF_STAT] ---------- tbuf used stat ----------
    UB USED: 0x200, Rate: 0.195312%
[ALL] [TBUF_STAT] ---------- tbuf used stat ----------
[ALL] [TBUF_STAT] ---------- tbuf init stat ----------
    UB USED: 0x600, Rate: 0.585938%
[ALL] [TBUF_STAT] ---------- tbuf init stat ----------
[MEMCHEK] Mem[281472955416848]checkNum is 0
[MEMCHEK] Mem[281472955416848] is FREE

### set_flag((pipe_t)PIPE_V, (pipe_t)PIPE_MTE2, (event_t)3);

[V] [RECV_INST] set_flag type 3
[V] [EXECUTE] set_flag type 3
[V] [send event] on set_flag 1 4 3
[V] -> [MTE2] [GET_DATA] 0xffff87858410 0x200 B stat 1 type UB
[MTE2] [RECV_EVENT] SRC V DST MTE2 EVENT 3
[MTE2] [RECV_DATA] 0xffff87858410 0x200 B stat 1 type UB
[ALL] [TBUF_EVENT] FREE 0xffff87858310 0x100 B type UB
[ALL] [TBUF_STAT] ---------- tbuf used stat ----------
    UB USED: 0x100, Rate: 0.0976562%
[ALL] [TBUF_STAT] ---------- tbuf used stat ----------
[ALL] [TBUF_STAT] ---------- tbuf init stat ----------
    UB USED: 0x600, Rate: 0.585938%
[ALL] [TBUF_STAT] ---------- tbuf init stat ----------
[MEMCHEK] Mem[281472955417360]checkNum is 0
[MEMCHEK] Mem[281472955417360] is FREE

### wait_flag((pipe_t)PIPE_V, (pipe_t)PIPE_MTE3, (event_t)0);

[MTE3] [RECV_INST] wait_flag type 4
[MTE3] [EXECUTE] wait_flag type 4
[MTE3] [no wait] on wait_flag 1 5 0
[V] [EVENT_CLEAR] send 1 5 0 has been waited
[MEMCHEK] Mem[281472955417872]checkNum is 0

### copy_ubuf_to_gm((__gm__ void*)0xffff8dabd300, (__ubuf__ void*)0xffff87858510, (uint8_t)0, (uint16_t)1, (uint16_t)8, (uint16_t)0, (uint16_t)0);

[MTE3] [RECV_INST] copy_ubuf_to_gm type 0
[MTE3] [EXECUTE] copy_ubuf_to_gm type 0
[MTE3] read  data 0xffff87858510 0x100 B type UB
[MTE3] checking synced queue
[MTE3] [CHECK_DATA] 0xffff87858510 0x100 B type UB
[MTE3] data matched whole 0xffff87858410 0x200 stat 1
[MTE3] [DATA_MARK] 0xffff87858510 0x100 B type UB mark read
[MTE3] checking pending queue
[MTE3] [CHECK_DATA] 0xffff87858510 0x100 B type UB
[MTE3] [CHECK_TBUF] 0xffff87858510 0x100 B type UB
[MTE3] allocation buffer match result 0
[MTE3] write data 0xffff8dabd300 0x100 B type GM
[MTE3] checking pending queue
[MTE3] [CHECK_DATA] 0xffff8dabd300 0x100 B type GM
[MTE3] checking wrote queue
[MTE3] [CHECK_DATA] 0xffff8dabd300 0x100 B type GM
[MTE3] [CHECK_TBUF] 0xffff8dabd300 0x100 B type GM
[MEMCHEK] Mem[281472955417872]checkNum is 0

### set_flag((pipe_t)PIPE_MTE3, (pipe_t)PIPE_V, (event_t)1);

[MTE3] [RECV_INST] set_flag type 3
[MTE3] [EXECUTE] set_flag type 3
[MTE3] [SYNC_DATA] 0xffff8dabd300 0x100 B type GM
[MTE3] [send event] on set_flag 5 1 1
[MTE3] -> [V] [GET_DATA] 0xffff8dabd000 0x400 B stat 1 type GM
[V] [RECV_EVENT] SRC MTE3 DST V EVENT 1
[V] [RECV_DATA] 0xffff8dabd000 0x400 B stat 1 type GM
[ALL] [TBUF_EVENT] FREE 0xffff87858510 0x100 B type UB
[ALL] [TBUF_STAT] ---------- tbuf used stat ----------
[ALL] [TBUF_STAT] ---------- tbuf used stat ----------
[ALL] [TBUF_STAT] ---------- tbuf init stat ----------
    UB USED: 0x600, Rate: 0.585938%
[ALL] [TBUF_STAT] ---------- tbuf init stat ----------
[MEMCHEK] Mem[281472955417872]checkNum is 0
[MEMCHEK] Mem[281472955417872] is FREE

### wait_flag((pipe_t)PIPE_V, (pipe_t)PIPE_MTE2, (event_t)0);

[MTE2] [RECV_INST] wait_flag type 4
[MTE2] [EXECUTE] wait_flag type 4
[MTE2] [no wait] on wait_flag 1 4 0
[V] [EVENT_CLEAR] send 1 4 0 has been waited
[ALL] [TBUF_EVENT] ALLOC 0xffff87858010 0x100 B type UB
[ALL] [TBUF_STAT] ---------- tbuf used stat ----------
    UB USED: 0x100, Rate: 0.0976562%
[ALL] [TBUF_STAT] ---------- tbuf used stat ----------
[ALL] [TBUF_STAT] ---------- tbuf init stat ----------
    UB USED: 0x600, Rate: 0.585938%
[ALL] [TBUF_STAT] ---------- tbuf init stat ----------
[MEMCHEK][CreateMemRecord] addr: 281472955416592len: 256

### wait_flag((pipe_t)PIPE_V, (pipe_t)PIPE_MTE2, (event_t)1);

[MTE2] [RECV_INST] wait_flag type 4
[MTE2] [EXECUTE] wait_flag type 4
[MTE2] [no wait] on wait_flag 1 4 1
[V] [EVENT_CLEAR] send 1 4 1 has been waited
[ALL] [TBUF_EVENT] ALLOC 0xffff87858210 0x100 B type UB
[ALL] [TBUF_STAT] ---------- tbuf used stat ----------
    UB USED: 0x200, Rate: 0.195312%
[ALL] [TBUF_STAT] ---------- tbuf used stat ----------
[ALL] [TBUF_STAT] ---------- tbuf init stat ----------
    UB USED: 0x600, Rate: 0.585938%
[ALL] [TBUF_STAT] ---------- tbuf init stat ----------
[MEMCHEK][CreateMemRecord] addr: 281472955417104len: 256

### copy_gm_to_ubuf((__ubuf__ void*)0xffff87858010, (__gm__ void*)0xffff8ed3d400, (uint8_t)0, (uint16_t)1, (uint16_t)8, (uint16_t)0, (uint16_t)0);

[MTE2] [RECV_INST] copy_gm_to_ubuf type 0
[MTE2] [EXECUTE] copy_gm_to_ubuf type 0
[MTE2] read  data 0xffff8ed3d400 0x100 B type GM
[MTE2] [DATA_MARK] 0xffff8ed3d400 0x100 B type GM mark read
[MTE2] write data 0xffff87858010 0x100 B type UB
[MTE2] checking pending queue
[MTE2] [CHECK_DATA] 0xffff87858010 0x100 B type UB
[MTE2] checking wrote queue
[MTE2] [CHECK_DATA] 0xffff87858010 0x100 B type UB
[MTE2] data matched whole 0xffff87858010 0x400 stat 1
[MTE2] [CHECK_TBUF] 0xffff87858010 0x100 B type UB
[MTE2] allocation buffer match result 0
[MEMCHEK] Mem[281472955416592]checkNum is 0

### copy_gm_to_ubuf((__ubuf__ void*)0xffff87858210, (__gm__ void*)0xffff8e0ad400, (uint8_t)0, (uint16_t)1, (uint16_t)8, (uint16_t)0, (uint16_t)0);

[MTE2] [RECV_INST] copy_gm_to_ubuf type 0
[MTE2] [EXECUTE] copy_gm_to_ubuf type 0
[MTE2] read  data 0xffff8e0ad400 0x100 B type GM
[MTE2] [DATA_MARK] 0xffff8e0ad400 0x100 B type GM mark read
[MTE2] write data 0xffff87858210 0x100 B type UB
[MTE2] checking pending queue
[MTE2] [CHECK_DATA] 0xffff87858210 0x100 B type UB
[MTE2] checking wrote queue
[MTE2] [CHECK_DATA] 0xffff87858210 0x100 B type UB
[MTE2] data matched whole 0xffff87858010 0x400 stat 1
[MTE2] [CHECK_TBUF] 0xffff87858210 0x100 B type UB
[MTE2] allocation buffer match result 0
[MEMCHEK] Mem[281472955417104]checkNum is 0

### set_flag((pipe_t)PIPE_MTE2, (pipe_t)PIPE_V, (event_t)0);

[MTE2] [RECV_INST] set_flag type 3
[MTE2] [EXECUTE] set_flag type 3
[MTE2] [SYNC_DATA] 0xffff87858010 0x100 B type UB
[MTE2] [SYNC_DATA] 0xffff87858210 0x100 B type UB
[MTE2] [send event] on set_flag 4 1 0
[MTE2] -> [V] [GET_DATA] 0xffff87858010 0x400 B stat 1 type UB
[MTE2] -> [V] [GET_DATA] 0xffff87858210 0x200 B stat 1 type UB
[V] [RECV_EVENT] SRC MTE2 DST V EVENT 0
[V] [RECV_DATA] 0xffff87858010 0x400 B stat 1 type UB
[V] [RECV_DATA] 0xffff87858210 0x200 B stat 1 type UB
[MEMCHEK] Mem[281472955416592]checkNum is 0

### set_flag((pipe_t)PIPE_MTE2, (pipe_t)PIPE_V, (event_t)1);

[MTE2] [RECV_INST] set_flag type 3
[MTE2] [EXECUTE] set_flag type 3
[MTE2] [send event] on set_flag 4 1 1
[MTE2] -> [V] [GET_DATA] 0xffff87858010 0x400 B stat 1 type UB
[MTE2] -> [V] [GET_DATA] 0xffff87858210 0x200 B stat 1 type UB
[V] [RECV_EVENT] SRC MTE2 DST V EVENT 1
[V] [RECV_DATA] 0xffff87858010 0x400 B stat 1 type UB
[V] [RECV_DATA] 0xffff87858210 0x200 B stat 1 type UB
[MEMCHEK] Mem[281472955417104]checkNum is 0

### wait_flag((pipe_t)PIPE_MTE2, (pipe_t)PIPE_V, (event_t)0);

[V] [RECV_INST] wait_flag type 4
[V] [EXECUTE] wait_flag type 4
[V] [no wait] on wait_flag 4 1 0
[MTE2] [EVENT_CLEAR] send 4 1 0 has been waited
[MEMCHEK] Mem[281472955416592]checkNum is 0

### wait_flag((pipe_t)PIPE_MTE2, (pipe_t)PIPE_V, (event_t)1);

[V] [RECV_INST] wait_flag type 4
[V] [EXECUTE] wait_flag type 4
[V] [no wait] on wait_flag 4 1 1
[MTE2] [EVENT_CLEAR] send 4 1 1 has been waited
[MEMCHEK] Mem[281472955417104]checkNum is 0

### wait_flag((pipe_t)PIPE_MTE3, (pipe_t)PIPE_V, (event_t)0);

[V] [RECV_INST] wait_flag type 4
[V] [EXECUTE] wait_flag type 4
[V] [no wait] on wait_flag 5 1 0
[MTE3] [EVENT_CLEAR] send 5 1 0 has been waited
[ALL] [TBUF_EVENT] ALLOC 0xffff87858410 0x100 B type UB
[ALL] [TBUF_STAT] ---------- tbuf used stat ----------
    UB USED: 0x300, Rate: 0.292969%
[ALL] [TBUF_STAT] ---------- tbuf used stat ----------
[ALL] [TBUF_STAT] ---------- tbuf init stat ----------
    UB USED: 0x600, Rate: 0.585938%
[ALL] [TBUF_STAT] ---------- tbuf init stat ----------
[MEMCHEK][CreateMemRecord] addr: 281472955417616len: 256

### set_mask_count();

[set_mask_count] unsupported
[S] [RECV_INST] set_mask_count type 7
[S] [EXECUTE] set_mask_count type 7

### set_vector_mask((uint64_t)0, (uint64_t)128);

[V] [RECV_INST] set_vector_mask type 6
[V] [EXECUTE] set_vector_mask type 6

### vadd((__ubuf__ half*)0xffff87858410, (__ubuf__ half*)0xffff87858010, (__ubuf__ half*)0xffff87858210, (uint8_t)1, (uint8_t)1, (uint8_t)1, (uint8_t)1, (uint8_t)8, (uint8_t)8, (uint8_t)8);

[V] [RECV_INST] vadd type 1
[V] [EXECUTE] vadd type 1
[MEMCHEK] Mem[281472955416592]checkNum is 0
[MEMCHEK] Mem[281472955417104]checkNum is 0
[MEMCHEK] Mem[281472955417616]checkNum is 0
DataMergeAllOnceAll dataLen: 256
[V] read  data 0xffff87858010 0x100 B type UB
[V] checking synced queue
[V] [CHECK_DATA] 0xffff87858010 0x100 B type UB
[V] data matched whole 0xffff87858010 0x600 stat 1
[V] [DATA_MARK] 0xffff87858010 0x100 B type UB mark read
[V] checking pending queue
[V] [CHECK_DATA] 0xffff87858010 0x100 B type UB
[V] [CHECK_TBUF] 0xffff87858010 0x100 B type UB
[V] allocation buffer match result 0
[V] read  data 0xffff87858210 0x100 B type UB
[V] checking synced queue
[V] [CHECK_DATA] 0xffff87858210 0x100 B type UB
[V] data matched whole 0xffff87858010 0x600 stat 1
[V] [DATA_MARK] 0xffff87858210 0x100 B type UB mark read
[V] [DATA_MARK] 0xffff87858210 0x100 B type UB mark read
[V] checking pending queue
[V] [CHECK_DATA] 0xffff87858210 0x100 B type UB
[V] [CHECK_TBUF] 0xffff87858210 0x100 B type UB
[V] allocation buffer match result 0
[V] write data 0xffff87858410 0x100 B type UB
[V] checking pending queue
[V] [CHECK_DATA] 0xffff87858410 0x100 B type UB
[V] checking wrote queue
[V] [CHECK_DATA] 0xffff87858410 0x100 B type UB
[V] data matched whole 0xffff87858410 0x200 stat 1
[V] [CHECK_TBUF] 0xffff87858410 0x100 B type UB
[V] allocation buffer match result 0

### set_mask_norm();

[set_mask_norm] unsupported
[S] [RECV_INST] set_mask_norm type 7
[S] [EXECUTE] set_mask_norm type 7

### set_vector_mask((uint64_t)18446744073709551615, (uint64_t)18446744073709551615);

[V] [RECV_INST] set_vector_mask type 6
[V] [EXECUTE] set_vector_mask type 6

### set_flag((pipe_t)PIPE_V, (pipe_t)PIPE_MTE3, (event_t)0);

[V] [RECV_INST] set_flag type 3
[V] [EXECUTE] set_flag type 3
[V] [SYNC_DATA] 0xffff87858410 0x100 B type UB
[V] [send event] on set_flag 1 5 0
[V] -> [MTE3] [GET_DATA] 0xffff87858410 0x200 B stat 1 type UB
[MTE3] [RECV_EVENT] SRC V DST MTE3 EVENT 0
[MTE3] [RECV_DATA] 0xffff87858410 0x200 B stat 1 type UB
[MEMCHEK] Mem[281472955417616]checkNum is 0

### set_flag((pipe_t)PIPE_V, (pipe_t)PIPE_MTE2, (event_t)0);

[V] [RECV_INST] set_flag type 3
[V] [EXECUTE] set_flag type 3
[V] [send event] on set_flag 1 4 0
[V] -> [MTE2] [GET_DATA] 0xffff87858410 0x200 B stat 1 type UB
[MTE2] [RECV_EVENT] SRC V DST MTE2 EVENT 0
[MTE2] [RECV_DATA] 0xffff87858410 0x200 B stat 1 type UB
[ALL] [TBUF_EVENT] FREE 0xffff87858010 0x100 B type UB
[ALL] [TBUF_STAT] ---------- tbuf used stat ----------
    UB USED: 0x200, Rate: 0.195312%
[ALL] [TBUF_STAT] ---------- tbuf used stat ----------
[ALL] [TBUF_STAT] ---------- tbuf init stat ----------
    UB USED: 0x600, Rate: 0.585938%
[ALL] [TBUF_STAT] ---------- tbuf init stat ----------
[MEMCHEK] Mem[281472955416592]checkNum is 0
[MEMCHEK] Mem[281472955416592] is FREE

### set_flag((pipe_t)PIPE_V, (pipe_t)PIPE_MTE2, (event_t)1);

[V] [RECV_INST] set_flag type 3
[V] [EXECUTE] set_flag type 3
[V] [send event] on set_flag 1 4 1
[V] -> [MTE2] [GET_DATA] 0xffff87858410 0x200 B stat 1 type UB
[MTE2] [RECV_EVENT] SRC V DST MTE2 EVENT 1
[MTE2] [RECV_DATA] 0xffff87858410 0x200 B stat 1 type UB
[ALL] [TBUF_EVENT] FREE 0xffff87858210 0x100 B type UB
[ALL] [TBUF_STAT] ---------- tbuf used stat ----------
    UB USED: 0x100, Rate: 0.0976562%
[ALL] [TBUF_STAT] ---------- tbuf used stat ----------
[ALL] [TBUF_STAT] ---------- tbuf init stat ----------
    UB USED: 0x600, Rate: 0.585938%
[ALL] [TBUF_STAT] ---------- tbuf init stat ----------
[MEMCHEK] Mem[281472955417104]checkNum is 0
[MEMCHEK] Mem[281472955417104] is FREE

### wait_flag((pipe_t)PIPE_V, (pipe_t)PIPE_MTE3, (event_t)0);

[MTE3] [RECV_INST] wait_flag type 4
[MTE3] [EXECUTE] wait_flag type 4
[MTE3] [no wait] on wait_flag 1 5 0
[V] [EVENT_CLEAR] send 1 5 0 has been waited
[MEMCHEK] Mem[281472955417616]checkNum is 0

### copy_ubuf_to_gm((__gm__ void*)0xffff8dabd400, (__ubuf__ void*)0xffff87858410, (uint8_t)0, (uint16_t)1, (uint16_t)8, (uint16_t)0, (uint16_t)0);

[MTE3] [RECV_INST] copy_ubuf_to_gm type 0
[MTE3] [EXECUTE] copy_ubuf_to_gm type 0
[MTE3] read  data 0xffff87858410 0x100 B type UB
[MTE3] checking synced queue
[MTE3] [CHECK_DATA] 0xffff87858410 0x100 B type UB
[MTE3] data matched whole 0xffff87858410 0x200 stat 1
[MTE3] [DATA_MARK] 0xffff87858410 0x100 B type UB mark read
[MTE3] checking pending queue
[MTE3] [CHECK_DATA] 0xffff87858410 0x100 B type UB
[MTE3] [CHECK_TBUF] 0xffff87858410 0x100 B type UB
[MTE3] allocation buffer match result 0
[MTE3] write data 0xffff8dabd400 0x100 B type GM
[MTE3] checking pending queue
[MTE3] [CHECK_DATA] 0xffff8dabd400 0x100 B type GM
[MTE3] checking wrote queue
[MTE3] [CHECK_DATA] 0xffff8dabd400 0x100 B type GM
[MTE3] [CHECK_TBUF] 0xffff8dabd400 0x100 B type GM
[MEMCHEK] Mem[281472955417616]checkNum is 0

### set_flag((pipe_t)PIPE_MTE3, (pipe_t)PIPE_V, (event_t)0);

[MTE3] [RECV_INST] set_flag type 3
[MTE3] [EXECUTE] set_flag type 3
[MTE3] [SYNC_DATA] 0xffff8dabd400 0x100 B type GM
[MTE3] [send event] on set_flag 5 1 0
[MTE3] -> [V] [GET_DATA] 0xffff8dabd000 0x500 B stat 1 type GM
[V] [RECV_EVENT] SRC MTE3 DST V EVENT 0
[V] [RECV_DATA] 0xffff8dabd000 0x500 B stat 1 type GM
[ALL] [TBUF_EVENT] FREE 0xffff87858410 0x100 B type UB
[ALL] [TBUF_STAT] ---------- tbuf used stat ----------
[ALL] [TBUF_STAT] ---------- tbuf used stat ----------
[ALL] [TBUF_STAT] ---------- tbuf init stat ----------
    UB USED: 0x600, Rate: 0.585938%
[ALL] [TBUF_STAT] ---------- tbuf init stat ----------
[MEMCHEK] Mem[281472955417616]checkNum is 0
[MEMCHEK] Mem[281472955417616] is FREE

### wait_flag((pipe_t)PIPE_V, (pipe_t)PIPE_MTE2, (event_t)2);

[MTE2] [RECV_INST] wait_flag type 4
[MTE2] [EXECUTE] wait_flag type 4
[MTE2] [no wait] on wait_flag 1 4 2
[V] [EVENT_CLEAR] send 1 4 2 has been waited
[ALL] [TBUF_EVENT] ALLOC 0xffff87858110 0x100 B type UB
[ALL] [TBUF_STAT] ---------- tbuf used stat ----------
    UB USED: 0x100, Rate: 0.0976562%
[ALL] [TBUF_STAT] ---------- tbuf used stat ----------
[ALL] [TBUF_STAT] ---------- tbuf init stat ----------
    UB USED: 0x600, Rate: 0.585938%
[ALL] [TBUF_STAT] ---------- tbuf init stat ----------
[MEMCHEK][CreateMemRecord] addr: 281472955416848len: 256

### wait_flag((pipe_t)PIPE_V, (pipe_t)PIPE_MTE2, (event_t)3);

[MTE2] [RECV_INST] wait_flag type 4
[MTE2] [EXECUTE] wait_flag type 4
[MTE2] [no wait] on wait_flag 1 4 3
[V] [EVENT_CLEAR] send 1 4 3 has been waited
[ALL] [TBUF_EVENT] ALLOC 0xffff87858310 0x100 B type UB
[ALL] [TBUF_STAT] ---------- tbuf used stat ----------
    UB USED: 0x200, Rate: 0.195312%
[ALL] [TBUF_STAT] ---------- tbuf used stat ----------
[ALL] [TBUF_STAT] ---------- tbuf init stat ----------
    UB USED: 0x600, Rate: 0.585938%
[ALL] [TBUF_STAT] ---------- tbuf init stat ----------
[MEMCHEK][CreateMemRecord] addr: 281472955417360len: 256

### copy_gm_to_ubuf((__ubuf__ void*)0xffff87858110, (__gm__ void*)0xffff8ed3d500, (uint8_t)0, (uint16_t)1, (uint16_t)8, (uint16_t)0, (uint16_t)0);

[MTE2] [RECV_INST] copy_gm_to_ubuf type 0
[MTE2] [EXECUTE] copy_gm_to_ubuf type 0
[MTE2] read  data 0xffff8ed3d500 0x100 B type GM
[MTE2] [DATA_MARK] 0xffff8ed3d500 0x100 B type GM mark read
[MTE2] write data 0xffff87858110 0x100 B type UB
[MTE2] checking pending queue
[MTE2] [CHECK_DATA] 0xffff87858110 0x100 B type UB
[MTE2] checking wrote queue
[MTE2] [CHECK_DATA] 0xffff87858110 0x100 B type UB
[MTE2] data matched whole 0xffff87858010 0x400 stat 1
[MTE2] [CHECK_TBUF] 0xffff87858110 0x100 B type UB
[MTE2] allocation buffer match result 0
[MEMCHEK] Mem[281472955416848]checkNum is 0

### copy_gm_to_ubuf((__ubuf__ void*)0xffff87858310, (__gm__ void*)0xffff8e0ad500, (uint8_t)0, (uint16_t)1, (uint16_t)8, (uint16_t)0, (uint16_t)0);

[MTE2] [RECV_INST] copy_gm_to_ubuf type 0
[MTE2] [EXECUTE] copy_gm_to_ubuf type 0
[MTE2] read  data 0xffff8e0ad500 0x100 B type GM
[MTE2] [DATA_MARK] 0xffff8e0ad500 0x100 B type GM mark read
[MTE2] write data 0xffff87858310 0x100 B type UB
[MTE2] checking pending queue
[MTE2] [CHECK_DATA] 0xffff87858310 0x100 B type UB
[MTE2] checking wrote queue
[MTE2] [CHECK_DATA] 0xffff87858310 0x100 B type UB
[MTE2] data matched whole 0xffff87858010 0x400 stat 1
[MTE2] [CHECK_TBUF] 0xffff87858310 0x100 B type UB
[MTE2] allocation buffer match result 0
[MEMCHEK] Mem[281472955417360]checkNum is 0

### set_flag((pipe_t)PIPE_MTE2, (pipe_t)PIPE_V, (event_t)0);

[MTE2] [RECV_INST] set_flag type 3
[MTE2] [EXECUTE] set_flag type 3
[MTE2] [SYNC_DATA] 0xffff87858110 0x100 B type UB
[MTE2] [SYNC_DATA] 0xffff87858310 0x100 B type UB
[MTE2] [send event] on set_flag 4 1 0
[MTE2] -> [V] [GET_DATA] 0xffff87858010 0x400 B stat 1 type UB
[MTE2] -> [V] [GET_DATA] 0xffff87858210 0x200 B stat 1 type UB
[V] [RECV_EVENT] SRC MTE2 DST V EVENT 0
[V] [RECV_DATA] 0xffff87858010 0x400 B stat 1 type UB
[V] [RECV_DATA] 0xffff87858210 0x200 B stat 1 type UB
[MEMCHEK] Mem[281472955416848]checkNum is 0

### set_flag((pipe_t)PIPE_MTE2, (pipe_t)PIPE_V, (event_t)1);

[MTE2] [RECV_INST] set_flag type 3
[MTE2] [EXECUTE] set_flag type 3
[MTE2] [send event] on set_flag 4 1 1
[MTE2] -> [V] [GET_DATA] 0xffff87858010 0x400 B stat 1 type UB
[MTE2] -> [V] [GET_DATA] 0xffff87858210 0x200 B stat 1 type UB
[V] [RECV_EVENT] SRC MTE2 DST V EVENT 1
[V] [RECV_DATA] 0xffff87858010 0x400 B stat 1 type UB
[V] [RECV_DATA] 0xffff87858210 0x200 B stat 1 type UB
[MEMCHEK] Mem[281472955417360]checkNum is 0

### wait_flag((pipe_t)PIPE_MTE2, (pipe_t)PIPE_V, (event_t)0);

[V] [RECV_INST] wait_flag type 4
[V] [EXECUTE] wait_flag type 4
[V] [no wait] on wait_flag 4 1 0
[MTE2] [EVENT_CLEAR] send 4 1 0 has been waited
[MEMCHEK] Mem[281472955416848]checkNum is 0

### wait_flag((pipe_t)PIPE_MTE2, (pipe_t)PIPE_V, (event_t)1);

[V] [RECV_INST] wait_flag type 4
[V] [EXECUTE] wait_flag type 4
[V] [no wait] on wait_flag 4 1 1
[MTE2] [EVENT_CLEAR] send 4 1 1 has been waited
[MEMCHEK] Mem[281472955417360]checkNum is 0

### wait_flag((pipe_t)PIPE_MTE3, (pipe_t)PIPE_V, (event_t)1);

[V] [RECV_INST] wait_flag type 4
[V] [EXECUTE] wait_flag type 4
[V] [no wait] on wait_flag 5 1 1
[MTE3] [EVENT_CLEAR] send 5 1 1 has been waited
[ALL] [TBUF_EVENT] ALLOC 0xffff87858510 0x100 B type UB
[ALL] [TBUF_STAT] ---------- tbuf used stat ----------
    UB USED: 0x300, Rate: 0.292969%
[ALL] [TBUF_STAT] ---------- tbuf used stat ----------
[ALL] [TBUF_STAT] ---------- tbuf init stat ----------
    UB USED: 0x600, Rate: 0.585938%
[ALL] [TBUF_STAT] ---------- tbuf init stat ----------
[MEMCHEK][CreateMemRecord] addr: 281472955417872len: 256

### set_mask_count();

[set_mask_count] unsupported
[S] [RECV_INST] set_mask_count type 7
[S] [EXECUTE] set_mask_count type 7

### set_vector_mask((uint64_t)0, (uint64_t)128);

[V] [RECV_INST] set_vector_mask type 6
[V] [EXECUTE] set_vector_mask type 6

### vadd((__ubuf__ half*)0xffff87858510, (__ubuf__ half*)0xffff87858110, (__ubuf__ half*)0xffff87858310, (uint8_t)1, (uint8_t)1, (uint8_t)1, (uint8_t)1, (uint8_t)8, (uint8_t)8, (uint8_t)8);

[V] [RECV_INST] vadd type 1
[V] [EXECUTE] vadd type 1
[MEMCHEK] Mem[281472955416848]checkNum is 0
[MEMCHEK] Mem[281472955417360]checkNum is 0
[MEMCHEK] Mem[281472955417872]checkNum is 0
DataMergeAllOnceAll dataLen: 256
[V] read  data 0xffff87858110 0x100 B type UB
[V] checking synced queue
[V] [CHECK_DATA] 0xffff87858110 0x100 B type UB
[V] data matched whole 0xffff87858010 0x600 stat 1
[V] [DATA_MARK] 0xffff87858110 0x100 B type UB mark read
[V] checking pending queue
[V] [CHECK_DATA] 0xffff87858110 0x100 B type UB
[V] [CHECK_TBUF] 0xffff87858110 0x100 B type UB
[V] allocation buffer match result 0
[V] read  data 0xffff87858310 0x100 B type UB
[V] checking synced queue
[V] [CHECK_DATA] 0xffff87858310 0x100 B type UB
[V] data matched whole 0xffff87858010 0x600 stat 1
[V] [DATA_MARK] 0xffff87858310 0x100 B type UB mark read
[V] [DATA_MARK] 0xffff87858310 0x100 B type UB mark read
[V] checking pending queue
[V] [CHECK_DATA] 0xffff87858310 0x100 B type UB
[V] [CHECK_TBUF] 0xffff87858310 0x100 B type UB
[V] allocation buffer match result 0
[V] write data 0xffff87858510 0x100 B type UB
[V] checking pending queue
[V] [CHECK_DATA] 0xffff87858510 0x100 B type UB
[V] checking wrote queue
[V] [CHECK_DATA] 0xffff87858510 0x100 B type UB
[V] data matched whole 0xffff87858410 0x200 stat 1
[V] [CHECK_TBUF] 0xffff87858510 0x100 B type UB
[V] allocation buffer match result 0

### set_mask_norm();

[set_mask_norm] unsupported
[S] [RECV_INST] set_mask_norm type 7
[S] [EXECUTE] set_mask_norm type 7

### set_vector_mask((uint64_t)18446744073709551615, (uint64_t)18446744073709551615);

[V] [RECV_INST] set_vector_mask type 6
[V] [EXECUTE] set_vector_mask type 6

### set_flag((pipe_t)PIPE_V, (pipe_t)PIPE_MTE3, (event_t)0);

[V] [RECV_INST] set_flag type 3
[V] [EXECUTE] set_flag type 3
[V] [SYNC_DATA] 0xffff87858510 0x100 B type UB
[V] [send event] on set_flag 1 5 0
[V] -> [MTE3] [GET_DATA] 0xffff87858410 0x200 B stat 1 type UB
[MTE3] [RECV_EVENT] SRC V DST MTE3 EVENT 0
[MTE3] [RECV_DATA] 0xffff87858410 0x200 B stat 1 type UB
[MEMCHEK] Mem[281472955417872]checkNum is 0

### set_flag((pipe_t)PIPE_V, (pipe_t)PIPE_MTE2, (event_t)2);

[V] [RECV_INST] set_flag type 3
[V] [EXECUTE] set_flag type 3
[V] [send event] on set_flag 1 4 2
[V] -> [MTE2] [GET_DATA] 0xffff87858410 0x200 B stat 1 type UB
[MTE2] [RECV_EVENT] SRC V DST MTE2 EVENT 2
[MTE2] [RECV_DATA] 0xffff87858410 0x200 B stat 1 type UB
[ALL] [TBUF_EVENT] FREE 0xffff87858110 0x100 B type UB
[ALL] [TBUF_STAT] ---------- tbuf used stat ----------
    UB USED: 0x200, Rate: 0.195312%
[ALL] [TBUF_STAT] ---------- tbuf used stat ----------
[ALL] [TBUF_STAT] ---------- tbuf init stat ----------
    UB USED: 0x600, Rate: 0.585938%
[ALL] [TBUF_STAT] ---------- tbuf init stat ----------
[MEMCHEK] Mem[281472955416848]checkNum is 0
[MEMCHEK] Mem[281472955416848] is FREE

### set_flag((pipe_t)PIPE_V, (pipe_t)PIPE_MTE2, (event_t)3);

[V] [RECV_INST] set_flag type 3
[V] [EXECUTE] set_flag type 3
[V] [send event] on set_flag 1 4 3
[V] -> [MTE2] [GET_DATA] 0xffff87858410 0x200 B stat 1 type UB
[MTE2] [RECV_EVENT] SRC V DST MTE2 EVENT 3
[MTE2] [RECV_DATA] 0xffff87858410 0x200 B stat 1 type UB
[ALL] [TBUF_EVENT] FREE 0xffff87858310 0x100 B type UB
[ALL] [TBUF_STAT] ---------- tbuf used stat ----------
    UB USED: 0x100, Rate: 0.0976562%
[ALL] [TBUF_STAT] ---------- tbuf used stat ----------
[ALL] [TBUF_STAT] ---------- tbuf init stat ----------
    UB USED: 0x600, Rate: 0.585938%
[ALL] [TBUF_STAT] ---------- tbuf init stat ----------
[MEMCHEK] Mem[281472955417360]checkNum is 0
[MEMCHEK] Mem[281472955417360] is FREE

### wait_flag((pipe_t)PIPE_V, (pipe_t)PIPE_MTE3, (event_t)0);

[MTE3] [RECV_INST] wait_flag type 4
[MTE3] [EXECUTE] wait_flag type 4
[MTE3] [no wait] on wait_flag 1 5 0
[V] [EVENT_CLEAR] send 1 5 0 has been waited
[MEMCHEK] Mem[281472955417872]checkNum is 0

### copy_ubuf_to_gm((__gm__ void*)0xffff8dabd500, (__ubuf__ void*)0xffff87858510, (uint8_t)0, (uint16_t)1, (uint16_t)8, (uint16_t)0, (uint16_t)0);

[MTE3] [RECV_INST] copy_ubuf_to_gm type 0
[MTE3] [EXECUTE] copy_ubuf_to_gm type 0
[MTE3] read  data 0xffff87858510 0x100 B type UB
[MTE3] checking synced queue
[MTE3] [CHECK_DATA] 0xffff87858510 0x100 B type UB
[MTE3] data matched whole 0xffff87858410 0x200 stat 1
[MTE3] [DATA_MARK] 0xffff87858510 0x100 B type UB mark read
[MTE3] checking pending queue
[MTE3] [CHECK_DATA] 0xffff87858510 0x100 B type UB
[MTE3] [CHECK_TBUF] 0xffff87858510 0x100 B type UB
[MTE3] allocation buffer match result 0
[MTE3] write data 0xffff8dabd500 0x100 B type GM
[MTE3] checking pending queue
[MTE3] [CHECK_DATA] 0xffff8dabd500 0x100 B type GM
[MTE3] checking wrote queue
[MTE3] [CHECK_DATA] 0xffff8dabd500 0x100 B type GM
[MTE3] [CHECK_TBUF] 0xffff8dabd500 0x100 B type GM
[MEMCHEK] Mem[281472955417872]checkNum is 0

### set_flag((pipe_t)PIPE_MTE3, (pipe_t)PIPE_V, (event_t)1);

[MTE3] [RECV_INST] set_flag type 3
[MTE3] [EXECUTE] set_flag type 3
[MTE3] [SYNC_DATA] 0xffff8dabd500 0x100 B type GM
[MTE3] [send event] on set_flag 5 1 1
[MTE3] -> [V] [GET_DATA] 0xffff8dabd000 0x600 B stat 1 type GM
[V] [RECV_EVENT] SRC MTE3 DST V EVENT 1
[V] [RECV_DATA] 0xffff8dabd000 0x600 B stat 1 type GM
[ALL] [TBUF_EVENT] FREE 0xffff87858510 0x100 B type UB
[ALL] [TBUF_STAT] ---------- tbuf used stat ----------
[ALL] [TBUF_STAT] ---------- tbuf used stat ----------
[ALL] [TBUF_STAT] ---------- tbuf init stat ----------
    UB USED: 0x600, Rate: 0.585938%
[ALL] [TBUF_STAT] ---------- tbuf init stat ----------
[MEMCHEK] Mem[281472955417872]checkNum is 0
[MEMCHEK] Mem[281472955417872] is FREE

### wait_flag((pipe_t)PIPE_V, (pipe_t)PIPE_MTE2, (event_t)0);

[MTE2] [RECV_INST] wait_flag type 4
[MTE2] [EXECUTE] wait_flag type 4
[MTE2] [no wait] on wait_flag 1 4 0
[V] [EVENT_CLEAR] send 1 4 0 has been waited
[ALL] [TBUF_EVENT] ALLOC 0xffff87858010 0x100 B type UB
[ALL] [TBUF_STAT] ---------- tbuf used stat ----------
    UB USED: 0x100, Rate: 0.0976562%
[ALL] [TBUF_STAT] ---------- tbuf used stat ----------
[ALL] [TBUF_STAT] ---------- tbuf init stat ----------
    UB USED: 0x600, Rate: 0.585938%
[ALL] [TBUF_STAT] ---------- tbuf init stat ----------
[MEMCHEK][CreateMemRecord] addr: 281472955416592len: 256

### wait_flag((pipe_t)PIPE_V, (pipe_t)PIPE_MTE2, (event_t)1);

[MTE2] [RECV_INST] wait_flag type 4
[MTE2] [EXECUTE] wait_flag type 4
[MTE2] [no wait] on wait_flag 1 4 1
[V] [EVENT_CLEAR] send 1 4 1 has been waited
[ALL] [TBUF_EVENT] ALLOC 0xffff87858210 0x100 B type UB
[ALL] [TBUF_STAT] ---------- tbuf used stat ----------
    UB USED: 0x200, Rate: 0.195312%
[ALL] [TBUF_STAT] ---------- tbuf used stat ----------
[ALL] [TBUF_STAT] ---------- tbuf init stat ----------
    UB USED: 0x600, Rate: 0.585938%
[ALL] [TBUF_STAT] ---------- tbuf init stat ----------
[MEMCHEK][CreateMemRecord] addr: 281472955417104len: 256

### copy_gm_to_ubuf((__ubuf__ void*)0xffff87858010, (__gm__ void*)0xffff8ed3d600, (uint8_t)0, (uint16_t)1, (uint16_t)8, (uint16_t)0, (uint16_t)0);

[MTE2] [RECV_INST] copy_gm_to_ubuf type 0
[MTE2] [EXECUTE] copy_gm_to_ubuf type 0
[MTE2] read  data 0xffff8ed3d600 0x100 B type GM
[MTE2] [DATA_MARK] 0xffff8ed3d600 0x100 B type GM mark read
[MTE2] write data 0xffff87858010 0x100 B type UB
[MTE2] checking pending queue
[MTE2] [CHECK_DATA] 0xffff87858010 0x100 B type UB
[MTE2] checking wrote queue
[MTE2] [CHECK_DATA] 0xffff87858010 0x100 B type UB
[MTE2] data matched whole 0xffff87858010 0x400 stat 1
[MTE2] [CHECK_TBUF] 0xffff87858010 0x100 B type UB
[MTE2] allocation buffer match result 0
[MEMCHEK] Mem[281472955416592]checkNum is 0

### copy_gm_to_ubuf((__ubuf__ void*)0xffff87858210, (__gm__ void*)0xffff8e0ad600, (uint8_t)0, (uint16_t)1, (uint16_t)8, (uint16_t)0, (uint16_t)0);

[MTE2] [RECV_INST] copy_gm_to_ubuf type 0
[MTE2] [EXECUTE] copy_gm_to_ubuf type 0
[MTE2] read  data 0xffff8e0ad600 0x100 B type GM
[MTE2] [DATA_MARK] 0xffff8e0ad600 0x100 B type GM mark read
[MTE2] write data 0xffff87858210 0x100 B type UB
[MTE2] checking pending queue
[MTE2] [CHECK_DATA] 0xffff87858210 0x100 B type UB
[MTE2] checking wrote queue
[MTE2] [CHECK_DATA] 0xffff87858210 0x100 B type UB
[MTE2] data matched whole 0xffff87858010 0x400 stat 1
[MTE2] [CHECK_TBUF] 0xffff87858210 0x100 B type UB
[MTE2] allocation buffer match result 0
[MEMCHEK] Mem[281472955417104]checkNum is 0

### set_flag((pipe_t)PIPE_MTE2, (pipe_t)PIPE_V, (event_t)0);

[MTE2] [RECV_INST] set_flag type 3
[MTE2] [EXECUTE] set_flag type 3
[MTE2] [SYNC_DATA] 0xffff87858010 0x100 B type UB
[MTE2] [SYNC_DATA] 0xffff87858210 0x100 B type UB
[MTE2] [send event] on set_flag 4 1 0
[MTE2] -> [V] [GET_DATA] 0xffff87858010 0x400 B stat 1 type UB
[MTE2] -> [V] [GET_DATA] 0xffff87858210 0x200 B stat 1 type UB
[V] [RECV_EVENT] SRC MTE2 DST V EVENT 0
[V] [RECV_DATA] 0xffff87858010 0x400 B stat 1 type UB
[V] [RECV_DATA] 0xffff87858210 0x200 B stat 1 type UB
[MEMCHEK] Mem[281472955416592]checkNum is 0

### set_flag((pipe_t)PIPE_MTE2, (pipe_t)PIPE_V, (event_t)1);

[MTE2] [RECV_INST] set_flag type 3
[MTE2] [EXECUTE] set_flag type 3
[MTE2] [send event] on set_flag 4 1 1
[MTE2] -> [V] [GET_DATA] 0xffff87858010 0x400 B stat 1 type UB
[MTE2] -> [V] [GET_DATA] 0xffff87858210 0x200 B stat 1 type UB
[V] [RECV_EVENT] SRC MTE2 DST V EVENT 1
[V] [RECV_DATA] 0xffff87858010 0x400 B stat 1 type UB
[V] [RECV_DATA] 0xffff87858210 0x200 B stat 1 type UB
[MEMCHEK] Mem[281472955417104]checkNum is 0

### wait_flag((pipe_t)PIPE_MTE2, (pipe_t)PIPE_V, (event_t)0);

[V] [RECV_INST] wait_flag type 4
[V] [EXECUTE] wait_flag type 4
[V] [no wait] on wait_flag 4 1 0
[MTE2] [EVENT_CLEAR] send 4 1 0 has been waited
[MEMCHEK] Mem[281472955416592]checkNum is 0

### wait_flag((pipe_t)PIPE_MTE2, (pipe_t)PIPE_V, (event_t)1);

[V] [RECV_INST] wait_flag type 4
[V] [EXECUTE] wait_flag type 4
[V] [no wait] on wait_flag 4 1 1
[MTE2] [EVENT_CLEAR] send 4 1 1 has been waited
[MEMCHEK] Mem[281472955417104]checkNum is 0

### wait_flag((pipe_t)PIPE_MTE3, (pipe_t)PIPE_V, (event_t)0);

[V] [RECV_INST] wait_flag type 4
[V] [EXECUTE] wait_flag type 4
[V] [no wait] on wait_flag 5 1 0
[MTE3] [EVENT_CLEAR] send 5 1 0 has been waited
[ALL] [TBUF_EVENT] ALLOC 0xffff87858410 0x100 B type UB
[ALL] [TBUF_STAT] ---------- tbuf used stat ----------
    UB USED: 0x300, Rate: 0.292969%
[ALL] [TBUF_STAT] ---------- tbuf used stat ----------
[ALL] [TBUF_STAT] ---------- tbuf init stat ----------
    UB USED: 0x600, Rate: 0.585938%
[ALL] [TBUF_STAT] ---------- tbuf init stat ----------
[MEMCHEK][CreateMemRecord] addr: 281472955417616len: 256

### set_mask_count();

[set_mask_count] unsupported
[S] [RECV_INST] set_mask_count type 7
[S] [EXECUTE] set_mask_count type 7

### set_vector_mask((uint64_t)0, (uint64_t)128);

[V] [RECV_INST] set_vector_mask type 6
[V] [EXECUTE] set_vector_mask type 6

### vadd((__ubuf__ half*)0xffff87858410, (__ubuf__ half*)0xffff87858010, (__ubuf__ half*)0xffff87858210, (uint8_t)1, (uint8_t)1, (uint8_t)1, (uint8_t)1, (uint8_t)8, (uint8_t)8, (uint8_t)8);

[V] [RECV_INST] vadd type 1
[V] [EXECUTE] vadd type 1
[MEMCHEK] Mem[281472955416592]checkNum is 0
[MEMCHEK] Mem[281472955417104]checkNum is 0
[MEMCHEK] Mem[281472955417616]checkNum is 0
DataMergeAllOnceAll dataLen: 256
[V] read  data 0xffff87858010 0x100 B type UB
[V] checking synced queue
[V] [CHECK_DATA] 0xffff87858010 0x100 B type UB
[V] data matched whole 0xffff87858010 0x600 stat 1
[V] [DATA_MARK] 0xffff87858010 0x100 B type UB mark read
[V] checking pending queue
[V] [CHECK_DATA] 0xffff87858010 0x100 B type UB
[V] [CHECK_TBUF] 0xffff87858010 0x100 B type UB
[V] allocation buffer match result 0
[V] read  data 0xffff87858210 0x100 B type UB
[V] checking synced queue
[V] [CHECK_DATA] 0xffff87858210 0x100 B type UB
[V] data matched whole 0xffff87858010 0x600 stat 1
[V] [DATA_MARK] 0xffff87858210 0x100 B type UB mark read
[V] [DATA_MARK] 0xffff87858210 0x100 B type UB mark read
[V] checking pending queue
[V] [CHECK_DATA] 0xffff87858210 0x100 B type UB
[V] [CHECK_TBUF] 0xffff87858210 0x100 B type UB
[V] allocation buffer match result 0
[V] write data 0xffff87858410 0x100 B type UB
[V] checking pending queue
[V] [CHECK_DATA] 0xffff87858410 0x100 B type UB
[V] checking wrote queue
[V] [CHECK_DATA] 0xffff87858410 0x100 B type UB
[V] data matched whole 0xffff87858410 0x200 stat 1
[V] [CHECK_TBUF] 0xffff87858410 0x100 B type UB
[V] allocation buffer match result 0

### set_mask_norm();

[set_mask_norm] unsupported
[S] [RECV_INST] set_mask_norm type 7
[S] [EXECUTE] set_mask_norm type 7

### set_vector_mask((uint64_t)18446744073709551615, (uint64_t)18446744073709551615);

[V] [RECV_INST] set_vector_mask type 6
[V] [EXECUTE] set_vector_mask type 6

### set_flag((pipe_t)PIPE_V, (pipe_t)PIPE_MTE3, (event_t)0);

[V] [RECV_INST] set_flag type 3
[V] [EXECUTE] set_flag type 3
[V] [SYNC_DATA] 0xffff87858410 0x100 B type UB
[V] [send event] on set_flag 1 5 0
[V] -> [MTE3] [GET_DATA] 0xffff87858410 0x200 B stat 1 type UB
[MTE3] [RECV_EVENT] SRC V DST MTE3 EVENT 0
[MTE3] [RECV_DATA] 0xffff87858410 0x200 B stat 1 type UB
[MEMCHEK] Mem[281472955417616]checkNum is 0

### set_flag((pipe_t)PIPE_V, (pipe_t)PIPE_MTE2, (event_t)0);

[V] [RECV_INST] set_flag type 3
[V] [EXECUTE] set_flag type 3
[V] [send event] on set_flag 1 4 0
[V] -> [MTE2] [GET_DATA] 0xffff87858410 0x200 B stat 1 type UB
[MTE2] [RECV_EVENT] SRC V DST MTE2 EVENT 0
[MTE2] [RECV_DATA] 0xffff87858410 0x200 B stat 1 type UB
[ALL] [TBUF_EVENT] FREE 0xffff87858010 0x100 B type UB
[ALL] [TBUF_STAT] ---------- tbuf used stat ----------
    UB USED: 0x200, Rate: 0.195312%
[ALL] [TBUF_STAT] ---------- tbuf used stat ----------
[ALL] [TBUF_STAT] ---------- tbuf init stat ----------
    UB USED: 0x600, Rate: 0.585938%
[ALL] [TBUF_STAT] ---------- tbuf init stat ----------
[MEMCHEK] Mem[281472955416592]checkNum is 0
[MEMCHEK] Mem[281472955416592] is FREE

### set_flag((pipe_t)PIPE_V, (pipe_t)PIPE_MTE2, (event_t)1);

[V] [RECV_INST] set_flag type 3
[V] [EXECUTE] set_flag type 3
[V] [send event] on set_flag 1 4 1
[V] -> [MTE2] [GET_DATA] 0xffff87858410 0x200 B stat 1 type UB
[MTE2] [RECV_EVENT] SRC V DST MTE2 EVENT 1
[MTE2] [RECV_DATA] 0xffff87858410 0x200 B stat 1 type UB
[ALL] [TBUF_EVENT] FREE 0xffff87858210 0x100 B type UB
[ALL] [TBUF_STAT] ---------- tbuf used stat ----------
    UB USED: 0x100, Rate: 0.0976562%
[ALL] [TBUF_STAT] ---------- tbuf used stat ----------
[ALL] [TBUF_STAT] ---------- tbuf init stat ----------
    UB USED: 0x600, Rate: 0.585938%
[ALL] [TBUF_STAT] ---------- tbuf init stat ----------
[MEMCHEK] Mem[281472955417104]checkNum is 0
[MEMCHEK] Mem[281472955417104] is FREE

### wait_flag((pipe_t)PIPE_V, (pipe_t)PIPE_MTE3, (event_t)0);

[MTE3] [RECV_INST] wait_flag type 4
[MTE3] [EXECUTE] wait_flag type 4
[MTE3] [no wait] on wait_flag 1 5 0
[V] [EVENT_CLEAR] send 1 5 0 has been waited
[MEMCHEK] Mem[281472955417616]checkNum is 0

### copy_ubuf_to_gm((__gm__ void*)0xffff8dabd600, (__ubuf__ void*)0xffff87858410, (uint8_t)0, (uint16_t)1, (uint16_t)8, (uint16_t)0, (uint16_t)0);

[MTE3] [RECV_INST] copy_ubuf_to_gm type 0
[MTE3] [EXECUTE] copy_ubuf_to_gm type 0
[MTE3] read  data 0xffff87858410 0x100 B type UB
[MTE3] checking synced queue
[MTE3] [CHECK_DATA] 0xffff87858410 0x100 B type UB
[MTE3] data matched whole 0xffff87858410 0x200 stat 1
[MTE3] [DATA_MARK] 0xffff87858410 0x100 B type UB mark read
[MTE3] checking pending queue
[MTE3] [CHECK_DATA] 0xffff87858410 0x100 B type UB
[MTE3] [CHECK_TBUF] 0xffff87858410 0x100 B type UB
[MTE3] allocation buffer match result 0
[MTE3] write data 0xffff8dabd600 0x100 B type GM
[MTE3] checking pending queue
[MTE3] [CHECK_DATA] 0xffff8dabd600 0x100 B type GM
[MTE3] checking wrote queue
[MTE3] [CHECK_DATA] 0xffff8dabd600 0x100 B type GM
[MTE3] [CHECK_TBUF] 0xffff8dabd600 0x100 B type GM
[MEMCHEK] Mem[281472955417616]checkNum is 0

### set_flag((pipe_t)PIPE_MTE3, (pipe_t)PIPE_V, (event_t)0);

[MTE3] [RECV_INST] set_flag type 3
[MTE3] [EXECUTE] set_flag type 3
[MTE3] [SYNC_DATA] 0xffff8dabd600 0x100 B type GM
[MTE3] [send event] on set_flag 5 1 0
[MTE3] -> [V] [GET_DATA] 0xffff8dabd000 0x700 B stat 1 type GM
[V] [RECV_EVENT] SRC MTE3 DST V EVENT 0
[V] [RECV_DATA] 0xffff8dabd000 0x700 B stat 1 type GM
[ALL] [TBUF_EVENT] FREE 0xffff87858410 0x100 B type UB
[ALL] [TBUF_STAT] ---------- tbuf used stat ----------
[ALL] [TBUF_STAT] ---------- tbuf used stat ----------
[ALL] [TBUF_STAT] ---------- tbuf init stat ----------
    UB USED: 0x600, Rate: 0.585938%
[ALL] [TBUF_STAT] ---------- tbuf init stat ----------
[MEMCHEK] Mem[281472955417616]checkNum is 0
[MEMCHEK] Mem[281472955417616] is FREE

### wait_flag((pipe_t)PIPE_V, (pipe_t)PIPE_MTE2, (event_t)2);

[MTE2] [RECV_INST] wait_flag type 4
[MTE2] [EXECUTE] wait_flag type 4
[MTE2] [no wait] on wait_flag 1 4 2
[V] [EVENT_CLEAR] send 1 4 2 has been waited
[ALL] [TBUF_EVENT] ALLOC 0xffff87858110 0x100 B type UB
[ALL] [TBUF_STAT] ---------- tbuf used stat ----------
    UB USED: 0x100, Rate: 0.0976562%
[ALL] [TBUF_STAT] ---------- tbuf used stat ----------
[ALL] [TBUF_STAT] ---------- tbuf init stat ----------
    UB USED: 0x600, Rate: 0.585938%
[ALL] [TBUF_STAT] ---------- tbuf init stat ----------
[MEMCHEK][CreateMemRecord] addr: 281472955416848len: 256

### wait_flag((pipe_t)PIPE_V, (pipe_t)PIPE_MTE2, (event_t)3);

[MTE2] [RECV_INST] wait_flag type 4
[MTE2] [EXECUTE] wait_flag type 4
[MTE2] [no wait] on wait_flag 1 4 3
[V] [EVENT_CLEAR] send 1 4 3 has been waited
[ALL] [TBUF_EVENT] ALLOC 0xffff87858310 0x100 B type UB
[ALL] [TBUF_STAT] ---------- tbuf used stat ----------
    UB USED: 0x200, Rate: 0.195312%
[ALL] [TBUF_STAT] ---------- tbuf used stat ----------
[ALL] [TBUF_STAT] ---------- tbuf init stat ----------
    UB USED: 0x600, Rate: 0.585938%
[ALL] [TBUF_STAT] ---------- tbuf init stat ----------
[MEMCHEK][CreateMemRecord] addr: 281472955417360len: 256

### copy_gm_to_ubuf((__ubuf__ void*)0xffff87858110, (__gm__ void*)0xffff8ed3d700, (uint8_t)0, (uint16_t)1, (uint16_t)8, (uint16_t)0, (uint16_t)0);

[MTE2] [RECV_INST] copy_gm_to_ubuf type 0
[MTE2] [EXECUTE] copy_gm_to_ubuf type 0
[MTE2] read  data 0xffff8ed3d700 0x100 B type GM
[MTE2] [DATA_MARK] 0xffff8ed3d700 0x100 B type GM mark read
[MTE2] write data 0xffff87858110 0x100 B type UB
[MTE2] checking pending queue
[MTE2] [CHECK_DATA] 0xffff87858110 0x100 B type UB
[MTE2] checking wrote queue
[MTE2] [CHECK_DATA] 0xffff87858110 0x100 B type UB
[MTE2] data matched whole 0xffff87858010 0x400 stat 1
[MTE2] [CHECK_TBUF] 0xffff87858110 0x100 B type UB
[MTE2] allocation buffer match result 0
[MEMCHEK] Mem[281472955416848]checkNum is 0

### copy_gm_to_ubuf((__ubuf__ void*)0xffff87858310, (__gm__ void*)0xffff8e0ad700, (uint8_t)0, (uint16_t)1, (uint16_t)8, (uint16_t)0, (uint16_t)0);

[MTE2] [RECV_INST] copy_gm_to_ubuf type 0
[MTE2] [EXECUTE] copy_gm_to_ubuf type 0
[MTE2] read  data 0xffff8e0ad700 0x100 B type GM
[MTE2] [DATA_MARK] 0xffff8e0ad700 0x100 B type GM mark read
[MTE2] write data 0xffff87858310 0x100 B type UB
[MTE2] checking pending queue
[MTE2] [CHECK_DATA] 0xffff87858310 0x100 B type UB
[MTE2] checking wrote queue
[MTE2] [CHECK_DATA] 0xffff87858310 0x100 B type UB
[MTE2] data matched whole 0xffff87858010 0x400 stat 1
[MTE2] [CHECK_TBUF] 0xffff87858310 0x100 B type UB
[MTE2] allocation buffer match result 0
[MEMCHEK] Mem[281472955417360]checkNum is 0

### set_flag((pipe_t)PIPE_MTE2, (pipe_t)PIPE_V, (event_t)0);

[MTE2] [RECV_INST] set_flag type 3
[MTE2] [EXECUTE] set_flag type 3
[MTE2] [SYNC_DATA] 0xffff87858110 0x100 B type UB
[MTE2] [SYNC_DATA] 0xffff87858310 0x100 B type UB
[MTE2] [send event] on set_flag 4 1 0
[MTE2] -> [V] [GET_DATA] 0xffff87858010 0x400 B stat 1 type UB
[MTE2] -> [V] [GET_DATA] 0xffff87858210 0x200 B stat 1 type UB
[V] [RECV_EVENT] SRC MTE2 DST V EVENT 0
[V] [RECV_DATA] 0xffff87858010 0x400 B stat 1 type UB
[V] [RECV_DATA] 0xffff87858210 0x200 B stat 1 type UB
[MEMCHEK] Mem[281472955416848]checkNum is 0

### set_flag((pipe_t)PIPE_MTE2, (pipe_t)PIPE_V, (event_t)1);

[MTE2] [RECV_INST] set_flag type 3
[MTE2] [EXECUTE] set_flag type 3
[MTE2] [send event] on set_flag 4 1 1
[MTE2] -> [V] [GET_DATA] 0xffff87858010 0x400 B stat 1 type UB
[MTE2] -> [V] [GET_DATA] 0xffff87858210 0x200 B stat 1 type UB
[V] [RECV_EVENT] SRC MTE2 DST V EVENT 1
[V] [RECV_DATA] 0xffff87858010 0x400 B stat 1 type UB
[V] [RECV_DATA] 0xffff87858210 0x200 B stat 1 type UB
[MEMCHEK] Mem[281472955417360]checkNum is 0

### wait_flag((pipe_t)PIPE_MTE2, (pipe_t)PIPE_V, (event_t)0);

[V] [RECV_INST] wait_flag type 4
[V] [EXECUTE] wait_flag type 4
[V] [no wait] on wait_flag 4 1 0
[MTE2] [EVENT_CLEAR] send 4 1 0 has been waited
[MEMCHEK] Mem[281472955416848]checkNum is 0

### wait_flag((pipe_t)PIPE_MTE2, (pipe_t)PIPE_V, (event_t)1);

[V] [RECV_INST] wait_flag type 4
[V] [EXECUTE] wait_flag type 4
[V] [no wait] on wait_flag 4 1 1
[MTE2] [EVENT_CLEAR] send 4 1 1 has been waited
[MEMCHEK] Mem[281472955417360]checkNum is 0

### wait_flag((pipe_t)PIPE_MTE3, (pipe_t)PIPE_V, (event_t)1);

[V] [RECV_INST] wait_flag type 4
[V] [EXECUTE] wait_flag type 4
[V] [no wait] on wait_flag 5 1 1
[MTE3] [EVENT_CLEAR] send 5 1 1 has been waited
[ALL] [TBUF_EVENT] ALLOC 0xffff87858510 0x100 B type UB
[ALL] [TBUF_STAT] ---------- tbuf used stat ----------
    UB USED: 0x300, Rate: 0.292969%
[ALL] [TBUF_STAT] ---------- tbuf used stat ----------
[ALL] [TBUF_STAT] ---------- tbuf init stat ----------
    UB USED: 0x600, Rate: 0.585938%
[ALL] [TBUF_STAT] ---------- tbuf init stat ----------
[MEMCHEK][CreateMemRecord] addr: 281472955417872len: 256

### set_mask_count();

[set_mask_count] unsupported
[S] [RECV_INST] set_mask_count type 7
[S] [EXECUTE] set_mask_count type 7

### set_vector_mask((uint64_t)0, (uint64_t)128);

[V] [RECV_INST] set_vector_mask type 6
[V] [EXECUTE] set_vector_mask type 6

### vadd((__ubuf__ half*)0xffff87858510, (__ubuf__ half*)0xffff87858110, (__ubuf__ half*)0xffff87858310, (uint8_t)1, (uint8_t)1, (uint8_t)1, (uint8_t)1, (uint8_t)8, (uint8_t)8, (uint8_t)8);

[V] [RECV_INST] vadd type 1
[V] [EXECUTE] vadd type 1
[MEMCHEK] Mem[281472955416848]checkNum is 0
[MEMCHEK] Mem[281472955417360]checkNum is 0
[MEMCHEK] Mem[281472955417872]checkNum is 0
DataMergeAllOnceAll dataLen: 256
[V] read  data 0xffff87858110 0x100 B type UB
[V] checking synced queue
[V] [CHECK_DATA] 0xffff87858110 0x100 B type UB
[V] data matched whole 0xffff87858010 0x600 stat 1
[V] [DATA_MARK] 0xffff87858110 0x100 B type UB mark read
[V] checking pending queue
[V] [CHECK_DATA] 0xffff87858110 0x100 B type UB
[V] [CHECK_TBUF] 0xffff87858110 0x100 B type UB
[V] allocation buffer match result 0
[V] read  data 0xffff87858310 0x100 B type UB
[V] checking synced queue
[V] [CHECK_DATA] 0xffff87858310 0x100 B type UB
[V] data matched whole 0xffff87858010 0x600 stat 1
[V] [DATA_MARK] 0xffff87858310 0x100 B type UB mark read
[V] [DATA_MARK] 0xffff87858310 0x100 B type UB mark read
[V] checking pending queue
[V] [CHECK_DATA] 0xffff87858310 0x100 B type UB
[V] [CHECK_TBUF] 0xffff87858310 0x100 B type UB
[V] allocation buffer match result 0
[V] write data 0xffff87858510 0x100 B type UB
[V] checking pending queue
[V] [CHECK_DATA] 0xffff87858510 0x100 B type UB
[V] checking wrote queue
[V] [CHECK_DATA] 0xffff87858510 0x100 B type UB
[V] data matched whole 0xffff87858410 0x200 stat 1
[V] [CHECK_TBUF] 0xffff87858510 0x100 B type UB
[V] allocation buffer match result 0

### set_mask_norm();

[set_mask_norm] unsupported
[S] [RECV_INST] set_mask_norm type 7
[S] [EXECUTE] set_mask_norm type 7

### set_vector_mask((uint64_t)18446744073709551615, (uint64_t)18446744073709551615);

[V] [RECV_INST] set_vector_mask type 6
[V] [EXECUTE] set_vector_mask type 6

### set_flag((pipe_t)PIPE_V, (pipe_t)PIPE_MTE3, (event_t)0);

[V] [RECV_INST] set_flag type 3
[V] [EXECUTE] set_flag type 3
[V] [SYNC_DATA] 0xffff87858510 0x100 B type UB
[V] [send event] on set_flag 1 5 0
[V] -> [MTE3] [GET_DATA] 0xffff87858410 0x200 B stat 1 type UB
[MTE3] [RECV_EVENT] SRC V DST MTE3 EVENT 0
[MTE3] [RECV_DATA] 0xffff87858410 0x200 B stat 1 type UB
[MEMCHEK] Mem[281472955417872]checkNum is 0

### set_flag((pipe_t)PIPE_V, (pipe_t)PIPE_MTE2, (event_t)2);

[V] [RECV_INST] set_flag type 3
[V] [EXECUTE] set_flag type 3
[V] [send event] on set_flag 1 4 2
[V] -> [MTE2] [GET_DATA] 0xffff87858410 0x200 B stat 1 type UB
[MTE2] [RECV_EVENT] SRC V DST MTE2 EVENT 2
[MTE2] [RECV_DATA] 0xffff87858410 0x200 B stat 1 type UB
[ALL] [TBUF_EVENT] FREE 0xffff87858110 0x100 B type UB
[ALL] [TBUF_STAT] ---------- tbuf used stat ----------
    UB USED: 0x200, Rate: 0.195312%
[ALL] [TBUF_STAT] ---------- tbuf used stat ----------
[ALL] [TBUF_STAT] ---------- tbuf init stat ----------
    UB USED: 0x600, Rate: 0.585938%
[ALL] [TBUF_STAT] ---------- tbuf init stat ----------
[MEMCHEK] Mem[281472955416848]checkNum is 0
[MEMCHEK] Mem[281472955416848] is FREE

### set_flag((pipe_t)PIPE_V, (pipe_t)PIPE_MTE2, (event_t)3);

[V] [RECV_INST] set_flag type 3
[V] [EXECUTE] set_flag type 3
[V] [send event] on set_flag 1 4 3
[V] -> [MTE2] [GET_DATA] 0xffff87858410 0x200 B stat 1 type UB
[MTE2] [RECV_EVENT] SRC V DST MTE2 EVENT 3
[MTE2] [RECV_DATA] 0xffff87858410 0x200 B stat 1 type UB
[ALL] [TBUF_EVENT] FREE 0xffff87858310 0x100 B type UB
[ALL] [TBUF_STAT] ---------- tbuf used stat ----------
    UB USED: 0x100, Rate: 0.0976562%
[ALL] [TBUF_STAT] ---------- tbuf used stat ----------
[ALL] [TBUF_STAT] ---------- tbuf init stat ----------
    UB USED: 0x600, Rate: 0.585938%
[ALL] [TBUF_STAT] ---------- tbuf init stat ----------
[MEMCHEK] Mem[281472955417360]checkNum is 0
[MEMCHEK] Mem[281472955417360] is FREE

### wait_flag((pipe_t)PIPE_V, (pipe_t)PIPE_MTE3, (event_t)0);

[MTE3] [RECV_INST] wait_flag type 4
[MTE3] [EXECUTE] wait_flag type 4
[MTE3] [no wait] on wait_flag 1 5 0
[V] [EVENT_CLEAR] send 1 5 0 has been waited
[MEMCHEK] Mem[281472955417872]checkNum is 0

### copy_ubuf_to_gm((__gm__ void*)0xffff8dabd700, (__ubuf__ void*)0xffff87858510, (uint8_t)0, (uint16_t)1, (uint16_t)8, (uint16_t)0, (uint16_t)0);

[MTE3] [RECV_INST] copy_ubuf_to_gm type 0
[MTE3] [EXECUTE] copy_ubuf_to_gm type 0
[MTE3] read  data 0xffff87858510 0x100 B type UB
[MTE3] checking synced queue
[MTE3] [CHECK_DATA] 0xffff87858510 0x100 B type UB
[MTE3] data matched whole 0xffff87858410 0x200 stat 1
[MTE3] [DATA_MARK] 0xffff87858510 0x100 B type UB mark read
[MTE3] checking pending queue
[MTE3] [CHECK_DATA] 0xffff87858510 0x100 B type UB
[MTE3] [CHECK_TBUF] 0xffff87858510 0x100 B type UB
[MTE3] allocation buffer match result 0
[MTE3] write data 0xffff8dabd700 0x100 B type GM
[MTE3] checking pending queue
[MTE3] [CHECK_DATA] 0xffff8dabd700 0x100 B type GM
[MTE3] checking wrote queue
[MTE3] [CHECK_DATA] 0xffff8dabd700 0x100 B type GM
[MTE3] [CHECK_TBUF] 0xffff8dabd700 0x100 B type GM
[MEMCHEK] Mem[281472955417872]checkNum is 0

### set_flag((pipe_t)PIPE_MTE3, (pipe_t)PIPE_V, (event_t)1);

[MTE3] [RECV_INST] set_flag type 3
[MTE3] [EXECUTE] set_flag type 3
[MTE3] [SYNC_DATA] 0xffff8dabd700 0x100 B type GM
[MTE3] [send event] on set_flag 5 1 1
[MTE3] -> [V] [GET_DATA] 0xffff8dabd000 0x800 B stat 1 type GM
[V] [RECV_EVENT] SRC MTE3 DST V EVENT 1
[V] [RECV_DATA] 0xffff8dabd000 0x800 B stat 1 type GM
[ALL] [TBUF_EVENT] FREE 0xffff87858510 0x100 B type UB
[ALL] [TBUF_STAT] ---------- tbuf used stat ----------
[ALL] [TBUF_STAT] ---------- tbuf used stat ----------
[ALL] [TBUF_STAT] ---------- tbuf init stat ----------
    UB USED: 0x600, Rate: 0.585938%
[ALL] [TBUF_STAT] ---------- tbuf init stat ----------
[MEMCHEK] Mem[281472955417872]checkNum is 0
[MEMCHEK] Mem[281472955417872] is FREE

### wait_flag((pipe_t)PIPE_V, (pipe_t)PIPE_MTE2, (event_t)0);

[MTE2] [RECV_INST] wait_flag type 4
[MTE2] [EXECUTE] wait_flag type 4
[MTE2] [no wait] on wait_flag 1 4 0
[V] [EVENT_CLEAR] send 1 4 0 has been waited
[ALL] [TBUF_EVENT] ALLOC 0xffff87858010 0x100 B type UB
[ALL] [TBUF_STAT] ---------- tbuf used stat ----------
    UB USED: 0x100, Rate: 0.0976562%
[ALL] [TBUF_STAT] ---------- tbuf used stat ----------
[ALL] [TBUF_STAT] ---------- tbuf init stat ----------
    UB USED: 0x600, Rate: 0.585938%
[ALL] [TBUF_STAT] ---------- tbuf init stat ----------
[MEMCHEK][CreateMemRecord] addr: 281472955416592len: 256

### wait_flag((pipe_t)PIPE_V, (pipe_t)PIPE_MTE2, (event_t)1);

[MTE2] [RECV_INST] wait_flag type 4
[MTE2] [EXECUTE] wait_flag type 4
[MTE2] [no wait] on wait_flag 1 4 1
[V] [EVENT_CLEAR] send 1 4 1 has been waited
[ALL] [TBUF_EVENT] ALLOC 0xffff87858210 0x100 B type UB
[ALL] [TBUF_STAT] ---------- tbuf used stat ----------
    UB USED: 0x200, Rate: 0.195312%
[ALL] [TBUF_STAT] ---------- tbuf used stat ----------
[ALL] [TBUF_STAT] ---------- tbuf init stat ----------
    UB USED: 0x600, Rate: 0.585938%
[ALL] [TBUF_STAT] ---------- tbuf init stat ----------
[MEMCHEK][CreateMemRecord] addr: 281472955417104len: 256

### copy_gm_to_ubuf((__ubuf__ void*)0xffff87858010, (__gm__ void*)0xffff8ed3d800, (uint8_t)0, (uint16_t)1, (uint16_t)8, (uint16_t)0, (uint16_t)0);

[MTE2] [RECV_INST] copy_gm_to_ubuf type 0
[MTE2] [EXECUTE] copy_gm_to_ubuf type 0
[MTE2] read  data 0xffff8ed3d800 0x100 B type GM
[MTE2] [DATA_MARK] 0xffff8ed3d800 0x100 B type GM mark read
[MTE2] write data 0xffff87858010 0x100 B type UB
[MTE2] checking pending queue
[MTE2] [CHECK_DATA] 0xffff87858010 0x100 B type UB
[MTE2] checking wrote queue
[MTE2] [CHECK_DATA] 0xffff87858010 0x100 B type UB
[MTE2] data matched whole 0xffff87858010 0x400 stat 1
[MTE2] [CHECK_TBUF] 0xffff87858010 0x100 B type UB
[MTE2] allocation buffer match result 0
[MEMCHEK] Mem[281472955416592]checkNum is 0

### copy_gm_to_ubuf((__ubuf__ void*)0xffff87858210, (__gm__ void*)0xffff8e0ad800, (uint8_t)0, (uint16_t)1, (uint16_t)8, (uint16_t)0, (uint16_t)0);

[MTE2] [RECV_INST] copy_gm_to_ubuf type 0
[MTE2] [EXECUTE] copy_gm_to_ubuf type 0
[MTE2] read  data 0xffff8e0ad800 0x100 B type GM
[MTE2] [DATA_MARK] 0xffff8e0ad800 0x100 B type GM mark read
[MTE2] write data 0xffff87858210 0x100 B type UB
[MTE2] checking pending queue
[MTE2] [CHECK_DATA] 0xffff87858210 0x100 B type UB
[MTE2] checking wrote queue
[MTE2] [CHECK_DATA] 0xffff87858210 0x100 B type UB
[MTE2] data matched whole 0xffff87858010 0x400 stat 1
[MTE2] [CHECK_TBUF] 0xffff87858210 0x100 B type UB
[MTE2] allocation buffer match result 0
[MEMCHEK] Mem[281472955417104]checkNum is 0

### set_flag((pipe_t)PIPE_MTE2, (pipe_t)PIPE_V, (event_t)0);

[MTE2] [RECV_INST] set_flag type 3
[MTE2] [EXECUTE] set_flag type 3
[MTE2] [SYNC_DATA] 0xffff87858010 0x100 B type UB
[MTE2] [SYNC_DATA] 0xffff87858210 0x100 B type UB
[MTE2] [send event] on set_flag 4 1 0
[MTE2] -> [V] [GET_DATA] 0xffff87858010 0x400 B stat 1 type UB
[MTE2] -> [V] [GET_DATA] 0xffff87858210 0x200 B stat 1 type UB
[V] [RECV_EVENT] SRC MTE2 DST V EVENT 0
[V] [RECV_DATA] 0xffff87858010 0x400 B stat 1 type UB
[V] [RECV_DATA] 0xffff87858210 0x200 B stat 1 type UB
[MEMCHEK] Mem[281472955416592]checkNum is 0

### set_flag((pipe_t)PIPE_MTE2, (pipe_t)PIPE_V, (event_t)1);

[MTE2] [RECV_INST] set_flag type 3
[MTE2] [EXECUTE] set_flag type 3
[MTE2] [send event] on set_flag 4 1 1
[MTE2] -> [V] [GET_DATA] 0xffff87858010 0x400 B stat 1 type UB
[MTE2] -> [V] [GET_DATA] 0xffff87858210 0x200 B stat 1 type UB
[V] [RECV_EVENT] SRC MTE2 DST V EVENT 1
[V] [RECV_DATA] 0xffff87858010 0x400 B stat 1 type UB
[V] [RECV_DATA] 0xffff87858210 0x200 B stat 1 type UB
[MEMCHEK] Mem[281472955417104]checkNum is 0

### wait_flag((pipe_t)PIPE_MTE2, (pipe_t)PIPE_V, (event_t)0);

[V] [RECV_INST] wait_flag type 4
[V] [EXECUTE] wait_flag type 4
[V] [no wait] on wait_flag 4 1 0
[MTE2] [EVENT_CLEAR] send 4 1 0 has been waited
[MEMCHEK] Mem[281472955416592]checkNum is 0

### wait_flag((pipe_t)PIPE_MTE2, (pipe_t)PIPE_V, (event_t)1);

[V] [RECV_INST] wait_flag type 4
[V] [EXECUTE] wait_flag type 4
[V] [no wait] on wait_flag 4 1 1
[MTE2] [EVENT_CLEAR] send 4 1 1 has been waited
[MEMCHEK] Mem[281472955417104]checkNum is 0

### wait_flag((pipe_t)PIPE_MTE3, (pipe_t)PIPE_V, (event_t)0);

[V] [RECV_INST] wait_flag type 4
[V] [EXECUTE] wait_flag type 4
[V] [no wait] on wait_flag 5 1 0
[MTE3] [EVENT_CLEAR] send 5 1 0 has been waited
[ALL] [TBUF_EVENT] ALLOC 0xffff87858410 0x100 B type UB
[ALL] [TBUF_STAT] ---------- tbuf used stat ----------
    UB USED: 0x300, Rate: 0.292969%
[ALL] [TBUF_STAT] ---------- tbuf used stat ----------
[ALL] [TBUF_STAT] ---------- tbuf init stat ----------
    UB USED: 0x600, Rate: 0.585938%
[ALL] [TBUF_STAT] ---------- tbuf init stat ----------
[MEMCHEK][CreateMemRecord] addr: 281472955417616len: 256

### set_mask_count();

[set_mask_count] unsupported
[S] [RECV_INST] set_mask_count type 7
[S] [EXECUTE] set_mask_count type 7

### set_vector_mask((uint64_t)0, (uint64_t)128);

[V] [RECV_INST] set_vector_mask type 6
[V] [EXECUTE] set_vector_mask type 6

### vadd((__ubuf__ half*)0xffff87858410, (__ubuf__ half*)0xffff87858010, (__ubuf__ half*)0xffff87858210, (uint8_t)1, (uint8_t)1, (uint8_t)1, (uint8_t)1, (uint8_t)8, (uint8_t)8, (uint8_t)8);

[V] [RECV_INST] vadd type 1
[V] [EXECUTE] vadd type 1
[MEMCHEK] Mem[281472955416592]checkNum is 0
[MEMCHEK] Mem[281472955417104]checkNum is 0
[MEMCHEK] Mem[281472955417616]checkNum is 0
DataMergeAllOnceAll dataLen: 256
[V] read  data 0xffff87858010 0x100 B type UB
[V] checking synced queue
[V] [CHECK_DATA] 0xffff87858010 0x100 B type UB
[V] data matched whole 0xffff87858010 0x600 stat 1
[V] [DATA_MARK] 0xffff87858010 0x100 B type UB mark read
[V] checking pending queue
[V] [CHECK_DATA] 0xffff87858010 0x100 B type UB
[V] [CHECK_TBUF] 0xffff87858010 0x100 B type UB
[V] allocation buffer match result 0
[V] read  data 0xffff87858210 0x100 B type UB
[V] checking synced queue
[V] [CHECK_DATA] 0xffff87858210 0x100 B type UB
[V] data matched whole 0xffff87858010 0x600 stat 1
[V] [DATA_MARK] 0xffff87858210 0x100 B type UB mark read
[V] [DATA_MARK] 0xffff87858210 0x100 B type UB mark read
[V] checking pending queue
[V] [CHECK_DATA] 0xffff87858210 0x100 B type UB
[V] [CHECK_TBUF] 0xffff87858210 0x100 B type UB
[V] allocation buffer match result 0
[V] write data 0xffff87858410 0x100 B type UB
[V] checking pending queue
[V] [CHECK_DATA] 0xffff87858410 0x100 B type UB
[V] checking wrote queue
[V] [CHECK_DATA] 0xffff87858410 0x100 B type UB
[V] data matched whole 0xffff87858410 0x200 stat 1
[V] [CHECK_TBUF] 0xffff87858410 0x100 B type UB
[V] allocation buffer match result 0

### set_mask_norm();

[set_mask_norm] unsupported
[S] [RECV_INST] set_mask_norm type 7
[S] [EXECUTE] set_mask_norm type 7

### set_vector_mask((uint64_t)18446744073709551615, (uint64_t)18446744073709551615);

[V] [RECV_INST] set_vector_mask type 6
[V] [EXECUTE] set_vector_mask type 6

### set_flag((pipe_t)PIPE_V, (pipe_t)PIPE_MTE3, (event_t)0);

[V] [RECV_INST] set_flag type 3
[V] [EXECUTE] set_flag type 3
[V] [SYNC_DATA] 0xffff87858410 0x100 B type UB
[V] [send event] on set_flag 1 5 0
[V] -> [MTE3] [GET_DATA] 0xffff87858410 0x200 B stat 1 type UB
[MTE3] [RECV_EVENT] SRC V DST MTE3 EVENT 0
[MTE3] [RECV_DATA] 0xffff87858410 0x200 B stat 1 type UB
[MEMCHEK] Mem[281472955417616]checkNum is 0

### set_flag((pipe_t)PIPE_V, (pipe_t)PIPE_MTE2, (event_t)0);

[V] [RECV_INST] set_flag type 3
[V] [EXECUTE] set_flag type 3
[V] [send event] on set_flag 1 4 0
[V] -> [MTE2] [GET_DATA] 0xffff87858410 0x200 B stat 1 type UB
[MTE2] [RECV_EVENT] SRC V DST MTE2 EVENT 0
[MTE2] [RECV_DATA] 0xffff87858410 0x200 B stat 1 type UB
[ALL] [TBUF_EVENT] FREE 0xffff87858010 0x100 B type UB
[ALL] [TBUF_STAT] ---------- tbuf used stat ----------
    UB USED: 0x200, Rate: 0.195312%
[ALL] [TBUF_STAT] ---------- tbuf used stat ----------
[ALL] [TBUF_STAT] ---------- tbuf init stat ----------
    UB USED: 0x600, Rate: 0.585938%
[ALL] [TBUF_STAT] ---------- tbuf init stat ----------
[MEMCHEK] Mem[281472955416592]checkNum is 0
[MEMCHEK] Mem[281472955416592] is FREE

### set_flag((pipe_t)PIPE_V, (pipe_t)PIPE_MTE2, (event_t)1);

[V] [RECV_INST] set_flag type 3
[V] [EXECUTE] set_flag type 3
[V] [send event] on set_flag 1 4 1
[V] -> [MTE2] [GET_DATA] 0xffff87858410 0x200 B stat 1 type UB
[MTE2] [RECV_EVENT] SRC V DST MTE2 EVENT 1
[MTE2] [RECV_DATA] 0xffff87858410 0x200 B stat 1 type UB
[ALL] [TBUF_EVENT] FREE 0xffff87858210 0x100 B type UB
[ALL] [TBUF_STAT] ---------- tbuf used stat ----------
    UB USED: 0x100, Rate: 0.0976562%
[ALL] [TBUF_STAT] ---------- tbuf used stat ----------
[ALL] [TBUF_STAT] ---------- tbuf init stat ----------
    UB USED: 0x600, Rate: 0.585938%
[ALL] [TBUF_STAT] ---------- tbuf init stat ----------
[MEMCHEK] Mem[281472955417104]checkNum is 0
[MEMCHEK] Mem[281472955417104] is FREE

### wait_flag((pipe_t)PIPE_V, (pipe_t)PIPE_MTE3, (event_t)0);

[MTE3] [RECV_INST] wait_flag type 4
[MTE3] [EXECUTE] wait_flag type 4
[MTE3] [no wait] on wait_flag 1 5 0
[V] [EVENT_CLEAR] send 1 5 0 has been waited
[MEMCHEK] Mem[281472955417616]checkNum is 0

### copy_ubuf_to_gm((__gm__ void*)0xffff8dabd800, (__ubuf__ void*)0xffff87858410, (uint8_t)0, (uint16_t)1, (uint16_t)8, (uint16_t)0, (uint16_t)0);

[MTE3] [RECV_INST] copy_ubuf_to_gm type 0
[MTE3] [EXECUTE] copy_ubuf_to_gm type 0
[MTE3] read  data 0xffff87858410 0x100 B type UB
[MTE3] checking synced queue
[MTE3] [CHECK_DATA] 0xffff87858410 0x100 B type UB
[MTE3] data matched whole 0xffff87858410 0x200 stat 1
[MTE3] [DATA_MARK] 0xffff87858410 0x100 B type UB mark read
[MTE3] checking pending queue
[MTE3] [CHECK_DATA] 0xffff87858410 0x100 B type UB
[MTE3] [CHECK_TBUF] 0xffff87858410 0x100 B type UB
[MTE3] allocation buffer match result 0
[MTE3] write data 0xffff8dabd800 0x100 B type GM
[MTE3] checking pending queue
[MTE3] [CHECK_DATA] 0xffff8dabd800 0x100 B type GM
[MTE3] checking wrote queue
[MTE3] [CHECK_DATA] 0xffff8dabd800 0x100 B type GM
[MTE3] [CHECK_TBUF] 0xffff8dabd800 0x100 B type GM
[MEMCHEK] Mem[281472955417616]checkNum is 0

### set_flag((pipe_t)PIPE_MTE3, (pipe_t)PIPE_V, (event_t)0);

[MTE3] [RECV_INST] set_flag type 3
[MTE3] [EXECUTE] set_flag type 3
[MTE3] [SYNC_DATA] 0xffff8dabd800 0x100 B type GM
[MTE3] [send event] on set_flag 5 1 0
[MTE3] -> [V] [GET_DATA] 0xffff8dabd000 0x900 B stat 1 type GM
[V] [RECV_EVENT] SRC MTE3 DST V EVENT 0
[V] [RECV_DATA] 0xffff8dabd000 0x900 B stat 1 type GM
[ALL] [TBUF_EVENT] FREE 0xffff87858410 0x100 B type UB
[ALL] [TBUF_STAT] ---------- tbuf used stat ----------
[ALL] [TBUF_STAT] ---------- tbuf used stat ----------
[ALL] [TBUF_STAT] ---------- tbuf init stat ----------
    UB USED: 0x600, Rate: 0.585938%
[ALL] [TBUF_STAT] ---------- tbuf init stat ----------
[MEMCHEK] Mem[281472955417616]checkNum is 0
[MEMCHEK] Mem[281472955417616] is FREE

### wait_flag((pipe_t)PIPE_V, (pipe_t)PIPE_MTE2, (event_t)2);

[MTE2] [RECV_INST] wait_flag type 4
[MTE2] [EXECUTE] wait_flag type 4
[MTE2] [no wait] on wait_flag 1 4 2
[V] [EVENT_CLEAR] send 1 4 2 has been waited
[ALL] [TBUF_EVENT] ALLOC 0xffff87858110 0x100 B type UB
[ALL] [TBUF_STAT] ---------- tbuf used stat ----------
    UB USED: 0x100, Rate: 0.0976562%
[ALL] [TBUF_STAT] ---------- tbuf used stat ----------
[ALL] [TBUF_STAT] ---------- tbuf init stat ----------
    UB USED: 0x600, Rate: 0.585938%
[ALL] [TBUF_STAT] ---------- tbuf init stat ----------
[MEMCHEK][CreateMemRecord] addr: 281472955416848len: 256

### wait_flag((pipe_t)PIPE_V, (pipe_t)PIPE_MTE2, (event_t)3);

[MTE2] [RECV_INST] wait_flag type 4
[MTE2] [EXECUTE] wait_flag type 4
[MTE2] [no wait] on wait_flag 1 4 3
[V] [EVENT_CLEAR] send 1 4 3 has been waited
[ALL] [TBUF_EVENT] ALLOC 0xffff87858310 0x100 B type UB
[ALL] [TBUF_STAT] ---------- tbuf used stat ----------
    UB USED: 0x200, Rate: 0.195312%
[ALL] [TBUF_STAT] ---------- tbuf used stat ----------
[ALL] [TBUF_STAT] ---------- tbuf init stat ----------
    UB USED: 0x600, Rate: 0.585938%
[ALL] [TBUF_STAT] ---------- tbuf init stat ----------
[MEMCHEK][CreateMemRecord] addr: 281472955417360len: 256

### copy_gm_to_ubuf((__ubuf__ void*)0xffff87858110, (__gm__ void*)0xffff8ed3d900, (uint8_t)0, (uint16_t)1, (uint16_t)8, (uint16_t)0, (uint16_t)0);

[MTE2] [RECV_INST] copy_gm_to_ubuf type 0
[MTE2] [EXECUTE] copy_gm_to_ubuf type 0
[MTE2] read  data 0xffff8ed3d900 0x100 B type GM
[MTE2] [DATA_MARK] 0xffff8ed3d900 0x100 B type GM mark read
[MTE2] write data 0xffff87858110 0x100 B type UB
[MTE2] checking pending queue
[MTE2] [CHECK_DATA] 0xffff87858110 0x100 B type UB
[MTE2] checking wrote queue
[MTE2] [CHECK_DATA] 0xffff87858110 0x100 B type UB
[MTE2] data matched whole 0xffff87858010 0x400 stat 1
[MTE2] [CHECK_TBUF] 0xffff87858110 0x100 B type UB
[MTE2] allocation buffer match result 0
[MEMCHEK] Mem[281472955416848]checkNum is 0

### copy_gm_to_ubuf((__ubuf__ void*)0xffff87858310, (__gm__ void*)0xffff8e0ad900, (uint8_t)0, (uint16_t)1, (uint16_t)8, (uint16_t)0, (uint16_t)0);

[MTE2] [RECV_INST] copy_gm_to_ubuf type 0
[MTE2] [EXECUTE] copy_gm_to_ubuf type 0
[MTE2] read  data 0xffff8e0ad900 0x100 B type GM
[MTE2] [DATA_MARK] 0xffff8e0ad900 0x100 B type GM mark read
[MTE2] write data 0xffff87858310 0x100 B type UB
[MTE2] checking pending queue
[MTE2] [CHECK_DATA] 0xffff87858310 0x100 B type UB
[MTE2] checking wrote queue
[MTE2] [CHECK_DATA] 0xffff87858310 0x100 B type UB
[MTE2] data matched whole 0xffff87858010 0x400 stat 1
[MTE2] [CHECK_TBUF] 0xffff87858310 0x100 B type UB
[MTE2] allocation buffer match result 0
[MEMCHEK] Mem[281472955417360]checkNum is 0

### set_flag((pipe_t)PIPE_MTE2, (pipe_t)PIPE_V, (event_t)0);

[MTE2] [RECV_INST] set_flag type 3
[MTE2] [EXECUTE] set_flag type 3
[MTE2] [SYNC_DATA] 0xffff87858110 0x100 B type UB
[MTE2] [SYNC_DATA] 0xffff87858310 0x100 B type UB
[MTE2] [send event] on set_flag 4 1 0
[MTE2] -> [V] [GET_DATA] 0xffff87858010 0x400 B stat 1 type UB
[MTE2] -> [V] [GET_DATA] 0xffff87858210 0x200 B stat 1 type UB
[V] [RECV_EVENT] SRC MTE2 DST V EVENT 0
[V] [RECV_DATA] 0xffff87858010 0x400 B stat 1 type UB
[V] [RECV_DATA] 0xffff87858210 0x200 B stat 1 type UB
[MEMCHEK] Mem[281472955416848]checkNum is 0

### set_flag((pipe_t)PIPE_MTE2, (pipe_t)PIPE_V, (event_t)1);

[MTE2] [RECV_INST] set_flag type 3
[MTE2] [EXECUTE] set_flag type 3
[MTE2] [send event] on set_flag 4 1 1
[MTE2] -> [V] [GET_DATA] 0xffff87858010 0x400 B stat 1 type UB
[MTE2] -> [V] [GET_DATA] 0xffff87858210 0x200 B stat 1 type UB
[V] [RECV_EVENT] SRC MTE2 DST V EVENT 1
[V] [RECV_DATA] 0xffff87858010 0x400 B stat 1 type UB
[V] [RECV_DATA] 0xffff87858210 0x200 B stat 1 type UB
[MEMCHEK] Mem[281472955417360]checkNum is 0

### wait_flag((pipe_t)PIPE_MTE2, (pipe_t)PIPE_V, (event_t)0);

[V] [RECV_INST] wait_flag type 4
[V] [EXECUTE] wait_flag type 4
[V] [no wait] on wait_flag 4 1 0
[MTE2] [EVENT_CLEAR] send 4 1 0 has been waited
[MEMCHEK] Mem[281472955416848]checkNum is 0

### wait_flag((pipe_t)PIPE_MTE2, (pipe_t)PIPE_V, (event_t)1);

[V] [RECV_INST] wait_flag type 4
[V] [EXECUTE] wait_flag type 4
[V] [no wait] on wait_flag 4 1 1
[MTE2] [EVENT_CLEAR] send 4 1 1 has been waited
[MEMCHEK] Mem[281472955417360]checkNum is 0

### wait_flag((pipe_t)PIPE_MTE3, (pipe_t)PIPE_V, (event_t)1);

[V] [RECV_INST] wait_flag type 4
[V] [EXECUTE] wait_flag type 4
[V] [no wait] on wait_flag 5 1 1
[MTE3] [EVENT_CLEAR] send 5 1 1 has been waited
[ALL] [TBUF_EVENT] ALLOC 0xffff87858510 0x100 B type UB
[ALL] [TBUF_STAT] ---------- tbuf used stat ----------
    UB USED: 0x300, Rate: 0.292969%
[ALL] [TBUF_STAT] ---------- tbuf used stat ----------
[ALL] [TBUF_STAT] ---------- tbuf init stat ----------
    UB USED: 0x600, Rate: 0.585938%
[ALL] [TBUF_STAT] ---------- tbuf init stat ----------
[MEMCHEK][CreateMemRecord] addr: 281472955417872len: 256

### set_mask_count();

[set_mask_count] unsupported
[S] [RECV_INST] set_mask_count type 7
[S] [EXECUTE] set_mask_count type 7

### set_vector_mask((uint64_t)0, (uint64_t)128);

[V] [RECV_INST] set_vector_mask type 6
[V] [EXECUTE] set_vector_mask type 6

### vadd((__ubuf__ half*)0xffff87858510, (__ubuf__ half*)0xffff87858110, (__ubuf__ half*)0xffff87858310, (uint8_t)1, (uint8_t)1, (uint8_t)1, (uint8_t)1, (uint8_t)8, (uint8_t)8, (uint8_t)8);

[V] [RECV_INST] vadd type 1
[V] [EXECUTE] vadd type 1
[MEMCHEK] Mem[281472955416848]checkNum is 0
[MEMCHEK] Mem[281472955417360]checkNum is 0
[MEMCHEK] Mem[281472955417872]checkNum is 0
DataMergeAllOnceAll dataLen: 256
[V] read  data 0xffff87858110 0x100 B type UB
[V] checking synced queue
[V] [CHECK_DATA] 0xffff87858110 0x100 B type UB
[V] data matched whole 0xffff87858010 0x600 stat 1
[V] [DATA_MARK] 0xffff87858110 0x100 B type UB mark read
[V] checking pending queue
[V] [CHECK_DATA] 0xffff87858110 0x100 B type UB
[V] [CHECK_TBUF] 0xffff87858110 0x100 B type UB
[V] allocation buffer match result 0
[V] read  data 0xffff87858310 0x100 B type UB
[V] checking synced queue
[V] [CHECK_DATA] 0xffff87858310 0x100 B type UB
[V] data matched whole 0xffff87858010 0x600 stat 1
[V] [DATA_MARK] 0xffff87858310 0x100 B type UB mark read
[V] [DATA_MARK] 0xffff87858310 0x100 B type UB mark read
[V] checking pending queue
[V] [CHECK_DATA] 0xffff87858310 0x100 B type UB
[V] [CHECK_TBUF] 0xffff87858310 0x100 B type UB
[V] allocation buffer match result 0
[V] write data 0xffff87858510 0x100 B type UB
[V] checking pending queue
[V] [CHECK_DATA] 0xffff87858510 0x100 B type UB
[V] checking wrote queue
[V] [CHECK_DATA] 0xffff87858510 0x100 B type UB
[V] data matched whole 0xffff87858410 0x200 stat 1
[V] [CHECK_TBUF] 0xffff87858510 0x100 B type UB
[V] allocation buffer match result 0

### set_mask_norm();

[set_mask_norm] unsupported
[S] [RECV_INST] set_mask_norm type 7
[S] [EXECUTE] set_mask_norm type 7

### set_vector_mask((uint64_t)18446744073709551615, (uint64_t)18446744073709551615);

[V] [RECV_INST] set_vector_mask type 6
[V] [EXECUTE] set_vector_mask type 6

### set_flag((pipe_t)PIPE_V, (pipe_t)PIPE_MTE3, (event_t)0);

[V] [RECV_INST] set_flag type 3
[V] [EXECUTE] set_flag type 3
[V] [SYNC_DATA] 0xffff87858510 0x100 B type UB
[V] [send event] on set_flag 1 5 0
[V] -> [MTE3] [GET_DATA] 0xffff87858410 0x200 B stat 1 type UB
[MTE3] [RECV_EVENT] SRC V DST MTE3 EVENT 0
[MTE3] [RECV_DATA] 0xffff87858410 0x200 B stat 1 type UB
[MEMCHEK] Mem[281472955417872]checkNum is 0

### set_flag((pipe_t)PIPE_V, (pipe_t)PIPE_MTE2, (event_t)2);

[V] [RECV_INST] set_flag type 3
[V] [EXECUTE] set_flag type 3
[V] [send event] on set_flag 1 4 2
[V] -> [MTE2] [GET_DATA] 0xffff87858410 0x200 B stat 1 type UB
[MTE2] [RECV_EVENT] SRC V DST MTE2 EVENT 2
[MTE2] [RECV_DATA] 0xffff87858410 0x200 B stat 1 type UB
[ALL] [TBUF_EVENT] FREE 0xffff87858110 0x100 B type UB
[ALL] [TBUF_STAT] ---------- tbuf used stat ----------
    UB USED: 0x200, Rate: 0.195312%
[ALL] [TBUF_STAT] ---------- tbuf used stat ----------
[ALL] [TBUF_STAT] ---------- tbuf init stat ----------
    UB USED: 0x600, Rate: 0.585938%
[ALL] [TBUF_STAT] ---------- tbuf init stat ----------
[MEMCHEK] Mem[281472955416848]checkNum is 0
[MEMCHEK] Mem[281472955416848] is FREE

### set_flag((pipe_t)PIPE_V, (pipe_t)PIPE_MTE2, (event_t)3);

[V] [RECV_INST] set_flag type 3
[V] [EXECUTE] set_flag type 3
[V] [send event] on set_flag 1 4 3
[V] -> [MTE2] [GET_DATA] 0xffff87858410 0x200 B stat 1 type UB
[MTE2] [RECV_EVENT] SRC V DST MTE2 EVENT 3
[MTE2] [RECV_DATA] 0xffff87858410 0x200 B stat 1 type UB
[ALL] [TBUF_EVENT] FREE 0xffff87858310 0x100 B type UB
[ALL] [TBUF_STAT] ---------- tbuf used stat ----------
    UB USED: 0x100, Rate: 0.0976562%
[ALL] [TBUF_STAT] ---------- tbuf used stat ----------
[ALL] [TBUF_STAT] ---------- tbuf init stat ----------
    UB USED: 0x600, Rate: 0.585938%
[ALL] [TBUF_STAT] ---------- tbuf init stat ----------
[MEMCHEK] Mem[281472955417360]checkNum is 0
[MEMCHEK] Mem[281472955417360] is FREE

### wait_flag((pipe_t)PIPE_V, (pipe_t)PIPE_MTE3, (event_t)0);

[MTE3] [RECV_INST] wait_flag type 4
[MTE3] [EXECUTE] wait_flag type 4
[MTE3] [no wait] on wait_flag 1 5 0
[V] [EVENT_CLEAR] send 1 5 0 has been waited
[MEMCHEK] Mem[281472955417872]checkNum is 0

### copy_ubuf_to_gm((__gm__ void*)0xffff8dabd900, (__ubuf__ void*)0xffff87858510, (uint8_t)0, (uint16_t)1, (uint16_t)8, (uint16_t)0, (uint16_t)0);

[MTE3] [RECV_INST] copy_ubuf_to_gm type 0
[MTE3] [EXECUTE] copy_ubuf_to_gm type 0
[MTE3] read  data 0xffff87858510 0x100 B type UB
[MTE3] checking synced queue
[MTE3] [CHECK_DATA] 0xffff87858510 0x100 B type UB
[MTE3] data matched whole 0xffff87858410 0x200 stat 1
[MTE3] [DATA_MARK] 0xffff87858510 0x100 B type UB mark read
[MTE3] checking pending queue
[MTE3] [CHECK_DATA] 0xffff87858510 0x100 B type UB
[MTE3] [CHECK_TBUF] 0xffff87858510 0x100 B type UB
[MTE3] allocation buffer match result 0
[MTE3] write data 0xffff8dabd900 0x100 B type GM
[MTE3] checking pending queue
[MTE3] [CHECK_DATA] 0xffff8dabd900 0x100 B type GM
[MTE3] checking wrote queue
[MTE3] [CHECK_DATA] 0xffff8dabd900 0x100 B type GM
[MTE3] [CHECK_TBUF] 0xffff8dabd900 0x100 B type GM
[MEMCHEK] Mem[281472955417872]checkNum is 0

### set_flag((pipe_t)PIPE_MTE3, (pipe_t)PIPE_V, (event_t)1);

[MTE3] [RECV_INST] set_flag type 3
[MTE3] [EXECUTE] set_flag type 3
[MTE3] [SYNC_DATA] 0xffff8dabd900 0x100 B type GM
[MTE3] [send event] on set_flag 5 1 1
[MTE3] -> [V] [GET_DATA] 0xffff8dabd000 0xa00 B stat 1 type GM
[V] [RECV_EVENT] SRC MTE3 DST V EVENT 1
[V] [RECV_DATA] 0xffff8dabd000 0xa00 B stat 1 type GM
[ALL] [TBUF_EVENT] FREE 0xffff87858510 0x100 B type UB
[ALL] [TBUF_STAT] ---------- tbuf used stat ----------
[ALL] [TBUF_STAT] ---------- tbuf used stat ----------
[ALL] [TBUF_STAT] ---------- tbuf init stat ----------
    UB USED: 0x600, Rate: 0.585938%
[ALL] [TBUF_STAT] ---------- tbuf init stat ----------
[MEMCHEK] Mem[281472955417872]checkNum is 0
[MEMCHEK] Mem[281472955417872] is FREE

### wait_flag((pipe_t)PIPE_V, (pipe_t)PIPE_MTE2, (event_t)0);

[MTE2] [RECV_INST] wait_flag type 4
[MTE2] [EXECUTE] wait_flag type 4
[MTE2] [no wait] on wait_flag 1 4 0
[V] [EVENT_CLEAR] send 1 4 0 has been waited
[ALL] [TBUF_EVENT] ALLOC 0xffff87858010 0x100 B type UB
[ALL] [TBUF_STAT] ---------- tbuf used stat ----------
    UB USED: 0x100, Rate: 0.0976562%
[ALL] [TBUF_STAT] ---------- tbuf used stat ----------
[ALL] [TBUF_STAT] ---------- tbuf init stat ----------
    UB USED: 0x600, Rate: 0.585938%
[ALL] [TBUF_STAT] ---------- tbuf init stat ----------
[MEMCHEK][CreateMemRecord] addr: 281472955416592len: 256

### wait_flag((pipe_t)PIPE_V, (pipe_t)PIPE_MTE2, (event_t)1);

[MTE2] [RECV_INST] wait_flag type 4
[MTE2] [EXECUTE] wait_flag type 4
[MTE2] [no wait] on wait_flag 1 4 1
[V] [EVENT_CLEAR] send 1 4 1 has been waited
[ALL] [TBUF_EVENT] ALLOC 0xffff87858210 0x100 B type UB
[ALL] [TBUF_STAT] ---------- tbuf used stat ----------
    UB USED: 0x200, Rate: 0.195312%
[ALL] [TBUF_STAT] ---------- tbuf used stat ----------
[ALL] [TBUF_STAT] ---------- tbuf init stat ----------
    UB USED: 0x600, Rate: 0.585938%
[ALL] [TBUF_STAT] ---------- tbuf init stat ----------
[MEMCHEK][CreateMemRecord] addr: 281472955417104len: 256

### copy_gm_to_ubuf((__ubuf__ void*)0xffff87858010, (__gm__ void*)0xffff8ed3da00, (uint8_t)0, (uint16_t)1, (uint16_t)8, (uint16_t)0, (uint16_t)0);

[MTE2] [RECV_INST] copy_gm_to_ubuf type 0
[MTE2] [EXECUTE] copy_gm_to_ubuf type 0
[MTE2] read  data 0xffff8ed3da00 0x100 B type GM
[MTE2] [DATA_MARK] 0xffff8ed3da00 0x100 B type GM mark read
[MTE2] write data 0xffff87858010 0x100 B type UB
[MTE2] checking pending queue
[MTE2] [CHECK_DATA] 0xffff87858010 0x100 B type UB
[MTE2] checking wrote queue
[MTE2] [CHECK_DATA] 0xffff87858010 0x100 B type UB
[MTE2] data matched whole 0xffff87858010 0x400 stat 1
[MTE2] [CHECK_TBUF] 0xffff87858010 0x100 B type UB
[MTE2] allocation buffer match result 0
[MEMCHEK] Mem[281472955416592]checkNum is 0

### copy_gm_to_ubuf((__ubuf__ void*)0xffff87858210, (__gm__ void*)0xffff8e0ada00, (uint8_t)0, (uint16_t)1, (uint16_t)8, (uint16_t)0, (uint16_t)0);

[MTE2] [RECV_INST] copy_gm_to_ubuf type 0
[MTE2] [EXECUTE] copy_gm_to_ubuf type 0
[MTE2] read  data 0xffff8e0ada00 0x100 B type GM
[MTE2] [DATA_MARK] 0xffff8e0ada00 0x100 B type GM mark read
[MTE2] write data 0xffff87858210 0x100 B type UB
[MTE2] checking pending queue
[MTE2] [CHECK_DATA] 0xffff87858210 0x100 B type UB
[MTE2] checking wrote queue
[MTE2] [CHECK_DATA] 0xffff87858210 0x100 B type UB
[MTE2] data matched whole 0xffff87858010 0x400 stat 1
[MTE2] [CHECK_TBUF] 0xffff87858210 0x100 B type UB
[MTE2] allocation buffer match result 0
[MEMCHEK] Mem[281472955417104]checkNum is 0

### set_flag((pipe_t)PIPE_MTE2, (pipe_t)PIPE_V, (event_t)0);

[MTE2] [RECV_INST] set_flag type 3
[MTE2] [EXECUTE] set_flag type 3
[MTE2] [SYNC_DATA] 0xffff87858010 0x100 B type UB
[MTE2] [SYNC_DATA] 0xffff87858210 0x100 B type UB
[MTE2] [send event] on set_flag 4 1 0
[MTE2] -> [V] [GET_DATA] 0xffff87858010 0x400 B stat 1 type UB
[MTE2] -> [V] [GET_DATA] 0xffff87858210 0x200 B stat 1 type UB
[V] [RECV_EVENT] SRC MTE2 DST V EVENT 0
[V] [RECV_DATA] 0xffff87858010 0x400 B stat 1 type UB
[V] [RECV_DATA] 0xffff87858210 0x200 B stat 1 type UB
[MEMCHEK] Mem[281472955416592]checkNum is 0

### set_flag((pipe_t)PIPE_MTE2, (pipe_t)PIPE_V, (event_t)1);

[MTE2] [RECV_INST] set_flag type 3
[MTE2] [EXECUTE] set_flag type 3
[MTE2] [send event] on set_flag 4 1 1
[MTE2] -> [V] [GET_DATA] 0xffff87858010 0x400 B stat 1 type UB
[MTE2] -> [V] [GET_DATA] 0xffff87858210 0x200 B stat 1 type UB
[V] [RECV_EVENT] SRC MTE2 DST V EVENT 1
[V] [RECV_DATA] 0xffff87858010 0x400 B stat 1 type UB
[V] [RECV_DATA] 0xffff87858210 0x200 B stat 1 type UB
[MEMCHEK] Mem[281472955417104]checkNum is 0

### wait_flag((pipe_t)PIPE_MTE2, (pipe_t)PIPE_V, (event_t)0);

[V] [RECV_INST] wait_flag type 4
[V] [EXECUTE] wait_flag type 4
[V] [no wait] on wait_flag 4 1 0
[MTE2] [EVENT_CLEAR] send 4 1 0 has been waited
[MEMCHEK] Mem[281472955416592]checkNum is 0

### wait_flag((pipe_t)PIPE_MTE2, (pipe_t)PIPE_V, (event_t)1);

[V] [RECV_INST] wait_flag type 4
[V] [EXECUTE] wait_flag type 4
[V] [no wait] on wait_flag 4 1 1
[MTE2] [EVENT_CLEAR] send 4 1 1 has been waited
[MEMCHEK] Mem[281472955417104]checkNum is 0

### wait_flag((pipe_t)PIPE_MTE3, (pipe_t)PIPE_V, (event_t)0);

[V] [RECV_INST] wait_flag type 4
[V] [EXECUTE] wait_flag type 4
[V] [no wait] on wait_flag 5 1 0
[MTE3] [EVENT_CLEAR] send 5 1 0 has been waited
[ALL] [TBUF_EVENT] ALLOC 0xffff87858410 0x100 B type UB
[ALL] [TBUF_STAT] ---------- tbuf used stat ----------
    UB USED: 0x300, Rate: 0.292969%
[ALL] [TBUF_STAT] ---------- tbuf used stat ----------
[ALL] [TBUF_STAT] ---------- tbuf init stat ----------
    UB USED: 0x600, Rate: 0.585938%
[ALL] [TBUF_STAT] ---------- tbuf init stat ----------
[MEMCHEK][CreateMemRecord] addr: 281472955417616len: 256

### set_mask_count();

[set_mask_count] unsupported
[S] [RECV_INST] set_mask_count type 7
[S] [EXECUTE] set_mask_count type 7

### set_vector_mask((uint64_t)0, (uint64_t)128);

[V] [RECV_INST] set_vector_mask type 6
[V] [EXECUTE] set_vector_mask type 6

### vadd((__ubuf__ half*)0xffff87858410, (__ubuf__ half*)0xffff87858010, (__ubuf__ half*)0xffff87858210, (uint8_t)1, (uint8_t)1, (uint8_t)1, (uint8_t)1, (uint8_t)8, (uint8_t)8, (uint8_t)8);

[V] [RECV_INST] vadd type 1
[V] [EXECUTE] vadd type 1
[MEMCHEK] Mem[281472955416592]checkNum is 0
[MEMCHEK] Mem[281472955417104]checkNum is 0
[MEMCHEK] Mem[281472955417616]checkNum is 0
DataMergeAllOnceAll dataLen: 256
[V] read  data 0xffff87858010 0x100 B type UB
[V] checking synced queue
[V] [CHECK_DATA] 0xffff87858010 0x100 B type UB
[V] data matched whole 0xffff87858010 0x600 stat 1
[V] [DATA_MARK] 0xffff87858010 0x100 B type UB mark read
[V] checking pending queue
[V] [CHECK_DATA] 0xffff87858010 0x100 B type UB
[V] [CHECK_TBUF] 0xffff87858010 0x100 B type UB
[V] allocation buffer match result 0
[V] read  data 0xffff87858210 0x100 B type UB
[V] checking synced queue
[V] [CHECK_DATA] 0xffff87858210 0x100 B type UB
[V] data matched whole 0xffff87858010 0x600 stat 1
[V] [DATA_MARK] 0xffff87858210 0x100 B type UB mark read
[V] [DATA_MARK] 0xffff87858210 0x100 B type UB mark read
[V] checking pending queue
[V] [CHECK_DATA] 0xffff87858210 0x100 B type UB
[V] [CHECK_TBUF] 0xffff87858210 0x100 B type UB
[V] allocation buffer match result 0
[V] write data 0xffff87858410 0x100 B type UB
[V] checking pending queue
[V] [CHECK_DATA] 0xffff87858410 0x100 B type UB
[V] checking wrote queue
[V] [CHECK_DATA] 0xffff87858410 0x100 B type UB
[V] data matched whole 0xffff87858410 0x200 stat 1
[V] [CHECK_TBUF] 0xffff87858410 0x100 B type UB
[V] allocation buffer match result 0

### set_mask_norm();

[set_mask_norm] unsupported
[S] [RECV_INST] set_mask_norm type 7
[S] [EXECUTE] set_mask_norm type 7

### set_vector_mask((uint64_t)18446744073709551615, (uint64_t)18446744073709551615);

[V] [RECV_INST] set_vector_mask type 6
[V] [EXECUTE] set_vector_mask type 6

### set_flag((pipe_t)PIPE_V, (pipe_t)PIPE_MTE3, (event_t)0);

[V] [RECV_INST] set_flag type 3
[V] [EXECUTE] set_flag type 3
[V] [SYNC_DATA] 0xffff87858410 0x100 B type UB
[V] [send event] on set_flag 1 5 0
[V] -> [MTE3] [GET_DATA] 0xffff87858410 0x200 B stat 1 type UB
[MTE3] [RECV_EVENT] SRC V DST MTE3 EVENT 0
[MTE3] [RECV_DATA] 0xffff87858410 0x200 B stat 1 type UB
[MEMCHEK] Mem[281472955417616]checkNum is 0

### set_flag((pipe_t)PIPE_V, (pipe_t)PIPE_MTE2, (event_t)0);

[V] [RECV_INST] set_flag type 3
[V] [EXECUTE] set_flag type 3
[V] [send event] on set_flag 1 4 0
[V] -> [MTE2] [GET_DATA] 0xffff87858410 0x200 B stat 1 type UB
[MTE2] [RECV_EVENT] SRC V DST MTE2 EVENT 0
[MTE2] [RECV_DATA] 0xffff87858410 0x200 B stat 1 type UB
[ALL] [TBUF_EVENT] FREE 0xffff87858010 0x100 B type UB
[ALL] [TBUF_STAT] ---------- tbuf used stat ----------
    UB USED: 0x200, Rate: 0.195312%
[ALL] [TBUF_STAT] ---------- tbuf used stat ----------
[ALL] [TBUF_STAT] ---------- tbuf init stat ----------
    UB USED: 0x600, Rate: 0.585938%
[ALL] [TBUF_STAT] ---------- tbuf init stat ----------
[MEMCHEK] Mem[281472955416592]checkNum is 0
[MEMCHEK] Mem[281472955416592] is FREE

### set_flag((pipe_t)PIPE_V, (pipe_t)PIPE_MTE2, (event_t)1);

[V] [RECV_INST] set_flag type 3
[V] [EXECUTE] set_flag type 3
[V] [send event] on set_flag 1 4 1
[V] -> [MTE2] [GET_DATA] 0xffff87858410 0x200 B stat 1 type UB
[MTE2] [RECV_EVENT] SRC V DST MTE2 EVENT 1
[MTE2] [RECV_DATA] 0xffff87858410 0x200 B stat 1 type UB
[ALL] [TBUF_EVENT] FREE 0xffff87858210 0x100 B type UB
[ALL] [TBUF_STAT] ---------- tbuf used stat ----------
    UB USED: 0x100, Rate: 0.0976562%
[ALL] [TBUF_STAT] ---------- tbuf used stat ----------
[ALL] [TBUF_STAT] ---------- tbuf init stat ----------
    UB USED: 0x600, Rate: 0.585938%
[ALL] [TBUF_STAT] ---------- tbuf init stat ----------
[MEMCHEK] Mem[281472955417104]checkNum is 0
[MEMCHEK] Mem[281472955417104] is FREE

### wait_flag((pipe_t)PIPE_V, (pipe_t)PIPE_MTE3, (event_t)0);

[MTE3] [RECV_INST] wait_flag type 4
[MTE3] [EXECUTE] wait_flag type 4
[MTE3] [no wait] on wait_flag 1 5 0
[V] [EVENT_CLEAR] send 1 5 0 has been waited
[MEMCHEK] Mem[281472955417616]checkNum is 0

### copy_ubuf_to_gm((__gm__ void*)0xffff8dabda00, (__ubuf__ void*)0xffff87858410, (uint8_t)0, (uint16_t)1, (uint16_t)8, (uint16_t)0, (uint16_t)0);

[MTE3] [RECV_INST] copy_ubuf_to_gm type 0
[MTE3] [EXECUTE] copy_ubuf_to_gm type 0
[MTE3] read  data 0xffff87858410 0x100 B type UB
[MTE3] checking synced queue
[MTE3] [CHECK_DATA] 0xffff87858410 0x100 B type UB
[MTE3] data matched whole 0xffff87858410 0x200 stat 1
[MTE3] [DATA_MARK] 0xffff87858410 0x100 B type UB mark read
[MTE3] checking pending queue
[MTE3] [CHECK_DATA] 0xffff87858410 0x100 B type UB
[MTE3] [CHECK_TBUF] 0xffff87858410 0x100 B type UB
[MTE3] allocation buffer match result 0
[MTE3] write data 0xffff8dabda00 0x100 B type GM
[MTE3] checking pending queue
[MTE3] [CHECK_DATA] 0xffff8dabda00 0x100 B type GM
[MTE3] checking wrote queue
[MTE3] [CHECK_DATA] 0xffff8dabda00 0x100 B type GM
[MTE3] [CHECK_TBUF] 0xffff8dabda00 0x100 B type GM
[MEMCHEK] Mem[281472955417616]checkNum is 0

### set_flag((pipe_t)PIPE_MTE3, (pipe_t)PIPE_V, (event_t)0);

[MTE3] [RECV_INST] set_flag type 3
[MTE3] [EXECUTE] set_flag type 3
[MTE3] [SYNC_DATA] 0xffff8dabda00 0x100 B type GM
[MTE3] [send event] on set_flag 5 1 0
[MTE3] -> [V] [GET_DATA] 0xffff8dabd000 0xb00 B stat 1 type GM
[V] [RECV_EVENT] SRC MTE3 DST V EVENT 0
[V] [RECV_DATA] 0xffff8dabd000 0xb00 B stat 1 type GM
[ALL] [TBUF_EVENT] FREE 0xffff87858410 0x100 B type UB
[ALL] [TBUF_STAT] ---------- tbuf used stat ----------
[ALL] [TBUF_STAT] ---------- tbuf used stat ----------
[ALL] [TBUF_STAT] ---------- tbuf init stat ----------
    UB USED: 0x600, Rate: 0.585938%
[ALL] [TBUF_STAT] ---------- tbuf init stat ----------
[MEMCHEK] Mem[281472955417616]checkNum is 0
[MEMCHEK] Mem[281472955417616] is FREE

### wait_flag((pipe_t)PIPE_V, (pipe_t)PIPE_MTE2, (event_t)2);

[MTE2] [RECV_INST] wait_flag type 4
[MTE2] [EXECUTE] wait_flag type 4
[MTE2] [no wait] on wait_flag 1 4 2
[V] [EVENT_CLEAR] send 1 4 2 has been waited
[ALL] [TBUF_EVENT] ALLOC 0xffff87858110 0x100 B type UB
[ALL] [TBUF_STAT] ---------- tbuf used stat ----------
    UB USED: 0x100, Rate: 0.0976562%
[ALL] [TBUF_STAT] ---------- tbuf used stat ----------
[ALL] [TBUF_STAT] ---------- tbuf init stat ----------
    UB USED: 0x600, Rate: 0.585938%
[ALL] [TBUF_STAT] ---------- tbuf init stat ----------
[MEMCHEK][CreateMemRecord] addr: 281472955416848len: 256

### wait_flag((pipe_t)PIPE_V, (pipe_t)PIPE_MTE2, (event_t)3);

[MTE2] [RECV_INST] wait_flag type 4
[MTE2] [EXECUTE] wait_flag type 4
[MTE2] [no wait] on wait_flag 1 4 3
[V] [EVENT_CLEAR] send 1 4 3 has been waited
[ALL] [TBUF_EVENT] ALLOC 0xffff87858310 0x100 B type UB
[ALL] [TBUF_STAT] ---------- tbuf used stat ----------
    UB USED: 0x200, Rate: 0.195312%
[ALL] [TBUF_STAT] ---------- tbuf used stat ----------
[ALL] [TBUF_STAT] ---------- tbuf init stat ----------
    UB USED: 0x600, Rate: 0.585938%
[ALL] [TBUF_STAT] ---------- tbuf init stat ----------
[MEMCHEK][CreateMemRecord] addr: 281472955417360len: 256

### copy_gm_to_ubuf((__ubuf__ void*)0xffff87858110, (__gm__ void*)0xffff8ed3db00, (uint8_t)0, (uint16_t)1, (uint16_t)8, (uint16_t)0, (uint16_t)0);

[MTE2] [RECV_INST] copy_gm_to_ubuf type 0
[MTE2] [EXECUTE] copy_gm_to_ubuf type 0
[MTE2] read  data 0xffff8ed3db00 0x100 B type GM
[MTE2] [DATA_MARK] 0xffff8ed3db00 0x100 B type GM mark read
[MTE2] write data 0xffff87858110 0x100 B type UB
[MTE2] checking pending queue
[MTE2] [CHECK_DATA] 0xffff87858110 0x100 B type UB
[MTE2] checking wrote queue
[MTE2] [CHECK_DATA] 0xffff87858110 0x100 B type UB
[MTE2] data matched whole 0xffff87858010 0x400 stat 1
[MTE2] [CHECK_TBUF] 0xffff87858110 0x100 B type UB
[MTE2] allocation buffer match result 0
[MEMCHEK] Mem[281472955416848]checkNum is 0

### copy_gm_to_ubuf((__ubuf__ void*)0xffff87858310, (__gm__ void*)0xffff8e0adb00, (uint8_t)0, (uint16_t)1, (uint16_t)8, (uint16_t)0, (uint16_t)0);

[MTE2] [RECV_INST] copy_gm_to_ubuf type 0
[MTE2] [EXECUTE] copy_gm_to_ubuf type 0
[MTE2] read  data 0xffff8e0adb00 0x100 B type GM
[MTE2] [DATA_MARK] 0xffff8e0adb00 0x100 B type GM mark read
[MTE2] write data 0xffff87858310 0x100 B type UB
[MTE2] checking pending queue
[MTE2] [CHECK_DATA] 0xffff87858310 0x100 B type UB
[MTE2] checking wrote queue
[MTE2] [CHECK_DATA] 0xffff87858310 0x100 B type UB
[MTE2] data matched whole 0xffff87858010 0x400 stat 1
[MTE2] [CHECK_TBUF] 0xffff87858310 0x100 B type UB
[MTE2] allocation buffer match result 0
[MEMCHEK] Mem[281472955417360]checkNum is 0

### set_flag((pipe_t)PIPE_MTE2, (pipe_t)PIPE_V, (event_t)0);

[MTE2] [RECV_INST] set_flag type 3
[MTE2] [EXECUTE] set_flag type 3
[MTE2] [SYNC_DATA] 0xffff87858110 0x100 B type UB
[MTE2] [SYNC_DATA] 0xffff87858310 0x100 B type UB
[MTE2] [send event] on set_flag 4 1 0
[MTE2] -> [V] [GET_DATA] 0xffff87858010 0x400 B stat 1 type UB
[MTE2] -> [V] [GET_DATA] 0xffff87858210 0x200 B stat 1 type UB
[V] [RECV_EVENT] SRC MTE2 DST V EVENT 0
[V] [RECV_DATA] 0xffff87858010 0x400 B stat 1 type UB
[V] [RECV_DATA] 0xffff87858210 0x200 B stat 1 type UB
[MEMCHEK] Mem[281472955416848]checkNum is 0

### set_flag((pipe_t)PIPE_MTE2, (pipe_t)PIPE_V, (event_t)1);

[MTE2] [RECV_INST] set_flag type 3
[MTE2] [EXECUTE] set_flag type 3
[MTE2] [send event] on set_flag 4 1 1
[MTE2] -> [V] [GET_DATA] 0xffff87858010 0x400 B stat 1 type UB
[MTE2] -> [V] [GET_DATA] 0xffff87858210 0x200 B stat 1 type UB
[V] [RECV_EVENT] SRC MTE2 DST V EVENT 1
[V] [RECV_DATA] 0xffff87858010 0x400 B stat 1 type UB
[V] [RECV_DATA] 0xffff87858210 0x200 B stat 1 type UB
[MEMCHEK] Mem[281472955417360]checkNum is 0

### wait_flag((pipe_t)PIPE_MTE2, (pipe_t)PIPE_V, (event_t)0);

[V] [RECV_INST] wait_flag type 4
[V] [EXECUTE] wait_flag type 4
[V] [no wait] on wait_flag 4 1 0
[MTE2] [EVENT_CLEAR] send 4 1 0 has been waited
[MEMCHEK] Mem[281472955416848]checkNum is 0

### wait_flag((pipe_t)PIPE_MTE2, (pipe_t)PIPE_V, (event_t)1);

[V] [RECV_INST] wait_flag type 4
[V] [EXECUTE] wait_flag type 4
[V] [no wait] on wait_flag 4 1 1
[MTE2] [EVENT_CLEAR] send 4 1 1 has been waited
[MEMCHEK] Mem[281472955417360]checkNum is 0

### wait_flag((pipe_t)PIPE_MTE3, (pipe_t)PIPE_V, (event_t)1);

[V] [RECV_INST] wait_flag type 4
[V] [EXECUTE] wait_flag type 4
[V] [no wait] on wait_flag 5 1 1
[MTE3] [EVENT_CLEAR] send 5 1 1 has been waited
[ALL] [TBUF_EVENT] ALLOC 0xffff87858510 0x100 B type UB
[ALL] [TBUF_STAT] ---------- tbuf used stat ----------
    UB USED: 0x300, Rate: 0.292969%
[ALL] [TBUF_STAT] ---------- tbuf used stat ----------
[ALL] [TBUF_STAT] ---------- tbuf init stat ----------
    UB USED: 0x600, Rate: 0.585938%
[ALL] [TBUF_STAT] ---------- tbuf init stat ----------
[MEMCHEK][CreateMemRecord] addr: 281472955417872len: 256

### set_mask_count();

[set_mask_count] unsupported
[S] [RECV_INST] set_mask_count type 7
[S] [EXECUTE] set_mask_count type 7

### set_vector_mask((uint64_t)0, (uint64_t)128);

[V] [RECV_INST] set_vector_mask type 6
[V] [EXECUTE] set_vector_mask type 6

### vadd((__ubuf__ half*)0xffff87858510, (__ubuf__ half*)0xffff87858110, (__ubuf__ half*)0xffff87858310, (uint8_t)1, (uint8_t)1, (uint8_t)1, (uint8_t)1, (uint8_t)8, (uint8_t)8, (uint8_t)8);

[V] [RECV_INST] vadd type 1
[V] [EXECUTE] vadd type 1
[MEMCHEK] Mem[281472955416848]checkNum is 0
[MEMCHEK] Mem[281472955417360]checkNum is 0
[MEMCHEK] Mem[281472955417872]checkNum is 0
DataMergeAllOnceAll dataLen: 256
[V] read  data 0xffff87858110 0x100 B type UB
[V] checking synced queue
[V] [CHECK_DATA] 0xffff87858110 0x100 B type UB
[V] data matched whole 0xffff87858010 0x600 stat 1
[V] [DATA_MARK] 0xffff87858110 0x100 B type UB mark read
[V] checking pending queue
[V] [CHECK_DATA] 0xffff87858110 0x100 B type UB
[V] [CHECK_TBUF] 0xffff87858110 0x100 B type UB
[V] allocation buffer match result 0
[V] read  data 0xffff87858310 0x100 B type UB
[V] checking synced queue
[V] [CHECK_DATA] 0xffff87858310 0x100 B type UB
[V] data matched whole 0xffff87858010 0x600 stat 1
[V] [DATA_MARK] 0xffff87858310 0x100 B type UB mark read
[V] [DATA_MARK] 0xffff87858310 0x100 B type UB mark read
[V] checking pending queue
[V] [CHECK_DATA] 0xffff87858310 0x100 B type UB
[V] [CHECK_TBUF] 0xffff87858310 0x100 B type UB
[V] allocation buffer match result 0
[V] write data 0xffff87858510 0x100 B type UB
[V] checking pending queue
[V] [CHECK_DATA] 0xffff87858510 0x100 B type UB
[V] checking wrote queue
[V] [CHECK_DATA] 0xffff87858510 0x100 B type UB
[V] data matched whole 0xffff87858410 0x200 stat 1
[V] [CHECK_TBUF] 0xffff87858510 0x100 B type UB
[V] allocation buffer match result 0

### set_mask_norm();

[set_mask_norm] unsupported
[S] [RECV_INST] set_mask_norm type 7
[S] [EXECUTE] set_mask_norm type 7

### set_vector_mask((uint64_t)18446744073709551615, (uint64_t)18446744073709551615);

[V] [RECV_INST] set_vector_mask type 6
[V] [EXECUTE] set_vector_mask type 6

### set_flag((pipe_t)PIPE_V, (pipe_t)PIPE_MTE3, (event_t)0);

[V] [RECV_INST] set_flag type 3
[V] [EXECUTE] set_flag type 3
[V] [SYNC_DATA] 0xffff87858510 0x100 B type UB
[V] [send event] on set_flag 1 5 0
[V] -> [MTE3] [GET_DATA] 0xffff87858410 0x200 B stat 1 type UB
[MTE3] [RECV_EVENT] SRC V DST MTE3 EVENT 0
[MTE3] [RECV_DATA] 0xffff87858410 0x200 B stat 1 type UB
[MEMCHEK] Mem[281472955417872]checkNum is 0

### set_flag((pipe_t)PIPE_V, (pipe_t)PIPE_MTE2, (event_t)2);

[V] [RECV_INST] set_flag type 3
[V] [EXECUTE] set_flag type 3
[V] [send event] on set_flag 1 4 2
[V] -> [MTE2] [GET_DATA] 0xffff87858410 0x200 B stat 1 type UB
[MTE2] [RECV_EVENT] SRC V DST MTE2 EVENT 2
[MTE2] [RECV_DATA] 0xffff87858410 0x200 B stat 1 type UB
[ALL] [TBUF_EVENT] FREE 0xffff87858110 0x100 B type UB
[ALL] [TBUF_STAT] ---------- tbuf used stat ----------
    UB USED: 0x200, Rate: 0.195312%
[ALL] [TBUF_STAT] ---------- tbuf used stat ----------
[ALL] [TBUF_STAT] ---------- tbuf init stat ----------
    UB USED: 0x600, Rate: 0.585938%
[ALL] [TBUF_STAT] ---------- tbuf init stat ----------
[MEMCHEK] Mem[281472955416848]checkNum is 0
[MEMCHEK] Mem[281472955416848] is FREE

### set_flag((pipe_t)PIPE_V, (pipe_t)PIPE_MTE2, (event_t)3);

[V] [RECV_INST] set_flag type 3
[V] [EXECUTE] set_flag type 3
[V] [send event] on set_flag 1 4 3
[V] -> [MTE2] [GET_DATA] 0xffff87858410 0x200 B stat 1 type UB
[MTE2] [RECV_EVENT] SRC V DST MTE2 EVENT 3
[MTE2] [RECV_DATA] 0xffff87858410 0x200 B stat 1 type UB
[ALL] [TBUF_EVENT] FREE 0xffff87858310 0x100 B type UB
[ALL] [TBUF_STAT] ---------- tbuf used stat ----------
    UB USED: 0x100, Rate: 0.0976562%
[ALL] [TBUF_STAT] ---------- tbuf used stat ----------
[ALL] [TBUF_STAT] ---------- tbuf init stat ----------
    UB USED: 0x600, Rate: 0.585938%
[ALL] [TBUF_STAT] ---------- tbuf init stat ----------
[MEMCHEK] Mem[281472955417360]checkNum is 0
[MEMCHEK] Mem[281472955417360] is FREE

### wait_flag((pipe_t)PIPE_V, (pipe_t)PIPE_MTE3, (event_t)0);

[MTE3] [RECV_INST] wait_flag type 4
[MTE3] [EXECUTE] wait_flag type 4
[MTE3] [no wait] on wait_flag 1 5 0
[V] [EVENT_CLEAR] send 1 5 0 has been waited
[MEMCHEK] Mem[281472955417872]checkNum is 0

### copy_ubuf_to_gm((__gm__ void*)0xffff8dabdb00, (__ubuf__ void*)0xffff87858510, (uint8_t)0, (uint16_t)1, (uint16_t)8, (uint16_t)0, (uint16_t)0);

[MTE3] [RECV_INST] copy_ubuf_to_gm type 0
[MTE3] [EXECUTE] copy_ubuf_to_gm type 0
[MTE3] read  data 0xffff87858510 0x100 B type UB
[MTE3] checking synced queue
[MTE3] [CHECK_DATA] 0xffff87858510 0x100 B type UB
[MTE3] data matched whole 0xffff87858410 0x200 stat 1
[MTE3] [DATA_MARK] 0xffff87858510 0x100 B type UB mark read
[MTE3] checking pending queue
[MTE3] [CHECK_DATA] 0xffff87858510 0x100 B type UB
[MTE3] [CHECK_TBUF] 0xffff87858510 0x100 B type UB
[MTE3] allocation buffer match result 0
[MTE3] write data 0xffff8dabdb00 0x100 B type GM
[MTE3] checking pending queue
[MTE3] [CHECK_DATA] 0xffff8dabdb00 0x100 B type GM
[MTE3] checking wrote queue
[MTE3] [CHECK_DATA] 0xffff8dabdb00 0x100 B type GM
[MTE3] [CHECK_TBUF] 0xffff8dabdb00 0x100 B type GM
[MEMCHEK] Mem[281472955417872]checkNum is 0

### set_flag((pipe_t)PIPE_MTE3, (pipe_t)PIPE_V, (event_t)1);

[MTE3] [RECV_INST] set_flag type 3
[MTE3] [EXECUTE] set_flag type 3
[MTE3] [SYNC_DATA] 0xffff8dabdb00 0x100 B type GM
[MTE3] [send event] on set_flag 5 1 1
[MTE3] -> [V] [GET_DATA] 0xffff8dabd000 0xc00 B stat 1 type GM
[V] [RECV_EVENT] SRC MTE3 DST V EVENT 1
[V] [RECV_DATA] 0xffff8dabd000 0xc00 B stat 1 type GM
[ALL] [TBUF_EVENT] FREE 0xffff87858510 0x100 B type UB
[ALL] [TBUF_STAT] ---------- tbuf used stat ----------
[ALL] [TBUF_STAT] ---------- tbuf used stat ----------
[ALL] [TBUF_STAT] ---------- tbuf init stat ----------
    UB USED: 0x600, Rate: 0.585938%
[ALL] [TBUF_STAT] ---------- tbuf init stat ----------
[MEMCHEK] Mem[281472955417872]checkNum is 0
[MEMCHEK] Mem[281472955417872] is FREE

### wait_flag((pipe_t)PIPE_V, (pipe_t)PIPE_MTE2, (event_t)0);

[MTE2] [RECV_INST] wait_flag type 4
[MTE2] [EXECUTE] wait_flag type 4
[MTE2] [no wait] on wait_flag 1 4 0
[V] [EVENT_CLEAR] send 1 4 0 has been waited
[ALL] [TBUF_EVENT] ALLOC 0xffff87858010 0x100 B type UB
[ALL] [TBUF_STAT] ---------- tbuf used stat ----------
    UB USED: 0x100, Rate: 0.0976562%
[ALL] [TBUF_STAT] ---------- tbuf used stat ----------
[ALL] [TBUF_STAT] ---------- tbuf init stat ----------
    UB USED: 0x600, Rate: 0.585938%
[ALL] [TBUF_STAT] ---------- tbuf init stat ----------
[MEMCHEK][CreateMemRecord] addr: 281472955416592len: 256

### wait_flag((pipe_t)PIPE_V, (pipe_t)PIPE_MTE2, (event_t)1);

[MTE2] [RECV_INST] wait_flag type 4
[MTE2] [EXECUTE] wait_flag type 4
[MTE2] [no wait] on wait_flag 1 4 1
[V] [EVENT_CLEAR] send 1 4 1 has been waited
[ALL] [TBUF_EVENT] ALLOC 0xffff87858210 0x100 B type UB
[ALL] [TBUF_STAT] ---------- tbuf used stat ----------
    UB USED: 0x200, Rate: 0.195312%
[ALL] [TBUF_STAT] ---------- tbuf used stat ----------
[ALL] [TBUF_STAT] ---------- tbuf init stat ----------
    UB USED: 0x600, Rate: 0.585938%
[ALL] [TBUF_STAT] ---------- tbuf init stat ----------
[MEMCHEK][CreateMemRecord] addr: 281472955417104len: 256

### copy_gm_to_ubuf((__ubuf__ void*)0xffff87858010, (__gm__ void*)0xffff8ed3dc00, (uint8_t)0, (uint16_t)1, (uint16_t)8, (uint16_t)0, (uint16_t)0);

[MTE2] [RECV_INST] copy_gm_to_ubuf type 0
[MTE2] [EXECUTE] copy_gm_to_ubuf type 0
[MTE2] read  data 0xffff8ed3dc00 0x100 B type GM
[MTE2] [DATA_MARK] 0xffff8ed3dc00 0x100 B type GM mark read
[MTE2] write data 0xffff87858010 0x100 B type UB
[MTE2] checking pending queue
[MTE2] [CHECK_DATA] 0xffff87858010 0x100 B type UB
[MTE2] checking wrote queue
[MTE2] [CHECK_DATA] 0xffff87858010 0x100 B type UB
[MTE2] data matched whole 0xffff87858010 0x400 stat 1
[MTE2] [CHECK_TBUF] 0xffff87858010 0x100 B type UB
[MTE2] allocation buffer match result 0
[MEMCHEK] Mem[281472955416592]checkNum is 0

### copy_gm_to_ubuf((__ubuf__ void*)0xffff87858210, (__gm__ void*)0xffff8e0adc00, (uint8_t)0, (uint16_t)1, (uint16_t)8, (uint16_t)0, (uint16_t)0);

[MTE2] [RECV_INST] copy_gm_to_ubuf type 0
[MTE2] [EXECUTE] copy_gm_to_ubuf type 0
[MTE2] read  data 0xffff8e0adc00 0x100 B type GM
[MTE2] [DATA_MARK] 0xffff8e0adc00 0x100 B type GM mark read
[MTE2] write data 0xffff87858210 0x100 B type UB
[MTE2] checking pending queue
[MTE2] [CHECK_DATA] 0xffff87858210 0x100 B type UB
[MTE2] checking wrote queue
[MTE2] [CHECK_DATA] 0xffff87858210 0x100 B type UB
[MTE2] data matched whole 0xffff87858010 0x400 stat 1
[MTE2] [CHECK_TBUF] 0xffff87858210 0x100 B type UB
[MTE2] allocation buffer match result 0
[MEMCHEK] Mem[281472955417104]checkNum is 0

### set_flag((pipe_t)PIPE_MTE2, (pipe_t)PIPE_V, (event_t)0);

[MTE2] [RECV_INST] set_flag type 3
[MTE2] [EXECUTE] set_flag type 3
[MTE2] [SYNC_DATA] 0xffff87858010 0x100 B type UB
[MTE2] [SYNC_DATA] 0xffff87858210 0x100 B type UB
[MTE2] [send event] on set_flag 4 1 0
[MTE2] -> [V] [GET_DATA] 0xffff87858010 0x400 B stat 1 type UB
[MTE2] -> [V] [GET_DATA] 0xffff87858210 0x200 B stat 1 type UB
[V] [RECV_EVENT] SRC MTE2 DST V EVENT 0
[V] [RECV_DATA] 0xffff87858010 0x400 B stat 1 type UB
[V] [RECV_DATA] 0xffff87858210 0x200 B stat 1 type UB
[MEMCHEK] Mem[281472955416592]checkNum is 0

### set_flag((pipe_t)PIPE_MTE2, (pipe_t)PIPE_V, (event_t)1);

[MTE2] [RECV_INST] set_flag type 3
[MTE2] [EXECUTE] set_flag type 3
[MTE2] [send event] on set_flag 4 1 1
[MTE2] -> [V] [GET_DATA] 0xffff87858010 0x400 B stat 1 type UB
[MTE2] -> [V] [GET_DATA] 0xffff87858210 0x200 B stat 1 type UB
[V] [RECV_EVENT] SRC MTE2 DST V EVENT 1
[V] [RECV_DATA] 0xffff87858010 0x400 B stat 1 type UB
[V] [RECV_DATA] 0xffff87858210 0x200 B stat 1 type UB
[MEMCHEK] Mem[281472955417104]checkNum is 0

### wait_flag((pipe_t)PIPE_MTE2, (pipe_t)PIPE_V, (event_t)0);

[V] [RECV_INST] wait_flag type 4
[V] [EXECUTE] wait_flag type 4
[V] [no wait] on wait_flag 4 1 0
[MTE2] [EVENT_CLEAR] send 4 1 0 has been waited
[MEMCHEK] Mem[281472955416592]checkNum is 0

### wait_flag((pipe_t)PIPE_MTE2, (pipe_t)PIPE_V, (event_t)1);

[V] [RECV_INST] wait_flag type 4
[V] [EXECUTE] wait_flag type 4
[V] [no wait] on wait_flag 4 1 1
[MTE2] [EVENT_CLEAR] send 4 1 1 has been waited
[MEMCHEK] Mem[281472955417104]checkNum is 0

### wait_flag((pipe_t)PIPE_MTE3, (pipe_t)PIPE_V, (event_t)0);

[V] [RECV_INST] wait_flag type 4
[V] [EXECUTE] wait_flag type 4
[V] [no wait] on wait_flag 5 1 0
[MTE3] [EVENT_CLEAR] send 5 1 0 has been waited
[ALL] [TBUF_EVENT] ALLOC 0xffff87858410 0x100 B type UB
[ALL] [TBUF_STAT] ---------- tbuf used stat ----------
    UB USED: 0x300, Rate: 0.292969%
[ALL] [TBUF_STAT] ---------- tbuf used stat ----------
[ALL] [TBUF_STAT] ---------- tbuf init stat ----------
    UB USED: 0x600, Rate: 0.585938%
[ALL] [TBUF_STAT] ---------- tbuf init stat ----------
[MEMCHEK][CreateMemRecord] addr: 281472955417616len: 256

### set_mask_count();

[set_mask_count] unsupported
[S] [RECV_INST] set_mask_count type 7
[S] [EXECUTE] set_mask_count type 7

### set_vector_mask((uint64_t)0, (uint64_t)128);

[V] [RECV_INST] set_vector_mask type 6
[V] [EXECUTE] set_vector_mask type 6

### vadd((__ubuf__ half*)0xffff87858410, (__ubuf__ half*)0xffff87858010, (__ubuf__ half*)0xffff87858210, (uint8_t)1, (uint8_t)1, (uint8_t)1, (uint8_t)1, (uint8_t)8, (uint8_t)8, (uint8_t)8);

[V] [RECV_INST] vadd type 1
[V] [EXECUTE] vadd type 1
[MEMCHEK] Mem[281472955416592]checkNum is 0
[MEMCHEK] Mem[281472955417104]checkNum is 0
[MEMCHEK] Mem[281472955417616]checkNum is 0
DataMergeAllOnceAll dataLen: 256
[V] read  data 0xffff87858010 0x100 B type UB
[V] checking synced queue
[V] [CHECK_DATA] 0xffff87858010 0x100 B type UB
[V] data matched whole 0xffff87858010 0x600 stat 1
[V] [DATA_MARK] 0xffff87858010 0x100 B type UB mark read
[V] checking pending queue
[V] [CHECK_DATA] 0xffff87858010 0x100 B type UB
[V] [CHECK_TBUF] 0xffff87858010 0x100 B type UB
[V] allocation buffer match result 0
[V] read  data 0xffff87858210 0x100 B type UB
[V] checking synced queue
[V] [CHECK_DATA] 0xffff87858210 0x100 B type UB
[V] data matched whole 0xffff87858010 0x600 stat 1
[V] [DATA_MARK] 0xffff87858210 0x100 B type UB mark read
[V] [DATA_MARK] 0xffff87858210 0x100 B type UB mark read
[V] checking pending queue
[V] [CHECK_DATA] 0xffff87858210 0x100 B type UB
[V] [CHECK_TBUF] 0xffff87858210 0x100 B type UB
[V] allocation buffer match result 0
[V] write data 0xffff87858410 0x100 B type UB
[V] checking pending queue
[V] [CHECK_DATA] 0xffff87858410 0x100 B type UB
[V] checking wrote queue
[V] [CHECK_DATA] 0xffff87858410 0x100 B type UB
[V] data matched whole 0xffff87858410 0x200 stat 1
[V] [CHECK_TBUF] 0xffff87858410 0x100 B type UB
[V] allocation buffer match result 0

### set_mask_norm();

[set_mask_norm] unsupported
[S] [RECV_INST] set_mask_norm type 7
[S] [EXECUTE] set_mask_norm type 7

### set_vector_mask((uint64_t)18446744073709551615, (uint64_t)18446744073709551615);

[V] [RECV_INST] set_vector_mask type 6
[V] [EXECUTE] set_vector_mask type 6

### set_flag((pipe_t)PIPE_V, (pipe_t)PIPE_MTE3, (event_t)0);

[V] [RECV_INST] set_flag type 3
[V] [EXECUTE] set_flag type 3
[V] [SYNC_DATA] 0xffff87858410 0x100 B type UB
[V] [send event] on set_flag 1 5 0
[V] -> [MTE3] [GET_DATA] 0xffff87858410 0x200 B stat 1 type UB
[MTE3] [RECV_EVENT] SRC V DST MTE3 EVENT 0
[MTE3] [RECV_DATA] 0xffff87858410 0x200 B stat 1 type UB
[MEMCHEK] Mem[281472955417616]checkNum is 0

### set_flag((pipe_t)PIPE_V, (pipe_t)PIPE_MTE2, (event_t)0);

[V] [RECV_INST] set_flag type 3
[V] [EXECUTE] set_flag type 3
[V] [send event] on set_flag 1 4 0
[V] -> [MTE2] [GET_DATA] 0xffff87858410 0x200 B stat 1 type UB
[MTE2] [RECV_EVENT] SRC V DST MTE2 EVENT 0
[MTE2] [RECV_DATA] 0xffff87858410 0x200 B stat 1 type UB
[ALL] [TBUF_EVENT] FREE 0xffff87858010 0x100 B type UB
[ALL] [TBUF_STAT] ---------- tbuf used stat ----------
    UB USED: 0x200, Rate: 0.195312%
[ALL] [TBUF_STAT] ---------- tbuf used stat ----------
[ALL] [TBUF_STAT] ---------- tbuf init stat ----------
    UB USED: 0x600, Rate: 0.585938%
[ALL] [TBUF_STAT] ---------- tbuf init stat ----------
[MEMCHEK] Mem[281472955416592]checkNum is 0
[MEMCHEK] Mem[281472955416592] is FREE

### set_flag((pipe_t)PIPE_V, (pipe_t)PIPE_MTE2, (event_t)1);

[V] [RECV_INST] set_flag type 3
[V] [EXECUTE] set_flag type 3
[V] [send event] on set_flag 1 4 1
[V] -> [MTE2] [GET_DATA] 0xffff87858410 0x200 B stat 1 type UB
[MTE2] [RECV_EVENT] SRC V DST MTE2 EVENT 1
[MTE2] [RECV_DATA] 0xffff87858410 0x200 B stat 1 type UB
[ALL] [TBUF_EVENT] FREE 0xffff87858210 0x100 B type UB
[ALL] [TBUF_STAT] ---------- tbuf used stat ----------
    UB USED: 0x100, Rate: 0.0976562%
[ALL] [TBUF_STAT] ---------- tbuf used stat ----------
[ALL] [TBUF_STAT] ---------- tbuf init stat ----------
    UB USED: 0x600, Rate: 0.585938%
[ALL] [TBUF_STAT] ---------- tbuf init stat ----------
[MEMCHEK] Mem[281472955417104]checkNum is 0
[MEMCHEK] Mem[281472955417104] is FREE

### wait_flag((pipe_t)PIPE_V, (pipe_t)PIPE_MTE3, (event_t)0);

[MTE3] [RECV_INST] wait_flag type 4
[MTE3] [EXECUTE] wait_flag type 4
[MTE3] [no wait] on wait_flag 1 5 0
[V] [EVENT_CLEAR] send 1 5 0 has been waited
[MEMCHEK] Mem[281472955417616]checkNum is 0

### copy_ubuf_to_gm((__gm__ void*)0xffff8dabdc00, (__ubuf__ void*)0xffff87858410, (uint8_t)0, (uint16_t)1, (uint16_t)8, (uint16_t)0, (uint16_t)0);

[MTE3] [RECV_INST] copy_ubuf_to_gm type 0
[MTE3] [EXECUTE] copy_ubuf_to_gm type 0
[MTE3] read  data 0xffff87858410 0x100 B type UB
[MTE3] checking synced queue
[MTE3] [CHECK_DATA] 0xffff87858410 0x100 B type UB
[MTE3] data matched whole 0xffff87858410 0x200 stat 1
[MTE3] [DATA_MARK] 0xffff87858410 0x100 B type UB mark read
[MTE3] checking pending queue
[MTE3] [CHECK_DATA] 0xffff87858410 0x100 B type UB
[MTE3] [CHECK_TBUF] 0xffff87858410 0x100 B type UB
[MTE3] allocation buffer match result 0
[MTE3] write data 0xffff8dabdc00 0x100 B type GM
[MTE3] checking pending queue
[MTE3] [CHECK_DATA] 0xffff8dabdc00 0x100 B type GM
[MTE3] checking wrote queue
[MTE3] [CHECK_DATA] 0xffff8dabdc00 0x100 B type GM
[MTE3] [CHECK_TBUF] 0xffff8dabdc00 0x100 B type GM
[MEMCHEK] Mem[281472955417616]checkNum is 0

### set_flag((pipe_t)PIPE_MTE3, (pipe_t)PIPE_V, (event_t)0);

[MTE3] [RECV_INST] set_flag type 3
[MTE3] [EXECUTE] set_flag type 3
[MTE3] [SYNC_DATA] 0xffff8dabdc00 0x100 B type GM
[MTE3] [send event] on set_flag 5 1 0
[MTE3] -> [V] [GET_DATA] 0xffff8dabd000 0xd00 B stat 1 type GM
[V] [RECV_EVENT] SRC MTE3 DST V EVENT 0
[V] [RECV_DATA] 0xffff8dabd000 0xd00 B stat 1 type GM
[ALL] [TBUF_EVENT] FREE 0xffff87858410 0x100 B type UB
[ALL] [TBUF_STAT] ---------- tbuf used stat ----------
[ALL] [TBUF_STAT] ---------- tbuf used stat ----------
[ALL] [TBUF_STAT] ---------- tbuf init stat ----------
    UB USED: 0x600, Rate: 0.585938%
[ALL] [TBUF_STAT] ---------- tbuf init stat ----------
[MEMCHEK] Mem[281472955417616]checkNum is 0
[MEMCHEK] Mem[281472955417616] is FREE

### wait_flag((pipe_t)PIPE_V, (pipe_t)PIPE_MTE2, (event_t)2);

[MTE2] [RECV_INST] wait_flag type 4
[MTE2] [EXECUTE] wait_flag type 4
[MTE2] [no wait] on wait_flag 1 4 2
[V] [EVENT_CLEAR] send 1 4 2 has been waited
[ALL] [TBUF_EVENT] ALLOC 0xffff87858110 0x100 B type UB
[ALL] [TBUF_STAT] ---------- tbuf used stat ----------
    UB USED: 0x100, Rate: 0.0976562%
[ALL] [TBUF_STAT] ---------- tbuf used stat ----------
[ALL] [TBUF_STAT] ---------- tbuf init stat ----------
    UB USED: 0x600, Rate: 0.585938%
[ALL] [TBUF_STAT] ---------- tbuf init stat ----------
[MEMCHEK][CreateMemRecord] addr: 281472955416848len: 256

### wait_flag((pipe_t)PIPE_V, (pipe_t)PIPE_MTE2, (event_t)3);

[MTE2] [RECV_INST] wait_flag type 4
[MTE2] [EXECUTE] wait_flag type 4
[MTE2] [no wait] on wait_flag 1 4 3
[V] [EVENT_CLEAR] send 1 4 3 has been waited
[ALL] [TBUF_EVENT] ALLOC 0xffff87858310 0x100 B type UB
[ALL] [TBUF_STAT] ---------- tbuf used stat ----------
    UB USED: 0x200, Rate: 0.195312%
[ALL] [TBUF_STAT] ---------- tbuf used stat ----------
[ALL] [TBUF_STAT] ---------- tbuf init stat ----------
    UB USED: 0x600, Rate: 0.585938%
[ALL] [TBUF_STAT] ---------- tbuf init stat ----------
[MEMCHEK][CreateMemRecord] addr: 281472955417360len: 256

### copy_gm_to_ubuf((__ubuf__ void*)0xffff87858110, (__gm__ void*)0xffff8ed3dd00, (uint8_t)0, (uint16_t)1, (uint16_t)8, (uint16_t)0, (uint16_t)0);

[MTE2] [RECV_INST] copy_gm_to_ubuf type 0
[MTE2] [EXECUTE] copy_gm_to_ubuf type 0
[MTE2] read  data 0xffff8ed3dd00 0x100 B type GM
[MTE2] [DATA_MARK] 0xffff8ed3dd00 0x100 B type GM mark read
[MTE2] write data 0xffff87858110 0x100 B type UB
[MTE2] checking pending queue
[MTE2] [CHECK_DATA] 0xffff87858110 0x100 B type UB
[MTE2] checking wrote queue
[MTE2] [CHECK_DATA] 0xffff87858110 0x100 B type UB
[MTE2] data matched whole 0xffff87858010 0x400 stat 1
[MTE2] [CHECK_TBUF] 0xffff87858110 0x100 B type UB
[MTE2] allocation buffer match result 0
[MEMCHEK] Mem[281472955416848]checkNum is 0

### copy_gm_to_ubuf((__ubuf__ void*)0xffff87858310, (__gm__ void*)0xffff8e0add00, (uint8_t)0, (uint16_t)1, (uint16_t)8, (uint16_t)0, (uint16_t)0);

[MTE2] [RECV_INST] copy_gm_to_ubuf type 0
[MTE2] [EXECUTE] copy_gm_to_ubuf type 0
[MTE2] read  data 0xffff8e0add00 0x100 B type GM
[MTE2] [DATA_MARK] 0xffff8e0add00 0x100 B type GM mark read
[MTE2] write data 0xffff87858310 0x100 B type UB
[MTE2] checking pending queue
[MTE2] [CHECK_DATA] 0xffff87858310 0x100 B type UB
[MTE2] checking wrote queue
[MTE2] [CHECK_DATA] 0xffff87858310 0x100 B type UB
[MTE2] data matched whole 0xffff87858010 0x400 stat 1
[MTE2] [CHECK_TBUF] 0xffff87858310 0x100 B type UB
[MTE2] allocation buffer match result 0
[MEMCHEK] Mem[281472955417360]checkNum is 0

### set_flag((pipe_t)PIPE_MTE2, (pipe_t)PIPE_V, (event_t)0);

[MTE2] [RECV_INST] set_flag type 3
[MTE2] [EXECUTE] set_flag type 3
[MTE2] [SYNC_DATA] 0xffff87858110 0x100 B type UB
[MTE2] [SYNC_DATA] 0xffff87858310 0x100 B type UB
[MTE2] [send event] on set_flag 4 1 0
[MTE2] -> [V] [GET_DATA] 0xffff87858010 0x400 B stat 1 type UB
[MTE2] -> [V] [GET_DATA] 0xffff87858210 0x200 B stat 1 type UB
[V] [RECV_EVENT] SRC MTE2 DST V EVENT 0
[V] [RECV_DATA] 0xffff87858010 0x400 B stat 1 type UB
[V] [RECV_DATA] 0xffff87858210 0x200 B stat 1 type UB
[MEMCHEK] Mem[281472955416848]checkNum is 0

### set_flag((pipe_t)PIPE_MTE2, (pipe_t)PIPE_V, (event_t)1);

[MTE2] [RECV_INST] set_flag type 3
[MTE2] [EXECUTE] set_flag type 3
[MTE2] [send event] on set_flag 4 1 1
[MTE2] -> [V] [GET_DATA] 0xffff87858010 0x400 B stat 1 type UB
[MTE2] -> [V] [GET_DATA] 0xffff87858210 0x200 B stat 1 type UB
[V] [RECV_EVENT] SRC MTE2 DST V EVENT 1
[V] [RECV_DATA] 0xffff87858010 0x400 B stat 1 type UB
[V] [RECV_DATA] 0xffff87858210 0x200 B stat 1 type UB
[MEMCHEK] Mem[281472955417360]checkNum is 0

### wait_flag((pipe_t)PIPE_MTE2, (pipe_t)PIPE_V, (event_t)0);

[V] [RECV_INST] wait_flag type 4
[V] [EXECUTE] wait_flag type 4
[V] [no wait] on wait_flag 4 1 0
[MTE2] [EVENT_CLEAR] send 4 1 0 has been waited
[MEMCHEK] Mem[281472955416848]checkNum is 0

### wait_flag((pipe_t)PIPE_MTE2, (pipe_t)PIPE_V, (event_t)1);

[V] [RECV_INST] wait_flag type 4
[V] [EXECUTE] wait_flag type 4
[V] [no wait] on wait_flag 4 1 1
[MTE2] [EVENT_CLEAR] send 4 1 1 has been waited
[MEMCHEK] Mem[281472955417360]checkNum is 0

### wait_flag((pipe_t)PIPE_MTE3, (pipe_t)PIPE_V, (event_t)1);

[V] [RECV_INST] wait_flag type 4
[V] [EXECUTE] wait_flag type 4
[V] [no wait] on wait_flag 5 1 1
[MTE3] [EVENT_CLEAR] send 5 1 1 has been waited
[ALL] [TBUF_EVENT] ALLOC 0xffff87858510 0x100 B type UB
[ALL] [TBUF_STAT] ---------- tbuf used stat ----------
    UB USED: 0x300, Rate: 0.292969%
[ALL] [TBUF_STAT] ---------- tbuf used stat ----------
[ALL] [TBUF_STAT] ---------- tbuf init stat ----------
    UB USED: 0x600, Rate: 0.585938%
[ALL] [TBUF_STAT] ---------- tbuf init stat ----------
[MEMCHEK][CreateMemRecord] addr: 281472955417872len: 256

### set_mask_count();

[set_mask_count] unsupported
[S] [RECV_INST] set_mask_count type 7
[S] [EXECUTE] set_mask_count type 7

### set_vector_mask((uint64_t)0, (uint64_t)128);

[V] [RECV_INST] set_vector_mask type 6
[V] [EXECUTE] set_vector_mask type 6

### vadd((__ubuf__ half*)0xffff87858510, (__ubuf__ half*)0xffff87858110, (__ubuf__ half*)0xffff87858310, (uint8_t)1, (uint8_t)1, (uint8_t)1, (uint8_t)1, (uint8_t)8, (uint8_t)8, (uint8_t)8);

[V] [RECV_INST] vadd type 1
[V] [EXECUTE] vadd type 1
[MEMCHEK] Mem[281472955416848]checkNum is 0
[MEMCHEK] Mem[281472955417360]checkNum is 0
[MEMCHEK] Mem[281472955417872]checkNum is 0
DataMergeAllOnceAll dataLen: 256
[V] read  data 0xffff87858110 0x100 B type UB
[V] checking synced queue
[V] [CHECK_DATA] 0xffff87858110 0x100 B type UB
[V] data matched whole 0xffff87858010 0x600 stat 1
[V] [DATA_MARK] 0xffff87858110 0x100 B type UB mark read
[V] checking pending queue
[V] [CHECK_DATA] 0xffff87858110 0x100 B type UB
[V] [CHECK_TBUF] 0xffff87858110 0x100 B type UB
[V] allocation buffer match result 0
[V] read  data 0xffff87858310 0x100 B type UB
[V] checking synced queue
[V] [CHECK_DATA] 0xffff87858310 0x100 B type UB
[V] data matched whole 0xffff87858010 0x600 stat 1
[V] [DATA_MARK] 0xffff87858310 0x100 B type UB mark read
[V] [DATA_MARK] 0xffff87858310 0x100 B type UB mark read
[V] checking pending queue
[V] [CHECK_DATA] 0xffff87858310 0x100 B type UB
[V] [CHECK_TBUF] 0xffff87858310 0x100 B type UB
[V] allocation buffer match result 0
[V] write data 0xffff87858510 0x100 B type UB
[V] checking pending queue
[V] [CHECK_DATA] 0xffff87858510 0x100 B type UB
[V] checking wrote queue
[V] [CHECK_DATA] 0xffff87858510 0x100 B type UB
[V] data matched whole 0xffff87858410 0x200 stat 1
[V] [CHECK_TBUF] 0xffff87858510 0x100 B type UB
[V] allocation buffer match result 0

### set_mask_norm();

[set_mask_norm] unsupported
[S] [RECV_INST] set_mask_norm type 7
[S] [EXECUTE] set_mask_norm type 7

### set_vector_mask((uint64_t)18446744073709551615, (uint64_t)18446744073709551615);

[V] [RECV_INST] set_vector_mask type 6
[V] [EXECUTE] set_vector_mask type 6

### set_flag((pipe_t)PIPE_V, (pipe_t)PIPE_MTE3, (event_t)0);

[V] [RECV_INST] set_flag type 3
[V] [EXECUTE] set_flag type 3
[V] [SYNC_DATA] 0xffff87858510 0x100 B type UB
[V] [send event] on set_flag 1 5 0
[V] -> [MTE3] [GET_DATA] 0xffff87858410 0x200 B stat 1 type UB
[MTE3] [RECV_EVENT] SRC V DST MTE3 EVENT 0
[MTE3] [RECV_DATA] 0xffff87858410 0x200 B stat 1 type UB
[MEMCHEK] Mem[281472955417872]checkNum is 0

### set_flag((pipe_t)PIPE_V, (pipe_t)PIPE_MTE2, (event_t)2);

[V] [RECV_INST] set_flag type 3
[V] [EXECUTE] set_flag type 3
[V] [send event] on set_flag 1 4 2
[V] -> [MTE2] [GET_DATA] 0xffff87858410 0x200 B stat 1 type UB
[MTE2] [RECV_EVENT] SRC V DST MTE2 EVENT 2
[MTE2] [RECV_DATA] 0xffff87858410 0x200 B stat 1 type UB
[ALL] [TBUF_EVENT] FREE 0xffff87858110 0x100 B type UB
[ALL] [TBUF_STAT] ---------- tbuf used stat ----------
    UB USED: 0x200, Rate: 0.195312%
[ALL] [TBUF_STAT] ---------- tbuf used stat ----------
[ALL] [TBUF_STAT] ---------- tbuf init stat ----------
    UB USED: 0x600, Rate: 0.585938%
[ALL] [TBUF_STAT] ---------- tbuf init stat ----------
[MEMCHEK] Mem[281472955416848]checkNum is 0
[MEMCHEK] Mem[281472955416848] is FREE

### set_flag((pipe_t)PIPE_V, (pipe_t)PIPE_MTE2, (event_t)3);

[V] [RECV_INST] set_flag type 3
[V] [EXECUTE] set_flag type 3
[V] [send event] on set_flag 1 4 3
[V] -> [MTE2] [GET_DATA] 0xffff87858410 0x200 B stat 1 type UB
[MTE2] [RECV_EVENT] SRC V DST MTE2 EVENT 3
[MTE2] [RECV_DATA] 0xffff87858410 0x200 B stat 1 type UB
[ALL] [TBUF_EVENT] FREE 0xffff87858310 0x100 B type UB
[ALL] [TBUF_STAT] ---------- tbuf used stat ----------
    UB USED: 0x100, Rate: 0.0976562%
[ALL] [TBUF_STAT] ---------- tbuf used stat ----------
[ALL] [TBUF_STAT] ---------- tbuf init stat ----------
    UB USED: 0x600, Rate: 0.585938%
[ALL] [TBUF_STAT] ---------- tbuf init stat ----------
[MEMCHEK] Mem[281472955417360]checkNum is 0
[MEMCHEK] Mem[281472955417360] is FREE

### wait_flag((pipe_t)PIPE_V, (pipe_t)PIPE_MTE3, (event_t)0);

[MTE3] [RECV_INST] wait_flag type 4
[MTE3] [EXECUTE] wait_flag type 4
[MTE3] [no wait] on wait_flag 1 5 0
[V] [EVENT_CLEAR] send 1 5 0 has been waited
[MEMCHEK] Mem[281472955417872]checkNum is 0

### copy_ubuf_to_gm((__gm__ void*)0xffff8dabdd00, (__ubuf__ void*)0xffff87858510, (uint8_t)0, (uint16_t)1, (uint16_t)8, (uint16_t)0, (uint16_t)0);

[MTE3] [RECV_INST] copy_ubuf_to_gm type 0
[MTE3] [EXECUTE] copy_ubuf_to_gm type 0
[MTE3] read  data 0xffff87858510 0x100 B type UB
[MTE3] checking synced queue
[MTE3] [CHECK_DATA] 0xffff87858510 0x100 B type UB
[MTE3] data matched whole 0xffff87858410 0x200 stat 1
[MTE3] [DATA_MARK] 0xffff87858510 0x100 B type UB mark read
[MTE3] checking pending queue
[MTE3] [CHECK_DATA] 0xffff87858510 0x100 B type UB
[MTE3] [CHECK_TBUF] 0xffff87858510 0x100 B type UB
[MTE3] allocation buffer match result 0
[MTE3] write data 0xffff8dabdd00 0x100 B type GM
[MTE3] checking pending queue
[MTE3] [CHECK_DATA] 0xffff8dabdd00 0x100 B type GM
[MTE3] checking wrote queue
[MTE3] [CHECK_DATA] 0xffff8dabdd00 0x100 B type GM
[MTE3] [CHECK_TBUF] 0xffff8dabdd00 0x100 B type GM
[MEMCHEK] Mem[281472955417872]checkNum is 0

### set_flag((pipe_t)PIPE_MTE3, (pipe_t)PIPE_V, (event_t)1);

[MTE3] [RECV_INST] set_flag type 3
[MTE3] [EXECUTE] set_flag type 3
[MTE3] [SYNC_DATA] 0xffff8dabdd00 0x100 B type GM
[MTE3] [send event] on set_flag 5 1 1
[MTE3] -> [V] [GET_DATA] 0xffff8dabd000 0xe00 B stat 1 type GM
[V] [RECV_EVENT] SRC MTE3 DST V EVENT 1
[V] [RECV_DATA] 0xffff8dabd000 0xe00 B stat 1 type GM
[ALL] [TBUF_EVENT] FREE 0xffff87858510 0x100 B type UB
[ALL] [TBUF_STAT] ---------- tbuf used stat ----------
[ALL] [TBUF_STAT] ---------- tbuf used stat ----------
[ALL] [TBUF_STAT] ---------- tbuf init stat ----------
    UB USED: 0x600, Rate: 0.585938%
[ALL] [TBUF_STAT] ---------- tbuf init stat ----------
[MEMCHEK] Mem[281472955417872]checkNum is 0
[MEMCHEK] Mem[281472955417872] is FREE

### wait_flag((pipe_t)PIPE_V, (pipe_t)PIPE_MTE2, (event_t)0);

[MTE2] [RECV_INST] wait_flag type 4
[MTE2] [EXECUTE] wait_flag type 4
[MTE2] [no wait] on wait_flag 1 4 0
[V] [EVENT_CLEAR] send 1 4 0 has been waited
[ALL] [TBUF_EVENT] ALLOC 0xffff87858010 0x100 B type UB
[ALL] [TBUF_STAT] ---------- tbuf used stat ----------
    UB USED: 0x100, Rate: 0.0976562%
[ALL] [TBUF_STAT] ---------- tbuf used stat ----------
[ALL] [TBUF_STAT] ---------- tbuf init stat ----------
    UB USED: 0x600, Rate: 0.585938%
[ALL] [TBUF_STAT] ---------- tbuf init stat ----------
[MEMCHEK][CreateMemRecord] addr: 281472955416592len: 256

### wait_flag((pipe_t)PIPE_V, (pipe_t)PIPE_MTE2, (event_t)1);

[MTE2] [RECV_INST] wait_flag type 4
[MTE2] [EXECUTE] wait_flag type 4
[MTE2] [no wait] on wait_flag 1 4 1
[V] [EVENT_CLEAR] send 1 4 1 has been waited
[ALL] [TBUF_EVENT] ALLOC 0xffff87858210 0x100 B type UB
[ALL] [TBUF_STAT] ---------- tbuf used stat ----------
    UB USED: 0x200, Rate: 0.195312%
[ALL] [TBUF_STAT] ---------- tbuf used stat ----------
[ALL] [TBUF_STAT] ---------- tbuf init stat ----------
    UB USED: 0x600, Rate: 0.585938%
[ALL] [TBUF_STAT] ---------- tbuf init stat ----------
[MEMCHEK][CreateMemRecord] addr: 281472955417104len: 256

### copy_gm_to_ubuf((__ubuf__ void*)0xffff87858010, (__gm__ void*)0xffff8ed3de00, (uint8_t)0, (uint16_t)1, (uint16_t)8, (uint16_t)0, (uint16_t)0);

[MTE2] [RECV_INST] copy_gm_to_ubuf type 0
[MTE2] [EXECUTE] copy_gm_to_ubuf type 0
[MTE2] read  data 0xffff8ed3de00 0x100 B type GM
[MTE2] [DATA_MARK] 0xffff8ed3de00 0x100 B type GM mark read
[MTE2] write data 0xffff87858010 0x100 B type UB
[MTE2] checking pending queue
[MTE2] [CHECK_DATA] 0xffff87858010 0x100 B type UB
[MTE2] checking wrote queue
[MTE2] [CHECK_DATA] 0xffff87858010 0x100 B type UB
[MTE2] data matched whole 0xffff87858010 0x400 stat 1
[MTE2] [CHECK_TBUF] 0xffff87858010 0x100 B type UB
[MTE2] allocation buffer match result 0
[MEMCHEK] Mem[281472955416592]checkNum is 0

### copy_gm_to_ubuf((__ubuf__ void*)0xffff87858210, (__gm__ void*)0xffff8e0ade00, (uint8_t)0, (uint16_t)1, (uint16_t)8, (uint16_t)0, (uint16_t)0);

[MTE2] [RECV_INST] copy_gm_to_ubuf type 0
[MTE2] [EXECUTE] copy_gm_to_ubuf type 0
[MTE2] read  data 0xffff8e0ade00 0x100 B type GM
[MTE2] [DATA_MARK] 0xffff8e0ade00 0x100 B type GM mark read
[MTE2] write data 0xffff87858210 0x100 B type UB
[MTE2] checking pending queue
[MTE2] [CHECK_DATA] 0xffff87858210 0x100 B type UB
[MTE2] checking wrote queue
[MTE2] [CHECK_DATA] 0xffff87858210 0x100 B type UB
[MTE2] data matched whole 0xffff87858010 0x400 stat 1
[MTE2] [CHECK_TBUF] 0xffff87858210 0x100 B type UB
[MTE2] allocation buffer match result 0
[MEMCHEK] Mem[281472955417104]checkNum is 0

### set_flag((pipe_t)PIPE_MTE2, (pipe_t)PIPE_V, (event_t)0);

[MTE2] [RECV_INST] set_flag type 3
[MTE2] [EXECUTE] set_flag type 3
[MTE2] [SYNC_DATA] 0xffff87858010 0x100 B type UB
[MTE2] [SYNC_DATA] 0xffff87858210 0x100 B type UB
[MTE2] [send event] on set_flag 4 1 0
[MTE2] -> [V] [GET_DATA] 0xffff87858010 0x400 B stat 1 type UB
[MTE2] -> [V] [GET_DATA] 0xffff87858210 0x200 B stat 1 type UB
[V] [RECV_EVENT] SRC MTE2 DST V EVENT 0
[V] [RECV_DATA] 0xffff87858010 0x400 B stat 1 type UB
[V] [RECV_DATA] 0xffff87858210 0x200 B stat 1 type UB
[MEMCHEK] Mem[281472955416592]checkNum is 0

### set_flag((pipe_t)PIPE_MTE2, (pipe_t)PIPE_V, (event_t)1);

[MTE2] [RECV_INST] set_flag type 3
[MTE2] [EXECUTE] set_flag type 3
[MTE2] [send event] on set_flag 4 1 1
[MTE2] -> [V] [GET_DATA] 0xffff87858010 0x400 B stat 1 type UB
[MTE2] -> [V] [GET_DATA] 0xffff87858210 0x200 B stat 1 type UB
[V] [RECV_EVENT] SRC MTE2 DST V EVENT 1
[V] [RECV_DATA] 0xffff87858010 0x400 B stat 1 type UB
[V] [RECV_DATA] 0xffff87858210 0x200 B stat 1 type UB
[MEMCHEK] Mem[281472955417104]checkNum is 0

### wait_flag((pipe_t)PIPE_MTE2, (pipe_t)PIPE_V, (event_t)0);

[V] [RECV_INST] wait_flag type 4
[V] [EXECUTE] wait_flag type 4
[V] [no wait] on wait_flag 4 1 0
[MTE2] [EVENT_CLEAR] send 4 1 0 has been waited
[MEMCHEK] Mem[281472955416592]checkNum is 0

### wait_flag((pipe_t)PIPE_MTE2, (pipe_t)PIPE_V, (event_t)1);

[V] [RECV_INST] wait_flag type 4
[V] [EXECUTE] wait_flag type 4
[V] [no wait] on wait_flag 4 1 1
[MTE2] [EVENT_CLEAR] send 4 1 1 has been waited
[MEMCHEK] Mem[281472955417104]checkNum is 0

### wait_flag((pipe_t)PIPE_MTE3, (pipe_t)PIPE_V, (event_t)0);

[V] [RECV_INST] wait_flag type 4
[V] [EXECUTE] wait_flag type 4
[V] [no wait] on wait_flag 5 1 0
[MTE3] [EVENT_CLEAR] send 5 1 0 has been waited
[ALL] [TBUF_EVENT] ALLOC 0xffff87858410 0x100 B type UB
[ALL] [TBUF_STAT] ---------- tbuf used stat ----------
    UB USED: 0x300, Rate: 0.292969%
[ALL] [TBUF_STAT] ---------- tbuf used stat ----------
[ALL] [TBUF_STAT] ---------- tbuf init stat ----------
    UB USED: 0x600, Rate: 0.585938%
[ALL] [TBUF_STAT] ---------- tbuf init stat ----------
[MEMCHEK][CreateMemRecord] addr: 281472955417616len: 256

### set_mask_count();

[set_mask_count] unsupported
[S] [RECV_INST] set_mask_count type 7
[S] [EXECUTE] set_mask_count type 7

### set_vector_mask((uint64_t)0, (uint64_t)128);

[V] [RECV_INST] set_vector_mask type 6
[V] [EXECUTE] set_vector_mask type 6

### vadd((__ubuf__ half*)0xffff87858410, (__ubuf__ half*)0xffff87858010, (__ubuf__ half*)0xffff87858210, (uint8_t)1, (uint8_t)1, (uint8_t)1, (uint8_t)1, (uint8_t)8, (uint8_t)8, (uint8_t)8);

[V] [RECV_INST] vadd type 1
[V] [EXECUTE] vadd type 1
[MEMCHEK] Mem[281472955416592]checkNum is 0
[MEMCHEK] Mem[281472955417104]checkNum is 0
[MEMCHEK] Mem[281472955417616]checkNum is 0
DataMergeAllOnceAll dataLen: 256
[V] read  data 0xffff87858010 0x100 B type UB
[V] checking synced queue
[V] [CHECK_DATA] 0xffff87858010 0x100 B type UB
[V] data matched whole 0xffff87858010 0x600 stat 1
[V] [DATA_MARK] 0xffff87858010 0x100 B type UB mark read
[V] checking pending queue
[V] [CHECK_DATA] 0xffff87858010 0x100 B type UB
[V] [CHECK_TBUF] 0xffff87858010 0x100 B type UB
[V] allocation buffer match result 0
[V] read  data 0xffff87858210 0x100 B type UB
[V] checking synced queue
[V] [CHECK_DATA] 0xffff87858210 0x100 B type UB
[V] data matched whole 0xffff87858010 0x600 stat 1
[V] [DATA_MARK] 0xffff87858210 0x100 B type UB mark read
[V] [DATA_MARK] 0xffff87858210 0x100 B type UB mark read
[V] checking pending queue
[V] [CHECK_DATA] 0xffff87858210 0x100 B type UB
[V] [CHECK_TBUF] 0xffff87858210 0x100 B type UB
[V] allocation buffer match result 0
[V] write data 0xffff87858410 0x100 B type UB
[V] checking pending queue
[V] [CHECK_DATA] 0xffff87858410 0x100 B type UB
[V] checking wrote queue
[V] [CHECK_DATA] 0xffff87858410 0x100 B type UB
[V] data matched whole 0xffff87858410 0x200 stat 1
[V] [CHECK_TBUF] 0xffff87858410 0x100 B type UB
[V] allocation buffer match result 0

### set_mask_norm();

[set_mask_norm] unsupported
[S] [RECV_INST] set_mask_norm type 7
[S] [EXECUTE] set_mask_norm type 7

### set_vector_mask((uint64_t)18446744073709551615, (uint64_t)18446744073709551615);

[V] [RECV_INST] set_vector_mask type 6
[V] [EXECUTE] set_vector_mask type 6

### set_flag((pipe_t)PIPE_V, (pipe_t)PIPE_MTE3, (event_t)0);

[V] [RECV_INST] set_flag type 3
[V] [EXECUTE] set_flag type 3
[V] [SYNC_DATA] 0xffff87858410 0x100 B type UB
[V] [send event] on set_flag 1 5 0
[V] -> [MTE3] [GET_DATA] 0xffff87858410 0x200 B stat 1 type UB
[MTE3] [RECV_EVENT] SRC V DST MTE3 EVENT 0
[MTE3] [RECV_DATA] 0xffff87858410 0x200 B stat 1 type UB
[MEMCHEK] Mem[281472955417616]checkNum is 0

### set_flag((pipe_t)PIPE_V, (pipe_t)PIPE_MTE2, (event_t)0);

[V] [RECV_INST] set_flag type 3
[V] [EXECUTE] set_flag type 3
[V] [send event] on set_flag 1 4 0
[V] -> [MTE2] [GET_DATA] 0xffff87858410 0x200 B stat 1 type UB
[MTE2] [RECV_EVENT] SRC V DST MTE2 EVENT 0
[MTE2] [RECV_DATA] 0xffff87858410 0x200 B stat 1 type UB
[ALL] [TBUF_EVENT] FREE 0xffff87858010 0x100 B type UB
[ALL] [TBUF_STAT] ---------- tbuf used stat ----------
    UB USED: 0x200, Rate: 0.195312%
[ALL] [TBUF_STAT] ---------- tbuf used stat ----------
[ALL] [TBUF_STAT] ---------- tbuf init stat ----------
    UB USED: 0x600, Rate: 0.585938%
[ALL] [TBUF_STAT] ---------- tbuf init stat ----------
[MEMCHEK] Mem[281472955416592]checkNum is 0
[MEMCHEK] Mem[281472955416592] is FREE

### set_flag((pipe_t)PIPE_V, (pipe_t)PIPE_MTE2, (event_t)1);

[V] [RECV_INST] set_flag type 3
[V] [EXECUTE] set_flag type 3
[V] [send event] on set_flag 1 4 1
[V] -> [MTE2] [GET_DATA] 0xffff87858410 0x200 B stat 1 type UB
[MTE2] [RECV_EVENT] SRC V DST MTE2 EVENT 1
[MTE2] [RECV_DATA] 0xffff87858410 0x200 B stat 1 type UB
[ALL] [TBUF_EVENT] FREE 0xffff87858210 0x100 B type UB
[ALL] [TBUF_STAT] ---------- tbuf used stat ----------
    UB USED: 0x100, Rate: 0.0976562%
[ALL] [TBUF_STAT] ---------- tbuf used stat ----------
[ALL] [TBUF_STAT] ---------- tbuf init stat ----------
    UB USED: 0x600, Rate: 0.585938%
[ALL] [TBUF_STAT] ---------- tbuf init stat ----------
[MEMCHEK] Mem[281472955417104]checkNum is 0
[MEMCHEK] Mem[281472955417104] is FREE

### wait_flag((pipe_t)PIPE_V, (pipe_t)PIPE_MTE3, (event_t)0);

[MTE3] [RECV_INST] wait_flag type 4
[MTE3] [EXECUTE] wait_flag type 4
[MTE3] [no wait] on wait_flag 1 5 0
[V] [EVENT_CLEAR] send 1 5 0 has been waited
[MEMCHEK] Mem[281472955417616]checkNum is 0

### copy_ubuf_to_gm((__gm__ void*)0xffff8dabde00, (__ubuf__ void*)0xffff87858410, (uint8_t)0, (uint16_t)1, (uint16_t)8, (uint16_t)0, (uint16_t)0);

[MTE3] [RECV_INST] copy_ubuf_to_gm type 0
[MTE3] [EXECUTE] copy_ubuf_to_gm type 0
[MTE3] read  data 0xffff87858410 0x100 B type UB
[MTE3] checking synced queue
[MTE3] [CHECK_DATA] 0xffff87858410 0x100 B type UB
[MTE3] data matched whole 0xffff87858410 0x200 stat 1
[MTE3] [DATA_MARK] 0xffff87858410 0x100 B type UB mark read
[MTE3] checking pending queue
[MTE3] [CHECK_DATA] 0xffff87858410 0x100 B type UB
[MTE3] [CHECK_TBUF] 0xffff87858410 0x100 B type UB
[MTE3] allocation buffer match result 0
[MTE3] write data 0xffff8dabde00 0x100 B type GM
[MTE3] checking pending queue
[MTE3] [CHECK_DATA] 0xffff8dabde00 0x100 B type GM
[MTE3] checking wrote queue
[MTE3] [CHECK_DATA] 0xffff8dabde00 0x100 B type GM
[MTE3] [CHECK_TBUF] 0xffff8dabde00 0x100 B type GM
[MEMCHEK] Mem[281472955417616]checkNum is 0

### set_flag((pipe_t)PIPE_MTE3, (pipe_t)PIPE_V, (event_t)0);

[MTE3] [RECV_INST] set_flag type 3
[MTE3] [EXECUTE] set_flag type 3
[MTE3] [SYNC_DATA] 0xffff8dabde00 0x100 B type GM
[MTE3] [send event] on set_flag 5 1 0
[MTE3] -> [V] [GET_DATA] 0xffff8dabd000 0xf00 B stat 1 type GM
[V] [RECV_EVENT] SRC MTE3 DST V EVENT 0
[V] [RECV_DATA] 0xffff8dabd000 0xf00 B stat 1 type GM
[ALL] [TBUF_EVENT] FREE 0xffff87858410 0x100 B type UB
[ALL] [TBUF_STAT] ---------- tbuf used stat ----------
[ALL] [TBUF_STAT] ---------- tbuf used stat ----------
[ALL] [TBUF_STAT] ---------- tbuf init stat ----------
    UB USED: 0x600, Rate: 0.585938%
[ALL] [TBUF_STAT] ---------- tbuf init stat ----------
[MEMCHEK] Mem[281472955417616]checkNum is 0
[MEMCHEK] Mem[281472955417616] is FREE

### wait_flag((pipe_t)PIPE_V, (pipe_t)PIPE_MTE2, (event_t)2);

[MTE2] [RECV_INST] wait_flag type 4
[MTE2] [EXECUTE] wait_flag type 4
[MTE2] [no wait] on wait_flag 1 4 2
[V] [EVENT_CLEAR] send 1 4 2 has been waited
[ALL] [TBUF_EVENT] ALLOC 0xffff87858110 0x100 B type UB
[ALL] [TBUF_STAT] ---------- tbuf used stat ----------
    UB USED: 0x100, Rate: 0.0976562%
[ALL] [TBUF_STAT] ---------- tbuf used stat ----------
[ALL] [TBUF_STAT] ---------- tbuf init stat ----------
    UB USED: 0x600, Rate: 0.585938%
[ALL] [TBUF_STAT] ---------- tbuf init stat ----------
[MEMCHEK][CreateMemRecord] addr: 281472955416848len: 256

### wait_flag((pipe_t)PIPE_V, (pipe_t)PIPE_MTE2, (event_t)3);

[MTE2] [RECV_INST] wait_flag type 4
[MTE2] [EXECUTE] wait_flag type 4
[MTE2] [no wait] on wait_flag 1 4 3
[V] [EVENT_CLEAR] send 1 4 3 has been waited
[ALL] [TBUF_EVENT] ALLOC 0xffff87858310 0x100 B type UB
[ALL] [TBUF_STAT] ---------- tbuf used stat ----------
    UB USED: 0x200, Rate: 0.195312%
[ALL] [TBUF_STAT] ---------- tbuf used stat ----------
[ALL] [TBUF_STAT] ---------- tbuf init stat ----------
    UB USED: 0x600, Rate: 0.585938%
[ALL] [TBUF_STAT] ---------- tbuf init stat ----------
[MEMCHEK][CreateMemRecord] addr: 281472955417360len: 256

### copy_gm_to_ubuf((__ubuf__ void*)0xffff87858110, (__gm__ void*)0xffff8ed3df00, (uint8_t)0, (uint16_t)1, (uint16_t)8, (uint16_t)0, (uint16_t)0);

[MTE2] [RECV_INST] copy_gm_to_ubuf type 0
[MTE2] [EXECUTE] copy_gm_to_ubuf type 0
[MTE2] read  data 0xffff8ed3df00 0x100 B type GM
[MTE2] [DATA_MARK] 0xffff8ed3df00 0x100 B type GM mark read
[MTE2] write data 0xffff87858110 0x100 B type UB
[MTE2] checking pending queue
[MTE2] [CHECK_DATA] 0xffff87858110 0x100 B type UB
[MTE2] checking wrote queue
[MTE2] [CHECK_DATA] 0xffff87858110 0x100 B type UB
[MTE2] data matched whole 0xffff87858010 0x400 stat 1
[MTE2] [CHECK_TBUF] 0xffff87858110 0x100 B type UB
[MTE2] allocation buffer match result 0
[MEMCHEK] Mem[281472955416848]checkNum is 0

### copy_gm_to_ubuf((__ubuf__ void*)0xffff87858310, (__gm__ void*)0xffff8e0adf00, (uint8_t)0, (uint16_t)1, (uint16_t)8, (uint16_t)0, (uint16_t)0);

[MTE2] [RECV_INST] copy_gm_to_ubuf type 0
[MTE2] [EXECUTE] copy_gm_to_ubuf type 0
[MTE2] read  data 0xffff8e0adf00 0x100 B type GM
[MTE2] [DATA_MARK] 0xffff8e0adf00 0x100 B type GM mark read
[MTE2] write data 0xffff87858310 0x100 B type UB
[MTE2] checking pending queue
[MTE2] [CHECK_DATA] 0xffff87858310 0x100 B type UB
[MTE2] checking wrote queue
[MTE2] [CHECK_DATA] 0xffff87858310 0x100 B type UB
[MTE2] data matched whole 0xffff87858010 0x400 stat 1
[MTE2] [CHECK_TBUF] 0xffff87858310 0x100 B type UB
[MTE2] allocation buffer match result 0
[MEMCHEK] Mem[281472955417360]checkNum is 0

### set_flag((pipe_t)PIPE_MTE2, (pipe_t)PIPE_V, (event_t)0);

[MTE2] [RECV_INST] set_flag type 3
[MTE2] [EXECUTE] set_flag type 3
[MTE2] [SYNC_DATA] 0xffff87858110 0x100 B type UB
[MTE2] [SYNC_DATA] 0xffff87858310 0x100 B type UB
[MTE2] [send event] on set_flag 4 1 0
[MTE2] -> [V] [GET_DATA] 0xffff87858010 0x400 B stat 1 type UB
[MTE2] -> [V] [GET_DATA] 0xffff87858210 0x200 B stat 1 type UB
[V] [RECV_EVENT] SRC MTE2 DST V EVENT 0
[V] [RECV_DATA] 0xffff87858010 0x400 B stat 1 type UB
[V] [RECV_DATA] 0xffff87858210 0x200 B stat 1 type UB
[MEMCHEK] Mem[281472955416848]checkNum is 0

### set_flag((pipe_t)PIPE_MTE2, (pipe_t)PIPE_V, (event_t)1);

[MTE2] [RECV_INST] set_flag type 3
[MTE2] [EXECUTE] set_flag type 3
[MTE2] [send event] on set_flag 4 1 1
[MTE2] -> [V] [GET_DATA] 0xffff87858010 0x400 B stat 1 type UB
[MTE2] -> [V] [GET_DATA] 0xffff87858210 0x200 B stat 1 type UB
[V] [RECV_EVENT] SRC MTE2 DST V EVENT 1
[V] [RECV_DATA] 0xffff87858010 0x400 B stat 1 type UB
[V] [RECV_DATA] 0xffff87858210 0x200 B stat 1 type UB
[MEMCHEK] Mem[281472955417360]checkNum is 0

### wait_flag((pipe_t)PIPE_MTE2, (pipe_t)PIPE_V, (event_t)0);

[V] [RECV_INST] wait_flag type 4
[V] [EXECUTE] wait_flag type 4
[V] [no wait] on wait_flag 4 1 0
[MTE2] [EVENT_CLEAR] send 4 1 0 has been waited
[MEMCHEK] Mem[281472955416848]checkNum is 0

### wait_flag((pipe_t)PIPE_MTE2, (pipe_t)PIPE_V, (event_t)1);

[V] [RECV_INST] wait_flag type 4
[V] [EXECUTE] wait_flag type 4
[V] [no wait] on wait_flag 4 1 1
[MTE2] [EVENT_CLEAR] send 4 1 1 has been waited
[MEMCHEK] Mem[281472955417360]checkNum is 0

### wait_flag((pipe_t)PIPE_MTE3, (pipe_t)PIPE_V, (event_t)1);

[V] [RECV_INST] wait_flag type 4
[V] [EXECUTE] wait_flag type 4
[V] [no wait] on wait_flag 5 1 1
[MTE3] [EVENT_CLEAR] send 5 1 1 has been waited
[ALL] [TBUF_EVENT] ALLOC 0xffff87858510 0x100 B type UB
[ALL] [TBUF_STAT] ---------- tbuf used stat ----------
    UB USED: 0x300, Rate: 0.292969%
[ALL] [TBUF_STAT] ---------- tbuf used stat ----------
[ALL] [TBUF_STAT] ---------- tbuf init stat ----------
    UB USED: 0x600, Rate: 0.585938%
[ALL] [TBUF_STAT] ---------- tbuf init stat ----------
[MEMCHEK][CreateMemRecord] addr: 281472955417872len: 256

### set_mask_count();

[set_mask_count] unsupported
[S] [RECV_INST] set_mask_count type 7
[S] [EXECUTE] set_mask_count type 7

### set_vector_mask((uint64_t)0, (uint64_t)128);

[V] [RECV_INST] set_vector_mask type 6
[V] [EXECUTE] set_vector_mask type 6

### vadd((__ubuf__ half*)0xffff87858510, (__ubuf__ half*)0xffff87858110, (__ubuf__ half*)0xffff87858310, (uint8_t)1, (uint8_t)1, (uint8_t)1, (uint8_t)1, (uint8_t)8, (uint8_t)8, (uint8_t)8);

[V] [RECV_INST] vadd type 1
[V] [EXECUTE] vadd type 1
[MEMCHEK] Mem[281472955416848]checkNum is 0
[MEMCHEK] Mem[281472955417360]checkNum is 0
[MEMCHEK] Mem[281472955417872]checkNum is 0
DataMergeAllOnceAll dataLen: 256
[V] read  data 0xffff87858110 0x100 B type UB
[V] checking synced queue
[V] [CHECK_DATA] 0xffff87858110 0x100 B type UB
[V] data matched whole 0xffff87858010 0x600 stat 1
[V] [DATA_MARK] 0xffff87858110 0x100 B type UB mark read
[V] checking pending queue
[V] [CHECK_DATA] 0xffff87858110 0x100 B type UB
[V] [CHECK_TBUF] 0xffff87858110 0x100 B type UB
[V] allocation buffer match result 0
[V] read  data 0xffff87858310 0x100 B type UB
[V] checking synced queue
[V] [CHECK_DATA] 0xffff87858310 0x100 B type UB
[V] data matched whole 0xffff87858010 0x600 stat 1
[V] [DATA_MARK] 0xffff87858310 0x100 B type UB mark read
[V] [DATA_MARK] 0xffff87858310 0x100 B type UB mark read
[V] checking pending queue
[V] [CHECK_DATA] 0xffff87858310 0x100 B type UB
[V] [CHECK_TBUF] 0xffff87858310 0x100 B type UB
[V] allocation buffer match result 0
[V] write data 0xffff87858510 0x100 B type UB
[V] checking pending queue
[V] [CHECK_DATA] 0xffff87858510 0x100 B type UB
[V] checking wrote queue
[V] [CHECK_DATA] 0xffff87858510 0x100 B type UB
[V] data matched whole 0xffff87858410 0x200 stat 1
[V] [CHECK_TBUF] 0xffff87858510 0x100 B type UB
[V] allocation buffer match result 0

### set_mask_norm();

[set_mask_norm] unsupported
[S] [RECV_INST] set_mask_norm type 7
[S] [EXECUTE] set_mask_norm type 7

### set_vector_mask((uint64_t)18446744073709551615, (uint64_t)18446744073709551615);

[V] [RECV_INST] set_vector_mask type 6
[V] [EXECUTE] set_vector_mask type 6

### set_flag((pipe_t)PIPE_V, (pipe_t)PIPE_MTE3, (event_t)0);

[V] [RECV_INST] set_flag type 3
[V] [EXECUTE] set_flag type 3
[V] [SYNC_DATA] 0xffff87858510 0x100 B type UB
[V] [send event] on set_flag 1 5 0
[V] -> [MTE3] [GET_DATA] 0xffff87858410 0x200 B stat 1 type UB
[MTE3] [RECV_EVENT] SRC V DST MTE3 EVENT 0
[MTE3] [RECV_DATA] 0xffff87858410 0x200 B stat 1 type UB
[MEMCHEK] Mem[281472955417872]checkNum is 0

### set_flag((pipe_t)PIPE_V, (pipe_t)PIPE_MTE2, (event_t)2);

[V] [RECV_INST] set_flag type 3
[V] [EXECUTE] set_flag type 3
[V] [send event] on set_flag 1 4 2
[V] -> [MTE2] [GET_DATA] 0xffff87858410 0x200 B stat 1 type UB
[MTE2] [RECV_EVENT] SRC V DST MTE2 EVENT 2
[MTE2] [RECV_DATA] 0xffff87858410 0x200 B stat 1 type UB
[ALL] [TBUF_EVENT] FREE 0xffff87858110 0x100 B type UB
[ALL] [TBUF_STAT] ---------- tbuf used stat ----------
    UB USED: 0x200, Rate: 0.195312%
[ALL] [TBUF_STAT] ---------- tbuf used stat ----------
[ALL] [TBUF_STAT] ---------- tbuf init stat ----------
    UB USED: 0x600, Rate: 0.585938%
[ALL] [TBUF_STAT] ---------- tbuf init stat ----------
[MEMCHEK] Mem[281472955416848]checkNum is 0
[MEMCHEK] Mem[281472955416848] is FREE

### set_flag((pipe_t)PIPE_V, (pipe_t)PIPE_MTE2, (event_t)3);

[V] [RECV_INST] set_flag type 3
[V] [EXECUTE] set_flag type 3
[V] [send event] on set_flag 1 4 3
[V] -> [MTE2] [GET_DATA] 0xffff87858410 0x200 B stat 1 type UB
[MTE2] [RECV_EVENT] SRC V DST MTE2 EVENT 3
[MTE2] [RECV_DATA] 0xffff87858410 0x200 B stat 1 type UB
[ALL] [TBUF_EVENT] FREE 0xffff87858310 0x100 B type UB
[ALL] [TBUF_STAT] ---------- tbuf used stat ----------
    UB USED: 0x100, Rate: 0.0976562%
[ALL] [TBUF_STAT] ---------- tbuf used stat ----------
[ALL] [TBUF_STAT] ---------- tbuf init stat ----------
    UB USED: 0x600, Rate: 0.585938%
[ALL] [TBUF_STAT] ---------- tbuf init stat ----------
[MEMCHEK] Mem[281472955417360]checkNum is 0
[MEMCHEK] Mem[281472955417360] is FREE

### wait_flag((pipe_t)PIPE_V, (pipe_t)PIPE_MTE3, (event_t)0);

[MTE3] [RECV_INST] wait_flag type 4
[MTE3] [EXECUTE] wait_flag type 4
[MTE3] [no wait] on wait_flag 1 5 0
[V] [EVENT_CLEAR] send 1 5 0 has been waited
[MEMCHEK] Mem[281472955417872]checkNum is 0

### copy_ubuf_to_gm((__gm__ void*)0xffff8dabdf00, (__ubuf__ void*)0xffff87858510, (uint8_t)0, (uint16_t)1, (uint16_t)8, (uint16_t)0, (uint16_t)0);

[MTE3] [RECV_INST] copy_ubuf_to_gm type 0
[MTE3] [EXECUTE] copy_ubuf_to_gm type 0
[MTE3] read  data 0xffff87858510 0x100 B type UB
[MTE3] checking synced queue
[MTE3] [CHECK_DATA] 0xffff87858510 0x100 B type UB
[MTE3] data matched whole 0xffff87858410 0x200 stat 1
[MTE3] [DATA_MARK] 0xffff87858510 0x100 B type UB mark read
[MTE3] checking pending queue
[MTE3] [CHECK_DATA] 0xffff87858510 0x100 B type UB
[MTE3] [CHECK_TBUF] 0xffff87858510 0x100 B type UB
[MTE3] allocation buffer match result 0
[MTE3] write data 0xffff8dabdf00 0x100 B type GM
[MTE3] checking pending queue
[MTE3] [CHECK_DATA] 0xffff8dabdf00 0x100 B type GM
[MTE3] checking wrote queue
[MTE3] [CHECK_DATA] 0xffff8dabdf00 0x100 B type GM
[MTE3] [CHECK_TBUF] 0xffff8dabdf00 0x100 B type GM
[MEMCHEK] Mem[281472955417872]checkNum is 0

### set_flag((pipe_t)PIPE_MTE3, (pipe_t)PIPE_V, (event_t)1);

[MTE3] [RECV_INST] set_flag type 3
[MTE3] [EXECUTE] set_flag type 3
[MTE3] [SYNC_DATA] 0xffff8dabdf00 0x100 B type GM
[MTE3] [send event] on set_flag 5 1 1
[MTE3] -> [V] [GET_DATA] 0xffff8dabd000 0x1000 B stat 1 type GM
[V] [RECV_EVENT] SRC MTE3 DST V EVENT 1
[V] [RECV_DATA] 0xffff8dabd000 0x1000 B stat 1 type GM
[ALL] [TBUF_EVENT] FREE 0xffff87858510 0x100 B type UB
[ALL] [TBUF_STAT] ---------- tbuf used stat ----------
[ALL] [TBUF_STAT] ---------- tbuf used stat ----------
[ALL] [TBUF_STAT] ---------- tbuf init stat ----------
    UB USED: 0x600, Rate: 0.585938%
[ALL] [TBUF_STAT] ---------- tbuf init stat ----------
[MEMCHEK] Mem[281472955417872]checkNum is 0
[MEMCHEK] Mem[281472955417872] is FREE

### wait_flag((pipe_t)PIPE_V, (pipe_t)PIPE_MTE2, (event_t)0);

[MTE2] [RECV_INST] wait_flag type 4
[MTE2] [EXECUTE] wait_flag type 4
[MTE2] [no wait] on wait_flag 1 4 0
[V] [EVENT_CLEAR] send 1 4 0 has been waited

### wait_flag((pipe_t)PIPE_V, (pipe_t)PIPE_MTE2, (event_t)2);

[MTE2] [RECV_INST] wait_flag type 4
[MTE2] [EXECUTE] wait_flag type 4
[MTE2] [no wait] on wait_flag 1 4 2
[V] [EVENT_CLEAR] send 1 4 2 has been waited

### wait_flag((pipe_t)PIPE_V, (pipe_t)PIPE_MTE2, (event_t)1);

[MTE2] [RECV_INST] wait_flag type 4
[MTE2] [EXECUTE] wait_flag type 4
[MTE2] [no wait] on wait_flag 1 4 1
[V] [EVENT_CLEAR] send 1 4 1 has been waited

### wait_flag((pipe_t)PIPE_V, (pipe_t)PIPE_MTE2, (event_t)3);

[MTE2] [RECV_INST] wait_flag type 4
[MTE2] [EXECUTE] wait_flag type 4
[MTE2] [no wait] on wait_flag 1 4 3
[V] [EVENT_CLEAR] send 1 4 3 has been waited

### wait_flag((pipe_t)PIPE_MTE3, (pipe_t)PIPE_V, (event_t)0);

[V] [RECV_INST] wait_flag type 4
[V] [EXECUTE] wait_flag type 4
[V] [no wait] on wait_flag 5 1 0
[MTE3] [EVENT_CLEAR] send 5 1 0 has been waited

### wait_flag((pipe_t)PIPE_MTE3, (pipe_t)PIPE_V, (event_t)1);

[V] [RECV_INST] wait_flag type 4
[V] [EXECUTE] wait_flag type 4
[V] [no wait] on wait_flag 5 1 1
[MTE3] [EVENT_CLEAR] send 5 1 1 has been waited

### pipe_barrier((pipe_t)PIPE_ALL);

[V] -> [ALL] [GET_DATA] 0xffff87858410 0x200 B stat 1 type UB
[S] [RECV_DATA] 0xffff87858410 0x200 B stat 1 type UB
[M] [RECV_DATA] 0xffff87858410 0x200 B stat 1 type UB
[MTE1] [RECV_DATA] 0xffff87858410 0x200 B stat 1 type UB
[MTE2] [RECV_DATA] 0xffff87858410 0x200 B stat 1 type UB
[MTE3] [RECV_DATA] 0xffff87858410 0x200 B stat 1 type UB
[MTE4] [RECV_DATA] 0xffff87858410 0x200 B stat 1 type UB
[MTE5] [RECV_DATA] 0xffff87858410 0x200 B stat 1 type UB
[V2] [RECV_DATA] 0xffff87858410 0x200 B stat 1 type UB
[FIX] [RECV_DATA] 0xffff87858410 0x200 B stat 1 type UB
[MTE2] -> [ALL] [GET_DATA] 0xffff87858010 0x400 B stat 1 type UB
[MTE2] -> [ALL] [GET_DATA] 0xffff87858210 0x200 B stat 1 type UB
[S] [RECV_DATA] 0xffff87858010 0x400 B stat 1 type UB
[S] [RECV_DATA] 0xffff87858210 0x200 B stat 1 type UB
[V] [RECV_DATA] 0xffff87858010 0x400 B stat 1 type UB
[V] [RECV_DATA] 0xffff87858210 0x200 B stat 1 type UB
[M] [RECV_DATA] 0xffff87858010 0x400 B stat 1 type UB
[M] [RECV_DATA] 0xffff87858210 0x200 B stat 1 type UB
[MTE1] [RECV_DATA] 0xffff87858010 0x400 B stat 1 type UB
[MTE1] [RECV_DATA] 0xffff87858210 0x200 B stat 1 type UB
[MTE3] [RECV_DATA] 0xffff87858010 0x400 B stat 1 type UB
[MTE3] [RECV_DATA] 0xffff87858210 0x200 B stat 1 type UB
[MTE4] [RECV_DATA] 0xffff87858010 0x400 B stat 1 type UB
[MTE4] [RECV_DATA] 0xffff87858210 0x200 B stat 1 type UB
[MTE5] [RECV_DATA] 0xffff87858010 0x400 B stat 1 type UB
[MTE5] [RECV_DATA] 0xffff87858210 0x200 B stat 1 type UB
[V2] [RECV_DATA] 0xffff87858010 0x400 B stat 1 type UB
[V2] [RECV_DATA] 0xffff87858210 0x200 B stat 1 type UB
[FIX] [RECV_DATA] 0xffff87858010 0x400 B stat 1 type UB
[FIX] [RECV_DATA] 0xffff87858210 0x200 B stat 1 type UB
[MTE3] -> [ALL] [GET_DATA] 0xffff8dabd000 0x1000 B stat 1 type GM
[S] [RECV_DATA] 0xffff8dabd000 0x1000 B stat 1 type GM
[V] [RECV_DATA] 0xffff8dabd000 0x1000 B stat 1 type GM
[M] [RECV_DATA] 0xffff8dabd000 0x1000 B stat 1 type GM
[MTE1] [RECV_DATA] 0xffff8dabd000 0x1000 B stat 1 type GM
[MTE2] [RECV_DATA] 0xffff8dabd000 0x1000 B stat 1 type GM
[MTE4] [RECV_DATA] 0xffff8dabd000 0x1000 B stat 1 type GM
[MTE5] [RECV_DATA] 0xffff8dabd000 0x1000 B stat 1 type GM
[V2] [RECV_DATA] 0xffff8dabd000 0x1000 B stat 1 type GM
[FIX] [RECV_DATA] 0xffff8dabd000 0x1000 B stat 1 type GM
[S] [STAT] Recv 34 PC 34
[V] [STAT] Recv 145 PC 145
[M] [STAT] Recv 0 PC 0
[MTE1] [STAT] Recv 0 PC 0
[MTE2] [STAT] Recv 96 PC 96
[MTE3] [STAT] Recv 48 PC 48
[ALL] [STAT] Recv 0 PC 0
[ALL] [TBUF_STAT] ---------- tbuf used stat ----------
[ALL] [TBUF_STAT] ---------- tbuf used stat ----------
[ALL] [TBUF_STAT] ---------- tbuf init stat ----------
    UB USED: 0x600, Rate: 0.585938%
[ALL] [TBUF_STAT] ---------- tbuf init stat ----------
[MTE4] [STAT] Recv 0 PC 0
[MTE5] [STAT] Recv 0 PC 0
[V2] [STAT] Recv 0 PC 0
[FIX] [STAT] Recv 0 PC 0
[Executor] [STAT] codes 324
