
### set_ffts_base_addr((uint64_t)281473045657248);

[set_ffts_base_addr] unsupported
[S] [RECV_INST] set_ffts_base_addr type 7
[S] [EXECUTE] set_ffts_base_addr type 7

### set_vector_mask((uint64_t)18446744073709551615, (uint64_t)18446744073709551615);

[V] [RECV_INST] set_vector_mask type 6
[V] [EXECUTE] set_vector_mask type 6

### set_mask_norm();

[set_mask_norm] unsupported
[S] [RECV_INST] set_mask_norm type 7
[S] [EXECUTE] set_mask_norm type 7
[ALL] [TBUF_EVENT] ABS_ADDR 0xffff850f8010 0x30000 B type L1
[ALL] [TBUF_STAT] ---------- tbuf used stat ----------
[ALL] [TBUF_STAT] ---------- tbuf used stat ----------
[ALL] [TBUF_STAT] ---------- tbuf init stat ----------
[ALL] [TBUF_STAT] ---------- tbuf init stat ----------
[ALL] [TBUF_EVENT] ABS_ADDR 0xffff85077010 0x80000 B type L0A
[ALL] [TBUF_STAT] ---------- tbuf used stat ----------
[ALL] [TBUF_STAT] ---------- tbuf used stat ----------
[ALL] [TBUF_STAT] ---------- tbuf init stat ----------
[ALL] [TBUF_STAT] ---------- tbuf init stat ----------
[ALL] [TBUF_EVENT] ABS_ADDR 0xaaaae079a0e0 0x10000 B type L1
[ALL] [TBUF_STAT] ---------- tbuf used stat ----------
[ALL] [TBUF_STAT] ---------- tbuf used stat ----------
[ALL] [TBUF_STAT] ---------- tbuf init stat ----------
[ALL] [TBUF_STAT] ---------- tbuf init stat ----------
[ALL] [TBUF_EVENT] ABS_ADDR 0xaaaae07aa0f0 0x10000 B type L0B
[ALL] [TBUF_STAT] ---------- tbuf used stat ----------
[ALL] [TBUF_STAT] ---------- tbuf used stat ----------
[ALL] [TBUF_STAT] ---------- tbuf init stat ----------
[ALL] [TBUF_STAT] ---------- tbuf init stat ----------
[ALL] [TBUF_EVENT] ABS_ADDR 0xffff85056010 0x20000 B type UB
[ALL] [TBUF_STAT] ---------- tbuf used stat ----------
[ALL] [TBUF_STAT] ---------- tbuf used stat ----------
[ALL] [TBUF_STAT] ---------- tbuf init stat ----------
[ALL] [TBUF_STAT] ---------- tbuf init stat ----------
[ALL] [TBUF_EVENT] ABS_ADDR 0xaaaadf2961c0 0x400 B type L0C
[ALL] [TBUF_STAT] ---------- tbuf used stat ----------
[ALL] [TBUF_STAT] ---------- tbuf used stat ----------
[ALL] [TBUF_STAT] ---------- tbuf init stat ----------
[ALL] [TBUF_STAT] ---------- tbuf init stat ----------
[ALL] [TBUF_EVENT] ABS_ADDR 0xaaaae07ba100 0x1c00 B type L0C
[ALL] [TBUF_STAT] ---------- tbuf used stat ----------
[ALL] [TBUF_STAT] ---------- tbuf used stat ----------
[ALL] [TBUF_STAT] ---------- tbuf init stat ----------
[ALL] [TBUF_STAT] ---------- tbuf init stat ----------
[ALL] [TBUF_EVENT] INIT 0xffff850f8010 0x100 B type UB
[ALL] [TBUF_STAT] ---------- tbuf used stat ----------
[ALL] [TBUF_STAT] ---------- tbuf used stat ----------
[ALL] [TBUF_STAT] ---------- tbuf init stat ----------
    UB USED: 0x100, Rate: 0.0976562%
[ALL] [TBUF_STAT] ---------- tbuf init stat ----------
[ALL] [TBUF_EVENT] INIT 0xffff850f8110 0x100 B type UB
[ALL] [TBUF_STAT] ---------- tbuf used stat ----------
[ALL] [TBUF_STAT] ---------- tbuf used stat ----------
[ALL] [TBUF_STAT] ---------- tbuf init stat ----------
    UB USED: 0x200, Rate: 0.195312%
[ALL] [TBUF_STAT] ---------- tbuf init stat ----------
[MEMCHEK][InitMemRecord]add addr: 281472914128912len: 256
[ALL] [TBUF_EVENT] INIT 0xffff850f8210 0x100 B type UB
[ALL] [TBUF_STAT] ---------- tbuf used stat ----------
[ALL] [TBUF_STAT] ---------- tbuf used stat ----------
[ALL] [TBUF_STAT] ---------- tbuf init stat ----------
    UB USED: 0x300, Rate: 0.292969%
[ALL] [TBUF_STAT] ---------- tbuf init stat ----------
[ALL] [TBUF_EVENT] INIT 0xffff850f8310 0x100 B type UB
[ALL] [TBUF_STAT] ---------- tbuf used stat ----------
[ALL] [TBUF_STAT] ---------- tbuf used stat ----------
[ALL] [TBUF_STAT] ---------- tbuf init stat ----------
    UB USED: 0x400, Rate: 0.390625%
[ALL] [TBUF_STAT] ---------- tbuf init stat ----------
[MEMCHEK][InitMemRecord]add addr: 281472914129424len: 256
[ALL] [TBUF_EVENT] INIT 0xffff850f8410 0x100 B type UB
[ALL] [TBUF_STAT] ---------- tbuf used stat ----------
[ALL] [TBUF_STAT] ---------- tbuf used stat ----------
[ALL] [TBUF_STAT] ---------- tbuf init stat ----------
    UB USED: 0x500, Rate: 0.488281%
[ALL] [TBUF_STAT] ---------- tbuf init stat ----------
[ALL] [TBUF_EVENT] INIT 0xffff850f8510 0x100 B type UB
[ALL] [TBUF_STAT] ---------- tbuf used stat ----------
[ALL] [TBUF_STAT] ---------- tbuf used stat ----------
[ALL] [TBUF_STAT] ---------- tbuf init stat ----------
    UB USED: 0x600, Rate: 0.585938%
[ALL] [TBUF_STAT] ---------- tbuf init stat ----------
[MEMCHEK][InitMemRecord]add addr: 281472914129936len: 256
[ALL] [TBUF_EVENT] ALLOC 0xffff850f8010 0x100 B type UB
[ALL] [TBUF_STAT] ---------- tbuf used stat ----------
    UB USED: 0x100, Rate: 0.0976562%
[ALL] [TBUF_STAT] ---------- tbuf used stat ----------
[ALL] [TBUF_STAT] ---------- tbuf init stat ----------
    UB USED: 0x600, Rate: 0.585938%
[ALL] [TBUF_STAT] ---------- tbuf init stat ----------
[MEMCHEK][CreateMemRecord] addr: 281472914128912len: 256
[ALL] [TBUF_EVENT] ALLOC 0xffff850f8210 0x100 B type UB
[ALL] [TBUF_STAT] ---------- tbuf used stat ----------
    UB USED: 0x200, Rate: 0.195312%
[ALL] [TBUF_STAT] ---------- tbuf used stat ----------
[ALL] [TBUF_STAT] ---------- tbuf init stat ----------
    UB USED: 0x600, Rate: 0.585938%
[ALL] [TBUF_STAT] ---------- tbuf init stat ----------
[MEMCHEK][CreateMemRecord] addr: 281472914129424len: 256

### copy_gm_to_ubuf((__ubuf__ void*)0xffff850f8010, (__gm__ void*)0xffff8c5dc000, (uint8_t)0, (uint16_t)1, (uint16_t)8, (uint16_t)0, (uint16_t)0);

[MTE2] [RECV_INST] copy_gm_to_ubuf type 0
[MTE2] [EXECUTE] copy_gm_to_ubuf type 0
[MTE2] read  data 0xffff8c5dc000 0x100 B type GM
[MTE2] [DATA_MARK] 0xffff8c5dc000 0x100 B type GM mark read
[MTE2] write data 0xffff850f8010 0x100 B type UB
[MTE2] checking pending queue
[MTE2] [CHECK_DATA] 0xffff850f8010 0x100 B type UB
[MTE2] checking wrote queue
[MTE2] [CHECK_DATA] 0xffff850f8010 0x100 B type UB
[MTE2] [CHECK_TBUF] 0xffff850f8010 0x100 B type UB
[MTE2] allocation buffer match result 0
[MEMCHEK] Mem[281472914128912]checkNum is 0

### copy_gm_to_ubuf((__ubuf__ void*)0xffff850f8210, (__gm__ void*)0xffff8c5ac000, (uint8_t)0, (uint16_t)1, (uint16_t)8, (uint16_t)0, (uint16_t)0);

[MTE2] [RECV_INST] copy_gm_to_ubuf type 0
[MTE2] [EXECUTE] copy_gm_to_ubuf type 0
[MTE2] read  data 0xffff8c5ac000 0x100 B type GM
[MTE2] [DATA_MARK] 0xffff8c5ac000 0x100 B type GM mark read
[MTE2] write data 0xffff850f8210 0x100 B type UB
[MTE2] checking pending queue
[MTE2] [CHECK_DATA] 0xffff850f8210 0x100 B type UB
[MTE2] checking wrote queue
[MTE2] [CHECK_DATA] 0xffff850f8210 0x100 B type UB
[MTE2] [CHECK_TBUF] 0xffff850f8210 0x100 B type UB
[MTE2] allocation buffer match result 0
[MEMCHEK] Mem[281472914129424]checkNum is 0

### set_flag((pipe_t)PIPE_MTE2, (pipe_t)PIPE_V, (event_t)0);

[MTE2] [RECV_INST] set_flag type 3
[MTE2] [EXECUTE] set_flag type 3
[MTE2] [SYNC_DATA] 0xffff850f8010 0x100 B type UB
[MTE2] [SYNC_DATA] 0xffff850f8210 0x100 B type UB
[MTE2] [send event] on set_flag 4 1 0
[MTE2] -> [V] [GET_DATA] 0xffff850f8010 0x100 B stat 1 type UB
[MTE2] -> [V] [GET_DATA] 0xffff850f8210 0x100 B stat 1 type UB
[V] [RECV_EVENT] SRC MTE2 DST V EVENT 0
[V] [RECV_DATA] 0xffff850f8010 0x100 B stat 1 type UB
[V] [RECV_DATA] 0xffff850f8210 0x100 B stat 1 type UB
[MEMCHEK] Mem[281472914128912]checkNum is 0

### set_flag((pipe_t)PIPE_MTE2, (pipe_t)PIPE_V, (event_t)1);

[MTE2] [RECV_INST] set_flag type 3
[MTE2] [EXECUTE] set_flag type 3
[MTE2] [send event] on set_flag 4 1 1
[MTE2] -> [V] [GET_DATA] 0xffff850f8010 0x100 B stat 1 type UB
[MTE2] -> [V] [GET_DATA] 0xffff850f8210 0x100 B stat 1 type UB
[V] [RECV_EVENT] SRC MTE2 DST V EVENT 1
[V] [RECV_DATA] 0xffff850f8010 0x100 B stat 1 type UB
[V] [RECV_DATA] 0xffff850f8210 0x100 B stat 1 type UB
[MEMCHEK] Mem[281472914129424]checkNum is 0

### wait_flag((pipe_t)PIPE_MTE2, (pipe_t)PIPE_V, (event_t)0);

[V] [RECV_INST] wait_flag type 4
[V] [EXECUTE] wait_flag type 4
[V] [no wait] on wait_flag 4 1 0
[MTE2] [EVENT_CLEAR] send 4 1 0 has been waited
[MEMCHEK] Mem[281472914128912]checkNum is 0

### wait_flag((pipe_t)PIPE_MTE2, (pipe_t)PIPE_V, (event_t)1);

[V] [RECV_INST] wait_flag type 4
[V] [EXECUTE] wait_flag type 4
[V] [no wait] on wait_flag 4 1 1
[MTE2] [EVENT_CLEAR] send 4 1 1 has been waited
[MEMCHEK] Mem[281472914129424]checkNum is 0
[ALL] [TBUF_EVENT] ALLOC 0xffff850f8410 0x100 B type UB
[ALL] [TBUF_STAT] ---------- tbuf used stat ----------
    UB USED: 0x300, Rate: 0.292969%
[ALL] [TBUF_STAT] ---------- tbuf used stat ----------
[ALL] [TBUF_STAT] ---------- tbuf init stat ----------
    UB USED: 0x600, Rate: 0.585938%
[ALL] [TBUF_STAT] ---------- tbuf init stat ----------
[MEMCHEK][CreateMemRecord] addr: 281472914129936len: 256

### set_mask_count();

[set_mask_count] unsupported
[S] [RECV_INST] set_mask_count type 7
[S] [EXECUTE] set_mask_count type 7

### set_vector_mask((uint64_t)0, (uint64_t)128);

[V] [RECV_INST] set_vector_mask type 6
[V] [EXECUTE] set_vector_mask type 6

### vadd((__ubuf__ half*)0xffff850f8410, (__ubuf__ half*)0xffff850f8010, (__ubuf__ half*)0xffff850f8210, (uint8_t)1, (uint8_t)1, (uint8_t)1, (uint8_t)1, (uint8_t)8, (uint8_t)8, (uint8_t)8);

[V] [RECV_INST] vadd type 1
[V] [EXECUTE] vadd type 1
[MEMCHEK] Mem[281472914128912]checkNum is 0
[MEMCHEK] Mem[281472914129424]checkNum is 0
[MEMCHEK] Mem[281472914129936]checkNum is 0
DataMergeAllOnceAll dataLen: 256
[V] read  data 0xffff850f8010 0x100 B type UB
[V] checking synced queue
[V] [CHECK_DATA] 0xffff850f8010 0x100 B type UB
[V] data matched whole 0xffff850f8010 0x100 stat 1
[V] [DATA_MARK] 0xffff850f8010 0x100 B type UB mark read
[V] checking pending queue
[V] [CHECK_DATA] 0xffff850f8010 0x100 B type UB
[V] [CHECK_TBUF] 0xffff850f8010 0x100 B type UB
[V] allocation buffer match result 0
[V] read  data 0xffff850f8210 0x100 B type UB
[V] checking synced queue
[V] [CHECK_DATA] 0xffff850f8210 0x100 B type UB
[V] data matched whole 0xffff850f8210 0x100 stat 1
[V] [DATA_MARK] 0xffff850f8210 0x100 B type UB mark read
[V] checking pending queue
[V] [CHECK_DATA] 0xffff850f8210 0x100 B type UB
[V] [CHECK_TBUF] 0xffff850f8210 0x100 B type UB
[V] allocation buffer match result 0
[V] write data 0xffff850f8410 0x100 B type UB
[V] checking pending queue
[V] [CHECK_DATA] 0xffff850f8410 0x100 B type UB
[V] checking wrote queue
[V] [CHECK_DATA] 0xffff850f8410 0x100 B type UB
[V] [CHECK_TBUF] 0xffff850f8410 0x100 B type UB
[V] allocation buffer match result 0

### set_mask_norm();

[set_mask_norm] unsupported
[S] [RECV_INST] set_mask_norm type 7
[S] [EXECUTE] set_mask_norm type 7

### set_vector_mask((uint64_t)18446744073709551615, (uint64_t)18446744073709551615);

[V] [RECV_INST] set_vector_mask type 6
[V] [EXECUTE] set_vector_mask type 6

### set_flag((pipe_t)PIPE_V, (pipe_t)PIPE_MTE3, (event_t)0);

[V] [RECV_INST] set_flag type 3
[V] [EXECUTE] set_flag type 3
[V] [SYNC_DATA] 0xffff850f8410 0x100 B type UB
[V] [send event] on set_flag 1 5 0
[V] -> [MTE3] [GET_DATA] 0xffff850f8410 0x100 B stat 1 type UB
[MTE3] [RECV_EVENT] SRC V DST MTE3 EVENT 0
[MTE3] [RECV_DATA] 0xffff850f8410 0x100 B stat 1 type UB
[MEMCHEK] Mem[281472914129936]checkNum is 0

### set_flag((pipe_t)PIPE_V, (pipe_t)PIPE_MTE2, (event_t)0);

[V] [RECV_INST] set_flag type 3
[V] [EXECUTE] set_flag type 3
[V] [send event] on set_flag 1 4 0
[V] -> [MTE2] [GET_DATA] 0xffff850f8410 0x100 B stat 1 type UB
[MTE2] [RECV_EVENT] SRC V DST MTE2 EVENT 0
[MTE2] [RECV_DATA] 0xffff850f8410 0x100 B stat 1 type UB
[ALL] [TBUF_EVENT] FREE 0xffff850f8010 0x100 B type UB
[ALL] [TBUF_STAT] ---------- tbuf used stat ----------
    UB USED: 0x200, Rate: 0.195312%
[ALL] [TBUF_STAT] ---------- tbuf used stat ----------
[ALL] [TBUF_STAT] ---------- tbuf init stat ----------
    UB USED: 0x600, Rate: 0.585938%
[ALL] [TBUF_STAT] ---------- tbuf init stat ----------
[MEMCHEK] Mem[281472914128912]checkNum is 0
[MEMCHEK] Mem[281472914128912] is FREE

### set_flag((pipe_t)PIPE_V, (pipe_t)PIPE_MTE2, (event_t)1);

[V] [RECV_INST] set_flag type 3
[V] [EXECUTE] set_flag type 3
[V] [send event] on set_flag 1 4 1
[V] -> [MTE2] [GET_DATA] 0xffff850f8410 0x100 B stat 1 type UB
[MTE2] [RECV_EVENT] SRC V DST MTE2 EVENT 1
[MTE2] [RECV_DATA] 0xffff850f8410 0x100 B stat 1 type UB
[ALL] [TBUF_EVENT] FREE 0xffff850f8210 0x100 B type UB
[ALL] [TBUF_STAT] ---------- tbuf used stat ----------
    UB USED: 0x100, Rate: 0.0976562%
[ALL] [TBUF_STAT] ---------- tbuf used stat ----------
[ALL] [TBUF_STAT] ---------- tbuf init stat ----------
    UB USED: 0x600, Rate: 0.585938%
[ALL] [TBUF_STAT] ---------- tbuf init stat ----------
[MEMCHEK] Mem[281472914129424]checkNum is 0
[MEMCHEK] Mem[281472914129424] is FREE

### wait_flag((pipe_t)PIPE_V, (pipe_t)PIPE_MTE3, (event_t)0);

[MTE3] [RECV_INST] wait_flag type 4
[MTE3] [EXECUTE] wait_flag type 4
[MTE3] [no wait] on wait_flag 1 5 0
[V] [EVENT_CLEAR] send 1 5 0 has been waited
[MEMCHEK] Mem[281472914129936]checkNum is 0

### copy_ubuf_to_gm((__gm__ void*)0xffff8b91c000, (__ubuf__ void*)0xffff850f8410, (uint8_t)0, (uint16_t)1, (uint16_t)8, (uint16_t)0, (uint16_t)0);

[MTE3] [RECV_INST] copy_ubuf_to_gm type 0
[MTE3] [EXECUTE] copy_ubuf_to_gm type 0
[MTE3] read  data 0xffff850f8410 0x100 B type UB
[MTE3] checking synced queue
[MTE3] [CHECK_DATA] 0xffff850f8410 0x100 B type UB
[MTE3] data matched whole 0xffff850f8410 0x100 stat 1
[MTE3] [DATA_MARK] 0xffff850f8410 0x100 B type UB mark read
[MTE3] checking pending queue
[MTE3] [CHECK_DATA] 0xffff850f8410 0x100 B type UB
[MTE3] [CHECK_TBUF] 0xffff850f8410 0x100 B type UB
[MTE3] allocation buffer match result 0
[MTE3] write data 0xffff8b91c000 0x100 B type GM
[MTE3] checking pending queue
[MTE3] [CHECK_DATA] 0xffff8b91c000 0x100 B type GM
[MTE3] checking wrote queue
[MTE3] [CHECK_DATA] 0xffff8b91c000 0x100 B type GM
[MTE3] [CHECK_TBUF] 0xffff8b91c000 0x100 B type GM
[MEMCHEK] Mem[281472914129936]checkNum is 0

### set_flag((pipe_t)PIPE_MTE3, (pipe_t)PIPE_V, (event_t)0);

[MTE3] [RECV_INST] set_flag type 3
[MTE3] [EXECUTE] set_flag type 3
[MTE3] [SYNC_DATA] 0xffff8b91c000 0x100 B type GM
[MTE3] [send event] on set_flag 5 1 0
[MTE3] -> [V] [GET_DATA] 0xffff8b91c000 0x100 B stat 1 type GM
[V] [RECV_EVENT] SRC MTE3 DST V EVENT 0
[V] [RECV_DATA] 0xffff8b91c000 0x100 B stat 1 type GM
[ALL] [TBUF_EVENT] FREE 0xffff850f8410 0x100 B type UB
[ALL] [TBUF_STAT] ---------- tbuf used stat ----------
[ALL] [TBUF_STAT] ---------- tbuf used stat ----------
[ALL] [TBUF_STAT] ---------- tbuf init stat ----------
    UB USED: 0x600, Rate: 0.585938%
[ALL] [TBUF_STAT] ---------- tbuf init stat ----------
[MEMCHEK] Mem[281472914129936]checkNum is 0
[MEMCHEK] Mem[281472914129936] is FREE
[ALL] [TBUF_EVENT] ALLOC 0xffff850f8110 0x100 B type UB
[ALL] [TBUF_STAT] ---------- tbuf used stat ----------
    UB USED: 0x100, Rate: 0.0976562%
[ALL] [TBUF_STAT] ---------- tbuf used stat ----------
[ALL] [TBUF_STAT] ---------- tbuf init stat ----------
    UB USED: 0x600, Rate: 0.585938%
[ALL] [TBUF_STAT] ---------- tbuf init stat ----------
[MEMCHEK][CreateMemRecord] addr: 281472914129168len: 256
[ALL] [TBUF_EVENT] ALLOC 0xffff850f8310 0x100 B type UB
[ALL] [TBUF_STAT] ---------- tbuf used stat ----------
    UB USED: 0x200, Rate: 0.195312%
[ALL] [TBUF_STAT] ---------- tbuf used stat ----------
[ALL] [TBUF_STAT] ---------- tbuf init stat ----------
    UB USED: 0x600, Rate: 0.585938%
[ALL] [TBUF_STAT] ---------- tbuf init stat ----------
[MEMCHEK][CreateMemRecord] addr: 281472914129680len: 256

### copy_gm_to_ubuf((__ubuf__ void*)0xffff850f8110, (__gm__ void*)0xffff8c5dc100, (uint8_t)0, (uint16_t)1, (uint16_t)8, (uint16_t)0, (uint16_t)0);

[MTE2] [RECV_INST] copy_gm_to_ubuf type 0
[MTE2] [EXECUTE] copy_gm_to_ubuf type 0
[MTE2] read  data 0xffff8c5dc100 0x100 B type GM
[MTE2] [DATA_MARK] 0xffff8c5dc100 0x100 B type GM mark read
[MTE2] write data 0xffff850f8110 0x100 B type UB
[MTE2] checking pending queue
[MTE2] [CHECK_DATA] 0xffff850f8110 0x100 B type UB
[MTE2] checking wrote queue
[MTE2] [CHECK_DATA] 0xffff850f8110 0x100 B type UB
[MTE2] [CHECK_TBUF] 0xffff850f8110 0x100 B type UB
[MTE2] allocation buffer match result 0
[MEMCHEK] Mem[281472914129168]checkNum is 0

### copy_gm_to_ubuf((__ubuf__ void*)0xffff850f8310, (__gm__ void*)0xffff8c5ac100, (uint8_t)0, (uint16_t)1, (uint16_t)8, (uint16_t)0, (uint16_t)0);

[MTE2] [RECV_INST] copy_gm_to_ubuf type 0
[MTE2] [EXECUTE] copy_gm_to_ubuf type 0
[MTE2] read  data 0xffff8c5ac100 0x100 B type GM
[MTE2] [DATA_MARK] 0xffff8c5ac100 0x100 B type GM mark read
[MTE2] write data 0xffff850f8310 0x100 B type UB
[MTE2] checking pending queue
[MTE2] [CHECK_DATA] 0xffff850f8310 0x100 B type UB
[MTE2] checking wrote queue
[MTE2] [CHECK_DATA] 0xffff850f8310 0x100 B type UB
[MTE2] [CHECK_TBUF] 0xffff850f8310 0x100 B type UB
[MTE2] allocation buffer match result 0
[MEMCHEK] Mem[281472914129680]checkNum is 0

### set_flag((pipe_t)PIPE_MTE2, (pipe_t)PIPE_V, (event_t)0);

[MTE2] [RECV_INST] set_flag type 3
[MTE2] [EXECUTE] set_flag type 3
[MTE2] [SYNC_DATA] 0xffff850f8110 0x100 B type UB
[MTE2] [SYNC_DATA] 0xffff850f8310 0x100 B type UB
[MTE2] [send event] on set_flag 4 1 0
[MTE2] -> [V] [GET_DATA] 0xffff850f8010 0x200 B stat 1 type UB
[MTE2] -> [V] [GET_DATA] 0xffff850f8210 0x200 B stat 1 type UB
[V] [RECV_EVENT] SRC MTE2 DST V EVENT 0
[V] [RECV_DATA] 0xffff850f8010 0x200 B stat 1 type UB
[V] [RECV_DATA] 0xffff850f8210 0x200 B stat 1 type UB
[MEMCHEK] Mem[281472914129168]checkNum is 0

### set_flag((pipe_t)PIPE_MTE2, (pipe_t)PIPE_V, (event_t)1);

[MTE2] [RECV_INST] set_flag type 3
[MTE2] [EXECUTE] set_flag type 3
[MTE2] [send event] on set_flag 4 1 1
[MTE2] -> [V] [GET_DATA] 0xffff850f8010 0x200 B stat 1 type UB
[MTE2] -> [V] [GET_DATA] 0xffff850f8210 0x200 B stat 1 type UB
[V] [RECV_EVENT] SRC MTE2 DST V EVENT 1
[V] [RECV_DATA] 0xffff850f8010 0x200 B stat 1 type UB
[V] [RECV_DATA] 0xffff850f8210 0x200 B stat 1 type UB
[MEMCHEK] Mem[281472914129680]checkNum is 0

### wait_flag((pipe_t)PIPE_MTE2, (pipe_t)PIPE_V, (event_t)0);

[V] [RECV_INST] wait_flag type 4
[V] [EXECUTE] wait_flag type 4
[V] [no wait] on wait_flag 4 1 0
[MTE2] [EVENT_CLEAR] send 4 1 0 has been waited
[MEMCHEK] Mem[281472914129168]checkNum is 0

### wait_flag((pipe_t)PIPE_MTE2, (pipe_t)PIPE_V, (event_t)1);

[V] [RECV_INST] wait_flag type 4
[V] [EXECUTE] wait_flag type 4
[V] [no wait] on wait_flag 4 1 1
[MTE2] [EVENT_CLEAR] send 4 1 1 has been waited
[MEMCHEK] Mem[281472914129680]checkNum is 0
[ALL] [TBUF_EVENT] ALLOC 0xffff850f8510 0x100 B type UB
[ALL] [TBUF_STAT] ---------- tbuf used stat ----------
    UB USED: 0x300, Rate: 0.292969%
[ALL] [TBUF_STAT] ---------- tbuf used stat ----------
[ALL] [TBUF_STAT] ---------- tbuf init stat ----------
    UB USED: 0x600, Rate: 0.585938%
[ALL] [TBUF_STAT] ---------- tbuf init stat ----------
[MEMCHEK][CreateMemRecord] addr: 281472914130192len: 256

### set_mask_count();

[set_mask_count] unsupported
[S] [RECV_INST] set_mask_count type 7
[S] [EXECUTE] set_mask_count type 7

### set_vector_mask((uint64_t)0, (uint64_t)128);

[V] [RECV_INST] set_vector_mask type 6
[V] [EXECUTE] set_vector_mask type 6

### vadd((__ubuf__ half*)0xffff850f8510, (__ubuf__ half*)0xffff850f8110, (__ubuf__ half*)0xffff850f8310, (uint8_t)1, (uint8_t)1, (uint8_t)1, (uint8_t)1, (uint8_t)8, (uint8_t)8, (uint8_t)8);

[V] [RECV_INST] vadd type 1
[V] [EXECUTE] vadd type 1
[MEMCHEK] Mem[281472914129168]checkNum is 0
[MEMCHEK] Mem[281472914129680]checkNum is 0
[MEMCHEK] Mem[281472914130192]checkNum is 0
DataMergeAllOnceAll dataLen: 256
[V] read  data 0xffff850f8110 0x100 B type UB
[V] checking synced queue
[V] [CHECK_DATA] 0xffff850f8110 0x100 B type UB
[V] data matched whole 0xffff850f8010 0x400 stat 1
[V] [DATA_MARK] 0xffff850f8110 0x100 B type UB mark read
[V] checking pending queue
[V] [CHECK_DATA] 0xffff850f8110 0x100 B type UB
[V] [CHECK_TBUF] 0xffff850f8110 0x100 B type UB
[V] allocation buffer match result 0
[V] read  data 0xffff850f8310 0x100 B type UB
[V] checking synced queue
[V] [CHECK_DATA] 0xffff850f8310 0x100 B type UB
[V] data matched whole 0xffff850f8010 0x400 stat 1
[V] [DATA_MARK] 0xffff850f8310 0x100 B type UB mark read
[V] [DATA_MARK] 0xffff850f8310 0x100 B type UB mark read
[V] checking pending queue
[V] [CHECK_DATA] 0xffff850f8310 0x100 B type UB
[V] [CHECK_TBUF] 0xffff850f8310 0x100 B type UB
[V] allocation buffer match result 0
[V] write data 0xffff850f8510 0x100 B type UB
[V] checking pending queue
[V] [CHECK_DATA] 0xffff850f8510 0x100 B type UB
[V] checking wrote queue
[V] [CHECK_DATA] 0xffff850f8510 0x100 B type UB
[V] [CHECK_TBUF] 0xffff850f8510 0x100 B type UB
[V] allocation buffer match result 0

### set_mask_norm();

[set_mask_norm] unsupported
[S] [RECV_INST] set_mask_norm type 7
[S] [EXECUTE] set_mask_norm type 7

### set_vector_mask((uint64_t)18446744073709551615, (uint64_t)18446744073709551615);

[V] [RECV_INST] set_vector_mask type 6
[V] [EXECUTE] set_vector_mask type 6

### set_flag((pipe_t)PIPE_V, (pipe_t)PIPE_MTE3, (event_t)0);

[V] [RECV_INST] set_flag type 3
[V] [EXECUTE] set_flag type 3
[V] [SYNC_DATA] 0xffff850f8510 0x100 B type UB
[V] [send event] on set_flag 1 5 0
[V] -> [MTE3] [GET_DATA] 0xffff850f8410 0x200 B stat 1 type UB
[MTE3] [RECV_EVENT] SRC V DST MTE3 EVENT 0
[MTE3] [RECV_DATA] 0xffff850f8410 0x200 B stat 1 type UB
[MEMCHEK] Mem[281472914130192]checkNum is 0

### set_flag((pipe_t)PIPE_V, (pipe_t)PIPE_MTE2, (event_t)2);

[V] [RECV_INST] set_flag type 3
[V] [EXECUTE] set_flag type 3
[V] [send event] on set_flag 1 4 2
[V] -> [MTE2] [GET_DATA] 0xffff850f8410 0x200 B stat 1 type UB
[MTE2] [RECV_EVENT] SRC V DST MTE2 EVENT 2
[MTE2] [RECV_DATA] 0xffff850f8410 0x200 B stat 1 type UB
[ALL] [TBUF_EVENT] FREE 0xffff850f8110 0x100 B type UB
[ALL] [TBUF_STAT] ---------- tbuf used stat ----------
    UB USED: 0x200, Rate: 0.195312%
[ALL] [TBUF_STAT] ---------- tbuf used stat ----------
[ALL] [TBUF_STAT] ---------- tbuf init stat ----------
    UB USED: 0x600, Rate: 0.585938%
[ALL] [TBUF_STAT] ---------- tbuf init stat ----------
[MEMCHEK] Mem[281472914129168]checkNum is 0
[MEMCHEK] Mem[281472914129168] is FREE

### set_flag((pipe_t)PIPE_V, (pipe_t)PIPE_MTE2, (event_t)3);

[V] [RECV_INST] set_flag type 3
[V] [EXECUTE] set_flag type 3
[V] [send event] on set_flag 1 4 3
[V] -> [MTE2] [GET_DATA] 0xffff850f8410 0x200 B stat 1 type UB
[MTE2] [RECV_EVENT] SRC V DST MTE2 EVENT 3
[MTE2] [RECV_DATA] 0xffff850f8410 0x200 B stat 1 type UB
[ALL] [TBUF_EVENT] FREE 0xffff850f8310 0x100 B type UB
[ALL] [TBUF_STAT] ---------- tbuf used stat ----------
    UB USED: 0x100, Rate: 0.0976562%
[ALL] [TBUF_STAT] ---------- tbuf used stat ----------
[ALL] [TBUF_STAT] ---------- tbuf init stat ----------
    UB USED: 0x600, Rate: 0.585938%
[ALL] [TBUF_STAT] ---------- tbuf init stat ----------
[MEMCHEK] Mem[281472914129680]checkNum is 0
[MEMCHEK] Mem[281472914129680] is FREE

### wait_flag((pipe_t)PIPE_V, (pipe_t)PIPE_MTE3, (event_t)0);

[MTE3] [RECV_INST] wait_flag type 4
[MTE3] [EXECUTE] wait_flag type 4
[MTE3] [no wait] on wait_flag 1 5 0
[V] [EVENT_CLEAR] send 1 5 0 has been waited
[MEMCHEK] Mem[281472914130192]checkNum is 0

### copy_ubuf_to_gm((__gm__ void*)0xffff8b91c100, (__ubuf__ void*)0xffff850f8510, (uint8_t)0, (uint16_t)1, (uint16_t)8, (uint16_t)0, (uint16_t)0);

[MTE3] [RECV_INST] copy_ubuf_to_gm type 0
[MTE3] [EXECUTE] copy_ubuf_to_gm type 0
[MTE3] read  data 0xffff850f8510 0x100 B type UB
[MTE3] checking synced queue
[MTE3] [CHECK_DATA] 0xffff850f8510 0x100 B type UB
[MTE3] data matched whole 0xffff850f8410 0x200 stat 1
[MTE3] [DATA_MARK] 0xffff850f8510 0x100 B type UB mark read
[MTE3] checking pending queue
[MTE3] [CHECK_DATA] 0xffff850f8510 0x100 B type UB
[MTE3] [CHECK_TBUF] 0xffff850f8510 0x100 B type UB
[MTE3] allocation buffer match result 0
[MTE3] write data 0xffff8b91c100 0x100 B type GM
[MTE3] checking pending queue
[MTE3] [CHECK_DATA] 0xffff8b91c100 0x100 B type GM
[MTE3] checking wrote queue
[MTE3] [CHECK_DATA] 0xffff8b91c100 0x100 B type GM
[MTE3] [CHECK_TBUF] 0xffff8b91c100 0x100 B type GM
[MEMCHEK] Mem[281472914130192]checkNum is 0

### set_flag((pipe_t)PIPE_MTE3, (pipe_t)PIPE_V, (event_t)1);

[MTE3] [RECV_INST] set_flag type 3
[MTE3] [EXECUTE] set_flag type 3
[MTE3] [SYNC_DATA] 0xffff8b91c100 0x100 B type GM
[MTE3] [send event] on set_flag 5 1 1
[MTE3] -> [V] [GET_DATA] 0xffff8b91c000 0x200 B stat 1 type GM
[V] [RECV_EVENT] SRC MTE3 DST V EVENT 1
[V] [RECV_DATA] 0xffff8b91c000 0x200 B stat 1 type GM
[ALL] [TBUF_EVENT] FREE 0xffff850f8510 0x100 B type UB
[ALL] [TBUF_STAT] ---------- tbuf used stat ----------
[ALL] [TBUF_STAT] ---------- tbuf used stat ----------
[ALL] [TBUF_STAT] ---------- tbuf init stat ----------
    UB USED: 0x600, Rate: 0.585938%
[ALL] [TBUF_STAT] ---------- tbuf init stat ----------
[MEMCHEK] Mem[281472914130192]checkNum is 0
[MEMCHEK] Mem[281472914130192] is FREE

### wait_flag((pipe_t)PIPE_V, (pipe_t)PIPE_MTE2, (event_t)0);

[MTE2] [RECV_INST] wait_flag type 4
[MTE2] [EXECUTE] wait_flag type 4
[MTE2] [no wait] on wait_flag 1 4 0
[V] [EVENT_CLEAR] send 1 4 0 has been waited
[ALL] [TBUF_EVENT] ALLOC 0xffff850f8010 0x100 B type UB
[ALL] [TBUF_STAT] ---------- tbuf used stat ----------
    UB USED: 0x100, Rate: 0.0976562%
[ALL] [TBUF_STAT] ---------- tbuf used stat ----------
[ALL] [TBUF_STAT] ---------- tbuf init stat ----------
    UB USED: 0x600, Rate: 0.585938%
[ALL] [TBUF_STAT] ---------- tbuf init stat ----------
[MEMCHEK][CreateMemRecord] addr: 281472914128912len: 256

### wait_flag((pipe_t)PIPE_V, (pipe_t)PIPE_MTE2, (event_t)1);

[MTE2] [RECV_INST] wait_flag type 4
[MTE2] [EXECUTE] wait_flag type 4
[MTE2] [no wait] on wait_flag 1 4 1
[V] [EVENT_CLEAR] send 1 4 1 has been waited
[ALL] [TBUF_EVENT] ALLOC 0xffff850f8210 0x100 B type UB
[ALL] [TBUF_STAT] ---------- tbuf used stat ----------
    UB USED: 0x200, Rate: 0.195312%
[ALL] [TBUF_STAT] ---------- tbuf used stat ----------
[ALL] [TBUF_STAT] ---------- tbuf init stat ----------
    UB USED: 0x600, Rate: 0.585938%
[ALL] [TBUF_STAT] ---------- tbuf init stat ----------
[MEMCHEK][CreateMemRecord] addr: 281472914129424len: 256

### copy_gm_to_ubuf((__ubuf__ void*)0xffff850f8010, (__gm__ void*)0xffff8c5dc200, (uint8_t)0, (uint16_t)1, (uint16_t)8, (uint16_t)0, (uint16_t)0);

[MTE2] [RECV_INST] copy_gm_to_ubuf type 0
[MTE2] [EXECUTE] copy_gm_to_ubuf type 0
[MTE2] read  data 0xffff8c5dc200 0x100 B type GM
[MTE2] [DATA_MARK] 0xffff8c5dc200 0x100 B type GM mark read
[MTE2] write data 0xffff850f8010 0x100 B type UB
[MTE2] checking pending queue
[MTE2] [CHECK_DATA] 0xffff850f8010 0x100 B type UB
[MTE2] checking wrote queue
[MTE2] [CHECK_DATA] 0xffff850f8010 0x100 B type UB
[MTE2] data matched whole 0xffff850f8010 0x200 stat 1
[MTE2] [CHECK_TBUF] 0xffff850f8010 0x100 B type UB
[MTE2] allocation buffer match result 0
[MEMCHEK] Mem[281472914128912]checkNum is 0

### copy_gm_to_ubuf((__ubuf__ void*)0xffff850f8210, (__gm__ void*)0xffff8c5ac200, (uint8_t)0, (uint16_t)1, (uint16_t)8, (uint16_t)0, (uint16_t)0);

[MTE2] [RECV_INST] copy_gm_to_ubuf type 0
[MTE2] [EXECUTE] copy_gm_to_ubuf type 0
[MTE2] read  data 0xffff8c5ac200 0x100 B type GM
[MTE2] [DATA_MARK] 0xffff8c5ac200 0x100 B type GM mark read
[MTE2] write data 0xffff850f8210 0x100 B type UB
[MTE2] checking pending queue
[MTE2] [CHECK_DATA] 0xffff850f8210 0x100 B type UB
[MTE2] checking wrote queue
[MTE2] [CHECK_DATA] 0xffff850f8210 0x100 B type UB
[MTE2] data matched whole 0xffff850f8210 0x200 stat 1
[MTE2] [CHECK_TBUF] 0xffff850f8210 0x100 B type UB
[MTE2] allocation buffer match result 0
[MEMCHEK] Mem[281472914129424]checkNum is 0

### set_flag((pipe_t)PIPE_MTE2, (pipe_t)PIPE_V, (event_t)0);

[MTE2] [RECV_INST] set_flag type 3
[MTE2] [EXECUTE] set_flag type 3
[MTE2] [SYNC_DATA] 0xffff850f8010 0x100 B type UB
[MTE2] [SYNC_DATA] 0xffff850f8210 0x100 B type UB
[MTE2] [send event] on set_flag 4 1 0
[MTE2] -> [V] [GET_DATA] 0xffff850f8010 0x300 B stat 1 type UB
[MTE2] -> [V] [GET_DATA] 0xffff850f8210 0x200 B stat 1 type UB
[V] [RECV_EVENT] SRC MTE2 DST V EVENT 0
[V] [RECV_DATA] 0xffff850f8010 0x300 B stat 1 type UB
[V] [RECV_DATA] 0xffff850f8210 0x200 B stat 1 type UB
[MEMCHEK] Mem[281472914128912]checkNum is 0

### set_flag((pipe_t)PIPE_MTE2, (pipe_t)PIPE_V, (event_t)1);

[MTE2] [RECV_INST] set_flag type 3
[MTE2] [EXECUTE] set_flag type 3
[MTE2] [send event] on set_flag 4 1 1
[MTE2] -> [V] [GET_DATA] 0xffff850f8010 0x300 B stat 1 type UB
[MTE2] -> [V] [GET_DATA] 0xffff850f8210 0x200 B stat 1 type UB
[V] [RECV_EVENT] SRC MTE2 DST V EVENT 1
[V] [RECV_DATA] 0xffff850f8010 0x300 B stat 1 type UB
[V] [RECV_DATA] 0xffff850f8210 0x200 B stat 1 type UB
[MEMCHEK] Mem[281472914129424]checkNum is 0

### wait_flag((pipe_t)PIPE_MTE2, (pipe_t)PIPE_V, (event_t)0);

[V] [RECV_INST] wait_flag type 4
[V] [EXECUTE] wait_flag type 4
[V] [no wait] on wait_flag 4 1 0
[MTE2] [EVENT_CLEAR] send 4 1 0 has been waited
[MEMCHEK] Mem[281472914128912]checkNum is 0

### wait_flag((pipe_t)PIPE_MTE2, (pipe_t)PIPE_V, (event_t)1);

[V] [RECV_INST] wait_flag type 4
[V] [EXECUTE] wait_flag type 4
[V] [no wait] on wait_flag 4 1 1
[MTE2] [EVENT_CLEAR] send 4 1 1 has been waited
[MEMCHEK] Mem[281472914129424]checkNum is 0

### wait_flag((pipe_t)PIPE_MTE3, (pipe_t)PIPE_V, (event_t)0);

[V] [RECV_INST] wait_flag type 4
[V] [EXECUTE] wait_flag type 4
[V] [no wait] on wait_flag 5 1 0
[MTE3] [EVENT_CLEAR] send 5 1 0 has been waited
[ALL] [TBUF_EVENT] ALLOC 0xffff850f8410 0x100 B type UB
[ALL] [TBUF_STAT] ---------- tbuf used stat ----------
    UB USED: 0x300, Rate: 0.292969%
[ALL] [TBUF_STAT] ---------- tbuf used stat ----------
[ALL] [TBUF_STAT] ---------- tbuf init stat ----------
    UB USED: 0x600, Rate: 0.585938%
[ALL] [TBUF_STAT] ---------- tbuf init stat ----------
[MEMCHEK][CreateMemRecord] addr: 281472914129936len: 256

### set_mask_count();

[set_mask_count] unsupported
[S] [RECV_INST] set_mask_count type 7
[S] [EXECUTE] set_mask_count type 7

### set_vector_mask((uint64_t)0, (uint64_t)128);

[V] [RECV_INST] set_vector_mask type 6
[V] [EXECUTE] set_vector_mask type 6

### vadd((__ubuf__ half*)0xffff850f8410, (__ubuf__ half*)0xffff850f8010, (__ubuf__ half*)0xffff850f8210, (uint8_t)1, (uint8_t)1, (uint8_t)1, (uint8_t)1, (uint8_t)8, (uint8_t)8, (uint8_t)8);

[V] [RECV_INST] vadd type 1
[V] [EXECUTE] vadd type 1
[MEMCHEK] Mem[281472914128912]checkNum is 0
[MEMCHEK] Mem[281472914129424]checkNum is 0
[MEMCHEK] Mem[281472914129936]checkNum is 0
DataMergeAllOnceAll dataLen: 256
[V] read  data 0xffff850f8010 0x100 B type UB
[V] checking synced queue
[V] [CHECK_DATA] 0xffff850f8010 0x100 B type UB
[V] data matched whole 0xffff850f8010 0x400 stat 1
[V] [DATA_MARK] 0xffff850f8010 0x100 B type UB mark read
[V] checking pending queue
[V] [CHECK_DATA] 0xffff850f8010 0x100 B type UB
[V] [CHECK_TBUF] 0xffff850f8010 0x100 B type UB
[V] allocation buffer match result 0
[V] read  data 0xffff850f8210 0x100 B type UB
[V] checking synced queue
[V] [CHECK_DATA] 0xffff850f8210 0x100 B type UB
[V] data matched whole 0xffff850f8010 0x400 stat 1
[V] [DATA_MARK] 0xffff850f8210 0x100 B type UB mark read
[V] [DATA_MARK] 0xffff850f8210 0x100 B type UB mark read
[V] checking pending queue
[V] [CHECK_DATA] 0xffff850f8210 0x100 B type UB
[V] [CHECK_TBUF] 0xffff850f8210 0x100 B type UB
[V] allocation buffer match result 0
[V] write data 0xffff850f8410 0x100 B type UB
[V] checking pending queue
[V] [CHECK_DATA] 0xffff850f8410 0x100 B type UB
[V] checking wrote queue
[V] [CHECK_DATA] 0xffff850f8410 0x100 B type UB
[V] data matched whole 0xffff850f8410 0x200 stat 1
[V] [CHECK_TBUF] 0xffff850f8410 0x100 B type UB
[V] allocation buffer match result 0

### set_mask_norm();

[set_mask_norm] unsupported
[S] [RECV_INST] set_mask_norm type 7
[S] [EXECUTE] set_mask_norm type 7

### set_vector_mask((uint64_t)18446744073709551615, (uint64_t)18446744073709551615);

[V] [RECV_INST] set_vector_mask type 6
[V] [EXECUTE] set_vector_mask type 6

### set_flag((pipe_t)PIPE_V, (pipe_t)PIPE_MTE3, (event_t)0);

[V] [RECV_INST] set_flag type 3
[V] [EXECUTE] set_flag type 3
[V] [SYNC_DATA] 0xffff850f8410 0x100 B type UB
[V] [send event] on set_flag 1 5 0
[V] -> [MTE3] [GET_DATA] 0xffff850f8410 0x200 B stat 1 type UB
[MTE3] [RECV_EVENT] SRC V DST MTE3 EVENT 0
[MTE3] [RECV_DATA] 0xffff850f8410 0x200 B stat 1 type UB
[MEMCHEK] Mem[281472914129936]checkNum is 0

### set_flag((pipe_t)PIPE_V, (pipe_t)PIPE_MTE2, (event_t)0);

[V] [RECV_INST] set_flag type 3
[V] [EXECUTE] set_flag type 3
[V] [send event] on set_flag 1 4 0
[V] -> [MTE2] [GET_DATA] 0xffff850f8410 0x200 B stat 1 type UB
[MTE2] [RECV_EVENT] SRC V DST MTE2 EVENT 0
[MTE2] [RECV_DATA] 0xffff850f8410 0x200 B stat 1 type UB
[ALL] [TBUF_EVENT] FREE 0xffff850f8010 0x100 B type UB
[ALL] [TBUF_STAT] ---------- tbuf used stat ----------
    UB USED: 0x200, Rate: 0.195312%
[ALL] [TBUF_STAT] ---------- tbuf used stat ----------
[ALL] [TBUF_STAT] ---------- tbuf init stat ----------
    UB USED: 0x600, Rate: 0.585938%
[ALL] [TBUF_STAT] ---------- tbuf init stat ----------
[MEMCHEK] Mem[281472914128912]checkNum is 0
[MEMCHEK] Mem[281472914128912] is FREE

### set_flag((pipe_t)PIPE_V, (pipe_t)PIPE_MTE2, (event_t)1);

[V] [RECV_INST] set_flag type 3
[V] [EXECUTE] set_flag type 3
[V] [send event] on set_flag 1 4 1
[V] -> [MTE2] [GET_DATA] 0xffff850f8410 0x200 B stat 1 type UB
[MTE2] [RECV_EVENT] SRC V DST MTE2 EVENT 1
[MTE2] [RECV_DATA] 0xffff850f8410 0x200 B stat 1 type UB
[ALL] [TBUF_EVENT] FREE 0xffff850f8210 0x100 B type UB
[ALL] [TBUF_STAT] ---------- tbuf used stat ----------
    UB USED: 0x100, Rate: 0.0976562%
[ALL] [TBUF_STAT] ---------- tbuf used stat ----------
[ALL] [TBUF_STAT] ---------- tbuf init stat ----------
    UB USED: 0x600, Rate: 0.585938%
[ALL] [TBUF_STAT] ---------- tbuf init stat ----------
[MEMCHEK] Mem[281472914129424]checkNum is 0
[MEMCHEK] Mem[281472914129424] is FREE

### wait_flag((pipe_t)PIPE_V, (pipe_t)PIPE_MTE3, (event_t)0);

[MTE3] [RECV_INST] wait_flag type 4
[MTE3] [EXECUTE] wait_flag type 4
[MTE3] [no wait] on wait_flag 1 5 0
[V] [EVENT_CLEAR] send 1 5 0 has been waited
[MEMCHEK] Mem[281472914129936]checkNum is 0

### copy_ubuf_to_gm((__gm__ void*)0xffff8b91c200, (__ubuf__ void*)0xffff850f8410, (uint8_t)0, (uint16_t)1, (uint16_t)8, (uint16_t)0, (uint16_t)0);

[MTE3] [RECV_INST] copy_ubuf_to_gm type 0
[MTE3] [EXECUTE] copy_ubuf_to_gm type 0
[MTE3] read  data 0xffff850f8410 0x100 B type UB
[MTE3] checking synced queue
[MTE3] [CHECK_DATA] 0xffff850f8410 0x100 B type UB
[MTE3] data matched whole 0xffff850f8410 0x200 stat 1
[MTE3] [DATA_MARK] 0xffff850f8410 0x100 B type UB mark read
[MTE3] checking pending queue
[MTE3] [CHECK_DATA] 0xffff850f8410 0x100 B type UB
[MTE3] [CHECK_TBUF] 0xffff850f8410 0x100 B type UB
[MTE3] allocation buffer match result 0
[MTE3] write data 0xffff8b91c200 0x100 B type GM
[MTE3] checking pending queue
[MTE3] [CHECK_DATA] 0xffff8b91c200 0x100 B type GM
[MTE3] checking wrote queue
[MTE3] [CHECK_DATA] 0xffff8b91c200 0x100 B type GM
[MTE3] [CHECK_TBUF] 0xffff8b91c200 0x100 B type GM
[MEMCHEK] Mem[281472914129936]checkNum is 0

### set_flag((pipe_t)PIPE_MTE3, (pipe_t)PIPE_V, (event_t)0);

[MTE3] [RECV_INST] set_flag type 3
[MTE3] [EXECUTE] set_flag type 3
[MTE3] [SYNC_DATA] 0xffff8b91c200 0x100 B type GM
[MTE3] [send event] on set_flag 5 1 0
[MTE3] -> [V] [GET_DATA] 0xffff8b91c000 0x300 B stat 1 type GM
[V] [RECV_EVENT] SRC MTE3 DST V EVENT 0
[V] [RECV_DATA] 0xffff8b91c000 0x300 B stat 1 type GM
[ALL] [TBUF_EVENT] FREE 0xffff850f8410 0x100 B type UB
[ALL] [TBUF_STAT] ---------- tbuf used stat ----------
[ALL] [TBUF_STAT] ---------- tbuf used stat ----------
[ALL] [TBUF_STAT] ---------- tbuf init stat ----------
    UB USED: 0x600, Rate: 0.585938%
[ALL] [TBUF_STAT] ---------- tbuf init stat ----------
[MEMCHEK] Mem[281472914129936]checkNum is 0
[MEMCHEK] Mem[281472914129936] is FREE

### wait_flag((pipe_t)PIPE_V, (pipe_t)PIPE_MTE2, (event_t)2);

[MTE2] [RECV_INST] wait_flag type 4
[MTE2] [EXECUTE] wait_flag type 4
[MTE2] [no wait] on wait_flag 1 4 2
[V] [EVENT_CLEAR] send 1 4 2 has been waited
[ALL] [TBUF_EVENT] ALLOC 0xffff850f8110 0x100 B type UB
[ALL] [TBUF_STAT] ---------- tbuf used stat ----------
    UB USED: 0x100, Rate: 0.0976562%
[ALL] [TBUF_STAT] ---------- tbuf used stat ----------
[ALL] [TBUF_STAT] ---------- tbuf init stat ----------
    UB USED: 0x600, Rate: 0.585938%
[ALL] [TBUF_STAT] ---------- tbuf init stat ----------
[MEMCHEK][CreateMemRecord] addr: 281472914129168len: 256

### wait_flag((pipe_t)PIPE_V, (pipe_t)PIPE_MTE2, (event_t)3);

[MTE2] [RECV_INST] wait_flag type 4
[MTE2] [EXECUTE] wait_flag type 4
[MTE2] [no wait] on wait_flag 1 4 3
[V] [EVENT_CLEAR] send 1 4 3 has been waited
[ALL] [TBUF_EVENT] ALLOC 0xffff850f8310 0x100 B type UB
[ALL] [TBUF_STAT] ---------- tbuf used stat ----------
    UB USED: 0x200, Rate: 0.195312%
[ALL] [TBUF_STAT] ---------- tbuf used stat ----------
[ALL] [TBUF_STAT] ---------- tbuf init stat ----------
    UB USED: 0x600, Rate: 0.585938%
[ALL] [TBUF_STAT] ---------- tbuf init stat ----------
[MEMCHEK][CreateMemRecord] addr: 281472914129680len: 256

### copy_gm_to_ubuf((__ubuf__ void*)0xffff850f8110, (__gm__ void*)0xffff8c5dc300, (uint8_t)0, (uint16_t)1, (uint16_t)8, (uint16_t)0, (uint16_t)0);

[MTE2] [RECV_INST] copy_gm_to_ubuf type 0
[MTE2] [EXECUTE] copy_gm_to_ubuf type 0
[MTE2] read  data 0xffff8c5dc300 0x100 B type GM
[MTE2] [DATA_MARK] 0xffff8c5dc300 0x100 B type GM mark read
[MTE2] write data 0xffff850f8110 0x100 B type UB
[MTE2] checking pending queue
[MTE2] [CHECK_DATA] 0xffff850f8110 0x100 B type UB
[MTE2] checking wrote queue
[MTE2] [CHECK_DATA] 0xffff850f8110 0x100 B type UB
[MTE2] data matched whole 0xffff850f8010 0x300 stat 1
[MTE2] [CHECK_TBUF] 0xffff850f8110 0x100 B type UB
[MTE2] allocation buffer match result 0
[MEMCHEK] Mem[281472914129168]checkNum is 0

### copy_gm_to_ubuf((__ubuf__ void*)0xffff850f8310, (__gm__ void*)0xffff8c5ac300, (uint8_t)0, (uint16_t)1, (uint16_t)8, (uint16_t)0, (uint16_t)0);

[MTE2] [RECV_INST] copy_gm_to_ubuf type 0
[MTE2] [EXECUTE] copy_gm_to_ubuf type 0
[MTE2] read  data 0xffff8c5ac300 0x100 B type GM
[MTE2] [DATA_MARK] 0xffff8c5ac300 0x100 B type GM mark read
[MTE2] write data 0xffff850f8310 0x100 B type UB
[MTE2] checking pending queue
[MTE2] [CHECK_DATA] 0xffff850f8310 0x100 B type UB
[MTE2] checking wrote queue
[MTE2] [CHECK_DATA] 0xffff850f8310 0x100 B type UB
[MTE2] data matched whole 0xffff850f8210 0x200 stat 1
[MTE2] [CHECK_TBUF] 0xffff850f8310 0x100 B type UB
[MTE2] allocation buffer match result 0
[MEMCHEK] Mem[281472914129680]checkNum is 0

### set_flag((pipe_t)PIPE_MTE2, (pipe_t)PIPE_V, (event_t)0);

[MTE2] [RECV_INST] set_flag type 3
[MTE2] [EXECUTE] set_flag type 3
[MTE2] [SYNC_DATA] 0xffff850f8110 0x100 B type UB
[MTE2] [SYNC_DATA] 0xffff850f8310 0x100 B type UB
[MTE2] [send event] on set_flag 4 1 0
[MTE2] -> [V] [GET_DATA] 0xffff850f8010 0x400 B stat 1 type UB
[MTE2] -> [V] [GET_DATA] 0xffff850f8210 0x200 B stat 1 type UB
[V] [RECV_EVENT] SRC MTE2 DST V EVENT 0
[V] [RECV_DATA] 0xffff850f8010 0x400 B stat 1 type UB
[V] [RECV_DATA] 0xffff850f8210 0x200 B stat 1 type UB
[MEMCHEK] Mem[281472914129168]checkNum is 0

### set_flag((pipe_t)PIPE_MTE2, (pipe_t)PIPE_V, (event_t)1);

[MTE2] [RECV_INST] set_flag type 3
[MTE2] [EXECUTE] set_flag type 3
[MTE2] [send event] on set_flag 4 1 1
[MTE2] -> [V] [GET_DATA] 0xffff850f8010 0x400 B stat 1 type UB
[MTE2] -> [V] [GET_DATA] 0xffff850f8210 0x200 B stat 1 type UB
[V] [RECV_EVENT] SRC MTE2 DST V EVENT 1
[V] [RECV_DATA] 0xffff850f8010 0x400 B stat 1 type UB
[V] [RECV_DATA] 0xffff850f8210 0x200 B stat 1 type UB
[MEMCHEK] Mem[281472914129680]checkNum is 0

### wait_flag((pipe_t)PIPE_MTE2, (pipe_t)PIPE_V, (event_t)0);

[V] [RECV_INST] wait_flag type 4
[V] [EXECUTE] wait_flag type 4
[V] [no wait] on wait_flag 4 1 0
[MTE2] [EVENT_CLEAR] send 4 1 0 has been waited
[MEMCHEK] Mem[281472914129168]checkNum is 0

### wait_flag((pipe_t)PIPE_MTE2, (pipe_t)PIPE_V, (event_t)1);

[V] [RECV_INST] wait_flag type 4
[V] [EXECUTE] wait_flag type 4
[V] [no wait] on wait_flag 4 1 1
[MTE2] [EVENT_CLEAR] send 4 1 1 has been waited
[MEMCHEK] Mem[281472914129680]checkNum is 0

### wait_flag((pipe_t)PIPE_MTE3, (pipe_t)PIPE_V, (event_t)1);

[V] [RECV_INST] wait_flag type 4
[V] [EXECUTE] wait_flag type 4
[V] [no wait] on wait_flag 5 1 1
[MTE3] [EVENT_CLEAR] send 5 1 1 has been waited
[ALL] [TBUF_EVENT] ALLOC 0xffff850f8510 0x100 B type UB
[ALL] [TBUF_STAT] ---------- tbuf used stat ----------
    UB USED: 0x300, Rate: 0.292969%
[ALL] [TBUF_STAT] ---------- tbuf used stat ----------
[ALL] [TBUF_STAT] ---------- tbuf init stat ----------
    UB USED: 0x600, Rate: 0.585938%
[ALL] [TBUF_STAT] ---------- tbuf init stat ----------
[MEMCHEK][CreateMemRecord] addr: 281472914130192len: 256

### set_mask_count();

[set_mask_count] unsupported
[S] [RECV_INST] set_mask_count type 7
[S] [EXECUTE] set_mask_count type 7

### set_vector_mask((uint64_t)0, (uint64_t)128);

[V] [RECV_INST] set_vector_mask type 6
[V] [EXECUTE] set_vector_mask type 6

### vadd((__ubuf__ half*)0xffff850f8510, (__ubuf__ half*)0xffff850f8110, (__ubuf__ half*)0xffff850f8310, (uint8_t)1, (uint8_t)1, (uint8_t)1, (uint8_t)1, (uint8_t)8, (uint8_t)8, (uint8_t)8);

[V] [RECV_INST] vadd type 1
[V] [EXECUTE] vadd type 1
[MEMCHEK] Mem[281472914129168]checkNum is 0
[MEMCHEK] Mem[281472914129680]checkNum is 0
[MEMCHEK] Mem[281472914130192]checkNum is 0
DataMergeAllOnceAll dataLen: 256
[V] read  data 0xffff850f8110 0x100 B type UB
[V] checking synced queue
[V] [CHECK_DATA] 0xffff850f8110 0x100 B type UB
[V] data matched whole 0xffff850f8010 0x500 stat 1
[V] [DATA_MARK] 0xffff850f8110 0x100 B type UB mark read
[V] checking pending queue
[V] [CHECK_DATA] 0xffff850f8110 0x100 B type UB
[V] [CHECK_TBUF] 0xffff850f8110 0x100 B type UB
[V] allocation buffer match result 0
[V] read  data 0xffff850f8310 0x100 B type UB
[V] checking synced queue
[V] [CHECK_DATA] 0xffff850f8310 0x100 B type UB
[V] data matched whole 0xffff850f8010 0x500 stat 1
[V] [DATA_MARK] 0xffff850f8310 0x100 B type UB mark read
[V] [DATA_MARK] 0xffff850f8310 0x100 B type UB mark read
[V] checking pending queue
[V] [CHECK_DATA] 0xffff850f8310 0x100 B type UB
[V] [CHECK_TBUF] 0xffff850f8310 0x100 B type UB
[V] allocation buffer match result 0
[V] write data 0xffff850f8510 0x100 B type UB
[V] checking pending queue
[V] [CHECK_DATA] 0xffff850f8510 0x100 B type UB
[V] checking wrote queue
[V] [CHECK_DATA] 0xffff850f8510 0x100 B type UB
[V] data matched whole 0xffff850f8410 0x200 stat 1
[V] [CHECK_TBUF] 0xffff850f8510 0x100 B type UB
[V] allocation buffer match result 0

### set_mask_norm();

[set_mask_norm] unsupported
[S] [RECV_INST] set_mask_norm type 7
[S] [EXECUTE] set_mask_norm type 7

### set_vector_mask((uint64_t)18446744073709551615, (uint64_t)18446744073709551615);

[V] [RECV_INST] set_vector_mask type 6
[V] [EXECUTE] set_vector_mask type 6

### set_flag((pipe_t)PIPE_V, (pipe_t)PIPE_MTE3, (event_t)0);

[V] [RECV_INST] set_flag type 3
[V] [EXECUTE] set_flag type 3
[V] [SYNC_DATA] 0xffff850f8510 0x100 B type UB
[V] [send event] on set_flag 1 5 0
[V] -> [MTE3] [GET_DATA] 0xffff850f8410 0x200 B stat 1 type UB
[MTE3] [RECV_EVENT] SRC V DST MTE3 EVENT 0
[MTE3] [RECV_DATA] 0xffff850f8410 0x200 B stat 1 type UB
[MEMCHEK] Mem[281472914130192]checkNum is 0

### set_flag((pipe_t)PIPE_V, (pipe_t)PIPE_MTE2, (event_t)2);

[V] [RECV_INST] set_flag type 3
[V] [EXECUTE] set_flag type 3
[V] [send event] on set_flag 1 4 2
[V] -> [MTE2] [GET_DATA] 0xffff850f8410 0x200 B stat 1 type UB
[MTE2] [RECV_EVENT] SRC V DST MTE2 EVENT 2
[MTE2] [RECV_DATA] 0xffff850f8410 0x200 B stat 1 type UB
[ALL] [TBUF_EVENT] FREE 0xffff850f8110 0x100 B type UB
[ALL] [TBUF_STAT] ---------- tbuf used stat ----------
    UB USED: 0x200, Rate: 0.195312%
[ALL] [TBUF_STAT] ---------- tbuf used stat ----------
[ALL] [TBUF_STAT] ---------- tbuf init stat ----------
    UB USED: 0x600, Rate: 0.585938%
[ALL] [TBUF_STAT] ---------- tbuf init stat ----------
[MEMCHEK] Mem[281472914129168]checkNum is 0
[MEMCHEK] Mem[281472914129168] is FREE

### set_flag((pipe_t)PIPE_V, (pipe_t)PIPE_MTE2, (event_t)3);

[V] [RECV_INST] set_flag type 3
[V] [EXECUTE] set_flag type 3
[V] [send event] on set_flag 1 4 3
[V] -> [MTE2] [GET_DATA] 0xffff850f8410 0x200 B stat 1 type UB
[MTE2] [RECV_EVENT] SRC V DST MTE2 EVENT 3
[MTE2] [RECV_DATA] 0xffff850f8410 0x200 B stat 1 type UB
[ALL] [TBUF_EVENT] FREE 0xffff850f8310 0x100 B type UB
[ALL] [TBUF_STAT] ---------- tbuf used stat ----------
    UB USED: 0x100, Rate: 0.0976562%
[ALL] [TBUF_STAT] ---------- tbuf used stat ----------
[ALL] [TBUF_STAT] ---------- tbuf init stat ----------
    UB USED: 0x600, Rate: 0.585938%
[ALL] [TBUF_STAT] ---------- tbuf init stat ----------
[MEMCHEK] Mem[281472914129680]checkNum is 0
[MEMCHEK] Mem[281472914129680] is FREE

### wait_flag((pipe_t)PIPE_V, (pipe_t)PIPE_MTE3, (event_t)0);

[MTE3] [RECV_INST] wait_flag type 4
[MTE3] [EXECUTE] wait_flag type 4
[MTE3] [no wait] on wait_flag 1 5 0
[V] [EVENT_CLEAR] send 1 5 0 has been waited
[MEMCHEK] Mem[281472914130192]checkNum is 0

### copy_ubuf_to_gm((__gm__ void*)0xffff8b91c300, (__ubuf__ void*)0xffff850f8510, (uint8_t)0, (uint16_t)1, (uint16_t)8, (uint16_t)0, (uint16_t)0);

[MTE3] [RECV_INST] copy_ubuf_to_gm type 0
[MTE3] [EXECUTE] copy_ubuf_to_gm type 0
[MTE3] read  data 0xffff850f8510 0x100 B type UB
[MTE3] checking synced queue
[MTE3] [CHECK_DATA] 0xffff850f8510 0x100 B type UB
[MTE3] data matched whole 0xffff850f8410 0x200 stat 1
[MTE3] [DATA_MARK] 0xffff850f8510 0x100 B type UB mark read
[MTE3] checking pending queue
[MTE3] [CHECK_DATA] 0xffff850f8510 0x100 B type UB
[MTE3] [CHECK_TBUF] 0xffff850f8510 0x100 B type UB
[MTE3] allocation buffer match result 0
[MTE3] write data 0xffff8b91c300 0x100 B type GM
[MTE3] checking pending queue
[MTE3] [CHECK_DATA] 0xffff8b91c300 0x100 B type GM
[MTE3] checking wrote queue
[MTE3] [CHECK_DATA] 0xffff8b91c300 0x100 B type GM
[MTE3] [CHECK_TBUF] 0xffff8b91c300 0x100 B type GM
[MEMCHEK] Mem[281472914130192]checkNum is 0

### set_flag((pipe_t)PIPE_MTE3, (pipe_t)PIPE_V, (event_t)1);

[MTE3] [RECV_INST] set_flag type 3
[MTE3] [EXECUTE] set_flag type 3
[MTE3] [SYNC_DATA] 0xffff8b91c300 0x100 B type GM
[MTE3] [send event] on set_flag 5 1 1
[MTE3] -> [V] [GET_DATA] 0xffff8b91c000 0x400 B stat 1 type GM
[V] [RECV_EVENT] SRC MTE3 DST V EVENT 1
[V] [RECV_DATA] 0xffff8b91c000 0x400 B stat 1 type GM
[ALL] [TBUF_EVENT] FREE 0xffff850f8510 0x100 B type UB
[ALL] [TBUF_STAT] ---------- tbuf used stat ----------
[ALL] [TBUF_STAT] ---------- tbuf used stat ----------
[ALL] [TBUF_STAT] ---------- tbuf init stat ----------
    UB USED: 0x600, Rate: 0.585938%
[ALL] [TBUF_STAT] ---------- tbuf init stat ----------
[MEMCHEK] Mem[281472914130192]checkNum is 0
[MEMCHEK] Mem[281472914130192] is FREE

### wait_flag((pipe_t)PIPE_V, (pipe_t)PIPE_MTE2, (event_t)0);

[MTE2] [RECV_INST] wait_flag type 4
[MTE2] [EXECUTE] wait_flag type 4
[MTE2] [no wait] on wait_flag 1 4 0
[V] [EVENT_CLEAR] send 1 4 0 has been waited
[ALL] [TBUF_EVENT] ALLOC 0xffff850f8010 0x100 B type UB
[ALL] [TBUF_STAT] ---------- tbuf used stat ----------
    UB USED: 0x100, Rate: 0.0976562%
[ALL] [TBUF_STAT] ---------- tbuf used stat ----------
[ALL] [TBUF_STAT] ---------- tbuf init stat ----------
    UB USED: 0x600, Rate: 0.585938%
[ALL] [TBUF_STAT] ---------- tbuf init stat ----------
[MEMCHEK][CreateMemRecord] addr: 281472914128912len: 256

### wait_flag((pipe_t)PIPE_V, (pipe_t)PIPE_MTE2, (event_t)1);

[MTE2] [RECV_INST] wait_flag type 4
[MTE2] [EXECUTE] wait_flag type 4
[MTE2] [no wait] on wait_flag 1 4 1
[V] [EVENT_CLEAR] send 1 4 1 has been waited
[ALL] [TBUF_EVENT] ALLOC 0xffff850f8210 0x100 B type UB
[ALL] [TBUF_STAT] ---------- tbuf used stat ----------
    UB USED: 0x200, Rate: 0.195312%
[ALL] [TBUF_STAT] ---------- tbuf used stat ----------
[ALL] [TBUF_STAT] ---------- tbuf init stat ----------
    UB USED: 0x600, Rate: 0.585938%
[ALL] [TBUF_STAT] ---------- tbuf init stat ----------
[MEMCHEK][CreateMemRecord] addr: 281472914129424len: 256

### copy_gm_to_ubuf((__ubuf__ void*)0xffff850f8010, (__gm__ void*)0xffff8c5dc400, (uint8_t)0, (uint16_t)1, (uint16_t)8, (uint16_t)0, (uint16_t)0);

[MTE2] [RECV_INST] copy_gm_to_ubuf type 0
[MTE2] [EXECUTE] copy_gm_to_ubuf type 0
[MTE2] read  data 0xffff8c5dc400 0x100 B type GM
[MTE2] [DATA_MARK] 0xffff8c5dc400 0x100 B type GM mark read
[MTE2] write data 0xffff850f8010 0x100 B type UB
[MTE2] checking pending queue
[MTE2] [CHECK_DATA] 0xffff850f8010 0x100 B type UB
[MTE2] checking wrote queue
[MTE2] [CHECK_DATA] 0xffff850f8010 0x100 B type UB
[MTE2] data matched whole 0xffff850f8010 0x400 stat 1
[MTE2] [CHECK_TBUF] 0xffff850f8010 0x100 B type UB
[MTE2] allocation buffer match result 0
[MEMCHEK] Mem[281472914128912]checkNum is 0

### copy_gm_to_ubuf((__ubuf__ void*)0xffff850f8210, (__gm__ void*)0xffff8c5ac400, (uint8_t)0, (uint16_t)1, (uint16_t)8, (uint16_t)0, (uint16_t)0);

[MTE2] [RECV_INST] copy_gm_to_ubuf type 0
[MTE2] [EXECUTE] copy_gm_to_ubuf type 0
[MTE2] read  data 0xffff8c5ac400 0x100 B type GM
[MTE2] [DATA_MARK] 0xffff8c5ac400 0x100 B type GM mark read
[MTE2] write data 0xffff850f8210 0x100 B type UB
[MTE2] checking pending queue
[MTE2] [CHECK_DATA] 0xffff850f8210 0x100 B type UB
[MTE2] checking wrote queue
[MTE2] [CHECK_DATA] 0xffff850f8210 0x100 B type UB
[MTE2] data matched whole 0xffff850f8010 0x400 stat 1
[MTE2] [CHECK_TBUF] 0xffff850f8210 0x100 B type UB
[MTE2] allocation buffer match result 0
[MEMCHEK] Mem[281472914129424]checkNum is 0

### set_flag((pipe_t)PIPE_MTE2, (pipe_t)PIPE_V, (event_t)0);

[MTE2] [RECV_INST] set_flag type 3
[MTE2] [EXECUTE] set_flag type 3
[MTE2] [SYNC_DATA] 0xffff850f8010 0x100 B type UB
[MTE2] [SYNC_DATA] 0xffff850f8210 0x100 B type UB
[MTE2] [send event] on set_flag 4 1 0
[MTE2] -> [V] [GET_DATA] 0xffff850f8010 0x400 B stat 1 type UB
[MTE2] -> [V] [GET_DATA] 0xffff850f8210 0x200 B stat 1 type UB
[V] [RECV_EVENT] SRC MTE2 DST V EVENT 0
[V] [RECV_DATA] 0xffff850f8010 0x400 B stat 1 type UB
[V] [RECV_DATA] 0xffff850f8210 0x200 B stat 1 type UB
[MEMCHEK] Mem[281472914128912]checkNum is 0

### set_flag((pipe_t)PIPE_MTE2, (pipe_t)PIPE_V, (event_t)1);

[MTE2] [RECV_INST] set_flag type 3
[MTE2] [EXECUTE] set_flag type 3
[MTE2] [send event] on set_flag 4 1 1
[MTE2] -> [V] [GET_DATA] 0xffff850f8010 0x400 B stat 1 type UB
[MTE2] -> [V] [GET_DATA] 0xffff850f8210 0x200 B stat 1 type UB
[V] [RECV_EVENT] SRC MTE2 DST V EVENT 1
[V] [RECV_DATA] 0xffff850f8010 0x400 B stat 1 type UB
[V] [RECV_DATA] 0xffff850f8210 0x200 B stat 1 type UB
[MEMCHEK] Mem[281472914129424]checkNum is 0

### wait_flag((pipe_t)PIPE_MTE2, (pipe_t)PIPE_V, (event_t)0);

[V] [RECV_INST] wait_flag type 4
[V] [EXECUTE] wait_flag type 4
[V] [no wait] on wait_flag 4 1 0
[MTE2] [EVENT_CLEAR] send 4 1 0 has been waited
[MEMCHEK] Mem[281472914128912]checkNum is 0

### wait_flag((pipe_t)PIPE_MTE2, (pipe_t)PIPE_V, (event_t)1);

[V] [RECV_INST] wait_flag type 4
[V] [EXECUTE] wait_flag type 4
[V] [no wait] on wait_flag 4 1 1
[MTE2] [EVENT_CLEAR] send 4 1 1 has been waited
[MEMCHEK] Mem[281472914129424]checkNum is 0

### wait_flag((pipe_t)PIPE_MTE3, (pipe_t)PIPE_V, (event_t)0);

[V] [RECV_INST] wait_flag type 4
[V] [EXECUTE] wait_flag type 4
[V] [no wait] on wait_flag 5 1 0
[MTE3] [EVENT_CLEAR] send 5 1 0 has been waited
[ALL] [TBUF_EVENT] ALLOC 0xffff850f8410 0x100 B type UB
[ALL] [TBUF_STAT] ---------- tbuf used stat ----------
    UB USED: 0x300, Rate: 0.292969%
[ALL] [TBUF_STAT] ---------- tbuf used stat ----------
[ALL] [TBUF_STAT] ---------- tbuf init stat ----------
    UB USED: 0x600, Rate: 0.585938%
[ALL] [TBUF_STAT] ---------- tbuf init stat ----------
[MEMCHEK][CreateMemRecord] addr: 281472914129936len: 256

### set_mask_count();

[set_mask_count] unsupported
[S] [RECV_INST] set_mask_count type 7
[S] [EXECUTE] set_mask_count type 7

### set_vector_mask((uint64_t)0, (uint64_t)128);

[V] [RECV_INST] set_vector_mask type 6
[V] [EXECUTE] set_vector_mask type 6

### vadd((__ubuf__ half*)0xffff850f8410, (__ubuf__ half*)0xffff850f8010, (__ubuf__ half*)0xffff850f8210, (uint8_t)1, (uint8_t)1, (uint8_t)1, (uint8_t)1, (uint8_t)8, (uint8_t)8, (uint8_t)8);

[V] [RECV_INST] vadd type 1
[V] [EXECUTE] vadd type 1
[MEMCHEK] Mem[281472914128912]checkNum is 0
[MEMCHEK] Mem[281472914129424]checkNum is 0
[MEMCHEK] Mem[281472914129936]checkNum is 0
DataMergeAllOnceAll dataLen: 256
[V] read  data 0xffff850f8010 0x100 B type UB
[V] checking synced queue
[V] [CHECK_DATA] 0xffff850f8010 0x100 B type UB
[V] data matched whole 0xffff850f8010 0x600 stat 1
[V] [DATA_MARK] 0xffff850f8010 0x100 B type UB mark read
[V] checking pending queue
[V] [CHECK_DATA] 0xffff850f8010 0x100 B type UB
[V] [CHECK_TBUF] 0xffff850f8010 0x100 B type UB
[V] allocation buffer match result 0
[V] read  data 0xffff850f8210 0x100 B type UB
[V] checking synced queue
[V] [CHECK_DATA] 0xffff850f8210 0x100 B type UB
[V] data matched whole 0xffff850f8010 0x600 stat 1
[V] [DATA_MARK] 0xffff850f8210 0x100 B type UB mark read
[V] [DATA_MARK] 0xffff850f8210 0x100 B type UB mark read
[V] checking pending queue
[V] [CHECK_DATA] 0xffff850f8210 0x100 B type UB
[V] [CHECK_TBUF] 0xffff850f8210 0x100 B type UB
[V] allocation buffer match result 0
[V] write data 0xffff850f8410 0x100 B type UB
[V] checking pending queue
[V] [CHECK_DATA] 0xffff850f8410 0x100 B type UB
[V] checking wrote queue
[V] [CHECK_DATA] 0xffff850f8410 0x100 B type UB
[V] data matched whole 0xffff850f8410 0x200 stat 1
[V] [CHECK_TBUF] 0xffff850f8410 0x100 B type UB
[V] allocation buffer match result 0

### set_mask_norm();

[set_mask_norm] unsupported
[S] [RECV_INST] set_mask_norm type 7
[S] [EXECUTE] set_mask_norm type 7

### set_vector_mask((uint64_t)18446744073709551615, (uint64_t)18446744073709551615);

[V] [RECV_INST] set_vector_mask type 6
[V] [EXECUTE] set_vector_mask type 6

### set_flag((pipe_t)PIPE_V, (pipe_t)PIPE_MTE3, (event_t)0);

[V] [RECV_INST] set_flag type 3
[V] [EXECUTE] set_flag type 3
[V] [SYNC_DATA] 0xffff850f8410 0x100 B type UB
[V] [send event] on set_flag 1 5 0
[V] -> [MTE3] [GET_DATA] 0xffff850f8410 0x200 B stat 1 type UB
[MTE3] [RECV_EVENT] SRC V DST MTE3 EVENT 0
[MTE3] [RECV_DATA] 0xffff850f8410 0x200 B stat 1 type UB
[MEMCHEK] Mem[281472914129936]checkNum is 0

### set_flag((pipe_t)PIPE_V, (pipe_t)PIPE_MTE2, (event_t)0);

[V] [RECV_INST] set_flag type 3
[V] [EXECUTE] set_flag type 3
[V] [send event] on set_flag 1 4 0
[V] -> [MTE2] [GET_DATA] 0xffff850f8410 0x200 B stat 1 type UB
[MTE2] [RECV_EVENT] SRC V DST MTE2 EVENT 0
[MTE2] [RECV_DATA] 0xffff850f8410 0x200 B stat 1 type UB
[ALL] [TBUF_EVENT] FREE 0xffff850f8010 0x100 B type UB
[ALL] [TBUF_STAT] ---------- tbuf used stat ----------
    UB USED: 0x200, Rate: 0.195312%
[ALL] [TBUF_STAT] ---------- tbuf used stat ----------
[ALL] [TBUF_STAT] ---------- tbuf init stat ----------
    UB USED: 0x600, Rate: 0.585938%
[ALL] [TBUF_STAT] ---------- tbuf init stat ----------
[MEMCHEK] Mem[281472914128912]checkNum is 0
[MEMCHEK] Mem[281472914128912] is FREE

### set_flag((pipe_t)PIPE_V, (pipe_t)PIPE_MTE2, (event_t)1);

[V] [RECV_INST] set_flag type 3
[V] [EXECUTE] set_flag type 3
[V] [send event] on set_flag 1 4 1
[V] -> [MTE2] [GET_DATA] 0xffff850f8410 0x200 B stat 1 type UB
[MTE2] [RECV_EVENT] SRC V DST MTE2 EVENT 1
[MTE2] [RECV_DATA] 0xffff850f8410 0x200 B stat 1 type UB
[ALL] [TBUF_EVENT] FREE 0xffff850f8210 0x100 B type UB
[ALL] [TBUF_STAT] ---------- tbuf used stat ----------
    UB USED: 0x100, Rate: 0.0976562%
[ALL] [TBUF_STAT] ---------- tbuf used stat ----------
[ALL] [TBUF_STAT] ---------- tbuf init stat ----------
    UB USED: 0x600, Rate: 0.585938%
[ALL] [TBUF_STAT] ---------- tbuf init stat ----------
[MEMCHEK] Mem[281472914129424]checkNum is 0
[MEMCHEK] Mem[281472914129424] is FREE

### wait_flag((pipe_t)PIPE_V, (pipe_t)PIPE_MTE3, (event_t)0);

[MTE3] [RECV_INST] wait_flag type 4
[MTE3] [EXECUTE] wait_flag type 4
[MTE3] [no wait] on wait_flag 1 5 0
[V] [EVENT_CLEAR] send 1 5 0 has been waited
[MEMCHEK] Mem[281472914129936]checkNum is 0

### copy_ubuf_to_gm((__gm__ void*)0xffff8b91c400, (__ubuf__ void*)0xffff850f8410, (uint8_t)0, (uint16_t)1, (uint16_t)8, (uint16_t)0, (uint16_t)0);

[MTE3] [RECV_INST] copy_ubuf_to_gm type 0
[MTE3] [EXECUTE] copy_ubuf_to_gm type 0
[MTE3] read  data 0xffff850f8410 0x100 B type UB
[MTE3] checking synced queue
[MTE3] [CHECK_DATA] 0xffff850f8410 0x100 B type UB
[MTE3] data matched whole 0xffff850f8410 0x200 stat 1
[MTE3] [DATA_MARK] 0xffff850f8410 0x100 B type UB mark read
[MTE3] checking pending queue
[MTE3] [CHECK_DATA] 0xffff850f8410 0x100 B type UB
[MTE3] [CHECK_TBUF] 0xffff850f8410 0x100 B type UB
[MTE3] allocation buffer match result 0
[MTE3] write data 0xffff8b91c400 0x100 B type GM
[MTE3] checking pending queue
[MTE3] [CHECK_DATA] 0xffff8b91c400 0x100 B type GM
[MTE3] checking wrote queue
[MTE3] [CHECK_DATA] 0xffff8b91c400 0x100 B type GM
[MTE3] [CHECK_TBUF] 0xffff8b91c400 0x100 B type GM
[MEMCHEK] Mem[281472914129936]checkNum is 0

### set_flag((pipe_t)PIPE_MTE3, (pipe_t)PIPE_V, (event_t)0);

[MTE3] [RECV_INST] set_flag type 3
[MTE3] [EXECUTE] set_flag type 3
[MTE3] [SYNC_DATA] 0xffff8b91c400 0x100 B type GM
[MTE3] [send event] on set_flag 5 1 0
[MTE3] -> [V] [GET_DATA] 0xffff8b91c000 0x500 B stat 1 type GM
[V] [RECV_EVENT] SRC MTE3 DST V EVENT 0
[V] [RECV_DATA] 0xffff8b91c000 0x500 B stat 1 type GM
[ALL] [TBUF_EVENT] FREE 0xffff850f8410 0x100 B type UB
[ALL] [TBUF_STAT] ---------- tbuf used stat ----------
[ALL] [TBUF_STAT] ---------- tbuf used stat ----------
[ALL] [TBUF_STAT] ---------- tbuf init stat ----------
    UB USED: 0x600, Rate: 0.585938%
[ALL] [TBUF_STAT] ---------- tbuf init stat ----------
[MEMCHEK] Mem[281472914129936]checkNum is 0
[MEMCHEK] Mem[281472914129936] is FREE

### wait_flag((pipe_t)PIPE_V, (pipe_t)PIPE_MTE2, (event_t)2);

[MTE2] [RECV_INST] wait_flag type 4
[MTE2] [EXECUTE] wait_flag type 4
[MTE2] [no wait] on wait_flag 1 4 2
[V] [EVENT_CLEAR] send 1 4 2 has been waited
[ALL] [TBUF_EVENT] ALLOC 0xffff850f8110 0x100 B type UB
[ALL] [TBUF_STAT] ---------- tbuf used stat ----------
    UB USED: 0x100, Rate: 0.0976562%
[ALL] [TBUF_STAT] ---------- tbuf used stat ----------
[ALL] [TBUF_STAT] ---------- tbuf init stat ----------
    UB USED: 0x600, Rate: 0.585938%
[ALL] [TBUF_STAT] ---------- tbuf init stat ----------
[MEMCHEK][CreateMemRecord] addr: 281472914129168len: 256

### wait_flag((pipe_t)PIPE_V, (pipe_t)PIPE_MTE2, (event_t)3);

[MTE2] [RECV_INST] wait_flag type 4
[MTE2] [EXECUTE] wait_flag type 4
[MTE2] [no wait] on wait_flag 1 4 3
[V] [EVENT_CLEAR] send 1 4 3 has been waited
[ALL] [TBUF_EVENT] ALLOC 0xffff850f8310 0x100 B type UB
[ALL] [TBUF_STAT] ---------- tbuf used stat ----------
    UB USED: 0x200, Rate: 0.195312%
[ALL] [TBUF_STAT] ---------- tbuf used stat ----------
[ALL] [TBUF_STAT] ---------- tbuf init stat ----------
    UB USED: 0x600, Rate: 0.585938%
[ALL] [TBUF_STAT] ---------- tbuf init stat ----------
[MEMCHEK][CreateMemRecord] addr: 281472914129680len: 256

### copy_gm_to_ubuf((__ubuf__ void*)0xffff850f8110, (__gm__ void*)0xffff8c5dc500, (uint8_t)0, (uint16_t)1, (uint16_t)8, (uint16_t)0, (uint16_t)0);

[MTE2] [RECV_INST] copy_gm_to_ubuf type 0
[MTE2] [EXECUTE] copy_gm_to_ubuf type 0
[MTE2] read  data 0xffff8c5dc500 0x100 B type GM
[MTE2] [DATA_MARK] 0xffff8c5dc500 0x100 B type GM mark read
[MTE2] write data 0xffff850f8110 0x100 B type UB
[MTE2] checking pending queue
[MTE2] [CHECK_DATA] 0xffff850f8110 0x100 B type UB
[MTE2] checking wrote queue
[MTE2] [CHECK_DATA] 0xffff850f8110 0x100 B type UB
[MTE2] data matched whole 0xffff850f8010 0x400 stat 1
[MTE2] [CHECK_TBUF] 0xffff850f8110 0x100 B type UB
[MTE2] allocation buffer match result 0
[MEMCHEK] Mem[281472914129168]checkNum is 0

### copy_gm_to_ubuf((__ubuf__ void*)0xffff850f8310, (__gm__ void*)0xffff8c5ac500, (uint8_t)0, (uint16_t)1, (uint16_t)8, (uint16_t)0, (uint16_t)0);

[MTE2] [RECV_INST] copy_gm_to_ubuf type 0
[MTE2] [EXECUTE] copy_gm_to_ubuf type 0
[MTE2] read  data 0xffff8c5ac500 0x100 B type GM
[MTE2] [DATA_MARK] 0xffff8c5ac500 0x100 B type GM mark read
[MTE2] write data 0xffff850f8310 0x100 B type UB
[MTE2] checking pending queue
[MTE2] [CHECK_DATA] 0xffff850f8310 0x100 B type UB
[MTE2] checking wrote queue
[MTE2] [CHECK_DATA] 0xffff850f8310 0x100 B type UB
[MTE2] data matched whole 0xffff850f8010 0x400 stat 1
[MTE2] [CHECK_TBUF] 0xffff850f8310 0x100 B type UB
[MTE2] allocation buffer match result 0
[MEMCHEK] Mem[281472914129680]checkNum is 0

### set_flag((pipe_t)PIPE_MTE2, (pipe_t)PIPE_V, (event_t)0);

[MTE2] [RECV_INST] set_flag type 3
[MTE2] [EXECUTE] set_flag type 3
[MTE2] [SYNC_DATA] 0xffff850f8110 0x100 B type UB
[MTE2] [SYNC_DATA] 0xffff850f8310 0x100 B type UB
[MTE2] [send event] on set_flag 4 1 0
[MTE2] -> [V] [GET_DATA] 0xffff850f8010 0x400 B stat 1 type UB
[MTE2] -> [V] [GET_DATA] 0xffff850f8210 0x200 B stat 1 type UB
[V] [RECV_EVENT] SRC MTE2 DST V EVENT 0
[V] [RECV_DATA] 0xffff850f8010 0x400 B stat 1 type UB
[V] [RECV_DATA] 0xffff850f8210 0x200 B stat 1 type UB
[MEMCHEK] Mem[281472914129168]checkNum is 0

### set_flag((pipe_t)PIPE_MTE2, (pipe_t)PIPE_V, (event_t)1);

[MTE2] [RECV_INST] set_flag type 3
[MTE2] [EXECUTE] set_flag type 3
[MTE2] [send event] on set_flag 4 1 1
[MTE2] -> [V] [GET_DATA] 0xffff850f8010 0x400 B stat 1 type UB
[MTE2] -> [V] [GET_DATA] 0xffff850f8210 0x200 B stat 1 type UB
[V] [RECV_EVENT] SRC MTE2 DST V EVENT 1
[V] [RECV_DATA] 0xffff850f8010 0x400 B stat 1 type UB
[V] [RECV_DATA] 0xffff850f8210 0x200 B stat 1 type UB
[MEMCHEK] Mem[281472914129680]checkNum is 0

### wait_flag((pipe_t)PIPE_MTE2, (pipe_t)PIPE_V, (event_t)0);

[V] [RECV_INST] wait_flag type 4
[V] [EXECUTE] wait_flag type 4
[V] [no wait] on wait_flag 4 1 0
[MTE2] [EVENT_CLEAR] send 4 1 0 has been waited
[MEMCHEK] Mem[281472914129168]checkNum is 0

### wait_flag((pipe_t)PIPE_MTE2, (pipe_t)PIPE_V, (event_t)1);

[V] [RECV_INST] wait_flag type 4
[V] [EXECUTE] wait_flag type 4
[V] [no wait] on wait_flag 4 1 1
[MTE2] [EVENT_CLEAR] send 4 1 1 has been waited
[MEMCHEK] Mem[281472914129680]checkNum is 0

### wait_flag((pipe_t)PIPE_MTE3, (pipe_t)PIPE_V, (event_t)1);

[V] [RECV_INST] wait_flag type 4
[V] [EXECUTE] wait_flag type 4
[V] [no wait] on wait_flag 5 1 1
[MTE3] [EVENT_CLEAR] send 5 1 1 has been waited
[ALL] [TBUF_EVENT] ALLOC 0xffff850f8510 0x100 B type UB
[ALL] [TBUF_STAT] ---------- tbuf used stat ----------
    UB USED: 0x300, Rate: 0.292969%
[ALL] [TBUF_STAT] ---------- tbuf used stat ----------
[ALL] [TBUF_STAT] ---------- tbuf init stat ----------
    UB USED: 0x600, Rate: 0.585938%
[ALL] [TBUF_STAT] ---------- tbuf init stat ----------
[MEMCHEK][CreateMemRecord] addr: 281472914130192len: 256

### set_mask_count();

[set_mask_count] unsupported
[S] [RECV_INST] set_mask_count type 7
[S] [EXECUTE] set_mask_count type 7

### set_vector_mask((uint64_t)0, (uint64_t)128);

[V] [RECV_INST] set_vector_mask type 6
[V] [EXECUTE] set_vector_mask type 6

### vadd((__ubuf__ half*)0xffff850f8510, (__ubuf__ half*)0xffff850f8110, (__ubuf__ half*)0xffff850f8310, (uint8_t)1, (uint8_t)1, (uint8_t)1, (uint8_t)1, (uint8_t)8, (uint8_t)8, (uint8_t)8);

[V] [RECV_INST] vadd type 1
[V] [EXECUTE] vadd type 1
[MEMCHEK] Mem[281472914129168]checkNum is 0
[MEMCHEK] Mem[281472914129680]checkNum is 0
[MEMCHEK] Mem[281472914130192]checkNum is 0
DataMergeAllOnceAll dataLen: 256
[V] read  data 0xffff850f8110 0x100 B type UB
[V] checking synced queue
[V] [CHECK_DATA] 0xffff850f8110 0x100 B type UB
[V] data matched whole 0xffff850f8010 0x600 stat 1
[V] [DATA_MARK] 0xffff850f8110 0x100 B type UB mark read
[V] checking pending queue
[V] [CHECK_DATA] 0xffff850f8110 0x100 B type UB
[V] [CHECK_TBUF] 0xffff850f8110 0x100 B type UB
[V] allocation buffer match result 0
[V] read  data 0xffff850f8310 0x100 B type UB
[V] checking synced queue
[V] [CHECK_DATA] 0xffff850f8310 0x100 B type UB
[V] data matched whole 0xffff850f8010 0x600 stat 1
[V] [DATA_MARK] 0xffff850f8310 0x100 B type UB mark read
[V] [DATA_MARK] 0xffff850f8310 0x100 B type UB mark read
[V] checking pending queue
[V] [CHECK_DATA] 0xffff850f8310 0x100 B type UB
[V] [CHECK_TBUF] 0xffff850f8310 0x100 B type UB
[V] allocation buffer match result 0
[V] write data 0xffff850f8510 0x100 B type UB
[V] checking pending queue
[V] [CHECK_DATA] 0xffff850f8510 0x100 B type UB
[V] checking wrote queue
[V] [CHECK_DATA] 0xffff850f8510 0x100 B type UB
[V] data matched whole 0xffff850f8410 0x200 stat 1
[V] [CHECK_TBUF] 0xffff850f8510 0x100 B type UB
[V] allocation buffer match result 0

### set_mask_norm();

[set_mask_norm] unsupported
[S] [RECV_INST] set_mask_norm type 7
[S] [EXECUTE] set_mask_norm type 7

### set_vector_mask((uint64_t)18446744073709551615, (uint64_t)18446744073709551615);

[V] [RECV_INST] set_vector_mask type 6
[V] [EXECUTE] set_vector_mask type 6

### set_flag((pipe_t)PIPE_V, (pipe_t)PIPE_MTE3, (event_t)0);

[V] [RECV_INST] set_flag type 3
[V] [EXECUTE] set_flag type 3
[V] [SYNC_DATA] 0xffff850f8510 0x100 B type UB
[V] [send event] on set_flag 1 5 0
[V] -> [MTE3] [GET_DATA] 0xffff850f8410 0x200 B stat 1 type UB
[MTE3] [RECV_EVENT] SRC V DST MTE3 EVENT 0
[MTE3] [RECV_DATA] 0xffff850f8410 0x200 B stat 1 type UB
[MEMCHEK] Mem[281472914130192]checkNum is 0

### set_flag((pipe_t)PIPE_V, (pipe_t)PIPE_MTE2, (event_t)2);

[V] [RECV_INST] set_flag type 3
[V] [EXECUTE] set_flag type 3
[V] [send event] on set_flag 1 4 2
[V] -> [MTE2] [GET_DATA] 0xffff850f8410 0x200 B stat 1 type UB
[MTE2] [RECV_EVENT] SRC V DST MTE2 EVENT 2
[MTE2] [RECV_DATA] 0xffff850f8410 0x200 B stat 1 type UB
[ALL] [TBUF_EVENT] FREE 0xffff850f8110 0x100 B type UB
[ALL] [TBUF_STAT] ---------- tbuf used stat ----------
    UB USED: 0x200, Rate: 0.195312%
[ALL] [TBUF_STAT] ---------- tbuf used stat ----------
[ALL] [TBUF_STAT] ---------- tbuf init stat ----------
    UB USED: 0x600, Rate: 0.585938%
[ALL] [TBUF_STAT] ---------- tbuf init stat ----------
[MEMCHEK] Mem[281472914129168]checkNum is 0
[MEMCHEK] Mem[281472914129168] is FREE

### set_flag((pipe_t)PIPE_V, (pipe_t)PIPE_MTE2, (event_t)3);

[V] [RECV_INST] set_flag type 3
[V] [EXECUTE] set_flag type 3
[V] [send event] on set_flag 1 4 3
[V] -> [MTE2] [GET_DATA] 0xffff850f8410 0x200 B stat 1 type UB
[MTE2] [RECV_EVENT] SRC V DST MTE2 EVENT 3
[MTE2] [RECV_DATA] 0xffff850f8410 0x200 B stat 1 type UB
[ALL] [TBUF_EVENT] FREE 0xffff850f8310 0x100 B type UB
[ALL] [TBUF_STAT] ---------- tbuf used stat ----------
    UB USED: 0x100, Rate: 0.0976562%
[ALL] [TBUF_STAT] ---------- tbuf used stat ----------
[ALL] [TBUF_STAT] ---------- tbuf init stat ----------
    UB USED: 0x600, Rate: 0.585938%
[ALL] [TBUF_STAT] ---------- tbuf init stat ----------
[MEMCHEK] Mem[281472914129680]checkNum is 0
[MEMCHEK] Mem[281472914129680] is FREE

### wait_flag((pipe_t)PIPE_V, (pipe_t)PIPE_MTE3, (event_t)0);

[MTE3] [RECV_INST] wait_flag type 4
[MTE3] [EXECUTE] wait_flag type 4
[MTE3] [no wait] on wait_flag 1 5 0
[V] [EVENT_CLEAR] send 1 5 0 has been waited
[MEMCHEK] Mem[281472914130192]checkNum is 0

### copy_ubuf_to_gm((__gm__ void*)0xffff8b91c500, (__ubuf__ void*)0xffff850f8510, (uint8_t)0, (uint16_t)1, (uint16_t)8, (uint16_t)0, (uint16_t)0);

[MTE3] [RECV_INST] copy_ubuf_to_gm type 0
[MTE3] [EXECUTE] copy_ubuf_to_gm type 0
[MTE3] read  data 0xffff850f8510 0x100 B type UB
[MTE3] checking synced queue
[MTE3] [CHECK_DATA] 0xffff850f8510 0x100 B type UB
[MTE3] data matched whole 0xffff850f8410 0x200 stat 1
[MTE3] [DATA_MARK] 0xffff850f8510 0x100 B type UB mark read
[MTE3] checking pending queue
[MTE3] [CHECK_DATA] 0xffff850f8510 0x100 B type UB
[MTE3] [CHECK_TBUF] 0xffff850f8510 0x100 B type UB
[MTE3] allocation buffer match result 0
[MTE3] write data 0xffff8b91c500 0x100 B type GM
[MTE3] checking pending queue
[MTE3] [CHECK_DATA] 0xffff8b91c500 0x100 B type GM
[MTE3] checking wrote queue
[MTE3] [CHECK_DATA] 0xffff8b91c500 0x100 B type GM
[MTE3] [CHECK_TBUF] 0xffff8b91c500 0x100 B type GM
[MEMCHEK] Mem[281472914130192]checkNum is 0

### set_flag((pipe_t)PIPE_MTE3, (pipe_t)PIPE_V, (event_t)1);

[MTE3] [RECV_INST] set_flag type 3
[MTE3] [EXECUTE] set_flag type 3
[MTE3] [SYNC_DATA] 0xffff8b91c500 0x100 B type GM
[MTE3] [send event] on set_flag 5 1 1
[MTE3] -> [V] [GET_DATA] 0xffff8b91c000 0x600 B stat 1 type GM
[V] [RECV_EVENT] SRC MTE3 DST V EVENT 1
[V] [RECV_DATA] 0xffff8b91c000 0x600 B stat 1 type GM
[ALL] [TBUF_EVENT] FREE 0xffff850f8510 0x100 B type UB
[ALL] [TBUF_STAT] ---------- tbuf used stat ----------
[ALL] [TBUF_STAT] ---------- tbuf used stat ----------
[ALL] [TBUF_STAT] ---------- tbuf init stat ----------
    UB USED: 0x600, Rate: 0.585938%
[ALL] [TBUF_STAT] ---------- tbuf init stat ----------
[MEMCHEK] Mem[281472914130192]checkNum is 0
[MEMCHEK] Mem[281472914130192] is FREE

### wait_flag((pipe_t)PIPE_V, (pipe_t)PIPE_MTE2, (event_t)0);

[MTE2] [RECV_INST] wait_flag type 4
[MTE2] [EXECUTE] wait_flag type 4
[MTE2] [no wait] on wait_flag 1 4 0
[V] [EVENT_CLEAR] send 1 4 0 has been waited
[ALL] [TBUF_EVENT] ALLOC 0xffff850f8010 0x100 B type UB
[ALL] [TBUF_STAT] ---------- tbuf used stat ----------
    UB USED: 0x100, Rate: 0.0976562%
[ALL] [TBUF_STAT] ---------- tbuf used stat ----------
[ALL] [TBUF_STAT] ---------- tbuf init stat ----------
    UB USED: 0x600, Rate: 0.585938%
[ALL] [TBUF_STAT] ---------- tbuf init stat ----------
[MEMCHEK][CreateMemRecord] addr: 281472914128912len: 256

### wait_flag((pipe_t)PIPE_V, (pipe_t)PIPE_MTE2, (event_t)1);

[MTE2] [RECV_INST] wait_flag type 4
[MTE2] [EXECUTE] wait_flag type 4
[MTE2] [no wait] on wait_flag 1 4 1
[V] [EVENT_CLEAR] send 1 4 1 has been waited
[ALL] [TBUF_EVENT] ALLOC 0xffff850f8210 0x100 B type UB
[ALL] [TBUF_STAT] ---------- tbuf used stat ----------
    UB USED: 0x200, Rate: 0.195312%
[ALL] [TBUF_STAT] ---------- tbuf used stat ----------
[ALL] [TBUF_STAT] ---------- tbuf init stat ----------
    UB USED: 0x600, Rate: 0.585938%
[ALL] [TBUF_STAT] ---------- tbuf init stat ----------
[MEMCHEK][CreateMemRecord] addr: 281472914129424len: 256

### copy_gm_to_ubuf((__ubuf__ void*)0xffff850f8010, (__gm__ void*)0xffff8c5dc600, (uint8_t)0, (uint16_t)1, (uint16_t)8, (uint16_t)0, (uint16_t)0);

[MTE2] [RECV_INST] copy_gm_to_ubuf type 0
[MTE2] [EXECUTE] copy_gm_to_ubuf type 0
[MTE2] read  data 0xffff8c5dc600 0x100 B type GM
[MTE2] [DATA_MARK] 0xffff8c5dc600 0x100 B type GM mark read
[MTE2] write data 0xffff850f8010 0x100 B type UB
[MTE2] checking pending queue
[MTE2] [CHECK_DATA] 0xffff850f8010 0x100 B type UB
[MTE2] checking wrote queue
[MTE2] [CHECK_DATA] 0xffff850f8010 0x100 B type UB
[MTE2] data matched whole 0xffff850f8010 0x400 stat 1
[MTE2] [CHECK_TBUF] 0xffff850f8010 0x100 B type UB
[MTE2] allocation buffer match result 0
[MEMCHEK] Mem[281472914128912]checkNum is 0

### copy_gm_to_ubuf((__ubuf__ void*)0xffff850f8210, (__gm__ void*)0xffff8c5ac600, (uint8_t)0, (uint16_t)1, (uint16_t)8, (uint16_t)0, (uint16_t)0);

[MTE2] [RECV_INST] copy_gm_to_ubuf type 0
[MTE2] [EXECUTE] copy_gm_to_ubuf type 0
[MTE2] read  data 0xffff8c5ac600 0x100 B type GM
[MTE2] [DATA_MARK] 0xffff8c5ac600 0x100 B type GM mark read
[MTE2] write data 0xffff850f8210 0x100 B type UB
[MTE2] checking pending queue
[MTE2] [CHECK_DATA] 0xffff850f8210 0x100 B type UB
[MTE2] checking wrote queue
[MTE2] [CHECK_DATA] 0xffff850f8210 0x100 B type UB
[MTE2] data matched whole 0xffff850f8010 0x400 stat 1
[MTE2] [CHECK_TBUF] 0xffff850f8210 0x100 B type UB
[MTE2] allocation buffer match result 0
[MEMCHEK] Mem[281472914129424]checkNum is 0

### set_flag((pipe_t)PIPE_MTE2, (pipe_t)PIPE_V, (event_t)0);

[MTE2] [RECV_INST] set_flag type 3
[MTE2] [EXECUTE] set_flag type 3
[MTE2] [SYNC_DATA] 0xffff850f8010 0x100 B type UB
[MTE2] [SYNC_DATA] 0xffff850f8210 0x100 B type UB
[MTE2] [send event] on set_flag 4 1 0
[MTE2] -> [V] [GET_DATA] 0xffff850f8010 0x400 B stat 1 type UB
[MTE2] -> [V] [GET_DATA] 0xffff850f8210 0x200 B stat 1 type UB
[V] [RECV_EVENT] SRC MTE2 DST V EVENT 0
[V] [RECV_DATA] 0xffff850f8010 0x400 B stat 1 type UB
[V] [RECV_DATA] 0xffff850f8210 0x200 B stat 1 type UB
[MEMCHEK] Mem[281472914128912]checkNum is 0

### set_flag((pipe_t)PIPE_MTE2, (pipe_t)PIPE_V, (event_t)1);

[MTE2] [RECV_INST] set_flag type 3
[MTE2] [EXECUTE] set_flag type 3
[MTE2] [send event] on set_flag 4 1 1
[MTE2] -> [V] [GET_DATA] 0xffff850f8010 0x400 B stat 1 type UB
[MTE2] -> [V] [GET_DATA] 0xffff850f8210 0x200 B stat 1 type UB
[V] [RECV_EVENT] SRC MTE2 DST V EVENT 1
[V] [RECV_DATA] 0xffff850f8010 0x400 B stat 1 type UB
[V] [RECV_DATA] 0xffff850f8210 0x200 B stat 1 type UB
[MEMCHEK] Mem[281472914129424]checkNum is 0

### wait_flag((pipe_t)PIPE_MTE2, (pipe_t)PIPE_V, (event_t)0);

[V] [RECV_INST] wait_flag type 4
[V] [EXECUTE] wait_flag type 4
[V] [no wait] on wait_flag 4 1 0
[MTE2] [EVENT_CLEAR] send 4 1 0 has been waited
[MEMCHEK] Mem[281472914128912]checkNum is 0

### wait_flag((pipe_t)PIPE_MTE2, (pipe_t)PIPE_V, (event_t)1);

[V] [RECV_INST] wait_flag type 4
[V] [EXECUTE] wait_flag type 4
[V] [no wait] on wait_flag 4 1 1
[MTE2] [EVENT_CLEAR] send 4 1 1 has been waited
[MEMCHEK] Mem[281472914129424]checkNum is 0

### wait_flag((pipe_t)PIPE_MTE3, (pipe_t)PIPE_V, (event_t)0);

[V] [RECV_INST] wait_flag type 4
[V] [EXECUTE] wait_flag type 4
[V] [no wait] on wait_flag 5 1 0
[MTE3] [EVENT_CLEAR] send 5 1 0 has been waited
[ALL] [TBUF_EVENT] ALLOC 0xffff850f8410 0x100 B type UB
[ALL] [TBUF_STAT] ---------- tbuf used stat ----------
    UB USED: 0x300, Rate: 0.292969%
[ALL] [TBUF_STAT] ---------- tbuf used stat ----------
[ALL] [TBUF_STAT] ---------- tbuf init stat ----------
    UB USED: 0x600, Rate: 0.585938%
[ALL] [TBUF_STAT] ---------- tbuf init stat ----------
[MEMCHEK][CreateMemRecord] addr: 281472914129936len: 256

### set_mask_count();

[set_mask_count] unsupported
[S] [RECV_INST] set_mask_count type 7
[S] [EXECUTE] set_mask_count type 7

### set_vector_mask((uint64_t)0, (uint64_t)128);

[V] [RECV_INST] set_vector_mask type 6
[V] [EXECUTE] set_vector_mask type 6

### vadd((__ubuf__ half*)0xffff850f8410, (__ubuf__ half*)0xffff850f8010, (__ubuf__ half*)0xffff850f8210, (uint8_t)1, (uint8_t)1, (uint8_t)1, (uint8_t)1, (uint8_t)8, (uint8_t)8, (uint8_t)8);

[V] [RECV_INST] vadd type 1
[V] [EXECUTE] vadd type 1
[MEMCHEK] Mem[281472914128912]checkNum is 0
[MEMCHEK] Mem[281472914129424]checkNum is 0
[MEMCHEK] Mem[281472914129936]checkNum is 0
DataMergeAllOnceAll dataLen: 256
[V] read  data 0xffff850f8010 0x100 B type UB
[V] checking synced queue
[V] [CHECK_DATA] 0xffff850f8010 0x100 B type UB
[V] data matched whole 0xffff850f8010 0x600 stat 1
[V] [DATA_MARK] 0xffff850f8010 0x100 B type UB mark read
[V] checking pending queue
[V] [CHECK_DATA] 0xffff850f8010 0x100 B type UB
[V] [CHECK_TBUF] 0xffff850f8010 0x100 B type UB
[V] allocation buffer match result 0
[V] read  data 0xffff850f8210 0x100 B type UB
[V] checking synced queue
[V] [CHECK_DATA] 0xffff850f8210 0x100 B type UB
[V] data matched whole 0xffff850f8010 0x600 stat 1
[V] [DATA_MARK] 0xffff850f8210 0x100 B type UB mark read
[V] [DATA_MARK] 0xffff850f8210 0x100 B type UB mark read
[V] checking pending queue
[V] [CHECK_DATA] 0xffff850f8210 0x100 B type UB
[V] [CHECK_TBUF] 0xffff850f8210 0x100 B type UB
[V] allocation buffer match result 0
[V] write data 0xffff850f8410 0x100 B type UB
[V] checking pending queue
[V] [CHECK_DATA] 0xffff850f8410 0x100 B type UB
[V] checking wrote queue
[V] [CHECK_DATA] 0xffff850f8410 0x100 B type UB
[V] data matched whole 0xffff850f8410 0x200 stat 1
[V] [CHECK_TBUF] 0xffff850f8410 0x100 B type UB
[V] allocation buffer match result 0

### set_mask_norm();

[set_mask_norm] unsupported
[S] [RECV_INST] set_mask_norm type 7
[S] [EXECUTE] set_mask_norm type 7

### set_vector_mask((uint64_t)18446744073709551615, (uint64_t)18446744073709551615);

[V] [RECV_INST] set_vector_mask type 6
[V] [EXECUTE] set_vector_mask type 6

### set_flag((pipe_t)PIPE_V, (pipe_t)PIPE_MTE3, (event_t)0);

[V] [RECV_INST] set_flag type 3
[V] [EXECUTE] set_flag type 3
[V] [SYNC_DATA] 0xffff850f8410 0x100 B type UB
[V] [send event] on set_flag 1 5 0
[V] -> [MTE3] [GET_DATA] 0xffff850f8410 0x200 B stat 1 type UB
[MTE3] [RECV_EVENT] SRC V DST MTE3 EVENT 0
[MTE3] [RECV_DATA] 0xffff850f8410 0x200 B stat 1 type UB
[MEMCHEK] Mem[281472914129936]checkNum is 0

### set_flag((pipe_t)PIPE_V, (pipe_t)PIPE_MTE2, (event_t)0);

[V] [RECV_INST] set_flag type 3
[V] [EXECUTE] set_flag type 3
[V] [send event] on set_flag 1 4 0
[V] -> [MTE2] [GET_DATA] 0xffff850f8410 0x200 B stat 1 type UB
[MTE2] [RECV_EVENT] SRC V DST MTE2 EVENT 0
[MTE2] [RECV_DATA] 0xffff850f8410 0x200 B stat 1 type UB
[ALL] [TBUF_EVENT] FREE 0xffff850f8010 0x100 B type UB
[ALL] [TBUF_STAT] ---------- tbuf used stat ----------
    UB USED: 0x200, Rate: 0.195312%
[ALL] [TBUF_STAT] ---------- tbuf used stat ----------
[ALL] [TBUF_STAT] ---------- tbuf init stat ----------
    UB USED: 0x600, Rate: 0.585938%
[ALL] [TBUF_STAT] ---------- tbuf init stat ----------
[MEMCHEK] Mem[281472914128912]checkNum is 0
[MEMCHEK] Mem[281472914128912] is FREE

### set_flag((pipe_t)PIPE_V, (pipe_t)PIPE_MTE2, (event_t)1);

[V] [RECV_INST] set_flag type 3
[V] [EXECUTE] set_flag type 3
[V] [send event] on set_flag 1 4 1
[V] -> [MTE2] [GET_DATA] 0xffff850f8410 0x200 B stat 1 type UB
[MTE2] [RECV_EVENT] SRC V DST MTE2 EVENT 1
[MTE2] [RECV_DATA] 0xffff850f8410 0x200 B stat 1 type UB
[ALL] [TBUF_EVENT] FREE 0xffff850f8210 0x100 B type UB
[ALL] [TBUF_STAT] ---------- tbuf used stat ----------
    UB USED: 0x100, Rate: 0.0976562%
[ALL] [TBUF_STAT] ---------- tbuf used stat ----------
[ALL] [TBUF_STAT] ---------- tbuf init stat ----------
    UB USED: 0x600, Rate: 0.585938%
[ALL] [TBUF_STAT] ---------- tbuf init stat ----------
[MEMCHEK] Mem[281472914129424]checkNum is 0
[MEMCHEK] Mem[281472914129424] is FREE

### wait_flag((pipe_t)PIPE_V, (pipe_t)PIPE_MTE3, (event_t)0);

[MTE3] [RECV_INST] wait_flag type 4
[MTE3] [EXECUTE] wait_flag type 4
[MTE3] [no wait] on wait_flag 1 5 0
[V] [EVENT_CLEAR] send 1 5 0 has been waited
[MEMCHEK] Mem[281472914129936]checkNum is 0

### copy_ubuf_to_gm((__gm__ void*)0xffff8b91c600, (__ubuf__ void*)0xffff850f8410, (uint8_t)0, (uint16_t)1, (uint16_t)8, (uint16_t)0, (uint16_t)0);

[MTE3] [RECV_INST] copy_ubuf_to_gm type 0
[MTE3] [EXECUTE] copy_ubuf_to_gm type 0
[MTE3] read  data 0xffff850f8410 0x100 B type UB
[MTE3] checking synced queue
[MTE3] [CHECK_DATA] 0xffff850f8410 0x100 B type UB
[MTE3] data matched whole 0xffff850f8410 0x200 stat 1
[MTE3] [DATA_MARK] 0xffff850f8410 0x100 B type UB mark read
[MTE3] checking pending queue
[MTE3] [CHECK_DATA] 0xffff850f8410 0x100 B type UB
[MTE3] [CHECK_TBUF] 0xffff850f8410 0x100 B type UB
[MTE3] allocation buffer match result 0
[MTE3] write data 0xffff8b91c600 0x100 B type GM
[MTE3] checking pending queue
[MTE3] [CHECK_DATA] 0xffff8b91c600 0x100 B type GM
[MTE3] checking wrote queue
[MTE3] [CHECK_DATA] 0xffff8b91c600 0x100 B type GM
[MTE3] [CHECK_TBUF] 0xffff8b91c600 0x100 B type GM
[MEMCHEK] Mem[281472914129936]checkNum is 0

### set_flag((pipe_t)PIPE_MTE3, (pipe_t)PIPE_V, (event_t)0);

[MTE3] [RECV_INST] set_flag type 3
[MTE3] [EXECUTE] set_flag type 3
[MTE3] [SYNC_DATA] 0xffff8b91c600 0x100 B type GM
[MTE3] [send event] on set_flag 5 1 0
[MTE3] -> [V] [GET_DATA] 0xffff8b91c000 0x700 B stat 1 type GM
[V] [RECV_EVENT] SRC MTE3 DST V EVENT 0
[V] [RECV_DATA] 0xffff8b91c000 0x700 B stat 1 type GM
[ALL] [TBUF_EVENT] FREE 0xffff850f8410 0x100 B type UB
[ALL] [TBUF_STAT] ---------- tbuf used stat ----------
[ALL] [TBUF_STAT] ---------- tbuf used stat ----------
[ALL] [TBUF_STAT] ---------- tbuf init stat ----------
    UB USED: 0x600, Rate: 0.585938%
[ALL] [TBUF_STAT] ---------- tbuf init stat ----------
[MEMCHEK] Mem[281472914129936]checkNum is 0
[MEMCHEK] Mem[281472914129936] is FREE

### wait_flag((pipe_t)PIPE_V, (pipe_t)PIPE_MTE2, (event_t)2);

[MTE2] [RECV_INST] wait_flag type 4
[MTE2] [EXECUTE] wait_flag type 4
[MTE2] [no wait] on wait_flag 1 4 2
[V] [EVENT_CLEAR] send 1 4 2 has been waited
[ALL] [TBUF_EVENT] ALLOC 0xffff850f8110 0x100 B type UB
[ALL] [TBUF_STAT] ---------- tbuf used stat ----------
    UB USED: 0x100, Rate: 0.0976562%
[ALL] [TBUF_STAT] ---------- tbuf used stat ----------
[ALL] [TBUF_STAT] ---------- tbuf init stat ----------
    UB USED: 0x600, Rate: 0.585938%
[ALL] [TBUF_STAT] ---------- tbuf init stat ----------
[MEMCHEK][CreateMemRecord] addr: 281472914129168len: 256

### wait_flag((pipe_t)PIPE_V, (pipe_t)PIPE_MTE2, (event_t)3);

[MTE2] [RECV_INST] wait_flag type 4
[MTE2] [EXECUTE] wait_flag type 4
[MTE2] [no wait] on wait_flag 1 4 3
[V] [EVENT_CLEAR] send 1 4 3 has been waited
[ALL] [TBUF_EVENT] ALLOC 0xffff850f8310 0x100 B type UB
[ALL] [TBUF_STAT] ---------- tbuf used stat ----------
    UB USED: 0x200, Rate: 0.195312%
[ALL] [TBUF_STAT] ---------- tbuf used stat ----------
[ALL] [TBUF_STAT] ---------- tbuf init stat ----------
    UB USED: 0x600, Rate: 0.585938%
[ALL] [TBUF_STAT] ---------- tbuf init stat ----------
[MEMCHEK][CreateMemRecord] addr: 281472914129680len: 256

### copy_gm_to_ubuf((__ubuf__ void*)0xffff850f8110, (__gm__ void*)0xffff8c5dc700, (uint8_t)0, (uint16_t)1, (uint16_t)8, (uint16_t)0, (uint16_t)0);

[MTE2] [RECV_INST] copy_gm_to_ubuf type 0
[MTE2] [EXECUTE] copy_gm_to_ubuf type 0
[MTE2] read  data 0xffff8c5dc700 0x100 B type GM
[MTE2] [DATA_MARK] 0xffff8c5dc700 0x100 B type GM mark read
[MTE2] write data 0xffff850f8110 0x100 B type UB
[MTE2] checking pending queue
[MTE2] [CHECK_DATA] 0xffff850f8110 0x100 B type UB
[MTE2] checking wrote queue
[MTE2] [CHECK_DATA] 0xffff850f8110 0x100 B type UB
[MTE2] data matched whole 0xffff850f8010 0x400 stat 1
[MTE2] [CHECK_TBUF] 0xffff850f8110 0x100 B type UB
[MTE2] allocation buffer match result 0
[MEMCHEK] Mem[281472914129168]checkNum is 0

### copy_gm_to_ubuf((__ubuf__ void*)0xffff850f8310, (__gm__ void*)0xffff8c5ac700, (uint8_t)0, (uint16_t)1, (uint16_t)8, (uint16_t)0, (uint16_t)0);

[MTE2] [RECV_INST] copy_gm_to_ubuf type 0
[MTE2] [EXECUTE] copy_gm_to_ubuf type 0
[MTE2] read  data 0xffff8c5ac700 0x100 B type GM
[MTE2] [DATA_MARK] 0xffff8c5ac700 0x100 B type GM mark read
[MTE2] write data 0xffff850f8310 0x100 B type UB
[MTE2] checking pending queue
[MTE2] [CHECK_DATA] 0xffff850f8310 0x100 B type UB
[MTE2] checking wrote queue
[MTE2] [CHECK_DATA] 0xffff850f8310 0x100 B type UB
[MTE2] data matched whole 0xffff850f8010 0x400 stat 1
[MTE2] [CHECK_TBUF] 0xffff850f8310 0x100 B type UB
[MTE2] allocation buffer match result 0
[MEMCHEK] Mem[281472914129680]checkNum is 0

### set_flag((pipe_t)PIPE_MTE2, (pipe_t)PIPE_V, (event_t)0);

[MTE2] [RECV_INST] set_flag type 3
[MTE2] [EXECUTE] set_flag type 3
[MTE2] [SYNC_DATA] 0xffff850f8110 0x100 B type UB
[MTE2] [SYNC_DATA] 0xffff850f8310 0x100 B type UB
[MTE2] [send event] on set_flag 4 1 0
[MTE2] -> [V] [GET_DATA] 0xffff850f8010 0x400 B stat 1 type UB
[MTE2] -> [V] [GET_DATA] 0xffff850f8210 0x200 B stat 1 type UB
[V] [RECV_EVENT] SRC MTE2 DST V EVENT 0
[V] [RECV_DATA] 0xffff850f8010 0x400 B stat 1 type UB
[V] [RECV_DATA] 0xffff850f8210 0x200 B stat 1 type UB
[MEMCHEK] Mem[281472914129168]checkNum is 0

### set_flag((pipe_t)PIPE_MTE2, (pipe_t)PIPE_V, (event_t)1);

[MTE2] [RECV_INST] set_flag type 3
[MTE2] [EXECUTE] set_flag type 3
[MTE2] [send event] on set_flag 4 1 1
[MTE2] -> [V] [GET_DATA] 0xffff850f8010 0x400 B stat 1 type UB
[MTE2] -> [V] [GET_DATA] 0xffff850f8210 0x200 B stat 1 type UB
[V] [RECV_EVENT] SRC MTE2 DST V EVENT 1
[V] [RECV_DATA] 0xffff850f8010 0x400 B stat 1 type UB
[V] [RECV_DATA] 0xffff850f8210 0x200 B stat 1 type UB
[MEMCHEK] Mem[281472914129680]checkNum is 0

### wait_flag((pipe_t)PIPE_MTE2, (pipe_t)PIPE_V, (event_t)0);

[V] [RECV_INST] wait_flag type 4
[V] [EXECUTE] wait_flag type 4
[V] [no wait] on wait_flag 4 1 0
[MTE2] [EVENT_CLEAR] send 4 1 0 has been waited
[MEMCHEK] Mem[281472914129168]checkNum is 0

### wait_flag((pipe_t)PIPE_MTE2, (pipe_t)PIPE_V, (event_t)1);

[V] [RECV_INST] wait_flag type 4
[V] [EXECUTE] wait_flag type 4
[V] [no wait] on wait_flag 4 1 1
[MTE2] [EVENT_CLEAR] send 4 1 1 has been waited
[MEMCHEK] Mem[281472914129680]checkNum is 0

### wait_flag((pipe_t)PIPE_MTE3, (pipe_t)PIPE_V, (event_t)1);

[V] [RECV_INST] wait_flag type 4
[V] [EXECUTE] wait_flag type 4
[V] [no wait] on wait_flag 5 1 1
[MTE3] [EVENT_CLEAR] send 5 1 1 has been waited
[ALL] [TBUF_EVENT] ALLOC 0xffff850f8510 0x100 B type UB
[ALL] [TBUF_STAT] ---------- tbuf used stat ----------
    UB USED: 0x300, Rate: 0.292969%
[ALL] [TBUF_STAT] ---------- tbuf used stat ----------
[ALL] [TBUF_STAT] ---------- tbuf init stat ----------
    UB USED: 0x600, Rate: 0.585938%
[ALL] [TBUF_STAT] ---------- tbuf init stat ----------
[MEMCHEK][CreateMemRecord] addr: 281472914130192len: 256

### set_mask_count();

[set_mask_count] unsupported
[S] [RECV_INST] set_mask_count type 7
[S] [EXECUTE] set_mask_count type 7

### set_vector_mask((uint64_t)0, (uint64_t)128);

[V] [RECV_INST] set_vector_mask type 6
[V] [EXECUTE] set_vector_mask type 6

### vadd((__ubuf__ half*)0xffff850f8510, (__ubuf__ half*)0xffff850f8110, (__ubuf__ half*)0xffff850f8310, (uint8_t)1, (uint8_t)1, (uint8_t)1, (uint8_t)1, (uint8_t)8, (uint8_t)8, (uint8_t)8);

[V] [RECV_INST] vadd type 1
[V] [EXECUTE] vadd type 1
[MEMCHEK] Mem[281472914129168]checkNum is 0
[MEMCHEK] Mem[281472914129680]checkNum is 0
[MEMCHEK] Mem[281472914130192]checkNum is 0
DataMergeAllOnceAll dataLen: 256
[V] read  data 0xffff850f8110 0x100 B type UB
[V] checking synced queue
[V] [CHECK_DATA] 0xffff850f8110 0x100 B type UB
[V] data matched whole 0xffff850f8010 0x600 stat 1
[V] [DATA_MARK] 0xffff850f8110 0x100 B type UB mark read
[V] checking pending queue
[V] [CHECK_DATA] 0xffff850f8110 0x100 B type UB
[V] [CHECK_TBUF] 0xffff850f8110 0x100 B type UB
[V] allocation buffer match result 0
[V] read  data 0xffff850f8310 0x100 B type UB
[V] checking synced queue
[V] [CHECK_DATA] 0xffff850f8310 0x100 B type UB
[V] data matched whole 0xffff850f8010 0x600 stat 1
[V] [DATA_MARK] 0xffff850f8310 0x100 B type UB mark read
[V] [DATA_MARK] 0xffff850f8310 0x100 B type UB mark read
[V] checking pending queue
[V] [CHECK_DATA] 0xffff850f8310 0x100 B type UB
[V] [CHECK_TBUF] 0xffff850f8310 0x100 B type UB
[V] allocation buffer match result 0
[V] write data 0xffff850f8510 0x100 B type UB
[V] checking pending queue
[V] [CHECK_DATA] 0xffff850f8510 0x100 B type UB
[V] checking wrote queue
[V] [CHECK_DATA] 0xffff850f8510 0x100 B type UB
[V] data matched whole 0xffff850f8410 0x200 stat 1
[V] [CHECK_TBUF] 0xffff850f8510 0x100 B type UB
[V] allocation buffer match result 0

### set_mask_norm();

[set_mask_norm] unsupported
[S] [RECV_INST] set_mask_norm type 7
[S] [EXECUTE] set_mask_norm type 7

### set_vector_mask((uint64_t)18446744073709551615, (uint64_t)18446744073709551615);

[V] [RECV_INST] set_vector_mask type 6
[V] [EXECUTE] set_vector_mask type 6

### set_flag((pipe_t)PIPE_V, (pipe_t)PIPE_MTE3, (event_t)0);

[V] [RECV_INST] set_flag type 3
[V] [EXECUTE] set_flag type 3
[V] [SYNC_DATA] 0xffff850f8510 0x100 B type UB
[V] [send event] on set_flag 1 5 0
[V] -> [MTE3] [GET_DATA] 0xffff850f8410 0x200 B stat 1 type UB
[MTE3] [RECV_EVENT] SRC V DST MTE3 EVENT 0
[MTE3] [RECV_DATA] 0xffff850f8410 0x200 B stat 1 type UB
[MEMCHEK] Mem[281472914130192]checkNum is 0

### set_flag((pipe_t)PIPE_V, (pipe_t)PIPE_MTE2, (event_t)2);

[V] [RECV_INST] set_flag type 3
[V] [EXECUTE] set_flag type 3
[V] [send event] on set_flag 1 4 2
[V] -> [MTE2] [GET_DATA] 0xffff850f8410 0x200 B stat 1 type UB
[MTE2] [RECV_EVENT] SRC V DST MTE2 EVENT 2
[MTE2] [RECV_DATA] 0xffff850f8410 0x200 B stat 1 type UB
[ALL] [TBUF_EVENT] FREE 0xffff850f8110 0x100 B type UB
[ALL] [TBUF_STAT] ---------- tbuf used stat ----------
    UB USED: 0x200, Rate: 0.195312%
[ALL] [TBUF_STAT] ---------- tbuf used stat ----------
[ALL] [TBUF_STAT] ---------- tbuf init stat ----------
    UB USED: 0x600, Rate: 0.585938%
[ALL] [TBUF_STAT] ---------- tbuf init stat ----------
[MEMCHEK] Mem[281472914129168]checkNum is 0
[MEMCHEK] Mem[281472914129168] is FREE

### set_flag((pipe_t)PIPE_V, (pipe_t)PIPE_MTE2, (event_t)3);

[V] [RECV_INST] set_flag type 3
[V] [EXECUTE] set_flag type 3
[V] [send event] on set_flag 1 4 3
[V] -> [MTE2] [GET_DATA] 0xffff850f8410 0x200 B stat 1 type UB
[MTE2] [RECV_EVENT] SRC V DST MTE2 EVENT 3
[MTE2] [RECV_DATA] 0xffff850f8410 0x200 B stat 1 type UB
[ALL] [TBUF_EVENT] FREE 0xffff850f8310 0x100 B type UB
[ALL] [TBUF_STAT] ---------- tbuf used stat ----------
    UB USED: 0x100, Rate: 0.0976562%
[ALL] [TBUF_STAT] ---------- tbuf used stat ----------
[ALL] [TBUF_STAT] ---------- tbuf init stat ----------
    UB USED: 0x600, Rate: 0.585938%
[ALL] [TBUF_STAT] ---------- tbuf init stat ----------
[MEMCHEK] Mem[281472914129680]checkNum is 0
[MEMCHEK] Mem[281472914129680] is FREE

### wait_flag((pipe_t)PIPE_V, (pipe_t)PIPE_MTE3, (event_t)0);

[MTE3] [RECV_INST] wait_flag type 4
[MTE3] [EXECUTE] wait_flag type 4
[MTE3] [no wait] on wait_flag 1 5 0
[V] [EVENT_CLEAR] send 1 5 0 has been waited
[MEMCHEK] Mem[281472914130192]checkNum is 0

### copy_ubuf_to_gm((__gm__ void*)0xffff8b91c700, (__ubuf__ void*)0xffff850f8510, (uint8_t)0, (uint16_t)1, (uint16_t)8, (uint16_t)0, (uint16_t)0);

[MTE3] [RECV_INST] copy_ubuf_to_gm type 0
[MTE3] [EXECUTE] copy_ubuf_to_gm type 0
[MTE3] read  data 0xffff850f8510 0x100 B type UB
[MTE3] checking synced queue
[MTE3] [CHECK_DATA] 0xffff850f8510 0x100 B type UB
[MTE3] data matched whole 0xffff850f8410 0x200 stat 1
[MTE3] [DATA_MARK] 0xffff850f8510 0x100 B type UB mark read
[MTE3] checking pending queue
[MTE3] [CHECK_DATA] 0xffff850f8510 0x100 B type UB
[MTE3] [CHECK_TBUF] 0xffff850f8510 0x100 B type UB
[MTE3] allocation buffer match result 0
[MTE3] write data 0xffff8b91c700 0x100 B type GM
[MTE3] checking pending queue
[MTE3] [CHECK_DATA] 0xffff8b91c700 0x100 B type GM
[MTE3] checking wrote queue
[MTE3] [CHECK_DATA] 0xffff8b91c700 0x100 B type GM
[MTE3] [CHECK_TBUF] 0xffff8b91c700 0x100 B type GM
[MEMCHEK] Mem[281472914130192]checkNum is 0

### set_flag((pipe_t)PIPE_MTE3, (pipe_t)PIPE_V, (event_t)1);

[MTE3] [RECV_INST] set_flag type 3
[MTE3] [EXECUTE] set_flag type 3
[MTE3] [SYNC_DATA] 0xffff8b91c700 0x100 B type GM
[MTE3] [send event] on set_flag 5 1 1
[MTE3] -> [V] [GET_DATA] 0xffff8b91c000 0x800 B stat 1 type GM
[V] [RECV_EVENT] SRC MTE3 DST V EVENT 1
[V] [RECV_DATA] 0xffff8b91c000 0x800 B stat 1 type GM
[ALL] [TBUF_EVENT] FREE 0xffff850f8510 0x100 B type UB
[ALL] [TBUF_STAT] ---------- tbuf used stat ----------
[ALL] [TBUF_STAT] ---------- tbuf used stat ----------
[ALL] [TBUF_STAT] ---------- tbuf init stat ----------
    UB USED: 0x600, Rate: 0.585938%
[ALL] [TBUF_STAT] ---------- tbuf init stat ----------
[MEMCHEK] Mem[281472914130192]checkNum is 0
[MEMCHEK] Mem[281472914130192] is FREE

### wait_flag((pipe_t)PIPE_V, (pipe_t)PIPE_MTE2, (event_t)0);

[MTE2] [RECV_INST] wait_flag type 4
[MTE2] [EXECUTE] wait_flag type 4
[MTE2] [no wait] on wait_flag 1 4 0
[V] [EVENT_CLEAR] send 1 4 0 has been waited
[ALL] [TBUF_EVENT] ALLOC 0xffff850f8010 0x100 B type UB
[ALL] [TBUF_STAT] ---------- tbuf used stat ----------
    UB USED: 0x100, Rate: 0.0976562%
[ALL] [TBUF_STAT] ---------- tbuf used stat ----------
[ALL] [TBUF_STAT] ---------- tbuf init stat ----------
    UB USED: 0x600, Rate: 0.585938%
[ALL] [TBUF_STAT] ---------- tbuf init stat ----------
[MEMCHEK][CreateMemRecord] addr: 281472914128912len: 256

### wait_flag((pipe_t)PIPE_V, (pipe_t)PIPE_MTE2, (event_t)1);

[MTE2] [RECV_INST] wait_flag type 4
[MTE2] [EXECUTE] wait_flag type 4
[MTE2] [no wait] on wait_flag 1 4 1
[V] [EVENT_CLEAR] send 1 4 1 has been waited
[ALL] [TBUF_EVENT] ALLOC 0xffff850f8210 0x100 B type UB
[ALL] [TBUF_STAT] ---------- tbuf used stat ----------
    UB USED: 0x200, Rate: 0.195312%
[ALL] [TBUF_STAT] ---------- tbuf used stat ----------
[ALL] [TBUF_STAT] ---------- tbuf init stat ----------
    UB USED: 0x600, Rate: 0.585938%
[ALL] [TBUF_STAT] ---------- tbuf init stat ----------
[MEMCHEK][CreateMemRecord] addr: 281472914129424len: 256

### copy_gm_to_ubuf((__ubuf__ void*)0xffff850f8010, (__gm__ void*)0xffff8c5dc800, (uint8_t)0, (uint16_t)1, (uint16_t)8, (uint16_t)0, (uint16_t)0);

[MTE2] [RECV_INST] copy_gm_to_ubuf type 0
[MTE2] [EXECUTE] copy_gm_to_ubuf type 0
[MTE2] read  data 0xffff8c5dc800 0x100 B type GM
[MTE2] [DATA_MARK] 0xffff8c5dc800 0x100 B type GM mark read
[MTE2] write data 0xffff850f8010 0x100 B type UB
[MTE2] checking pending queue
[MTE2] [CHECK_DATA] 0xffff850f8010 0x100 B type UB
[MTE2] checking wrote queue
[MTE2] [CHECK_DATA] 0xffff850f8010 0x100 B type UB
[MTE2] data matched whole 0xffff850f8010 0x400 stat 1
[MTE2] [CHECK_TBUF] 0xffff850f8010 0x100 B type UB
[MTE2] allocation buffer match result 0
[MEMCHEK] Mem[281472914128912]checkNum is 0

### copy_gm_to_ubuf((__ubuf__ void*)0xffff850f8210, (__gm__ void*)0xffff8c5ac800, (uint8_t)0, (uint16_t)1, (uint16_t)8, (uint16_t)0, (uint16_t)0);

[MTE2] [RECV_INST] copy_gm_to_ubuf type 0
[MTE2] [EXECUTE] copy_gm_to_ubuf type 0
[MTE2] read  data 0xffff8c5ac800 0x100 B type GM
[MTE2] [DATA_MARK] 0xffff8c5ac800 0x100 B type GM mark read
[MTE2] write data 0xffff850f8210 0x100 B type UB
[MTE2] checking pending queue
[MTE2] [CHECK_DATA] 0xffff850f8210 0x100 B type UB
[MTE2] checking wrote queue
[MTE2] [CHECK_DATA] 0xffff850f8210 0x100 B type UB
[MTE2] data matched whole 0xffff850f8010 0x400 stat 1
[MTE2] [CHECK_TBUF] 0xffff850f8210 0x100 B type UB
[MTE2] allocation buffer match result 0
[MEMCHEK] Mem[281472914129424]checkNum is 0

### set_flag((pipe_t)PIPE_MTE2, (pipe_t)PIPE_V, (event_t)0);

[MTE2] [RECV_INST] set_flag type 3
[MTE2] [EXECUTE] set_flag type 3
[MTE2] [SYNC_DATA] 0xffff850f8010 0x100 B type UB
[MTE2] [SYNC_DATA] 0xffff850f8210 0x100 B type UB
[MTE2] [send event] on set_flag 4 1 0
[MTE2] -> [V] [GET_DATA] 0xffff850f8010 0x400 B stat 1 type UB
[MTE2] -> [V] [GET_DATA] 0xffff850f8210 0x200 B stat 1 type UB
[V] [RECV_EVENT] SRC MTE2 DST V EVENT 0
[V] [RECV_DATA] 0xffff850f8010 0x400 B stat 1 type UB
[V] [RECV_DATA] 0xffff850f8210 0x200 B stat 1 type UB
[MEMCHEK] Mem[281472914128912]checkNum is 0

### set_flag((pipe_t)PIPE_MTE2, (pipe_t)PIPE_V, (event_t)1);

[MTE2] [RECV_INST] set_flag type 3
[MTE2] [EXECUTE] set_flag type 3
[MTE2] [send event] on set_flag 4 1 1
[MTE2] -> [V] [GET_DATA] 0xffff850f8010 0x400 B stat 1 type UB
[MTE2] -> [V] [GET_DATA] 0xffff850f8210 0x200 B stat 1 type UB
[V] [RECV_EVENT] SRC MTE2 DST V EVENT 1
[V] [RECV_DATA] 0xffff850f8010 0x400 B stat 1 type UB
[V] [RECV_DATA] 0xffff850f8210 0x200 B stat 1 type UB
[MEMCHEK] Mem[281472914129424]checkNum is 0

### wait_flag((pipe_t)PIPE_MTE2, (pipe_t)PIPE_V, (event_t)0);

[V] [RECV_INST] wait_flag type 4
[V] [EXECUTE] wait_flag type 4
[V] [no wait] on wait_flag 4 1 0
[MTE2] [EVENT_CLEAR] send 4 1 0 has been waited
[MEMCHEK] Mem[281472914128912]checkNum is 0

### wait_flag((pipe_t)PIPE_MTE2, (pipe_t)PIPE_V, (event_t)1);

[V] [RECV_INST] wait_flag type 4
[V] [EXECUTE] wait_flag type 4
[V] [no wait] on wait_flag 4 1 1
[MTE2] [EVENT_CLEAR] send 4 1 1 has been waited
[MEMCHEK] Mem[281472914129424]checkNum is 0

### wait_flag((pipe_t)PIPE_MTE3, (pipe_t)PIPE_V, (event_t)0);

[V] [RECV_INST] wait_flag type 4
[V] [EXECUTE] wait_flag type 4
[V] [no wait] on wait_flag 5 1 0
[MTE3] [EVENT_CLEAR] send 5 1 0 has been waited
[ALL] [TBUF_EVENT] ALLOC 0xffff850f8410 0x100 B type UB
[ALL] [TBUF_STAT] ---------- tbuf used stat ----------
    UB USED: 0x300, Rate: 0.292969%
[ALL] [TBUF_STAT] ---------- tbuf used stat ----------
[ALL] [TBUF_STAT] ---------- tbuf init stat ----------
    UB USED: 0x600, Rate: 0.585938%
[ALL] [TBUF_STAT] ---------- tbuf init stat ----------
[MEMCHEK][CreateMemRecord] addr: 281472914129936len: 256

### set_mask_count();

[set_mask_count] unsupported
[S] [RECV_INST] set_mask_count type 7
[S] [EXECUTE] set_mask_count type 7

### set_vector_mask((uint64_t)0, (uint64_t)128);

[V] [RECV_INST] set_vector_mask type 6
[V] [EXECUTE] set_vector_mask type 6

### vadd((__ubuf__ half*)0xffff850f8410, (__ubuf__ half*)0xffff850f8010, (__ubuf__ half*)0xffff850f8210, (uint8_t)1, (uint8_t)1, (uint8_t)1, (uint8_t)1, (uint8_t)8, (uint8_t)8, (uint8_t)8);

[V] [RECV_INST] vadd type 1
[V] [EXECUTE] vadd type 1
[MEMCHEK] Mem[281472914128912]checkNum is 0
[MEMCHEK] Mem[281472914129424]checkNum is 0
[MEMCHEK] Mem[281472914129936]checkNum is 0
DataMergeAllOnceAll dataLen: 256
[V] read  data 0xffff850f8010 0x100 B type UB
[V] checking synced queue
[V] [CHECK_DATA] 0xffff850f8010 0x100 B type UB
[V] data matched whole 0xffff850f8010 0x600 stat 1
[V] [DATA_MARK] 0xffff850f8010 0x100 B type UB mark read
[V] checking pending queue
[V] [CHECK_DATA] 0xffff850f8010 0x100 B type UB
[V] [CHECK_TBUF] 0xffff850f8010 0x100 B type UB
[V] allocation buffer match result 0
[V] read  data 0xffff850f8210 0x100 B type UB
[V] checking synced queue
[V] [CHECK_DATA] 0xffff850f8210 0x100 B type UB
[V] data matched whole 0xffff850f8010 0x600 stat 1
[V] [DATA_MARK] 0xffff850f8210 0x100 B type UB mark read
[V] [DATA_MARK] 0xffff850f8210 0x100 B type UB mark read
[V] checking pending queue
[V] [CHECK_DATA] 0xffff850f8210 0x100 B type UB
[V] [CHECK_TBUF] 0xffff850f8210 0x100 B type UB
[V] allocation buffer match result 0
[V] write data 0xffff850f8410 0x100 B type UB
[V] checking pending queue
[V] [CHECK_DATA] 0xffff850f8410 0x100 B type UB
[V] checking wrote queue
[V] [CHECK_DATA] 0xffff850f8410 0x100 B type UB
[V] data matched whole 0xffff850f8410 0x200 stat 1
[V] [CHECK_TBUF] 0xffff850f8410 0x100 B type UB
[V] allocation buffer match result 0

### set_mask_norm();

[set_mask_norm] unsupported
[S] [RECV_INST] set_mask_norm type 7
[S] [EXECUTE] set_mask_norm type 7

### set_vector_mask((uint64_t)18446744073709551615, (uint64_t)18446744073709551615);

[V] [RECV_INST] set_vector_mask type 6
[V] [EXECUTE] set_vector_mask type 6

### set_flag((pipe_t)PIPE_V, (pipe_t)PIPE_MTE3, (event_t)0);

[V] [RECV_INST] set_flag type 3
[V] [EXECUTE] set_flag type 3
[V] [SYNC_DATA] 0xffff850f8410 0x100 B type UB
[V] [send event] on set_flag 1 5 0
[V] -> [MTE3] [GET_DATA] 0xffff850f8410 0x200 B stat 1 type UB
[MTE3] [RECV_EVENT] SRC V DST MTE3 EVENT 0
[MTE3] [RECV_DATA] 0xffff850f8410 0x200 B stat 1 type UB
[MEMCHEK] Mem[281472914129936]checkNum is 0

### set_flag((pipe_t)PIPE_V, (pipe_t)PIPE_MTE2, (event_t)0);

[V] [RECV_INST] set_flag type 3
[V] [EXECUTE] set_flag type 3
[V] [send event] on set_flag 1 4 0
[V] -> [MTE2] [GET_DATA] 0xffff850f8410 0x200 B stat 1 type UB
[MTE2] [RECV_EVENT] SRC V DST MTE2 EVENT 0
[MTE2] [RECV_DATA] 0xffff850f8410 0x200 B stat 1 type UB
[ALL] [TBUF_EVENT] FREE 0xffff850f8010 0x100 B type UB
[ALL] [TBUF_STAT] ---------- tbuf used stat ----------
    UB USED: 0x200, Rate: 0.195312%
[ALL] [TBUF_STAT] ---------- tbuf used stat ----------
[ALL] [TBUF_STAT] ---------- tbuf init stat ----------
    UB USED: 0x600, Rate: 0.585938%
[ALL] [TBUF_STAT] ---------- tbuf init stat ----------
[MEMCHEK] Mem[281472914128912]checkNum is 0
[MEMCHEK] Mem[281472914128912] is FREE

### set_flag((pipe_t)PIPE_V, (pipe_t)PIPE_MTE2, (event_t)1);

[V] [RECV_INST] set_flag type 3
[V] [EXECUTE] set_flag type 3
[V] [send event] on set_flag 1 4 1
[V] -> [MTE2] [GET_DATA] 0xffff850f8410 0x200 B stat 1 type UB
[MTE2] [RECV_EVENT] SRC V DST MTE2 EVENT 1
[MTE2] [RECV_DATA] 0xffff850f8410 0x200 B stat 1 type UB
[ALL] [TBUF_EVENT] FREE 0xffff850f8210 0x100 B type UB
[ALL] [TBUF_STAT] ---------- tbuf used stat ----------
    UB USED: 0x100, Rate: 0.0976562%
[ALL] [TBUF_STAT] ---------- tbuf used stat ----------
[ALL] [TBUF_STAT] ---------- tbuf init stat ----------
    UB USED: 0x600, Rate: 0.585938%
[ALL] [TBUF_STAT] ---------- tbuf init stat ----------
[MEMCHEK] Mem[281472914129424]checkNum is 0
[MEMCHEK] Mem[281472914129424] is FREE

### wait_flag((pipe_t)PIPE_V, (pipe_t)PIPE_MTE3, (event_t)0);

[MTE3] [RECV_INST] wait_flag type 4
[MTE3] [EXECUTE] wait_flag type 4
[MTE3] [no wait] on wait_flag 1 5 0
[V] [EVENT_CLEAR] send 1 5 0 has been waited
[MEMCHEK] Mem[281472914129936]checkNum is 0

### copy_ubuf_to_gm((__gm__ void*)0xffff8b91c800, (__ubuf__ void*)0xffff850f8410, (uint8_t)0, (uint16_t)1, (uint16_t)8, (uint16_t)0, (uint16_t)0);

[MTE3] [RECV_INST] copy_ubuf_to_gm type 0
[MTE3] [EXECUTE] copy_ubuf_to_gm type 0
[MTE3] read  data 0xffff850f8410 0x100 B type UB
[MTE3] checking synced queue
[MTE3] [CHECK_DATA] 0xffff850f8410 0x100 B type UB
[MTE3] data matched whole 0xffff850f8410 0x200 stat 1
[MTE3] [DATA_MARK] 0xffff850f8410 0x100 B type UB mark read
[MTE3] checking pending queue
[MTE3] [CHECK_DATA] 0xffff850f8410 0x100 B type UB
[MTE3] [CHECK_TBUF] 0xffff850f8410 0x100 B type UB
[MTE3] allocation buffer match result 0
[MTE3] write data 0xffff8b91c800 0x100 B type GM
[MTE3] checking pending queue
[MTE3] [CHECK_DATA] 0xffff8b91c800 0x100 B type GM
[MTE3] checking wrote queue
[MTE3] [CHECK_DATA] 0xffff8b91c800 0x100 B type GM
[MTE3] [CHECK_TBUF] 0xffff8b91c800 0x100 B type GM
[MEMCHEK] Mem[281472914129936]checkNum is 0

### set_flag((pipe_t)PIPE_MTE3, (pipe_t)PIPE_V, (event_t)0);

[MTE3] [RECV_INST] set_flag type 3
[MTE3] [EXECUTE] set_flag type 3
[MTE3] [SYNC_DATA] 0xffff8b91c800 0x100 B type GM
[MTE3] [send event] on set_flag 5 1 0
[MTE3] -> [V] [GET_DATA] 0xffff8b91c000 0x900 B stat 1 type GM
[V] [RECV_EVENT] SRC MTE3 DST V EVENT 0
[V] [RECV_DATA] 0xffff8b91c000 0x900 B stat 1 type GM
[ALL] [TBUF_EVENT] FREE 0xffff850f8410 0x100 B type UB
[ALL] [TBUF_STAT] ---------- tbuf used stat ----------
[ALL] [TBUF_STAT] ---------- tbuf used stat ----------
[ALL] [TBUF_STAT] ---------- tbuf init stat ----------
    UB USED: 0x600, Rate: 0.585938%
[ALL] [TBUF_STAT] ---------- tbuf init stat ----------
[MEMCHEK] Mem[281472914129936]checkNum is 0
[MEMCHEK] Mem[281472914129936] is FREE

### wait_flag((pipe_t)PIPE_V, (pipe_t)PIPE_MTE2, (event_t)2);

[MTE2] [RECV_INST] wait_flag type 4
[MTE2] [EXECUTE] wait_flag type 4
[MTE2] [no wait] on wait_flag 1 4 2
[V] [EVENT_CLEAR] send 1 4 2 has been waited
[ALL] [TBUF_EVENT] ALLOC 0xffff850f8110 0x100 B type UB
[ALL] [TBUF_STAT] ---------- tbuf used stat ----------
    UB USED: 0x100, Rate: 0.0976562%
[ALL] [TBUF_STAT] ---------- tbuf used stat ----------
[ALL] [TBUF_STAT] ---------- tbuf init stat ----------
    UB USED: 0x600, Rate: 0.585938%
[ALL] [TBUF_STAT] ---------- tbuf init stat ----------
[MEMCHEK][CreateMemRecord] addr: 281472914129168len: 256

### wait_flag((pipe_t)PIPE_V, (pipe_t)PIPE_MTE2, (event_t)3);

[MTE2] [RECV_INST] wait_flag type 4
[MTE2] [EXECUTE] wait_flag type 4
[MTE2] [no wait] on wait_flag 1 4 3
[V] [EVENT_CLEAR] send 1 4 3 has been waited
[ALL] [TBUF_EVENT] ALLOC 0xffff850f8310 0x100 B type UB
[ALL] [TBUF_STAT] ---------- tbuf used stat ----------
    UB USED: 0x200, Rate: 0.195312%
[ALL] [TBUF_STAT] ---------- tbuf used stat ----------
[ALL] [TBUF_STAT] ---------- tbuf init stat ----------
    UB USED: 0x600, Rate: 0.585938%
[ALL] [TBUF_STAT] ---------- tbuf init stat ----------
[MEMCHEK][CreateMemRecord] addr: 281472914129680len: 256

### copy_gm_to_ubuf((__ubuf__ void*)0xffff850f8110, (__gm__ void*)0xffff8c5dc900, (uint8_t)0, (uint16_t)1, (uint16_t)8, (uint16_t)0, (uint16_t)0);

[MTE2] [RECV_INST] copy_gm_to_ubuf type 0
[MTE2] [EXECUTE] copy_gm_to_ubuf type 0
[MTE2] read  data 0xffff8c5dc900 0x100 B type GM
[MTE2] [DATA_MARK] 0xffff8c5dc900 0x100 B type GM mark read
[MTE2] write data 0xffff850f8110 0x100 B type UB
[MTE2] checking pending queue
[MTE2] [CHECK_DATA] 0xffff850f8110 0x100 B type UB
[MTE2] checking wrote queue
[MTE2] [CHECK_DATA] 0xffff850f8110 0x100 B type UB
[MTE2] data matched whole 0xffff850f8010 0x400 stat 1
[MTE2] [CHECK_TBUF] 0xffff850f8110 0x100 B type UB
[MTE2] allocation buffer match result 0
[MEMCHEK] Mem[281472914129168]checkNum is 0

### copy_gm_to_ubuf((__ubuf__ void*)0xffff850f8310, (__gm__ void*)0xffff8c5ac900, (uint8_t)0, (uint16_t)1, (uint16_t)8, (uint16_t)0, (uint16_t)0);

[MTE2] [RECV_INST] copy_gm_to_ubuf type 0
[MTE2] [EXECUTE] copy_gm_to_ubuf type 0
[MTE2] read  data 0xffff8c5ac900 0x100 B type GM
[MTE2] [DATA_MARK] 0xffff8c5ac900 0x100 B type GM mark read
[MTE2] write data 0xffff850f8310 0x100 B type UB
[MTE2] checking pending queue
[MTE2] [CHECK_DATA] 0xffff850f8310 0x100 B type UB
[MTE2] checking wrote queue
[MTE2] [CHECK_DATA] 0xffff850f8310 0x100 B type UB
[MTE2] data matched whole 0xffff850f8010 0x400 stat 1
[MTE2] [CHECK_TBUF] 0xffff850f8310 0x100 B type UB
[MTE2] allocation buffer match result 0
[MEMCHEK] Mem[281472914129680]checkNum is 0

### set_flag((pipe_t)PIPE_MTE2, (pipe_t)PIPE_V, (event_t)0);

[MTE2] [RECV_INST] set_flag type 3
[MTE2] [EXECUTE] set_flag type 3
[MTE2] [SYNC_DATA] 0xffff850f8110 0x100 B type UB
[MTE2] [SYNC_DATA] 0xffff850f8310 0x100 B type UB
[MTE2] [send event] on set_flag 4 1 0
[MTE2] -> [V] [GET_DATA] 0xffff850f8010 0x400 B stat 1 type UB
[MTE2] -> [V] [GET_DATA] 0xffff850f8210 0x200 B stat 1 type UB
[V] [RECV_EVENT] SRC MTE2 DST V EVENT 0
[V] [RECV_DATA] 0xffff850f8010 0x400 B stat 1 type UB
[V] [RECV_DATA] 0xffff850f8210 0x200 B stat 1 type UB
[MEMCHEK] Mem[281472914129168]checkNum is 0

### set_flag((pipe_t)PIPE_MTE2, (pipe_t)PIPE_V, (event_t)1);

[MTE2] [RECV_INST] set_flag type 3
[MTE2] [EXECUTE] set_flag type 3
[MTE2] [send event] on set_flag 4 1 1
[MTE2] -> [V] [GET_DATA] 0xffff850f8010 0x400 B stat 1 type UB
[MTE2] -> [V] [GET_DATA] 0xffff850f8210 0x200 B stat 1 type UB
[V] [RECV_EVENT] SRC MTE2 DST V EVENT 1
[V] [RECV_DATA] 0xffff850f8010 0x400 B stat 1 type UB
[V] [RECV_DATA] 0xffff850f8210 0x200 B stat 1 type UB
[MEMCHEK] Mem[281472914129680]checkNum is 0

### wait_flag((pipe_t)PIPE_MTE2, (pipe_t)PIPE_V, (event_t)0);

[V] [RECV_INST] wait_flag type 4
[V] [EXECUTE] wait_flag type 4
[V] [no wait] on wait_flag 4 1 0
[MTE2] [EVENT_CLEAR] send 4 1 0 has been waited
[MEMCHEK] Mem[281472914129168]checkNum is 0

### wait_flag((pipe_t)PIPE_MTE2, (pipe_t)PIPE_V, (event_t)1);

[V] [RECV_INST] wait_flag type 4
[V] [EXECUTE] wait_flag type 4
[V] [no wait] on wait_flag 4 1 1
[MTE2] [EVENT_CLEAR] send 4 1 1 has been waited
[MEMCHEK] Mem[281472914129680]checkNum is 0

### wait_flag((pipe_t)PIPE_MTE3, (pipe_t)PIPE_V, (event_t)1);

[V] [RECV_INST] wait_flag type 4
[V] [EXECUTE] wait_flag type 4
[V] [no wait] on wait_flag 5 1 1
[MTE3] [EVENT_CLEAR] send 5 1 1 has been waited
[ALL] [TBUF_EVENT] ALLOC 0xffff850f8510 0x100 B type UB
[ALL] [TBUF_STAT] ---------- tbuf used stat ----------
    UB USED: 0x300, Rate: 0.292969%
[ALL] [TBUF_STAT] ---------- tbuf used stat ----------
[ALL] [TBUF_STAT] ---------- tbuf init stat ----------
    UB USED: 0x600, Rate: 0.585938%
[ALL] [TBUF_STAT] ---------- tbuf init stat ----------
[MEMCHEK][CreateMemRecord] addr: 281472914130192len: 256

### set_mask_count();

[set_mask_count] unsupported
[S] [RECV_INST] set_mask_count type 7
[S] [EXECUTE] set_mask_count type 7

### set_vector_mask((uint64_t)0, (uint64_t)128);

[V] [RECV_INST] set_vector_mask type 6
[V] [EXECUTE] set_vector_mask type 6

### vadd((__ubuf__ half*)0xffff850f8510, (__ubuf__ half*)0xffff850f8110, (__ubuf__ half*)0xffff850f8310, (uint8_t)1, (uint8_t)1, (uint8_t)1, (uint8_t)1, (uint8_t)8, (uint8_t)8, (uint8_t)8);

[V] [RECV_INST] vadd type 1
[V] [EXECUTE] vadd type 1
[MEMCHEK] Mem[281472914129168]checkNum is 0
[MEMCHEK] Mem[281472914129680]checkNum is 0
[MEMCHEK] Mem[281472914130192]checkNum is 0
DataMergeAllOnceAll dataLen: 256
[V] read  data 0xffff850f8110 0x100 B type UB
[V] checking synced queue
[V] [CHECK_DATA] 0xffff850f8110 0x100 B type UB
[V] data matched whole 0xffff850f8010 0x600 stat 1
[V] [DATA_MARK] 0xffff850f8110 0x100 B type UB mark read
[V] checking pending queue
[V] [CHECK_DATA] 0xffff850f8110 0x100 B type UB
[V] [CHECK_TBUF] 0xffff850f8110 0x100 B type UB
[V] allocation buffer match result 0
[V] read  data 0xffff850f8310 0x100 B type UB
[V] checking synced queue
[V] [CHECK_DATA] 0xffff850f8310 0x100 B type UB
[V] data matched whole 0xffff850f8010 0x600 stat 1
[V] [DATA_MARK] 0xffff850f8310 0x100 B type UB mark read
[V] [DATA_MARK] 0xffff850f8310 0x100 B type UB mark read
[V] checking pending queue
[V] [CHECK_DATA] 0xffff850f8310 0x100 B type UB
[V] [CHECK_TBUF] 0xffff850f8310 0x100 B type UB
[V] allocation buffer match result 0
[V] write data 0xffff850f8510 0x100 B type UB
[V] checking pending queue
[V] [CHECK_DATA] 0xffff850f8510 0x100 B type UB
[V] checking wrote queue
[V] [CHECK_DATA] 0xffff850f8510 0x100 B type UB
[V] data matched whole 0xffff850f8410 0x200 stat 1
[V] [CHECK_TBUF] 0xffff850f8510 0x100 B type UB
[V] allocation buffer match result 0

### set_mask_norm();

[set_mask_norm] unsupported
[S] [RECV_INST] set_mask_norm type 7
[S] [EXECUTE] set_mask_norm type 7

### set_vector_mask((uint64_t)18446744073709551615, (uint64_t)18446744073709551615);

[V] [RECV_INST] set_vector_mask type 6
[V] [EXECUTE] set_vector_mask type 6

### set_flag((pipe_t)PIPE_V, (pipe_t)PIPE_MTE3, (event_t)0);

[V] [RECV_INST] set_flag type 3
[V] [EXECUTE] set_flag type 3
[V] [SYNC_DATA] 0xffff850f8510 0x100 B type UB
[V] [send event] on set_flag 1 5 0
[V] -> [MTE3] [GET_DATA] 0xffff850f8410 0x200 B stat 1 type UB
[MTE3] [RECV_EVENT] SRC V DST MTE3 EVENT 0
[MTE3] [RECV_DATA] 0xffff850f8410 0x200 B stat 1 type UB
[MEMCHEK] Mem[281472914130192]checkNum is 0

### set_flag((pipe_t)PIPE_V, (pipe_t)PIPE_MTE2, (event_t)2);

[V] [RECV_INST] set_flag type 3
[V] [EXECUTE] set_flag type 3
[V] [send event] on set_flag 1 4 2
[V] -> [MTE2] [GET_DATA] 0xffff850f8410 0x200 B stat 1 type UB
[MTE2] [RECV_EVENT] SRC V DST MTE2 EVENT 2
[MTE2] [RECV_DATA] 0xffff850f8410 0x200 B stat 1 type UB
[ALL] [TBUF_EVENT] FREE 0xffff850f8110 0x100 B type UB
[ALL] [TBUF_STAT] ---------- tbuf used stat ----------
    UB USED: 0x200, Rate: 0.195312%
[ALL] [TBUF_STAT] ---------- tbuf used stat ----------
[ALL] [TBUF_STAT] ---------- tbuf init stat ----------
    UB USED: 0x600, Rate: 0.585938%
[ALL] [TBUF_STAT] ---------- tbuf init stat ----------
[MEMCHEK] Mem[281472914129168]checkNum is 0
[MEMCHEK] Mem[281472914129168] is FREE

### set_flag((pipe_t)PIPE_V, (pipe_t)PIPE_MTE2, (event_t)3);

[V] [RECV_INST] set_flag type 3
[V] [EXECUTE] set_flag type 3
[V] [send event] on set_flag 1 4 3
[V] -> [MTE2] [GET_DATA] 0xffff850f8410 0x200 B stat 1 type UB
[MTE2] [RECV_EVENT] SRC V DST MTE2 EVENT 3
[MTE2] [RECV_DATA] 0xffff850f8410 0x200 B stat 1 type UB
[ALL] [TBUF_EVENT] FREE 0xffff850f8310 0x100 B type UB
[ALL] [TBUF_STAT] ---------- tbuf used stat ----------
    UB USED: 0x100, Rate: 0.0976562%
[ALL] [TBUF_STAT] ---------- tbuf used stat ----------
[ALL] [TBUF_STAT] ---------- tbuf init stat ----------
    UB USED: 0x600, Rate: 0.585938%
[ALL] [TBUF_STAT] ---------- tbuf init stat ----------
[MEMCHEK] Mem[281472914129680]checkNum is 0
[MEMCHEK] Mem[281472914129680] is FREE

### wait_flag((pipe_t)PIPE_V, (pipe_t)PIPE_MTE3, (event_t)0);

[MTE3] [RECV_INST] wait_flag type 4
[MTE3] [EXECUTE] wait_flag type 4
[MTE3] [no wait] on wait_flag 1 5 0
[V] [EVENT_CLEAR] send 1 5 0 has been waited
[MEMCHEK] Mem[281472914130192]checkNum is 0

### copy_ubuf_to_gm((__gm__ void*)0xffff8b91c900, (__ubuf__ void*)0xffff850f8510, (uint8_t)0, (uint16_t)1, (uint16_t)8, (uint16_t)0, (uint16_t)0);

[MTE3] [RECV_INST] copy_ubuf_to_gm type 0
[MTE3] [EXECUTE] copy_ubuf_to_gm type 0
[MTE3] read  data 0xffff850f8510 0x100 B type UB
[MTE3] checking synced queue
[MTE3] [CHECK_DATA] 0xffff850f8510 0x100 B type UB
[MTE3] data matched whole 0xffff850f8410 0x200 stat 1
[MTE3] [DATA_MARK] 0xffff850f8510 0x100 B type UB mark read
[MTE3] checking pending queue
[MTE3] [CHECK_DATA] 0xffff850f8510 0x100 B type UB
[MTE3] [CHECK_TBUF] 0xffff850f8510 0x100 B type UB
[MTE3] allocation buffer match result 0
[MTE3] write data 0xffff8b91c900 0x100 B type GM
[MTE3] checking pending queue
[MTE3] [CHECK_DATA] 0xffff8b91c900 0x100 B type GM
[MTE3] checking wrote queue
[MTE3] [CHECK_DATA] 0xffff8b91c900 0x100 B type GM
[MTE3] [CHECK_TBUF] 0xffff8b91c900 0x100 B type GM
[MEMCHEK] Mem[281472914130192]checkNum is 0

### set_flag((pipe_t)PIPE_MTE3, (pipe_t)PIPE_V, (event_t)1);

[MTE3] [RECV_INST] set_flag type 3
[MTE3] [EXECUTE] set_flag type 3
[MTE3] [SYNC_DATA] 0xffff8b91c900 0x100 B type GM
[MTE3] [send event] on set_flag 5 1 1
[MTE3] -> [V] [GET_DATA] 0xffff8b91c000 0xa00 B stat 1 type GM
[V] [RECV_EVENT] SRC MTE3 DST V EVENT 1
[V] [RECV_DATA] 0xffff8b91c000 0xa00 B stat 1 type GM
[ALL] [TBUF_EVENT] FREE 0xffff850f8510 0x100 B type UB
[ALL] [TBUF_STAT] ---------- tbuf used stat ----------
[ALL] [TBUF_STAT] ---------- tbuf used stat ----------
[ALL] [TBUF_STAT] ---------- tbuf init stat ----------
    UB USED: 0x600, Rate: 0.585938%
[ALL] [TBUF_STAT] ---------- tbuf init stat ----------
[MEMCHEK] Mem[281472914130192]checkNum is 0
[MEMCHEK] Mem[281472914130192] is FREE

### wait_flag((pipe_t)PIPE_V, (pipe_t)PIPE_MTE2, (event_t)0);

[MTE2] [RECV_INST] wait_flag type 4
[MTE2] [EXECUTE] wait_flag type 4
[MTE2] [no wait] on wait_flag 1 4 0
[V] [EVENT_CLEAR] send 1 4 0 has been waited
[ALL] [TBUF_EVENT] ALLOC 0xffff850f8010 0x100 B type UB
[ALL] [TBUF_STAT] ---------- tbuf used stat ----------
    UB USED: 0x100, Rate: 0.0976562%
[ALL] [TBUF_STAT] ---------- tbuf used stat ----------
[ALL] [TBUF_STAT] ---------- tbuf init stat ----------
    UB USED: 0x600, Rate: 0.585938%
[ALL] [TBUF_STAT] ---------- tbuf init stat ----------
[MEMCHEK][CreateMemRecord] addr: 281472914128912len: 256

### wait_flag((pipe_t)PIPE_V, (pipe_t)PIPE_MTE2, (event_t)1);

[MTE2] [RECV_INST] wait_flag type 4
[MTE2] [EXECUTE] wait_flag type 4
[MTE2] [no wait] on wait_flag 1 4 1
[V] [EVENT_CLEAR] send 1 4 1 has been waited
[ALL] [TBUF_EVENT] ALLOC 0xffff850f8210 0x100 B type UB
[ALL] [TBUF_STAT] ---------- tbuf used stat ----------
    UB USED: 0x200, Rate: 0.195312%
[ALL] [TBUF_STAT] ---------- tbuf used stat ----------
[ALL] [TBUF_STAT] ---------- tbuf init stat ----------
    UB USED: 0x600, Rate: 0.585938%
[ALL] [TBUF_STAT] ---------- tbuf init stat ----------
[MEMCHEK][CreateMemRecord] addr: 281472914129424len: 256

### copy_gm_to_ubuf((__ubuf__ void*)0xffff850f8010, (__gm__ void*)0xffff8c5dca00, (uint8_t)0, (uint16_t)1, (uint16_t)8, (uint16_t)0, (uint16_t)0);

[MTE2] [RECV_INST] copy_gm_to_ubuf type 0
[MTE2] [EXECUTE] copy_gm_to_ubuf type 0
[MTE2] read  data 0xffff8c5dca00 0x100 B type GM
[MTE2] [DATA_MARK] 0xffff8c5dca00 0x100 B type GM mark read
[MTE2] write data 0xffff850f8010 0x100 B type UB
[MTE2] checking pending queue
[MTE2] [CHECK_DATA] 0xffff850f8010 0x100 B type UB
[MTE2] checking wrote queue
[MTE2] [CHECK_DATA] 0xffff850f8010 0x100 B type UB
[MTE2] data matched whole 0xffff850f8010 0x400 stat 1
[MTE2] [CHECK_TBUF] 0xffff850f8010 0x100 B type UB
[MTE2] allocation buffer match result 0
[MEMCHEK] Mem[281472914128912]checkNum is 0

### copy_gm_to_ubuf((__ubuf__ void*)0xffff850f8210, (__gm__ void*)0xffff8c5aca00, (uint8_t)0, (uint16_t)1, (uint16_t)8, (uint16_t)0, (uint16_t)0);

[MTE2] [RECV_INST] copy_gm_to_ubuf type 0
[MTE2] [EXECUTE] copy_gm_to_ubuf type 0
[MTE2] read  data 0xffff8c5aca00 0x100 B type GM
[MTE2] [DATA_MARK] 0xffff8c5aca00 0x100 B type GM mark read
[MTE2] write data 0xffff850f8210 0x100 B type UB
[MTE2] checking pending queue
[MTE2] [CHECK_DATA] 0xffff850f8210 0x100 B type UB
[MTE2] checking wrote queue
[MTE2] [CHECK_DATA] 0xffff850f8210 0x100 B type UB
[MTE2] data matched whole 0xffff850f8010 0x400 stat 1
[MTE2] [CHECK_TBUF] 0xffff850f8210 0x100 B type UB
[MTE2] allocation buffer match result 0
[MEMCHEK] Mem[281472914129424]checkNum is 0

### set_flag((pipe_t)PIPE_MTE2, (pipe_t)PIPE_V, (event_t)0);

[MTE2] [RECV_INST] set_flag type 3
[MTE2] [EXECUTE] set_flag type 3
[MTE2] [SYNC_DATA] 0xffff850f8010 0x100 B type UB
[MTE2] [SYNC_DATA] 0xffff850f8210 0x100 B type UB
[MTE2] [send event] on set_flag 4 1 0
[MTE2] -> [V] [GET_DATA] 0xffff850f8010 0x400 B stat 1 type UB
[MTE2] -> [V] [GET_DATA] 0xffff850f8210 0x200 B stat 1 type UB
[V] [RECV_EVENT] SRC MTE2 DST V EVENT 0
[V] [RECV_DATA] 0xffff850f8010 0x400 B stat 1 type UB
[V] [RECV_DATA] 0xffff850f8210 0x200 B stat 1 type UB
[MEMCHEK] Mem[281472914128912]checkNum is 0

### set_flag((pipe_t)PIPE_MTE2, (pipe_t)PIPE_V, (event_t)1);

[MTE2] [RECV_INST] set_flag type 3
[MTE2] [EXECUTE] set_flag type 3
[MTE2] [send event] on set_flag 4 1 1
[MTE2] -> [V] [GET_DATA] 0xffff850f8010 0x400 B stat 1 type UB
[MTE2] -> [V] [GET_DATA] 0xffff850f8210 0x200 B stat 1 type UB
[V] [RECV_EVENT] SRC MTE2 DST V EVENT 1
[V] [RECV_DATA] 0xffff850f8010 0x400 B stat 1 type UB
[V] [RECV_DATA] 0xffff850f8210 0x200 B stat 1 type UB
[MEMCHEK] Mem[281472914129424]checkNum is 0

### wait_flag((pipe_t)PIPE_MTE2, (pipe_t)PIPE_V, (event_t)0);

[V] [RECV_INST] wait_flag type 4
[V] [EXECUTE] wait_flag type 4
[V] [no wait] on wait_flag 4 1 0
[MTE2] [EVENT_CLEAR] send 4 1 0 has been waited
[MEMCHEK] Mem[281472914128912]checkNum is 0

### wait_flag((pipe_t)PIPE_MTE2, (pipe_t)PIPE_V, (event_t)1);

[V] [RECV_INST] wait_flag type 4
[V] [EXECUTE] wait_flag type 4
[V] [no wait] on wait_flag 4 1 1
[MTE2] [EVENT_CLEAR] send 4 1 1 has been waited
[MEMCHEK] Mem[281472914129424]checkNum is 0

### wait_flag((pipe_t)PIPE_MTE3, (pipe_t)PIPE_V, (event_t)0);

[V] [RECV_INST] wait_flag type 4
[V] [EXECUTE] wait_flag type 4
[V] [no wait] on wait_flag 5 1 0
[MTE3] [EVENT_CLEAR] send 5 1 0 has been waited
[ALL] [TBUF_EVENT] ALLOC 0xffff850f8410 0x100 B type UB
[ALL] [TBUF_STAT] ---------- tbuf used stat ----------
    UB USED: 0x300, Rate: 0.292969%
[ALL] [TBUF_STAT] ---------- tbuf used stat ----------
[ALL] [TBUF_STAT] ---------- tbuf init stat ----------
    UB USED: 0x600, Rate: 0.585938%
[ALL] [TBUF_STAT] ---------- tbuf init stat ----------
[MEMCHEK][CreateMemRecord] addr: 281472914129936len: 256

### set_mask_count();

[set_mask_count] unsupported
[S] [RECV_INST] set_mask_count type 7
[S] [EXECUTE] set_mask_count type 7

### set_vector_mask((uint64_t)0, (uint64_t)128);

[V] [RECV_INST] set_vector_mask type 6
[V] [EXECUTE] set_vector_mask type 6

### vadd((__ubuf__ half*)0xffff850f8410, (__ubuf__ half*)0xffff850f8010, (__ubuf__ half*)0xffff850f8210, (uint8_t)1, (uint8_t)1, (uint8_t)1, (uint8_t)1, (uint8_t)8, (uint8_t)8, (uint8_t)8);

[V] [RECV_INST] vadd type 1
[V] [EXECUTE] vadd type 1
[MEMCHEK] Mem[281472914128912]checkNum is 0
[MEMCHEK] Mem[281472914129424]checkNum is 0
[MEMCHEK] Mem[281472914129936]checkNum is 0
DataMergeAllOnceAll dataLen: 256
[V] read  data 0xffff850f8010 0x100 B type UB
[V] checking synced queue
[V] [CHECK_DATA] 0xffff850f8010 0x100 B type UB
[V] data matched whole 0xffff850f8010 0x600 stat 1
[V] [DATA_MARK] 0xffff850f8010 0x100 B type UB mark read
[V] checking pending queue
[V] [CHECK_DATA] 0xffff850f8010 0x100 B type UB
[V] [CHECK_TBUF] 0xffff850f8010 0x100 B type UB
[V] allocation buffer match result 0
[V] read  data 0xffff850f8210 0x100 B type UB
[V] checking synced queue
[V] [CHECK_DATA] 0xffff850f8210 0x100 B type UB
[V] data matched whole 0xffff850f8010 0x600 stat 1
[V] [DATA_MARK] 0xffff850f8210 0x100 B type UB mark read
[V] [DATA_MARK] 0xffff850f8210 0x100 B type UB mark read
[V] checking pending queue
[V] [CHECK_DATA] 0xffff850f8210 0x100 B type UB
[V] [CHECK_TBUF] 0xffff850f8210 0x100 B type UB
[V] allocation buffer match result 0
[V] write data 0xffff850f8410 0x100 B type UB
[V] checking pending queue
[V] [CHECK_DATA] 0xffff850f8410 0x100 B type UB
[V] checking wrote queue
[V] [CHECK_DATA] 0xffff850f8410 0x100 B type UB
[V] data matched whole 0xffff850f8410 0x200 stat 1
[V] [CHECK_TBUF] 0xffff850f8410 0x100 B type UB
[V] allocation buffer match result 0

### set_mask_norm();

[set_mask_norm] unsupported
[S] [RECV_INST] set_mask_norm type 7
[S] [EXECUTE] set_mask_norm type 7

### set_vector_mask((uint64_t)18446744073709551615, (uint64_t)18446744073709551615);

[V] [RECV_INST] set_vector_mask type 6
[V] [EXECUTE] set_vector_mask type 6

### set_flag((pipe_t)PIPE_V, (pipe_t)PIPE_MTE3, (event_t)0);

[V] [RECV_INST] set_flag type 3
[V] [EXECUTE] set_flag type 3
[V] [SYNC_DATA] 0xffff850f8410 0x100 B type UB
[V] [send event] on set_flag 1 5 0
[V] -> [MTE3] [GET_DATA] 0xffff850f8410 0x200 B stat 1 type UB
[MTE3] [RECV_EVENT] SRC V DST MTE3 EVENT 0
[MTE3] [RECV_DATA] 0xffff850f8410 0x200 B stat 1 type UB
[MEMCHEK] Mem[281472914129936]checkNum is 0

### set_flag((pipe_t)PIPE_V, (pipe_t)PIPE_MTE2, (event_t)0);

[V] [RECV_INST] set_flag type 3
[V] [EXECUTE] set_flag type 3
[V] [send event] on set_flag 1 4 0
[V] -> [MTE2] [GET_DATA] 0xffff850f8410 0x200 B stat 1 type UB
[MTE2] [RECV_EVENT] SRC V DST MTE2 EVENT 0
[MTE2] [RECV_DATA] 0xffff850f8410 0x200 B stat 1 type UB
[ALL] [TBUF_EVENT] FREE 0xffff850f8010 0x100 B type UB
[ALL] [TBUF_STAT] ---------- tbuf used stat ----------
    UB USED: 0x200, Rate: 0.195312%
[ALL] [TBUF_STAT] ---------- tbuf used stat ----------
[ALL] [TBUF_STAT] ---------- tbuf init stat ----------
    UB USED: 0x600, Rate: 0.585938%
[ALL] [TBUF_STAT] ---------- tbuf init stat ----------
[MEMCHEK] Mem[281472914128912]checkNum is 0
[MEMCHEK] Mem[281472914128912] is FREE

### set_flag((pipe_t)PIPE_V, (pipe_t)PIPE_MTE2, (event_t)1);

[V] [RECV_INST] set_flag type 3
[V] [EXECUTE] set_flag type 3
[V] [send event] on set_flag 1 4 1
[V] -> [MTE2] [GET_DATA] 0xffff850f8410 0x200 B stat 1 type UB
[MTE2] [RECV_EVENT] SRC V DST MTE2 EVENT 1
[MTE2] [RECV_DATA] 0xffff850f8410 0x200 B stat 1 type UB
[ALL] [TBUF_EVENT] FREE 0xffff850f8210 0x100 B type UB
[ALL] [TBUF_STAT] ---------- tbuf used stat ----------
    UB USED: 0x100, Rate: 0.0976562%
[ALL] [TBUF_STAT] ---------- tbuf used stat ----------
[ALL] [TBUF_STAT] ---------- tbuf init stat ----------
    UB USED: 0x600, Rate: 0.585938%
[ALL] [TBUF_STAT] ---------- tbuf init stat ----------
[MEMCHEK] Mem[281472914129424]checkNum is 0
[MEMCHEK] Mem[281472914129424] is FREE

### wait_flag((pipe_t)PIPE_V, (pipe_t)PIPE_MTE3, (event_t)0);

[MTE3] [RECV_INST] wait_flag type 4
[MTE3] [EXECUTE] wait_flag type 4
[MTE3] [no wait] on wait_flag 1 5 0
[V] [EVENT_CLEAR] send 1 5 0 has been waited
[MEMCHEK] Mem[281472914129936]checkNum is 0

### copy_ubuf_to_gm((__gm__ void*)0xffff8b91ca00, (__ubuf__ void*)0xffff850f8410, (uint8_t)0, (uint16_t)1, (uint16_t)8, (uint16_t)0, (uint16_t)0);

[MTE3] [RECV_INST] copy_ubuf_to_gm type 0
[MTE3] [EXECUTE] copy_ubuf_to_gm type 0
[MTE3] read  data 0xffff850f8410 0x100 B type UB
[MTE3] checking synced queue
[MTE3] [CHECK_DATA] 0xffff850f8410 0x100 B type UB
[MTE3] data matched whole 0xffff850f8410 0x200 stat 1
[MTE3] [DATA_MARK] 0xffff850f8410 0x100 B type UB mark read
[MTE3] checking pending queue
[MTE3] [CHECK_DATA] 0xffff850f8410 0x100 B type UB
[MTE3] [CHECK_TBUF] 0xffff850f8410 0x100 B type UB
[MTE3] allocation buffer match result 0
[MTE3] write data 0xffff8b91ca00 0x100 B type GM
[MTE3] checking pending queue
[MTE3] [CHECK_DATA] 0xffff8b91ca00 0x100 B type GM
[MTE3] checking wrote queue
[MTE3] [CHECK_DATA] 0xffff8b91ca00 0x100 B type GM
[MTE3] [CHECK_TBUF] 0xffff8b91ca00 0x100 B type GM
[MEMCHEK] Mem[281472914129936]checkNum is 0

### set_flag((pipe_t)PIPE_MTE3, (pipe_t)PIPE_V, (event_t)0);

[MTE3] [RECV_INST] set_flag type 3
[MTE3] [EXECUTE] set_flag type 3
[MTE3] [SYNC_DATA] 0xffff8b91ca00 0x100 B type GM
[MTE3] [send event] on set_flag 5 1 0
[MTE3] -> [V] [GET_DATA] 0xffff8b91c000 0xb00 B stat 1 type GM
[V] [RECV_EVENT] SRC MTE3 DST V EVENT 0
[V] [RECV_DATA] 0xffff8b91c000 0xb00 B stat 1 type GM
[ALL] [TBUF_EVENT] FREE 0xffff850f8410 0x100 B type UB
[ALL] [TBUF_STAT] ---------- tbuf used stat ----------
[ALL] [TBUF_STAT] ---------- tbuf used stat ----------
[ALL] [TBUF_STAT] ---------- tbuf init stat ----------
    UB USED: 0x600, Rate: 0.585938%
[ALL] [TBUF_STAT] ---------- tbuf init stat ----------
[MEMCHEK] Mem[281472914129936]checkNum is 0
[MEMCHEK] Mem[281472914129936] is FREE

### wait_flag((pipe_t)PIPE_V, (pipe_t)PIPE_MTE2, (event_t)2);

[MTE2] [RECV_INST] wait_flag type 4
[MTE2] [EXECUTE] wait_flag type 4
[MTE2] [no wait] on wait_flag 1 4 2
[V] [EVENT_CLEAR] send 1 4 2 has been waited
[ALL] [TBUF_EVENT] ALLOC 0xffff850f8110 0x100 B type UB
[ALL] [TBUF_STAT] ---------- tbuf used stat ----------
    UB USED: 0x100, Rate: 0.0976562%
[ALL] [TBUF_STAT] ---------- tbuf used stat ----------
[ALL] [TBUF_STAT] ---------- tbuf init stat ----------
    UB USED: 0x600, Rate: 0.585938%
[ALL] [TBUF_STAT] ---------- tbuf init stat ----------
[MEMCHEK][CreateMemRecord] addr: 281472914129168len: 256

### wait_flag((pipe_t)PIPE_V, (pipe_t)PIPE_MTE2, (event_t)3);

[MTE2] [RECV_INST] wait_flag type 4
[MTE2] [EXECUTE] wait_flag type 4
[MTE2] [no wait] on wait_flag 1 4 3
[V] [EVENT_CLEAR] send 1 4 3 has been waited
[ALL] [TBUF_EVENT] ALLOC 0xffff850f8310 0x100 B type UB
[ALL] [TBUF_STAT] ---------- tbuf used stat ----------
    UB USED: 0x200, Rate: 0.195312%
[ALL] [TBUF_STAT] ---------- tbuf used stat ----------
[ALL] [TBUF_STAT] ---------- tbuf init stat ----------
    UB USED: 0x600, Rate: 0.585938%
[ALL] [TBUF_STAT] ---------- tbuf init stat ----------
[MEMCHEK][CreateMemRecord] addr: 281472914129680len: 256

### copy_gm_to_ubuf((__ubuf__ void*)0xffff850f8110, (__gm__ void*)0xffff8c5dcb00, (uint8_t)0, (uint16_t)1, (uint16_t)8, (uint16_t)0, (uint16_t)0);

[MTE2] [RECV_INST] copy_gm_to_ubuf type 0
[MTE2] [EXECUTE] copy_gm_to_ubuf type 0
[MTE2] read  data 0xffff8c5dcb00 0x100 B type GM
[MTE2] [DATA_MARK] 0xffff8c5dcb00 0x100 B type GM mark read
[MTE2] write data 0xffff850f8110 0x100 B type UB
[MTE2] checking pending queue
[MTE2] [CHECK_DATA] 0xffff850f8110 0x100 B type UB
[MTE2] checking wrote queue
[MTE2] [CHECK_DATA] 0xffff850f8110 0x100 B type UB
[MTE2] data matched whole 0xffff850f8010 0x400 stat 1
[MTE2] [CHECK_TBUF] 0xffff850f8110 0x100 B type UB
[MTE2] allocation buffer match result 0
[MEMCHEK] Mem[281472914129168]checkNum is 0

### copy_gm_to_ubuf((__ubuf__ void*)0xffff850f8310, (__gm__ void*)0xffff8c5acb00, (uint8_t)0, (uint16_t)1, (uint16_t)8, (uint16_t)0, (uint16_t)0);

[MTE2] [RECV_INST] copy_gm_to_ubuf type 0
[MTE2] [EXECUTE] copy_gm_to_ubuf type 0
[MTE2] read  data 0xffff8c5acb00 0x100 B type GM
[MTE2] [DATA_MARK] 0xffff8c5acb00 0x100 B type GM mark read
[MTE2] write data 0xffff850f8310 0x100 B type UB
[MTE2] checking pending queue
[MTE2] [CHECK_DATA] 0xffff850f8310 0x100 B type UB
[MTE2] checking wrote queue
[MTE2] [CHECK_DATA] 0xffff850f8310 0x100 B type UB
[MTE2] data matched whole 0xffff850f8010 0x400 stat 1
[MTE2] [CHECK_TBUF] 0xffff850f8310 0x100 B type UB
[MTE2] allocation buffer match result 0
[MEMCHEK] Mem[281472914129680]checkNum is 0

### set_flag((pipe_t)PIPE_MTE2, (pipe_t)PIPE_V, (event_t)0);

[MTE2] [RECV_INST] set_flag type 3
[MTE2] [EXECUTE] set_flag type 3
[MTE2] [SYNC_DATA] 0xffff850f8110 0x100 B type UB
[MTE2] [SYNC_DATA] 0xffff850f8310 0x100 B type UB
[MTE2] [send event] on set_flag 4 1 0
[MTE2] -> [V] [GET_DATA] 0xffff850f8010 0x400 B stat 1 type UB
[MTE2] -> [V] [GET_DATA] 0xffff850f8210 0x200 B stat 1 type UB
[V] [RECV_EVENT] SRC MTE2 DST V EVENT 0
[V] [RECV_DATA] 0xffff850f8010 0x400 B stat 1 type UB
[V] [RECV_DATA] 0xffff850f8210 0x200 B stat 1 type UB
[MEMCHEK] Mem[281472914129168]checkNum is 0

### set_flag((pipe_t)PIPE_MTE2, (pipe_t)PIPE_V, (event_t)1);

[MTE2] [RECV_INST] set_flag type 3
[MTE2] [EXECUTE] set_flag type 3
[MTE2] [send event] on set_flag 4 1 1
[MTE2] -> [V] [GET_DATA] 0xffff850f8010 0x400 B stat 1 type UB
[MTE2] -> [V] [GET_DATA] 0xffff850f8210 0x200 B stat 1 type UB
[V] [RECV_EVENT] SRC MTE2 DST V EVENT 1
[V] [RECV_DATA] 0xffff850f8010 0x400 B stat 1 type UB
[V] [RECV_DATA] 0xffff850f8210 0x200 B stat 1 type UB
[MEMCHEK] Mem[281472914129680]checkNum is 0

### wait_flag((pipe_t)PIPE_MTE2, (pipe_t)PIPE_V, (event_t)0);

[V] [RECV_INST] wait_flag type 4
[V] [EXECUTE] wait_flag type 4
[V] [no wait] on wait_flag 4 1 0
[MTE2] [EVENT_CLEAR] send 4 1 0 has been waited
[MEMCHEK] Mem[281472914129168]checkNum is 0

### wait_flag((pipe_t)PIPE_MTE2, (pipe_t)PIPE_V, (event_t)1);

[V] [RECV_INST] wait_flag type 4
[V] [EXECUTE] wait_flag type 4
[V] [no wait] on wait_flag 4 1 1
[MTE2] [EVENT_CLEAR] send 4 1 1 has been waited
[MEMCHEK] Mem[281472914129680]checkNum is 0

### wait_flag((pipe_t)PIPE_MTE3, (pipe_t)PIPE_V, (event_t)1);

[V] [RECV_INST] wait_flag type 4
[V] [EXECUTE] wait_flag type 4
[V] [no wait] on wait_flag 5 1 1
[MTE3] [EVENT_CLEAR] send 5 1 1 has been waited
[ALL] [TBUF_EVENT] ALLOC 0xffff850f8510 0x100 B type UB
[ALL] [TBUF_STAT] ---------- tbuf used stat ----------
    UB USED: 0x300, Rate: 0.292969%
[ALL] [TBUF_STAT] ---------- tbuf used stat ----------
[ALL] [TBUF_STAT] ---------- tbuf init stat ----------
    UB USED: 0x600, Rate: 0.585938%
[ALL] [TBUF_STAT] ---------- tbuf init stat ----------
[MEMCHEK][CreateMemRecord] addr: 281472914130192len: 256

### set_mask_count();

[set_mask_count] unsupported
[S] [RECV_INST] set_mask_count type 7
[S] [EXECUTE] set_mask_count type 7

### set_vector_mask((uint64_t)0, (uint64_t)128);

[V] [RECV_INST] set_vector_mask type 6
[V] [EXECUTE] set_vector_mask type 6

### vadd((__ubuf__ half*)0xffff850f8510, (__ubuf__ half*)0xffff850f8110, (__ubuf__ half*)0xffff850f8310, (uint8_t)1, (uint8_t)1, (uint8_t)1, (uint8_t)1, (uint8_t)8, (uint8_t)8, (uint8_t)8);

[V] [RECV_INST] vadd type 1
[V] [EXECUTE] vadd type 1
[MEMCHEK] Mem[281472914129168]checkNum is 0
[MEMCHEK] Mem[281472914129680]checkNum is 0
[MEMCHEK] Mem[281472914130192]checkNum is 0
DataMergeAllOnceAll dataLen: 256
[V] read  data 0xffff850f8110 0x100 B type UB
[V] checking synced queue
[V] [CHECK_DATA] 0xffff850f8110 0x100 B type UB
[V] data matched whole 0xffff850f8010 0x600 stat 1
[V] [DATA_MARK] 0xffff850f8110 0x100 B type UB mark read
[V] checking pending queue
[V] [CHECK_DATA] 0xffff850f8110 0x100 B type UB
[V] [CHECK_TBUF] 0xffff850f8110 0x100 B type UB
[V] allocation buffer match result 0
[V] read  data 0xffff850f8310 0x100 B type UB
[V] checking synced queue
[V] [CHECK_DATA] 0xffff850f8310 0x100 B type UB
[V] data matched whole 0xffff850f8010 0x600 stat 1
[V] [DATA_MARK] 0xffff850f8310 0x100 B type UB mark read
[V] [DATA_MARK] 0xffff850f8310 0x100 B type UB mark read
[V] checking pending queue
[V] [CHECK_DATA] 0xffff850f8310 0x100 B type UB
[V] [CHECK_TBUF] 0xffff850f8310 0x100 B type UB
[V] allocation buffer match result 0
[V] write data 0xffff850f8510 0x100 B type UB
[V] checking pending queue
[V] [CHECK_DATA] 0xffff850f8510 0x100 B type UB
[V] checking wrote queue
[V] [CHECK_DATA] 0xffff850f8510 0x100 B type UB
[V] data matched whole 0xffff850f8410 0x200 stat 1
[V] [CHECK_TBUF] 0xffff850f8510 0x100 B type UB
[V] allocation buffer match result 0

### set_mask_norm();

[set_mask_norm] unsupported
[S] [RECV_INST] set_mask_norm type 7
[S] [EXECUTE] set_mask_norm type 7

### set_vector_mask((uint64_t)18446744073709551615, (uint64_t)18446744073709551615);

[V] [RECV_INST] set_vector_mask type 6
[V] [EXECUTE] set_vector_mask type 6

### set_flag((pipe_t)PIPE_V, (pipe_t)PIPE_MTE3, (event_t)0);

[V] [RECV_INST] set_flag type 3
[V] [EXECUTE] set_flag type 3
[V] [SYNC_DATA] 0xffff850f8510 0x100 B type UB
[V] [send event] on set_flag 1 5 0
[V] -> [MTE3] [GET_DATA] 0xffff850f8410 0x200 B stat 1 type UB
[MTE3] [RECV_EVENT] SRC V DST MTE3 EVENT 0
[MTE3] [RECV_DATA] 0xffff850f8410 0x200 B stat 1 type UB
[MEMCHEK] Mem[281472914130192]checkNum is 0

### set_flag((pipe_t)PIPE_V, (pipe_t)PIPE_MTE2, (event_t)2);

[V] [RECV_INST] set_flag type 3
[V] [EXECUTE] set_flag type 3
[V] [send event] on set_flag 1 4 2
[V] -> [MTE2] [GET_DATA] 0xffff850f8410 0x200 B stat 1 type UB
[MTE2] [RECV_EVENT] SRC V DST MTE2 EVENT 2
[MTE2] [RECV_DATA] 0xffff850f8410 0x200 B stat 1 type UB
[ALL] [TBUF_EVENT] FREE 0xffff850f8110 0x100 B type UB
[ALL] [TBUF_STAT] ---------- tbuf used stat ----------
    UB USED: 0x200, Rate: 0.195312%
[ALL] [TBUF_STAT] ---------- tbuf used stat ----------
[ALL] [TBUF_STAT] ---------- tbuf init stat ----------
    UB USED: 0x600, Rate: 0.585938%
[ALL] [TBUF_STAT] ---------- tbuf init stat ----------
[MEMCHEK] Mem[281472914129168]checkNum is 0
[MEMCHEK] Mem[281472914129168] is FREE

### set_flag((pipe_t)PIPE_V, (pipe_t)PIPE_MTE2, (event_t)3);

[V] [RECV_INST] set_flag type 3
[V] [EXECUTE] set_flag type 3
[V] [send event] on set_flag 1 4 3
[V] -> [MTE2] [GET_DATA] 0xffff850f8410 0x200 B stat 1 type UB
[MTE2] [RECV_EVENT] SRC V DST MTE2 EVENT 3
[MTE2] [RECV_DATA] 0xffff850f8410 0x200 B stat 1 type UB
[ALL] [TBUF_EVENT] FREE 0xffff850f8310 0x100 B type UB
[ALL] [TBUF_STAT] ---------- tbuf used stat ----------
    UB USED: 0x100, Rate: 0.0976562%
[ALL] [TBUF_STAT] ---------- tbuf used stat ----------
[ALL] [TBUF_STAT] ---------- tbuf init stat ----------
    UB USED: 0x600, Rate: 0.585938%
[ALL] [TBUF_STAT] ---------- tbuf init stat ----------
[MEMCHEK] Mem[281472914129680]checkNum is 0
[MEMCHEK] Mem[281472914129680] is FREE

### wait_flag((pipe_t)PIPE_V, (pipe_t)PIPE_MTE3, (event_t)0);

[MTE3] [RECV_INST] wait_flag type 4
[MTE3] [EXECUTE] wait_flag type 4
[MTE3] [no wait] on wait_flag 1 5 0
[V] [EVENT_CLEAR] send 1 5 0 has been waited
[MEMCHEK] Mem[281472914130192]checkNum is 0

### copy_ubuf_to_gm((__gm__ void*)0xffff8b91cb00, (__ubuf__ void*)0xffff850f8510, (uint8_t)0, (uint16_t)1, (uint16_t)8, (uint16_t)0, (uint16_t)0);

[MTE3] [RECV_INST] copy_ubuf_to_gm type 0
[MTE3] [EXECUTE] copy_ubuf_to_gm type 0
[MTE3] read  data 0xffff850f8510 0x100 B type UB
[MTE3] checking synced queue
[MTE3] [CHECK_DATA] 0xffff850f8510 0x100 B type UB
[MTE3] data matched whole 0xffff850f8410 0x200 stat 1
[MTE3] [DATA_MARK] 0xffff850f8510 0x100 B type UB mark read
[MTE3] checking pending queue
[MTE3] [CHECK_DATA] 0xffff850f8510 0x100 B type UB
[MTE3] [CHECK_TBUF] 0xffff850f8510 0x100 B type UB
[MTE3] allocation buffer match result 0
[MTE3] write data 0xffff8b91cb00 0x100 B type GM
[MTE3] checking pending queue
[MTE3] [CHECK_DATA] 0xffff8b91cb00 0x100 B type GM
[MTE3] checking wrote queue
[MTE3] [CHECK_DATA] 0xffff8b91cb00 0x100 B type GM
[MTE3] [CHECK_TBUF] 0xffff8b91cb00 0x100 B type GM
[MEMCHEK] Mem[281472914130192]checkNum is 0

### set_flag((pipe_t)PIPE_MTE3, (pipe_t)PIPE_V, (event_t)1);

[MTE3] [RECV_INST] set_flag type 3
[MTE3] [EXECUTE] set_flag type 3
[MTE3] [SYNC_DATA] 0xffff8b91cb00 0x100 B type GM
[MTE3] [send event] on set_flag 5 1 1
[MTE3] -> [V] [GET_DATA] 0xffff8b91c000 0xc00 B stat 1 type GM
[V] [RECV_EVENT] SRC MTE3 DST V EVENT 1
[V] [RECV_DATA] 0xffff8b91c000 0xc00 B stat 1 type GM
[ALL] [TBUF_EVENT] FREE 0xffff850f8510 0x100 B type UB
[ALL] [TBUF_STAT] ---------- tbuf used stat ----------
[ALL] [TBUF_STAT] ---------- tbuf used stat ----------
[ALL] [TBUF_STAT] ---------- tbuf init stat ----------
    UB USED: 0x600, Rate: 0.585938%
[ALL] [TBUF_STAT] ---------- tbuf init stat ----------
[MEMCHEK] Mem[281472914130192]checkNum is 0
[MEMCHEK] Mem[281472914130192] is FREE

### wait_flag((pipe_t)PIPE_V, (pipe_t)PIPE_MTE2, (event_t)0);

[MTE2] [RECV_INST] wait_flag type 4
[MTE2] [EXECUTE] wait_flag type 4
[MTE2] [no wait] on wait_flag 1 4 0
[V] [EVENT_CLEAR] send 1 4 0 has been waited
[ALL] [TBUF_EVENT] ALLOC 0xffff850f8010 0x100 B type UB
[ALL] [TBUF_STAT] ---------- tbuf used stat ----------
    UB USED: 0x100, Rate: 0.0976562%
[ALL] [TBUF_STAT] ---------- tbuf used stat ----------
[ALL] [TBUF_STAT] ---------- tbuf init stat ----------
    UB USED: 0x600, Rate: 0.585938%
[ALL] [TBUF_STAT] ---------- tbuf init stat ----------
[MEMCHEK][CreateMemRecord] addr: 281472914128912len: 256

### wait_flag((pipe_t)PIPE_V, (pipe_t)PIPE_MTE2, (event_t)1);

[MTE2] [RECV_INST] wait_flag type 4
[MTE2] [EXECUTE] wait_flag type 4
[MTE2] [no wait] on wait_flag 1 4 1
[V] [EVENT_CLEAR] send 1 4 1 has been waited
[ALL] [TBUF_EVENT] ALLOC 0xffff850f8210 0x100 B type UB
[ALL] [TBUF_STAT] ---------- tbuf used stat ----------
    UB USED: 0x200, Rate: 0.195312%
[ALL] [TBUF_STAT] ---------- tbuf used stat ----------
[ALL] [TBUF_STAT] ---------- tbuf init stat ----------
    UB USED: 0x600, Rate: 0.585938%
[ALL] [TBUF_STAT] ---------- tbuf init stat ----------
[MEMCHEK][CreateMemRecord] addr: 281472914129424len: 256

### copy_gm_to_ubuf((__ubuf__ void*)0xffff850f8010, (__gm__ void*)0xffff8c5dcc00, (uint8_t)0, (uint16_t)1, (uint16_t)8, (uint16_t)0, (uint16_t)0);

[MTE2] [RECV_INST] copy_gm_to_ubuf type 0
[MTE2] [EXECUTE] copy_gm_to_ubuf type 0
[MTE2] read  data 0xffff8c5dcc00 0x100 B type GM
[MTE2] [DATA_MARK] 0xffff8c5dcc00 0x100 B type GM mark read
[MTE2] write data 0xffff850f8010 0x100 B type UB
[MTE2] checking pending queue
[MTE2] [CHECK_DATA] 0xffff850f8010 0x100 B type UB
[MTE2] checking wrote queue
[MTE2] [CHECK_DATA] 0xffff850f8010 0x100 B type UB
[MTE2] data matched whole 0xffff850f8010 0x400 stat 1
[MTE2] [CHECK_TBUF] 0xffff850f8010 0x100 B type UB
[MTE2] allocation buffer match result 0
[MEMCHEK] Mem[281472914128912]checkNum is 0

### copy_gm_to_ubuf((__ubuf__ void*)0xffff850f8210, (__gm__ void*)0xffff8c5acc00, (uint8_t)0, (uint16_t)1, (uint16_t)8, (uint16_t)0, (uint16_t)0);

[MTE2] [RECV_INST] copy_gm_to_ubuf type 0
[MTE2] [EXECUTE] copy_gm_to_ubuf type 0
[MTE2] read  data 0xffff8c5acc00 0x100 B type GM
[MTE2] [DATA_MARK] 0xffff8c5acc00 0x100 B type GM mark read
[MTE2] write data 0xffff850f8210 0x100 B type UB
[MTE2] checking pending queue
[MTE2] [CHECK_DATA] 0xffff850f8210 0x100 B type UB
[MTE2] checking wrote queue
[MTE2] [CHECK_DATA] 0xffff850f8210 0x100 B type UB
[MTE2] data matched whole 0xffff850f8010 0x400 stat 1
[MTE2] [CHECK_TBUF] 0xffff850f8210 0x100 B type UB
[MTE2] allocation buffer match result 0
[MEMCHEK] Mem[281472914129424]checkNum is 0

### set_flag((pipe_t)PIPE_MTE2, (pipe_t)PIPE_V, (event_t)0);

[MTE2] [RECV_INST] set_flag type 3
[MTE2] [EXECUTE] set_flag type 3
[MTE2] [SYNC_DATA] 0xffff850f8010 0x100 B type UB
[MTE2] [SYNC_DATA] 0xffff850f8210 0x100 B type UB
[MTE2] [send event] on set_flag 4 1 0
[MTE2] -> [V] [GET_DATA] 0xffff850f8010 0x400 B stat 1 type UB
[MTE2] -> [V] [GET_DATA] 0xffff850f8210 0x200 B stat 1 type UB
[V] [RECV_EVENT] SRC MTE2 DST V EVENT 0
[V] [RECV_DATA] 0xffff850f8010 0x400 B stat 1 type UB
[V] [RECV_DATA] 0xffff850f8210 0x200 B stat 1 type UB
[MEMCHEK] Mem[281472914128912]checkNum is 0

### set_flag((pipe_t)PIPE_MTE2, (pipe_t)PIPE_V, (event_t)1);

[MTE2] [RECV_INST] set_flag type 3
[MTE2] [EXECUTE] set_flag type 3
[MTE2] [send event] on set_flag 4 1 1
[MTE2] -> [V] [GET_DATA] 0xffff850f8010 0x400 B stat 1 type UB
[MTE2] -> [V] [GET_DATA] 0xffff850f8210 0x200 B stat 1 type UB
[V] [RECV_EVENT] SRC MTE2 DST V EVENT 1
[V] [RECV_DATA] 0xffff850f8010 0x400 B stat 1 type UB
[V] [RECV_DATA] 0xffff850f8210 0x200 B stat 1 type UB
[MEMCHEK] Mem[281472914129424]checkNum is 0

### wait_flag((pipe_t)PIPE_MTE2, (pipe_t)PIPE_V, (event_t)0);

[V] [RECV_INST] wait_flag type 4
[V] [EXECUTE] wait_flag type 4
[V] [no wait] on wait_flag 4 1 0
[MTE2] [EVENT_CLEAR] send 4 1 0 has been waited
[MEMCHEK] Mem[281472914128912]checkNum is 0

### wait_flag((pipe_t)PIPE_MTE2, (pipe_t)PIPE_V, (event_t)1);

[V] [RECV_INST] wait_flag type 4
[V] [EXECUTE] wait_flag type 4
[V] [no wait] on wait_flag 4 1 1
[MTE2] [EVENT_CLEAR] send 4 1 1 has been waited
[MEMCHEK] Mem[281472914129424]checkNum is 0

### wait_flag((pipe_t)PIPE_MTE3, (pipe_t)PIPE_V, (event_t)0);

[V] [RECV_INST] wait_flag type 4
[V] [EXECUTE] wait_flag type 4
[V] [no wait] on wait_flag 5 1 0
[MTE3] [EVENT_CLEAR] send 5 1 0 has been waited
[ALL] [TBUF_EVENT] ALLOC 0xffff850f8410 0x100 B type UB
[ALL] [TBUF_STAT] ---------- tbuf used stat ----------
    UB USED: 0x300, Rate: 0.292969%
[ALL] [TBUF_STAT] ---------- tbuf used stat ----------
[ALL] [TBUF_STAT] ---------- tbuf init stat ----------
    UB USED: 0x600, Rate: 0.585938%
[ALL] [TBUF_STAT] ---------- tbuf init stat ----------
[MEMCHEK][CreateMemRecord] addr: 281472914129936len: 256

### set_mask_count();

[set_mask_count] unsupported
[S] [RECV_INST] set_mask_count type 7
[S] [EXECUTE] set_mask_count type 7

### set_vector_mask((uint64_t)0, (uint64_t)128);

[V] [RECV_INST] set_vector_mask type 6
[V] [EXECUTE] set_vector_mask type 6

### vadd((__ubuf__ half*)0xffff850f8410, (__ubuf__ half*)0xffff850f8010, (__ubuf__ half*)0xffff850f8210, (uint8_t)1, (uint8_t)1, (uint8_t)1, (uint8_t)1, (uint8_t)8, (uint8_t)8, (uint8_t)8);

[V] [RECV_INST] vadd type 1
[V] [EXECUTE] vadd type 1
[MEMCHEK] Mem[281472914128912]checkNum is 0
[MEMCHEK] Mem[281472914129424]checkNum is 0
[MEMCHEK] Mem[281472914129936]checkNum is 0
DataMergeAllOnceAll dataLen: 256
[V] read  data 0xffff850f8010 0x100 B type UB
[V] checking synced queue
[V] [CHECK_DATA] 0xffff850f8010 0x100 B type UB
[V] data matched whole 0xffff850f8010 0x600 stat 1
[V] [DATA_MARK] 0xffff850f8010 0x100 B type UB mark read
[V] checking pending queue
[V] [CHECK_DATA] 0xffff850f8010 0x100 B type UB
[V] [CHECK_TBUF] 0xffff850f8010 0x100 B type UB
[V] allocation buffer match result 0
[V] read  data 0xffff850f8210 0x100 B type UB
[V] checking synced queue
[V] [CHECK_DATA] 0xffff850f8210 0x100 B type UB
[V] data matched whole 0xffff850f8010 0x600 stat 1
[V] [DATA_MARK] 0xffff850f8210 0x100 B type UB mark read
[V] [DATA_MARK] 0xffff850f8210 0x100 B type UB mark read
[V] checking pending queue
[V] [CHECK_DATA] 0xffff850f8210 0x100 B type UB
[V] [CHECK_TBUF] 0xffff850f8210 0x100 B type UB
[V] allocation buffer match result 0
[V] write data 0xffff850f8410 0x100 B type UB
[V] checking pending queue
[V] [CHECK_DATA] 0xffff850f8410 0x100 B type UB
[V] checking wrote queue
[V] [CHECK_DATA] 0xffff850f8410 0x100 B type UB
[V] data matched whole 0xffff850f8410 0x200 stat 1
[V] [CHECK_TBUF] 0xffff850f8410 0x100 B type UB
[V] allocation buffer match result 0

### set_mask_norm();

[set_mask_norm] unsupported
[S] [RECV_INST] set_mask_norm type 7
[S] [EXECUTE] set_mask_norm type 7

### set_vector_mask((uint64_t)18446744073709551615, (uint64_t)18446744073709551615);

[V] [RECV_INST] set_vector_mask type 6
[V] [EXECUTE] set_vector_mask type 6

### set_flag((pipe_t)PIPE_V, (pipe_t)PIPE_MTE3, (event_t)0);

[V] [RECV_INST] set_flag type 3
[V] [EXECUTE] set_flag type 3
[V] [SYNC_DATA] 0xffff850f8410 0x100 B type UB
[V] [send event] on set_flag 1 5 0
[V] -> [MTE3] [GET_DATA] 0xffff850f8410 0x200 B stat 1 type UB
[MTE3] [RECV_EVENT] SRC V DST MTE3 EVENT 0
[MTE3] [RECV_DATA] 0xffff850f8410 0x200 B stat 1 type UB
[MEMCHEK] Mem[281472914129936]checkNum is 0

### set_flag((pipe_t)PIPE_V, (pipe_t)PIPE_MTE2, (event_t)0);

[V] [RECV_INST] set_flag type 3
[V] [EXECUTE] set_flag type 3
[V] [send event] on set_flag 1 4 0
[V] -> [MTE2] [GET_DATA] 0xffff850f8410 0x200 B stat 1 type UB
[MTE2] [RECV_EVENT] SRC V DST MTE2 EVENT 0
[MTE2] [RECV_DATA] 0xffff850f8410 0x200 B stat 1 type UB
[ALL] [TBUF_EVENT] FREE 0xffff850f8010 0x100 B type UB
[ALL] [TBUF_STAT] ---------- tbuf used stat ----------
    UB USED: 0x200, Rate: 0.195312%
[ALL] [TBUF_STAT] ---------- tbuf used stat ----------
[ALL] [TBUF_STAT] ---------- tbuf init stat ----------
    UB USED: 0x600, Rate: 0.585938%
[ALL] [TBUF_STAT] ---------- tbuf init stat ----------
[MEMCHEK] Mem[281472914128912]checkNum is 0
[MEMCHEK] Mem[281472914128912] is FREE

### set_flag((pipe_t)PIPE_V, (pipe_t)PIPE_MTE2, (event_t)1);

[V] [RECV_INST] set_flag type 3
[V] [EXECUTE] set_flag type 3
[V] [send event] on set_flag 1 4 1
[V] -> [MTE2] [GET_DATA] 0xffff850f8410 0x200 B stat 1 type UB
[MTE2] [RECV_EVENT] SRC V DST MTE2 EVENT 1
[MTE2] [RECV_DATA] 0xffff850f8410 0x200 B stat 1 type UB
[ALL] [TBUF_EVENT] FREE 0xffff850f8210 0x100 B type UB
[ALL] [TBUF_STAT] ---------- tbuf used stat ----------
    UB USED: 0x100, Rate: 0.0976562%
[ALL] [TBUF_STAT] ---------- tbuf used stat ----------
[ALL] [TBUF_STAT] ---------- tbuf init stat ----------
    UB USED: 0x600, Rate: 0.585938%
[ALL] [TBUF_STAT] ---------- tbuf init stat ----------
[MEMCHEK] Mem[281472914129424]checkNum is 0
[MEMCHEK] Mem[281472914129424] is FREE

### wait_flag((pipe_t)PIPE_V, (pipe_t)PIPE_MTE3, (event_t)0);

[MTE3] [RECV_INST] wait_flag type 4
[MTE3] [EXECUTE] wait_flag type 4
[MTE3] [no wait] on wait_flag 1 5 0
[V] [EVENT_CLEAR] send 1 5 0 has been waited
[MEMCHEK] Mem[281472914129936]checkNum is 0

### copy_ubuf_to_gm((__gm__ void*)0xffff8b91cc00, (__ubuf__ void*)0xffff850f8410, (uint8_t)0, (uint16_t)1, (uint16_t)8, (uint16_t)0, (uint16_t)0);

[MTE3] [RECV_INST] copy_ubuf_to_gm type 0
[MTE3] [EXECUTE] copy_ubuf_to_gm type 0
[MTE3] read  data 0xffff850f8410 0x100 B type UB
[MTE3] checking synced queue
[MTE3] [CHECK_DATA] 0xffff850f8410 0x100 B type UB
[MTE3] data matched whole 0xffff850f8410 0x200 stat 1
[MTE3] [DATA_MARK] 0xffff850f8410 0x100 B type UB mark read
[MTE3] checking pending queue
[MTE3] [CHECK_DATA] 0xffff850f8410 0x100 B type UB
[MTE3] [CHECK_TBUF] 0xffff850f8410 0x100 B type UB
[MTE3] allocation buffer match result 0
[MTE3] write data 0xffff8b91cc00 0x100 B type GM
[MTE3] checking pending queue
[MTE3] [CHECK_DATA] 0xffff8b91cc00 0x100 B type GM
[MTE3] checking wrote queue
[MTE3] [CHECK_DATA] 0xffff8b91cc00 0x100 B type GM
[MTE3] [CHECK_TBUF] 0xffff8b91cc00 0x100 B type GM
[MEMCHEK] Mem[281472914129936]checkNum is 0

### set_flag((pipe_t)PIPE_MTE3, (pipe_t)PIPE_V, (event_t)0);

[MTE3] [RECV_INST] set_flag type 3
[MTE3] [EXECUTE] set_flag type 3
[MTE3] [SYNC_DATA] 0xffff8b91cc00 0x100 B type GM
[MTE3] [send event] on set_flag 5 1 0
[MTE3] -> [V] [GET_DATA] 0xffff8b91c000 0xd00 B stat 1 type GM
[V] [RECV_EVENT] SRC MTE3 DST V EVENT 0
[V] [RECV_DATA] 0xffff8b91c000 0xd00 B stat 1 type GM
[ALL] [TBUF_EVENT] FREE 0xffff850f8410 0x100 B type UB
[ALL] [TBUF_STAT] ---------- tbuf used stat ----------
[ALL] [TBUF_STAT] ---------- tbuf used stat ----------
[ALL] [TBUF_STAT] ---------- tbuf init stat ----------
    UB USED: 0x600, Rate: 0.585938%
[ALL] [TBUF_STAT] ---------- tbuf init stat ----------
[MEMCHEK] Mem[281472914129936]checkNum is 0
[MEMCHEK] Mem[281472914129936] is FREE

### wait_flag((pipe_t)PIPE_V, (pipe_t)PIPE_MTE2, (event_t)2);

[MTE2] [RECV_INST] wait_flag type 4
[MTE2] [EXECUTE] wait_flag type 4
[MTE2] [no wait] on wait_flag 1 4 2
[V] [EVENT_CLEAR] send 1 4 2 has been waited
[ALL] [TBUF_EVENT] ALLOC 0xffff850f8110 0x100 B type UB
[ALL] [TBUF_STAT] ---------- tbuf used stat ----------
    UB USED: 0x100, Rate: 0.0976562%
[ALL] [TBUF_STAT] ---------- tbuf used stat ----------
[ALL] [TBUF_STAT] ---------- tbuf init stat ----------
    UB USED: 0x600, Rate: 0.585938%
[ALL] [TBUF_STAT] ---------- tbuf init stat ----------
[MEMCHEK][CreateMemRecord] addr: 281472914129168len: 256

### wait_flag((pipe_t)PIPE_V, (pipe_t)PIPE_MTE2, (event_t)3);

[MTE2] [RECV_INST] wait_flag type 4
[MTE2] [EXECUTE] wait_flag type 4
[MTE2] [no wait] on wait_flag 1 4 3
[V] [EVENT_CLEAR] send 1 4 3 has been waited
[ALL] [TBUF_EVENT] ALLOC 0xffff850f8310 0x100 B type UB
[ALL] [TBUF_STAT] ---------- tbuf used stat ----------
    UB USED: 0x200, Rate: 0.195312%
[ALL] [TBUF_STAT] ---------- tbuf used stat ----------
[ALL] [TBUF_STAT] ---------- tbuf init stat ----------
    UB USED: 0x600, Rate: 0.585938%
[ALL] [TBUF_STAT] ---------- tbuf init stat ----------
[MEMCHEK][CreateMemRecord] addr: 281472914129680len: 256

### copy_gm_to_ubuf((__ubuf__ void*)0xffff850f8110, (__gm__ void*)0xffff8c5dcd00, (uint8_t)0, (uint16_t)1, (uint16_t)8, (uint16_t)0, (uint16_t)0);

[MTE2] [RECV_INST] copy_gm_to_ubuf type 0
[MTE2] [EXECUTE] copy_gm_to_ubuf type 0
[MTE2] read  data 0xffff8c5dcd00 0x100 B type GM
[MTE2] [DATA_MARK] 0xffff8c5dcd00 0x100 B type GM mark read
[MTE2] write data 0xffff850f8110 0x100 B type UB
[MTE2] checking pending queue
[MTE2] [CHECK_DATA] 0xffff850f8110 0x100 B type UB
[MTE2] checking wrote queue
[MTE2] [CHECK_DATA] 0xffff850f8110 0x100 B type UB
[MTE2] data matched whole 0xffff850f8010 0x400 stat 1
[MTE2] [CHECK_TBUF] 0xffff850f8110 0x100 B type UB
[MTE2] allocation buffer match result 0
[MEMCHEK] Mem[281472914129168]checkNum is 0

### copy_gm_to_ubuf((__ubuf__ void*)0xffff850f8310, (__gm__ void*)0xffff8c5acd00, (uint8_t)0, (uint16_t)1, (uint16_t)8, (uint16_t)0, (uint16_t)0);

[MTE2] [RECV_INST] copy_gm_to_ubuf type 0
[MTE2] [EXECUTE] copy_gm_to_ubuf type 0
[MTE2] read  data 0xffff8c5acd00 0x100 B type GM
[MTE2] [DATA_MARK] 0xffff8c5acd00 0x100 B type GM mark read
[MTE2] write data 0xffff850f8310 0x100 B type UB
[MTE2] checking pending queue
[MTE2] [CHECK_DATA] 0xffff850f8310 0x100 B type UB
[MTE2] checking wrote queue
[MTE2] [CHECK_DATA] 0xffff850f8310 0x100 B type UB
[MTE2] data matched whole 0xffff850f8010 0x400 stat 1
[MTE2] [CHECK_TBUF] 0xffff850f8310 0x100 B type UB
[MTE2] allocation buffer match result 0
[MEMCHEK] Mem[281472914129680]checkNum is 0

### set_flag((pipe_t)PIPE_MTE2, (pipe_t)PIPE_V, (event_t)0);

[MTE2] [RECV_INST] set_flag type 3
[MTE2] [EXECUTE] set_flag type 3
[MTE2] [SYNC_DATA] 0xffff850f8110 0x100 B type UB
[MTE2] [SYNC_DATA] 0xffff850f8310 0x100 B type UB
[MTE2] [send event] on set_flag 4 1 0
[MTE2] -> [V] [GET_DATA] 0xffff850f8010 0x400 B stat 1 type UB
[MTE2] -> [V] [GET_DATA] 0xffff850f8210 0x200 B stat 1 type UB
[V] [RECV_EVENT] SRC MTE2 DST V EVENT 0
[V] [RECV_DATA] 0xffff850f8010 0x400 B stat 1 type UB
[V] [RECV_DATA] 0xffff850f8210 0x200 B stat 1 type UB
[MEMCHEK] Mem[281472914129168]checkNum is 0

### set_flag((pipe_t)PIPE_MTE2, (pipe_t)PIPE_V, (event_t)1);

[MTE2] [RECV_INST] set_flag type 3
[MTE2] [EXECUTE] set_flag type 3
[MTE2] [send event] on set_flag 4 1 1
[MTE2] -> [V] [GET_DATA] 0xffff850f8010 0x400 B stat 1 type UB
[MTE2] -> [V] [GET_DATA] 0xffff850f8210 0x200 B stat 1 type UB
[V] [RECV_EVENT] SRC MTE2 DST V EVENT 1
[V] [RECV_DATA] 0xffff850f8010 0x400 B stat 1 type UB
[V] [RECV_DATA] 0xffff850f8210 0x200 B stat 1 type UB
[MEMCHEK] Mem[281472914129680]checkNum is 0

### wait_flag((pipe_t)PIPE_MTE2, (pipe_t)PIPE_V, (event_t)0);

[V] [RECV_INST] wait_flag type 4
[V] [EXECUTE] wait_flag type 4
[V] [no wait] on wait_flag 4 1 0
[MTE2] [EVENT_CLEAR] send 4 1 0 has been waited
[MEMCHEK] Mem[281472914129168]checkNum is 0

### wait_flag((pipe_t)PIPE_MTE2, (pipe_t)PIPE_V, (event_t)1);

[V] [RECV_INST] wait_flag type 4
[V] [EXECUTE] wait_flag type 4
[V] [no wait] on wait_flag 4 1 1
[MTE2] [EVENT_CLEAR] send 4 1 1 has been waited
[MEMCHEK] Mem[281472914129680]checkNum is 0

### wait_flag((pipe_t)PIPE_MTE3, (pipe_t)PIPE_V, (event_t)1);

[V] [RECV_INST] wait_flag type 4
[V] [EXECUTE] wait_flag type 4
[V] [no wait] on wait_flag 5 1 1
[MTE3] [EVENT_CLEAR] send 5 1 1 has been waited
[ALL] [TBUF_EVENT] ALLOC 0xffff850f8510 0x100 B type UB
[ALL] [TBUF_STAT] ---------- tbuf used stat ----------
    UB USED: 0x300, Rate: 0.292969%
[ALL] [TBUF_STAT] ---------- tbuf used stat ----------
[ALL] [TBUF_STAT] ---------- tbuf init stat ----------
    UB USED: 0x600, Rate: 0.585938%
[ALL] [TBUF_STAT] ---------- tbuf init stat ----------
[MEMCHEK][CreateMemRecord] addr: 281472914130192len: 256

### set_mask_count();

[set_mask_count] unsupported
[S] [RECV_INST] set_mask_count type 7
[S] [EXECUTE] set_mask_count type 7

### set_vector_mask((uint64_t)0, (uint64_t)128);

[V] [RECV_INST] set_vector_mask type 6
[V] [EXECUTE] set_vector_mask type 6

### vadd((__ubuf__ half*)0xffff850f8510, (__ubuf__ half*)0xffff850f8110, (__ubuf__ half*)0xffff850f8310, (uint8_t)1, (uint8_t)1, (uint8_t)1, (uint8_t)1, (uint8_t)8, (uint8_t)8, (uint8_t)8);

[V] [RECV_INST] vadd type 1
[V] [EXECUTE] vadd type 1
[MEMCHEK] Mem[281472914129168]checkNum is 0
[MEMCHEK] Mem[281472914129680]checkNum is 0
[MEMCHEK] Mem[281472914130192]checkNum is 0
DataMergeAllOnceAll dataLen: 256
[V] read  data 0xffff850f8110 0x100 B type UB
[V] checking synced queue
[V] [CHECK_DATA] 0xffff850f8110 0x100 B type UB
[V] data matched whole 0xffff850f8010 0x600 stat 1
[V] [DATA_MARK] 0xffff850f8110 0x100 B type UB mark read
[V] checking pending queue
[V] [CHECK_DATA] 0xffff850f8110 0x100 B type UB
[V] [CHECK_TBUF] 0xffff850f8110 0x100 B type UB
[V] allocation buffer match result 0
[V] read  data 0xffff850f8310 0x100 B type UB
[V] checking synced queue
[V] [CHECK_DATA] 0xffff850f8310 0x100 B type UB
[V] data matched whole 0xffff850f8010 0x600 stat 1
[V] [DATA_MARK] 0xffff850f8310 0x100 B type UB mark read
[V] [DATA_MARK] 0xffff850f8310 0x100 B type UB mark read
[V] checking pending queue
[V] [CHECK_DATA] 0xffff850f8310 0x100 B type UB
[V] [CHECK_TBUF] 0xffff850f8310 0x100 B type UB
[V] allocation buffer match result 0
[V] write data 0xffff850f8510 0x100 B type UB
[V] checking pending queue
[V] [CHECK_DATA] 0xffff850f8510 0x100 B type UB
[V] checking wrote queue
[V] [CHECK_DATA] 0xffff850f8510 0x100 B type UB
[V] data matched whole 0xffff850f8410 0x200 stat 1
[V] [CHECK_TBUF] 0xffff850f8510 0x100 B type UB
[V] allocation buffer match result 0

### set_mask_norm();

[set_mask_norm] unsupported
[S] [RECV_INST] set_mask_norm type 7
[S] [EXECUTE] set_mask_norm type 7

### set_vector_mask((uint64_t)18446744073709551615, (uint64_t)18446744073709551615);

[V] [RECV_INST] set_vector_mask type 6
[V] [EXECUTE] set_vector_mask type 6

### set_flag((pipe_t)PIPE_V, (pipe_t)PIPE_MTE3, (event_t)0);

[V] [RECV_INST] set_flag type 3
[V] [EXECUTE] set_flag type 3
[V] [SYNC_DATA] 0xffff850f8510 0x100 B type UB
[V] [send event] on set_flag 1 5 0
[V] -> [MTE3] [GET_DATA] 0xffff850f8410 0x200 B stat 1 type UB
[MTE3] [RECV_EVENT] SRC V DST MTE3 EVENT 0
[MTE3] [RECV_DATA] 0xffff850f8410 0x200 B stat 1 type UB
[MEMCHEK] Mem[281472914130192]checkNum is 0

### set_flag((pipe_t)PIPE_V, (pipe_t)PIPE_MTE2, (event_t)2);

[V] [RECV_INST] set_flag type 3
[V] [EXECUTE] set_flag type 3
[V] [send event] on set_flag 1 4 2
[V] -> [MTE2] [GET_DATA] 0xffff850f8410 0x200 B stat 1 type UB
[MTE2] [RECV_EVENT] SRC V DST MTE2 EVENT 2
[MTE2] [RECV_DATA] 0xffff850f8410 0x200 B stat 1 type UB
[ALL] [TBUF_EVENT] FREE 0xffff850f8110 0x100 B type UB
[ALL] [TBUF_STAT] ---------- tbuf used stat ----------
    UB USED: 0x200, Rate: 0.195312%
[ALL] [TBUF_STAT] ---------- tbuf used stat ----------
[ALL] [TBUF_STAT] ---------- tbuf init stat ----------
    UB USED: 0x600, Rate: 0.585938%
[ALL] [TBUF_STAT] ---------- tbuf init stat ----------
[MEMCHEK] Mem[281472914129168]checkNum is 0
[MEMCHEK] Mem[281472914129168] is FREE

### set_flag((pipe_t)PIPE_V, (pipe_t)PIPE_MTE2, (event_t)3);

[V] [RECV_INST] set_flag type 3
[V] [EXECUTE] set_flag type 3
[V] [send event] on set_flag 1 4 3
[V] -> [MTE2] [GET_DATA] 0xffff850f8410 0x200 B stat 1 type UB
[MTE2] [RECV_EVENT] SRC V DST MTE2 EVENT 3
[MTE2] [RECV_DATA] 0xffff850f8410 0x200 B stat 1 type UB
[ALL] [TBUF_EVENT] FREE 0xffff850f8310 0x100 B type UB
[ALL] [TBUF_STAT] ---------- tbuf used stat ----------
    UB USED: 0x100, Rate: 0.0976562%
[ALL] [TBUF_STAT] ---------- tbuf used stat ----------
[ALL] [TBUF_STAT] ---------- tbuf init stat ----------
    UB USED: 0x600, Rate: 0.585938%
[ALL] [TBUF_STAT] ---------- tbuf init stat ----------
[MEMCHEK] Mem[281472914129680]checkNum is 0
[MEMCHEK] Mem[281472914129680] is FREE

### wait_flag((pipe_t)PIPE_V, (pipe_t)PIPE_MTE3, (event_t)0);

[MTE3] [RECV_INST] wait_flag type 4
[MTE3] [EXECUTE] wait_flag type 4
[MTE3] [no wait] on wait_flag 1 5 0
[V] [EVENT_CLEAR] send 1 5 0 has been waited
[MEMCHEK] Mem[281472914130192]checkNum is 0

### copy_ubuf_to_gm((__gm__ void*)0xffff8b91cd00, (__ubuf__ void*)0xffff850f8510, (uint8_t)0, (uint16_t)1, (uint16_t)8, (uint16_t)0, (uint16_t)0);

[MTE3] [RECV_INST] copy_ubuf_to_gm type 0
[MTE3] [EXECUTE] copy_ubuf_to_gm type 0
[MTE3] read  data 0xffff850f8510 0x100 B type UB
[MTE3] checking synced queue
[MTE3] [CHECK_DATA] 0xffff850f8510 0x100 B type UB
[MTE3] data matched whole 0xffff850f8410 0x200 stat 1
[MTE3] [DATA_MARK] 0xffff850f8510 0x100 B type UB mark read
[MTE3] checking pending queue
[MTE3] [CHECK_DATA] 0xffff850f8510 0x100 B type UB
[MTE3] [CHECK_TBUF] 0xffff850f8510 0x100 B type UB
[MTE3] allocation buffer match result 0
[MTE3] write data 0xffff8b91cd00 0x100 B type GM
[MTE3] checking pending queue
[MTE3] [CHECK_DATA] 0xffff8b91cd00 0x100 B type GM
[MTE3] checking wrote queue
[MTE3] [CHECK_DATA] 0xffff8b91cd00 0x100 B type GM
[MTE3] [CHECK_TBUF] 0xffff8b91cd00 0x100 B type GM
[MEMCHEK] Mem[281472914130192]checkNum is 0

### set_flag((pipe_t)PIPE_MTE3, (pipe_t)PIPE_V, (event_t)1);

[MTE3] [RECV_INST] set_flag type 3
[MTE3] [EXECUTE] set_flag type 3
[MTE3] [SYNC_DATA] 0xffff8b91cd00 0x100 B type GM
[MTE3] [send event] on set_flag 5 1 1
[MTE3] -> [V] [GET_DATA] 0xffff8b91c000 0xe00 B stat 1 type GM
[V] [RECV_EVENT] SRC MTE3 DST V EVENT 1
[V] [RECV_DATA] 0xffff8b91c000 0xe00 B stat 1 type GM
[ALL] [TBUF_EVENT] FREE 0xffff850f8510 0x100 B type UB
[ALL] [TBUF_STAT] ---------- tbuf used stat ----------
[ALL] [TBUF_STAT] ---------- tbuf used stat ----------
[ALL] [TBUF_STAT] ---------- tbuf init stat ----------
    UB USED: 0x600, Rate: 0.585938%
[ALL] [TBUF_STAT] ---------- tbuf init stat ----------
[MEMCHEK] Mem[281472914130192]checkNum is 0
[MEMCHEK] Mem[281472914130192] is FREE

### wait_flag((pipe_t)PIPE_V, (pipe_t)PIPE_MTE2, (event_t)0);

[MTE2] [RECV_INST] wait_flag type 4
[MTE2] [EXECUTE] wait_flag type 4
[MTE2] [no wait] on wait_flag 1 4 0
[V] [EVENT_CLEAR] send 1 4 0 has been waited
[ALL] [TBUF_EVENT] ALLOC 0xffff850f8010 0x100 B type UB
[ALL] [TBUF_STAT] ---------- tbuf used stat ----------
    UB USED: 0x100, Rate: 0.0976562%
[ALL] [TBUF_STAT] ---------- tbuf used stat ----------
[ALL] [TBUF_STAT] ---------- tbuf init stat ----------
    UB USED: 0x600, Rate: 0.585938%
[ALL] [TBUF_STAT] ---------- tbuf init stat ----------
[MEMCHEK][CreateMemRecord] addr: 281472914128912len: 256

### wait_flag((pipe_t)PIPE_V, (pipe_t)PIPE_MTE2, (event_t)1);

[MTE2] [RECV_INST] wait_flag type 4
[MTE2] [EXECUTE] wait_flag type 4
[MTE2] [no wait] on wait_flag 1 4 1
[V] [EVENT_CLEAR] send 1 4 1 has been waited
[ALL] [TBUF_EVENT] ALLOC 0xffff850f8210 0x100 B type UB
[ALL] [TBUF_STAT] ---------- tbuf used stat ----------
    UB USED: 0x200, Rate: 0.195312%
[ALL] [TBUF_STAT] ---------- tbuf used stat ----------
[ALL] [TBUF_STAT] ---------- tbuf init stat ----------
    UB USED: 0x600, Rate: 0.585938%
[ALL] [TBUF_STAT] ---------- tbuf init stat ----------
[MEMCHEK][CreateMemRecord] addr: 281472914129424len: 256

### copy_gm_to_ubuf((__ubuf__ void*)0xffff850f8010, (__gm__ void*)0xffff8c5dce00, (uint8_t)0, (uint16_t)1, (uint16_t)8, (uint16_t)0, (uint16_t)0);

[MTE2] [RECV_INST] copy_gm_to_ubuf type 0
[MTE2] [EXECUTE] copy_gm_to_ubuf type 0
[MTE2] read  data 0xffff8c5dce00 0x100 B type GM
[MTE2] [DATA_MARK] 0xffff8c5dce00 0x100 B type GM mark read
[MTE2] write data 0xffff850f8010 0x100 B type UB
[MTE2] checking pending queue
[MTE2] [CHECK_DATA] 0xffff850f8010 0x100 B type UB
[MTE2] checking wrote queue
[MTE2] [CHECK_DATA] 0xffff850f8010 0x100 B type UB
[MTE2] data matched whole 0xffff850f8010 0x400 stat 1
[MTE2] [CHECK_TBUF] 0xffff850f8010 0x100 B type UB
[MTE2] allocation buffer match result 0
[MEMCHEK] Mem[281472914128912]checkNum is 0

### copy_gm_to_ubuf((__ubuf__ void*)0xffff850f8210, (__gm__ void*)0xffff8c5ace00, (uint8_t)0, (uint16_t)1, (uint16_t)8, (uint16_t)0, (uint16_t)0);

[MTE2] [RECV_INST] copy_gm_to_ubuf type 0
[MTE2] [EXECUTE] copy_gm_to_ubuf type 0
[MTE2] read  data 0xffff8c5ace00 0x100 B type GM
[MTE2] [DATA_MARK] 0xffff8c5ace00 0x100 B type GM mark read
[MTE2] write data 0xffff850f8210 0x100 B type UB
[MTE2] checking pending queue
[MTE2] [CHECK_DATA] 0xffff850f8210 0x100 B type UB
[MTE2] checking wrote queue
[MTE2] [CHECK_DATA] 0xffff850f8210 0x100 B type UB
[MTE2] data matched whole 0xffff850f8010 0x400 stat 1
[MTE2] [CHECK_TBUF] 0xffff850f8210 0x100 B type UB
[MTE2] allocation buffer match result 0
[MEMCHEK] Mem[281472914129424]checkNum is 0

### set_flag((pipe_t)PIPE_MTE2, (pipe_t)PIPE_V, (event_t)0);

[MTE2] [RECV_INST] set_flag type 3
[MTE2] [EXECUTE] set_flag type 3
[MTE2] [SYNC_DATA] 0xffff850f8010 0x100 B type UB
[MTE2] [SYNC_DATA] 0xffff850f8210 0x100 B type UB
[MTE2] [send event] on set_flag 4 1 0
[MTE2] -> [V] [GET_DATA] 0xffff850f8010 0x400 B stat 1 type UB
[MTE2] -> [V] [GET_DATA] 0xffff850f8210 0x200 B stat 1 type UB
[V] [RECV_EVENT] SRC MTE2 DST V EVENT 0
[V] [RECV_DATA] 0xffff850f8010 0x400 B stat 1 type UB
[V] [RECV_DATA] 0xffff850f8210 0x200 B stat 1 type UB
[MEMCHEK] Mem[281472914128912]checkNum is 0

### set_flag((pipe_t)PIPE_MTE2, (pipe_t)PIPE_V, (event_t)1);

[MTE2] [RECV_INST] set_flag type 3
[MTE2] [EXECUTE] set_flag type 3
[MTE2] [send event] on set_flag 4 1 1
[MTE2] -> [V] [GET_DATA] 0xffff850f8010 0x400 B stat 1 type UB
[MTE2] -> [V] [GET_DATA] 0xffff850f8210 0x200 B stat 1 type UB
[V] [RECV_EVENT] SRC MTE2 DST V EVENT 1
[V] [RECV_DATA] 0xffff850f8010 0x400 B stat 1 type UB
[V] [RECV_DATA] 0xffff850f8210 0x200 B stat 1 type UB
[MEMCHEK] Mem[281472914129424]checkNum is 0

### wait_flag((pipe_t)PIPE_MTE2, (pipe_t)PIPE_V, (event_t)0);

[V] [RECV_INST] wait_flag type 4
[V] [EXECUTE] wait_flag type 4
[V] [no wait] on wait_flag 4 1 0
[MTE2] [EVENT_CLEAR] send 4 1 0 has been waited
[MEMCHEK] Mem[281472914128912]checkNum is 0

### wait_flag((pipe_t)PIPE_MTE2, (pipe_t)PIPE_V, (event_t)1);

[V] [RECV_INST] wait_flag type 4
[V] [EXECUTE] wait_flag type 4
[V] [no wait] on wait_flag 4 1 1
[MTE2] [EVENT_CLEAR] send 4 1 1 has been waited
[MEMCHEK] Mem[281472914129424]checkNum is 0

### wait_flag((pipe_t)PIPE_MTE3, (pipe_t)PIPE_V, (event_t)0);

[V] [RECV_INST] wait_flag type 4
[V] [EXECUTE] wait_flag type 4
[V] [no wait] on wait_flag 5 1 0
[MTE3] [EVENT_CLEAR] send 5 1 0 has been waited
[ALL] [TBUF_EVENT] ALLOC 0xffff850f8410 0x100 B type UB
[ALL] [TBUF_STAT] ---------- tbuf used stat ----------
    UB USED: 0x300, Rate: 0.292969%
[ALL] [TBUF_STAT] ---------- tbuf used stat ----------
[ALL] [TBUF_STAT] ---------- tbuf init stat ----------
    UB USED: 0x600, Rate: 0.585938%
[ALL] [TBUF_STAT] ---------- tbuf init stat ----------
[MEMCHEK][CreateMemRecord] addr: 281472914129936len: 256

### set_mask_count();

[set_mask_count] unsupported
[S] [RECV_INST] set_mask_count type 7
[S] [EXECUTE] set_mask_count type 7

### set_vector_mask((uint64_t)0, (uint64_t)128);

[V] [RECV_INST] set_vector_mask type 6
[V] [EXECUTE] set_vector_mask type 6

### vadd((__ubuf__ half*)0xffff850f8410, (__ubuf__ half*)0xffff850f8010, (__ubuf__ half*)0xffff850f8210, (uint8_t)1, (uint8_t)1, (uint8_t)1, (uint8_t)1, (uint8_t)8, (uint8_t)8, (uint8_t)8);

[V] [RECV_INST] vadd type 1
[V] [EXECUTE] vadd type 1
[MEMCHEK] Mem[281472914128912]checkNum is 0
[MEMCHEK] Mem[281472914129424]checkNum is 0
[MEMCHEK] Mem[281472914129936]checkNum is 0
DataMergeAllOnceAll dataLen: 256
[V] read  data 0xffff850f8010 0x100 B type UB
[V] checking synced queue
[V] [CHECK_DATA] 0xffff850f8010 0x100 B type UB
[V] data matched whole 0xffff850f8010 0x600 stat 1
[V] [DATA_MARK] 0xffff850f8010 0x100 B type UB mark read
[V] checking pending queue
[V] [CHECK_DATA] 0xffff850f8010 0x100 B type UB
[V] [CHECK_TBUF] 0xffff850f8010 0x100 B type UB
[V] allocation buffer match result 0
[V] read  data 0xffff850f8210 0x100 B type UB
[V] checking synced queue
[V] [CHECK_DATA] 0xffff850f8210 0x100 B type UB
[V] data matched whole 0xffff850f8010 0x600 stat 1
[V] [DATA_MARK] 0xffff850f8210 0x100 B type UB mark read
[V] [DATA_MARK] 0xffff850f8210 0x100 B type UB mark read
[V] checking pending queue
[V] [CHECK_DATA] 0xffff850f8210 0x100 B type UB
[V] [CHECK_TBUF] 0xffff850f8210 0x100 B type UB
[V] allocation buffer match result 0
[V] write data 0xffff850f8410 0x100 B type UB
[V] checking pending queue
[V] [CHECK_DATA] 0xffff850f8410 0x100 B type UB
[V] checking wrote queue
[V] [CHECK_DATA] 0xffff850f8410 0x100 B type UB
[V] data matched whole 0xffff850f8410 0x200 stat 1
[V] [CHECK_TBUF] 0xffff850f8410 0x100 B type UB
[V] allocation buffer match result 0

### set_mask_norm();

[set_mask_norm] unsupported
[S] [RECV_INST] set_mask_norm type 7
[S] [EXECUTE] set_mask_norm type 7

### set_vector_mask((uint64_t)18446744073709551615, (uint64_t)18446744073709551615);

[V] [RECV_INST] set_vector_mask type 6
[V] [EXECUTE] set_vector_mask type 6

### set_flag((pipe_t)PIPE_V, (pipe_t)PIPE_MTE3, (event_t)0);

[V] [RECV_INST] set_flag type 3
[V] [EXECUTE] set_flag type 3
[V] [SYNC_DATA] 0xffff850f8410 0x100 B type UB
[V] [send event] on set_flag 1 5 0
[V] -> [MTE3] [GET_DATA] 0xffff850f8410 0x200 B stat 1 type UB
[MTE3] [RECV_EVENT] SRC V DST MTE3 EVENT 0
[MTE3] [RECV_DATA] 0xffff850f8410 0x200 B stat 1 type UB
[MEMCHEK] Mem[281472914129936]checkNum is 0

### set_flag((pipe_t)PIPE_V, (pipe_t)PIPE_MTE2, (event_t)0);

[V] [RECV_INST] set_flag type 3
[V] [EXECUTE] set_flag type 3
[V] [send event] on set_flag 1 4 0
[V] -> [MTE2] [GET_DATA] 0xffff850f8410 0x200 B stat 1 type UB
[MTE2] [RECV_EVENT] SRC V DST MTE2 EVENT 0
[MTE2] [RECV_DATA] 0xffff850f8410 0x200 B stat 1 type UB
[ALL] [TBUF_EVENT] FREE 0xffff850f8010 0x100 B type UB
[ALL] [TBUF_STAT] ---------- tbuf used stat ----------
    UB USED: 0x200, Rate: 0.195312%
[ALL] [TBUF_STAT] ---------- tbuf used stat ----------
[ALL] [TBUF_STAT] ---------- tbuf init stat ----------
    UB USED: 0x600, Rate: 0.585938%
[ALL] [TBUF_STAT] ---------- tbuf init stat ----------
[MEMCHEK] Mem[281472914128912]checkNum is 0
[MEMCHEK] Mem[281472914128912] is FREE

### set_flag((pipe_t)PIPE_V, (pipe_t)PIPE_MTE2, (event_t)1);

[V] [RECV_INST] set_flag type 3
[V] [EXECUTE] set_flag type 3
[V] [send event] on set_flag 1 4 1
[V] -> [MTE2] [GET_DATA] 0xffff850f8410 0x200 B stat 1 type UB
[MTE2] [RECV_EVENT] SRC V DST MTE2 EVENT 1
[MTE2] [RECV_DATA] 0xffff850f8410 0x200 B stat 1 type UB
[ALL] [TBUF_EVENT] FREE 0xffff850f8210 0x100 B type UB
[ALL] [TBUF_STAT] ---------- tbuf used stat ----------
    UB USED: 0x100, Rate: 0.0976562%
[ALL] [TBUF_STAT] ---------- tbuf used stat ----------
[ALL] [TBUF_STAT] ---------- tbuf init stat ----------
    UB USED: 0x600, Rate: 0.585938%
[ALL] [TBUF_STAT] ---------- tbuf init stat ----------
[MEMCHEK] Mem[281472914129424]checkNum is 0
[MEMCHEK] Mem[281472914129424] is FREE

### wait_flag((pipe_t)PIPE_V, (pipe_t)PIPE_MTE3, (event_t)0);

[MTE3] [RECV_INST] wait_flag type 4
[MTE3] [EXECUTE] wait_flag type 4
[MTE3] [no wait] on wait_flag 1 5 0
[V] [EVENT_CLEAR] send 1 5 0 has been waited
[MEMCHEK] Mem[281472914129936]checkNum is 0

### copy_ubuf_to_gm((__gm__ void*)0xffff8b91ce00, (__ubuf__ void*)0xffff850f8410, (uint8_t)0, (uint16_t)1, (uint16_t)8, (uint16_t)0, (uint16_t)0);

[MTE3] [RECV_INST] copy_ubuf_to_gm type 0
[MTE3] [EXECUTE] copy_ubuf_to_gm type 0
[MTE3] read  data 0xffff850f8410 0x100 B type UB
[MTE3] checking synced queue
[MTE3] [CHECK_DATA] 0xffff850f8410 0x100 B type UB
[MTE3] data matched whole 0xffff850f8410 0x200 stat 1
[MTE3] [DATA_MARK] 0xffff850f8410 0x100 B type UB mark read
[MTE3] checking pending queue
[MTE3] [CHECK_DATA] 0xffff850f8410 0x100 B type UB
[MTE3] [CHECK_TBUF] 0xffff850f8410 0x100 B type UB
[MTE3] allocation buffer match result 0
[MTE3] write data 0xffff8b91ce00 0x100 B type GM
[MTE3] checking pending queue
[MTE3] [CHECK_DATA] 0xffff8b91ce00 0x100 B type GM
[MTE3] checking wrote queue
[MTE3] [CHECK_DATA] 0xffff8b91ce00 0x100 B type GM
[MTE3] [CHECK_TBUF] 0xffff8b91ce00 0x100 B type GM
[MEMCHEK] Mem[281472914129936]checkNum is 0

### set_flag((pipe_t)PIPE_MTE3, (pipe_t)PIPE_V, (event_t)0);

[MTE3] [RECV_INST] set_flag type 3
[MTE3] [EXECUTE] set_flag type 3
[MTE3] [SYNC_DATA] 0xffff8b91ce00 0x100 B type GM
[MTE3] [send event] on set_flag 5 1 0
[MTE3] -> [V] [GET_DATA] 0xffff8b91c000 0xf00 B stat 1 type GM
[V] [RECV_EVENT] SRC MTE3 DST V EVENT 0
[V] [RECV_DATA] 0xffff8b91c000 0xf00 B stat 1 type GM
[ALL] [TBUF_EVENT] FREE 0xffff850f8410 0x100 B type UB
[ALL] [TBUF_STAT] ---------- tbuf used stat ----------
[ALL] [TBUF_STAT] ---------- tbuf used stat ----------
[ALL] [TBUF_STAT] ---------- tbuf init stat ----------
    UB USED: 0x600, Rate: 0.585938%
[ALL] [TBUF_STAT] ---------- tbuf init stat ----------
[MEMCHEK] Mem[281472914129936]checkNum is 0
[MEMCHEK] Mem[281472914129936] is FREE

### wait_flag((pipe_t)PIPE_V, (pipe_t)PIPE_MTE2, (event_t)2);

[MTE2] [RECV_INST] wait_flag type 4
[MTE2] [EXECUTE] wait_flag type 4
[MTE2] [no wait] on wait_flag 1 4 2
[V] [EVENT_CLEAR] send 1 4 2 has been waited
[ALL] [TBUF_EVENT] ALLOC 0xffff850f8110 0x100 B type UB
[ALL] [TBUF_STAT] ---------- tbuf used stat ----------
    UB USED: 0x100, Rate: 0.0976562%
[ALL] [TBUF_STAT] ---------- tbuf used stat ----------
[ALL] [TBUF_STAT] ---------- tbuf init stat ----------
    UB USED: 0x600, Rate: 0.585938%
[ALL] [TBUF_STAT] ---------- tbuf init stat ----------
[MEMCHEK][CreateMemRecord] addr: 281472914129168len: 256

### wait_flag((pipe_t)PIPE_V, (pipe_t)PIPE_MTE2, (event_t)3);

[MTE2] [RECV_INST] wait_flag type 4
[MTE2] [EXECUTE] wait_flag type 4
[MTE2] [no wait] on wait_flag 1 4 3
[V] [EVENT_CLEAR] send 1 4 3 has been waited
[ALL] [TBUF_EVENT] ALLOC 0xffff850f8310 0x100 B type UB
[ALL] [TBUF_STAT] ---------- tbuf used stat ----------
    UB USED: 0x200, Rate: 0.195312%
[ALL] [TBUF_STAT] ---------- tbuf used stat ----------
[ALL] [TBUF_STAT] ---------- tbuf init stat ----------
    UB USED: 0x600, Rate: 0.585938%
[ALL] [TBUF_STAT] ---------- tbuf init stat ----------
[MEMCHEK][CreateMemRecord] addr: 281472914129680len: 256

### copy_gm_to_ubuf((__ubuf__ void*)0xffff850f8110, (__gm__ void*)0xffff8c5dcf00, (uint8_t)0, (uint16_t)1, (uint16_t)8, (uint16_t)0, (uint16_t)0);

[MTE2] [RECV_INST] copy_gm_to_ubuf type 0
[MTE2] [EXECUTE] copy_gm_to_ubuf type 0
[MTE2] read  data 0xffff8c5dcf00 0x100 B type GM
[MTE2] [DATA_MARK] 0xffff8c5dcf00 0x100 B type GM mark read
[MTE2] write data 0xffff850f8110 0x100 B type UB
[MTE2] checking pending queue
[MTE2] [CHECK_DATA] 0xffff850f8110 0x100 B type UB
[MTE2] checking wrote queue
[MTE2] [CHECK_DATA] 0xffff850f8110 0x100 B type UB
[MTE2] data matched whole 0xffff850f8010 0x400 stat 1
[MTE2] [CHECK_TBUF] 0xffff850f8110 0x100 B type UB
[MTE2] allocation buffer match result 0
[MEMCHEK] Mem[281472914129168]checkNum is 0

### copy_gm_to_ubuf((__ubuf__ void*)0xffff850f8310, (__gm__ void*)0xffff8c5acf00, (uint8_t)0, (uint16_t)1, (uint16_t)8, (uint16_t)0, (uint16_t)0);

[MTE2] [RECV_INST] copy_gm_to_ubuf type 0
[MTE2] [EXECUTE] copy_gm_to_ubuf type 0
[MTE2] read  data 0xffff8c5acf00 0x100 B type GM
[MTE2] [DATA_MARK] 0xffff8c5acf00 0x100 B type GM mark read
[MTE2] write data 0xffff850f8310 0x100 B type UB
[MTE2] checking pending queue
[MTE2] [CHECK_DATA] 0xffff850f8310 0x100 B type UB
[MTE2] checking wrote queue
[MTE2] [CHECK_DATA] 0xffff850f8310 0x100 B type UB
[MTE2] data matched whole 0xffff850f8010 0x400 stat 1
[MTE2] [CHECK_TBUF] 0xffff850f8310 0x100 B type UB
[MTE2] allocation buffer match result 0
[MEMCHEK] Mem[281472914129680]checkNum is 0

### set_flag((pipe_t)PIPE_MTE2, (pipe_t)PIPE_V, (event_t)0);

[MTE2] [RECV_INST] set_flag type 3
[MTE2] [EXECUTE] set_flag type 3
[MTE2] [SYNC_DATA] 0xffff850f8110 0x100 B type UB
[MTE2] [SYNC_DATA] 0xffff850f8310 0x100 B type UB
[MTE2] [send event] on set_flag 4 1 0
[MTE2] -> [V] [GET_DATA] 0xffff850f8010 0x400 B stat 1 type UB
[MTE2] -> [V] [GET_DATA] 0xffff850f8210 0x200 B stat 1 type UB
[V] [RECV_EVENT] SRC MTE2 DST V EVENT 0
[V] [RECV_DATA] 0xffff850f8010 0x400 B stat 1 type UB
[V] [RECV_DATA] 0xffff850f8210 0x200 B stat 1 type UB
[MEMCHEK] Mem[281472914129168]checkNum is 0

### set_flag((pipe_t)PIPE_MTE2, (pipe_t)PIPE_V, (event_t)1);

[MTE2] [RECV_INST] set_flag type 3
[MTE2] [EXECUTE] set_flag type 3
[MTE2] [send event] on set_flag 4 1 1
[MTE2] -> [V] [GET_DATA] 0xffff850f8010 0x400 B stat 1 type UB
[MTE2] -> [V] [GET_DATA] 0xffff850f8210 0x200 B stat 1 type UB
[V] [RECV_EVENT] SRC MTE2 DST V EVENT 1
[V] [RECV_DATA] 0xffff850f8010 0x400 B stat 1 type UB
[V] [RECV_DATA] 0xffff850f8210 0x200 B stat 1 type UB
[MEMCHEK] Mem[281472914129680]checkNum is 0

### wait_flag((pipe_t)PIPE_MTE2, (pipe_t)PIPE_V, (event_t)0);

[V] [RECV_INST] wait_flag type 4
[V] [EXECUTE] wait_flag type 4
[V] [no wait] on wait_flag 4 1 0
[MTE2] [EVENT_CLEAR] send 4 1 0 has been waited
[MEMCHEK] Mem[281472914129168]checkNum is 0

### wait_flag((pipe_t)PIPE_MTE2, (pipe_t)PIPE_V, (event_t)1);

[V] [RECV_INST] wait_flag type 4
[V] [EXECUTE] wait_flag type 4
[V] [no wait] on wait_flag 4 1 1
[MTE2] [EVENT_CLEAR] send 4 1 1 has been waited
[MEMCHEK] Mem[281472914129680]checkNum is 0

### wait_flag((pipe_t)PIPE_MTE3, (pipe_t)PIPE_V, (event_t)1);

[V] [RECV_INST] wait_flag type 4
[V] [EXECUTE] wait_flag type 4
[V] [no wait] on wait_flag 5 1 1
[MTE3] [EVENT_CLEAR] send 5 1 1 has been waited
[ALL] [TBUF_EVENT] ALLOC 0xffff850f8510 0x100 B type UB
[ALL] [TBUF_STAT] ---------- tbuf used stat ----------
    UB USED: 0x300, Rate: 0.292969%
[ALL] [TBUF_STAT] ---------- tbuf used stat ----------
[ALL] [TBUF_STAT] ---------- tbuf init stat ----------
    UB USED: 0x600, Rate: 0.585938%
[ALL] [TBUF_STAT] ---------- tbuf init stat ----------
[MEMCHEK][CreateMemRecord] addr: 281472914130192len: 256

### set_mask_count();

[set_mask_count] unsupported
[S] [RECV_INST] set_mask_count type 7
[S] [EXECUTE] set_mask_count type 7

### set_vector_mask((uint64_t)0, (uint64_t)128);

[V] [RECV_INST] set_vector_mask type 6
[V] [EXECUTE] set_vector_mask type 6

### vadd((__ubuf__ half*)0xffff850f8510, (__ubuf__ half*)0xffff850f8110, (__ubuf__ half*)0xffff850f8310, (uint8_t)1, (uint8_t)1, (uint8_t)1, (uint8_t)1, (uint8_t)8, (uint8_t)8, (uint8_t)8);

[V] [RECV_INST] vadd type 1
[V] [EXECUTE] vadd type 1
[MEMCHEK] Mem[281472914129168]checkNum is 0
[MEMCHEK] Mem[281472914129680]checkNum is 0
[MEMCHEK] Mem[281472914130192]checkNum is 0
DataMergeAllOnceAll dataLen: 256
[V] read  data 0xffff850f8110 0x100 B type UB
[V] checking synced queue
[V] [CHECK_DATA] 0xffff850f8110 0x100 B type UB
[V] data matched whole 0xffff850f8010 0x600 stat 1
[V] [DATA_MARK] 0xffff850f8110 0x100 B type UB mark read
[V] checking pending queue
[V] [CHECK_DATA] 0xffff850f8110 0x100 B type UB
[V] [CHECK_TBUF] 0xffff850f8110 0x100 B type UB
[V] allocation buffer match result 0
[V] read  data 0xffff850f8310 0x100 B type UB
[V] checking synced queue
[V] [CHECK_DATA] 0xffff850f8310 0x100 B type UB
[V] data matched whole 0xffff850f8010 0x600 stat 1
[V] [DATA_MARK] 0xffff850f8310 0x100 B type UB mark read
[V] [DATA_MARK] 0xffff850f8310 0x100 B type UB mark read
[V] checking pending queue
[V] [CHECK_DATA] 0xffff850f8310 0x100 B type UB
[V] [CHECK_TBUF] 0xffff850f8310 0x100 B type UB
[V] allocation buffer match result 0
[V] write data 0xffff850f8510 0x100 B type UB
[V] checking pending queue
[V] [CHECK_DATA] 0xffff850f8510 0x100 B type UB
[V] checking wrote queue
[V] [CHECK_DATA] 0xffff850f8510 0x100 B type UB
[V] data matched whole 0xffff850f8410 0x200 stat 1
[V] [CHECK_TBUF] 0xffff850f8510 0x100 B type UB
[V] allocation buffer match result 0

### set_mask_norm();

[set_mask_norm] unsupported
[S] [RECV_INST] set_mask_norm type 7
[S] [EXECUTE] set_mask_norm type 7

### set_vector_mask((uint64_t)18446744073709551615, (uint64_t)18446744073709551615);

[V] [RECV_INST] set_vector_mask type 6
[V] [EXECUTE] set_vector_mask type 6

### set_flag((pipe_t)PIPE_V, (pipe_t)PIPE_MTE3, (event_t)0);

[V] [RECV_INST] set_flag type 3
[V] [EXECUTE] set_flag type 3
[V] [SYNC_DATA] 0xffff850f8510 0x100 B type UB
[V] [send event] on set_flag 1 5 0
[V] -> [MTE3] [GET_DATA] 0xffff850f8410 0x200 B stat 1 type UB
[MTE3] [RECV_EVENT] SRC V DST MTE3 EVENT 0
[MTE3] [RECV_DATA] 0xffff850f8410 0x200 B stat 1 type UB
[MEMCHEK] Mem[281472914130192]checkNum is 0

### set_flag((pipe_t)PIPE_V, (pipe_t)PIPE_MTE2, (event_t)2);

[V] [RECV_INST] set_flag type 3
[V] [EXECUTE] set_flag type 3
[V] [send event] on set_flag 1 4 2
[V] -> [MTE2] [GET_DATA] 0xffff850f8410 0x200 B stat 1 type UB
[MTE2] [RECV_EVENT] SRC V DST MTE2 EVENT 2
[MTE2] [RECV_DATA] 0xffff850f8410 0x200 B stat 1 type UB
[ALL] [TBUF_EVENT] FREE 0xffff850f8110 0x100 B type UB
[ALL] [TBUF_STAT] ---------- tbuf used stat ----------
    UB USED: 0x200, Rate: 0.195312%
[ALL] [TBUF_STAT] ---------- tbuf used stat ----------
[ALL] [TBUF_STAT] ---------- tbuf init stat ----------
    UB USED: 0x600, Rate: 0.585938%
[ALL] [TBUF_STAT] ---------- tbuf init stat ----------
[MEMCHEK] Mem[281472914129168]checkNum is 0
[MEMCHEK] Mem[281472914129168] is FREE

### set_flag((pipe_t)PIPE_V, (pipe_t)PIPE_MTE2, (event_t)3);

[V] [RECV_INST] set_flag type 3
[V] [EXECUTE] set_flag type 3
[V] [send event] on set_flag 1 4 3
[V] -> [MTE2] [GET_DATA] 0xffff850f8410 0x200 B stat 1 type UB
[MTE2] [RECV_EVENT] SRC V DST MTE2 EVENT 3
[MTE2] [RECV_DATA] 0xffff850f8410 0x200 B stat 1 type UB
[ALL] [TBUF_EVENT] FREE 0xffff850f8310 0x100 B type UB
[ALL] [TBUF_STAT] ---------- tbuf used stat ----------
    UB USED: 0x100, Rate: 0.0976562%
[ALL] [TBUF_STAT] ---------- tbuf used stat ----------
[ALL] [TBUF_STAT] ---------- tbuf init stat ----------
    UB USED: 0x600, Rate: 0.585938%
[ALL] [TBUF_STAT] ---------- tbuf init stat ----------
[MEMCHEK] Mem[281472914129680]checkNum is 0
[MEMCHEK] Mem[281472914129680] is FREE

### wait_flag((pipe_t)PIPE_V, (pipe_t)PIPE_MTE3, (event_t)0);

[MTE3] [RECV_INST] wait_flag type 4
[MTE3] [EXECUTE] wait_flag type 4
[MTE3] [no wait] on wait_flag 1 5 0
[V] [EVENT_CLEAR] send 1 5 0 has been waited
[MEMCHEK] Mem[281472914130192]checkNum is 0

### copy_ubuf_to_gm((__gm__ void*)0xffff8b91cf00, (__ubuf__ void*)0xffff850f8510, (uint8_t)0, (uint16_t)1, (uint16_t)8, (uint16_t)0, (uint16_t)0);

[MTE3] [RECV_INST] copy_ubuf_to_gm type 0
[MTE3] [EXECUTE] copy_ubuf_to_gm type 0
[MTE3] read  data 0xffff850f8510 0x100 B type UB
[MTE3] checking synced queue
[MTE3] [CHECK_DATA] 0xffff850f8510 0x100 B type UB
[MTE3] data matched whole 0xffff850f8410 0x200 stat 1
[MTE3] [DATA_MARK] 0xffff850f8510 0x100 B type UB mark read
[MTE3] checking pending queue
[MTE3] [CHECK_DATA] 0xffff850f8510 0x100 B type UB
[MTE3] [CHECK_TBUF] 0xffff850f8510 0x100 B type UB
[MTE3] allocation buffer match result 0
[MTE3] write data 0xffff8b91cf00 0x100 B type GM
[MTE3] checking pending queue
[MTE3] [CHECK_DATA] 0xffff8b91cf00 0x100 B type GM
[MTE3] checking wrote queue
[MTE3] [CHECK_DATA] 0xffff8b91cf00 0x100 B type GM
[MTE3] [CHECK_TBUF] 0xffff8b91cf00 0x100 B type GM
[MEMCHEK] Mem[281472914130192]checkNum is 0

### set_flag((pipe_t)PIPE_MTE3, (pipe_t)PIPE_V, (event_t)1);

[MTE3] [RECV_INST] set_flag type 3
[MTE3] [EXECUTE] set_flag type 3
[MTE3] [SYNC_DATA] 0xffff8b91cf00 0x100 B type GM
[MTE3] [send event] on set_flag 5 1 1
[MTE3] -> [V] [GET_DATA] 0xffff8b91c000 0x1000 B stat 1 type GM
[V] [RECV_EVENT] SRC MTE3 DST V EVENT 1
[V] [RECV_DATA] 0xffff8b91c000 0x1000 B stat 1 type GM
[ALL] [TBUF_EVENT] FREE 0xffff850f8510 0x100 B type UB
[ALL] [TBUF_STAT] ---------- tbuf used stat ----------
[ALL] [TBUF_STAT] ---------- tbuf used stat ----------
[ALL] [TBUF_STAT] ---------- tbuf init stat ----------
    UB USED: 0x600, Rate: 0.585938%
[ALL] [TBUF_STAT] ---------- tbuf init stat ----------
[MEMCHEK] Mem[281472914130192]checkNum is 0
[MEMCHEK] Mem[281472914130192] is FREE

### wait_flag((pipe_t)PIPE_V, (pipe_t)PIPE_MTE2, (event_t)0);

[MTE2] [RECV_INST] wait_flag type 4
[MTE2] [EXECUTE] wait_flag type 4
[MTE2] [no wait] on wait_flag 1 4 0
[V] [EVENT_CLEAR] send 1 4 0 has been waited

### wait_flag((pipe_t)PIPE_V, (pipe_t)PIPE_MTE2, (event_t)2);

[MTE2] [RECV_INST] wait_flag type 4
[MTE2] [EXECUTE] wait_flag type 4
[MTE2] [no wait] on wait_flag 1 4 2
[V] [EVENT_CLEAR] send 1 4 2 has been waited

### wait_flag((pipe_t)PIPE_V, (pipe_t)PIPE_MTE2, (event_t)1);

[MTE2] [RECV_INST] wait_flag type 4
[MTE2] [EXECUTE] wait_flag type 4
[MTE2] [no wait] on wait_flag 1 4 1
[V] [EVENT_CLEAR] send 1 4 1 has been waited

### wait_flag((pipe_t)PIPE_V, (pipe_t)PIPE_MTE2, (event_t)3);

[MTE2] [RECV_INST] wait_flag type 4
[MTE2] [EXECUTE] wait_flag type 4
[MTE2] [no wait] on wait_flag 1 4 3
[V] [EVENT_CLEAR] send 1 4 3 has been waited

### wait_flag((pipe_t)PIPE_MTE3, (pipe_t)PIPE_V, (event_t)0);

[V] [RECV_INST] wait_flag type 4
[V] [EXECUTE] wait_flag type 4
[V] [no wait] on wait_flag 5 1 0
[MTE3] [EVENT_CLEAR] send 5 1 0 has been waited

### wait_flag((pipe_t)PIPE_MTE3, (pipe_t)PIPE_V, (event_t)1);

[V] [RECV_INST] wait_flag type 4
[V] [EXECUTE] wait_flag type 4
[V] [no wait] on wait_flag 5 1 1
[MTE3] [EVENT_CLEAR] send 5 1 1 has been waited

### pipe_barrier((pipe_t)PIPE_ALL);

[V] -> [ALL] [GET_DATA] 0xffff850f8410 0x200 B stat 1 type UB
[S] [RECV_DATA] 0xffff850f8410 0x200 B stat 1 type UB
[M] [RECV_DATA] 0xffff850f8410 0x200 B stat 1 type UB
[MTE1] [RECV_DATA] 0xffff850f8410 0x200 B stat 1 type UB
[MTE2] [RECV_DATA] 0xffff850f8410 0x200 B stat 1 type UB
[MTE3] [RECV_DATA] 0xffff850f8410 0x200 B stat 1 type UB
[MTE4] [RECV_DATA] 0xffff850f8410 0x200 B stat 1 type UB
[MTE5] [RECV_DATA] 0xffff850f8410 0x200 B stat 1 type UB
[V2] [RECV_DATA] 0xffff850f8410 0x200 B stat 1 type UB
[FIX] [RECV_DATA] 0xffff850f8410 0x200 B stat 1 type UB
[MTE2] -> [ALL] [GET_DATA] 0xffff850f8010 0x400 B stat 1 type UB
[MTE2] -> [ALL] [GET_DATA] 0xffff850f8210 0x200 B stat 1 type UB
[S] [RECV_DATA] 0xffff850f8010 0x400 B stat 1 type UB
[S] [RECV_DATA] 0xffff850f8210 0x200 B stat 1 type UB
[V] [RECV_DATA] 0xffff850f8010 0x400 B stat 1 type UB
[V] [RECV_DATA] 0xffff850f8210 0x200 B stat 1 type UB
[M] [RECV_DATA] 0xffff850f8010 0x400 B stat 1 type UB
[M] [RECV_DATA] 0xffff850f8210 0x200 B stat 1 type UB
[MTE1] [RECV_DATA] 0xffff850f8010 0x400 B stat 1 type UB
[MTE1] [RECV_DATA] 0xffff850f8210 0x200 B stat 1 type UB
[MTE3] [RECV_DATA] 0xffff850f8010 0x400 B stat 1 type UB
[MTE3] [RECV_DATA] 0xffff850f8210 0x200 B stat 1 type UB
[MTE4] [RECV_DATA] 0xffff850f8010 0x400 B stat 1 type UB
[MTE4] [RECV_DATA] 0xffff850f8210 0x200 B stat 1 type UB
[MTE5] [RECV_DATA] 0xffff850f8010 0x400 B stat 1 type UB
[MTE5] [RECV_DATA] 0xffff850f8210 0x200 B stat 1 type UB
[V2] [RECV_DATA] 0xffff850f8010 0x400 B stat 1 type UB
[V2] [RECV_DATA] 0xffff850f8210 0x200 B stat 1 type UB
[FIX] [RECV_DATA] 0xffff850f8010 0x400 B stat 1 type UB
[FIX] [RECV_DATA] 0xffff850f8210 0x200 B stat 1 type UB
[MTE3] -> [ALL] [GET_DATA] 0xffff8b91c000 0x1000 B stat 1 type GM
[S] [RECV_DATA] 0xffff8b91c000 0x1000 B stat 1 type GM
[V] [RECV_DATA] 0xffff8b91c000 0x1000 B stat 1 type GM
[M] [RECV_DATA] 0xffff8b91c000 0x1000 B stat 1 type GM
[MTE1] [RECV_DATA] 0xffff8b91c000 0x1000 B stat 1 type GM
[MTE2] [RECV_DATA] 0xffff8b91c000 0x1000 B stat 1 type GM
[MTE4] [RECV_DATA] 0xffff8b91c000 0x1000 B stat 1 type GM
[MTE5] [RECV_DATA] 0xffff8b91c000 0x1000 B stat 1 type GM
[V2] [RECV_DATA] 0xffff8b91c000 0x1000 B stat 1 type GM
[FIX] [RECV_DATA] 0xffff8b91c000 0x1000 B stat 1 type GM
[S] [STAT] Recv 34 PC 34
[V] [STAT] Recv 145 PC 145
[M] [STAT] Recv 0 PC 0
[MTE1] [STAT] Recv 0 PC 0
[MTE2] [STAT] Recv 96 PC 96
[MTE3] [STAT] Recv 48 PC 48
[ALL] [STAT] Recv 0 PC 0
[ALL] [TBUF_STAT] ---------- tbuf used stat ----------
[ALL] [TBUF_STAT] ---------- tbuf used stat ----------
[ALL] [TBUF_STAT] ---------- tbuf init stat ----------
    UB USED: 0x600, Rate: 0.585938%
[ALL] [TBUF_STAT] ---------- tbuf init stat ----------
[MTE4] [STAT] Recv 0 PC 0
[MTE5] [STAT] Recv 0 PC 0
[V2] [STAT] Recv 0 PC 0
[FIX] [STAT] Recv 0 PC 0
[Executor] [STAT] codes 324
